modelo,entity,doc_id,template,token,pred_type,annt_type,result,f1_r_score
qwen3_14b,participants,lusa_1,ext_exp_temp0.3_nodelim_norole_nocot,militares,,Per,tp,
qwen3_14b,participants,lusa_1,ext_exp_temp0.3_nodelim_norole_nocot,Corotelo,,Pl_civil,tp,
qwen3_14b,participants,lusa_1,ext_exp_temp0.3_nodelim_norole_nocot,GNR,,Org,tp,
qwen3_14b,participants,lusa_1,ext_exp_temp0.3_nodelim_norole_nocot,as pessoas,,Per,tp,
qwen3_14b,participants,lusa_1,ext_exp_temp0.3_nodelim_norole_nocot,concelho de São Brás de Alportel,,Pl_civil,tp,
qwen3_14b,participants,lusa_1,ext_exp_temp0.3_nodelim_norole_nocot,estabelecimento de bebidas,,Fac,tp,
qwen3_14b,participants,lusa_1,ext_exp_temp0.3_nodelim_norole_nocot,o proprietário,,Per,tp,
qwen3_14b,participants,lusa_1,ext_exp_temp0.3_nodelim_norole_nocot,Os militares,,Per,tp,
qwen3_14b,participants,lusa_1,ext_exp_temp0.3_nodelim_norole_nocot,A GNR,,Org,tp,
qwen3_14b,participants,lusa_1,ext_exp_temp0.3_nodelim_norole_nocot,um auto de contraordenação,,Obj,tp,
qwen3_14b,participants,lusa_1,ext_exp_temp0.3_nodelim_norole_nocot,50 pessoas,,,fp,
qwen3_14b,participants,lusa_1,ext_exp_temp0.3_nodelim_norole_nocot,Comando Territorial de Faro da GNR,,,fp,
qwen3_14b,participants,lusa_1,ext_exp_temp0.3_nodelim_norole_nocot,São Brás de Alportel,,,fp,
qwen3_14b,participants,lusa_1,ext_exp_temp0.3_nodelim_norole_nocot,Posto Territorial de São de Alportel,,,fp,
qwen3_14b,participants,lusa_1,ext_exp_temp0.3_nodelim_norole_nocot,a nota,,,fp,
qwen3_14b,participants,lusa_1,ext_exp_temp0.3_nodelim_norole_nocot,um bar,,,fp,
qwen3_14b,participants,lusa_1,ext_exp_temp0.3_nodelim_norole_nocot,cerca de 50 pessoas,,Per,fn,
qwen3_14b,participants,lusa_1,ext_exp_temp0.3_nodelim_norole_nocot,comunicado,,Obj,fn,
qwen3_14b,participants,lusa_1,ext_exp_temp0.3_nodelim_norole_nocot,o Posto Territorial de São de Alportel,,Org,fn,
qwen3_14b,participants,lusa_1,ext_exp_temp0.3_nodelim_norole_nocot,São de Alportel,,Pl_civil,fn,
qwen3_14b,participants,lusa_1,ext_exp_temp0.3_nodelim_norole_nocot,Faro,,Pl_civil,fn,
qwen3_14b,participants,lusa_1,ext_exp_temp0.3_nodelim_norole_nocot,nota,,Obj,fn,
qwen3_14b,participants,lusa_1,ext_exp_temp0.3_nodelim_norole_nocot,normas referentes à pandemia de covid-19,,Other,fn,
qwen3_14b,participants,lusa_1,ext_exp_temp0.3_nodelim_norole_nocot,o Posto Territorial,,Fac,fn,
qwen3_14b,participants,lusa_1,ext_exp_temp0.3_nodelim_norole_nocot,o Comando Territorial,,Org,fn,
qwen3_14b,participants,lusa_1,ext_exp_temp0.3_nodelim_norole_nocot,local,,Loc,fn,
qwen3_14b,participants,lusa_1,ext_exp_temp0.3_nodelim_norole_nocot,bar,,Fac,fn,
qwen3_14b,participants,lusa_1,ext_exp_temp0.3_nodelim_norole_nocot,música ao vivo,,Other,fn,
qwen3_14b,participants,lusa_10,ext_exp_temp0.3_nodelim_norole_nocot,AFP,,Org,tp,
qwen3_14b,participants,lusa_10,ext_exp_temp0.3_nodelim_norole_nocot,várias pessoas,,Per,tp,
qwen3_14b,participants,lusa_10,ext_exp_temp0.3_nodelim_norole_nocot,agência France-Presse,,Org,tp,
qwen3_14b,participants,lusa_10,ext_exp_temp0.3_nodelim_norole_nocot,Manhattan,,Pl_civil,tp,
qwen3_14b,participants,lusa_10,ext_exp_temp0.3_nodelim_norole_nocot,O condutor do automóvel,,Per,tp,
qwen3_14b,participants,lusa_10,ext_exp_temp0.3_nodelim_norole_nocot,Nova Iorque,,Pl_civil,tp,
qwen3_14b,participants,lusa_10,ext_exp_temp0.3_nodelim_norole_nocot,a mesma fonte,,Org,tp,
qwen3_14b,participants,lusa_10,ext_exp_temp0.3_nodelim_norole_nocot,NYPD,,Org,tp,
qwen3_14b,participants,lusa_10,ext_exp_temp0.3_nodelim_norole_nocot,polícia de Nova Iorque,,,fp,
qwen3_14b,participants,lusa_10,ext_exp_temp0.3_nodelim_norole_nocot,"manifestação ""Black Lives Matter""",,,fp,
qwen3_14b,participants,lusa_10,ext_exp_temp0.3_nodelim_norole_nocot,feridos,,,fp,
qwen3_14b,participants,lusa_10,ext_exp_temp0.3_nodelim_norole_nocot,Big Apple,,,fp,
qwen3_14b,participants,lusa_10,ext_exp_temp0.3_nodelim_norole_nocot,hospitais,,,fp,
qwen3_14b,participants,lusa_10,ext_exp_temp0.3_nodelim_norole_nocot,Automóvel,,,fp,
qwen3_14b,participants,lusa_10,ext_exp_temp0.3_nodelim_norole_nocot,a polícia,,Org,fn,
qwen3_14b,participants,lusa_10,ext_exp_temp0.3_nodelim_norole_nocot,os Estados Unidos,,Pl_country,fn,
qwen3_14b,participants,lusa_10,ext_exp_temp0.3_nodelim_norole_nocot,Um automobilista,,Per,fn,
qwen3_14b,participants,lusa_10,ext_exp_temp0.3_nodelim_norole_nocot,Várias corporações de bombeiros,,Org,fn,
qwen3_14b,participants,lusa_10,ext_exp_temp0.3_nodelim_norole_nocot,a 'Big Apple',,Pl_civil,fn,
qwen3_14b,participants,lusa_10,ext_exp_temp0.3_nodelim_norole_nocot,os quais,,Per,fn,
qwen3_14b,participants,lusa_10,ext_exp_temp0.3_nodelim_norole_nocot,o movimento “Black Lives Matter” (“As Vidas Negras Importam”),,Org,fn,
qwen3_14b,participants,lusa_10,ext_exp_temp0.3_nodelim_norole_nocot,vários feridos,,Per,fn,
qwen3_14b,participants,lusa_10,ext_exp_temp0.3_nodelim_norole_nocot,as autoridades,,Org,fn,
qwen3_14b,participants,lusa_10,ext_exp_temp0.3_nodelim_norole_nocot,ambulâncias,,Obj,fn,
qwen3_14b,participants,lusa_10,ext_exp_temp0.3_nodelim_norole_nocot,a polícia de Nova Iorque,,Org,fn,
qwen3_14b,participants,lusa_10,ext_exp_temp0.3_nodelim_norole_nocot,alguns,,Per,fn,
qwen3_14b,participants,lusa_10,ext_exp_temp0.3_nodelim_norole_nocot,o local,,Pl_civil,fn,
qwen3_14b,participants,lusa_10,ext_exp_temp0.3_nodelim_norole_nocot,O porta-voz,,Per,fn,
qwen3_14b,participants,lusa_10,ext_exp_temp0.3_nodelim_norole_nocot,mortos,,Per,fn,
qwen3_14b,participants,lusa_10,ext_exp_temp0.3_nodelim_norole_nocot,Lisboa,,Pl_capital,fn,
qwen3_14b,participants,lusa_10,ext_exp_temp0.3_nodelim_norole_nocot,vários hospitais,,Fac,fn,
qwen3_14b,participants,lusa_101,ext_exp_temp0.3_nodelim_norole_nocot,O homem,,Per,tp,
qwen3_14b,participants,lusa_101,ext_exp_temp0.3_nodelim_norole_nocot,Tribunal de Viana do Castelo,,Org,tp,
qwen3_14b,participants,lusa_101,ext_exp_temp0.3_nodelim_norole_nocot,O Tribunal de Viana do Castelo,,Org,tp,
qwen3_14b,participants,lusa_101,ext_exp_temp0.3_nodelim_norole_nocot,o arguido,,Per,tp,
qwen3_14b,participants,lusa_101,ext_exp_temp0.3_nodelim_norole_nocot,a juiz presidente,,Per,tp,
qwen3_14b,participants,lusa_101,ext_exp_temp0.3_nodelim_norole_nocot,a arma do crime,,Obj,tp,
qwen3_14b,participants,lusa_101,ext_exp_temp0.3_nodelim_norole_nocot,A magistrada,,Per,tp,
qwen3_14b,participants,lusa_101,ext_exp_temp0.3_nodelim_norole_nocot,O coletivo,,Per,tp,
qwen3_14b,participants,lusa_101,ext_exp_temp0.3_nodelim_norole_nocot,um homem de 36 anos,,Per,tp,
qwen3_14b,participants,lusa_101,ext_exp_temp0.3_nodelim_norole_nocot,a prova documental e testemunhal,,Other,tp,
qwen3_14b,participants,lusa_101,ext_exp_temp0.3_nodelim_norole_nocot,outro,,Per,tp,
qwen3_14b,participants,lusa_101,ext_exp_temp0.3_nodelim_norole_nocot,o homem,,Per,tp,
qwen3_14b,participants,lusa_101,ext_exp_temp0.3_nodelim_norole_nocot,homem,,Per,tp,
qwen3_14b,participants,lusa_101,ext_exp_temp0.3_nodelim_norole_nocot,2013,,,fp,
qwen3_14b,participants,lusa_101,ext_exp_temp0.3_nodelim_norole_nocot,a cidade,,,fp,
qwen3_14b,participants,lusa_101,ext_exp_temp0.3_nodelim_norole_nocot,a juiz presidente do coletivo,,,fp,
qwen3_14b,participants,lusa_101,ext_exp_temp0.3_nodelim_norole_nocot,a vítima mortal,,,fp,
qwen3_14b,participants,lusa_101,ext_exp_temp0.3_nodelim_norole_nocot,Viana do Castelo,,,fp,
qwen3_14b,participants,lusa_101,ext_exp_temp0.3_nodelim_norole_nocot,o julgamento,,,fp,
qwen3_14b,participants,lusa_101,ext_exp_temp0.3_nodelim_norole_nocot,a mãe da vítima mortal,,,fp,
qwen3_14b,participants,lusa_101,ext_exp_temp0.3_nodelim_norole_nocot,da vítima mortal,,Per,fn,
qwen3_14b,participants,lusa_101,ext_exp_temp0.3_nodelim_norole_nocot,à mãe,,Per,fn,
qwen3_14b,participants,lusa_101,ext_exp_temp0.3_nodelim_norole_nocot,na sala de audiências,,Loc,fn,
qwen3_14b,participants,lusa_101,ext_exp_temp0.3_nodelim_norole_nocot,do acórdão,,Obj,fn,
qwen3_14b,participants,lusa_101,ext_exp_temp0.3_nodelim_norole_nocot,no valor total,,Other,fn,
qwen3_14b,participants,lusa_101,ext_exp_temp0.3_nodelim_norole_nocot,que,,Per,fn,
qwen3_14b,participants,lusa_101,ext_exp_temp0.3_nodelim_norole_nocot,de 141 mil euros,,Obj,fn,
qwen3_14b,participants,lusa_101,ext_exp_temp0.3_nodelim_norole_nocot,do coletivo,,Per,fn,
qwen3_14b,participants,lusa_101,ext_exp_temp0.3_nodelim_norole_nocot,na cidade,,Loc,fn,
qwen3_14b,participants,lusa_102,ext_exp_temp0.3_nodelim_norole_nocot,outro indivíduo,,Per,tp,
qwen3_14b,participants,lusa_102,ext_exp_temp0.3_nodelim_norole_nocot,à Lusa,,Org,tp,
qwen3_14b,participants,lusa_102,ext_exp_temp0.3_nodelim_norole_nocot,outro transeunte,,Per,tp,
qwen3_14b,participants,lusa_102,ext_exp_temp0.3_nodelim_norole_nocot,O cidadão de 68 anos,,Per,tp,
qwen3_14b,participants,lusa_102,ext_exp_temp0.3_nodelim_norole_nocot,o Hospital de São José,,Loc,tp,
qwen3_14b,participants,lusa_102,ext_exp_temp0.3_nodelim_norole_nocot,Um homem de 68 anos,,Per,tp,
qwen3_14b,participants,lusa_102,ext_exp_temp0.3_nodelim_norole_nocot,o homem,,Per,tp,
qwen3_14b,participants,lusa_102,ext_exp_temp0.3_nodelim_norole_nocot,uma ambulância,,Obj,tp,
qwen3_14b,participants,lusa_102,ext_exp_temp0.3_nodelim_norole_nocot,Homem,,Per,tp,
qwen3_14b,participants,lusa_102,ext_exp_temp0.3_nodelim_norole_nocot,Instituto Nacional de Emergência Médica (INEM),,,fp,
qwen3_14b,participants,lusa_102,ext_exp_temp0.3_nodelim_norole_nocot,Fonte oficial da Polícia Marítima,,,fp,
qwen3_14b,participants,lusa_102,ext_exp_temp0.3_nodelim_norole_nocot,o homem em dificuldades,,,fp,
qwen3_14b,participants,lusa_102,ext_exp_temp0.3_nodelim_norole_nocot,Hospital de São José,,,fp,
qwen3_14b,participants,lusa_102,ext_exp_temp0.3_nodelim_norole_nocot,Rio Tejo,,,fp,
qwen3_14b,participants,lusa_102,ext_exp_temp0.3_nodelim_norole_nocot,nas imediações,,,fp,
qwen3_14b,participants,lusa_102,ext_exp_temp0.3_nodelim_norole_nocot,Cais das Colunas,,,fp,
qwen3_14b,participants,lusa_102,ext_exp_temp0.3_nodelim_norole_nocot,Lisboa,,,fp,
qwen3_14b,participants,lusa_102,ext_exp_temp0.3_nodelim_norole_nocot,onde,,Loc,fn,
qwen3_14b,participants,lusa_102,ext_exp_temp0.3_nodelim_norole_nocot,Fonte oficial,,Per,fn,
qwen3_14b,participants,lusa_102,ext_exp_temp0.3_nodelim_norole_nocot,o Instituto Nacional de Emergência Médica (INEM),,Org,fn,
qwen3_14b,participants,lusa_102,ext_exp_temp0.3_nodelim_norole_nocot,à água,,Nat,fn,
qwen3_14b,participants,lusa_102,ext_exp_temp0.3_nodelim_norole_nocot,que,,Per,fn,
qwen3_14b,participants,lusa_102,ext_exp_temp0.3_nodelim_norole_nocot,o Rio Tejo,,Loc,fn,
qwen3_14b,participants,lusa_102,ext_exp_temp0.3_nodelim_norole_nocot,em Lisboa,,Loc,fn,
qwen3_14b,participants,lusa_102,ext_exp_temp0.3_nodelim_norole_nocot,o local,,Loc,fn,
qwen3_14b,participants,lusa_102,ext_exp_temp0.3_nodelim_norole_nocot,as imediações,,Loc,fn,
qwen3_14b,participants,lusa_102,ext_exp_temp0.3_nodelim_norole_nocot,a Polícia Marítima,,Org,fn,
qwen3_14b,participants,lusa_102,ext_exp_temp0.3_nodelim_norole_nocot,o Cais das Colunas,,Loc,fn,
qwen3_14b,participants,lusa_103,ext_exp_temp0.3_nodelim_norole_nocot,O homem,,Per,tp,
qwen3_14b,participants,lusa_103,ext_exp_temp0.3_nodelim_norole_nocot,uma pessoa,,Per,tp,
qwen3_14b,participants,lusa_103,ext_exp_temp0.3_nodelim_norole_nocot,a Cruz Vermelha local,,Org,tp,
qwen3_14b,participants,lusa_103,ext_exp_temp0.3_nodelim_norole_nocot,homem de 60 anos,,Per,tp,
qwen3_14b,participants,lusa_103,ext_exp_temp0.3_nodelim_norole_nocot,A Polícia Judiciária,,Org,tp,
qwen3_14b,participants,lusa_103,ext_exp_temp0.3_nodelim_norole_nocot,Celorico de Basto,,Loc,tp,
qwen3_14b,participants,lusa_103,ext_exp_temp0.3_nodelim_norole_nocot,os primeiros meios de socorro,,Org,tp,
qwen3_14b,participants,lusa_103,ext_exp_temp0.3_nodelim_norole_nocot,Fonte,,Per,tp,
qwen3_14b,participants,lusa_103,ext_exp_temp0.3_nodelim_norole_nocot,PJ,,Org,tp,
qwen3_14b,participants,lusa_103,ext_exp_temp0.3_nodelim_norole_nocot,um homem de cerca de 60 anos,,Per,tp,
qwen3_14b,participants,lusa_103,ext_exp_temp0.3_nodelim_norole_nocot,a pessoa,,,fp,
qwen3_14b,participants,lusa_103,ext_exp_temp0.3_nodelim_norole_nocot,Instituto Nacional de Emergência Médica (INEM),,,fp,
qwen3_14b,participants,lusa_103,ext_exp_temp0.3_nodelim_norole_nocot,Gandarela,,,fp,
qwen3_14b,participants,lusa_103,ext_exp_temp0.3_nodelim_norole_nocot,Lusa,,,fp,
qwen3_14b,participants,lusa_103,ext_exp_temp0.3_nodelim_norole_nocot,Braga,,,fp,
qwen3_14b,participants,lusa_103,ext_exp_temp0.3_nodelim_norole_nocot,fonte daquela polícia,,,fp,
qwen3_14b,participants,lusa_103,ext_exp_temp0.3_nodelim_norole_nocot,via pública,,,fp,
qwen3_14b,participants,lusa_103,ext_exp_temp0.3_nodelim_norole_nocot,o Instituto Nacional de Emergência Médica (INEM),,Org,fn,
qwen3_14b,participants,lusa_103,ext_exp_temp0.3_nodelim_norole_nocot,em Celorico de Basto,,Loc,fn,
qwen3_14b,participants,lusa_103,ext_exp_temp0.3_nodelim_norole_nocot,em Gandarela,,Loc,fn,
qwen3_14b,participants,lusa_103,ext_exp_temp0.3_nodelim_norole_nocot,o corpo,,Other,fn,
qwen3_14b,participants,lusa_103,ext_exp_temp0.3_nodelim_norole_nocot,à Lusa,,Org,fn,
qwen3_14b,participants,lusa_103,ext_exp_temp0.3_nodelim_norole_nocot,no,,Per,fn,
qwen3_14b,participants,lusa_103,ext_exp_temp0.3_nodelim_norole_nocot,a via pública,,Loc,fn,
qwen3_14b,participants,lusa_103,ext_exp_temp0.3_nodelim_norole_nocot,fonte,,Per,fn,
qwen3_14b,participants,lusa_103,ext_exp_temp0.3_nodelim_norole_nocot,aquela polícia,,Org,fn,
qwen3_14b,participants,lusa_103,ext_exp_temp0.3_nodelim_norole_nocot,o local,,Loc,fn,
qwen3_14b,participants,lusa_103,ext_exp_temp0.3_nodelim_norole_nocot,o distrito de Braga,,Loc,fn,
qwen3_14b,participants,lusa_103,ext_exp_temp0.3_nodelim_norole_nocot,a morgue de Guimarães,,Loc,fn,
qwen3_14b,participants,lusa_103,ext_exp_temp0.3_nodelim_norole_nocot,a Gandarela,,Loc,fn,
qwen3_14b,participants,lusa_103,ext_exp_temp0.3_nodelim_norole_nocot,o concelho de Celorico de Basto,,Loc,fn,
qwen3_14b,participants,lusa_105,ext_exp_temp0.3_nodelim_norole_nocot,um ferido ligeiro,,Per,tp,
qwen3_14b,participants,lusa_105,ext_exp_temp0.3_nodelim_norole_nocot,o braço esquerdo,,Other,tp,
qwen3_14b,participants,lusa_105,ext_exp_temp0.3_nodelim_norole_nocot,Gulpilhares,,Loc,tp,
qwen3_14b,participants,lusa_105,ext_exp_temp0.3_nodelim_norole_nocot,distrito do Porto,,Loc,tp,
qwen3_14b,participants,lusa_105,ext_exp_temp0.3_nodelim_norole_nocot,a Polícia Judiciária,,Org,tp,
qwen3_14b,participants,lusa_105,ext_exp_temp0.3_nodelim_norole_nocot,Vila Nova de Gaia,,Loc,tp,
qwen3_14b,participants,lusa_105,ext_exp_temp0.3_nodelim_norole_nocot,Vila de Gaia,,Loc,tp,
qwen3_14b,participants,lusa_105,ext_exp_temp0.3_nodelim_norole_nocot,Um homem de 31 anos,,Per,tp,
qwen3_14b,participants,lusa_105,ext_exp_temp0.3_nodelim_norole_nocot,fonte policial,,Per,tp,
qwen3_14b,participants,lusa_105,ext_exp_temp0.3_nodelim_norole_nocot,Homem,,Per,tp,
qwen3_14b,participants,lusa_105,ext_exp_temp0.3_nodelim_norole_nocot,autoridades,,,fp,
qwen3_14b,participants,lusa_105,ext_exp_temp0.3_nodelim_norole_nocot,daquele órgão de polícia criminal,,,fp,
qwen3_14b,participants,lusa_105,ext_exp_temp0.3_nodelim_norole_nocot,o autor do disparo,,,fp,
qwen3_14b,participants,lusa_105,ext_exp_temp0.3_nodelim_norole_nocot,fonte desta corporação,,,fp,
qwen3_14b,participants,lusa_105,ext_exp_temp0.3_nodelim_norole_nocot,a vítima,,,fp,
qwen3_14b,participants,lusa_105,ext_exp_temp0.3_nodelim_norole_nocot,bombeiros de Valadares,,,fp,
qwen3_14b,participants,lusa_105,ext_exp_temp0.3_nodelim_norole_nocot,autor do disparo,,,fp,
qwen3_14b,participants,lusa_105,ext_exp_temp0.3_nodelim_norole_nocot,hospital Santos Silva,,,fp,
qwen3_14b,participants,lusa_105,ext_exp_temp0.3_nodelim_norole_nocot,aquele órgão,,Org,fn,
qwen3_14b,participants,lusa_105,ext_exp_temp0.3_nodelim_norole_nocot,às autoridades,,Org,fn,
qwen3_14b,participants,lusa_105,ext_exp_temp0.3_nodelim_norole_nocot,polícia criminal,,Org,fn,
qwen3_14b,participants,lusa_105,ext_exp_temp0.3_nodelim_norole_nocot,esta corporação,,Org,fn,
qwen3_14b,participants,lusa_105,ext_exp_temp0.3_nodelim_norole_nocot,As razões,,Other,fn,
qwen3_14b,participants,lusa_105,ext_exp_temp0.3_nodelim_norole_nocot,A vítima,,Per,fn,
qwen3_14b,participants,lusa_105,ext_exp_temp0.3_nodelim_norole_nocot,fonte,,Per,fn,
qwen3_14b,participants,lusa_105,ext_exp_temp0.3_nodelim_norole_nocot,os bombeiros de Valadares,,Org,fn,
qwen3_14b,participants,lusa_105,ext_exp_temp0.3_nodelim_norole_nocot,autor,,Per,fn,
qwen3_14b,participants,lusa_105,ext_exp_temp0.3_nodelim_norole_nocot,o hospital Santos Silva,,Loc,fn,
qwen3_14b,participants,lusa_105,ext_exp_temp0.3_nodelim_norole_nocot,o autor,,Per,fn,
qwen3_14b,participants,lusa_106,ext_exp_temp0.3_nodelim_norole_nocot,um outro,,Per,tp,
qwen3_14b,participants,lusa_106,ext_exp_temp0.3_nodelim_norole_nocot,à Lusa,,Org,tp,
qwen3_14b,participants,lusa_106,ext_exp_temp0.3_nodelim_norole_nocot,as autoridades,,Org,tp,
qwen3_14b,participants,lusa_106,ext_exp_temp0.3_nodelim_norole_nocot,o município,,Org,tp,
qwen3_14b,participants,lusa_106,ext_exp_temp0.3_nodelim_norole_nocot,um veículo,,Veh,tp,
qwen3_14b,participants,lusa_106,ext_exp_temp0.3_nodelim_norole_nocot,um poste de eletricidade,,Obj,tp,
qwen3_14b,participants,lusa_106,ext_exp_temp0.3_nodelim_norole_nocot,A vítima,,Per,tp,
qwen3_14b,participants,lusa_106,ext_exp_temp0.3_nodelim_norole_nocot,o poste de iluminação,,Obj,tp,
qwen3_14b,participants,lusa_106,ext_exp_temp0.3_nodelim_norole_nocot,a rua,,Pl_civil,tp,
qwen3_14b,participants,lusa_106,ext_exp_temp0.3_nodelim_norole_nocot,um camião,,Veh,tp,
qwen3_14b,participants,lusa_106,ext_exp_temp0.3_nodelim_norole_nocot,umas bombas de gasolina,,Fac,tp,
qwen3_14b,participants,lusa_106,ext_exp_temp0.3_nodelim_norole_nocot,a Câmara do Porto,,Org,tp,
qwen3_14b,participants,lusa_106,ext_exp_temp0.3_nodelim_norole_nocot,o funcionário,,Per,tp,
qwen3_14b,participants,lusa_106,ext_exp_temp0.3_nodelim_norole_nocot,o homem,,Per,tp,
qwen3_14b,participants,lusa_106,ext_exp_temp0.3_nodelim_norole_nocot,A estrutura,,Obj,tp,
qwen3_14b,participants,lusa_106,ext_exp_temp0.3_nodelim_norole_nocot,poste de iluminação,,,fp,
qwen3_14b,participants,lusa_106,ext_exp_temp0.3_nodelim_norole_nocot,a fonte das Relações Públicas do Comando Metropolitano da PSP do Porto,,,fp,
qwen3_14b,participants,lusa_106,ext_exp_temp0.3_nodelim_norole_nocot,Hospital de Santo António,,,fp,
qwen3_14b,participants,lusa_106,ext_exp_temp0.3_nodelim_norole_nocot,Um homem,,,fp,
qwen3_14b,participants,lusa_106,ext_exp_temp0.3_nodelim_norole_nocot,Grua de camião,,,fp,
qwen3_14b,participants,lusa_106,ext_exp_temp0.3_nodelim_norole_nocot,homem de 52 anos,,,fp,
qwen3_14b,participants,lusa_106,ext_exp_temp0.3_nodelim_norole_nocot,o acidente,,,fp,
qwen3_14b,participants,lusa_106,ext_exp_temp0.3_nodelim_norole_nocot,Comando Metropolitano da PSP do Porto,,,fp,
qwen3_14b,participants,lusa_106,ext_exp_temp0.3_nodelim_norole_nocot,a empresa,,,fp,
qwen3_14b,participants,lusa_106,ext_exp_temp0.3_nodelim_norole_nocot,Empresa Municipal de Ambiente do Porto,,,fp,
qwen3_14b,participants,lusa_106,ext_exp_temp0.3_nodelim_norole_nocot,Rua da Constituição,,,fp,
qwen3_14b,participants,lusa_106,ext_exp_temp0.3_nodelim_norole_nocot,a sua família,,,fp,
qwen3_14b,participants,lusa_106,ext_exp_temp0.3_nodelim_norole_nocot,Porto,,,fp,
qwen3_14b,participants,lusa_106,ext_exp_temp0.3_nodelim_norole_nocot,PSP do Porto,,,fp,
qwen3_14b,participants,lusa_106,ext_exp_temp0.3_nodelim_norole_nocot,a grua do camião,,,fp,
qwen3_14b,participants,lusa_106,ext_exp_temp0.3_nodelim_norole_nocot,fonte da PSP,,,fp,
qwen3_14b,participants,lusa_106,ext_exp_temp0.3_nodelim_norole_nocot,a grua,,Obj,fn,
qwen3_14b,participants,lusa_106,ext_exp_temp0.3_nodelim_norole_nocot,o Comando Metropolitano da PSP,,Org,fn,
qwen3_14b,participants,lusa_106,ext_exp_temp0.3_nodelim_norole_nocot,a Empresa Municipal de Ambiente do Porto,,Org,fn,
qwen3_14b,participants,lusa_106,ext_exp_temp0.3_nodelim_norole_nocot,Um homem de 52 anos,,Per,fn,
qwen3_14b,participants,lusa_106,ext_exp_temp0.3_nodelim_norole_nocot,a PSP,,Org,fn,
qwen3_14b,participants,lusa_106,ext_exp_temp0.3_nodelim_norole_nocot,A empresa,,Org,fn,
qwen3_14b,participants,lusa_106,ext_exp_temp0.3_nodelim_norole_nocot,o Comando Metropolitano da PSP do Porto,,Org,fn,
qwen3_14b,participants,lusa_106,ext_exp_temp0.3_nodelim_norole_nocot,o Hospital de Santo António,,Fac,fn,
qwen3_14b,participants,lusa_106,ext_exp_temp0.3_nodelim_norole_nocot,as condolências,,Other,fn,
qwen3_14b,participants,lusa_106,ext_exp_temp0.3_nodelim_norole_nocot,a Rua da Constituição,,Pl_civil,fn,
qwen3_14b,participants,lusa_106,ext_exp_temp0.3_nodelim_norole_nocot,as Relações Públicas,,Org,fn,
qwen3_14b,participants,lusa_106,ext_exp_temp0.3_nodelim_norole_nocot,sua,,Per,fn,
qwen3_14b,participants,lusa_106,ext_exp_temp0.3_nodelim_norole_nocot,que,,Per,fn,
qwen3_14b,participants,lusa_106,ext_exp_temp0.3_nodelim_norole_nocot,o Porto,,Org,fn,
qwen3_14b,participants,lusa_106,ext_exp_temp0.3_nodelim_norole_nocot,fonte,,Per,fn,
qwen3_14b,participants,lusa_106,ext_exp_temp0.3_nodelim_norole_nocot,o camião,,Obj,fn,
qwen3_14b,participants,lusa_106,ext_exp_temp0.3_nodelim_norole_nocot,a Câmara,,Org,fn,
qwen3_14b,participants,lusa_106,ext_exp_temp0.3_nodelim_norole_nocot,a Empresa Municipal de Ambiente,,Org,fn,
qwen3_14b,participants,lusa_106,ext_exp_temp0.3_nodelim_norole_nocot,família,,Per,fn,
qwen3_14b,participants,lusa_106,ext_exp_temp0.3_nodelim_norole_nocot,a fonte,,Per,fn,
qwen3_14b,participants,lusa_107,ext_exp_temp0.3_nodelim_norole_nocot,os bombeiros de Leixões,,Org,tp,
qwen3_14b,participants,lusa_107,ext_exp_temp0.3_nodelim_norole_nocot,telhado,,Other,tp,
qwen3_14b,participants,lusa_107,ext_exp_temp0.3_nodelim_norole_nocot,o homem,,Per,tp,
qwen3_14b,participants,lusa_107,ext_exp_temp0.3_nodelim_norole_nocot,à Lusa,,Org,tp,
qwen3_14b,participants,lusa_107,ext_exp_temp0.3_nodelim_norole_nocot,Homem de 60 anos,,Per,tp,
qwen3_14b,participants,lusa_107,ext_exp_temp0.3_nodelim_norole_nocot,fonte,,Per,tp,
qwen3_14b,participants,lusa_107,ext_exp_temp0.3_nodelim_norole_nocot,No local,,Loc,tp,
qwen3_14b,participants,lusa_107,ext_exp_temp0.3_nodelim_norole_nocot,Um homem de 60,,Per,tp,
qwen3_14b,participants,lusa_107,ext_exp_temp0.3_nodelim_norole_nocot,a fonte,,Per,tp,
qwen3_14b,participants,lusa_107,ext_exp_temp0.3_nodelim_norole_nocot,telhado da sua habitação,,,fp,
qwen3_14b,participants,lusa_107,ext_exp_temp0.3_nodelim_norole_nocot,PSP,,,fp,
qwen3_14b,participants,lusa_107,ext_exp_temp0.3_nodelim_norole_nocot,Lusa,,,fp,
qwen3_14b,participants,lusa_107,ext_exp_temp0.3_nodelim_norole_nocot,distrito do Porto,,,fp,
qwen3_14b,participants,lusa_107,ext_exp_temp0.3_nodelim_norole_nocot,Matosinhos,,,fp,
qwen3_14b,participants,lusa_107,ext_exp_temp0.3_nodelim_norole_nocot,Rua Augusto Gil,,,fp,
qwen3_14b,participants,lusa_107,ext_exp_temp0.3_nodelim_norole_nocot,fonte da PSP,,,fp,
qwen3_14b,participants,lusa_107,ext_exp_temp0.3_nodelim_norole_nocot,sua,,Per,fn,
qwen3_14b,participants,lusa_107,ext_exp_temp0.3_nodelim_norole_nocot,que,,Other,fn,
qwen3_14b,participants,lusa_107,ext_exp_temp0.3_nodelim_norole_nocot,a PSP,,Org,fn,
qwen3_14b,participants,lusa_107,ext_exp_temp0.3_nodelim_norole_nocot,em Matosinhos,,Loc,fn,
qwen3_14b,participants,lusa_107,ext_exp_temp0.3_nodelim_norole_nocot,o telhado,,Other,fn,
qwen3_14b,participants,lusa_107,ext_exp_temp0.3_nodelim_norole_nocot,a Rua Augusto Gil,,Loc,fn,
qwen3_14b,participants,lusa_107,ext_exp_temp0.3_nodelim_norole_nocot,no distrito do Porto,,Loc,fn,
qwen3_14b,participants,lusa_107,ext_exp_temp0.3_nodelim_norole_nocot,habitação,,Other,fn,
qwen3_14b,participants,lusa_107,ext_exp_temp0.3_nodelim_norole_nocot,uma altura de sete metros,,Other,fn,
qwen3_14b,participants,lusa_108,ext_exp_temp0.3_nodelim_norole_nocot,Um homem,,Per,tp,
qwen3_14b,participants,lusa_108,ext_exp_temp0.3_nodelim_norole_nocot,duas pessoas,,Per,tp,
qwen3_14b,participants,lusa_108,ext_exp_temp0.3_nodelim_norole_nocot,arma de fogo,,Obj,tp,
qwen3_14b,participants,lusa_108,ext_exp_temp0.3_nodelim_norole_nocot,a outra,,Per,tp,
qwen3_14b,participants,lusa_108,ext_exp_temp0.3_nodelim_norole_nocot,uma,,Per,tp,
qwen3_14b,participants,lusa_108,ext_exp_temp0.3_nodelim_norole_nocot,Algueirão-Mem Martins,,Loc,tp,
qwen3_14b,participants,lusa_108,ext_exp_temp0.3_nodelim_norole_nocot,a PSP,,Org,tp,
qwen3_14b,participants,lusa_108,ext_exp_temp0.3_nodelim_norole_nocot,fonte,,Per,tp,
qwen3_14b,participants,lusa_108,ext_exp_temp0.3_nodelim_norole_nocot,as vítimas,,Per,tp,
qwen3_14b,participants,lusa_108,ext_exp_temp0.3_nodelim_norole_nocot,Sintra,,Loc,tp,
qwen3_14b,participants,lusa_108,ext_exp_temp0.3_nodelim_norole_nocot,outro,,Per,tp,
qwen3_14b,participants,lusa_108,ext_exp_temp0.3_nodelim_norole_nocot,Mem Martins,,Loc,tp,
qwen3_14b,participants,lusa_108,ext_exp_temp0.3_nodelim_norole_nocot,Homem,,Per,tp,
qwen3_14b,participants,lusa_108,ext_exp_temp0.3_nodelim_norole_nocot,Amadora-Sintra,,,fp,
qwen3_14b,participants,lusa_108,ext_exp_temp0.3_nodelim_norole_nocot,Cometlis,,,fp,
qwen3_14b,participants,lusa_108,ext_exp_temp0.3_nodelim_norole_nocot,Estrada de Mem Martins,,,fp,
qwen3_14b,participants,lusa_108,ext_exp_temp0.3_nodelim_norole_nocot,Comando Metropolitano de Lisboa,,,fp,
qwen3_14b,participants,lusa_108,ext_exp_temp0.3_nodelim_norole_nocot,agência Lusa,,,fp,
qwen3_14b,participants,lusa_108,ext_exp_temp0.3_nodelim_norole_nocot,Hospital Professor Doutor Fernando Fonseca,,,fp,
qwen3_14b,participants,lusa_108,ext_exp_temp0.3_nodelim_norole_nocot,Lisboa,,,fp,
qwen3_14b,participants,lusa_108,ext_exp_temp0.3_nodelim_norole_nocot,onde,,Loc,fn,
qwen3_14b,participants,lusa_108,ext_exp_temp0.3_nodelim_norole_nocot,o Comando Metropolitano de Lisboa (Cometlis),,Org,fn,
qwen3_14b,participants,lusa_108,ext_exp_temp0.3_nodelim_norole_nocot,a Estrada,,Loc,fn,
qwen3_14b,participants,lusa_108,ext_exp_temp0.3_nodelim_norole_nocot,à agência Lusa,,Org,fn,
qwen3_14b,participants,lusa_108,ext_exp_temp0.3_nodelim_norole_nocot,o distrito de Lisboa,,Loc,fn,
qwen3_14b,participants,lusa_108,ext_exp_temp0.3_nodelim_norole_nocot,mais pormenores,,Other,fn,
qwen3_14b,participants,lusa_108,ext_exp_temp0.3_nodelim_norole_nocot,a Polícia Judiciária (PJ),,Org,fn,
qwen3_14b,participants,lusa_108,ext_exp_temp0.3_nodelim_norole_nocot,o local,,Loc,fn,
qwen3_14b,participants,lusa_108,ext_exp_temp0.3_nodelim_norole_nocot,o Cometlis,,Org,fn,
qwen3_14b,participants,lusa_108,ext_exp_temp0.3_nodelim_norole_nocot,maneira,,Other,fn,
qwen3_14b,participants,lusa_108,ext_exp_temp0.3_nodelim_norole_nocot,o Hospital Professor Doutor Fernando Fonseca (Amadora-Sintra),,Loc,fn,
qwen3_14b,participants,lusa_109,ext_exp_temp0.3_nodelim_norole_nocot,O homem,,Per,tp,
qwen3_14b,participants,lusa_109,ext_exp_temp0.3_nodelim_norole_nocot,Os Bombeiros de Felgueiras,,Org,tp,
qwen3_14b,participants,lusa_109,ext_exp_temp0.3_nodelim_norole_nocot,o comandante Júlio Pereira,,Per,tp,
qwen3_14b,participants,lusa_109,ext_exp_temp0.3_nodelim_norole_nocot,a viatura de resgate em grande ângulo,,Obj,tp,
qwen3_14b,participants,lusa_109,ext_exp_temp0.3_nodelim_norole_nocot,a viatura de desencarceramento,,Obj,tp,
qwen3_14b,participants,lusa_109,ext_exp_temp0.3_nodelim_norole_nocot,árvore,,Nat,tp,
qwen3_14b,participants,lusa_109,ext_exp_temp0.3_nodelim_norole_nocot,a árvore,,Nat,tp,
qwen3_14b,participants,lusa_109,ext_exp_temp0.3_nodelim_norole_nocot,Lusa,,Org,tp,
qwen3_14b,participants,lusa_109,ext_exp_temp0.3_nodelim_norole_nocot,A vítima,,Per,tp,
qwen3_14b,participants,lusa_109,ext_exp_temp0.3_nodelim_norole_nocot,a ravina,,Nat,tp,
qwen3_14b,participants,lusa_109,ext_exp_temp0.3_nodelim_norole_nocot,a vítima,,Per,tp,
qwen3_14b,participants,lusa_109,ext_exp_temp0.3_nodelim_norole_nocot,a corporação de Felgueiras,,Org,tp,
qwen3_14b,participants,lusa_109,ext_exp_temp0.3_nodelim_norole_nocot,Um homem de 31 anos,,Per,tp,
qwen3_14b,participants,lusa_109,ext_exp_temp0.3_nodelim_norole_nocot,uma árvore,,Nat,tp,
qwen3_14b,participants,lusa_109,ext_exp_temp0.3_nodelim_norole_nocot,a fonte,,Per,tp,
qwen3_14b,participants,lusa_109,ext_exp_temp0.3_nodelim_norole_nocot,uma ambulância,,Obj,tp,
qwen3_14b,participants,lusa_109,ext_exp_temp0.3_nodelim_norole_nocot,Homem,,Per,tp,
qwen3_14b,participants,lusa_109,ext_exp_temp0.3_nodelim_norole_nocot,equipa de grande ângulo da corporação,,,fp,
qwen3_14b,participants,lusa_109,ext_exp_temp0.3_nodelim_norole_nocot,concelho de Felgueiras,,,fp,
qwen3_14b,participants,lusa_109,ext_exp_temp0.3_nodelim_norole_nocot,equipa da Viatura Médica de Emergência e Reanimação (VMER),,,fp,
qwen3_14b,participants,lusa_109,ext_exp_temp0.3_nodelim_norole_nocot,fonte dos bombeiros,,,fp,
qwen3_14b,participants,lusa_109,ext_exp_temp0.3_nodelim_norole_nocot,Regilde,,,fp,
qwen3_14b,participants,lusa_109,ext_exp_temp0.3_nodelim_norole_nocot,Felgueiras,,,fp,
qwen3_14b,participants,lusa_109,ext_exp_temp0.3_nodelim_norole_nocot,Hospital de Guimarães,,,fp,
qwen3_14b,participants,lusa_109,ext_exp_temp0.3_nodelim_norole_nocot,Vizela,,,fp,
qwen3_14b,participants,lusa_109,ext_exp_temp0.3_nodelim_norole_nocot,ravina,,,fp,
qwen3_14b,participants,lusa_109,ext_exp_temp0.3_nodelim_norole_nocot,Vale do Sousa,,,fp,
qwen3_14b,participants,lusa_109,ext_exp_temp0.3_nodelim_norole_nocot,em Regilde,,Loc,fn,
qwen3_14b,participants,lusa_109,ext_exp_temp0.3_nodelim_norole_nocot,em Felgueiras,,Loc,fn,
qwen3_14b,participants,lusa_109,ext_exp_temp0.3_nodelim_norole_nocot,os bombeiros,,Org,fn,
qwen3_14b,participants,lusa_109,ext_exp_temp0.3_nodelim_norole_nocot,a Viatura Médica de Emergência e Reanimação (VMER) do Vale do Sousa,,Org,fn,
qwen3_14b,participants,lusa_109,ext_exp_temp0.3_nodelim_norole_nocot,em Vizela,,Loc,fn,
qwen3_14b,participants,lusa_109,ext_exp_temp0.3_nodelim_norole_nocot,a corporação,,Org,fn,
qwen3_14b,participants,lusa_109,ext_exp_temp0.3_nodelim_norole_nocot,fonte,,Per,fn,
qwen3_14b,participants,lusa_109,ext_exp_temp0.3_nodelim_norole_nocot,uma ravina com cerca de sete metros,,Nat,fn,
qwen3_14b,participants,lusa_109,ext_exp_temp0.3_nodelim_norole_nocot,o Hospital de Guimarães,,Loc,fn,
qwen3_14b,participants,lusa_109,ext_exp_temp0.3_nodelim_norole_nocot,a equipa,,Per,fn,
qwen3_14b,participants,lusa_109,ext_exp_temp0.3_nodelim_norole_nocot,no local,,Loc,fn,
qwen3_14b,participants,lusa_109,ext_exp_temp0.3_nodelim_norole_nocot,o local,,Loc,fn,
qwen3_14b,participants,lusa_109,ext_exp_temp0.3_nodelim_norole_nocot,no concelho de Felgueiras,,Loc,fn,
qwen3_14b,participants,lusa_109,ext_exp_temp0.3_nodelim_norole_nocot,A GNR,,Org,fn,
qwen3_14b,participants,lusa_109,ext_exp_temp0.3_nodelim_norole_nocot,a equipa de grande ângulo,,Per,fn,
qwen3_14b,participants,lusa_110,ext_exp_temp0.3_nodelim_norole_nocot,o quarto,,Loc,tp,
qwen3_14b,participants,lusa_110,ext_exp_temp0.3_nodelim_norole_nocot,Um homem,,Per,tp,
qwen3_14b,participants,lusa_110,ext_exp_temp0.3_nodelim_norole_nocot,Lusa,,Org,tp,
qwen3_14b,participants,lusa_110,ext_exp_temp0.3_nodelim_norole_nocot,A vítima,,Per,tp,
qwen3_14b,participants,lusa_110,ext_exp_temp0.3_nodelim_norole_nocot,a corporação,,Org,tp,
qwen3_14b,participants,lusa_110,ext_exp_temp0.3_nodelim_norole_nocot,fonte,,Per,tp,
qwen3_14b,participants,lusa_110,ext_exp_temp0.3_nodelim_norole_nocot,Ricardo Nascimento,,Per,tp,
qwen3_14b,participants,lusa_110,ext_exp_temp0.3_nodelim_norole_nocot,a vítima,,Per,tp,
qwen3_14b,participants,lusa_110,ext_exp_temp0.3_nodelim_norole_nocot,habitação,,Loc,tp,
qwen3_14b,participants,lusa_110,ext_exp_temp0.3_nodelim_norole_nocot,a mesma fonte,,Per,tp,
qwen3_14b,participants,lusa_110,ext_exp_temp0.3_nodelim_norole_nocot,um homem na casa dos 70 anos,,Per,tp,
qwen3_14b,participants,lusa_110,ext_exp_temp0.3_nodelim_norole_nocot,o fogo,,Nat,tp,
qwen3_14b,participants,lusa_110,ext_exp_temp0.3_nodelim_norole_nocot,o homem,,Per,tp,
qwen3_14b,participants,lusa_110,ext_exp_temp0.3_nodelim_norole_nocot,um quarto de dormir,,Loc,tp,
qwen3_14b,participants,lusa_110,ext_exp_temp0.3_nodelim_norole_nocot,Homem,,Per,tp,
qwen3_14b,participants,lusa_110,ext_exp_temp0.3_nodelim_norole_nocot,Roberto Gonçalves,,Per,tp,
qwen3_14b,participants,lusa_110,ext_exp_temp0.3_nodelim_norole_nocot,o incêndio,,,fp,
qwen3_14b,participants,lusa_110,ext_exp_temp0.3_nodelim_norole_nocot,chefe de serviço da corporação,,,fp,
qwen3_14b,participants,lusa_110,ext_exp_temp0.3_nodelim_norole_nocot,hall de entrada da habitação,,,fp,
qwen3_14b,participants,lusa_110,ext_exp_temp0.3_nodelim_norole_nocot,Ribeira Brava,,,fp,
qwen3_14b,participants,lusa_110,ext_exp_temp0.3_nodelim_norole_nocot,corporação dos Bombeiros Voluntários da Ribeira Brava e Ponta do Sol,,,fp,
qwen3_14b,participants,lusa_110,ext_exp_temp0.3_nodelim_norole_nocot,à Lusa,,,fp,
qwen3_14b,participants,lusa_110,ext_exp_temp0.3_nodelim_norole_nocot,O presidente da Câmara Municipal da Ribeira Brava,,,fp,
qwen3_14b,participants,lusa_110,ext_exp_temp0.3_nodelim_norole_nocot,Ponta do Sol,,,fp,
qwen3_14b,participants,lusa_110,ext_exp_temp0.3_nodelim_norole_nocot,corporação,,,fp,
qwen3_14b,participants,lusa_110,ext_exp_temp0.3_nodelim_norole_nocot,os elementos da corporação,,,fp,
qwen3_14b,participants,lusa_110,ext_exp_temp0.3_nodelim_norole_nocot,concelho da Ribeira Brava,,,fp,
qwen3_14b,participants,lusa_110,ext_exp_temp0.3_nodelim_norole_nocot,dos bombeiros da localidade,,,fp,
qwen3_14b,participants,lusa_110,ext_exp_temp0.3_nodelim_norole_nocot,zona oeste,,,fp,
qwen3_14b,participants,lusa_110,ext_exp_temp0.3_nodelim_norole_nocot,Madeira,,,fp,
qwen3_14b,participants,lusa_110,ext_exp_temp0.3_nodelim_norole_nocot,incêndio,,,fp,
qwen3_14b,participants,lusa_110,ext_exp_temp0.3_nodelim_norole_nocot,as forças policiais,,,fp,
qwen3_14b,participants,lusa_110,ext_exp_temp0.3_nodelim_norole_nocot,sinais,,Other,fn,
qwen3_14b,participants,lusa_110,ext_exp_temp0.3_nodelim_norole_nocot,as chamas,,Nat,fn,
qwen3_14b,participants,lusa_110,ext_exp_temp0.3_nodelim_norole_nocot,s forças policiais,,Org,fn,
qwen3_14b,participants,lusa_110,ext_exp_temp0.3_nodelim_norole_nocot,onde,,Loc,fn,
qwen3_14b,participants,lusa_110,ext_exp_temp0.3_nodelim_norole_nocot,a zona oeste da Madeira,,Loc,fn,
qwen3_14b,participants,lusa_110,ext_exp_temp0.3_nodelim_norole_nocot,O presidente,,Per,fn,
qwen3_14b,participants,lusa_110,ext_exp_temp0.3_nodelim_norole_nocot,fumo,,Nat,fn,
qwen3_14b,participants,lusa_110,ext_exp_temp0.3_nodelim_norole_nocot,a corporação dos Bombeiros Voluntários da Ribeira Brava e Ponta do Sol,,Org,fn,
qwen3_14b,participants,lusa_110,ext_exp_temp0.3_nodelim_norole_nocot,os bombeiros,,Org,fn,
qwen3_14b,participants,lusa_110,ext_exp_temp0.3_nodelim_norole_nocot,chefe de serviço,,Per,fn,
qwen3_14b,participants,lusa_110,ext_exp_temp0.3_nodelim_norole_nocot,o concelho da Ribeira Brava,,Loc,fn,
qwen3_14b,participants,lusa_110,ext_exp_temp0.3_nodelim_norole_nocot,que,,Per,fn,
qwen3_14b,participants,lusa_110,ext_exp_temp0.3_nodelim_norole_nocot,a localidade,,Loc,fn,
qwen3_14b,participants,lusa_110,ext_exp_temp0.3_nodelim_norole_nocot,os elementos,,Per,fn,
qwen3_14b,participants,lusa_110,ext_exp_temp0.3_nodelim_norole_nocot,lá,,Loc,fn,
qwen3_14b,participants,lusa_110,ext_exp_temp0.3_nodelim_norole_nocot,uma habitação,,Loc,fn,
qwen3_14b,participants,lusa_110,ext_exp_temp0.3_nodelim_norole_nocot,fogo,,Nat,fn,
qwen3_14b,participants,lusa_110,ext_exp_temp0.3_nodelim_norole_nocot,gases,,Nat,fn,
qwen3_14b,participants,lusa_110,ext_exp_temp0.3_nodelim_norole_nocot,a Câmara Municipal da Ribeira Brava,,Org,fn,
qwen3_14b,participants,lusa_110,ext_exp_temp0.3_nodelim_norole_nocot,a sua,,Per,fn,
qwen3_14b,participants,lusa_110,ext_exp_temp0.3_nodelim_norole_nocot,o hall de entrada,,Loc,fn,
qwen3_14b,participants,lusa_110,ext_exp_temp0.3_nodelim_norole_nocot,a habitação,,Loc,fn,
qwen3_14b,participants,lusa_110,ext_exp_temp0.3_nodelim_norole_nocot,as causas,,Other,fn,
qwen3_14b,participants,lusa_110,ext_exp_temp0.3_nodelim_norole_nocot,o interior,,Loc,fn,
qwen3_14b,participants,lusa_110,ext_exp_temp0.3_nodelim_norole_nocot,a Ribeira Brava,,Loc,fn,
qwen3_14b,participants,lusa_111,ext_exp_temp0.3_nodelim_norole_nocot,o motociclo,,Obj,tp,
qwen3_14b,participants,lusa_111,ext_exp_temp0.3_nodelim_norole_nocot,agência Lusa,,Org,tp,
qwen3_14b,participants,lusa_111,ext_exp_temp0.3_nodelim_norole_nocot,fontes,,Per,tp,
qwen3_14b,participants,lusa_111,ext_exp_temp0.3_nodelim_norole_nocot,no distrito da Guarda,,Loc,tp,
qwen3_14b,participants,lusa_111,ext_exp_temp0.3_nodelim_norole_nocot,Um homem com 34 anos,,Per,tp,
qwen3_14b,participants,lusa_111,ext_exp_temp0.3_nodelim_norole_nocot,cinco viaturas,,Obj,tp,
qwen3_14b,participants,lusa_111,ext_exp_temp0.3_nodelim_norole_nocot,motociclo,,Per,tp,
qwen3_14b,participants,lusa_111,ext_exp_temp0.3_nodelim_norole_nocot,dez elementos,,Per,tp,
qwen3_14b,participants,lusa_111,ext_exp_temp0.3_nodelim_norole_nocot,em Celorico da Beira,,Loc,tp,
qwen3_14b,participants,lusa_111,ext_exp_temp0.3_nodelim_norole_nocot,CDOS,,Org,tp,
qwen3_14b,participants,lusa_111,ext_exp_temp0.3_nodelim_norole_nocot,Homem,,Per,tp,
qwen3_14b,participants,lusa_111,ext_exp_temp0.3_nodelim_norole_nocot,médico,,,fp,
qwen3_14b,participants,lusa_111,ext_exp_temp0.3_nodelim_norole_nocot,GNR,,,fp,
qwen3_14b,participants,lusa_111,ext_exp_temp0.3_nodelim_norole_nocot,VMER,,,fp,
qwen3_14b,participants,lusa_111,ext_exp_temp0.3_nodelim_norole_nocot,Viatura Médica de Emergência e Reanimação (VMER),,,fp,
qwen3_14b,participants,lusa_111,ext_exp_temp0.3_nodelim_norole_nocot,na Estrada Nacional 17,,,fp,
qwen3_14b,participants,lusa_111,ext_exp_temp0.3_nodelim_norole_nocot,Celorico da Beira,,,fp,
qwen3_14b,participants,lusa_111,ext_exp_temp0.3_nodelim_norole_nocot,Bombeiros Voluntários de Celorico da Beira,,,fp,
qwen3_14b,participants,lusa_111,ext_exp_temp0.3_nodelim_norole_nocot,fonte do CDOS,,,fp,
qwen3_14b,participants,lusa_111,ext_exp_temp0.3_nodelim_norole_nocot,fontes da proteção civil e da GNR,,,fp,
qwen3_14b,participants,lusa_111,ext_exp_temp0.3_nodelim_norole_nocot,condutor do motociclo,,,fp,
qwen3_14b,participants,lusa_111,ext_exp_temp0.3_nodelim_norole_nocot,proteção civil,,,fp,
qwen3_14b,participants,lusa_111,ext_exp_temp0.3_nodelim_norole_nocot,VMER da Guarda,,,fp,
qwen3_14b,participants,lusa_111,ext_exp_temp0.3_nodelim_norole_nocot,os Bombeiros Voluntários de Celorico da Beira,,Org,fn,
qwen3_14b,participants,lusa_111,ext_exp_temp0.3_nodelim_norole_nocot,o CDOS,,Org,fn,
qwen3_14b,participants,lusa_111,ext_exp_temp0.3_nodelim_norole_nocot,a proteção civil,,Org,fn,
qwen3_14b,participants,lusa_111,ext_exp_temp0.3_nodelim_norole_nocot,o local,,Loc,fn,
qwen3_14b,participants,lusa_111,ext_exp_temp0.3_nodelim_norole_nocot,a localidade de Cortiço da Serra,,Loc,fn,
qwen3_14b,participants,lusa_111,ext_exp_temp0.3_nodelim_norole_nocot,o Comando Territorial,,Fac,fn,
qwen3_14b,participants,lusa_111,ext_exp_temp0.3_nodelim_norole_nocot,a Estrada Nacional 17,,Loc,fn,
qwen3_14b,participants,lusa_111,ext_exp_temp0.3_nodelim_norole_nocot,a Guarda,,Pl_civil,fn,
qwen3_14b,participants,lusa_111,ext_exp_temp0.3_nodelim_norole_nocot,a VMER da Guarda,,Obj,fn,
qwen3_14b,participants,lusa_111,ext_exp_temp0.3_nodelim_norole_nocot,o concelho de Celorico da Beira,,Loc,fn,
qwen3_14b,participants,lusa_111,ext_exp_temp0.3_nodelim_norole_nocot,o médico,,Per,fn,
qwen3_14b,participants,lusa_111,ext_exp_temp0.3_nodelim_norole_nocot,que,,Per,fn,
qwen3_14b,participants,lusa_111,ext_exp_temp0.3_nodelim_norole_nocot,a GNR,,Org,fn,
qwen3_14b,participants,lusa_111,ext_exp_temp0.3_nodelim_norole_nocot,o Comando Distrital de Operações de Socorro,,Org,fn,
qwen3_14b,participants,lusa_111,ext_exp_temp0.3_nodelim_norole_nocot,fonte,,Per,fn,
qwen3_14b,participants,lusa_111,ext_exp_temp0.3_nodelim_norole_nocot,no sentido Celorico da Beira - Cortiço da Serra,,Loc,fn,
qwen3_14b,participants,lusa_111,ext_exp_temp0.3_nodelim_norole_nocot,no local,,Loc,fn,
qwen3_14b,participants,lusa_111,ext_exp_temp0.3_nodelim_norole_nocot,o condutor do motociclo,,Per,fn,
qwen3_14b,participants,lusa_111,ext_exp_temp0.3_nodelim_norole_nocot,Fonte,,Per,fn,
qwen3_14b,participants,lusa_111,ext_exp_temp0.3_nodelim_norole_nocot,o Núcleo de Investigação de Crimes em Acidentes de Viação,,Org,fn,
qwen3_14b,participants,lusa_111,ext_exp_temp0.3_nodelim_norole_nocot,Lusa,,Org,fn,
qwen3_14b,participants,lusa_111,ext_exp_temp0.3_nodelim_norole_nocot,a Viatura Médica de Emergência e Reanimação (VMER),,Obj,fn,
qwen3_14b,participants,lusa_111,ext_exp_temp0.3_nodelim_norole_nocot,alguns metros antes,,Loc,fn,
qwen3_14b,participants,lusa_111,ext_exp_temp0.3_nodelim_norole_nocot,as causas,,Other,fn,
qwen3_14b,participants,lusa_111,ext_exp_temp0.3_nodelim_norole_nocot,a fonte,,Per,fn,
qwen3_14b,participants,lusa_113,ext_exp_temp0.3_nodelim_norole_nocot,a mãe de 46 anos,,Per,tp,
qwen3_14b,participants,lusa_113,ext_exp_temp0.3_nodelim_norole_nocot,uma navalha,,Obj,tp,
qwen3_14b,participants,lusa_113,ext_exp_temp0.3_nodelim_norole_nocot,Um homem de 26 anos,,Per,tp,
qwen3_14b,participants,lusa_113,ext_exp_temp0.3_nodelim_norole_nocot,a irmã de 12 anos,,Per,tp,
qwen3_14b,participants,lusa_113,ext_exp_temp0.3_nodelim_norole_nocot,o agressor,,Per,tp,
qwen3_14b,participants,lusa_113,ext_exp_temp0.3_nodelim_norole_nocot,a GNR,,Org,tp,
qwen3_14b,participants,lusa_113,ext_exp_temp0.3_nodelim_norole_nocot,O detido,,Per,tp,
qwen3_14b,participants,lusa_113,ext_exp_temp0.3_nodelim_norole_nocot,as vítimas,,Per,tp,
qwen3_14b,participants,lusa_113,ext_exp_temp0.3_nodelim_norole_nocot,aquela força de segurança,,Org,tp,
qwen3_14b,participants,lusa_113,ext_exp_temp0.3_nodelim_norole_nocot,uma machada,,Obj,tp,
qwen3_14b,participants,lusa_113,ext_exp_temp0.3_nodelim_norole_nocot,o suspeito,,Per,tp,
qwen3_14b,participants,lusa_113,ext_exp_temp0.3_nodelim_norole_nocot,a Guarda,,Org,tp,
qwen3_14b,participants,lusa_113,ext_exp_temp0.3_nodelim_norole_nocot,uma irmã,,Per,tp,
qwen3_14b,participants,lusa_113,ext_exp_temp0.3_nodelim_norole_nocot,os militares da Guarda,,,fp,
qwen3_14b,participants,lusa_113,ext_exp_temp0.3_nodelim_norole_nocot,Tribunal Judicial de Seia,,,fp,
qwen3_14b,participants,lusa_113,ext_exp_temp0.3_nodelim_norole_nocot,militares,,,fp,
qwen3_14b,participants,lusa_113,ext_exp_temp0.3_nodelim_norole_nocot,Foz Côa,,,fp,
qwen3_14b,participants,lusa_113,ext_exp_temp0.3_nodelim_norole_nocot,GNR,,,fp,
qwen3_14b,participants,lusa_113,ext_exp_temp0.3_nodelim_norole_nocot,homem de 26 anos,,,fp,
qwen3_14b,participants,lusa_113,ext_exp_temp0.3_nodelim_norole_nocot,a mãe,,,fp,
qwen3_14b,participants,lusa_113,ext_exp_temp0.3_nodelim_norole_nocot,as portas da habitação,,,fp,
qwen3_14b,participants,lusa_113,ext_exp_temp0.3_nodelim_norole_nocot,onde,,Loc,fn,
qwen3_14b,participants,lusa_113,ext_exp_temp0.3_nodelim_norole_nocot,à mãe,,Per,fn,
qwen3_14b,participants,lusa_113,ext_exp_temp0.3_nodelim_norole_nocot,comunicado,,Obj,fn,
qwen3_14b,participants,lusa_113,ext_exp_temp0.3_nodelim_norole_nocot,os militares,,Per,fn,
qwen3_14b,participants,lusa_113,ext_exp_temp0.3_nodelim_norole_nocot,prisão preventiva,,Other,fn,
qwen3_14b,participants,lusa_113,ext_exp_temp0.3_nodelim_norole_nocot,as portas,,Obj,fn,
qwen3_14b,participants,lusa_113,ext_exp_temp0.3_nodelim_norole_nocot,medida de coação,,Other,fn,
qwen3_14b,participants,lusa_113,ext_exp_temp0.3_nodelim_norole_nocot,antecedentes criminais,,Other,fn,
qwen3_14b,participants,lusa_113,ext_exp_temp0.3_nodelim_norole_nocot,no Tribunal Judicial de Seia,,Org,fn,
qwen3_14b,participants,lusa_113,ext_exp_temp0.3_nodelim_norole_nocot,a habitação,,Obj,fn,
qwen3_14b,participants,lusa_113,ext_exp_temp0.3_nodelim_norole_nocot,o local,,Loc,fn,
qwen3_14b,participants,lusa_113,ext_exp_temp0.3_nodelim_norole_nocot,Os objetos,,Obj,fn,
qwen3_14b,participants,lusa_113,ext_exp_temp0.3_nodelim_norole_nocot,o concelho de Foz Côa,,Loc,fn,
qwen3_14b,participants,lusa_113,ext_exp_temp0.3_nodelim_norole_nocot,pela GNR,,Org,fn,
qwen3_14b,participants,lusa_114,ext_exp_temp0.3_nodelim_norole_nocot,o homem,,Per,tp,
qwen3_14b,participants,lusa_114,ext_exp_temp0.3_nodelim_norole_nocot,vários telemóveis,,Obj,tp,
qwen3_14b,participants,lusa_114,ext_exp_temp0.3_nodelim_norole_nocot,mais de duas centenas de ficheiros informáticos,,Other,tp,
qwen3_14b,participants,lusa_114,ext_exp_temp0.3_nodelim_norole_nocot,a PJ,,Org,tp,
qwen3_14b,participants,lusa_114,ext_exp_temp0.3_nodelim_norole_nocot,o suspeito,,Per,tp,
qwen3_14b,participants,lusa_114,ext_exp_temp0.3_nodelim_norole_nocot,telemóveis,,Obj,tp,
qwen3_14b,participants,lusa_114,ext_exp_temp0.3_nodelim_norole_nocot,conteúdos,,Other,tp,
qwen3_14b,participants,lusa_114,ext_exp_temp0.3_nodelim_norole_nocot,um homem de 56 anos,,Per,tp,
qwen3_14b,participants,lusa_114,ext_exp_temp0.3_nodelim_norole_nocot,A Polícia Judiciária (PJ),,Org,tp,
qwen3_14b,participants,lusa_114,ext_exp_temp0.3_nodelim_norole_nocot,O detido,,Per,tp,
qwen3_14b,participants,lusa_114,ext_exp_temp0.3_nodelim_norole_nocot,esta polícia,,Org,tp,
qwen3_14b,participants,lusa_114,ext_exp_temp0.3_nodelim_norole_nocot,elementos da Unidade Local de Investigação Criminal de Évora,,,fp,
qwen3_14b,participants,lusa_114,ext_exp_temp0.3_nodelim_norole_nocot,Évora,,,fp,
qwen3_14b,participants,lusa_114,ext_exp_temp0.3_nodelim_norole_nocot,a detenção,,,fp,
qwen3_14b,participants,lusa_114,ext_exp_temp0.3_nodelim_norole_nocot,suspeito,,,fp,
qwen3_14b,participants,lusa_114,ext_exp_temp0.3_nodelim_norole_nocot,suspeitas da prática do crime de pornografia de menores através de telemóveis,,,fp,
qwen3_14b,participants,lusa_114,ext_exp_temp0.3_nodelim_norole_nocot,Polícia Judiciária,,,fp,
qwen3_14b,participants,lusa_114,ext_exp_temp0.3_nodelim_norole_nocot,imagens de menores em situações de cariz sexual,,,fp,
qwen3_14b,participants,lusa_114,ext_exp_temp0.3_nodelim_norole_nocot,os equipamentos,,,fp,
qwen3_14b,participants,lusa_114,ext_exp_temp0.3_nodelim_norole_nocot,residente no distrito de Évora,,,fp,
qwen3_14b,participants,lusa_114,ext_exp_temp0.3_nodelim_norole_nocot,distrito de Évora,,,fp,
qwen3_14b,participants,lusa_114,ext_exp_temp0.3_nodelim_norole_nocot,esses equipamentos,,Obj,fn,
qwen3_14b,participants,lusa_114,ext_exp_temp0.3_nodelim_norole_nocot,medidas de coação,,Other,fn,
qwen3_14b,participants,lusa_114,ext_exp_temp0.3_nodelim_norole_nocot,comunicado,,Obj,fn,
qwen3_14b,participants,lusa_114,ext_exp_temp0.3_nodelim_norole_nocot,imagens,,Other,fn,
qwen3_14b,participants,lusa_114,ext_exp_temp0.3_nodelim_norole_nocot,elementos,,Per,fn,
qwen3_14b,participants,lusa_114,ext_exp_temp0.3_nodelim_norole_nocot,a Unidade Local de Investigação Criminal de Évora,,Org,fn,
qwen3_14b,participants,lusa_114,ext_exp_temp0.3_nodelim_norole_nocot,o distrito de Évora,,Pl_civil,fn,
qwen3_14b,participants,lusa_114,ext_exp_temp0.3_nodelim_norole_nocot,menores,,Per,fn,
qwen3_14b,participants,lusa_115,ext_exp_temp0.3_nodelim_norole_nocot,várias munições,,Obj,tp,
qwen3_14b,participants,lusa_115,ext_exp_temp0.3_nodelim_norole_nocot,as autoridades,,Org,tp,
qwen3_14b,participants,lusa_115,ext_exp_temp0.3_nodelim_norole_nocot,Lisboa,,Pl_civil,tp,
qwen3_14b,participants,lusa_115,ext_exp_temp0.3_nodelim_norole_nocot,armas de fogo,,Obj,tp,
qwen3_14b,participants,lusa_115,ext_exp_temp0.3_nodelim_norole_nocot,Quatro homens,,Per,tp,
qwen3_14b,participants,lusa_115,ext_exp_temp0.3_nodelim_norole_nocot,a mesma fonte,,Per,tp,
qwen3_14b,participants,lusa_115,ext_exp_temp0.3_nodelim_norole_nocot,zona do Rego,,Pl_civil,tp,
qwen3_14b,participants,lusa_115,ext_exp_temp0.3_nodelim_norole_nocot,fonte policial,,Per,tp,
qwen3_14b,participants,lusa_115,ext_exp_temp0.3_nodelim_norole_nocot,dois veículos distintos,,Veh,tp,
qwen3_14b,participants,lusa_115,ext_exp_temp0.3_nodelim_norole_nocot,um carregador,,Obj,tp,
qwen3_14b,participants,lusa_115,ext_exp_temp0.3_nodelim_norole_nocot,pela PSP,,,fp,
qwen3_14b,participants,lusa_115,ext_exp_temp0.3_nodelim_norole_nocot,Os quatro homens,,,fp,
qwen3_14b,participants,lusa_115,ext_exp_temp0.3_nodelim_norole_nocot,O caso,,,fp,
qwen3_14b,participants,lusa_115,ext_exp_temp0.3_nodelim_norole_nocot,à Polícia Judiciária,,,fp,
qwen3_14b,participants,lusa_115,ext_exp_temp0.3_nodelim_norole_nocot,em Lisboa,,,fp,
qwen3_14b,participants,lusa_115,ext_exp_temp0.3_nodelim_norole_nocot,viaturas estacionadas no local,,,fp,
qwen3_14b,participants,lusa_115,ext_exp_temp0.3_nodelim_norole_nocot,um dos suspeitos,,,fp,
qwen3_14b,participants,lusa_115,ext_exp_temp0.3_nodelim_norole_nocot,entre si,,Per,fn,
qwen3_14b,participants,lusa_115,ext_exp_temp0.3_nodelim_norole_nocot,os suspeitos,,Per,fn,
qwen3_14b,participants,lusa_115,ext_exp_temp0.3_nodelim_norole_nocot,“vários invólucros de balas”,,Obj,fn,
qwen3_14b,participants,lusa_115,ext_exp_temp0.3_nodelim_norole_nocot,sua,,Per,fn,
qwen3_14b,participants,lusa_115,ext_exp_temp0.3_nodelim_norole_nocot,que,,Obj,fn,
qwen3_14b,participants,lusa_115,ext_exp_temp0.3_nodelim_norole_nocot,Lusa,,Org,fn,
qwen3_14b,participants,lusa_115,ext_exp_temp0.3_nodelim_norole_nocot,viaturas,,Veh,fn,
qwen3_14b,participants,lusa_115,ext_exp_temp0.3_nodelim_norole_nocot,a PSP,,Org,fn,
qwen3_14b,participants,lusa_115,ext_exp_temp0.3_nodelim_norole_nocot,fonte,,Per,fn,
qwen3_14b,participants,lusa_115,ext_exp_temp0.3_nodelim_norole_nocot,Polícia Judiciária,,Org,fn,
qwen3_14b,participants,lusa_115,ext_exp_temp0.3_nodelim_norole_nocot,feridos,,Per,fn,
qwen3_14b,participants,lusa_115,ext_exp_temp0.3_nodelim_norole_nocot,um,,Per,fn,
qwen3_14b,participants,lusa_115,ext_exp_temp0.3_nodelim_norole_nocot,o Comando Metropolitano de Lisboa da PSP,,Org,fn,
qwen3_14b,participants,lusa_115,ext_exp_temp0.3_nodelim_norole_nocot,"Os quatro homens, de idade não especificada",,Per,fn,
qwen3_14b,participants,lusa_115,ext_exp_temp0.3_nodelim_norole_nocot,local,,Pl_civil,fn,
qwen3_14b,participants,lusa_116,ext_exp_temp0.3_nodelim_norole_nocot,armas de fogo,,Obj,tp,
qwen3_14b,participants,lusa_116,ext_exp_temp0.3_nodelim_norole_nocot,um homem de 33 anos,,Per,tp,
qwen3_14b,participants,lusa_116,ext_exp_temp0.3_nodelim_norole_nocot,Hospital de Santa Maria,,Fac,tp,
qwen3_14b,participants,lusa_116,ext_exp_temp0.3_nodelim_norole_nocot,Dois homens de 22 e 33 anos,,Per,tp,
qwen3_14b,participants,lusa_116,ext_exp_temp0.3_nodelim_norole_nocot,a fonte,,Per,tp,
qwen3_14b,participants,lusa_116,ext_exp_temp0.3_nodelim_norole_nocot,Casal dos Machados,,Fac,tp,
qwen3_14b,participants,lusa_116,ext_exp_temp0.3_nodelim_norole_nocot,Lisboa,,Pl_capital,tp,
qwen3_14b,participants,lusa_116,ext_exp_temp0.3_nodelim_norole_nocot,ambulância,,Veh,tp,
qwen3_14b,participants,lusa_116,ext_exp_temp0.3_nodelim_norole_nocot,bombas de gasolina,,,fp,
qwen3_14b,participants,lusa_116,ext_exp_temp0.3_nodelim_norole_nocot,um deles,,,fp,
qwen3_14b,participants,lusa_116,ext_exp_temp0.3_nodelim_norole_nocot,PSP,,,fp,
qwen3_14b,participants,lusa_116,ext_exp_temp0.3_nodelim_norole_nocot,várias pessoas,,,fp,
qwen3_14b,participants,lusa_116,ext_exp_temp0.3_nodelim_norole_nocot,no Largo Maria Judite de Carvalho,,,fp,
qwen3_14b,participants,lusa_116,ext_exp_temp0.3_nodelim_norole_nocot,à Lusa,,,fp,
qwen3_14b,participants,lusa_116,ext_exp_temp0.3_nodelim_norole_nocot,hospital,,,fp,
qwen3_14b,participants,lusa_116,ext_exp_temp0.3_nodelim_norole_nocot,no Casal dos Machados,,,fp,
qwen3_14b,participants,lusa_116,ext_exp_temp0.3_nodelim_norole_nocot,na freguesia do Parque das Nações,,,fp,
qwen3_14b,participants,lusa_116,ext_exp_temp0.3_nodelim_norole_nocot,Polícia Judiciária,,,fp,
qwen3_14b,participants,lusa_116,ext_exp_temp0.3_nodelim_norole_nocot,Bairro do Casal dos Machados,,,fp,
qwen3_14b,participants,lusa_116,ext_exp_temp0.3_nodelim_norole_nocot,Henrique,,,fp,
qwen3_14b,participants,lusa_116,ext_exp_temp0.3_nodelim_norole_nocot,Dois feridos,,,fp,
qwen3_14b,participants,lusa_116,ext_exp_temp0.3_nodelim_norole_nocot,Avenida Infante D.,,,fp,
qwen3_14b,participants,lusa_116,ext_exp_temp0.3_nodelim_norole_nocot,O ferido ligeiro,,,fp,
qwen3_14b,participants,lusa_116,ext_exp_temp0.3_nodelim_norole_nocot,fonte da PSP,,,fp,
qwen3_14b,participants,lusa_116,ext_exp_temp0.3_nodelim_norole_nocot,arma de fogo,,Obj,fn,
qwen3_14b,participants,lusa_116,ext_exp_temp0.3_nodelim_norole_nocot,deles,,Per,fn,
qwen3_14b,participants,lusa_116,ext_exp_temp0.3_nodelim_norole_nocot,freguesia do Parque das Nações,,Pl_civil,fn,
qwen3_14b,participants,lusa_116,ext_exp_temp0.3_nodelim_norole_nocot,a PSP,,Org,fn,
qwen3_14b,participants,lusa_116,ext_exp_temp0.3_nodelim_norole_nocot,um,,Per,fn,
qwen3_14b,participants,lusa_116,ext_exp_temp0.3_nodelim_norole_nocot,Avenida Infante D. Henrique,,Pl_civil,fn,
qwen3_14b,participants,lusa_116,ext_exp_temp0.3_nodelim_norole_nocot,Largo Maria Judite de Carvalho,,Pl_civil,fn,
qwen3_14b,participants,lusa_116,ext_exp_temp0.3_nodelim_norole_nocot,os próprios meios,,Veh,fn,
qwen3_14b,participants,lusa_116,ext_exp_temp0.3_nodelim_norole_nocot,mesmo hospital,,Fac,fn,
qwen3_14b,participants,lusa_116,ext_exp_temp0.3_nodelim_norole_nocot,um cartucho,,Obj,fn,
qwen3_14b,participants,lusa_116,ext_exp_temp0.3_nodelim_norole_nocot,fonte,,Per,fn,
qwen3_14b,participants,lusa_116,ext_exp_temp0.3_nodelim_norole_nocot,o Bairro do Casal dos Machados,,Pl_civil,fn,
qwen3_14b,participants,lusa_116,ext_exp_temp0.3_nodelim_norole_nocot,às bombas de gasolina,,Fac,fn,
qwen3_14b,participants,lusa_116,ext_exp_temp0.3_nodelim_norole_nocot,"O ferido ligeiro, de 22 anos",,Per,fn,
qwen3_14b,participants,lusa_116,ext_exp_temp0.3_nodelim_norole_nocot,local,,Pl_civil,fn,
qwen3_14b,participants,lusa_116,ext_exp_temp0.3_nodelim_norole_nocot,da PSP,,Org,fn,
qwen3_14b,participants,lusa_116,ext_exp_temp0.3_nodelim_norole_nocot,Lusa,,Org,fn,
qwen3_14b,participants,lusa_116,ext_exp_temp0.3_nodelim_norole_nocot,a Polícia Judiciária,,Org,fn,
qwen3_14b,participants,lusa_116,ext_exp_temp0.3_nodelim_norole_nocot,vários pessoas,,Per,fn,
qwen3_14b,participants,lusa_116,ext_exp_temp0.3_nodelim_norole_nocot,Três viaturas,,Veh,fn,
qwen3_14b,participants,lusa_12,ext_exp_temp0.3_nodelim_norole_nocot,a polícia,,Org,tp,
qwen3_14b,participants,lusa_12,ext_exp_temp0.3_nodelim_norole_nocot,os dois agentes,,Per,tp,
qwen3_14b,participants,lusa_12,ext_exp_temp0.3_nodelim_norole_nocot,o agente,,Per,tp,
qwen3_14b,participants,lusa_12,ext_exp_temp0.3_nodelim_norole_nocot,o outro,,Per,tp,
qwen3_14b,participants,lusa_12,ext_exp_temp0.3_nodelim_norole_nocot,Lusa,,Org,tp,
qwen3_14b,participants,lusa_12,ext_exp_temp0.3_nodelim_norole_nocot,fonte,,Per,tp,
qwen3_14b,participants,lusa_12,ext_exp_temp0.3_nodelim_norole_nocot,os outros colegas,,Per,tp,
qwen3_14b,participants,lusa_12,ext_exp_temp0.3_nodelim_norole_nocot,Juarce Martins,,Per,tp,
qwen3_14b,participants,lusa_12,ext_exp_temp0.3_nodelim_norole_nocot,o porta-voz,,Per,tp,
qwen3_14b,participants,lusa_12,ext_exp_temp0.3_nodelim_norole_nocot,Eles,,Per,tp,
qwen3_14b,participants,lusa_12,ext_exp_temp0.3_nodelim_norole_nocot,um colega,,Per,tp,
qwen3_14b,participants,lusa_12,ext_exp_temp0.3_nodelim_norole_nocot,o incidente,,,fp,
qwen3_14b,participants,lusa_12,ext_exp_temp0.3_nodelim_norole_nocot,Agente da polícia,,,fp,
qwen3_14b,participants,lusa_12,ext_exp_temp0.3_nodelim_norole_nocot,Maputo,,,fp,
qwen3_14b,participants,lusa_12,ext_exp_temp0.3_nodelim_norole_nocot,distrito de Magude,,,fp,
qwen3_14b,participants,lusa_12,ext_exp_temp0.3_nodelim_norole_nocot,ao acampamento,,,fp,
qwen3_14b,participants,lusa_12,ext_exp_temp0.3_nodelim_norole_nocot,província de Maputo,,,fp,
qwen3_14b,participants,lusa_12,ext_exp_temp0.3_nodelim_norole_nocot,uma atividade de patrulha,,,fp,
qwen3_14b,participants,lusa_12,ext_exp_temp0.3_nodelim_norole_nocot,agentes da PRM,,,fp,
qwen3_14b,participants,lusa_12,ext_exp_temp0.3_nodelim_norole_nocot,Um agente da polícia moçambicana,,,fp,
qwen3_14b,participants,lusa_12,ext_exp_temp0.3_nodelim_norole_nocot,fonte da corporação,,,fp,
qwen3_14b,participants,lusa_12,ext_exp_temp0.3_nodelim_norole_nocot,um dos membros,,,fp,
qwen3_14b,participants,lusa_12,ext_exp_temp0.3_nodelim_norole_nocot,Moçambique,,,fp,
qwen3_14b,participants,lusa_12,ext_exp_temp0.3_nodelim_norole_nocot,colega,,,fp,
qwen3_14b,participants,lusa_12,ext_exp_temp0.3_nodelim_norole_nocot,Polícia da República de Moçambique (PRM),,,fp,
qwen3_14b,participants,lusa_12,ext_exp_temp0.3_nodelim_norole_nocot,corporação,,,fp,
qwen3_14b,participants,lusa_12,ext_exp_temp0.3_nodelim_norole_nocot,PRM,,,fp,
qwen3_14b,participants,lusa_12,ext_exp_temp0.3_nodelim_norole_nocot,Departamento de Proteção dos Recursos Naturais e Meio Ambiente,,,fp,
qwen3_14b,participants,lusa_12,ext_exp_temp0.3_nodelim_norole_nocot,naquela província,,,fp,
qwen3_14b,participants,lusa_12,ext_exp_temp0.3_nodelim_norole_nocot,numa zona protegida,,,fp,
qwen3_14b,participants,lusa_12,ext_exp_temp0.3_nodelim_norole_nocot,o autor do crime,,,fp,
qwen3_14b,participants,lusa_12,ext_exp_temp0.3_nodelim_norole_nocot,o porta-voz da PRM,,,fp,
qwen3_14b,participants,lusa_12,ext_exp_temp0.3_nodelim_norole_nocot,o tiro,,,fp,
qwen3_14b,participants,lusa_12,ext_exp_temp0.3_nodelim_norole_nocot,o acampamento,,Fac,fn,
qwen3_14b,participants,lusa_12,ext_exp_temp0.3_nodelim_norole_nocot,motivos,,Other,fn,
qwen3_14b,participants,lusa_12,ext_exp_temp0.3_nodelim_norole_nocot,a corporação,,Org,fn,
qwen3_14b,participants,lusa_12,ext_exp_temp0.3_nodelim_norole_nocot,a polícia moçambicana,,Org,fn,
qwen3_14b,participants,lusa_12,ext_exp_temp0.3_nodelim_norole_nocot,O comando,,Org,fn,
qwen3_14b,participants,lusa_12,ext_exp_temp0.3_nodelim_norole_nocot,um,,Other,fn,
qwen3_14b,participants,lusa_12,ext_exp_temp0.3_nodelim_norole_nocot,outro,,Other,fn,
qwen3_14b,participants,lusa_12,ext_exp_temp0.3_nodelim_norole_nocot,o autor,,Per,fn,
qwen3_14b,participants,lusa_12,ext_exp_temp0.3_nodelim_norole_nocot,a Polícia da República de Moçambique (PRM),,Org,fn,
qwen3_14b,participants,lusa_12,ext_exp_temp0.3_nodelim_norole_nocot,agentes,,Per,fn,
qwen3_14b,participants,lusa_12,ext_exp_temp0.3_nodelim_norole_nocot,o,,Per,fn,
qwen3_14b,participants,lusa_12,ext_exp_temp0.3_nodelim_norole_nocot,a província de Maputo,,Loc,fn,
qwen3_14b,participants,lusa_12,ext_exp_temp0.3_nodelim_norole_nocot,o distrito de Magude,,Loc,fn,
qwen3_14b,participants,lusa_12,ext_exp_temp0.3_nodelim_norole_nocot,Um agente,,Per,fn,
qwen3_14b,participants,lusa_12,ext_exp_temp0.3_nodelim_norole_nocot,o Departamento de Proteção dos Recursos Naturais e Meio Ambiente,,Org,fn,
qwen3_14b,participants,lusa_12,ext_exp_temp0.3_nodelim_norole_nocot,uma zona protegida,,Loc,fn,
qwen3_14b,participants,lusa_12,ext_exp_temp0.3_nodelim_norole_nocot,aquela província,,Loc,fn,
qwen3_14b,participants,lusa_12,ext_exp_temp0.3_nodelim_norole_nocot,os membros,,Per,fn,
qwen3_14b,participants,lusa_12,ext_exp_temp0.3_nodelim_norole_nocot,a PRM,,Org,fn,
qwen3_14b,participants,lusa_12,ext_exp_temp0.3_nodelim_norole_nocot,o sul de Moçambique,,Loc,fn,
qwen3_14b,participants,lusa_13,ext_exp_temp0.3_nodelim_norole_nocot,os tripulantes,,Per,tp,
qwen3_14b,participants,lusa_13,ext_exp_temp0.3_nodelim_norole_nocot,embarcações,,Obj,tp,
qwen3_14b,participants,lusa_13,ext_exp_temp0.3_nodelim_norole_nocot,600 quilos,,Other,tp,
qwen3_14b,participants,lusa_13,ext_exp_temp0.3_nodelim_norole_nocot,caranguejo,,Nat,tp,
qwen3_14b,participants,lusa_13,ext_exp_temp0.3_nodelim_norole_nocot,as autoridades,,Org,tp,
qwen3_14b,participants,lusa_13,ext_exp_temp0.3_nodelim_norole_nocot,o barco,,Obj,tp,
qwen3_14b,participants,lusa_13,ext_exp_temp0.3_nodelim_norole_nocot,os responsáveis,,Per,tp,
qwen3_14b,participants,lusa_13,ext_exp_temp0.3_nodelim_norole_nocot,uma embarcação,,Obj,tp,
qwen3_14b,participants,lusa_13,ext_exp_temp0.3_nodelim_norole_nocot,os fiscais,,Per,tp,
qwen3_14b,participants,lusa_13,ext_exp_temp0.3_nodelim_norole_nocot,César Maphossa,,Per,tp,
qwen3_14b,participants,lusa_13,ext_exp_temp0.3_nodelim_norole_nocot,Moçambique,,,fp,
qwen3_14b,participants,lusa_13,ext_exp_temp0.3_nodelim_norole_nocot,à Lusa,,,fp,
qwen3_14b,participants,lusa_13,ext_exp_temp0.3_nodelim_norole_nocot,Autoridades moçambicanas,,,fp,
qwen3_14b,participants,lusa_13,ext_exp_temp0.3_nodelim_norole_nocot,fiscalização marítima moçambicana,,,fp,
qwen3_14b,participants,lusa_13,ext_exp_temp0.3_nodelim_norole_nocot,época de veda,,,fp,
qwen3_14b,participants,lusa_13,ext_exp_temp0.3_nodelim_norole_nocot,o chefe da fiscalização,,,fp,
qwen3_14b,participants,lusa_13,ext_exp_temp0.3_nodelim_norole_nocot,1.100 quilos de caranguejo,,,fp,
qwen3_14b,participants,lusa_13,ext_exp_temp0.3_nodelim_norole_nocot,no centro do país,,,fp,
qwen3_14b,participants,lusa_13,ext_exp_temp0.3_nodelim_norole_nocot,Beira,,,fp,
qwen3_14b,participants,lusa_13,ext_exp_temp0.3_nodelim_norole_nocot,fonte das autoridades,,,fp,
qwen3_14b,participants,lusa_13,ext_exp_temp0.3_nodelim_norole_nocot,habitat natural,,Loc,fn,
qwen3_14b,participants,lusa_13,ext_exp_temp0.3_nodelim_norole_nocot,espécies marinhas,,Nat,fn,
qwen3_14b,participants,lusa_13,ext_exp_temp0.3_nodelim_norole_nocot,A embarcação,,Obj,fn,
qwen3_14b,participants,lusa_13,ext_exp_temp0.3_nodelim_norole_nocot,a espécie,,Nat,fn,
qwen3_14b,participants,lusa_13,ext_exp_temp0.3_nodelim_norole_nocot,caixas,,Obj,fn,
qwen3_14b,participants,lusa_13,ext_exp_temp0.3_nodelim_norole_nocot,o mangal do rio Maria,,Loc,fn,
qwen3_14b,participants,lusa_13,ext_exp_temp0.3_nodelim_norole_nocot,seu,,Nat,fn,
qwen3_14b,participants,lusa_13,ext_exp_temp0.3_nodelim_norole_nocot,1.100 quilos,,Other,fn,
qwen3_14b,participants,lusa_13,ext_exp_temp0.3_nodelim_norole_nocot,lhes,,Nat,fn,
qwen3_14b,participants,lusa_13,ext_exp_temp0.3_nodelim_norole_nocot,o chefe,,Per,fn,
qwen3_14b,participants,lusa_13,ext_exp_temp0.3_nodelim_norole_nocot,pesadas multas,,Other,fn,
qwen3_14b,participants,lusa_13,ext_exp_temp0.3_nodelim_norole_nocot,os caranguejos,,Nat,fn,
qwen3_14b,participants,lusa_13,ext_exp_temp0.3_nodelim_norole_nocot,outros 500 quilos,,Other,fn,
qwen3_14b,participants,lusa_13,ext_exp_temp0.3_nodelim_norole_nocot,fonte,,Per,fn,
qwen3_14b,participants,lusa_13,ext_exp_temp0.3_nodelim_norole_nocot,as respetivas populações,,Nat,fn,
qwen3_14b,participants,lusa_13,ext_exp_temp0.3_nodelim_norole_nocot,país,,Pl_country,fn,
qwen3_14b,participants,lusa_13,ext_exp_temp0.3_nodelim_norole_nocot,arredores da capital provincial de Sofala,,Loc,fn,
qwen3_14b,participants,lusa_13,ext_exp_temp0.3_nodelim_norole_nocot,Lusa,,Loc,fn,
qwen3_14b,participants,lusa_13,ext_exp_temp0.3_nodelim_norole_nocot,o centro,,Pl_region,fn,
qwen3_14b,participants,lusa_13,ext_exp_temp0.3_nodelim_norole_nocot,centro de Moçambique,,Loc,fn,
qwen3_14b,participants,lusa_13,ext_exp_temp0.3_nodelim_norole_nocot,os arredores da cidade da Beira,,Loc,fn,
qwen3_14b,participants,lusa_14,ext_exp_temp0.3_nodelim_norole_nocot,As autoridades,,Org,tp,
qwen3_14b,participants,lusa_14,ext_exp_temp0.3_nodelim_norole_nocot,um grupo de trabalhadores agrícolas,,Per,tp,
qwen3_14b,participants,lusa_14,ext_exp_temp0.3_nodelim_norole_nocot,cartéis rivais,,Org,tp,
qwen3_14b,participants,lusa_14,ext_exp_temp0.3_nodelim_norole_nocot,sete pessoas,,Per,tp,
qwen3_14b,participants,lusa_14,ext_exp_temp0.3_nodelim_norole_nocot,o Ministério Público local,,Org,tp,
qwen3_14b,participants,lusa_14,ext_exp_temp0.3_nodelim_norole_nocot,sicários,,Per,tp,
qwen3_14b,participants,lusa_14,ext_exp_temp0.3_nodelim_norole_nocot,as autoridades locais,,Org,tp,
qwen3_14b,participants,lusa_14,ext_exp_temp0.3_nodelim_norole_nocot,o narcotráfico,,,fp,
qwen3_14b,participants,lusa_14,ext_exp_temp0.3_nodelim_norole_nocot,os corpos das vítimas,,,fp,
qwen3_14b,participants,lusa_14,ext_exp_temp0.3_nodelim_norole_nocot,Sicários,,,fp,
qwen3_14b,participants,lusa_14,ext_exp_temp0.3_nodelim_norole_nocot,numa estrada rural,,,fp,
qwen3_14b,participants,lusa_14,ext_exp_temp0.3_nodelim_norole_nocot,Assassinos contratados,,,fp,
qwen3_14b,participants,lusa_14,ext_exp_temp0.3_nodelim_norole_nocot,questões de vingança,,,fp,
qwen3_14b,participants,lusa_14,ext_exp_temp0.3_nodelim_norole_nocot,numa estrada do município de Tangamandapio,,,fp,
qwen3_14b,participants,lusa_14,ext_exp_temp0.3_nodelim_norole_nocot,narcotráfico,,,fp,
qwen3_14b,participants,lusa_14,ext_exp_temp0.3_nodelim_norole_nocot,Tangamandapio,,,fp,
qwen3_14b,participants,lusa_14,ext_exp_temp0.3_nodelim_norole_nocot,Os corpos das vítimas,,,fp,
qwen3_14b,participants,lusa_14,ext_exp_temp0.3_nodelim_norole_nocot,estado mexicano de Michoacán,,,fp,
qwen3_14b,participants,lusa_14,ext_exp_temp0.3_nodelim_norole_nocot,Ministério Público,,,fp,
qwen3_14b,participants,lusa_14,ext_exp_temp0.3_nodelim_norole_nocot,vítimas,,,fp,
qwen3_14b,participants,lusa_14,ext_exp_temp0.3_nodelim_norole_nocot,Os corpos,,Other,fn,
qwen3_14b,participants,lusa_14,ext_exp_temp0.3_nodelim_norole_nocot,uma estrada rural,,Loc,fn,
qwen3_14b,participants,lusa_14,ext_exp_temp0.3_nodelim_norole_nocot,Pelo menos três,,Other,fn,
qwen3_14b,participants,lusa_14,ext_exp_temp0.3_nodelim_norole_nocot,o Ministério Público,,Org,fn,
qwen3_14b,participants,lusa_14,ext_exp_temp0.3_nodelim_norole_nocot,uma estrada,,Loc,fn,
qwen3_14b,participants,lusa_14,ext_exp_temp0.3_nodelim_norole_nocot,o município de Tangamandapio,,Loc,fn,
qwen3_14b,participants,lusa_14,ext_exp_temp0.3_nodelim_norole_nocot,Assassinos,,Per,fn,
qwen3_14b,participants,lusa_14,ext_exp_temp0.3_nodelim_norole_nocot,uma mulher,,Per,fn,
qwen3_14b,participants,lusa_14,ext_exp_temp0.3_nodelim_norole_nocot,as vítimas,,Per,fn,
qwen3_14b,participants,lusa_14,ext_exp_temp0.3_nodelim_norole_nocot,um comunicado,,Obj,fn,
qwen3_14b,participants,lusa_14,ext_exp_temp0.3_nodelim_norole_nocot,aquele país,,Loc,fn,
qwen3_14b,participants,lusa_14,ext_exp_temp0.3_nodelim_norole_nocot,seis homens,,Per,fn,
qwen3_14b,participants,lusa_14,ext_exp_temp0.3_nodelim_norole_nocot,o estado mexicano de Michoacán,,Loc,fn,
qwen3_14b,participants,lusa_14,ext_exp_temp0.3_nodelim_norole_nocot,o México,,Loc,fn,
qwen3_14b,participants,lusa_14,ext_exp_temp0.3_nodelim_norole_nocot,bala,,Obj,fn,
qwen3_14b,participants,lusa_14,ext_exp_temp0.3_nodelim_norole_nocot,os corpos,,Other,fn,
qwen3_14b,participants,lusa_14,ext_exp_temp0.3_nodelim_norole_nocot,a mesma nota informativa,,Obj,fn,
qwen3_14b,participants,lusa_15,ext_exp_temp0.3_nodelim_norole_nocot,a ópera,,Fac,tp,
qwen3_14b,participants,lusa_15,ext_exp_temp0.3_nodelim_norole_nocot,armas de fogo,,Obj,tp,
qwen3_14b,participants,lusa_15,ext_exp_temp0.3_nodelim_norole_nocot,a agência de propaganda Amaq,,Org,tp,
qwen3_14b,participants,lusa_15,ext_exp_temp0.3_nodelim_norole_nocot,uma sinagoga,,Fac,tp,
qwen3_14b,participants,lusa_15,ext_exp_temp0.3_nodelim_norole_nocot,O jovem,,Per,tp,
qwen3_14b,participants,lusa_15,ext_exp_temp0.3_nodelim_norole_nocot,Viena,,Loc,tp,
qwen3_14b,participants,lusa_15,ext_exp_temp0.3_nodelim_norole_nocot,um combatente do Estado Islâmico,,,fp,
qwen3_14b,participants,lusa_15,ext_exp_temp0.3_nodelim_norole_nocot,Síria,,,fp,
qwen3_14b,participants,lusa_15,ext_exp_temp0.3_nodelim_norole_nocot,O autor do atentado,,,fp,
qwen3_14b,participants,lusa_15,ext_exp_temp0.3_nodelim_norole_nocot,pela polícia,,,fp,
qwen3_14b,participants,lusa_15,ext_exp_temp0.3_nodelim_norole_nocot,EI,,,fp,
qwen3_14b,participants,lusa_15,ext_exp_temp0.3_nodelim_norole_nocot,um 'soldado do califado',,,fp,
qwen3_14b,participants,lusa_15,ext_exp_temp0.3_nodelim_norole_nocot,nas redes Telegram,,,fp,
qwen3_14b,participants,lusa_15,ext_exp_temp0.3_nodelim_norole_nocot,Macedónia do Norte,,,fp,
qwen3_14b,participants,lusa_15,ext_exp_temp0.3_nodelim_norole_nocot,Estado Islâmico (EI),,,fp,
qwen3_14b,participants,lusa_15,ext_exp_temp0.3_nodelim_norole_nocot,Estado Islâmico,,,fp,
qwen3_14b,participants,lusa_15,ext_exp_temp0.3_nodelim_norole_nocot,austríaca,,,fp,
qwen3_14b,participants,lusa_15,ext_exp_temp0.3_nodelim_norole_nocot,centro de Viena,,,fp,
qwen3_14b,participants,lusa_15,ext_exp_temp0.3_nodelim_norole_nocot,assaltante armado,,,fp,
qwen3_14b,participants,lusa_15,ext_exp_temp0.3_nodelim_norole_nocot,O grupo 'jihadista' Estado Islâmico (EI),,,fp,
qwen3_14b,participants,lusa_15,ext_exp_temp0.3_nodelim_norole_nocot,O autor,,Per,fn,
qwen3_14b,participants,lusa_15,ext_exp_temp0.3_nodelim_norole_nocot,"dupla nacionalidade, austríaca e da Macedónia do Norte",,Other,fn,
qwen3_14b,participants,lusa_15,ext_exp_temp0.3_nodelim_norole_nocot,o Estado Islâmico,,Org,fn,
qwen3_14b,participants,lusa_15,ext_exp_temp0.3_nodelim_norole_nocot,as suas,,Org,fn,
qwen3_14b,participants,lusa_15,ext_exp_temp0.3_nodelim_norole_nocot,uma foto,,Obj,fn,
qwen3_14b,participants,lusa_15,ext_exp_temp0.3_nodelim_norole_nocot,quatro vítimas mortais,,Per,fn,
qwen3_14b,participants,lusa_15,ext_exp_temp0.3_nodelim_norole_nocot,um “soldado do califado”,,Per,fn,
qwen3_14b,participants,lusa_15,ext_exp_temp0.3_nodelim_norole_nocot,O comunicado,,Obj,fn,
qwen3_14b,participants,lusa_15,ext_exp_temp0.3_nodelim_norole_nocot,o EI,,Org,fn,
qwen3_14b,participants,lusa_15,ext_exp_temp0.3_nodelim_norole_nocot,um comunicado,,Obj,fn,
qwen3_14b,participants,lusa_15,ext_exp_temp0.3_nodelim_norole_nocot,O grupo ‘jihadista’ Estado Islâmico (EI),,Org,fn,
qwen3_14b,participants,lusa_15,ext_exp_temp0.3_nodelim_norole_nocot,parte,,Other,fn,
qwen3_14b,participants,lusa_15,ext_exp_temp0.3_nodelim_norole_nocot,uma pena,,Other,fn,
qwen3_14b,participants,lusa_15,ext_exp_temp0.3_nodelim_norole_nocot,polícia,,Org,fn,
qwen3_14b,participants,lusa_15,ext_exp_temp0.3_nodelim_norole_nocot,um texto,,Obj,fn,
qwen3_14b,participants,lusa_15,ext_exp_temp0.3_nodelim_norole_nocot,22 feridos,,Per,fn,
qwen3_14b,participants,lusa_15,ext_exp_temp0.3_nodelim_norole_nocot,a Síria,,Loc,fn,
qwen3_14b,participants,lusa_15,ext_exp_temp0.3_nodelim_norole_nocot,o centro de Viena,,Loc,fn,
qwen3_14b,participants,lusa_15,ext_exp_temp0.3_nodelim_norole_nocot,a cidade de Viena,,Pl_civil,fn,
qwen3_14b,participants,lusa_15,ext_exp_temp0.3_nodelim_norole_nocot,redes Telegram,,Other,fn,
qwen3_14b,participants,lusa_15,ext_exp_temp0.3_nodelim_norole_nocot,o assaltante,,Per,fn,
qwen3_14b,participants,lusa_15,ext_exp_temp0.3_nodelim_norole_nocot,um combatente,,Per,fn,
qwen3_14b,participants,lusa_15,ext_exp_temp0.3_nodelim_norole_nocot,fileiras,,Per,fn,
qwen3_14b,participants,lusa_16,ext_exp_temp0.3_nodelim_norole_nocot,O Presidente da República,,Per,tp,
qwen3_14b,participants,lusa_16,ext_exp_temp0.3_nodelim_norole_nocot,círculo,,Per,tp,
qwen3_14b,participants,lusa_16,ext_exp_temp0.3_nodelim_norole_nocot,José Mendes,,Per,tp,
qwen3_14b,participants,lusa_16,ext_exp_temp0.3_nodelim_norole_nocot,Ricardo Miguel Furtado Pinheiro,,Per,tp,
qwen3_14b,participants,lusa_16,ext_exp_temp0.3_nodelim_norole_nocot,distrito de Portalegre,,Pl_civil,tp,
qwen3_14b,participants,lusa_16,ext_exp_temp0.3_nodelim_norole_nocot,secretário de Estado do Planeamento,,Per,tp,
qwen3_14b,participants,lusa_16,ext_exp_temp0.3_nodelim_norole_nocot,a nota,,Obj,tp,
qwen3_14b,participants,lusa_16,ext_exp_temp0.3_nodelim_norole_nocot,Ricardo Pinheiro,,Per,tp,
qwen3_14b,participants,lusa_16,ext_exp_temp0.3_nodelim_norole_nocot,José Fernandes Gomes Mendes,,Per,tp,
qwen3_14b,participants,lusa_16,ext_exp_temp0.3_nodelim_norole_nocot,o primeiro-ministro,,Per,tp,
qwen3_14b,participants,lusa_16,ext_exp_temp0.3_nodelim_norole_nocot,deputado,,,fp,
qwen3_14b,participants,lusa_16,ext_exp_temp0.3_nodelim_norole_nocot,Câmara de Campo Maior,,,fp,
qwen3_14b,participants,lusa_16,ext_exp_temp0.3_nodelim_norole_nocot,portal da Presidência da República,,,fp,
qwen3_14b,participants,lusa_16,ext_exp_temp0.3_nodelim_norole_nocot,"o novo secretário de Estado do ministro do Planeamento, Nelson de Sousa",,,fp,
qwen3_14b,participants,lusa_16,ext_exp_temp0.3_nodelim_norole_nocot,Presidência da República,,,fp,
qwen3_14b,participants,lusa_16,ext_exp_temp0.3_nodelim_norole_nocot,Governo,,,fp,
qwen3_14b,participants,lusa_16,ext_exp_temp0.3_nodelim_norole_nocot,últimas eleições legislativas,,,fp,
qwen3_14b,participants,lusa_16,ext_exp_temp0.3_nodelim_norole_nocot,Palácio de Belém,,,fp,
qwen3_14b,participants,lusa_16,ext_exp_temp0.3_nodelim_norole_nocot,qual,,Per,fn,
qwen3_14b,participants,lusa_16,ext_exp_temp0.3_nodelim_norole_nocot,o portal da Presidência da República,,Loc,fn,
qwen3_14b,participants,lusa_16,ext_exp_temp0.3_nodelim_norole_nocot,O deputado socialista Ricardo Pinheiro,,Per,fn,
qwen3_14b,participants,lusa_16,ext_exp_temp0.3_nodelim_norole_nocot,a Presidência da República,,Org,fn,
qwen3_14b,participants,lusa_16,ext_exp_temp0.3_nodelim_norole_nocot,o portal,,Loc,fn,
qwen3_14b,participants,lusa_16,ext_exp_temp0.3_nodelim_norole_nocot,Nelson de Sousa,,Per,fn,
qwen3_14b,participants,lusa_16,ext_exp_temp0.3_nodelim_norole_nocot,o ministro do Planeamento,,Per,fn,
qwen3_14b,participants,lusa_16,ext_exp_temp0.3_nodelim_norole_nocot,Câmara,,Org,fn,
qwen3_14b,participants,lusa_16,ext_exp_temp0.3_nodelim_norole_nocot,uma nota,,Obj,fn,
qwen3_14b,participants,lusa_16,ext_exp_temp0.3_nodelim_norole_nocot,o novo secretário de Estado,,Per,fn,
qwen3_14b,participants,lusa_16,ext_exp_temp0.3_nodelim_norole_nocot,a Câmara de Campo Maior,,Org,fn,
qwen3_14b,participants,lusa_16,ext_exp_temp0.3_nodelim_norole_nocot,o Palácio de Belém.,,Loc,fn,
qwen3_14b,participants,lusa_16,ext_exp_temp0.3_nodelim_norole_nocot,Campo Maior,,Pl_civil,fn,
qwen3_14b,participants,lusa_16,ext_exp_temp0.3_nodelim_norole_nocot,seu,,Per,fn,
qwen3_14b,participants,lusa_17,ext_exp_temp0.3_nodelim_norole_nocot,quatro mulheres,,Per,tp,
qwen3_14b,participants,lusa_17,ext_exp_temp0.3_nodelim_norole_nocot,três mulheres,,Per,tp,
qwen3_14b,participants,lusa_17,ext_exp_temp0.3_nodelim_norole_nocot,uma criança de 09 anos,,Per,tp,
qwen3_14b,participants,lusa_17,ext_exp_temp0.3_nodelim_norole_nocot,Duas outras pessoas,,Per,tp,
qwen3_14b,participants,lusa_17,ext_exp_temp0.3_nodelim_norole_nocot,as autoridades,,Org,tp,
qwen3_14b,participants,lusa_17,ext_exp_temp0.3_nodelim_norole_nocot,Hong Kong,,Loc,tp,
qwen3_14b,participants,lusa_17,ext_exp_temp0.3_nodelim_norole_nocot,Os bombeiros,,Org,tp,
qwen3_14b,participants,lusa_17,ext_exp_temp0.3_nodelim_norole_nocot,O apartamento,,Fac,tp,
qwen3_14b,participants,lusa_17,ext_exp_temp0.3_nodelim_norole_nocot,As vítimas mortais,,Per,tp,
qwen3_14b,participants,lusa_17,ext_exp_temp0.3_nodelim_norole_nocot,um restaurante sem licença,,Other,tp,
qwen3_14b,participants,lusa_17,ext_exp_temp0.3_nodelim_norole_nocot,um edifício residencial,,Fac,tp,
qwen3_14b,participants,lusa_17,ext_exp_temp0.3_nodelim_norole_nocot,três homens,,Per,tp,
qwen3_14b,participants,lusa_17,ext_exp_temp0.3_nodelim_norole_nocot,o jornal South China Morning Post (SCMP),,Org,tp,
qwen3_14b,participants,lusa_17,ext_exp_temp0.3_nodelim_norole_nocot,Três homens,,Per,tp,
qwen3_14b,participants,lusa_17,ext_exp_temp0.3_nodelim_norole_nocot,a imprensa local,,Org,tp,
qwen3_14b,participants,lusa_17,ext_exp_temp0.3_nodelim_norole_nocot,um dos presentes,,,fp,
qwen3_14b,participants,lusa_17,ext_exp_temp0.3_nodelim_norole_nocot,apartamento,,,fp,
qwen3_14b,participants,lusa_17,ext_exp_temp0.3_nodelim_norole_nocot,conferência de imprensa,,,fp,
qwen3_14b,participants,lusa_17,ext_exp_temp0.3_nodelim_norole_nocot,sete em estado crítico,,,fp,
qwen3_14b,participants,lusa_17,ext_exp_temp0.3_nodelim_norole_nocot,um incêndio,,,fp,
qwen3_14b,participants,lusa_17,ext_exp_temp0.3_nodelim_norole_nocot,sete mortos,,,fp,
qwen3_14b,participants,lusa_17,ext_exp_temp0.3_nodelim_norole_nocot,vítimas,,,fp,
qwen3_14b,participants,lusa_17,ext_exp_temp0.3_nodelim_norole_nocot,sete pessoas,,,fp,
qwen3_14b,participants,lusa_17,ext_exp_temp0.3_nodelim_norole_nocot,edifício,,,fp,
qwen3_14b,participants,lusa_17,ext_exp_temp0.3_nodelim_norole_nocot,casa de banho,,,fp,
qwen3_14b,participants,lusa_17,ext_exp_temp0.3_nodelim_norole_nocot,se,,Per,fn,
qwen3_14b,participants,lusa_17,ext_exp_temp0.3_nodelim_norole_nocot,o apartamento,,Loc,fn,
qwen3_14b,participants,lusa_17,ext_exp_temp0.3_nodelim_norole_nocot,o edifício,,Loc,fn,
qwen3_14b,participants,lusa_17,ext_exp_temp0.3_nodelim_norole_nocot,A maioria,,Per,fn,
qwen3_14b,participants,lusa_17,ext_exp_temp0.3_nodelim_norole_nocot,os presentes,,Per,fn,
qwen3_14b,participants,lusa_17,ext_exp_temp0.3_nodelim_norole_nocot,a janela,,Obj,fn,
qwen3_14b,participants,lusa_17,ext_exp_temp0.3_nodelim_norole_nocot,as vítimas,,Per,fn,
qwen3_14b,participants,lusa_17,ext_exp_temp0.3_nodelim_norole_nocot,um,,Per,fn,
qwen3_14b,participants,lusa_17,ext_exp_temp0.3_nodelim_norole_nocot,o local,,Loc,fn,
qwen3_14b,participants,lusa_17,ext_exp_temp0.3_nodelim_norole_nocot,medidas,,Other,fn,
qwen3_14b,participants,lusa_17,ext_exp_temp0.3_nodelim_norole_nocot,sete,,Per,fn,
qwen3_14b,participants,lusa_17,ext_exp_temp0.3_nodelim_norole_nocot,a casa de banho,,Fac,fn,
qwen3_14b,participants,lusa_17,ext_exp_temp0.3_nodelim_norole_nocot,Pelo menos sete pessoas,,Per,fn,
qwen3_14b,participants,lusa_18,ext_exp_temp0.3_nodelim_norole_nocot,Heavy Group – Investimentos Limitada,,Org,tp,
qwen3_14b,participants,lusa_18,ext_exp_temp0.3_nodelim_norole_nocot,A PGR,,Org,tp,
qwen3_14b,participants,lusa_18,ext_exp_temp0.3_nodelim_norole_nocot,Angola,,Pl_country,tp,
qwen3_14b,participants,lusa_18,ext_exp_temp0.3_nodelim_norole_nocot,empresas privadas,,Org,tp,
qwen3_14b,participants,lusa_18,ext_exp_temp0.3_nodelim_norole_nocot,o projeto imobiliário Torres Eucaliptos,,Other,tp,
qwen3_14b,participants,lusa_18,ext_exp_temp0.3_nodelim_norole_nocot,LMC,,Org,tp,
qwen3_14b,participants,lusa_18,ext_exp_temp0.3_nodelim_norole_nocot,Universal Sabedoria,,Org,tp,
qwen3_14b,participants,lusa_18,ext_exp_temp0.3_nodelim_norole_nocot,o Estado,,Org,tp,
qwen3_14b,participants,lusa_18,ext_exp_temp0.3_nodelim_norole_nocot,o edifício Luanda Medical Center (LMC),,Fac,tp,
qwen3_14b,participants,lusa_18,ext_exp_temp0.3_nodelim_norole_nocot,o edifício Instituto Sapiens,,Fac,tp,
qwen3_14b,participants,lusa_18,ext_exp_temp0.3_nodelim_norole_nocot,os hotéis Monalisa Residence,,Org,tp,
qwen3_14b,participants,lusa_18,ext_exp_temp0.3_nodelim_norole_nocot,representantes legais,,,fp,
qwen3_14b,participants,lusa_18,ext_exp_temp0.3_nodelim_norole_nocot,todos em Luanda,,,fp,
qwen3_14b,participants,lusa_18,ext_exp_temp0.3_nodelim_norole_nocot,situado na Rua Amílcar Cabral,,,fp,
qwen3_14b,participants,lusa_18,ext_exp_temp0.3_nodelim_norole_nocot,Méssene – Investimentos Limitada,,,fp,
qwen3_14b,participants,lusa_18,ext_exp_temp0.3_nodelim_norole_nocot,no distrito da Ingombota,,,fp,
qwen3_14b,participants,lusa_18,ext_exp_temp0.3_nodelim_norole_nocot,Instituto Nacional de Segurança Social,,,fp,
qwen3_14b,participants,lusa_18,ext_exp_temp0.3_nodelim_norole_nocot,A Procuradoria-Geral da República (PGR) de Angola,,,fp,
qwen3_14b,participants,lusa_18,ext_exp_temp0.3_nodelim_norole_nocot,o comunicado da PGR,,,fp,
qwen3_14b,participants,lusa_18,ext_exp_temp0.3_nodelim_norole_nocot,em Talatona,,,fp,
qwen3_14b,participants,lusa_18,ext_exp_temp0.3_nodelim_norole_nocot,clínica Luanda Medical Center,,,fp,
qwen3_14b,participants,lusa_18,ext_exp_temp0.3_nodelim_norole_nocot,Estado,,,fp,
qwen3_14b,participants,lusa_18,ext_exp_temp0.3_nodelim_norole_nocot,hotel,,,fp,
qwen3_14b,participants,lusa_18,ext_exp_temp0.3_nodelim_norole_nocot,Edifício da Luanda Medical Center,,,fp,
qwen3_14b,participants,lusa_18,ext_exp_temp0.3_nodelim_norole_nocot,projeto imobiliário,,,fp,
qwen3_14b,participants,lusa_18,ext_exp_temp0.3_nodelim_norole_nocot,Serviçoo Nacional de Recuperação de Ativos,,,fp,
qwen3_14b,participants,lusa_18,ext_exp_temp0.3_nodelim_norole_nocot,os representantes legais,,Per,fn,
qwen3_14b,participants,lusa_18,ext_exp_temp0.3_nodelim_norole_nocot,a clínica Luanda Medical Center,,Org,fn,
qwen3_14b,participants,lusa_18,ext_exp_temp0.3_nodelim_norole_nocot,a Rua Amílcar Cabral,,Pl_civil,fn,
qwen3_14b,participants,lusa_18,ext_exp_temp0.3_nodelim_norole_nocot,as empresas Méssene – Investimentos Limitada,,Org,fn,
qwen3_14b,participants,lusa_18,ext_exp_temp0.3_nodelim_norole_nocot,o distrito da Ingombota,,Loc,fn,
qwen3_14b,participants,lusa_18,ext_exp_temp0.3_nodelim_norole_nocot,o seu,,Org,fn,
qwen3_14b,participants,lusa_18,ext_exp_temp0.3_nodelim_norole_nocot,um projeto imobiliário,,Other,fn,
qwen3_14b,participants,lusa_18,ext_exp_temp0.3_nodelim_norole_nocot,o comunicado,,Obj,fn,
qwen3_14b,participants,lusa_18,ext_exp_temp0.3_nodelim_norole_nocot,o Serviço Nacional de Recuperação de Ativos,,Org,fn,
qwen3_14b,participants,lusa_18,ext_exp_temp0.3_nodelim_norole_nocot,A Procuradoria-Geral da República (PGR),,Org,fn,
qwen3_14b,participants,lusa_18,ext_exp_temp0.3_nodelim_norole_nocot,mais três edifícios,,Fac,fn,
qwen3_14b,participants,lusa_18,ext_exp_temp0.3_nodelim_norole_nocot,o património imobiliário,,Other,fn,
qwen3_14b,participants,lusa_18,ext_exp_temp0.3_nodelim_norole_nocot,a PGR,,Org,fn,
qwen3_14b,participants,lusa_18,ext_exp_temp0.3_nodelim_norole_nocot,a nota,,Obj,fn,
qwen3_14b,participants,lusa_18,ext_exp_temp0.3_nodelim_norole_nocot,todos,,Loc,fn,
qwen3_14b,participants,lusa_18,ext_exp_temp0.3_nodelim_norole_nocot,Luanda,,Loc,fn,
qwen3_14b,participants,lusa_18,ext_exp_temp0.3_nodelim_norole_nocot,Talatona,,Loc,fn,
qwen3_14b,participants,lusa_18,ext_exp_temp0.3_nodelim_norole_nocot,os bens,,Obj,fn,
qwen3_14b,participants,lusa_18,ext_exp_temp0.3_nodelim_norole_nocot,um hotel,,Org,fn,
qwen3_14b,participants,lusa_18,ext_exp_temp0.3_nodelim_norole_nocot,fundos públicos,,Obj,fn,
qwen3_14b,participants,lusa_18,ext_exp_temp0.3_nodelim_norole_nocot,o Instituto Nacional de Segurança Social,,Org,fn,
qwen3_14b,participants,lusa_18,ext_exp_temp0.3_nodelim_norole_nocot,medidas,,Other,fn,
qwen3_14b,participants,lusa_18,ext_exp_temp0.3_nodelim_norole_nocot,Estes projetos imobiliários,,Other,fn,
qwen3_14b,participants,lusa_19,ext_exp_temp0.3_nodelim_norole_nocot,A Lusa,,Org,tp,
qwen3_14b,participants,lusa_19,ext_exp_temp0.3_nodelim_norole_nocot,o distrito de Leiria,,Pl_civil,tp,
qwen3_14b,participants,lusa_19,ext_exp_temp0.3_nodelim_norole_nocot,Diogo Morgado,,Per,tp,
qwen3_14b,participants,lusa_19,ext_exp_temp0.3_nodelim_norole_nocot,o corpo,,Other,tp,
qwen3_14b,participants,lusa_19,ext_exp_temp0.3_nodelim_norole_nocot,a GNR,,Org,tp,
qwen3_14b,participants,lusa_19,ext_exp_temp0.3_nodelim_norole_nocot,um homem de 75 anos,,Per,tp,
qwen3_14b,participants,lusa_19,ext_exp_temp0.3_nodelim_norole_nocot,a Polícia Judiciária,,Org,tp,
qwen3_14b,participants,lusa_19,ext_exp_temp0.3_nodelim_norole_nocot,a vítima,,Per,tp,
qwen3_14b,participants,lusa_19,ext_exp_temp0.3_nodelim_norole_nocot,Um homem de 75 anos,,Per,tp,
qwen3_14b,participants,lusa_19,ext_exp_temp0.3_nodelim_norole_nocot,a Polícia Judiciária de Leiria,,Org,tp,
qwen3_14b,participants,lusa_19,ext_exp_temp0.3_nodelim_norole_nocot,o local,,Fac,tp,
qwen3_14b,participants,lusa_19,ext_exp_temp0.3_nodelim_norole_nocot,uma familiar,,Per,tp,
qwen3_14b,participants,lusa_19,ext_exp_temp0.3_nodelim_norole_nocot,Leiria,,Pl_civil,tp,
qwen3_14b,participants,lusa_19,ext_exp_temp0.3_nodelim_norole_nocot,A GNR,,Org,tp,
qwen3_14b,participants,lusa_19,ext_exp_temp0.3_nodelim_norole_nocot,o mesmo responsável,,Per,tp,
qwen3_14b,participants,lusa_19,ext_exp_temp0.3_nodelim_norole_nocot,comandante do Destacamento Territorial das Caldas da Rainha da GNR,,,fp,
qwen3_14b,participants,lusa_19,ext_exp_temp0.3_nodelim_norole_nocot,a residência da vítima,,,fp,
qwen3_14b,participants,lusa_19,ext_exp_temp0.3_nodelim_norole_nocot,indícios,,,fp,
qwen3_14b,participants,lusa_19,ext_exp_temp0.3_nodelim_norole_nocot,à agência Lusa,,,fp,
qwen3_14b,participants,lusa_19,ext_exp_temp0.3_nodelim_norole_nocot,GNR,,,fp,
qwen3_14b,participants,lusa_19,ext_exp_temp0.3_nodelim_norole_nocot,Maiorga,,,fp,
qwen3_14b,participants,lusa_19,ext_exp_temp0.3_nodelim_norole_nocot,Alcobaça,,,fp,
qwen3_14b,participants,lusa_19,ext_exp_temp0.3_nodelim_norole_nocot,Homem,,,fp,
qwen3_14b,participants,lusa_19,ext_exp_temp0.3_nodelim_norole_nocot,Fervença,,,fp,
qwen3_14b,participants,lusa_19,ext_exp_temp0.3_nodelim_norole_nocot,o serviço de Medicina Legal,,Org,fn,
qwen3_14b,participants,lusa_19,ext_exp_temp0.3_nodelim_norole_nocot,os pés,,Other,fn,
qwen3_14b,participants,lusa_19,ext_exp_temp0.3_nodelim_norole_nocot,as Caldas da Rainha,,Pl_civil,fn,
qwen3_14b,participants,lusa_19,ext_exp_temp0.3_nodelim_norole_nocot,casa,,Fac,fn,
qwen3_14b,participants,lusa_19,ext_exp_temp0.3_nodelim_norole_nocot,o serviço de Medicina Legal de Leiria,,Org,fn,
qwen3_14b,participants,lusa_19,ext_exp_temp0.3_nodelim_norole_nocot,a localidade de Fervença,,Pl_civil,fn,
qwen3_14b,participants,lusa_19,ext_exp_temp0.3_nodelim_norole_nocot,o Destacamento Territorial das Caldas da Rainha,,Org,fn,
qwen3_14b,participants,lusa_19,ext_exp_temp0.3_nodelim_norole_nocot,onde,,Pl_civil,fn,
qwen3_14b,participants,lusa_19,ext_exp_temp0.3_nodelim_norole_nocot,as mãos,,Other,fn,
qwen3_14b,participants,lusa_19,ext_exp_temp0.3_nodelim_norole_nocot,agência Lusa,,Org,fn,
qwen3_14b,participants,lusa_19,ext_exp_temp0.3_nodelim_norole_nocot,freguesia de Maiorga,,Pl_civil,fn,
qwen3_14b,participants,lusa_19,ext_exp_temp0.3_nodelim_norole_nocot,a residência,,Fac,fn,
qwen3_14b,participants,lusa_19,ext_exp_temp0.3_nodelim_norole_nocot,comandante,,Per,fn,
qwen3_14b,participants,lusa_19,ext_exp_temp0.3_nodelim_norole_nocot,o concelho de Alcobaça,,Pl_civil,fn,
qwen3_14b,participants,lusa_19,ext_exp_temp0.3_nodelim_norole_nocot,que,,Per,fn,
qwen3_14b,participants,lusa_19,ext_exp_temp0.3_nodelim_norole_nocot,o Destacamento Territorial,,Org,fn,
qwen3_14b,participants,lusa_19,ext_exp_temp0.3_nodelim_norole_nocot,o homem,,Per,fn,
qwen3_14b,participants,lusa_19,ext_exp_temp0.3_nodelim_norole_nocot,O corpo,,Other,fn,
qwen3_14b,participants,lusa_19,ext_exp_temp0.3_nodelim_norole_nocot,as mães,,Other,fn,
qwen3_14b,participants,lusa_2,ext_exp_temp0.3_nodelim_norole_nocot,PSP,,Org,tp,
qwen3_14b,participants,lusa_2,ext_exp_temp0.3_nodelim_norole_nocot,cocaína,,Obj,tp,
qwen3_14b,participants,lusa_2,ext_exp_temp0.3_nodelim_norole_nocot,a PSP,,Org,tp,
qwen3_14b,participants,lusa_2,ext_exp_temp0.3_nodelim_norole_nocot,Porto,,Pl_civil,tp,
qwen3_14b,participants,lusa_2,ext_exp_temp0.3_nodelim_norole_nocot,aquela força policial,,Org,tp,
qwen3_14b,participants,lusa_2,ext_exp_temp0.3_nodelim_norole_nocot,bairro da Pasteleira Nova,,Pl_civil,tp,
qwen3_14b,participants,lusa_2,ext_exp_temp0.3_nodelim_norole_nocot,heroína,,Obj,tp,
qwen3_14b,participants,lusa_2,ext_exp_temp0.3_nodelim_norole_nocot,o detido,,Per,tp,
qwen3_14b,participants,lusa_2,ext_exp_temp0.3_nodelim_norole_nocot,arma de fogo,,,fp,
qwen3_14b,participants,lusa_2,ext_exp_temp0.3_nodelim_norole_nocot,599 doses individuais,,,fp,
qwen3_14b,participants,lusa_2,ext_exp_temp0.3_nodelim_norole_nocot,ao desempregado,,,fp,
qwen3_14b,participants,lusa_2,ext_exp_temp0.3_nodelim_norole_nocot,suspeito,,,fp,
qwen3_14b,participants,lusa_2,ext_exp_temp0.3_nodelim_norole_nocot,efetivo da Esquadra de Intervenção e Fiscalização Policial da 2.ª Divisão,,,fp,
qwen3_14b,participants,lusa_2,ext_exp_temp0.3_nodelim_norole_nocot,às Autoridades Judiciárias,,,fp,
qwen3_14b,participants,lusa_2,ext_exp_temp0.3_nodelim_norole_nocot,Equipas de Prevenção e Reação Imediata (EPRI),,,fp,
qwen3_14b,participants,lusa_2,ext_exp_temp0.3_nodelim_norole_nocot,235 doses individuais,,,fp,
qwen3_14b,participants,lusa_2,ext_exp_temp0.3_nodelim_norole_nocot,homem,,,fp,
qwen3_14b,participants,lusa_2,ext_exp_temp0.3_nodelim_norole_nocot,Comando Metropolitano do Porto da PSP,,,fp,
qwen3_14b,participants,lusa_2,ext_exp_temp0.3_nodelim_norole_nocot,222 euros em dinheiro,,Obj,fn,
qwen3_14b,participants,lusa_2,ext_exp_temp0.3_nodelim_norole_nocot,Esquadra de Intervenção e Fiscalização Policial da 2.ª Divisão,,Org,fn,
qwen3_14b,participants,lusa_2,ext_exp_temp0.3_nodelim_norole_nocot,o Comando Metropolitano,,Org,fn,
qwen3_14b,participants,lusa_2,ext_exp_temp0.3_nodelim_norole_nocot,comunicado,,Obj,fn,
qwen3_14b,participants,lusa_2,ext_exp_temp0.3_nodelim_norole_nocot,droga,,Obj,fn,
qwen3_14b,participants,lusa_2,ext_exp_temp0.3_nodelim_norole_nocot,o Comando Metropolitano do Porto,,Org,fn,
qwen3_14b,participants,lusa_2,ext_exp_temp0.3_nodelim_norole_nocot,cerca de 599 doses individuais,,Obj,fn,
qwen3_14b,participants,lusa_2,ext_exp_temp0.3_nodelim_norole_nocot,Equipas de Prevenção e Reação Imediata,,Per,fn,
qwen3_14b,participants,lusa_2,ext_exp_temp0.3_nodelim_norole_nocot,um ‘tablet',,Obj,fn,
qwen3_14b,participants,lusa_2,ext_exp_temp0.3_nodelim_norole_nocot,EPRI,,Per,fn,
qwen3_14b,participants,lusa_2,ext_exp_temp0.3_nodelim_norole_nocot,quatro munições,,Obj,fn,
qwen3_14b,participants,lusa_2,ext_exp_temp0.3_nodelim_norole_nocot,Um homem de 20 anos,,Per,fn,
qwen3_14b,participants,lusa_2,ext_exp_temp0.3_nodelim_norole_nocot,uma coluna de som,,Obj,fn,
qwen3_14b,participants,lusa_2,ext_exp_temp0.3_nodelim_norole_nocot,estupefacientes,,Obj,fn,
qwen3_14b,participants,lusa_2,ext_exp_temp0.3_nodelim_norole_nocot,uma arma de fogo,,Obj,fn,
qwen3_14b,participants,lusa_2,ext_exp_temp0.3_nodelim_norole_nocot,desempregado,,Per,fn,
qwen3_14b,participants,lusa_2,ext_exp_temp0.3_nodelim_norole_nocot,efetivo,,Per,fn,
qwen3_14b,participants,lusa_2,ext_exp_temp0.3_nodelim_norole_nocot,cerca de 235 doses individuais,,Obj,fn,
qwen3_14b,participants,lusa_21,ext_exp_temp0.3_nodelim_norole_nocot,o condutor,,Per,tp,
qwen3_14b,participants,lusa_21,ext_exp_temp0.3_nodelim_norole_nocot,testemunhas oculares,,Per,tp,
qwen3_14b,participants,lusa_21,ext_exp_temp0.3_nodelim_norole_nocot,condutor,,Per,tp,
qwen3_14b,participants,lusa_21,ext_exp_temp0.3_nodelim_norole_nocot,viatura,,Obj,tp,
qwen3_14b,participants,lusa_21,ext_exp_temp0.3_nodelim_norole_nocot,Filipe Guimarães,,Per,tp,
qwen3_14b,participants,lusa_21,ext_exp_temp0.3_nodelim_norole_nocot,uma viatura,,Obj,tp,
qwen3_14b,participants,lusa_21,ext_exp_temp0.3_nodelim_norole_nocot,Bombeiros locais,,Org,tp,
qwen3_14b,participants,lusa_21,ext_exp_temp0.3_nodelim_norole_nocot,Arcos de Valdevez,,Pl_civil,tp,
qwen3_14b,participants,lusa_21,ext_exp_temp0.3_nodelim_norole_nocot,Hospital de Viana do Castelo,,,fp,
qwen3_14b,participants,lusa_21,ext_exp_temp0.3_nodelim_norole_nocot,bombeiros,,,fp,
qwen3_14b,participants,lusa_21,ext_exp_temp0.3_nodelim_norole_nocot,Hospital de Braga,,,fp,
qwen3_14b,participants,lusa_21,ext_exp_temp0.3_nodelim_norole_nocot,à Lusa,,,fp,
qwen3_14b,participants,lusa_21,ext_exp_temp0.3_nodelim_norole_nocot,um segundo ocupante do automóvel,,,fp,
qwen3_14b,participants,lusa_21,ext_exp_temp0.3_nodelim_norole_nocot,viatura 'tunning',,,fp,
qwen3_14b,participants,lusa_21,ext_exp_temp0.3_nodelim_norole_nocot,Estrada Nacional 101,,,fp,
qwen3_14b,participants,lusa_21,ext_exp_temp0.3_nodelim_norole_nocot,o carro,,,fp,
qwen3_14b,participants,lusa_21,ext_exp_temp0.3_nodelim_norole_nocot,comandante dos Bombeiros locais,,,fp,
qwen3_14b,participants,lusa_21,ext_exp_temp0.3_nodelim_norole_nocot,num poste,,,fp,
qwen3_14b,participants,lusa_21,ext_exp_temp0.3_nodelim_norole_nocot,estrada,,Loc,fn,
qwen3_14b,participants,lusa_21,ext_exp_temp0.3_nodelim_norole_nocot,A Estrada Nacional 101,,Loc,fn,
qwen3_14b,participants,lusa_21,ext_exp_temp0.3_nodelim_norole_nocot,Braga,,Pl_civil,fn,
qwen3_14b,participants,lusa_21,ext_exp_temp0.3_nodelim_norole_nocot,um poste,,Obj,fn,
qwen3_14b,participants,lusa_21,ext_exp_temp0.3_nodelim_norole_nocot,uma viatura ‘tunning’ [transformada],,Obj,fn,
qwen3_14b,participants,lusa_21,ext_exp_temp0.3_nodelim_norole_nocot,duas faixas em cada sentido,,Other,fn,
qwen3_14b,participants,lusa_21,ext_exp_temp0.3_nodelim_norole_nocot,o Hospital de Viana do Castelo,,Loc,fn,
qwen3_14b,participants,lusa_21,ext_exp_temp0.3_nodelim_norole_nocot,o Hospital,,Fac,fn,
qwen3_14b,participants,lusa_21,ext_exp_temp0.3_nodelim_norole_nocot,destroços,,Obj,fn,
qwen3_14b,participants,lusa_21,ext_exp_temp0.3_nodelim_norole_nocot,óleo,,Other,fn,
qwen3_14b,participants,lusa_21,ext_exp_temp0.3_nodelim_norole_nocot,cerca de 150 metros antes,,Other,fn,
qwen3_14b,participants,lusa_21,ext_exp_temp0.3_nodelim_norole_nocot,automóvel,,Obj,fn,
qwen3_14b,participants,lusa_21,ext_exp_temp0.3_nodelim_norole_nocot,qual,,Obj,fn,
qwen3_14b,participants,lusa_21,ext_exp_temp0.3_nodelim_norole_nocot,que,,Other,fn,
qwen3_14b,participants,lusa_21,ext_exp_temp0.3_nodelim_norole_nocot,o Hospital de Braga,,Fac,fn,
qwen3_14b,participants,lusa_21,ext_exp_temp0.3_nodelim_norole_nocot,um segundo ocupante,,Per,fn,
qwen3_14b,participants,lusa_21,ext_exp_temp0.3_nodelim_norole_nocot,Lusa,,Org,fn,
qwen3_14b,participants,lusa_21,ext_exp_temp0.3_nodelim_norole_nocot,carro,,Obj,fn,
qwen3_14b,participants,lusa_21,ext_exp_temp0.3_nodelim_norole_nocot,freguesia de São Paio e Giela,,Loc,fn,
qwen3_14b,participants,lusa_21,ext_exp_temp0.3_nodelim_norole_nocot,o comandante,,Per,fn,
qwen3_14b,participants,lusa_22,ext_exp_temp0.3_nodelim_norole_nocot,Guiné Bissau,,Pl_country,tp,
qwen3_14b,participants,lusa_22,ext_exp_temp0.3_nodelim_norole_nocot,as autoridades de saúde,,Org,tp,
qwen3_14b,participants,lusa_22,ext_exp_temp0.3_nodelim_norole_nocot,o Presidente francês,,Per,tp,
qwen3_14b,participants,lusa_22,ext_exp_temp0.3_nodelim_norole_nocot,o mesmo comunicado,,Obj,tp,
qwen3_14b,participants,lusa_22,ext_exp_temp0.3_nodelim_norole_nocot,Paris,,Pl_country,tp,
qwen3_14b,participants,lusa_22,ext_exp_temp0.3_nodelim_norole_nocot,Covid-19,,Nat,tp,
qwen3_14b,participants,lusa_22,ext_exp_temp0.3_nodelim_norole_nocot,o novo coronavírus,,Nat,tp,
qwen3_14b,participants,lusa_22,ext_exp_temp0.3_nodelim_norole_nocot,O primeiro-ministro,,Per,tp,
qwen3_14b,participants,lusa_22,ext_exp_temp0.3_nodelim_norole_nocot,o primeiro-ministro,,Per,tp,
qwen3_14b,participants,lusa_22,ext_exp_temp0.3_nodelim_norole_nocot,O primeiro-ministro português,,Per,tp,
qwen3_14b,participants,lusa_22,ext_exp_temp0.3_nodelim_norole_nocot,São Tomé e Príncipe,,Pl_country,tp,
qwen3_14b,participants,lusa_22,ext_exp_temp0.3_nodelim_norole_nocot,Emmanuel Macron,,Per,tp,
qwen3_14b,participants,lusa_22,ext_exp_temp0.3_nodelim_norole_nocot,a agência Lusa,,Per,tp,
qwen3_14b,participants,lusa_22,ext_exp_temp0.3_nodelim_norole_nocot,gabinete de António Costa,,,fp,
qwen3_14b,participants,lusa_22,ext_exp_temp0.3_nodelim_norole_nocot,Palácio do Eliseu,,,fp,
qwen3_14b,participants,lusa_22,ext_exp_temp0.3_nodelim_norole_nocot,a sua presença física,,,fp,
qwen3_14b,participants,lusa_22,ext_exp_temp0.3_nodelim_norole_nocot,Presidente francês Emmanuel Macron,,,fp,
qwen3_14b,participants,lusa_22,ext_exp_temp0.3_nodelim_norole_nocot,Macron,,,fp,
qwen3_14b,participants,lusa_22,ext_exp_temp0.3_nodelim_norole_nocot,o teste,,,fp,
qwen3_14b,participants,lusa_22,ext_exp_temp0.3_nodelim_norole_nocot,Costa,,,fp,
qwen3_14b,participants,lusa_22,ext_exp_temp0.3_nodelim_norole_nocot,essa deslocação,,,fp,
qwen3_14b,participants,lusa_22,ext_exp_temp0.3_nodelim_norole_nocot,toda a agenda pública,,,fp,
qwen3_14b,participants,lusa_22,ext_exp_temp0.3_nodelim_norole_nocot,o gabinete,,Org,fn,
qwen3_14b,participants,lusa_22,ext_exp_temp0.3_nodelim_norole_nocot,a sua,,Per,fn,
qwen3_14b,participants,lusa_22,ext_exp_temp0.3_nodelim_norole_nocot,quem,,Per,fn,
qwen3_14b,participants,lusa_22,ext_exp_temp0.3_nodelim_norole_nocot,o Palácio do Eliseu,,Fac,fn,
qwen3_14b,participants,lusa_22,ext_exp_temp0.3_nodelim_norole_nocot,o Presidente francês Emmanuel Macron,,Per,fn,
qwen3_14b,participants,lusa_22,ext_exp_temp0.3_nodelim_norole_nocot,António Costa,,Per,fn,
qwen3_14b,participants,lusa_22,ext_exp_temp0.3_nodelim_norole_nocot,um teste,,Obj,fn,
qwen3_14b,participants,lusa_22,ext_exp_temp0.3_nodelim_norole_nocot,o comunicado,,Obj,fn,
qwen3_14b,participants,lusa_23,ext_exp_temp0.3_nodelim_norole_nocot,Dan Andrews,,Per,tp,
qwen3_14b,participants,lusa_23,ext_exp_temp0.3_nodelim_norole_nocot,A polícia,,Org,tp,
qwen3_14b,participants,lusa_23,ext_exp_temp0.3_nodelim_norole_nocot,Victoria,,Pl_civil,tp,
qwen3_14b,participants,lusa_23,ext_exp_temp0.3_nodelim_norole_nocot,um livro de regras pandémico,,Obj,tp,
qwen3_14b,participants,lusa_23,ext_exp_temp0.3_nodelim_norole_nocot,O líder,,Per,tp,
qwen3_14b,participants,lusa_23,ext_exp_temp0.3_nodelim_norole_nocot,dois hotéis,,Fac,tp,
qwen3_14b,participants,lusa_23,ext_exp_temp0.3_nodelim_norole_nocot,o primeiro-ministro de Victoria,,Per,tp,
qwen3_14b,participants,lusa_23,ext_exp_temp0.3_nodelim_norole_nocot,Andrews,,Per,tp,
qwen3_14b,participants,lusa_23,ext_exp_temp0.3_nodelim_norole_nocot,seguranças privados,,Per,tp,
qwen3_14b,participants,lusa_23,ext_exp_temp0.3_nodelim_norole_nocot,Melbourne,,Pl_civil,tp,
qwen3_14b,participants,lusa_23,ext_exp_temp0.3_nodelim_norole_nocot,o país,,Pl_civil,tp,
qwen3_14b,participants,lusa_23,ext_exp_temp0.3_nodelim_norole_nocot,governo do estado australiano de Victoria,,,fp,
qwen3_14b,participants,lusa_23,ext_exp_temp0.3_nodelim_norole_nocot,hotéis,,,fp,
qwen3_14b,participants,lusa_23,ext_exp_temp0.3_nodelim_norole_nocot,Governo de estado australiano,,,fp,
qwen3_14b,participants,lusa_23,ext_exp_temp0.3_nodelim_norole_nocot,Covi-19,,,fp,
qwen3_14b,participants,lusa_23,ext_exp_temp0.3_nodelim_norole_nocot,estado australiano de Victoria,,,fp,
qwen3_14b,participants,lusa_23,ext_exp_temp0.3_nodelim_norole_nocot,programa de quarentena,,,fp,
qwen3_14b,participants,lusa_23,ext_exp_temp0.3_nodelim_norole_nocot,hotéis de quarentena de Melbourne,,,fp,
qwen3_14b,participants,lusa_23,ext_exp_temp0.3_nodelim_norole_nocot,comunidade vitoriana,,,fp,
qwen3_14b,participants,lusa_23,ext_exp_temp0.3_nodelim_norole_nocot,o sistema de quarentena,,,fp,
qwen3_14b,participants,lusa_23,ext_exp_temp0.3_nodelim_norole_nocot,covid-19,,Nat,fn,
qwen3_14b,participants,lusa_23,ext_exp_temp0.3_nodelim_norole_nocot,os hotéis,,Fac,fn,
qwen3_14b,participants,lusa_23,ext_exp_temp0.3_nodelim_norole_nocot,o resto,,Pl_region,fn,
qwen3_14b,participants,lusa_23,ext_exp_temp0.3_nodelim_norole_nocot,uma onda de infeções,,Other,fn,
qwen3_14b,participants,lusa_23,ext_exp_temp0.3_nodelim_norole_nocot,o aeroporto,,Fac,fn,
qwen3_14b,participants,lusa_23,ext_exp_temp0.3_nodelim_norole_nocot,vírus,,Nat,fn,
qwen3_14b,participants,lusa_23,ext_exp_temp0.3_nodelim_norole_nocot,o governo,,Org,fn,
qwen3_14b,participants,lusa_23,ext_exp_temp0.3_nodelim_norole_nocot,o estado de Victoria,,Pl_civil,fn,
qwen3_14b,participants,lusa_23,ext_exp_temp0.3_nodelim_norole_nocot,o relatório de investigação,,Obj,fn,
qwen3_14b,participants,lusa_23,ext_exp_temp0.3_nodelim_norole_nocot,o aeroporto de Melbourne,,Fac,fn,
qwen3_14b,participants,lusa_23,ext_exp_temp0.3_nodelim_norole_nocot,o primeiro-ministro,,Per,fn,
qwen3_14b,participants,lusa_23,ext_exp_temp0.3_nodelim_norole_nocot,a segunda maior cidade da Austrália,,Pl_civil,fn,
qwen3_14b,participants,lusa_23,ext_exp_temp0.3_nodelim_norole_nocot,o resto do país,,Pl_civil,fn,
qwen3_14b,participants,lusa_23,ext_exp_temp0.3_nodelim_norole_nocot,à comunidade vitoriana,,Per,fn,
qwen3_14b,participants,lusa_23,ext_exp_temp0.3_nodelim_norole_nocot,o estado australiano de Victoria,,Pl_civil,fn,
qwen3_14b,participants,lusa_23,ext_exp_temp0.3_nodelim_norole_nocot,este dois oitos,,Fac,fn,
qwen3_14b,participants,lusa_24,ext_exp_temp0.3_nodelim_norole_nocot,A Autoridade Marítima Nacional,,Org,tp,
qwen3_14b,participants,lusa_24,ext_exp_temp0.3_nodelim_norole_nocot,dois pescadores,,Per,tp,
qwen3_14b,participants,lusa_24,ext_exp_temp0.3_nodelim_norole_nocot,o Centro de Coordenação de Busca e Salvamento Marítimo de Lisboa,,Org,tp,
qwen3_14b,participants,lusa_24,ext_exp_temp0.3_nodelim_norole_nocot,Vila Real de Santo António,,Pl_civil,tp,
qwen3_14b,participants,lusa_24,ext_exp_temp0.3_nodelim_norole_nocot,a autoridade,,Org,tp,
qwen3_14b,participants,lusa_24,ext_exp_temp0.3_nodelim_norole_nocot,o homem de nacionalidade romena,,Per,tp,
qwen3_14b,participants,lusa_24,ext_exp_temp0.3_nodelim_norole_nocot,Foz de Odeleite,,Pl_civil,tp,
qwen3_14b,participants,lusa_24,ext_exp_temp0.3_nodelim_norole_nocot,rio Guadiana,,Pl_water,tp,
qwen3_14b,participants,lusa_24,ext_exp_temp0.3_nodelim_norole_nocot,Lisboa,,Pl_capital,tp,
qwen3_14b,participants,lusa_24,ext_exp_temp0.3_nodelim_norole_nocot,O Capitão do Porto de Vila Real de Santo António,,,fp,
qwen3_14b,participants,lusa_24,ext_exp_temp0.3_nodelim_norole_nocot,uma embarcação da Estação Salva-vidas de Vila Real de Santo António,,,fp,
qwen3_14b,participants,lusa_24,ext_exp_temp0.3_nodelim_norole_nocot,no rio Guadiana,,,fp,
qwen3_14b,participants,lusa_24,ext_exp_temp0.3_nodelim_norole_nocot,o concelho de Castro Marim,,,fp,
qwen3_14b,participants,lusa_24,ext_exp_temp0.3_nodelim_norole_nocot,homem desaparecido,,,fp,
qwen3_14b,participants,lusa_24,ext_exp_temp0.3_nodelim_norole_nocot,um homem,,,fp,
qwen3_14b,participants,lusa_24,ext_exp_temp0.3_nodelim_norole_nocot,uma embarcação da Polícia Marítima,,,fp,
qwen3_14b,participants,lusa_24,ext_exp_temp0.3_nodelim_norole_nocot,Autoridades,,,fp,
qwen3_14b,participants,lusa_24,ext_exp_temp0.3_nodelim_norole_nocot,a Estação Salva-vidas de Vila Real de Santo António,,,fp,
qwen3_14b,participants,lusa_24,ext_exp_temp0.3_nodelim_norole_nocot,a Polícia Marítima,,,fp,
qwen3_14b,participants,lusa_24,ext_exp_temp0.3_nodelim_norole_nocot,Castro Marim,,,fp,
qwen3_14b,participants,lusa_24,ext_exp_temp0.3_nodelim_norole_nocot,Autoridade Marítima Nacional,,Org,fn,
qwen3_14b,participants,lusa_24,ext_exp_temp0.3_nodelim_norole_nocot,Estação Salva-vidas,,Fac,fn,
qwen3_14b,participants,lusa_24,ext_exp_temp0.3_nodelim_norole_nocot,comunicado,,Obj,fn,
qwen3_14b,participants,lusa_24,ext_exp_temp0.3_nodelim_norole_nocot,Polícia Marítima,,Org,fn,
qwen3_14b,participants,lusa_24,ext_exp_temp0.3_nodelim_norole_nocot,"um homem, de 48 anos",,Per,fn,
qwen3_14b,participants,lusa_24,ext_exp_temp0.3_nodelim_norole_nocot,O Capitão,,Per,fn,
qwen3_14b,participants,lusa_24,ext_exp_temp0.3_nodelim_norole_nocot,água,,Pl_water,fn,
qwen3_14b,participants,lusa_24,ext_exp_temp0.3_nodelim_norole_nocot,o,,Per,fn,
qwen3_14b,participants,lusa_24,ext_exp_temp0.3_nodelim_norole_nocot,Estação Salva-vidas de Vila Real de Santo António,,Fac,fn,
qwen3_14b,participants,lusa_24,ext_exp_temp0.3_nodelim_norole_nocot,que,,Per,fn,
qwen3_14b,participants,lusa_24,ext_exp_temp0.3_nodelim_norole_nocot,o Porto,,Fac,fn,
qwen3_14b,participants,lusa_24,ext_exp_temp0.3_nodelim_norole_nocot,fonte,,Per,fn,
qwen3_14b,participants,lusa_24,ext_exp_temp0.3_nodelim_norole_nocot,uma embarcação,,Obj,fn,
qwen3_14b,participants,lusa_24,ext_exp_temp0.3_nodelim_norole_nocot,Lusa,,Org,fn,
qwen3_14b,participants,lusa_24,ext_exp_temp0.3_nodelim_norole_nocot,o Centro de Coordenação de Busca e Salvamento Marítimo,,Org,fn,
qwen3_14b,participants,lusa_24,ext_exp_temp0.3_nodelim_norole_nocot,o local,,Pl_civil,fn,
qwen3_14b,participants,lusa_24,ext_exp_temp0.3_nodelim_norole_nocot,o Porto de Vila Real de Santo António,,Fac,fn,
qwen3_14b,participants,lusa_24,ext_exp_temp0.3_nodelim_norole_nocot,concelho de Castro Marim,,Pl_civil,fn,
qwen3_14b,participants,lusa_25,ext_exp_temp0.3_nodelim_norole_nocot,Amadora,,Pl_civil,tp,
qwen3_14b,participants,lusa_25,ext_exp_temp0.3_nodelim_norole_nocot,Um jovem de 17 anos,,Per,tp,
qwen3_14b,participants,lusa_25,ext_exp_temp0.3_nodelim_norole_nocot,bairro Casal da Mira,,Pl_civil,tp,
qwen3_14b,participants,lusa_25,ext_exp_temp0.3_nodelim_norole_nocot,fonte,,Per,tp,
qwen3_14b,participants,lusa_25,ext_exp_temp0.3_nodelim_norole_nocot,Polícia Judiciária (PJ),,Org,tp,
qwen3_14b,participants,lusa_25,ext_exp_temp0.3_nodelim_norole_nocot,uma arma de fogo,,Obj,tp,
qwen3_14b,participants,lusa_25,ext_exp_temp0.3_nodelim_norole_nocot,distrito de Lisboa,,Pl_civil,tp,
qwen3_14b,participants,lusa_25,ext_exp_temp0.3_nodelim_norole_nocot,Amadora-Sintra,,,fp,
qwen3_14b,participants,lusa_25,ext_exp_temp0.3_nodelim_norole_nocot,PSP,,,fp,
qwen3_14b,participants,lusa_25,ext_exp_temp0.3_nodelim_norole_nocot,à agência Lusa,,,fp,
qwen3_14b,participants,lusa_25,ext_exp_temp0.3_nodelim_norole_nocot,Jovem,,,fp,
qwen3_14b,participants,lusa_25,ext_exp_temp0.3_nodelim_norole_nocot,o ferido,,,fp,
qwen3_14b,participants,lusa_25,ext_exp_temp0.3_nodelim_norole_nocot,Hospital Professor Doutor Fernando Fonseca,,,fp,
qwen3_14b,participants,lusa_25,ext_exp_temp0.3_nodelim_norole_nocot,fonte da PSP,,,fp,
qwen3_14b,participants,lusa_25,ext_exp_temp0.3_nodelim_norole_nocot,Cometlis,,Org,fn,
qwen3_14b,participants,lusa_25,ext_exp_temp0.3_nodelim_norole_nocot,o Comando Metropolitano,,Org,fn,
qwen3_14b,participants,lusa_25,ext_exp_temp0.3_nodelim_norole_nocot,o Hospital Professor Doutor Fernando Fonseca [Amadora-Sintra],,Loc,fn,
qwen3_14b,participants,lusa_25,ext_exp_temp0.3_nodelim_norole_nocot,Lusa,,Org,fn,
qwen3_14b,participants,lusa_25,ext_exp_temp0.3_nodelim_norole_nocot,agência Lusa,,Org,fn,
qwen3_14b,participants,lusa_25,ext_exp_temp0.3_nodelim_norole_nocot,a PSP,,Org,fn,
qwen3_14b,participants,lusa_25,ext_exp_temp0.3_nodelim_norole_nocot,peito,,Other,fn,
qwen3_14b,participants,lusa_25,ext_exp_temp0.3_nodelim_norole_nocot,o Comando Metropolitano de Lisboa,,Org,fn,
qwen3_14b,participants,lusa_25,ext_exp_temp0.3_nodelim_norole_nocot,o Cometlis,,Org,fn,
qwen3_14b,participants,lusa_25,ext_exp_temp0.3_nodelim_norole_nocot,quaisquer suspeitos,,Per,fn,
qwen3_14b,participants,lusa_25,ext_exp_temp0.3_nodelim_norole_nocot,Lisboa,,Pl_civil,fn,
qwen3_14b,participants,lusa_26,ext_exp_temp0.3_nodelim_norole_nocot,O futebolista brasileiro Alex Apolinário,,Per,tp,
qwen3_14b,participants,lusa_26,ext_exp_temp0.3_nodelim_norole_nocot,atletas,,Per,tp,
qwen3_14b,participants,lusa_26,ext_exp_temp0.3_nodelim_norole_nocot,Alverca Futebol SAD,,Org,tp,
qwen3_14b,participants,lusa_26,ext_exp_temp0.3_nodelim_norole_nocot,clubes,,Org,tp,
qwen3_14b,participants,lusa_26,ext_exp_temp0.3_nodelim_norole_nocot,instituições,,Org,tp,
qwen3_14b,participants,lusa_26,ext_exp_temp0.3_nodelim_norole_nocot,o atleta,,Per,tp,
qwen3_14b,participants,lusa_26,ext_exp_temp0.3_nodelim_norole_nocot,Alverca,,Org,tp,
qwen3_14b,participants,lusa_26,ext_exp_temp0.3_nodelim_norole_nocot,adeptos,,Per,tp,
qwen3_14b,participants,lusa_26,ext_exp_temp0.3_nodelim_norole_nocot,os ribatejanos,,Per,tp,
qwen3_14b,participants,lusa_26,ext_exp_temp0.3_nodelim_norole_nocot,atleta,,Per,tp,
qwen3_14b,participants,lusa_26,ext_exp_temp0.3_nodelim_norole_nocot,União de Almeirim,,Org,tp,
qwen3_14b,participants,lusa_26,ext_exp_temp0.3_nodelim_norole_nocot,Alex Apolinário,,Per,tp,
qwen3_14b,participants,lusa_26,ext_exp_temp0.3_nodelim_norole_nocot,clube,,Org,tp,
qwen3_14b,participants,lusa_26,ext_exp_temp0.3_nodelim_norole_nocot,o Facebook do clube,,,fp,
qwen3_14b,participants,lusa_26,ext_exp_temp0.3_nodelim_norole_nocot,a onda de solidariedade,,,fp,
qwen3_14b,participants,lusa_26,ext_exp_temp0.3_nodelim_norole_nocot,seus familiares,,,fp,
qwen3_14b,participants,lusa_26,ext_exp_temp0.3_nodelim_norole_nocot,Campeonato de Portugal,,,fp,
qwen3_14b,participants,lusa_26,ext_exp_temp0.3_nodelim_norole_nocot,profissionais de saúde,,,fp,
qwen3_14b,participants,lusa_26,ext_exp_temp0.3_nodelim_norole_nocot,o clube do Campeonato de Portugal,,,fp,
qwen3_14b,participants,lusa_26,ext_exp_temp0.3_nodelim_norole_nocot,corpo clínico do Hospital de Vila Franca de Xira,,,fp,
qwen3_14b,participants,lusa_26,ext_exp_temp0.3_nodelim_norole_nocot,SAD alverquense,,,fp,
qwen3_14b,participants,lusa_26,ext_exp_temp0.3_nodelim_norole_nocot,Hospital de Vila Franca de Xira,,,fp,
qwen3_14b,participants,lusa_26,ext_exp_temp0.3_nodelim_norole_nocot,familiares,,Per,fn,
qwen3_14b,participants,lusa_26,ext_exp_temp0.3_nodelim_norole_nocot,Facebook,,Other,fn,
qwen3_14b,participants,lusa_26,ext_exp_temp0.3_nodelim_norole_nocot,se,,Other,fn,
qwen3_14b,participants,lusa_26,ext_exp_temp0.3_nodelim_norole_nocot,mensagens,,Other,fn,
qwen3_14b,participants,lusa_26,ext_exp_temp0.3_nodelim_norole_nocot,o mesmo comunicado,,Obj,fn,
qwen3_14b,participants,lusa_26,ext_exp_temp0.3_nodelim_norole_nocot,seus,,Per,fn,
qwen3_14b,participants,lusa_26,ext_exp_temp0.3_nodelim_norole_nocot,o comunicado,,Obj,fn,
qwen3_14b,participants,lusa_26,ext_exp_temp0.3_nodelim_norole_nocot,o Hospital de Vila Franca de Xira,,Loc,fn,
qwen3_14b,participants,lusa_26,ext_exp_temp0.3_nodelim_norole_nocot,todo o mundo,,Loc,fn,
qwen3_14b,participants,lusa_26,ext_exp_temp0.3_nodelim_norole_nocot,quatro cantos do mundo,,Loc,fn,
qwen3_14b,participants,lusa_26,ext_exp_temp0.3_nodelim_norole_nocot,nós,,Org,fn,
qwen3_14b,participants,lusa_26,ext_exp_temp0.3_nodelim_norole_nocot,que,,Other,fn,
qwen3_14b,participants,lusa_26,ext_exp_temp0.3_nodelim_norole_nocot,a SAD alverquense,,Org,fn,
qwen3_14b,participants,lusa_26,ext_exp_temp0.3_nodelim_norole_nocot,uma nota,,Obj,fn,
qwen3_14b,participants,lusa_26,ext_exp_temp0.3_nodelim_norole_nocot,todos,,Per,fn,
qwen3_14b,participants,lusa_26,ext_exp_temp0.3_nodelim_norole_nocot,aos profissionais de saúde,,Per,fn,
qwen3_14b,participants,lusa_26,ext_exp_temp0.3_nodelim_norole_nocot,o clube,,Org,fn,
qwen3_14b,participants,lusa_26,ext_exp_temp0.3_nodelim_norole_nocot,o Campeonato de Portugal,,Other,fn,
qwen3_14b,participants,lusa_26,ext_exp_temp0.3_nodelim_norole_nocot,o corpo clínico,,Per,fn,
qwen3_14b,participants,lusa_26,ext_exp_temp0.3_nodelim_norole_nocot,informações,,Other,fn,
qwen3_14b,participants,lusa_27,ext_exp_temp0.3_nodelim_norole_nocot,três ligeiros,,Obj,tp,
qwen3_14b,participants,lusa_27,ext_exp_temp0.3_nodelim_norole_nocot,Instituto Nacional de Emergência Médica (INEM),,Org,tp,
qwen3_14b,participants,lusa_27,ext_exp_temp0.3_nodelim_norole_nocot,GNR,,Org,tp,
qwen3_14b,participants,lusa_27,ext_exp_temp0.3_nodelim_norole_nocot,hospital,,Org,tp,
qwen3_14b,participants,lusa_27,ext_exp_temp0.3_nodelim_norole_nocot,Loures,,Pl_civil,tp,
qwen3_14b,participants,lusa_27,ext_exp_temp0.3_nodelim_norole_nocot,Lusa,,Org,tp,
qwen3_14b,participants,lusa_27,ext_exp_temp0.3_nodelim_norole_nocot,10 viaturas,,Obj,tp,
qwen3_14b,participants,lusa_27,ext_exp_temp0.3_nodelim_norole_nocot,autoestrada do Norte,,Fac,tp,
qwen3_14b,participants,lusa_27,ext_exp_temp0.3_nodelim_norole_nocot,viaturas,,Obj,tp,
qwen3_14b,participants,lusa_27,ext_exp_temp0.3_nodelim_norole_nocot,fonte,,Per,tp,
qwen3_14b,participants,lusa_27,ext_exp_temp0.3_nodelim_norole_nocot,a criança de 12 anos,,Per,tp,
qwen3_14b,participants,lusa_27,ext_exp_temp0.3_nodelim_norole_nocot,A criança de 12 anos,,Per,tp,
qwen3_14b,participants,lusa_27,ext_exp_temp0.3_nodelim_norole_nocot,Comando Geral da GNR,,Org,tp,
qwen3_14b,participants,lusa_27,ext_exp_temp0.3_nodelim_norole_nocot,22 operacionais dos bombeiros,,,fp,
qwen3_14b,participants,lusa_27,ext_exp_temp0.3_nodelim_norole_nocot,à Lusa,,,fp,
qwen3_14b,participants,lusa_27,ext_exp_temp0.3_nodelim_norole_nocot,zona de São João da Talha,,,fp,
qwen3_14b,participants,lusa_27,ext_exp_temp0.3_nodelim_norole_nocot,Criança,,,fp,
qwen3_14b,participants,lusa_27,ext_exp_temp0.3_nodelim_norole_nocot,autoestrada,,,fp,
qwen3_14b,participants,lusa_27,ext_exp_temp0.3_nodelim_norole_nocot,Norte,,,fp,
qwen3_14b,participants,lusa_27,ext_exp_temp0.3_nodelim_norole_nocot,A criança,,,fp,
qwen3_14b,participants,lusa_27,ext_exp_temp0.3_nodelim_norole_nocot,acidente,,,fp,
qwen3_14b,participants,lusa_27,ext_exp_temp0.3_nodelim_norole_nocot,quatro feridos,,,fp,
qwen3_14b,participants,lusa_27,ext_exp_temp0.3_nodelim_norole_nocot,policia,,,fp,
qwen3_14b,participants,lusa_27,ext_exp_temp0.3_nodelim_norole_nocot,outros quatro feridos,,Per,fn,
qwen3_14b,participants,lusa_27,ext_exp_temp0.3_nodelim_norole_nocot,bombeiros,,Org,fn,
qwen3_14b,participants,lusa_27,ext_exp_temp0.3_nodelim_norole_nocot,autoestrada no Norte,,Fac,fn,
qwen3_14b,participants,lusa_27,ext_exp_temp0.3_nodelim_norole_nocot,uma,,Obj,fn,
qwen3_14b,participants,lusa_27,ext_exp_temp0.3_nodelim_norole_nocot,que,,Per,fn,
qwen3_14b,participants,lusa_27,ext_exp_temp0.3_nodelim_norole_nocot,polícia,,Org,fn,
qwen3_14b,participants,lusa_27,ext_exp_temp0.3_nodelim_norole_nocot,quilómetro quatro,,Loc,fn,
qwen3_14b,participants,lusa_27,ext_exp_temp0.3_nodelim_norole_nocot,o hospital,,Loc,fn,
qwen3_14b,participants,lusa_27,ext_exp_temp0.3_nodelim_norole_nocot,São João da Talha,,Pl_civil,fn,
qwen3_14b,participants,lusa_27,ext_exp_temp0.3_nodelim_norole_nocot,todos,,Per,fn,
qwen3_14b,participants,lusa_27,ext_exp_temp0.3_nodelim_norole_nocot,a faixa lateral,,Other,fn,
qwen3_14b,participants,lusa_27,ext_exp_temp0.3_nodelim_norole_nocot,o local,,Loc,fn,
qwen3_14b,participants,lusa_27,ext_exp_temp0.3_nodelim_norole_nocot,sentido Norte/Sul,,Other,fn,
qwen3_14b,participants,lusa_27,ext_exp_temp0.3_nodelim_norole_nocot,22 operacionais,,Per,fn,
qwen3_14b,participants,lusa_28,ext_exp_temp0.3_nodelim_norole_nocot,O avançado,,Per,tp,
qwen3_14b,participants,lusa_28,ext_exp_temp0.3_nodelim_norole_nocot,aquela diário,,Org,tp,
qwen3_14b,participants,lusa_28,ext_exp_temp0.3_nodelim_norole_nocot,os meios de comunicação holandeses,,Org,tp,
qwen3_14b,participants,lusa_28,ext_exp_temp0.3_nodelim_norole_nocot,a seleção holandesa,,Org,tp,
qwen3_14b,participants,lusa_28,ext_exp_temp0.3_nodelim_norole_nocot,os dois,,Per,tp,
qwen3_14b,participants,lusa_28,ext_exp_temp0.3_nodelim_norole_nocot,Promes,,Per,tp,
qwen3_14b,participants,lusa_28,ext_exp_temp0.3_nodelim_norole_nocot,a vítima,,Per,tp,
qwen3_14b,participants,lusa_28,ext_exp_temp0.3_nodelim_norole_nocot,fontes policiais,,Per,tp,
qwen3_14b,participants,lusa_28,ext_exp_temp0.3_nodelim_norole_nocot,fonte policial,,Per,tp,
qwen3_14b,participants,lusa_28,ext_exp_temp0.3_nodelim_norole_nocot,esta,,Per,tp,
qwen3_14b,participants,lusa_28,ext_exp_temp0.3_nodelim_norole_nocot,o diário De Telegraaf,,Org,tp,
qwen3_14b,participants,lusa_28,ext_exp_temp0.3_nodelim_norole_nocot,a festa,,,fp,
qwen3_14b,participants,lusa_28,ext_exp_temp0.3_nodelim_norole_nocot,futebolista do Ajax,,,fp,
qwen3_14b,participants,lusa_28,ext_exp_temp0.3_nodelim_norole_nocot,Alguns nos presentes na festa,,,fp,
qwen3_14b,participants,lusa_28,ext_exp_temp0.3_nodelim_norole_nocot,Futebolista Quincy Promes,,,fp,
qwen3_14b,participants,lusa_28,ext_exp_temp0.3_nodelim_norole_nocot,um familiar,,,fp,
qwen3_14b,participants,lusa_28,ext_exp_temp0.3_nodelim_norole_nocot,Quincy Promes,,,fp,
qwen3_14b,participants,lusa_28,ext_exp_temp0.3_nodelim_norole_nocot,Ajax,,,fp,
qwen3_14b,participants,lusa_28,ext_exp_temp0.3_nodelim_norole_nocot,familiar,,,fp,
qwen3_14b,participants,lusa_28,ext_exp_temp0.3_nodelim_norole_nocot,a província de Utrecht,,Pl_civil,fn,
qwen3_14b,participants,lusa_28,ext_exp_temp0.3_nodelim_norole_nocot,Spartak de Moscovo,,Org,fn,
qwen3_14b,participants,lusa_28,ext_exp_temp0.3_nodelim_norole_nocot,Alguns,,Per,fn,
qwen3_14b,participants,lusa_28,ext_exp_temp0.3_nodelim_norole_nocot,futebolista,,Per,fn,
qwen3_14b,participants,lusa_28,ext_exp_temp0.3_nodelim_norole_nocot,Abcoude,,Pl_civil,fn,
qwen3_14b,participants,lusa_28,ext_exp_temp0.3_nodelim_norole_nocot,propriedade,,Loc,fn,
qwen3_14b,participants,lusa_28,ext_exp_temp0.3_nodelim_norole_nocot,em familiar,,Per,fn,
qwen3_14b,participants,lusa_28,ext_exp_temp0.3_nodelim_norole_nocot,os presentes,,Per,fn,
qwen3_14b,participants,lusa_28,ext_exp_temp0.3_nodelim_norole_nocot,a pena máxima,,Other,fn,
qwen3_14b,participants,lusa_28,ext_exp_temp0.3_nodelim_norole_nocot,o pescoço,,Other,fn,
qwen3_14b,participants,lusa_28,ext_exp_temp0.3_nodelim_norole_nocot,um armazém,,Fac,fn,
qwen3_14b,participants,lusa_28,ext_exp_temp0.3_nodelim_norole_nocot,lesões graves,,Other,fn,
qwen3_14b,participants,lusa_28,ext_exp_temp0.3_nodelim_norole_nocot,uma pequena povoação,,Pl_civil,fn,
qwen3_14b,participants,lusa_28,ext_exp_temp0.3_nodelim_norole_nocot,sete golos,,Other,fn,
qwen3_14b,participants,lusa_28,ext_exp_temp0.3_nodelim_norole_nocot,o Ajax,,Org,fn,
qwen3_14b,participants,lusa_28,ext_exp_temp0.3_nodelim_norole_nocot,os Países Baixos,,Pl_country,fn,
qwen3_14b,participants,lusa_28,ext_exp_temp0.3_nodelim_norole_nocot,Sevilha,,Org,fn,
qwen3_14b,participants,lusa_28,ext_exp_temp0.3_nodelim_norole_nocot,o Twente,,Org,fn,
qwen3_14b,participants,lusa_28,ext_exp_temp0.3_nodelim_norole_nocot,O internacional holandês Quincy Promes,,Per,fn,
qwen3_14b,participants,lusa_29,ext_exp_temp0.3_nodelim_norole_nocot,a embarcação,,Obj,tp,
qwen3_14b,participants,lusa_29,ext_exp_temp0.3_nodelim_norole_nocot,A Unidade de Controlo Costeiro (UCC),,Org,tp,
qwen3_14b,participants,lusa_29,ext_exp_temp0.3_nodelim_norole_nocot,GNR,,Org,tp,
qwen3_14b,participants,lusa_29,ext_exp_temp0.3_nodelim_norole_nocot,a GNR,,Org,tp,
qwen3_14b,participants,lusa_29,ext_exp_temp0.3_nodelim_norole_nocot,duas embarcações,,Obj,tp,
qwen3_14b,participants,lusa_29,ext_exp_temp0.3_nodelim_norole_nocot,Sistema Integrado de Vigilância e Comando e Controlo (SIVICC),,Org,tp,
qwen3_14b,participants,lusa_29,ext_exp_temp0.3_nodelim_norole_nocot,a Guarda Nacional Republicana (GNR),,Org,tp,
qwen3_14b,participants,lusa_29,ext_exp_temp0.3_nodelim_norole_nocot,as duas embarcações,,Obj,tp,
qwen3_14b,participants,lusa_29,ext_exp_temp0.3_nodelim_norole_nocot,dois homens,,Per,tp,
qwen3_14b,participants,lusa_29,ext_exp_temp0.3_nodelim_norole_nocot,Olhão,,,fp,
qwen3_14b,participants,lusa_29,ext_exp_temp0.3_nodelim_norole_nocot,os dois tripulantes,,,fp,
qwen3_14b,participants,lusa_29,ext_exp_temp0.3_nodelim_norole_nocot,objetos que se assemelhavam a fardos de haxixe,,,fp,
qwen3_14b,participants,lusa_29,ext_exp_temp0.3_nodelim_norole_nocot,a embarcação de fibra,,,fp,
qwen3_14b,participants,lusa_29,ext_exp_temp0.3_nodelim_norole_nocot,os meios marítimos da UCC,,,fp,
qwen3_14b,participants,lusa_29,ext_exp_temp0.3_nodelim_norole_nocot,Algarve,,,fp,
qwen3_14b,participants,lusa_29,ext_exp_temp0.3_nodelim_norole_nocot,barco,,,fp,
qwen3_14b,participants,lusa_29,ext_exp_temp0.3_nodelim_norole_nocot,fardos de haxixe,,Obj,fn,
qwen3_14b,participants,lusa_29,ext_exp_temp0.3_nodelim_norole_nocot,dois milhões de euros,,Other,fn,
qwen3_14b,participants,lusa_29,ext_exp_temp0.3_nodelim_norole_nocot,embarcação de fibra,,Obj,fn,
qwen3_14b,participants,lusa_29,ext_exp_temp0.3_nodelim_norole_nocot,embarcação,,Obj,fn,
qwen3_14b,participants,lusa_29,ext_exp_temp0.3_nodelim_norole_nocot,o produto estupefaciente,,Obj,fn,
qwen3_14b,participants,lusa_29,ext_exp_temp0.3_nodelim_norole_nocot,785 quilos,,Other,fn,
qwen3_14b,participants,lusa_29,ext_exp_temp0.3_nodelim_norole_nocot,mar,,Nat,fn,
qwen3_14b,participants,lusa_29,ext_exp_temp0.3_nodelim_norole_nocot,comunicado,,Obj,fn,
qwen3_14b,participants,lusa_29,ext_exp_temp0.3_nodelim_norole_nocot,785 quilos de haxixe,,Obj,fn,
qwen3_14b,participants,lusa_29,ext_exp_temp0.3_nodelim_norole_nocot,um peso total,,Other,fn,
qwen3_14b,participants,lusa_29,ext_exp_temp0.3_nodelim_norole_nocot,que,,Obj,fn,
qwen3_14b,participants,lusa_29,ext_exp_temp0.3_nodelim_norole_nocot,os meios marítimos,,Other,fn,
qwen3_14b,participants,lusa_29,ext_exp_temp0.3_nodelim_norole_nocot,um valor,,Other,fn,
qwen3_14b,participants,lusa_29,ext_exp_temp0.3_nodelim_norole_nocot,Olhão (Algarve),,Loc,fn,
qwen3_14b,participants,lusa_29,ext_exp_temp0.3_nodelim_norole_nocot,22 fardos de haxixe,,Obj,fn,
qwen3_14b,participants,lusa_29,ext_exp_temp0.3_nodelim_norole_nocot,"os dois tripulantes, com 24 e 26 anos",,Per,fn,
qwen3_14b,participants,lusa_29,ext_exp_temp0.3_nodelim_norole_nocot,UCC,,Org,fn,
qwen3_14b,participants,lusa_29,ext_exp_temp0.3_nodelim_norole_nocot,objetos,,Obj,fn,
qwen3_14b,participants,lusa_3,ext_exp_temp0.3_nodelim_norole_nocot,Cabeceiras,,Pl_civil,tp,
qwen3_14b,participants,lusa_3,ext_exp_temp0.3_nodelim_norole_nocot,Braga,,Pl_civil,tp,
qwen3_14b,participants,lusa_3,ext_exp_temp0.3_nodelim_norole_nocot,balas de borracha,,Obj,tp,
qwen3_14b,participants,lusa_3,ext_exp_temp0.3_nodelim_norole_nocot,fonte policial,,Per,tp,
qwen3_14b,participants,lusa_3,ext_exp_temp0.3_nodelim_norole_nocot,o detido,,Per,tp,
qwen3_14b,participants,lusa_3,ext_exp_temp0.3_nodelim_norole_nocot,Cabeceiras de Basto,,Pl_civil,tp,
qwen3_14b,participants,lusa_3,ext_exp_temp0.3_nodelim_norole_nocot,armas de fogo,,Obj,tp,
qwen3_14b,participants,lusa_3,ext_exp_temp0.3_nodelim_norole_nocot,um homem,,Per,tp,
qwen3_14b,participants,lusa_3,ext_exp_temp0.3_nodelim_norole_nocot,A GNR,,Org,tp,
qwen3_14b,participants,lusa_3,ext_exp_temp0.3_nodelim_norole_nocot,bagos de borracha,,Obj,tp,
qwen3_14b,participants,lusa_3,ext_exp_temp0.3_nodelim_norole_nocot,O homem,,Per,tp,
qwen3_14b,participants,lusa_3,ext_exp_temp0.3_nodelim_norole_nocot,Fonte,,Per,tp,
qwen3_14b,participants,lusa_3,ext_exp_temp0.3_nodelim_norole_nocot,o homem,,Per,tp,
qwen3_14b,participants,lusa_3,ext_exp_temp0.3_nodelim_norole_nocot,os operacionais,,Per,tp,
qwen3_14b,participants,lusa_3,ext_exp_temp0.3_nodelim_norole_nocot,este,,Per,tp,
qwen3_14b,participants,lusa_3,ext_exp_temp0.3_nodelim_norole_nocot,os militares,,Per,tp,
qwen3_14b,participants,lusa_3,ext_exp_temp0.3_nodelim_norole_nocot,unidade hospitalar,,Fac,tp,
qwen3_14b,participants,lusa_3,ext_exp_temp0.3_nodelim_norole_nocot,munições reais,,Obj,tp,
qwen3_14b,participants,lusa_3,ext_exp_temp0.3_nodelim_norole_nocot,a Polícia Judiciária,,Org,tp,
qwen3_14b,participants,lusa_3,ext_exp_temp0.3_nodelim_norole_nocot,a fonte,,Per,tp,
qwen3_14b,participants,lusa_3,ext_exp_temp0.3_nodelim_norole_nocot,Comando Territorial da GNR,,,fp,
qwen3_14b,participants,lusa_3,ext_exp_temp0.3_nodelim_norole_nocot,arma de fogo,,,fp,
qwen3_14b,participants,lusa_3,ext_exp_temp0.3_nodelim_norole_nocot,GNR,,,fp,
qwen3_14b,participants,lusa_3,ext_exp_temp0.3_nodelim_norole_nocot,juiz de instrução,,,fp,
qwen3_14b,participants,lusa_3,ext_exp_temp0.3_nodelim_norole_nocot,à agência Lusa,,,fp,
qwen3_14b,participants,lusa_3,ext_exp_temp0.3_nodelim_norole_nocot,posto da GNR,,,fp,
qwen3_14b,participants,lusa_3,ext_exp_temp0.3_nodelim_norole_nocot,homem,,,fp,
qwen3_14b,participants,lusa_3,ext_exp_temp0.3_nodelim_norole_nocot,o posto da GNR,,Fac,fn,
qwen3_14b,participants,lusa_3,ext_exp_temp0.3_nodelim_norole_nocot,o posto,,Fac,fn,
qwen3_14b,participants,lusa_3,ext_exp_temp0.3_nodelim_norole_nocot,que,,Per,fn,
qwen3_14b,participants,lusa_3,ext_exp_temp0.3_nodelim_norole_nocot,a GNR,,Org,fn,
qwen3_14b,participants,lusa_3,ext_exp_temp0.3_nodelim_norole_nocot,agência Lusa,,Org,fn,
qwen3_14b,participants,lusa_3,ext_exp_temp0.3_nodelim_norole_nocot,o ar,,Loc,fn,
qwen3_14b,participants,lusa_3,ext_exp_temp0.3_nodelim_norole_nocot,ferimentos ligeiros,,Other,fn,
qwen3_14b,participants,lusa_3,ext_exp_temp0.3_nodelim_norole_nocot,a freguesia de Refojos de Basto,,Pl_civil,fn,
qwen3_14b,participants,lusa_3,ext_exp_temp0.3_nodelim_norole_nocot,as medidas de coação,,Other,fn,
qwen3_14b,participants,lusa_3,ext_exp_temp0.3_nodelim_norole_nocot,as balas de borracha,,Obj,fn,
qwen3_14b,participants,lusa_3,ext_exp_temp0.3_nodelim_norole_nocot,o Comando Territorial,,Org,fn,
qwen3_14b,participants,lusa_3,ext_exp_temp0.3_nodelim_norole_nocot,as causas,,Other,fn,
qwen3_14b,participants,lusa_3,ext_exp_temp0.3_nodelim_norole_nocot,detalhes,,Other,fn,
qwen3_14b,participants,lusa_3,ext_exp_temp0.3_nodelim_norole_nocot,concelho de Cabeceiras de Basto,,Pl_civil,fn,
qwen3_14b,participants,lusa_3,ext_exp_temp0.3_nodelim_norole_nocot,as pernas,,Other,fn,
qwen3_14b,participants,lusa_3,ext_exp_temp0.3_nodelim_norole_nocot,distrito de Braga,,Pl_civil,fn,
qwen3_14b,participants,lusa_31,ext_exp_temp0.3_nodelim_norole_nocot,50 pessoas,,Per,tp,
qwen3_14b,participants,lusa_31,ext_exp_temp0.3_nodelim_norole_nocot,o estabelecimento,,Org,tp,
qwen3_14b,participants,lusa_31,ext_exp_temp0.3_nodelim_norole_nocot,um estabelecimento de restauração e bebidas,,Org,tp,
qwen3_14b,participants,lusa_31,ext_exp_temp0.3_nodelim_norole_nocot,A GNR de Freamunde,,Org,tp,
qwen3_14b,participants,lusa_31,ext_exp_temp0.3_nodelim_norole_nocot,Freamunde,,Pl_civil,tp,
qwen3_14b,participants,lusa_31,ext_exp_temp0.3_nodelim_norole_nocot,a autoridade,,Org,tp,
qwen3_14b,participants,lusa_31,ext_exp_temp0.3_nodelim_norole_nocot,Os militares,,Per,tp,
qwen3_14b,participants,lusa_31,ext_exp_temp0.3_nodelim_norole_nocot,Paços de Ferreira,,,fp,
qwen3_14b,participants,lusa_31,ext_exp_temp0.3_nodelim_norole_nocot,restaurante,,,fp,
qwen3_14b,participants,lusa_31,ext_exp_temp0.3_nodelim_norole_nocot,"GNR de Freamunde, Paços de Ferreira",,,fp,
qwen3_14b,participants,lusa_31,ext_exp_temp0.3_nodelim_norole_nocot,o evento,,,fp,
qwen3_14b,participants,lusa_31,ext_exp_temp0.3_nodelim_norole_nocot,A proprietária,,,fp,
qwen3_14b,participants,lusa_31,ext_exp_temp0.3_nodelim_norole_nocot,a proprietária,,,fp,
qwen3_14b,participants,lusa_31,ext_exp_temp0.3_nodelim_norole_nocot,um auto de contraordenação,,,fp,
qwen3_14b,participants,lusa_31,ext_exp_temp0.3_nodelim_norole_nocot,aquela localidade,,Pl_civil,fn,
qwen3_14b,participants,lusa_31,ext_exp_temp0.3_nodelim_norole_nocot,o concelho de Paços de Ferreira,,Pl_civil,fn,
qwen3_14b,participants,lusa_31,ext_exp_temp0.3_nodelim_norole_nocot,um comunicado,,Obj,fn,
qwen3_14b,participants,lusa_31,ext_exp_temp0.3_nodelim_norole_nocot,"A proprietária, de 48 anos",,Per,fn,
qwen3_14b,participants,lusa_31,ext_exp_temp0.3_nodelim_norole_nocot,normas,,Other,fn,
qwen3_14b,participants,lusa_31,ext_exp_temp0.3_nodelim_norole_nocot,música ao vivo,,Other,fn,
qwen3_14b,participants,lusa_32,ext_exp_temp0.3_nodelim_norole_nocot,uma mulher de 25 anos,,Per,tp,
qwen3_14b,participants,lusa_32,ext_exp_temp0.3_nodelim_norole_nocot,o companheiro,,Per,tp,
qwen3_14b,participants,lusa_32,ext_exp_temp0.3_nodelim_norole_nocot,os militares,,Per,tp,
qwen3_14b,participants,lusa_32,ext_exp_temp0.3_nodelim_norole_nocot,um homem com 33 anos,,Per,tp,
qwen3_14b,participants,lusa_32,ext_exp_temp0.3_nodelim_norole_nocot,a GNR,,Org,tp,
qwen3_14b,participants,lusa_32,ext_exp_temp0.3_nodelim_norole_nocot,a vítima,,Per,tp,
qwen3_14b,participants,lusa_32,ext_exp_temp0.3_nodelim_norole_nocot,a Guarda,,Org,tp,
qwen3_14b,participants,lusa_32,ext_exp_temp0.3_nodelim_norole_nocot,GNR,,,fp,
qwen3_14b,participants,lusa_32,ext_exp_temp0.3_nodelim_norole_nocot,Tribunal Judicial de Felgueiras,,,fp,
qwen3_14b,participants,lusa_32,ext_exp_temp0.3_nodelim_norole_nocot,varios tipos de armas de fogo,,,fp,
qwen3_14b,participants,lusa_32,ext_exp_temp0.3_nodelim_norole_nocot,duas armas de ar comprimido,,Obj,fn,
qwen3_14b,participants,lusa_32,ext_exp_temp0.3_nodelim_norole_nocot,onde,,Loc,fn,
qwen3_14b,participants,lusa_32,ext_exp_temp0.3_nodelim_norole_nocot,"uma pistola de calibre 6,35mm",,Obj,fn,
qwen3_14b,participants,lusa_32,ext_exp_temp0.3_nodelim_norole_nocot,o Tribunal Judicial,,Org,fn,
qwen3_14b,participants,lusa_32,ext_exp_temp0.3_nodelim_norole_nocot,comunicado,,Obj,fn,
qwen3_14b,participants,lusa_32,ext_exp_temp0.3_nodelim_norole_nocot,o Tribunal Judicial de Felgueiras,,Org,fn,
qwen3_14b,participants,lusa_32,ext_exp_temp0.3_nodelim_norole_nocot,uma pistola,,Obj,fn,
qwen3_14b,participants,lusa_32,ext_exp_temp0.3_nodelim_norole_nocot,a nota de imprensa,,Obj,fn,
qwen3_14b,participants,lusa_32,ext_exp_temp0.3_nodelim_norole_nocot,Felgueiras,,Pl_civil,fn,
qwen3_14b,participants,lusa_32,ext_exp_temp0.3_nodelim_norole_nocot,64 munições,,Obj,fn,
qwen3_14b,participants,lusa_32,ext_exp_temp0.3_nodelim_norole_nocot,uma caçadeira de calibre 12,,Obj,fn,
qwen3_14b,participants,lusa_32,ext_exp_temp0.3_nodelim_norole_nocot,uma caçadeira,,Obj,fn,
qwen3_14b,participants,lusa_32,ext_exp_temp0.3_nodelim_norole_nocot,o local,,Loc,fn,
qwen3_14b,participants,lusa_32,ext_exp_temp0.3_nodelim_norole_nocot,o distrito do Porto,,Loc,fn,
qwen3_14b,participants,lusa_32,ext_exp_temp0.3_nodelim_norole_nocot,A GNR,,Org,fn,
qwen3_14b,participants,lusa_32,ext_exp_temp0.3_nodelim_norole_nocot,um coldre,,Obj,fn,
qwen3_14b,participants,lusa_33,ext_exp_temp0.3_nodelim_norole_nocot,espécies bivalves,,Nat,tp,
qwen3_14b,participants,lusa_33,ext_exp_temp0.3_nodelim_norole_nocot,comunicado,,Obj,tp,
qwen3_14b,participants,lusa_33,ext_exp_temp0.3_nodelim_norole_nocot,37.400 euros,,Obj,tp,
qwen3_14b,participants,lusa_33,ext_exp_temp0.3_nodelim_norole_nocot,berbigão,,Nat,tp,
qwen3_14b,participants,lusa_33,ext_exp_temp0.3_nodelim_norole_nocot,a GNR,,Org,tp,
qwen3_14b,participants,lusa_33,ext_exp_temp0.3_nodelim_norole_nocot,distrito de Viana do Castelo,,Pl_civil,tp,
qwen3_14b,participants,lusa_33,ext_exp_temp0.3_nodelim_norole_nocot,Matosinhos,,Pl_civil,tp,
qwen3_14b,participants,lusa_33,ext_exp_temp0.3_nodelim_norole_nocot,aquela força policial,,Org,tp,
qwen3_14b,participants,lusa_33,ext_exp_temp0.3_nodelim_norole_nocot,redações,,Org,tp,
qwen3_14b,participants,lusa_33,ext_exp_temp0.3_nodelim_norole_nocot,Valença,,Pl_civil,tp,
qwen3_14b,participants,lusa_33,ext_exp_temp0.3_nodelim_norole_nocot,cerastoderma edule,,,fp,
qwen3_14b,participants,lusa_33,ext_exp_temp0.3_nodelim_norole_nocot,GNR,,,fp,
qwen3_14b,participants,lusa_33,ext_exp_temp0.3_nodelim_norole_nocot,um homem,,,fp,
qwen3_14b,participants,lusa_33,ext_exp_temp0.3_nodelim_norole_nocot,o respetivo auto de contraordenação,,,fp,
qwen3_14b,participants,lusa_33,ext_exp_temp0.3_nodelim_norole_nocot,a força policial,,,fp,
qwen3_14b,participants,lusa_33,ext_exp_temp0.3_nodelim_norole_nocot,Unidade de Controlo Costeiro (UCC) de Matosinhos,,,fp,
qwen3_14b,participants,lusa_33,ext_exp_temp0.3_nodelim_norole_nocot,transporte de pescado fresco e moluscos bivalves,,,fp,
qwen3_14b,participants,lusa_33,ext_exp_temp0.3_nodelim_norole_nocot,A Unidade de Controlo Costeiro da GNR,,,fp,
qwen3_14b,participants,lusa_33,ext_exp_temp0.3_nodelim_norole_nocot,um veículo pesado de mercadorias,,Obj,fn,
qwen3_14b,participants,lusa_33,ext_exp_temp0.3_nodelim_norole_nocot,habitat natural,,Loc,fn,
qwen3_14b,participants,lusa_33,ext_exp_temp0.3_nodelim_norole_nocot,a medida legal,,Other,fn,
qwen3_14b,participants,lusa_33,ext_exp_temp0.3_nodelim_norole_nocot,A Unidade de Controlo Costeiro,,Org,fn,
qwen3_14b,participants,lusa_33,ext_exp_temp0.3_nodelim_norole_nocot,A mercadoria,,Obj,fn,
qwen3_14b,participants,lusa_33,ext_exp_temp0.3_nodelim_norole_nocot,o seu,,Obj,fn,
qwen3_14b,participants,lusa_33,ext_exp_temp0.3_nodelim_norole_nocot,moluscos bivalves,,Nat,fn,
qwen3_14b,participants,lusa_33,ext_exp_temp0.3_nodelim_norole_nocot,sete toneladas de berbigão,,Nat,fn,
qwen3_14b,participants,lusa_33,ext_exp_temp0.3_nodelim_norole_nocot,37.500 euros,,Obj,fn,
qwen3_14b,participants,lusa_33,ext_exp_temp0.3_nodelim_norole_nocot,berbigão imaturo,,Nat,fn,
qwen3_14b,participants,lusa_33,ext_exp_temp0.3_nodelim_norole_nocot,pescado fresco,,Nat,fn,
qwen3_14b,participants,lusa_33,ext_exp_temp0.3_nodelim_norole_nocot,7.400 quilogramas de cerastoderma edule,,Nat,fn,
qwen3_14b,participants,lusa_33,ext_exp_temp0.3_nodelim_norole_nocot,um valor total,,Other,fn,
qwen3_14b,participants,lusa_33,ext_exp_temp0.3_nodelim_norole_nocot,uma espécie de molusco bivalve de água salgada,,Nat,fn,
qwen3_14b,participants,lusa_33,ext_exp_temp0.3_nodelim_norole_nocot,"2,5 centímetros",,Other,fn,
qwen3_14b,participants,lusa_33,ext_exp_temp0.3_nodelim_norole_nocot,a Unidade de Controlo Costeiro,,Org,fn,
qwen3_14b,participants,lusa_33,ext_exp_temp0.3_nodelim_norole_nocot,"um homem, de 50 anos",,Per,fn,
qwen3_14b,participants,lusa_33,ext_exp_temp0.3_nodelim_norole_nocot,coima máxima,,Other,fn,
qwen3_14b,participants,lusa_33,ext_exp_temp0.3_nodelim_norole_nocot,a Unidade de Controlo Costeiro (UCC) de Matosinhos,,Org,fn,
qwen3_14b,participants,lusa_33,ext_exp_temp0.3_nodelim_norole_nocot,UCC,,Org,fn,
qwen3_14b,participants,lusa_33,ext_exp_temp0.3_nodelim_norole_nocot,espécimes,,Nat,fn,
qwen3_14b,participants,lusa_35,ext_exp_temp0.3_nodelim_norole_nocot,o Comando Territorial de Castelo Branco,,Org,tp,
qwen3_14b,participants,lusa_35,ext_exp_temp0.3_nodelim_norole_nocot,uma balança,,Obj,tp,
qwen3_14b,participants,lusa_35,ext_exp_temp0.3_nodelim_norole_nocot,militares,,Per,tp,
qwen3_14b,participants,lusa_35,ext_exp_temp0.3_nodelim_norole_nocot,os militares,,Per,tp,
qwen3_14b,participants,lusa_35,ext_exp_temp0.3_nodelim_norole_nocot,o suspeito,,Per,tp,
qwen3_14b,participants,lusa_35,ext_exp_temp0.3_nodelim_norole_nocot,Idanha-a-Nova,,Pl_civil,tp,
qwen3_14b,participants,lusa_35,ext_exp_temp0.3_nodelim_norole_nocot,canábis,,Nat,tp,
qwen3_14b,participants,lusa_35,ext_exp_temp0.3_nodelim_norole_nocot,a nota,,Obj,tp,
qwen3_14b,participants,lusa_35,ext_exp_temp0.3_nodelim_norole_nocot,O detido,,Per,tp,
qwen3_14b,participants,lusa_35,ext_exp_temp0.3_nodelim_norole_nocot,"2,25 quilos de liamba",,Obj,tp,
qwen3_14b,participants,lusa_35,ext_exp_temp0.3_nodelim_norole_nocot,aquela força de segurança,,Org,tp,
qwen3_14b,participants,lusa_35,ext_exp_temp0.3_nodelim_norole_nocot,um moinho,,Obj,tp,
qwen3_14b,participants,lusa_35,ext_exp_temp0.3_nodelim_norole_nocot,um homem de 52 anos,,Per,tp,
qwen3_14b,participants,lusa_35,ext_exp_temp0.3_nodelim_norole_nocot,Os militares,,Per,tp,
qwen3_14b,participants,lusa_35,ext_exp_temp0.3_nodelim_norole_nocot,A GNR,,Org,tp,
qwen3_14b,participants,lusa_35,ext_exp_temp0.3_nodelim_norole_nocot,seis quilos de cabeças de canábis,,Nat,tp,
qwen3_14b,participants,lusa_35,ext_exp_temp0.3_nodelim_norole_nocot,26 pés de canábis,,Nat,tp,
qwen3_14b,participants,lusa_35,ext_exp_temp0.3_nodelim_norole_nocot,homem de 52 anos,,,fp,
qwen3_14b,participants,lusa_35,ext_exp_temp0.3_nodelim_norole_nocot,GNR,,,fp,
qwen3_14b,participants,lusa_35,ext_exp_temp0.3_nodelim_norole_nocot,Comando Territorial de Castelo Branco,,,fp,
qwen3_14b,participants,lusa_35,ext_exp_temp0.3_nodelim_norole_nocot,Tribunal Judicial de Idanha-a-Nova,,,fp,
qwen3_14b,participants,lusa_35,ext_exp_temp0.3_nodelim_norole_nocot,Posto Territorial de Idanha-a-Nova,,,fp,
qwen3_14b,participants,lusa_35,ext_exp_temp0.3_nodelim_norole_nocot,Núcleo de Investigação Criminal (NIC) de Idanha-a-Nova,,,fp,
qwen3_14b,participants,lusa_35,ext_exp_temp0.3_nodelim_norole_nocot,em Idanha-a-Nova,,,fp,
qwen3_14b,participants,lusa_35,ext_exp_temp0.3_nodelim_norole_nocot,terreno agrícola,,,fp,
qwen3_14b,participants,lusa_35,ext_exp_temp0.3_nodelim_norole_nocot,no distrito de Castelo Branco,,,fp,
qwen3_14b,participants,lusa_35,ext_exp_temp0.3_nodelim_norole_nocot,homem,,,fp,
qwen3_14b,participants,lusa_35,ext_exp_temp0.3_nodelim_norole_nocot,o Tribunal Judicial de Idanha-a-Nova,,Org,fn,
qwen3_14b,participants,lusa_35,ext_exp_temp0.3_nodelim_norole_nocot,o Tribunal Judicial,,Org,fn,
qwen3_14b,participants,lusa_35,ext_exp_temp0.3_nodelim_norole_nocot,comunicado,,Obj,fn,
qwen3_14b,participants,lusa_35,ext_exp_temp0.3_nodelim_norole_nocot,o Posto Territorial de Idanha-a-Nova,,Org,fn,
qwen3_14b,participants,lusa_35,ext_exp_temp0.3_nodelim_norole_nocot,um terreno agrícola,,Loc,fn,
qwen3_14b,participants,lusa_35,ext_exp_temp0.3_nodelim_norole_nocot,a GNR,,Org,fn,
qwen3_14b,participants,lusa_35,ext_exp_temp0.3_nodelim_norole_nocot,o distrito de Castelo Branco,,Loc,fn,
qwen3_14b,participants,lusa_35,ext_exp_temp0.3_nodelim_norole_nocot,o Comando Territorial,,Org,fn,
qwen3_14b,participants,lusa_35,ext_exp_temp0.3_nodelim_norole_nocot,o Posto Territorial,,Org,fn,
qwen3_14b,participants,lusa_35,ext_exp_temp0.3_nodelim_norole_nocot,estupefacientes,,Obj,fn,
qwen3_14b,participants,lusa_35,ext_exp_temp0.3_nodelim_norole_nocot,o homem de 52 anos,,Per,fn,
qwen3_14b,participants,lusa_35,ext_exp_temp0.3_nodelim_norole_nocot,o Núcleo de Investigação Criminal (NIC),,Org,fn,
qwen3_14b,participants,lusa_35,ext_exp_temp0.3_nodelim_norole_nocot,Castelo Branco,,Pl_civil,fn,
qwen3_14b,participants,lusa_35,ext_exp_temp0.3_nodelim_norole_nocot,o Núcleo de Investigação Criminal (NIC) de Idanha-a-Nova,,Org,fn,
qwen3_14b,participants,lusa_36,ext_exp_temp0.3_nodelim_norole_nocot,Convenção sobre o Comércio Internacional das Espécies da Fauna e da Flora Silvestres Ameaçadas de Extinção (CITES),,Org,tp,
qwen3_14b,participants,lusa_36,ext_exp_temp0.3_nodelim_norole_nocot,nove viveiros ilegais,,Nat,tp,
qwen3_14b,participants,lusa_36,ext_exp_temp0.3_nodelim_norole_nocot,GNR,,Org,tp,
qwen3_14b,participants,lusa_36,ext_exp_temp0.3_nodelim_norole_nocot,a GNR,,Org,tp,
qwen3_14b,participants,lusa_36,ext_exp_temp0.3_nodelim_norole_nocot,aquela força militar,,Org,tp,
qwen3_14b,participants,lusa_36,ext_exp_temp0.3_nodelim_norole_nocot,205 quilos de crustáceos,,Nat,tp,
qwen3_14b,participants,lusa_36,ext_exp_temp0.3_nodelim_norole_nocot,20 quilos de enguia-europeia,,Nat,tp,
qwen3_14b,participants,lusa_36,ext_exp_temp0.3_nodelim_norole_nocot,2.765 euros,,Obj,tp,
qwen3_14b,participants,lusa_36,ext_exp_temp0.3_nodelim_norole_nocot,os viveiros,,Nat,tp,
qwen3_14b,participants,lusa_36,ext_exp_temp0.3_nodelim_norole_nocot,os militares da Guarda,,,fp,
qwen3_14b,participants,lusa_36,ext_exp_temp0.3_nodelim_norole_nocot,crustáceos,,,fp,
qwen3_14b,participants,lusa_36,ext_exp_temp0.3_nodelim_norole_nocot,enguia-europeia,,,fp,
qwen3_14b,participants,lusa_36,ext_exp_temp0.3_nodelim_norole_nocot,a força militar,,,fp,
qwen3_14b,participants,lusa_36,ext_exp_temp0.3_nodelim_norole_nocot,Unidade de Controlo Costeiro (UCC),,,fp,
qwen3_14b,participants,lusa_36,ext_exp_temp0.3_nodelim_norole_nocot,viveiros ilegais,,,fp,
qwen3_14b,participants,lusa_36,ext_exp_temp0.3_nodelim_norole_nocot,ria de Aveiro,,,fp,
qwen3_14b,participants,lusa_36,ext_exp_temp0.3_nodelim_norole_nocot,as enguias-europeias,,Nat,fn,
qwen3_14b,participants,lusa_36,ext_exp_temp0.3_nodelim_norole_nocot,pescado,,Nat,fn,
qwen3_14b,participants,lusa_36,ext_exp_temp0.3_nodelim_norole_nocot,a mesma nota,,Obj,fn,
qwen3_14b,participants,lusa_36,ext_exp_temp0.3_nodelim_norole_nocot,Aveiro,,Pl_civil,fn,
qwen3_14b,participants,lusa_36,ext_exp_temp0.3_nodelim_norole_nocot,A Unidade de Controlo Costeiro,,Org,fn,
qwen3_14b,participants,lusa_36,ext_exp_temp0.3_nodelim_norole_nocot,os respetivos viveiros,,Nat,fn,
qwen3_14b,participants,lusa_36,ext_exp_temp0.3_nodelim_norole_nocot,sua,,Nat,fn,
qwen3_14b,participants,lusa_36,ext_exp_temp0.3_nodelim_norole_nocot,Os crustáceos,,Nat,fn,
qwen3_14b,participants,lusa_36,ext_exp_temp0.3_nodelim_norole_nocot,uma coima máxima de 60 mil euros,,Other,fn,
qwen3_14b,participants,lusa_36,ext_exp_temp0.3_nodelim_norole_nocot,Guarda,,Org,fn,
qwen3_14b,participants,lusa_36,ext_exp_temp0.3_nodelim_norole_nocot,as regras,,Other,fn,
qwen3_14b,participants,lusa_36,ext_exp_temp0.3_nodelim_norole_nocot,diversos crustáceos,,Nat,fn,
qwen3_14b,participants,lusa_36,ext_exp_temp0.3_nodelim_norole_nocot,comunicado,,Obj,fn,
qwen3_14b,participants,lusa_36,ext_exp_temp0.3_nodelim_norole_nocot,águas interiores,,Pl_water,fn,
qwen3_14b,participants,lusa_36,ext_exp_temp0.3_nodelim_norole_nocot,que,,Nat,fn,
qwen3_14b,participants,lusa_36,ext_exp_temp0.3_nodelim_norole_nocot,uma espécie,,Nat,fn,
qwen3_14b,participants,lusa_36,ext_exp_temp0.3_nodelim_norole_nocot,a ria,,Pl_water,fn,
qwen3_14b,participants,lusa_36,ext_exp_temp0.3_nodelim_norole_nocot,tipo de culturas,,Nat,fn,
qwen3_14b,participants,lusa_36,ext_exp_temp0.3_nodelim_norole_nocot,os militares,,Per,fn,
qwen3_14b,participants,lusa_36,ext_exp_temp0.3_nodelim_norole_nocot,o meio natural,,Nat,fn,
qwen3_14b,participants,lusa_36,ext_exp_temp0.3_nodelim_norole_nocot,UCC,,Org,fn,
qwen3_14b,participants,lusa_36,ext_exp_temp0.3_nodelim_norole_nocot,a ria de Aveiro,,Pl_water,fn,
qwen3_14b,participants,lusa_37,ext_exp_temp0.3_nodelim_norole_nocot,O suspeito,,Per,tp,
qwen3_14b,participants,lusa_37,ext_exp_temp0.3_nodelim_norole_nocot,Belmonte,,Pl_civil,tp,
qwen3_14b,participants,lusa_37,ext_exp_temp0.3_nodelim_norole_nocot,Caria,,Pl_civil,tp,
qwen3_14b,participants,lusa_37,ext_exp_temp0.3_nodelim_norole_nocot,os militares,,Per,tp,
qwen3_14b,participants,lusa_37,ext_exp_temp0.3_nodelim_norole_nocot,armas de fogo,,Obj,tp,
qwen3_14b,participants,lusa_37,ext_exp_temp0.3_nodelim_norole_nocot,um homem de 47 anos,,Per,tp,
qwen3_14b,participants,lusa_37,ext_exp_temp0.3_nodelim_norole_nocot,agência Lusa,,Org,tp,
qwen3_14b,participants,lusa_37,ext_exp_temp0.3_nodelim_norole_nocot,a nota,,Obj,tp,
qwen3_14b,participants,lusa_37,ext_exp_temp0.3_nodelim_norole_nocot,Covilhã,,Pl_civil,tp,
qwen3_14b,participants,lusa_37,ext_exp_temp0.3_nodelim_norole_nocot,ex-companheira,,Per,tp,
qwen3_14b,participants,lusa_37,ext_exp_temp0.3_nodelim_norole_nocot,o suspeito,,Per,tp,
qwen3_14b,participants,lusa_37,ext_exp_temp0.3_nodelim_norole_nocot,os factos,,,fp,
qwen3_14b,participants,lusa_37,ext_exp_temp0.3_nodelim_norole_nocot,sua ex-companheira,,,fp,
qwen3_14b,participants,lusa_37,ext_exp_temp0.3_nodelim_norole_nocot,arma de fogo,,,fp,
qwen3_14b,participants,lusa_37,ext_exp_temp0.3_nodelim_norole_nocot,GNR,,,fp,
qwen3_14b,participants,lusa_37,ext_exp_temp0.3_nodelim_norole_nocot,a operação,,,fp,
qwen3_14b,participants,lusa_37,ext_exp_temp0.3_nodelim_norole_nocot,a vítima,,,fp,
qwen3_14b,participants,lusa_37,ext_exp_temp0.3_nodelim_norole_nocot,no concelho de Belmonte,,,fp,
qwen3_14b,participants,lusa_37,ext_exp_temp0.3_nodelim_norole_nocot,postos de Belmonte e Caria,,,fp,
qwen3_14b,participants,lusa_37,ext_exp_temp0.3_nodelim_norole_nocot,de 33 anos,,,fp,
qwen3_14b,participants,lusa_37,ext_exp_temp0.3_nodelim_norole_nocot,Comando Territorial da GNR de Castelo Branco,,,fp,
qwen3_14b,participants,lusa_37,ext_exp_temp0.3_nodelim_norole_nocot,Tribunal Judicial da Covilhã,,,fp,
qwen3_14b,participants,lusa_37,ext_exp_temp0.3_nodelim_norole_nocot,o Comando Territorial da GNR de Castelo Branco,,Org,fn,
qwen3_14b,participants,lusa_37,ext_exp_temp0.3_nodelim_norole_nocot,o Tribunal Judicial da Covilhã,,Org,fn,
qwen3_14b,participants,lusa_37,ext_exp_temp0.3_nodelim_norole_nocot,uma caçadeira,,Obj,fn,
qwen3_14b,participants,lusa_37,ext_exp_temp0.3_nodelim_norole_nocot,sua,,Per,fn,
qwen3_14b,participants,lusa_37,ext_exp_temp0.3_nodelim_norole_nocot,uma faca de ponta e mola,,Per,fn,
qwen3_14b,participants,lusa_37,ext_exp_temp0.3_nodelim_norole_nocot,ma pistola de ar comprimido,,Obj,fn,
qwen3_14b,participants,lusa_37,ext_exp_temp0.3_nodelim_norole_nocot,diversas munições de diferentes calibres,,Obj,fn,
qwen3_14b,participants,lusa_37,ext_exp_temp0.3_nodelim_norole_nocot,o Comando Territorial,,Org,fn,
qwen3_14b,participants,lusa_37,ext_exp_temp0.3_nodelim_norole_nocot,A GNR,,Org,fn,
qwen3_14b,participants,lusa_37,ext_exp_temp0.3_nodelim_norole_nocot,álcool,,Other,fn,
qwen3_14b,participants,lusa_37,ext_exp_temp0.3_nodelim_norole_nocot,vítima,,Per,fn,
qwen3_14b,participants,lusa_37,ext_exp_temp0.3_nodelim_norole_nocot,a arma de fogo,,Obj,fn,
qwen3_14b,participants,lusa_37,ext_exp_temp0.3_nodelim_norole_nocot,três carabinas de ar comprimido,,Obj,fn,
qwen3_14b,participants,lusa_37,ext_exp_temp0.3_nodelim_norole_nocot,comunicado,,Obj,fn,
qwen3_14b,participants,lusa_37,ext_exp_temp0.3_nodelim_norole_nocot,o concelho de Belmonte,,Loc,fn,
qwen3_14b,participants,lusa_37,ext_exp_temp0.3_nodelim_norole_nocot,a GNR,,Org,fn,
qwen3_14b,participants,lusa_37,ext_exp_temp0.3_nodelim_norole_nocot,postos,,Org,fn,
qwen3_14b,participants,lusa_37,ext_exp_temp0.3_nodelim_norole_nocot,"ex-companheira, de 33 anos",,Per,fn,
qwen3_14b,participants,lusa_37,ext_exp_temp0.3_nodelim_norole_nocot,o Tribunal Judicial,,Org,fn,
qwen3_14b,participants,lusa_37,ext_exp_temp0.3_nodelim_norole_nocot,uma reprodução de arma de fogo,,Obj,fn,
qwen3_14b,participants,lusa_37,ext_exp_temp0.3_nodelim_norole_nocot,Castelo Branco,,Pl_civil,fn,
qwen3_14b,participants,lusa_39,ext_exp_temp0.3_nodelim_norole_nocot,Milheirós de Poiares,,Loc,tp,
qwen3_14b,participants,lusa_39,ext_exp_temp0.3_nodelim_norole_nocot,autoridades,,Org,tp,
qwen3_14b,participants,lusa_39,ext_exp_temp0.3_nodelim_norole_nocot,GNR,,Org,tp,
qwen3_14b,participants,lusa_39,ext_exp_temp0.3_nodelim_norole_nocot,o outro,,Per,tp,
qwen3_14b,participants,lusa_39,ext_exp_temp0.3_nodelim_norole_nocot,os envolvidos,,Per,tp,
qwen3_14b,participants,lusa_39,ext_exp_temp0.3_nodelim_norole_nocot,um montante em dinheiro,,Other,tp,
qwen3_14b,participants,lusa_39,ext_exp_temp0.3_nodelim_norole_nocot,uma confeitaria,,Org,tp,
qwen3_14b,participants,lusa_39,ext_exp_temp0.3_nodelim_norole_nocot,distrito de Aveiro,,Loc,tp,
qwen3_14b,participants,lusa_39,ext_exp_temp0.3_nodelim_norole_nocot,Dois homens,,Per,tp,
qwen3_14b,participants,lusa_39,ext_exp_temp0.3_nodelim_norole_nocot,Santa Maria da Feria,,Loc,tp,
qwen3_14b,participants,lusa_39,ext_exp_temp0.3_nodelim_norole_nocot,a caixa registadora,,Obj,tp,
qwen3_14b,participants,lusa_39,ext_exp_temp0.3_nodelim_norole_nocot,a fonte,,Per,tp,
qwen3_14b,participants,lusa_39,ext_exp_temp0.3_nodelim_norole_nocot,fonte oficial da GNR,,,fp,
qwen3_14b,participants,lusa_39,ext_exp_temp0.3_nodelim_norole_nocot,Destacamento de Intervenção daquela força policial,,,fp,
qwen3_14b,participants,lusa_39,ext_exp_temp0.3_nodelim_norole_nocot,um dos dois envolvidos,,,fp,
qwen3_14b,participants,lusa_39,ext_exp_temp0.3_nodelim_norole_nocot,meios do dispositivo territorial da GNR,,,fp,
qwen3_14b,participants,lusa_39,ext_exp_temp0.3_nodelim_norole_nocot,confeitaria de Milheirós de Poiares,,,fp,
qwen3_14b,participants,lusa_39,ext_exp_temp0.3_nodelim_norole_nocot,confeitaria da Feira,,,fp,
qwen3_14b,participants,lusa_39,ext_exp_temp0.3_nodelim_norole_nocot,Feira,,,fp,
qwen3_14b,participants,lusa_39,ext_exp_temp0.3_nodelim_norole_nocot,Um dos assaltantes,,,fp,
qwen3_14b,participants,lusa_39,ext_exp_temp0.3_nodelim_norole_nocot,um dos envolvidos,,,fp,
qwen3_14b,participants,lusa_39,ext_exp_temp0.3_nodelim_norole_nocot,concelho de Santa Maria da Feira,,,fp,
qwen3_14b,participants,lusa_39,ext_exp_temp0.3_nodelim_norole_nocot,fonte oficial,,Per,fn,
qwen3_14b,participants,lusa_39,ext_exp_temp0.3_nodelim_norole_nocot,Um,,Per,fn,
qwen3_14b,participants,lusa_39,ext_exp_temp0.3_nodelim_norole_nocot,dois envolvidos,,Per,fn,
qwen3_14b,participants,lusa_39,ext_exp_temp0.3_nodelim_norole_nocot,cara,,Other,fn,
qwen3_14b,participants,lusa_39,ext_exp_temp0.3_nodelim_norole_nocot,confeitaria,,Org,fn,
qwen3_14b,participants,lusa_39,ext_exp_temp0.3_nodelim_norole_nocot,a GNR,,Org,fn,
qwen3_14b,participants,lusa_39,ext_exp_temp0.3_nodelim_norole_nocot,o dispositivo territorial,,Org,fn,
qwen3_14b,participants,lusa_39,ext_exp_temp0.3_nodelim_norole_nocot,um,,Per,fn,
qwen3_14b,participants,lusa_39,ext_exp_temp0.3_nodelim_norole_nocot,o concelho de Santa Maria da Feira,,Pl_civil,fn,
qwen3_14b,participants,lusa_39,ext_exp_temp0.3_nodelim_norole_nocot,aquela força policial,,Org,fn,
qwen3_14b,participants,lusa_39,ext_exp_temp0.3_nodelim_norole_nocot,assaltantes,,Per,fn,
qwen3_14b,participants,lusa_39,ext_exp_temp0.3_nodelim_norole_nocot,o homem,,Per,fn,
qwen3_14b,participants,lusa_39,ext_exp_temp0.3_nodelim_norole_nocot,meios,,Other,fn,
qwen3_14b,participants,lusa_39,ext_exp_temp0.3_nodelim_norole_nocot,o Destacamento de Intervenção,,Org,fn,
qwen3_14b,participants,lusa_40,ext_exp_temp0.3_nodelim_norole_nocot,a embarcação,,Obj,tp,
qwen3_14b,participants,lusa_40,ext_exp_temp0.3_nodelim_norole_nocot,os suspeitos,,Per,tp,
qwen3_14b,participants,lusa_40,ext_exp_temp0.3_nodelim_norole_nocot,GNR,,Org,tp,
qwen3_14b,participants,lusa_40,ext_exp_temp0.3_nodelim_norole_nocot,a GNR,,Org,tp,
qwen3_14b,participants,lusa_40,ext_exp_temp0.3_nodelim_norole_nocot,uma embarcação de alta velocidade,,Obj,tp,
qwen3_14b,participants,lusa_40,ext_exp_temp0.3_nodelim_norole_nocot,as autoridades policiais espanholas,,Org,tp,
qwen3_14b,participants,lusa_40,ext_exp_temp0.3_nodelim_norole_nocot,A Unidade de Controlo Costeiro,,Org,tp,
qwen3_14b,participants,lusa_40,ext_exp_temp0.3_nodelim_norole_nocot,"Sistema Integrado de Vigilância, Comando e Controlo (SIVICC)",,Org,tp,
qwen3_14b,participants,lusa_40,ext_exp_temp0.3_nodelim_norole_nocot,no rio Guadiana,,,fp,
qwen3_14b,participants,lusa_40,ext_exp_temp0.3_nodelim_norole_nocot,no Algarve,,,fp,
qwen3_14b,participants,lusa_40,ext_exp_temp0.3_nodelim_norole_nocot,Os militares da GNR,,,fp,
qwen3_14b,participants,lusa_40,ext_exp_temp0.3_nodelim_norole_nocot,rio Guadiana,,,fp,
qwen3_14b,participants,lusa_40,ext_exp_temp0.3_nodelim_norole_nocot,quase quase quatro toneladas de haxixe,,,fp,
qwen3_14b,participants,lusa_40,ext_exp_temp0.3_nodelim_norole_nocot,haxixe,,,fp,
qwen3_14b,participants,lusa_40,ext_exp_temp0.3_nodelim_norole_nocot,costa,,Nat,fn,
qwen3_14b,participants,lusa_40,ext_exp_temp0.3_nodelim_norole_nocot,Os militares,,Per,fn,
qwen3_14b,participants,lusa_40,ext_exp_temp0.3_nodelim_norole_nocot,comunicado,,Obj,fn,
qwen3_14b,participants,lusa_40,ext_exp_temp0.3_nodelim_norole_nocot,a nota,,Obj,fn,
qwen3_14b,participants,lusa_40,ext_exp_temp0.3_nodelim_norole_nocot,quatro toneladas de haxixe,,Obj,fn,
qwen3_14b,participants,lusa_40,ext_exp_temp0.3_nodelim_norole_nocot,115 fardos de haxixe com 3.785 quilos,,Obj,fn,
qwen3_14b,participants,lusa_40,ext_exp_temp0.3_nodelim_norole_nocot,o Algarve,,Loc,fn,
qwen3_14b,participants,lusa_40,ext_exp_temp0.3_nodelim_norole_nocot,Polícia Judiciária (PJ),,Org,fn,
qwen3_14b,participants,lusa_40,ext_exp_temp0.3_nodelim_norole_nocot,Foz de Odeleite,,Loc,fn,
qwen3_14b,participants,lusa_40,ext_exp_temp0.3_nodelim_norole_nocot,a foz do rio Guadiana,,Pl_water,fn,
qwen3_14b,participants,lusa_40,ext_exp_temp0.3_nodelim_norole_nocot,território espanhol,,Pl_region,fn,
qwen3_14b,participants,lusa_40,ext_exp_temp0.3_nodelim_norole_nocot,o rio Guadiana,,Pl_water,fn,
qwen3_14b,participants,lusa_41,ext_exp_temp0.3_nodelim_norole_nocot,Maia,,Pl_civil,tp,
qwen3_14b,participants,lusa_41,ext_exp_temp0.3_nodelim_norole_nocot,GNR,,Org,tp,
qwen3_14b,participants,lusa_41,ext_exp_temp0.3_nodelim_norole_nocot,a prisão,,Loc,tp,
qwen3_14b,participants,lusa_41,ext_exp_temp0.3_nodelim_norole_nocot,o concelho da Maia,,Loc,tp,
qwen3_14b,participants,lusa_41,ext_exp_temp0.3_nodelim_norole_nocot,o agressor,,Per,tp,
qwen3_14b,participants,lusa_41,ext_exp_temp0.3_nodelim_norole_nocot,a GNR,,Org,tp,
qwen3_14b,participants,lusa_41,ext_exp_temp0.3_nodelim_norole_nocot,a vítima,,Per,tp,
qwen3_14b,participants,lusa_41,ext_exp_temp0.3_nodelim_norole_nocot,o distrito do Porto,,Loc,tp,
qwen3_14b,participants,lusa_41,ext_exp_temp0.3_nodelim_norole_nocot,Matosinhos,,Pl_civil,tp,
qwen3_14b,participants,lusa_41,ext_exp_temp0.3_nodelim_norole_nocot,A GNR,,Org,tp,
qwen3_14b,participants,lusa_41,ext_exp_temp0.3_nodelim_norole_nocot,O detido,,Per,tp,
qwen3_14b,participants,lusa_41,ext_exp_temp0.3_nodelim_norole_nocot,Tribunal de Instrução Criminal de Matosinhos,,,fp,
qwen3_14b,participants,lusa_41,ext_exp_temp0.3_nodelim_norole_nocot,Posto Territorial da Maia,,,fp,
qwen3_14b,participants,lusa_41,ext_exp_temp0.3_nodelim_norole_nocot,o pai,,,fp,
qwen3_14b,participants,lusa_41,ext_exp_temp0.3_nodelim_norole_nocot,seu pai,,,fp,
qwen3_14b,participants,lusa_41,ext_exp_temp0.3_nodelim_norole_nocot,mandado de detenção,,,fp,
qwen3_14b,participants,lusa_41,ext_exp_temp0.3_nodelim_norole_nocot,um homem,,,fp,
qwen3_14b,participants,lusa_41,ext_exp_temp0.3_nodelim_norole_nocot,militares da GNR do Posto Territorial da Maia,,,fp,
qwen3_14b,participants,lusa_41,ext_exp_temp0.3_nodelim_norole_nocot,o seu pai,,,fp,
qwen3_14b,participants,lusa_41,ext_exp_temp0.3_nodelim_norole_nocot,homem de 59 anos,,,fp,
qwen3_14b,participants,lusa_41,ext_exp_temp0.3_nodelim_norole_nocot,"pai, de 89 anos",,Per,fn,
qwen3_14b,participants,lusa_41,ext_exp_temp0.3_nodelim_norole_nocot,dinheiro,,Obj,fn,
qwen3_14b,participants,lusa_41,ext_exp_temp0.3_nodelim_norole_nocot,militares,,Per,fn,
qwen3_14b,participants,lusa_41,ext_exp_temp0.3_nodelim_norole_nocot,comunicado,,Obj,fn,
qwen3_14b,participants,lusa_41,ext_exp_temp0.3_nodelim_norole_nocot,lhe,,Per,fn,
qwen3_14b,participants,lusa_41,ext_exp_temp0.3_nodelim_norole_nocot,o seu,,Per,fn,
qwen3_14b,participants,lusa_41,ext_exp_temp0.3_nodelim_norole_nocot,o Posto Territorial da Maia,,Org,fn,
qwen3_14b,participants,lusa_41,ext_exp_temp0.3_nodelim_norole_nocot,o Tribunal de Instrução Criminal,,Org,fn,
qwen3_14b,participants,lusa_41,ext_exp_temp0.3_nodelim_norole_nocot,o Porto,,Pl_civil,fn,
qwen3_14b,participants,lusa_41,ext_exp_temp0.3_nodelim_norole_nocot,"um homem, de 59 anos",,Per,fn,
qwen3_14b,participants,lusa_41,ext_exp_temp0.3_nodelim_norole_nocot,idoso,,Per,fn,
qwen3_14b,participants,lusa_41,ext_exp_temp0.3_nodelim_norole_nocot,o distrito,,Pl_region,fn,
qwen3_14b,participants,lusa_41,ext_exp_temp0.3_nodelim_norole_nocot,medidas,,Other,fn,
qwen3_14b,participants,lusa_41,ext_exp_temp0.3_nodelim_norole_nocot,o Posto Territorial,,Org,fn,
qwen3_14b,participants,lusa_41,ext_exp_temp0.3_nodelim_norole_nocot,estupefacientes,,Obj,fn,
qwen3_14b,participants,lusa_41,ext_exp_temp0.3_nodelim_norole_nocot,seu,,Per,fn,
qwen3_14b,participants,lusa_41,ext_exp_temp0.3_nodelim_norole_nocot,o Tribunal de Instrução Criminal de Matosinhos,,Org,fn,
qwen3_14b,participants,lusa_42,ext_exp_temp0.3_nodelim_norole_nocot,29 operacionais,,Per,tp,
qwen3_14b,participants,lusa_42,ext_exp_temp0.3_nodelim_norole_nocot,nove viaturas,,Obj,tp,
qwen3_14b,participants,lusa_42,ext_exp_temp0.3_nodelim_norole_nocot,um cão,,Nat,tp,
qwen3_14b,participants,lusa_42,ext_exp_temp0.3_nodelim_norole_nocot,A octogenária,,Per,tp,
qwen3_14b,participants,lusa_42,ext_exp_temp0.3_nodelim_norole_nocot,um familiar,,Per,tp,
qwen3_14b,participants,lusa_42,ext_exp_temp0.3_nodelim_norole_nocot,concelho de Vila Real,,Pl_civil,tp,
qwen3_14b,participants,lusa_42,ext_exp_temp0.3_nodelim_norole_nocot,a idosa,,Per,tp,
qwen3_14b,participants,lusa_42,ext_exp_temp0.3_nodelim_norole_nocot,a idosa de 81 anos,,Per,tp,
qwen3_14b,participants,lusa_42,ext_exp_temp0.3_nodelim_norole_nocot,Vila Real,,Pl_civil,tp,
qwen3_14b,participants,lusa_42,ext_exp_temp0.3_nodelim_norole_nocot,a mulher,,Per,tp,
qwen3_14b,participants,lusa_42,ext_exp_temp0.3_nodelim_norole_nocot,A GNR,,Org,tp,
qwen3_14b,participants,lusa_42,ext_exp_temp0.3_nodelim_norole_nocot,Sabroso,,Pl_civil,tp,
qwen3_14b,participants,lusa_42,ext_exp_temp0.3_nodelim_norole_nocot,As buscas,,,fp,
qwen3_14b,participants,lusa_42,ext_exp_temp0.3_nodelim_norole_nocot,dos bombeiros,,,fp,
qwen3_14b,participants,lusa_42,ext_exp_temp0.3_nodelim_norole_nocot,GNR,,,fp,
qwen3_14b,participants,lusa_42,ext_exp_temp0.3_nodelim_norole_nocot,Centro Hospitalar de Trás-os-Montes e Alto Douro,,,fp,
qwen3_14b,participants,lusa_42,ext_exp_temp0.3_nodelim_norole_nocot,fonte daquela força policial,,,fp,
qwen3_14b,participants,lusa_42,ext_exp_temp0.3_nodelim_norole_nocot,equipa cinotécnica da GNR,,,fp,
qwen3_14b,participants,lusa_42,ext_exp_temp0.3_nodelim_norole_nocot,a página na Internet da Autoridade Nacional de Emergência e Proteção Civil,,,fp,
qwen3_14b,participants,lusa_42,ext_exp_temp0.3_nodelim_norole_nocot,idosa,,,fp,
qwen3_14b,participants,lusa_42,ext_exp_temp0.3_nodelim_norole_nocot,elementos da GNR,,,fp,
qwen3_14b,participants,lusa_42,ext_exp_temp0.3_nodelim_norole_nocot,Unidade de Emergência de Proteção e Socorro (UEPS),,,fp,
qwen3_14b,participants,lusa_42,ext_exp_temp0.3_nodelim_norole_nocot,aldeia de Vila Real,,,fp,
qwen3_14b,participants,lusa_42,ext_exp_temp0.3_nodelim_norole_nocot,Internet,,Other,fn,
qwen3_14b,participants,lusa_42,ext_exp_temp0.3_nodelim_norole_nocot,a equipa cinotécnica,,Per,fn,
qwen3_14b,participants,lusa_42,ext_exp_temp0.3_nodelim_norole_nocot,o Centro Hospitalar de Trás-os-Montes e Alto Douro,,Org,fn,
qwen3_14b,participants,lusa_42,ext_exp_temp0.3_nodelim_norole_nocot,a sua,,Per,fn,
qwen3_14b,participants,lusa_42,ext_exp_temp0.3_nodelim_norole_nocot,a unidade,,Org,fn,
qwen3_14b,participants,lusa_42,ext_exp_temp0.3_nodelim_norole_nocot,elementos,,Per,fn,
qwen3_14b,participants,lusa_42,ext_exp_temp0.3_nodelim_norole_nocot,que,,Per,fn,
qwen3_14b,participants,lusa_42,ext_exp_temp0.3_nodelim_norole_nocot,a GNR,,Org,fn,
qwen3_14b,participants,lusa_42,ext_exp_temp0.3_nodelim_norole_nocot,Trás-os-Montes e Alto Douro,,Pl_region,fn,
qwen3_14b,participants,lusa_42,ext_exp_temp0.3_nodelim_norole_nocot,fonte,,Per,fn,
qwen3_14b,participants,lusa_42,ext_exp_temp0.3_nodelim_norole_nocot,a unidade de Vila Real,,Org,fn,
qwen3_14b,participants,lusa_42,ext_exp_temp0.3_nodelim_norole_nocot,residência,,Loc,fn,
qwen3_14b,participants,lusa_42,ext_exp_temp0.3_nodelim_norole_nocot,a Autoridade Nacional de Emergência e Proteção Civil,,Org,fn,
qwen3_14b,participants,lusa_42,ext_exp_temp0.3_nodelim_norole_nocot,os bombeiros,,Org,fn,
qwen3_14b,participants,lusa_42,ext_exp_temp0.3_nodelim_norole_nocot,aquela força policial,,Org,fn,
qwen3_14b,participants,lusa_42,ext_exp_temp0.3_nodelim_norole_nocot,a Unidade de Emergência de Proteção e Socorro (UEPS),,Org,fn,
qwen3_14b,participants,lusa_42,ext_exp_temp0.3_nodelim_norole_nocot,a página,,Other,fn,
qwen3_14b,participants,lusa_42,ext_exp_temp0.3_nodelim_norole_nocot,o Centro Hospitalar,,Org,fn,
qwen3_14b,participants,lusa_43,ext_exp_temp0.3_nodelim_norole_nocot,O suspeito,,Per,tp,
qwen3_14b,participants,lusa_43,ext_exp_temp0.3_nodelim_norole_nocot,comunicado,,Obj,tp,
qwen3_14b,participants,lusa_43,ext_exp_temp0.3_nodelim_norole_nocot,os militares,,Per,tp,
qwen3_14b,participants,lusa_43,ext_exp_temp0.3_nodelim_norole_nocot,a mãe de 73 anos,,Per,tp,
qwen3_14b,participants,lusa_43,ext_exp_temp0.3_nodelim_norole_nocot,a GNR,,Org,tp,
qwen3_14b,participants,lusa_43,ext_exp_temp0.3_nodelim_norole_nocot,distrito do Porto,,Pl_civil,tp,
qwen3_14b,participants,lusa_43,ext_exp_temp0.3_nodelim_norole_nocot,armas brancas,,Obj,tp,
qwen3_14b,participants,lusa_43,ext_exp_temp0.3_nodelim_norole_nocot,esta força policial,,Org,tp,
qwen3_14b,participants,lusa_43,ext_exp_temp0.3_nodelim_norole_nocot,o local,,Pl_civil,tp,
qwen3_14b,participants,lusa_43,ext_exp_temp0.3_nodelim_norole_nocot,duas armas brancas,,Obj,tp,
qwen3_14b,participants,lusa_43,ext_exp_temp0.3_nodelim_norole_nocot,Um homem de 50 anos,,Per,tp,
qwen3_14b,participants,lusa_43,ext_exp_temp0.3_nodelim_norole_nocot,o suspeito,,Per,tp,
qwen3_14b,participants,lusa_43,ext_exp_temp0.3_nodelim_norole_nocot,Gondomar,,Pl_civil,tp,
qwen3_14b,participants,lusa_43,ext_exp_temp0.3_nodelim_norole_nocot,Tribunal Judicial do Porto,,,fp,
qwen3_14b,participants,lusa_43,ext_exp_temp0.3_nodelim_norole_nocot,GNR,,,fp,
qwen3_14b,participants,lusa_43,ext_exp_temp0.3_nodelim_norole_nocot,uma denúncia,,,fp,
qwen3_14b,participants,lusa_43,ext_exp_temp0.3_nodelim_norole_nocot,homem,,,fp,
qwen3_14b,participants,lusa_43,ext_exp_temp0.3_nodelim_norole_nocot,a mãe,,,fp,
qwen3_14b,participants,lusa_43,ext_exp_temp0.3_nodelim_norole_nocot,mãe de 73 anos,,,fp,
qwen3_14b,participants,lusa_43,ext_exp_temp0.3_nodelim_norole_nocot,o Tribunal Judicial do Porto,,Org,fn,
qwen3_14b,participants,lusa_43,ext_exp_temp0.3_nodelim_norole_nocot,o Tribunal Judicial,,Org,fn,
qwen3_14b,participants,lusa_43,ext_exp_temp0.3_nodelim_norole_nocot,mãe,,Per,fn,
qwen3_14b,participants,lusa_43,ext_exp_temp0.3_nodelim_norole_nocot,o Porto,,Pl_civil,fn,
qwen3_14b,participants,lusa_44,ext_exp_temp0.3_nodelim_norole_nocot,uma exploração agropecuária,,Org,tp,
qwen3_14b,participants,lusa_44,ext_exp_temp0.3_nodelim_norole_nocot,uma nota de imprensa,,Obj,tp,
qwen3_14b,participants,lusa_44,ext_exp_temp0.3_nodelim_norole_nocot,efluentes pecuários,,Nat,tp,
qwen3_14b,participants,lusa_44,ext_exp_temp0.3_nodelim_norole_nocot,efluentes suinícolas,,Nat,tp,
qwen3_14b,participants,lusa_44,ext_exp_temp0.3_nodelim_norole_nocot,mecanismo,,Other,tp,
qwen3_14b,participants,lusa_44,ext_exp_temp0.3_nodelim_norole_nocot,um efluente pecuário,,Nat,tp,
qwen3_14b,participants,lusa_44,ext_exp_temp0.3_nodelim_norole_nocot,Leiria,,Org,tp,
qwen3_14b,participants,lusa_44,ext_exp_temp0.3_nodelim_norole_nocot,Comando Territorial da GNR,,,fp,
qwen3_14b,participants,lusa_44,ext_exp_temp0.3_nodelim_norole_nocot,ação de patrulhamento,,,fp,
qwen3_14b,participants,lusa_44,ext_exp_temp0.3_nodelim_norole_nocot,GNR de Leiria,,,fp,
qwen3_14b,participants,lusa_44,ext_exp_temp0.3_nodelim_norole_nocot,freguesia da Bidoeira de Cima,,,fp,
qwen3_14b,participants,lusa_44,ext_exp_temp0.3_nodelim_norole_nocot,descarga ilegal,,,fp,
qwen3_14b,participants,lusa_44,ext_exp_temp0.3_nodelim_norole_nocot,concelho de Leiria,,,fp,
qwen3_14b,participants,lusa_44,ext_exp_temp0.3_nodelim_norole_nocot,Núcleo de Proteção Ambiental de Leiria,,,fp,
qwen3_14b,participants,lusa_44,ext_exp_temp0.3_nodelim_norole_nocot,Os militares da GNR,,,fp,
qwen3_14b,participants,lusa_44,ext_exp_temp0.3_nodelim_norole_nocot,uma lagoa de armazenagem de efluentes pecuários,,,fp,
qwen3_14b,participants,lusa_44,ext_exp_temp0.3_nodelim_norole_nocot,O Comando Territorial da GNR,,Org,fn,
qwen3_14b,participants,lusa_44,ext_exp_temp0.3_nodelim_norole_nocot,uma lagoa,,Nat,fn,
qwen3_14b,participants,lusa_44,ext_exp_temp0.3_nodelim_norole_nocot,a sua,,Nat,fn,
qwen3_14b,participants,lusa_44,ext_exp_temp0.3_nodelim_norole_nocot,o Núcleo de Proteção Ambiental,,Org,fn,
qwen3_14b,participants,lusa_44,ext_exp_temp0.3_nodelim_norole_nocot,efluente pecuário,,Nat,fn,
qwen3_14b,participants,lusa_44,ext_exp_temp0.3_nodelim_norole_nocot,o solo,,Nat,fn,
qwen3_14b,participants,lusa_44,ext_exp_temp0.3_nodelim_norole_nocot,o ponto,,Other,fn,
qwen3_14b,participants,lusa_44,ext_exp_temp0.3_nodelim_norole_nocot,o Núcleo de Proteção Ambiental de Leiria,,Org,fn,
qwen3_14b,participants,lusa_44,ext_exp_temp0.3_nodelim_norole_nocot,A GNR de Leiria,,Org,fn,
qwen3_14b,participants,lusa_44,ext_exp_temp0.3_nodelim_norole_nocot,a freguesia da Bidoeira de Cima,,Loc,fn,
qwen3_14b,participants,lusa_44,ext_exp_temp0.3_nodelim_norole_nocot,a GNR,,Org,fn,
qwen3_14b,participants,lusa_44,ext_exp_temp0.3_nodelim_norole_nocot,uma coima no valor máximo de 144 mil euros,,Other,fn,
qwen3_14b,participants,lusa_44,ext_exp_temp0.3_nodelim_norole_nocot,a nota,,Obj,fn,
qwen3_14b,participants,lusa_44,ext_exp_temp0.3_nodelim_norole_nocot,o concelho de Leiria,,Loc,fn,
qwen3_14b,participants,lusa_44,ext_exp_temp0.3_nodelim_norole_nocot,O Comando Territorial,,Org,fn,
qwen3_14b,participants,lusa_44,ext_exp_temp0.3_nodelim_norole_nocot,Os militares,,Per,fn,
qwen3_14b,participants,lusa_44,ext_exp_temp0.3_nodelim_norole_nocot,A GNR,,Org,fn,
qwen3_14b,participants,lusa_45,ext_exp_temp0.3_nodelim_norole_nocot,província angolana da Lunda Norte,,Pl_civil,tp,
qwen3_14b,participants,lusa_45,ext_exp_temp0.3_nodelim_norole_nocot,as autoridades angolanas,,Org,tp,
qwen3_14b,participants,lusa_45,ext_exp_temp0.3_nodelim_norole_nocot,dois supostos traficantes,,Per,tp,
qwen3_14b,participants,lusa_45,ext_exp_temp0.3_nodelim_norole_nocot,Veríssimo Pandamari,,Per,tp,
qwen3_14b,participants,lusa_45,ext_exp_temp0.3_nodelim_norole_nocot,populares,,Per,tp,
qwen3_14b,participants,lusa_45,ext_exp_temp0.3_nodelim_norole_nocot,os homens,,Per,tp,
qwen3_14b,participants,lusa_45,ext_exp_temp0.3_nodelim_norole_nocot,Luanda,,Pl_capital,tp,
qwen3_14b,participants,lusa_45,ext_exp_temp0.3_nodelim_norole_nocot,"a operação denominada ""Kudissanga""",,,fp,
qwen3_14b,participants,lusa_45,ext_exp_temp0.3_nodelim_norole_nocot,três crianças da República Democrática do Congo (RDCongo),,,fp,
qwen3_14b,participants,lusa_45,ext_exp_temp0.3_nodelim_norole_nocot,Lunda Norte,,,fp,
qwen3_14b,participants,lusa_45,ext_exp_temp0.3_nodelim_norole_nocot,pela agência noticiosa angolana,,,fp,
qwen3_14b,participants,lusa_45,ext_exp_temp0.3_nodelim_norole_nocot,Angola,,,fp,
qwen3_14b,participants,lusa_45,ext_exp_temp0.3_nodelim_norole_nocot,Autoridades policiais angolanas,,,fp,
qwen3_14b,participants,lusa_45,ext_exp_temp0.3_nodelim_norole_nocot,cidade do Dundo,,,fp,
qwen3_14b,participants,lusa_45,ext_exp_temp0.3_nodelim_norole_nocot,as crianças,,,fp,
qwen3_14b,participants,lusa_45,ext_exp_temp0.3_nodelim_norole_nocot,menores congoleses,,,fp,
qwen3_14b,participants,lusa_45,ext_exp_temp0.3_nodelim_norole_nocot,a colaboração de populares,,,fp,
qwen3_14b,participants,lusa_45,ext_exp_temp0.3_nodelim_norole_nocot,República Democrática do Congo (RDCongo),,,fp,
qwen3_14b,participants,lusa_45,ext_exp_temp0.3_nodelim_norole_nocot,Serviço de investigação Criminal (SIC),,,fp,
qwen3_14b,participants,lusa_45,ext_exp_temp0.3_nodelim_norole_nocot,porta-voz do SIC,,,fp,
qwen3_14b,participants,lusa_45,ext_exp_temp0.3_nodelim_norole_nocot,SIC,,,fp,
qwen3_14b,participants,lusa_45,ext_exp_temp0.3_nodelim_norole_nocot,Angop,,,fp,
qwen3_14b,participants,lusa_45,ext_exp_temp0.3_nodelim_norole_nocot,estes menores,,Per,fn,
qwen3_14b,participants,lusa_45,ext_exp_temp0.3_nodelim_norole_nocot,a Lunda Norte,,Pl_civil,fn,
qwen3_14b,participants,lusa_45,ext_exp_temp0.3_nodelim_norole_nocot,a sua,,Per,fn,
qwen3_14b,participants,lusa_45,ext_exp_temp0.3_nodelim_norole_nocot,a cidade do Dundo,,Pl_civil,fn,
qwen3_14b,participants,lusa_45,ext_exp_temp0.3_nodelim_norole_nocot,as crianças com 9 e 12 anos,,Per,fn,
qwen3_14b,participants,lusa_45,ext_exp_temp0.3_nodelim_norole_nocot,que,,Other,fn,
qwen3_14b,participants,lusa_45,ext_exp_temp0.3_nodelim_norole_nocot,Kudissanga,,Other,fn,
qwen3_14b,participants,lusa_45,ext_exp_temp0.3_nodelim_norole_nocot,três crianças,,Per,fn,
qwen3_14b,participants,lusa_45,ext_exp_temp0.3_nodelim_norole_nocot,"agência noticiosa angolana, Angop",,Org,fn,
qwen3_14b,participants,lusa_45,ext_exp_temp0.3_nodelim_norole_nocot,capital de Angola,,Pl_capital,fn,
qwen3_14b,participants,lusa_45,ext_exp_temp0.3_nodelim_norole_nocot,a República Democrática do Congo (RDCongo),,Pl_country,fn,
qwen3_14b,participants,lusa_45,ext_exp_temp0.3_nodelim_norole_nocot,o SIC,,Org,fn,
qwen3_14b,participants,lusa_45,ext_exp_temp0.3_nodelim_norole_nocot,O Serviço de investigação Criminal (SIC),,Org,fn,
qwen3_14b,participants,lusa_45,ext_exp_temp0.3_nodelim_norole_nocot,o porta-voz,,Per,fn,
qwen3_14b,participants,lusa_45,ext_exp_temp0.3_nodelim_norole_nocot,os menores,,Per,fn,
qwen3_14b,participants,lusa_46,ext_exp_temp0.3_nodelim_norole_nocot,o arguido,,Per,tp,
qwen3_14b,participants,lusa_46,ext_exp_temp0.3_nodelim_norole_nocot,suplemento de escala,,Other,tp,
qwen3_14b,participants,lusa_46,ext_exp_temp0.3_nodelim_norole_nocot,o,,Per,tp,
qwen3_14b,participants,lusa_46,ext_exp_temp0.3_nodelim_norole_nocot,Braga,,Pl_civil,tp,
qwen3_14b,participants,lusa_46,ext_exp_temp0.3_nodelim_norole_nocot,a nota,,Obj,tp,
qwen3_14b,participants,lusa_46,ext_exp_temp0.3_nodelim_norole_nocot,O Ministério Público (MP),,Org,tp,
qwen3_14b,participants,lusa_46,ext_exp_temp0.3_nodelim_norole_nocot,Porto,,Pl_civil,tp,
qwen3_14b,participants,lusa_46,ext_exp_temp0.3_nodelim_norole_nocot,O arguido,,Per,tp,
qwen3_14b,participants,lusa_46,ext_exp_temp0.3_nodelim_norole_nocot,ele,,Per,tp,
qwen3_14b,participants,lusa_46,ext_exp_temp0.3_nodelim_norole_nocot,responsável,,,fp,
qwen3_14b,participants,lusa_46,ext_exp_temp0.3_nodelim_norole_nocot,seus subordinados,,,fp,
qwen3_14b,participants,lusa_46,ext_exp_temp0.3_nodelim_norole_nocot,página da Procuradoria-Geral Regional do Porto,,,fp,
qwen3_14b,participants,lusa_46,ext_exp_temp0.3_nodelim_norole_nocot,MP,,,fp,
qwen3_14b,participants,lusa_46,ext_exp_temp0.3_nodelim_norole_nocot,Núcleo de Investigação Criminal da GNR de Braga,,,fp,
qwen3_14b,participants,lusa_46,ext_exp_temp0.3_nodelim_norole_nocot,militares do efectivo do Núcleo de Investigação Criminal,,,fp,
qwen3_14b,participants,lusa_46,ext_exp_temp0.3_nodelim_norole_nocot,GNR,,,fp,
qwen3_14b,participants,lusa_46,ext_exp_temp0.3_nodelim_norole_nocot,o seu nome,,,fp,
qwen3_14b,participants,lusa_46,ext_exp_temp0.3_nodelim_norole_nocot,GNR de Braga,,,fp,
qwen3_14b,participants,lusa_46,ext_exp_temp0.3_nodelim_norole_nocot,Núcleo de Investigação Criminal,,,fp,
qwen3_14b,participants,lusa_46,ext_exp_temp0.3_nodelim_norole_nocot,Ministério Público,,,fp,
qwen3_14b,participants,lusa_46,ext_exp_temp0.3_nodelim_norole_nocot,um militar da GNR de Braga,,,fp,
qwen3_14b,participants,lusa_46,ext_exp_temp0.3_nodelim_norole_nocot,agente da GNR de Braga,,,fp,
qwen3_14b,participants,lusa_46,ext_exp_temp0.3_nodelim_norole_nocot,Procuradoria-Geral Regional do Porto,,,fp,
qwen3_14b,participants,lusa_46,ext_exp_temp0.3_nodelim_norole_nocot,a Procuradoria-Geral Regional do Porto,,Org,fn,
qwen3_14b,participants,lusa_46,ext_exp_temp0.3_nodelim_norole_nocot,"o montante líquido de 5.400,17 euros",,Obj,fn,
qwen3_14b,participants,lusa_46,ext_exp_temp0.3_nodelim_norole_nocot,a GNR de Braga,,Org,fn,
qwen3_14b,participants,lusa_46,ext_exp_temp0.3_nodelim_norole_nocot,a Procuradoria-Geral Regional,,Org,fn,
qwen3_14b,participants,lusa_46,ext_exp_temp0.3_nodelim_norole_nocot,suplemento,,Other,fn,
qwen3_14b,participants,lusa_46,ext_exp_temp0.3_nodelim_norole_nocot,mapas mensais de suplementos remuneratórios,,Other,fn,
qwen3_14b,participants,lusa_46,ext_exp_temp0.3_nodelim_norole_nocot,o efectivo,,Per,fn,
qwen3_14b,participants,lusa_46,ext_exp_temp0.3_nodelim_norole_nocot,um militar,,Per,fn,
qwen3_14b,participants,lusa_46,ext_exp_temp0.3_nodelim_norole_nocot,o seu,,Per,fn,
qwen3_14b,participants,lusa_46,ext_exp_temp0.3_nodelim_norole_nocot,nota,,Obj,fn,
qwen3_14b,participants,lusa_46,ext_exp_temp0.3_nodelim_norole_nocot,a página,,Loc,fn,
qwen3_14b,participants,lusa_46,ext_exp_temp0.3_nodelim_norole_nocot,seus,,Per,fn,
qwen3_14b,participants,lusa_46,ext_exp_temp0.3_nodelim_norole_nocot,os mapas mensais de suplementos remuneratórios,,Other,fn,
qwen3_14b,participants,lusa_46,ext_exp_temp0.3_nodelim_norole_nocot,serviço,,Other,fn,
qwen3_14b,participants,lusa_46,ext_exp_temp0.3_nodelim_norole_nocot,nome,,Other,fn,
qwen3_14b,participants,lusa_46,ext_exp_temp0.3_nodelim_norole_nocot,que,,Other,fn,
qwen3_14b,participants,lusa_46,ext_exp_temp0.3_nodelim_norole_nocot,a GNR,,Org,fn,
qwen3_14b,participants,lusa_46,ext_exp_temp0.3_nodelim_norole_nocot,5.400 euros,,Obj,fn,
qwen3_14b,participants,lusa_46,ext_exp_temp0.3_nodelim_norole_nocot,o Núcleo de Investigação Criminal,,Org,fn,
qwen3_14b,participants,lusa_46,ext_exp_temp0.3_nodelim_norole_nocot,subordinados,,Per,fn,
qwen3_14b,participants,lusa_46,ext_exp_temp0.3_nodelim_norole_nocot,O Ministério Público,,Org,fn,
qwen3_14b,participants,lusa_46,ext_exp_temp0.3_nodelim_norole_nocot,militares,,Per,fn,
qwen3_14b,participants,lusa_48,ext_exp_temp0.3_nodelim_norole_nocot,os suspeitos,,Per,tp,
qwen3_14b,participants,lusa_48,ext_exp_temp0.3_nodelim_norole_nocot,estabelecimentos de restauração e bebidas,,Org,tp,
qwen3_14b,participants,lusa_48,ext_exp_temp0.3_nodelim_norole_nocot,quatro máquinas de jogo,,Obj,tp,
qwen3_14b,participants,lusa_48,ext_exp_temp0.3_nodelim_norole_nocot,a GNR,,Org,tp,
qwen3_14b,participants,lusa_48,ext_exp_temp0.3_nodelim_norole_nocot,distrito do Porto,,Pl_civil,tp,
qwen3_14b,participants,lusa_48,ext_exp_temp0.3_nodelim_norole_nocot,Vila Meã,,Pl_civil,tp,
qwen3_14b,participants,lusa_48,ext_exp_temp0.3_nodelim_norole_nocot,fonte policial,,Org,tp,
qwen3_14b,participants,lusa_48,ext_exp_temp0.3_nodelim_norole_nocot,A GNR,,Org,tp,
qwen3_14b,participants,lusa_48,ext_exp_temp0.3_nodelim_norole_nocot,Amarante,,Pl_civil,tp,
qwen3_14b,participants,lusa_48,ext_exp_temp0.3_nodelim_norole_nocot,dois homens,,Per,tp,
qwen3_14b,participants,lusa_48,ext_exp_temp0.3_nodelim_norole_nocot,GNR,,,fp,
qwen3_14b,participants,lusa_48,ext_exp_temp0.3_nodelim_norole_nocot,a ação,,,fp,
qwen3_14b,participants,lusa_48,ext_exp_temp0.3_nodelim_norole_nocot,máquinas de jogo ilegal,,,fp,
qwen3_14b,participants,lusa_48,ext_exp_temp0.3_nodelim_norole_nocot,Tribunal Judicial de Amarante,,,fp,
qwen3_14b,participants,lusa_48,ext_exp_temp0.3_nodelim_norole_nocot,11 autos de contraordenação,,,fp,
qwen3_14b,participants,lusa_48,ext_exp_temp0.3_nodelim_norole_nocot,uma fiscalização,,,fp,
qwen3_14b,participants,lusa_48,ext_exp_temp0.3_nodelim_norole_nocot,o Tribunal Judicial de Amarante,,Org,fn,
qwen3_14b,participants,lusa_48,ext_exp_temp0.3_nodelim_norole_nocot,um telemóvel,,Obj,fn,
qwen3_14b,participants,lusa_48,ext_exp_temp0.3_nodelim_norole_nocot,máquinas ilegais,,Obj,fn,
qwen3_14b,participants,lusa_48,ext_exp_temp0.3_nodelim_norole_nocot,o Tribunal Judicial,,Org,fn,
qwen3_14b,participants,lusa_48,ext_exp_temp0.3_nodelim_norole_nocot,comunicado,,Obj,fn,
qwen3_14b,participants,lusa_48,ext_exp_temp0.3_nodelim_norole_nocot,"nove litros de bebidas espirituosas, sem estampilha fiscal",,Obj,fn,
qwen3_14b,participants,lusa_48,ext_exp_temp0.3_nodelim_norole_nocot,de 30 e 60 anos,,Other,fn,
qwen3_14b,participants,lusa_48,ext_exp_temp0.3_nodelim_norole_nocot,um tablet,,Obj,fn,
qwen3_14b,participants,lusa_48,ext_exp_temp0.3_nodelim_norole_nocot,um computador com impressora,,Obj,fn,
qwen3_14b,participants,lusa_48,ext_exp_temp0.3_nodelim_norole_nocot,máquinas de jogo,,Obj,fn,
qwen3_14b,participants,lusa_49,ext_exp_temp0.3_nodelim_norole_nocot,um homem de 31 anos,,Per,tp,
qwen3_14b,participants,lusa_49,ext_exp_temp0.3_nodelim_norole_nocot,militares,,Per,tp,
qwen3_14b,participants,lusa_49,ext_exp_temp0.3_nodelim_norole_nocot,Destacamento Territorial de Estremoz,,Org,tp,
qwen3_14b,participants,lusa_49,ext_exp_temp0.3_nodelim_norole_nocot,o homem,,Per,tp,
qwen3_14b,participants,lusa_49,ext_exp_temp0.3_nodelim_norole_nocot,agência Lusa,,Org,tp,
qwen3_14b,participants,lusa_49,ext_exp_temp0.3_nodelim_norole_nocot,suspeito,,Per,tp,
qwen3_14b,participants,lusa_49,ext_exp_temp0.3_nodelim_norole_nocot,uma balança digital,,Obj,tp,
qwen3_14b,participants,lusa_49,ext_exp_temp0.3_nodelim_norole_nocot,uma tesoura,,Obj,tp,
qwen3_14b,participants,lusa_49,ext_exp_temp0.3_nodelim_norole_nocot,"24,3 gramas de heroína",,Obj,tp,
qwen3_14b,participants,lusa_49,ext_exp_temp0.3_nodelim_norole_nocot,a mesma fonte,,Per,tp,
qwen3_14b,participants,lusa_49,ext_exp_temp0.3_nodelim_norole_nocot,A GNR,,,tp,
qwen3_14b,participants,lusa_49,ext_exp_temp0.3_nodelim_norole_nocot,distrito de Évora,,Pl_civil,tp,
qwen3_14b,participants,lusa_49,ext_exp_temp0.3_nodelim_norole_nocot,cidade de Borba,,,fp,
qwen3_14b,participants,lusa_49,ext_exp_temp0.3_nodelim_norole_nocot,ao suspeito,,,fp,
qwen3_14b,participants,lusa_49,ext_exp_temp0.3_nodelim_norole_nocot,GNR,,,fp,
qwen3_14b,participants,lusa_49,ext_exp_temp0.3_nodelim_norole_nocot,Tribunal de Vila Viçosa,,,fp,
qwen3_14b,participants,lusa_49,ext_exp_temp0.3_nodelim_norole_nocot,fonte daquela força de segurança,,,fp,
qwen3_14b,participants,lusa_49,ext_exp_temp0.3_nodelim_norole_nocot,sacos de plástico para acondicionamento de doses individuais,,,fp,
qwen3_14b,participants,lusa_49,ext_exp_temp0.3_nodelim_norole_nocot,Borba,,,fp,
qwen3_14b,participants,lusa_49,ext_exp_temp0.3_nodelim_norole_nocot,cerca de 150 euros em dinheiro,,,fp,
qwen3_14b,participants,lusa_49,ext_exp_temp0.3_nodelim_norole_nocot,150 euros em dinheiro,,Obj,fn,
qwen3_14b,participants,lusa_49,ext_exp_temp0.3_nodelim_norole_nocot,Destacamento Territorial,,Org,fn,
qwen3_14b,participants,lusa_49,ext_exp_temp0.3_nodelim_norole_nocot,droga,,Obj,fn,
qwen3_14b,participants,lusa_49,ext_exp_temp0.3_nodelim_norole_nocot,o Tribunal,,Org,fn,
qwen3_14b,participants,lusa_49,ext_exp_temp0.3_nodelim_norole_nocot,a cidade de Borba,,Pl_civil,fn,
qwen3_14b,participants,lusa_49,ext_exp_temp0.3_nodelim_norole_nocot,fonte,,Per,fn,
qwen3_14b,participants,lusa_49,ext_exp_temp0.3_nodelim_norole_nocot,sacos de plástico,,Obj,fn,
qwen3_14b,participants,lusa_49,ext_exp_temp0.3_nodelim_norole_nocot,aquela força de segurança,,Org,fn,
qwen3_14b,participants,lusa_49,ext_exp_temp0.3_nodelim_norole_nocot,doses individuais,,Obj,fn,
qwen3_14b,participants,lusa_49,ext_exp_temp0.3_nodelim_norole_nocot,Estremoz,,Pl_civil,fn,
qwen3_14b,participants,lusa_49,ext_exp_temp0.3_nodelim_norole_nocot,medidas,,Other,fn,
qwen3_14b,participants,lusa_49,ext_exp_temp0.3_nodelim_norole_nocot,Vila Viçosa,,Pl_civil,fn,
qwen3_14b,participants,lusa_49,ext_exp_temp0.3_nodelim_norole_nocot,o Tribunal de Vila Viçosa,,Org,fn,
qwen3_14b,participants,lusa_5,ext_exp_temp0.3_nodelim_norole_nocot,o Núcleo de Proteção Ambiental das Caldas da Rainha,,Org,tp,
qwen3_14b,participants,lusa_5,ext_exp_temp0.3_nodelim_norole_nocot,O homem,,Per,tp,
qwen3_14b,participants,lusa_5,ext_exp_temp0.3_nodelim_norole_nocot,aquela força da autoridade,,Org,tp,
qwen3_14b,participants,lusa_5,ext_exp_temp0.3_nodelim_norole_nocot,os militares,,Per,tp,
qwen3_14b,participants,lusa_5,ext_exp_temp0.3_nodelim_norole_nocot,o Posto Territorial de Óbidos,,Org,tp,
qwen3_14b,participants,lusa_5,ext_exp_temp0.3_nodelim_norole_nocot,o suspeito,,Per,tp,
qwen3_14b,participants,lusa_5,ext_exp_temp0.3_nodelim_norole_nocot,Um homem de 50 anos,,Per,tp,
qwen3_14b,participants,lusa_5,ext_exp_temp0.3_nodelim_norole_nocot,o relato da situação,,Obj,tp,
qwen3_14b,participants,lusa_5,ext_exp_temp0.3_nodelim_norole_nocot,Óbidos,,Pl_civil,tp,
qwen3_14b,participants,lusa_5,ext_exp_temp0.3_nodelim_norole_nocot,o comunicado da GNR,,,fp,
qwen3_14b,participants,lusa_5,ext_exp_temp0.3_nodelim_norole_nocot,Guarda Nacional Republicana (GNR),,,fp,
qwen3_14b,participants,lusa_5,ext_exp_temp0.3_nodelim_norole_nocot,terrenos não permitidos,,,fp,
qwen3_14b,participants,lusa_5,ext_exp_temp0.3_nodelim_norole_nocot,casas,,,fp,
qwen3_14b,participants,lusa_5,ext_exp_temp0.3_nodelim_norole_nocot,Tribunal das Caldas da Rainha,,,fp,
qwen3_14b,participants,lusa_5,ext_exp_temp0.3_nodelim_norole_nocot,Homem,,,fp,
qwen3_14b,participants,lusa_5,ext_exp_temp0.3_nodelim_norole_nocot,o crime do exercício da caça em terrenos não permitidos,,,fp,
qwen3_14b,participants,lusa_5,ext_exp_temp0.3_nodelim_norole_nocot,a Guarda Nacional Republicana,,Org,fn,
qwen3_14b,participants,lusa_5,ext_exp_temp0.3_nodelim_norole_nocot,o Tribunal das Caldas da Rainha,,Fac,fn,
qwen3_14b,participants,lusa_5,ext_exp_temp0.3_nodelim_norole_nocot,dois cartuchos de calibre 12,,Obj,fn,
qwen3_14b,participants,lusa_5,ext_exp_temp0.3_nodelim_norole_nocot,acessórios,,Obj,fn,
qwen3_14b,participants,lusa_5,ext_exp_temp0.3_nodelim_norole_nocot,o Núcleo de Proteção Ambiental,,Obj,fn,
qwen3_14b,participants,lusa_5,ext_exp_temp0.3_nodelim_norole_nocot,o Tribunal,,Fac,fn,
qwen3_14b,participants,lusa_5,ext_exp_temp0.3_nodelim_norole_nocot,GNR,,Org,fn,
qwen3_14b,participants,lusa_5,ext_exp_temp0.3_nodelim_norole_nocot,que,,Org,fn,
qwen3_14b,participants,lusa_5,ext_exp_temp0.3_nodelim_norole_nocot,as Caldas da Rainha,,Pl_civil,fn,
qwen3_14b,participants,lusa_5,ext_exp_temp0.3_nodelim_norole_nocot,a GNR,,Org,fn,
qwen3_14b,participants,lusa_5,ext_exp_temp0.3_nodelim_norole_nocot,uma faixa de proteção,,Loc,fn,
qwen3_14b,participants,lusa_5,ext_exp_temp0.3_nodelim_norole_nocot,o Posto Territorial,,Org,fn,
qwen3_14b,participants,lusa_5,ext_exp_temp0.3_nodelim_norole_nocot,diversos materiais,,Obj,fn,
qwen3_14b,participants,lusa_5,ext_exp_temp0.3_nodelim_norole_nocot,terrenos,,Loc,fn,
qwen3_14b,participants,lusa_5,ext_exp_temp0.3_nodelim_norole_nocot,uma espingarda de caça,,Obj,fn,
qwen3_14b,participants,lusa_5,ext_exp_temp0.3_nodelim_norole_nocot,habitações,,Fac,fn,
qwen3_14b,participants,lusa_5,ext_exp_temp0.3_nodelim_norole_nocot,o comunicado,,Obj,fn,
qwen3_14b,participants,lusa_50,ext_exp_temp0.3_nodelim_norole_nocot,Paredes de Coura,,Pl_civil,tp,
qwen3_14b,participants,lusa_50,ext_exp_temp0.3_nodelim_norole_nocot,quatro homens,,Per,tp,
qwen3_14b,participants,lusa_50,ext_exp_temp0.3_nodelim_norole_nocot,Ponte da Barca,,Pl_civil,tp,
qwen3_14b,participants,lusa_50,ext_exp_temp0.3_nodelim_norole_nocot,Ponte de Lima,,Pl_civil,tp,
qwen3_14b,participants,lusa_50,ext_exp_temp0.3_nodelim_norole_nocot,Viana do Castelo,,Pl_civil,tp,
qwen3_14b,participants,lusa_50,ext_exp_temp0.3_nodelim_norole_nocot,Vila Verde,,Pl_civil,tp,
qwen3_14b,participants,lusa_50,ext_exp_temp0.3_nodelim_norole_nocot,A GNR,,Org,tp,
qwen3_14b,participants,lusa_50,ext_exp_temp0.3_nodelim_norole_nocot,Arcos de Valdevez,,Pl_civil,tp,
qwen3_14b,participants,lusa_50,ext_exp_temp0.3_nodelim_norole_nocot,distrito de Braga,,Pl_civil,tp,
qwen3_14b,participants,lusa_50,ext_exp_temp0.3_nodelim_norole_nocot,Os suspeitos,,,fp,
qwen3_14b,participants,lusa_50,ext_exp_temp0.3_nodelim_norole_nocot,GNR,,,fp,
qwen3_14b,participants,lusa_50,ext_exp_temp0.3_nodelim_norole_nocot,comando de Viana do Castelo,,,fp,
qwen3_14b,participants,lusa_50,ext_exp_temp0.3_nodelim_norole_nocot,daquela força policial,,,fp,
qwen3_14b,participants,lusa_50,ext_exp_temp0.3_nodelim_norole_nocot,distrito de Viana do Castelo,,,fp,
qwen3_14b,participants,lusa_50,ext_exp_temp0.3_nodelim_norole_nocot,Alto Minho,,,fp,
qwen3_14b,participants,lusa_50,ext_exp_temp0.3_nodelim_norole_nocot,quatro suspeitos,,,fp,
qwen3_14b,participants,lusa_50,ext_exp_temp0.3_nodelim_norole_nocot,o distrito de Viana do Castelo,,Pl_civil,fn,
qwen3_14b,participants,lusa_50,ext_exp_temp0.3_nodelim_norole_nocot,seis telemóveis,,Obj,fn,
qwen3_14b,participants,lusa_50,ext_exp_temp0.3_nodelim_norole_nocot,residências,,Loc,fn,
qwen3_14b,participants,lusa_50,ext_exp_temp0.3_nodelim_norole_nocot,cocaína para 17,,Obj,fn,
qwen3_14b,participants,lusa_50,ext_exp_temp0.3_nodelim_norole_nocot,"Os suspeitos, com idades entre os 35 e 41 anos",,Per,fn,
qwen3_14b,participants,lusa_50,ext_exp_temp0.3_nodelim_norole_nocot,o Alto Minho,,Pl_civil,fn,
qwen3_14b,participants,lusa_50,ext_exp_temp0.3_nodelim_norole_nocot,drogas,,Obj,fn,
qwen3_14b,participants,lusa_50,ext_exp_temp0.3_nodelim_norole_nocot,haxixe para oito,,Obj,fn,
qwen3_14b,participants,lusa_50,ext_exp_temp0.3_nodelim_norole_nocot,todos,,Pl_civil,fn,
qwen3_14b,participants,lusa_50,ext_exp_temp0.3_nodelim_norole_nocot,o comando,,Org,fn,
qwen3_14b,participants,lusa_50,ext_exp_temp0.3_nodelim_norole_nocot,dois computadores,,Obj,fn,
qwen3_14b,participants,lusa_50,ext_exp_temp0.3_nodelim_norole_nocot,os concelhos,,Loc,fn,
qwen3_14b,participants,lusa_50,ext_exp_temp0.3_nodelim_norole_nocot,aquela força policial,,Org,fn,
qwen3_14b,participants,lusa_50,ext_exp_temp0.3_nodelim_norole_nocot,veículos,,Obj,fn,
qwen3_14b,participants,lusa_50,ext_exp_temp0.3_nodelim_norole_nocot,heroína para 56 doses,,Obj,fn,
qwen3_14b,participants,lusa_50,ext_exp_temp0.3_nodelim_norole_nocot,uma máquina fotográfica,,Obj,fn,
qwen3_14b,participants,lusa_50,ext_exp_temp0.3_nodelim_norole_nocot,o comando de Viana do Castelo,,Org,fn,
qwen3_14b,participants,lusa_50,ext_exp_temp0.3_nodelim_norole_nocot,estabelecimentos,,Org,fn,
qwen3_14b,participants,lusa_50,ext_exp_temp0.3_nodelim_norole_nocot,o interior,,Loc,fn,
qwen3_14b,participants,lusa_50,ext_exp_temp0.3_nodelim_norole_nocot,um aparelho GPS,,Obj,fn,
qwen3_14b,participants,lusa_51,ext_exp_temp0.3_nodelim_norole_nocot,O homem,,Per,tp,
qwen3_14b,participants,lusa_51,ext_exp_temp0.3_nodelim_norole_nocot,o Veterinário Municipal de Seia,,Org,tp,
qwen3_14b,participants,lusa_51,ext_exp_temp0.3_nodelim_norole_nocot,Gouveia,,Pl_civil,tp,
qwen3_14b,participants,lusa_51,ext_exp_temp0.3_nodelim_norole_nocot,os militares,,Per,tp,
qwen3_14b,participants,lusa_51,ext_exp_temp0.3_nodelim_norole_nocot,Os animais,,Nat,tp,
qwen3_14b,participants,lusa_51,ext_exp_temp0.3_nodelim_norole_nocot,25 cães,,Nat,tp,
qwen3_14b,participants,lusa_51,ext_exp_temp0.3_nodelim_norole_nocot,a GNR,,Org,tp,
qwen3_14b,participants,lusa_51,ext_exp_temp0.3_nodelim_norole_nocot,a nota,,Obj,tp,
qwen3_14b,participants,lusa_51,ext_exp_temp0.3_nodelim_norole_nocot,cães,,Nat,tp,
qwen3_14b,participants,lusa_51,ext_exp_temp0.3_nodelim_norole_nocot,NPA,,Org,tp,
qwen3_14b,participants,lusa_51,ext_exp_temp0.3_nodelim_norole_nocot,o proprietário,,Per,tp,
qwen3_14b,participants,lusa_51,ext_exp_temp0.3_nodelim_norole_nocot,animais de companhia,,Nat,tp,
qwen3_14b,participants,lusa_51,ext_exp_temp0.3_nodelim_norole_nocot,NICCOA,,Org,tp,
qwen3_14b,participants,lusa_51,ext_exp_temp0.3_nodelim_norole_nocot,Guarda,,Pl_civil,tp,
qwen3_14b,participants,lusa_51,ext_exp_temp0.3_nodelim_norole_nocot,A fonte,,Org,tp,
qwen3_14b,participants,lusa_51,ext_exp_temp0.3_nodelim_norole_nocot,Seia,,Pl_civil,tp,
qwen3_14b,participants,lusa_51,ext_exp_temp0.3_nodelim_norole_nocot,Comando Territorial da GNR da Guarda,,,fp,
qwen3_14b,participants,lusa_51,ext_exp_temp0.3_nodelim_norole_nocot,25 cães vítimas de maus-tratos,,,fp,
qwen3_14b,participants,lusa_51,ext_exp_temp0.3_nodelim_norole_nocot,Tribunal Judicial de Seia,,,fp,
qwen3_14b,participants,lusa_51,ext_exp_temp0.3_nodelim_norole_nocot,distrito da Guarda,,,fp,
qwen3_14b,participants,lusa_51,ext_exp_temp0.3_nodelim_norole_nocot,Núcleo de Proteção Ambiental (NPA) de Gouveia,,,fp,
qwen3_14b,participants,lusa_51,ext_exp_temp0.3_nodelim_norole_nocot,GNR,,,fp,
qwen3_14b,participants,lusa_51,ext_exp_temp0.3_nodelim_norole_nocot,um mandado de busca domiciliária,,,fp,
qwen3_14b,participants,lusa_51,ext_exp_temp0.3_nodelim_norole_nocot,a ação,,,fp,
qwen3_14b,participants,lusa_51,ext_exp_temp0.3_nodelim_norole_nocot,um homem,,,fp,
qwen3_14b,participants,lusa_51,ext_exp_temp0.3_nodelim_norole_nocot,Núcleo de Investigação de Crimes e Contraordenações Ambientais (NICCOA),,,fp,
qwen3_14b,participants,lusa_51,ext_exp_temp0.3_nodelim_norole_nocot,a habitação,,,fp,
qwen3_14b,participants,lusa_51,ext_exp_temp0.3_nodelim_norole_nocot,concelho de Seia,,,fp,
qwen3_14b,participants,lusa_51,ext_exp_temp0.3_nodelim_norole_nocot,o Núcleo de Proteção Ambiental,,Org,fn,
qwen3_14b,participants,lusa_51,ext_exp_temp0.3_nodelim_norole_nocot,o concelho de Seia,,Pl_civil,fn,
qwen3_14b,participants,lusa_51,ext_exp_temp0.3_nodelim_norole_nocot,onde,,Other,fn,
qwen3_14b,participants,lusa_51,ext_exp_temp0.3_nodelim_norole_nocot,se,,Per,fn,
qwen3_14b,participants,lusa_51,ext_exp_temp0.3_nodelim_norole_nocot,animais,,Nat,fn,
qwen3_14b,participants,lusa_51,ext_exp_temp0.3_nodelim_norole_nocot,O Comando Territorial da GNR da Guarda,,Org,fn,
qwen3_14b,participants,lusa_51,ext_exp_temp0.3_nodelim_norole_nocot,um cenário,,Other,fn,
qwen3_14b,participants,lusa_51,ext_exp_temp0.3_nodelim_norole_nocot,o Tribunal Judicial de Seia,,Org,fn,
qwen3_14b,participants,lusa_51,ext_exp_temp0.3_nodelim_norole_nocot,A GNR,,Org,fn,
qwen3_14b,participants,lusa_51,ext_exp_temp0.3_nodelim_norole_nocot,o distrito da Guarda,,Pl_civil,fn,
qwen3_14b,participants,lusa_51,ext_exp_temp0.3_nodelim_norole_nocot,comunicado,,Obj,fn,
qwen3_14b,participants,lusa_51,ext_exp_temp0.3_nodelim_norole_nocot,que,,Org,fn,
qwen3_14b,participants,lusa_51,ext_exp_temp0.3_nodelim_norole_nocot,todos,,Nat,fn,
qwen3_14b,participants,lusa_51,ext_exp_temp0.3_nodelim_norole_nocot,O Comando Territorial,,Org,fn,
qwen3_14b,participants,lusa_51,ext_exp_temp0.3_nodelim_norole_nocot,"um homem, de 58 anos",,Per,fn,
qwen3_14b,participants,lusa_51,ext_exp_temp0.3_nodelim_norole_nocot,o Núcleo de Investigação de Crimes e Contraordenações Ambientais,,Org,fn,
qwen3_14b,participants,lusa_51,ext_exp_temp0.3_nodelim_norole_nocot,os animais,,Nat,fn,
qwen3_14b,participants,lusa_51,ext_exp_temp0.3_nodelim_norole_nocot,a sua,,Per,fn,
qwen3_14b,participants,lusa_51,ext_exp_temp0.3_nodelim_norole_nocot,Tribunal Judicial,,Org,fn,
qwen3_14b,participants,lusa_51,ext_exp_temp0.3_nodelim_norole_nocot,o Veterinário Municipal,,Org,fn,
qwen3_14b,participants,lusa_51,ext_exp_temp0.3_nodelim_norole_nocot,o interior,,Loc,fn,
qwen3_14b,participants,lusa_51,ext_exp_temp0.3_nodelim_norole_nocot,habitação,,Fac,fn,
qwen3_14b,participants,lusa_52,ext_exp_temp0.3_nodelim_norole_nocot,o titular das Finanças,,Per,tp,
qwen3_14b,participants,lusa_52,ext_exp_temp0.3_nodelim_norole_nocot,António Costa,,Per,tp,
qwen3_14b,participants,lusa_52,ext_exp_temp0.3_nodelim_norole_nocot,os deputados,,Per,tp,
qwen3_14b,participants,lusa_52,ext_exp_temp0.3_nodelim_norole_nocot,parlamento,,Loc,tp,
qwen3_14b,participants,lusa_52,ext_exp_temp0.3_nodelim_norole_nocot,o presidente da Assembleia da República,,Per,tp,
qwen3_14b,participants,lusa_52,ext_exp_temp0.3_nodelim_norole_nocot,Governo,,Org,tp,
qwen3_14b,participants,lusa_52,ext_exp_temp0.3_nodelim_norole_nocot,os ministros,,Per,tp,
qwen3_14b,participants,lusa_52,ext_exp_temp0.3_nodelim_norole_nocot,Ferro Rodrigues,,Per,tp,
qwen3_14b,participants,lusa_52,ext_exp_temp0.3_nodelim_norole_nocot,Deputados,,,fp,
qwen3_14b,participants,lusa_52,ext_exp_temp0.3_nodelim_norole_nocot,chegarem,,,fp,
qwen3_14b,participants,lusa_52,ext_exp_temp0.3_nodelim_norole_nocot,a Assembleia da República,,,fp,
qwen3_14b,participants,lusa_52,ext_exp_temp0.3_nodelim_norole_nocot,o expediente,,,fp,
qwen3_14b,participants,lusa_52,ext_exp_temp0.3_nodelim_norole_nocot,hemiciclo,,,fp,
qwen3_14b,participants,lusa_52,ext_exp_temp0.3_nodelim_norole_nocot,os membros do executivo,,,fp,
qwen3_14b,participants,lusa_52,ext_exp_temp0.3_nodelim_norole_nocot,começaremos,,,fp,
qwen3_14b,participants,lusa_52,ext_exp_temp0.3_nodelim_norole_nocot,membros do Governo,,,fp,
qwen3_14b,participants,lusa_52,ext_exp_temp0.3_nodelim_norole_nocot,João Pedro Matos Fernandes,,,fp,
qwen3_14b,participants,lusa_52,ext_exp_temp0.3_nodelim_norole_nocot,Ana Gomes Godinho,,,fp,
qwen3_14b,participants,lusa_52,ext_exp_temp0.3_nodelim_norole_nocot,Orçamento do Estado para 2021,,Other,fn,
qwen3_14b,participants,lusa_52,ext_exp_temp0.3_nodelim_norole_nocot,executivo,,Per,fn,
qwen3_14b,participants,lusa_52,ext_exp_temp0.3_nodelim_norole_nocot,sala,,Loc,fn,
qwen3_14b,participants,lusa_52,ext_exp_temp0.3_nodelim_norole_nocot,as cadeiras,,Obj,fn,
qwen3_14b,participants,lusa_52,ext_exp_temp0.3_nodelim_norole_nocot,bancada,,Loc,fn,
qwen3_14b,participants,lusa_52,ext_exp_temp0.3_nodelim_norole_nocot,os membros,,Per,fn,
qwen3_14b,participants,lusa_52,ext_exp_temp0.3_nodelim_norole_nocot,"João Pedro Matos Fernandes, Ambiente",,Per,fn,
qwen3_14b,participants,lusa_52,ext_exp_temp0.3_nodelim_norole_nocot,o primeiro-ministro,,Per,fn,
qwen3_14b,participants,lusa_52,ext_exp_temp0.3_nodelim_norole_nocot,"Ana Gomes Godinho, Trabalho",,Per,fn,
qwen3_14b,participants,lusa_52,ext_exp_temp0.3_nodelim_norole_nocot,membros,,Per,fn,
qwen3_14b,participants,lusa_53,ext_exp_temp0.3_nodelim_norole_nocot,Wopke Hoekstra,,Per,tp,
qwen3_14b,participants,lusa_53,ext_exp_temp0.3_nodelim_norole_nocot,a agência de notícias France-Presse (AFP),,Org,tp,
qwen3_14b,participants,lusa_53,ext_exp_temp0.3_nodelim_norole_nocot,os pilotos,,Per,tp,
qwen3_14b,participants,lusa_53,ext_exp_temp0.3_nodelim_norole_nocot,o governo,,Org,tp,
qwen3_14b,participants,lusa_53,ext_exp_temp0.3_nodelim_norole_nocot,O ministro das Finanças,,Per,tp,
qwen3_14b,participants,lusa_53,ext_exp_temp0.3_nodelim_norole_nocot,o sindicato,,Org,tp,
qwen3_14b,participants,lusa_53,ext_exp_temp0.3_nodelim_norole_nocot,três mil pilotos,,Per,tp,
qwen3_14b,participants,lusa_53,ext_exp_temp0.3_nodelim_norole_nocot,Air France-KLM,,,fp,
qwen3_14b,participants,lusa_53,ext_exp_temp0.3_nodelim_norole_nocot,transportadora aérea KLM,,,fp,
qwen3_14b,participants,lusa_53,ext_exp_temp0.3_nodelim_norole_nocot,ramo holandês da Air France-KLM,,,fp,
qwen3_14b,participants,lusa_53,ext_exp_temp0.3_nodelim_norole_nocot,sindicato dos pilotos VNV,,,fp,
qwen3_14b,participants,lusa_53,ext_exp_temp0.3_nodelim_norole_nocot,os meios do país,,,fp,
qwen3_14b,participants,lusa_53,ext_exp_temp0.3_nodelim_norole_nocot,baixas salariais,,,fp,
qwen3_14b,participants,lusa_53,ext_exp_temp0.3_nodelim_norole_nocot,Governo holandês,,,fp,
qwen3_14b,participants,lusa_53,ext_exp_temp0.3_nodelim_norole_nocot,KLM,,,fp,
qwen3_14b,participants,lusa_53,ext_exp_temp0.3_nodelim_norole_nocot,pilotos,,,fp,
qwen3_14b,participants,lusa_53,ext_exp_temp0.3_nodelim_norole_nocot,governo holandês,,,fp,
qwen3_14b,participants,lusa_53,ext_exp_temp0.3_nodelim_norole_nocot,VNV,,,fp,
qwen3_14b,participants,lusa_53,ext_exp_temp0.3_nodelim_norole_nocot,este plano,,,fp,
qwen3_14b,participants,lusa_53,ext_exp_temp0.3_nodelim_norole_nocot,os meios,,Org,fn,
qwen3_14b,participants,lusa_53,ext_exp_temp0.3_nodelim_norole_nocot,o ramo holandês,,Org,fn,
qwen3_14b,participants,lusa_53,ext_exp_temp0.3_nodelim_norole_nocot,"1,6 mil milhões de euros",,Obj,fn,
qwen3_14b,participants,lusa_53,ext_exp_temp0.3_nodelim_norole_nocot,"3,4 mil milhões de euros",,Obj,fn,
qwen3_14b,participants,lusa_53,ext_exp_temp0.3_nodelim_norole_nocot,despesas,,Other,fn,
qwen3_14b,participants,lusa_53,ext_exp_temp0.3_nodelim_norole_nocot,o país,,Loc,fn,
qwen3_14b,participants,lusa_53,ext_exp_temp0.3_nodelim_norole_nocot,A Air France-KLM,,Org,fn,
qwen3_14b,participants,lusa_53,ext_exp_temp0.3_nodelim_norole_nocot,a transportadora aérea KLM,,Org,fn,
qwen3_14b,participants,lusa_53,ext_exp_temp0.3_nodelim_norole_nocot,A KLM,,Org,fn,
qwen3_14b,participants,lusa_53,ext_exp_temp0.3_nodelim_norole_nocot,vários milhares de milhões de euros,,Obj,fn,
qwen3_14b,participants,lusa_53,ext_exp_temp0.3_nodelim_norole_nocot,a KLM,,Org,fn,
qwen3_14b,participants,lusa_53,ext_exp_temp0.3_nodelim_norole_nocot,os pilotos VNV,,Per,fn,
qwen3_14b,participants,lusa_53,ext_exp_temp0.3_nodelim_norole_nocot,O governo holandês,,Org,fn,
qwen3_14b,participants,lusa_53,ext_exp_temp0.3_nodelim_norole_nocot,15%,,Other,fn,
qwen3_14b,participants,lusa_53,ext_exp_temp0.3_nodelim_norole_nocot,363 milhões,,Obj,fn,
qwen3_14b,participants,lusa_53,ext_exp_temp0.3_nodelim_norole_nocot,cinco mil,,Other,fn,
qwen3_14b,participants,lusa_53,ext_exp_temp0.3_nodelim_norole_nocot,20%,,Other,fn,
qwen3_14b,participants,lusa_53,ext_exp_temp0.3_nodelim_norole_nocot,a Air France-KLM,,Org,fn,
qwen3_14b,participants,lusa_53,ext_exp_temp0.3_nodelim_norole_nocot,salários,,Other,fn,
qwen3_14b,participants,lusa_54,ext_exp_temp0.3_nodelim_norole_nocot,várias,,Per,tp,
qwen3_14b,participants,lusa_54,ext_exp_temp0.3_nodelim_norole_nocot,a mesma rede social,,Obj,tp,
qwen3_14b,participants,lusa_54,ext_exp_temp0.3_nodelim_norole_nocot,o veículo,,Obj,tp,
qwen3_14b,participants,lusa_54,ext_exp_temp0.3_nodelim_norole_nocot,O motorista,,Per,tp,
qwen3_14b,participants,lusa_54,ext_exp_temp0.3_nodelim_norole_nocot,um veículo,,Obj,tp,
qwen3_14b,participants,lusa_54,ext_exp_temp0.3_nodelim_norole_nocot,O Governo português,,Org,tp,
qwen3_14b,participants,lusa_54,ext_exp_temp0.3_nodelim_norole_nocot,uma zona pedonal,,Loc,tp,
qwen3_14b,participants,lusa_54,ext_exp_temp0.3_nodelim_norole_nocot,autoridades alemãs,,Org,tp,
qwen3_14b,participants,lusa_54,ext_exp_temp0.3_nodelim_norole_nocot,Duas pessoas,,Per,tp,
qwen3_14b,participants,lusa_54,ext_exp_temp0.3_nodelim_norole_nocot,Trier,,Pl_civil,tp,
qwen3_14b,participants,lusa_54,ext_exp_temp0.3_nodelim_norole_nocot,a polícia local,,Org,tp,
qwen3_14b,participants,lusa_54,ext_exp_temp0.3_nodelim_norole_nocot,povo alemão,,,fp,
qwen3_14b,participants,lusa_54,ext_exp_temp0.3_nodelim_norole_nocot,famílias,,,fp,
qwen3_14b,participants,lusa_54,ext_exp_temp0.3_nodelim_norole_nocot,sudoeste da Alemanha,,,fp,
qwen3_14b,participants,lusa_54,ext_exp_temp0.3_nodelim_norole_nocot,as famílias das vítimas,,,fp,
qwen3_14b,participants,lusa_54,ext_exp_temp0.3_nodelim_norole_nocot,policia de Trier,,,fp,
qwen3_14b,participants,lusa_54,ext_exp_temp0.3_nodelim_norole_nocot,vítimas,,,fp,
qwen3_14b,participants,lusa_54,ext_exp_temp0.3_nodelim_norole_nocot,Alemanha,,,fp,
qwen3_14b,participants,lusa_54,ext_exp_temp0.3_nodelim_norole_nocot,cidade de Trier,,,fp,
qwen3_14b,participants,lusa_54,ext_exp_temp0.3_nodelim_norole_nocot,Governo português,,,fp,
qwen3_14b,participants,lusa_54,ext_exp_temp0.3_nodelim_norole_nocot,a polícia,,Org,fn,
qwen3_14b,participants,lusa_54,ext_exp_temp0.3_nodelim_norole_nocot,o Luxemburgo,,Pl_country,fn,
qwen3_14b,participants,lusa_54,ext_exp_temp0.3_nodelim_norole_nocot,os feridos,,Per,fn,
qwen3_14b,participants,lusa_54,ext_exp_temp0.3_nodelim_norole_nocot,Frankfurt,,Pl_civil,fn,
qwen3_14b,participants,lusa_54,ext_exp_temp0.3_nodelim_norole_nocot,uma mensagem,,Other,fn,
qwen3_14b,participants,lusa_54,ext_exp_temp0.3_nodelim_norole_nocot,o Governo português,,Org,fn,
qwen3_14b,participants,lusa_54,ext_exp_temp0.3_nodelim_norole_nocot,a página oficial do Twitter do Ministério dos Negócios Estrangeiros,,Obj,fn,
qwen3_14b,participants,lusa_54,ext_exp_temp0.3_nodelim_norole_nocot,a cidade de Trier,,Pl_civil,fn,
qwen3_14b,participants,lusa_54,ext_exp_temp0.3_nodelim_norole_nocot,a oeste,,Pl_region,fn,
qwen3_14b,participants,lusa_54,ext_exp_temp0.3_nodelim_norole_nocot,a Alemanha,,Pl_country,fn,
qwen3_14b,participants,lusa_54,ext_exp_temp0.3_nodelim_norole_nocot,a cidade,,Pl_civil,fn,
qwen3_14b,participants,lusa_54,ext_exp_temp0.3_nodelim_norole_nocot,a fronteira com o Luxemburgo,,Loc,fn,
qwen3_14b,participants,lusa_54,ext_exp_temp0.3_nodelim_norole_nocot,aquela cidade alemã,,Pl_civil,fn,
qwen3_14b,participants,lusa_54,ext_exp_temp0.3_nodelim_norole_nocot,às pessoas,,Per,fn,
qwen3_14b,participants,lusa_54,ext_exp_temp0.3_nodelim_norole_nocot,A polícia,,Org,fn,
qwen3_14b,participants,lusa_54,ext_exp_temp0.3_nodelim_norole_nocot,a oeste de Frankfurt,,Pl_region,fn,
qwen3_14b,participants,lusa_54,ext_exp_temp0.3_nodelim_norole_nocot,mais pormenores sobre o incidente,,Other,fn,
qwen3_14b,participants,lusa_54,ext_exp_temp0.3_nodelim_norole_nocot,as vítimas,,Per,fn,
qwen3_14b,participants,lusa_54,ext_exp_temp0.3_nodelim_norole_nocot,o sudoeste,,Pl_civil,fn,
qwen3_14b,participants,lusa_54,ext_exp_temp0.3_nodelim_norole_nocot,as equipas de resgate,,Org,fn,
qwen3_14b,participants,lusa_54,ext_exp_temp0.3_nodelim_norole_nocot,o Twitter,,Org,fn,
qwen3_14b,participants,lusa_54,ext_exp_temp0.3_nodelim_norole_nocot,a fronteira,,Loc,fn,
qwen3_14b,participants,lusa_54,ext_exp_temp0.3_nodelim_norole_nocot,as famílias,,Per,fn,
qwen3_14b,participants,lusa_54,ext_exp_temp0.3_nodelim_norole_nocot,o povo,,Per,fn,
qwen3_14b,participants,lusa_54,ext_exp_temp0.3_nodelim_norole_nocot,a página oficial,,Other,fn,
qwen3_14b,participants,lusa_54,ext_exp_temp0.3_nodelim_norole_nocot,autoridades,,Org,fn,
qwen3_14b,participants,lusa_54,ext_exp_temp0.3_nodelim_norole_nocot,a sua,,Org,fn,
qwen3_14b,participants,lusa_54,ext_exp_temp0.3_nodelim_norole_nocot,o Ministério dos Negócios Estrangeiros,,Org,fn,
qwen3_14b,participants,lusa_54,ext_exp_temp0.3_nodelim_norole_nocot,o centro,,Pl_civil,fn,
qwen3_14b,participants,lusa_55,ext_exp_temp0.3_nodelim_norole_nocot,Nepal,,Pl_country,tp,
qwen3_14b,participants,lusa_55,ext_exp_temp0.3_nodelim_norole_nocot,um recorde,,Other,tp,
qwen3_14b,participants,lusa_55,ext_exp_temp0.3_nodelim_norole_nocot,chuvas sem precedentes,,Nat,tp,
qwen3_14b,participants,lusa_55,ext_exp_temp0.3_nodelim_norole_nocot,Hyderabad,,Pl_civil,tp,
qwen3_14b,participants,lusa_55,ext_exp_temp0.3_nodelim_norole_nocot,milhões,,Per,tp,
qwen3_14b,participants,lusa_55,ext_exp_temp0.3_nodelim_norole_nocot,Uma casa,,Fac,tp,
qwen3_14b,participants,lusa_55,ext_exp_temp0.3_nodelim_norole_nocot,outras quatro pessoas,,Per,tp,
qwen3_14b,participants,lusa_55,ext_exp_temp0.3_nodelim_norole_nocot,uma casa vizinha,,Fac,tp,
qwen3_14b,participants,lusa_55,ext_exp_temp0.3_nodelim_norole_nocot,pessoas,,Per,tp,
qwen3_14b,participants,lusa_55,ext_exp_temp0.3_nodelim_norole_nocot,as autoridades,,Org,tp,
qwen3_14b,participants,lusa_55,ext_exp_temp0.3_nodelim_norole_nocot,pelo menos oito pessoas,,Per,tp,
qwen3_14b,participants,lusa_55,ext_exp_temp0.3_nodelim_norole_nocot,a cidade de Hyderabad,,Pl_civil,tp,
qwen3_14b,participants,lusa_55,ext_exp_temp0.3_nodelim_norole_nocot,Bangladesh,,Pl_country,tp,
qwen3_14b,participants,lusa_55,ext_exp_temp0.3_nodelim_norole_nocot,barcos,,Obj,tp,
qwen3_14b,participants,lusa_55,ext_exp_temp0.3_nodelim_norole_nocot,casas,,Other,tp,
qwen3_14b,participants,lusa_55,ext_exp_temp0.3_nodelim_norole_nocot,"Mais de 9,6 milhões de pessoas",,Per,tp,
qwen3_14b,participants,lusa_55,ext_exp_temp0.3_nodelim_norole_nocot,a polícia local,,Org,tp,
qwen3_14b,participants,lusa_55,ext_exp_temp0.3_nodelim_norole_nocot,um muro,,Other,tp,
qwen3_14b,participants,lusa_55,ext_exp_temp0.3_nodelim_norole_nocot,todo o sul da Ásia,,,fp,
qwen3_14b,participants,lusa_55,ext_exp_temp0.3_nodelim_norole_nocot,sul da Índia,,,fp,
qwen3_14b,participants,lusa_55,ext_exp_temp0.3_nodelim_norole_nocot,Índia,,,fp,
qwen3_14b,participants,lusa_55,ext_exp_temp0.3_nodelim_norole_nocot,chuva,,,fp,
qwen3_14b,participants,lusa_55,ext_exp_temp0.3_nodelim_norole_nocot,inundações,,,fp,
qwen3_14b,participants,lusa_55,ext_exp_temp0.3_nodelim_norole_nocot,severas inundações,,,fp,
qwen3_14b,participants,lusa_55,ext_exp_temp0.3_nodelim_norole_nocot,oito pessoas,,,fp,
qwen3_14b,participants,lusa_55,ext_exp_temp0.3_nodelim_norole_nocot,casa,,,fp,
qwen3_14b,participants,lusa_55,ext_exp_temp0.3_nodelim_norole_nocot,os mortos,,,fp,
qwen3_14b,participants,lusa_55,ext_exp_temp0.3_nodelim_norole_nocot,áreas baixas da cidade,,,fp,
qwen3_14b,participants,lusa_55,ext_exp_temp0.3_nodelim_norole_nocot,onde,,Pl_civil,fn,
qwen3_14b,participants,lusa_55,ext_exp_temp0.3_nodelim_norole_nocot,a cidade,,Pl_civil,fn,
qwen3_14b,participants,lusa_55,ext_exp_temp0.3_nodelim_norole_nocot,a Índia,,Pl_country,fn,
qwen3_14b,participants,lusa_55,ext_exp_temp0.3_nodelim_norole_nocot,o sul,,Pl_region,fn,
qwen3_14b,participants,lusa_55,ext_exp_temp0.3_nodelim_norole_nocot,as suas,,Per,fn,
qwen3_14b,participants,lusa_55,ext_exp_temp0.3_nodelim_norole_nocot,A forte chuva,,Nat,fn,
qwen3_14b,participants,lusa_55,ext_exp_temp0.3_nodelim_norole_nocot,áreas baixas,,Pl_region,fn,
qwen3_14b,participants,lusa_55,ext_exp_temp0.3_nodelim_norole_nocot,a Ásia,,Pl_region,fn,
qwen3_14b,participants,lusa_55,ext_exp_temp0.3_nodelim_norole_nocot,que,,Fac,fn,
qwen3_14b,participants,lusa_55,ext_exp_temp0.3_nodelim_norole_nocot,todo o sul,,Pl_region,fn,
qwen3_14b,participants,lusa_55,ext_exp_temp0.3_nodelim_norole_nocot,Cerca de 550 pessoas,,Per,fn,
qwen3_14b,participants,lusa_55,ext_exp_temp0.3_nodelim_norole_nocot,mortos,,Per,fn,
qwen3_14b,participants,lusa_56,ext_exp_temp0.3_nodelim_norole_nocot,AFP,,Org,tp,
qwen3_14b,participants,lusa_56,ext_exp_temp0.3_nodelim_norole_nocot,Soumaila Cissé,,Per,tp,
qwen3_14b,participants,lusa_56,ext_exp_temp0.3_nodelim_norole_nocot,novo coronavírus,,Nat,tp,
qwen3_14b,participants,lusa_56,ext_exp_temp0.3_nodelim_norole_nocot,França,,Loc,tp,
qwen3_14b,participants,lusa_56,ext_exp_temp0.3_nodelim_norole_nocot,200 detidos,,Per,tp,
qwen3_14b,participants,lusa_56,ext_exp_temp0.3_nodelim_norole_nocot,um elemento,,Per,tp,
qwen3_14b,participants,lusa_56,ext_exp_temp0.3_nodelim_norole_nocot,Ele,,Per,tp,
qwen3_14b,participants,lusa_56,ext_exp_temp0.3_nodelim_norole_nocot,dois italianos,,Per,tp,
qwen3_14b,participants,lusa_56,ext_exp_temp0.3_nodelim_norole_nocot,a francesa Sophie Pétronin,,Per,tp,
qwen3_14b,participants,lusa_56,ext_exp_temp0.3_nodelim_norole_nocot,jihadistas,,Per,tp,
qwen3_14b,participants,lusa_56,ext_exp_temp0.3_nodelim_norole_nocot,o opositor do Governo do Mali,,,fp,
qwen3_14b,participants,lusa_56,ext_exp_temp0.3_nodelim_norole_nocot,Figura da oposição do Mali,,,fp,
qwen3_14b,participants,lusa_56,ext_exp_temp0.3_nodelim_norole_nocot,Mali,,,fp,
qwen3_14b,participants,lusa_56,ext_exp_temp0.3_nodelim_norole_nocot,um membro de sua família,,,fp,
qwen3_14b,participants,lusa_56,ext_exp_temp0.3_nodelim_norole_nocot,Governo do Mali,,,fp,
qwen3_14b,participants,lusa_56,ext_exp_temp0.3_nodelim_norole_nocot,URD,,,fp,
qwen3_14b,participants,lusa_56,ext_exp_temp0.3_nodelim_norole_nocot,a família,,,fp,
qwen3_14b,participants,lusa_56,ext_exp_temp0.3_nodelim_norole_nocot,três eleições presidenciais,,,fp,
qwen3_14b,participants,lusa_56,ext_exp_temp0.3_nodelim_norole_nocot,União para a República e a Democracia (URD),,,fp,
qwen3_14b,participants,lusa_56,ext_exp_temp0.3_nodelim_norole_nocot,à AFP,,,fp,
qwen3_14b,participants,lusa_56,ext_exp_temp0.3_nodelim_norole_nocot,Covid-19,,,fp,
qwen3_14b,participants,lusa_56,ext_exp_temp0.3_nodelim_norole_nocot,líder da oposição do Mali,,,fp,
qwen3_14b,participants,lusa_56,ext_exp_temp0.3_nodelim_norole_nocot,Agência France-Presse,,,fp,
qwen3_14b,participants,lusa_56,ext_exp_temp0.3_nodelim_norole_nocot,Noroeste,,,fp,
qwen3_14b,participants,lusa_56,ext_exp_temp0.3_nodelim_norole_nocot,Tumbuktu,,,fp,
qwen3_14b,participants,lusa_56,ext_exp_temp0.3_nodelim_norole_nocot,A sua esposa,,,fp,
qwen3_14b,participants,lusa_56,ext_exp_temp0.3_nodelim_norole_nocot,o seu partido,,,fp,
qwen3_14b,participants,lusa_56,ext_exp_temp0.3_nodelim_norole_nocot,O principal opositor do Governo do Mali,,,fp,
qwen3_14b,participants,lusa_56,ext_exp_temp0.3_nodelim_norole_nocot,partido,,Org,fn,
qwen3_14b,participants,lusa_56,ext_exp_temp0.3_nodelim_norole_nocot,O principal opositor do Governo do Mal,,Per,fn,
qwen3_14b,participants,lusa_56,ext_exp_temp0.3_nodelim_norole_nocot,onde,,Loc,fn,
qwen3_14b,participants,lusa_56,ext_exp_temp0.3_nodelim_norole_nocot,o seu,,Per,fn,
qwen3_14b,participants,lusa_56,ext_exp_temp0.3_nodelim_norole_nocot,sua,,Per,fn,
qwen3_14b,participants,lusa_56,ext_exp_temp0.3_nodelim_norole_nocot,a covid-19,,Nat,fn,
qwen3_14b,participants,lusa_56,ext_exp_temp0.3_nodelim_norole_nocot,líder da oposição,,Per,fn,
qwen3_14b,participants,lusa_56,ext_exp_temp0.3_nodelim_norole_nocot,engenheiro de computação,,Per,fn,
qwen3_14b,participants,lusa_56,ext_exp_temp0.3_nodelim_norole_nocot,segundo lugar,,Other,fn,
qwen3_14b,participants,lusa_56,ext_exp_temp0.3_nodelim_norole_nocot,me,,Per,fn,
qwen3_14b,participants,lusa_56,ext_exp_temp0.3_nodelim_norole_nocot,que,,Per,fn,
qwen3_14b,participants,lusa_56,ext_exp_temp0.3_nodelim_norole_nocot,o Mali,,Pl_civil,fn,
qwen3_14b,participants,lusa_56,ext_exp_temp0.3_nodelim_norole_nocot,a região de Tumbuktu (Noroeste),,Pl_civil,fn,
qwen3_14b,participants,lusa_56,ext_exp_temp0.3_nodelim_norole_nocot,esposa,,Per,fn,
qwen3_14b,participants,lusa_56,ext_exp_temp0.3_nodelim_norole_nocot,a União para a República e a Democracia (URD),,Org,fn,
qwen3_14b,participants,lusa_56,ext_exp_temp0.3_nodelim_norole_nocot,família,,Per,fn,
qwen3_14b,participants,lusa_56,ext_exp_temp0.3_nodelim_norole_nocot,Figura da oposição,,Per,fn,
qwen3_14b,participants,lusa_56,ext_exp_temp0.3_nodelim_norole_nocot,um membro,,Per,fn,
qwen3_14b,participants,lusa_56,ext_exp_temp0.3_nodelim_norole_nocot,Agência France-Presse (AFP),,Org,fn,
qwen3_14b,participants,lusa_56,ext_exp_temp0.3_nodelim_norole_nocot,A sua,,Per,fn,
qwen3_14b,participants,lusa_57,ext_exp_temp0.3_nodelim_norole_nocot,A FPI,,Org,tp,
qwen3_14b,participants,lusa_57,ext_exp_temp0.3_nodelim_norole_nocot,O ministro da Segurança,,Per,tp,
qwen3_14b,participants,lusa_57,ext_exp_temp0.3_nodelim_norole_nocot,embaixadas ocidentais,,Org,tp,
qwen3_14b,participants,lusa_57,ext_exp_temp0.3_nodelim_norole_nocot,locais de culto não islâmicos,,Loc,tp,
qwen3_14b,participants,lusa_57,ext_exp_temp0.3_nodelim_norole_nocot,O grupo radical,,Per,tp,
qwen3_14b,participants,lusa_57,ext_exp_temp0.3_nodelim_norole_nocot,A Indonésia,,Loc,tp,
qwen3_14b,participants,lusa_57,ext_exp_temp0.3_nodelim_norole_nocot,um grupo muçulmano,,Per,tp,
qwen3_14b,participants,lusa_57,ext_exp_temp0.3_nodelim_norole_nocot,Jacarta,,Pl_capital,tp,
qwen3_14b,participants,lusa_57,ext_exp_temp0.3_nodelim_norole_nocot,governo de Jacarta,,,fp,
qwen3_14b,participants,lusa_57,ext_exp_temp0.3_nodelim_norole_nocot,FPI,,,fp,
qwen3_14b,participants,lusa_57,ext_exp_temp0.3_nodelim_norole_nocot,aos jornalistas,,,fp,
qwen3_14b,participants,lusa_57,ext_exp_temp0.3_nodelim_norole_nocot,grupo radical islâmico indonésio FPI,,,fp,
qwen3_14b,participants,lusa_57,ext_exp_temp0.3_nodelim_norole_nocot,Indonésia,,,fp,
qwen3_14b,participants,lusa_57,ext_exp_temp0.3_nodelim_norole_nocot,população,,,fp,
qwen3_14b,participants,lusa_57,ext_exp_temp0.3_nodelim_norole_nocot,Indonésio,,,fp,
qwen3_14b,participants,lusa_57,ext_exp_temp0.3_nodelim_norole_nocot,Mohammad Mahfud,,,fp,
qwen3_14b,participants,lusa_57,ext_exp_temp0.3_nodelim_norole_nocot,Governo de Jacarta,,,fp,
qwen3_14b,participants,lusa_57,ext_exp_temp0.3_nodelim_norole_nocot,a Frente de Defesa Islâmica,,,fp,
qwen3_14b,participants,lusa_57,ext_exp_temp0.3_nodelim_norole_nocot,o governador cristão de Jacarta,,,fp,
qwen3_14b,participants,lusa_57,ext_exp_temp0.3_nodelim_norole_nocot,O líder,,Per,fn,
qwen3_14b,participants,lusa_57,ext_exp_temp0.3_nodelim_norole_nocot,a FPI,,Org,fn,
qwen3_14b,participants,lusa_57,ext_exp_temp0.3_nodelim_norole_nocot,a organização,,Org,fn,
qwen3_14b,participants,lusa_57,ext_exp_temp0.3_nodelim_norole_nocot,as medidas,,Other,fn,
qwen3_14b,participants,lusa_57,ext_exp_temp0.3_nodelim_norole_nocot,a pandemia,,Nat,fn,
qwen3_14b,participants,lusa_57,ext_exp_temp0.3_nodelim_norole_nocot,o país,,Pl_country,fn,
qwen3_14b,participants,lusa_57,ext_exp_temp0.3_nodelim_norole_nocot,230 milhões de muçulmanos,,Per,fn,
qwen3_14b,participants,lusa_57,ext_exp_temp0.3_nodelim_norole_nocot,a Frente de Defesa Islâmica (FPI em indonésio),,Org,fn,
qwen3_14b,participants,lusa_57,ext_exp_temp0.3_nodelim_norole_nocot,Mohammad Mahfud,,Per,fn,
qwen3_14b,participants,lusa_57,ext_exp_temp0.3_nodelim_norole_nocot,a Indonésia,,Pl_country,fn,
qwen3_14b,participants,lusa_57,ext_exp_temp0.3_nodelim_norole_nocot,covid-19,,Nat,fn,
qwen3_14b,participants,lusa_57,ext_exp_temp0.3_nodelim_norole_nocot,o governador cristão,,Per,fn,
qwen3_14b,participants,lusa_57,ext_exp_temp0.3_nodelim_norole_nocot,que,,Per,fn,
qwen3_14b,participants,lusa_57,ext_exp_temp0.3_nodelim_norole_nocot,O governo,,Org,fn,
qwen3_14b,participants,lusa_57,ext_exp_temp0.3_nodelim_norole_nocot,Rizieg Shihab,,Per,fn,
qwen3_14b,participants,lusa_57,ext_exp_temp0.3_nodelim_norole_nocot,os jornalistas,,Per,fn,
qwen3_14b,participants,lusa_57,ext_exp_temp0.3_nodelim_norole_nocot,lei islâmica (sharia),,Other,fn,
qwen3_14b,participants,lusa_57,ext_exp_temp0.3_nodelim_norole_nocot,Governo,,Org,fn,
qwen3_14b,participants,lusa_57,ext_exp_temp0.3_nodelim_norole_nocot,os símbolos,,Other,fn,
qwen3_14b,participants,lusa_57,ext_exp_temp0.3_nodelim_norole_nocot,a população,,Per,fn,
qwen3_14b,participants,lusa_57,ext_exp_temp0.3_nodelim_norole_nocot,país,,Pl_country,fn,
qwen3_14b,participants,lusa_57,ext_exp_temp0.3_nodelim_norole_nocot,às autoridades,,Org,fn,
qwen3_14b,participants,lusa_58,ext_exp_temp0.3_nodelim_norole_nocot,Angola,,Pl_country,tp,
qwen3_14b,participants,lusa_58,ext_exp_temp0.3_nodelim_norole_nocot,a governante,,Per,tp,
qwen3_14b,participants,lusa_58,ext_exp_temp0.3_nodelim_norole_nocot,duas pessoas,,Per,tp,
qwen3_14b,participants,lusa_58,ext_exp_temp0.3_nodelim_norole_nocot,os demais doentes,,Per,tp,
qwen3_14b,participants,lusa_58,ext_exp_temp0.3_nodelim_norole_nocot,os pacientes,,Per,tp,
qwen3_14b,participants,lusa_58,ext_exp_temp0.3_nodelim_norole_nocot,um doente grave,,Per,tp,
qwen3_14b,participants,lusa_58,ext_exp_temp0.3_nodelim_norole_nocot,um recém-nascido,,Per,tp,
qwen3_14b,participants,lusa_58,ext_exp_temp0.3_nodelim_norole_nocot,uma equipa da linha da frente,,Per,tp,
qwen3_14b,participants,lusa_58,ext_exp_temp0.3_nodelim_norole_nocot,Sílvia Lutucuta,,Per,tp,
qwen3_14b,participants,lusa_58,ext_exp_temp0.3_nodelim_norole_nocot,Governo angolano,,,fp,
qwen3_14b,participants,lusa_58,ext_exp_temp0.3_nodelim_norole_nocot,Cunene,,,fp,
qwen3_14b,participants,lusa_58,ext_exp_temp0.3_nodelim_norole_nocot,província do Cunene,,,fp,
qwen3_14b,participants,lusa_58,ext_exp_temp0.3_nodelim_norole_nocot,centros de saúde,,,fp,
qwen3_14b,participants,lusa_58,ext_exp_temp0.3_nodelim_norole_nocot,Hospital Municipal de Cuanhama,,,fp,
qwen3_14b,participants,lusa_58,ext_exp_temp0.3_nodelim_norole_nocot,a província do sul de Angola,,,fp,
qwen3_14b,participants,lusa_58,ext_exp_temp0.3_nodelim_norole_nocot,Hospital Geral da província do Cunene,,,fp,
qwen3_14b,participants,lusa_58,ext_exp_temp0.3_nodelim_norole_nocot,A ministra da Saúde de Angola,,,fp,
qwen3_14b,participants,lusa_58,ext_exp_temp0.3_nodelim_norole_nocot,pacientes,,,fp,
qwen3_14b,participants,lusa_58,ext_exp_temp0.3_nodelim_norole_nocot,Ministério da Saúde,,,fp,
qwen3_14b,participants,lusa_58,ext_exp_temp0.3_nodelim_norole_nocot,incêndio hospitalar,,,fp,
qwen3_14b,participants,lusa_58,ext_exp_temp0.3_nodelim_norole_nocot,Hospital Geral de Ondjiva,,,fp,
qwen3_14b,participants,lusa_58,ext_exp_temp0.3_nodelim_norole_nocot,incêndio,,,fp,
qwen3_14b,participants,lusa_58,ext_exp_temp0.3_nodelim_norole_nocot,outras unidades hospitalares da zona,,,fp,
qwen3_14b,participants,lusa_58,ext_exp_temp0.3_nodelim_norole_nocot,outras unidades hospitalares,,Org,fn,
qwen3_14b,participants,lusa_58,ext_exp_temp0.3_nodelim_norole_nocot,o sul,,Pl_region,fn,
qwen3_14b,participants,lusa_58,ext_exp_temp0.3_nodelim_norole_nocot,vários centros de saúde,,Org,fn,
qwen3_14b,participants,lusa_58,ext_exp_temp0.3_nodelim_norole_nocot,àquela província,,Pl_civil,fn,
qwen3_14b,participants,lusa_58,ext_exp_temp0.3_nodelim_norole_nocot,Todos os pacientes,,Per,fn,
qwen3_14b,participants,lusa_58,ext_exp_temp0.3_nodelim_norole_nocot,a província do Cunene,,Pl_civil,fn,
qwen3_14b,participants,lusa_58,ext_exp_temp0.3_nodelim_norole_nocot,as áreas,,Pl_region,fn,
qwen3_14b,participants,lusa_58,ext_exp_temp0.3_nodelim_norole_nocot,o Hospital Geral de Ondjiva,,Fac,fn,
qwen3_14b,participants,lusa_58,ext_exp_temp0.3_nodelim_norole_nocot,o novo Hospital Municipal,,Org,fn,
qwen3_14b,participants,lusa_58,ext_exp_temp0.3_nodelim_norole_nocot,o Hospital Geral,,Fac,fn,
qwen3_14b,participants,lusa_58,ext_exp_temp0.3_nodelim_norole_nocot,Cuanhama,,Pl_civil,fn,
qwen3_14b,participants,lusa_58,ext_exp_temp0.3_nodelim_norole_nocot,A ministra da Saúde,,Per,fn,
qwen3_14b,participants,lusa_58,ext_exp_temp0.3_nodelim_norole_nocot,o novo Hospital Municipal de Cuanhama,,Org,fn,
qwen3_14b,participants,lusa_58,ext_exp_temp0.3_nodelim_norole_nocot,o pior,,Other,fn,
qwen3_14b,participants,lusa_58,ext_exp_temp0.3_nodelim_norole_nocot,o Ministério da Saúde,,Org,fn,
qwen3_14b,participants,lusa_58,ext_exp_temp0.3_nodelim_norole_nocot,o bloco operatório,,Loc,fn,
qwen3_14b,participants,lusa_58,ext_exp_temp0.3_nodelim_norole_nocot,Uma nota,,Obj,fn,
qwen3_14b,participants,lusa_58,ext_exp_temp0.3_nodelim_norole_nocot,que,,Per,fn,
qwen3_14b,participants,lusa_58,ext_exp_temp0.3_nodelim_norole_nocot,o Hospital Geral da província do Cunene,,Org,fn,
qwen3_14b,participants,lusa_58,ext_exp_temp0.3_nodelim_norole_nocot,capital,,Pl_capital,fn,
qwen3_14b,participants,lusa_58,ext_exp_temp0.3_nodelim_norole_nocot,oxigênio,,Other,fn,
qwen3_14b,participants,lusa_58,ext_exp_temp0.3_nodelim_norole_nocot,Ondjiva,,Pl_civil,fn,
qwen3_14b,participants,lusa_58,ext_exp_temp0.3_nodelim_norole_nocot,o posto,,Loc,fn,
qwen3_14b,participants,lusa_58,ext_exp_temp0.3_nodelim_norole_nocot,o Cunene,,Pl_civil,fn,
qwen3_14b,participants,lusa_58,ext_exp_temp0.3_nodelim_norole_nocot,a zona,,Pl_civil,fn,
qwen3_14b,participants,lusa_58,ext_exp_temp0.3_nodelim_norole_nocot,o sul de Angola,,Pl_civil,fn,
qwen3_14b,participants,lusa_58,ext_exp_temp0.3_nodelim_norole_nocot,enfermarias cirúrgicas,,Loc,fn,
qwen3_14b,participants,lusa_59,ext_exp_temp0.3_nodelim_norole_nocot,Um homem de 60 anos,,Per,tp,
qwen3_14b,participants,lusa_59,ext_exp_temp0.3_nodelim_norole_nocot,os militares,,Per,tp,
qwen3_14b,participants,lusa_59,ext_exp_temp0.3_nodelim_norole_nocot,a esposa de 59 anos,,Per,tp,
qwen3_14b,participants,lusa_59,ext_exp_temp0.3_nodelim_norole_nocot,o agressor,,Per,tp,
qwen3_14b,participants,lusa_59,ext_exp_temp0.3_nodelim_norole_nocot,a GNR,,Per,tp,
qwen3_14b,participants,lusa_59,ext_exp_temp0.3_nodelim_norole_nocot,O detido,,Per,tp,
qwen3_14b,participants,lusa_59,ext_exp_temp0.3_nodelim_norole_nocot,a vítima,,Per,tp,
qwen3_14b,participants,lusa_59,ext_exp_temp0.3_nodelim_norole_nocot,a mulher,,Per,tp,
qwen3_14b,participants,lusa_59,ext_exp_temp0.3_nodelim_norole_nocot,o comunicado,,Obj,tp,
qwen3_14b,participants,lusa_59,ext_exp_temp0.3_nodelim_norole_nocot,Posto Territorial da Trofa,,,fp,
qwen3_14b,participants,lusa_59,ext_exp_temp0.3_nodelim_norole_nocot,Trofa,,,fp,
qwen3_14b,participants,lusa_59,ext_exp_temp0.3_nodelim_norole_nocot,da Trofa,,,fp,
qwen3_14b,participants,lusa_59,ext_exp_temp0.3_nodelim_norole_nocot,o suspeito,,,fp,
qwen3_14b,participants,lusa_59,ext_exp_temp0.3_nodelim_norole_nocot,sua esposa,,,fp,
qwen3_14b,participants,lusa_59,ext_exp_temp0.3_nodelim_norole_nocot,Núcleo de Investigação e Apoio a Vítimas Específicas (NIAVE) do Porto,,,fp,
qwen3_14b,participants,lusa_59,ext_exp_temp0.3_nodelim_norole_nocot,homem da Trofa,,,fp,
qwen3_14b,participants,lusa_59,ext_exp_temp0.3_nodelim_norole_nocot,primeiro interrogatório judicial,,,fp,
qwen3_14b,participants,lusa_59,ext_exp_temp0.3_nodelim_norole_nocot,Porto,,,fp,
qwen3_14b,participants,lusa_59,ext_exp_temp0.3_nodelim_norole_nocot,Tribunal Judicial de Matosinhos,,,fp,
qwen3_14b,participants,lusa_59,ext_exp_temp0.3_nodelim_norole_nocot,a medida de coação de prisão preventiva,,,fp,
qwen3_14b,participants,lusa_59,ext_exp_temp0.3_nodelim_norole_nocot,lhe,,Per,fn,
qwen3_14b,participants,lusa_59,ext_exp_temp0.3_nodelim_norole_nocot,a medida,,Other,fn,
qwen3_14b,participants,lusa_59,ext_exp_temp0.3_nodelim_norole_nocot,a Trofa,,Pl_civil,fn,
qwen3_14b,participants,lusa_59,ext_exp_temp0.3_nodelim_norole_nocot,o Posto Territorial,,Org,fn,
qwen3_14b,participants,lusa_59,ext_exp_temp0.3_nodelim_norole_nocot,o Núcleo de Investigação e Apoio a Vítimas Específicas (NIAVE),,Org,fn,
qwen3_14b,participants,lusa_59,ext_exp_temp0.3_nodelim_norole_nocot,onde,,Loc,fn,
qwen3_14b,participants,lusa_59,ext_exp_temp0.3_nodelim_norole_nocot,o Tribunal Judicial de Matosinhos,,Loc,fn,
qwen3_14b,participants,lusa_59,ext_exp_temp0.3_nodelim_norole_nocot,o seu,,Per,fn,
qwen3_14b,participants,lusa_59,ext_exp_temp0.3_nodelim_norole_nocot,sua,,Per,fn,
qwen3_14b,participants,lusa_59,ext_exp_temp0.3_nodelim_norole_nocot,um local desconhecido,,Loc,fn,
qwen3_14b,participants,lusa_59,ext_exp_temp0.3_nodelim_norole_nocot,local de trabalho,,Loc,fn,
qwen3_14b,participants,lusa_59,ext_exp_temp0.3_nodelim_norole_nocot,vítima,,Per,fn,
qwen3_14b,participants,lusa_59,ext_exp_temp0.3_nodelim_norole_nocot,"esposa, de 59 anos",,Per,fn,
qwen3_14b,participants,lusa_59,ext_exp_temp0.3_nodelim_norole_nocot,comunicado,,Obj,fn,
qwen3_14b,participants,lusa_59,ext_exp_temp0.3_nodelim_norole_nocot,o Porto,,Pl_civil,fn,
qwen3_14b,participants,lusa_59,ext_exp_temp0.3_nodelim_norole_nocot,"o ""suspeito",,Per,fn,
qwen3_14b,participants,lusa_59,ext_exp_temp0.3_nodelim_norole_nocot,o Tribunal Judicial,,Org,fn,
qwen3_14b,participants,lusa_59,ext_exp_temp0.3_nodelim_norole_nocot,distrito do Porto,,Pl_civil,fn,
qwen3_14b,participants,lusa_59,ext_exp_temp0.3_nodelim_norole_nocot,bebidas alcoólicas,,Other,fn,
qwen3_14b,participants,lusa_59,ext_exp_temp0.3_nodelim_norole_nocot,Matosinhos,,Pl_civil,fn,
qwen3_14b,participants,lusa_59,ext_exp_temp0.3_nodelim_norole_nocot,o Posto Territorial da Trofa,,Org,fn,
qwen3_14b,participants,lusa_6,ext_exp_temp0.3_nodelim_norole_nocot,Espinho,,Pl_civil,tp,
qwen3_14b,participants,lusa_6,ext_exp_temp0.3_nodelim_norole_nocot,um prédio habitacional,,Fac,tp,
qwen3_14b,participants,lusa_6,ext_exp_temp0.3_nodelim_norole_nocot,16 feridos,,Per,tp,
qwen3_14b,participants,lusa_6,ext_exp_temp0.3_nodelim_norole_nocot,o hall de entrada,,Fac,tp,
qwen3_14b,participants,lusa_6,ext_exp_temp0.3_nodelim_norole_nocot,a PSP,,Org,tp,
qwen3_14b,participants,lusa_6,ext_exp_temp0.3_nodelim_norole_nocot,16 pessoas,,Per,tp,
qwen3_14b,participants,lusa_6,ext_exp_temp0.3_nodelim_norole_nocot,Um homem de 54 anos,,Per,tp,
qwen3_14b,participants,lusa_6,ext_exp_temp0.3_nodelim_norole_nocot,o prédio,,Fac,tp,
qwen3_14b,participants,lusa_6,ext_exp_temp0.3_nodelim_norole_nocot,aquela força policial,,Org,tp,
qwen3_14b,participants,lusa_6,ext_exp_temp0.3_nodelim_norole_nocot,PSP,,,fp,
qwen3_14b,participants,lusa_6,ext_exp_temp0.3_nodelim_norole_nocot,Bombeiros Voluntários de Espinho,,,fp,
qwen3_14b,participants,lusa_6,ext_exp_temp0.3_nodelim_norole_nocot,unidade hospitalar,,,fp,
qwen3_14b,participants,lusa_6,ext_exp_temp0.3_nodelim_norole_nocot,distrito de Aveiro,,,fp,
qwen3_14b,participants,lusa_6,ext_exp_temp0.3_nodelim_norole_nocot,as peças de roupa,,,fp,
qwen3_14b,participants,lusa_6,ext_exp_temp0.3_nodelim_norole_nocot,prédio,,,fp,
qwen3_14b,participants,lusa_6,ext_exp_temp0.3_nodelim_norole_nocot,O fogo,,,fp,
qwen3_14b,participants,lusa_6,ext_exp_temp0.3_nodelim_norole_nocot,Homem,,,fp,
qwen3_14b,participants,lusa_6,ext_exp_temp0.3_nodelim_norole_nocot,o alegado autor do incêndio,,,fp,
qwen3_14b,participants,lusa_6,ext_exp_temp0.3_nodelim_norole_nocot,ali residente,,,fp,
qwen3_14b,participants,lusa_6,ext_exp_temp0.3_nodelim_norole_nocot,a mesma nota,,Obj,fn,
qwen3_14b,participants,lusa_6,ext_exp_temp0.3_nodelim_norole_nocot,o local,,Fac,fn,
qwen3_14b,participants,lusa_6,ext_exp_temp0.3_nodelim_norole_nocot,A PSP,,Org,fn,
qwen3_14b,participants,lusa_6,ext_exp_temp0.3_nodelim_norole_nocot,lhes,,Obj,fn,
qwen3_14b,participants,lusa_6,ext_exp_temp0.3_nodelim_norole_nocot,suas,,Per,fn,
qwen3_14b,participants,lusa_6,ext_exp_temp0.3_nodelim_norole_nocot,o distrito de Aveiro,,Pl_civil,fn,
qwen3_14b,participants,lusa_6,ext_exp_temp0.3_nodelim_norole_nocot,sua,,Per,fn,
qwen3_14b,participants,lusa_6,ext_exp_temp0.3_nodelim_norole_nocot,os Bombeiros Voluntários de Espinho,,Org,fn,
qwen3_14b,participants,lusa_6,ext_exp_temp0.3_nodelim_norole_nocot,fumo,,Nat,fn,
qwen3_14b,participants,lusa_6,ext_exp_temp0.3_nodelim_norole_nocot,os Bombeiros Voluntários,,Org,fn,
qwen3_14b,participants,lusa_6,ext_exp_temp0.3_nodelim_norole_nocot,danos materiais de relevo,,Other,fn,
qwen3_14b,participants,lusa_6,ext_exp_temp0.3_nodelim_norole_nocot,peças de roupa,,Obj,fn,
qwen3_14b,participants,lusa_6,ext_exp_temp0.3_nodelim_norole_nocot,comunicado,,Obj,fn,
qwen3_14b,participants,lusa_6,ext_exp_temp0.3_nodelim_norole_nocot,que,,Org,fn,
qwen3_14b,participants,lusa_6,ext_exp_temp0.3_nodelim_norole_nocot,algumas,,Obj,fn,
qwen3_14b,participants,lusa_6,ext_exp_temp0.3_nodelim_norole_nocot,o alegado autor,,Per,fn,
qwen3_14b,participants,lusa_6,ext_exp_temp0.3_nodelim_norole_nocot,fogo,,Nat,fn,
qwen3_14b,participants,lusa_6,ext_exp_temp0.3_nodelim_norole_nocot,Polícia Judiciária,,Org,fn,
qwen3_14b,participants,lusa_6,ext_exp_temp0.3_nodelim_norole_nocot,o referido prédio,,Fac,fn,
qwen3_14b,participants,lusa_6,ext_exp_temp0.3_nodelim_norole_nocot,qualquer unidade hospitalar,,Fac,fn,
qwen3_14b,participants,lusa_6,ext_exp_temp0.3_nodelim_norole_nocot,ali,,Fac,fn,
qwen3_14b,participants,lusa_61,ext_exp_temp0.3_nodelim_norole_nocot,a sucursal bancária,,Fac,tp,
qwen3_14b,participants,lusa_61,ext_exp_temp0.3_nodelim_norole_nocot,A Mtavari TV,,Org,tp,
qwen3_14b,participants,lusa_61,ext_exp_temp0.3_nodelim_norole_nocot,uma sala,,Fac,tp,
qwen3_14b,participants,lusa_61,ext_exp_temp0.3_nodelim_norole_nocot,a Mtavari TV,,Org,tp,
qwen3_14b,participants,lusa_61,ext_exp_temp0.3_nodelim_norole_nocot,O canal de televisão,,Org,tp,
qwen3_14b,participants,lusa_61,ext_exp_temp0.3_nodelim_norole_nocot,A polícia,,Org,tp,
qwen3_14b,participants,lusa_61,ext_exp_temp0.3_nodelim_norole_nocot,reféns,,Per,tp,
qwen3_14b,participants,lusa_61,ext_exp_temp0.3_nodelim_norole_nocot,o ministério,,Org,tp,
qwen3_14b,participants,lusa_61,ext_exp_temp0.3_nodelim_norole_nocot,pessoas,,Per,tp,
qwen3_14b,participants,lusa_61,ext_exp_temp0.3_nodelim_norole_nocot,vários reféns,,Per,tp,
qwen3_14b,participants,lusa_61,ext_exp_temp0.3_nodelim_norole_nocot,o agressor,,Per,tp,
qwen3_14b,participants,lusa_61,ext_exp_temp0.3_nodelim_norole_nocot,um homem,,Per,tp,
qwen3_14b,participants,lusa_61,ext_exp_temp0.3_nodelim_norole_nocot,o sequestrador,,Per,tp,
qwen3_14b,participants,lusa_61,ext_exp_temp0.3_nodelim_norole_nocot,uma granada de mão,,Obj,tp,
qwen3_14b,participants,lusa_61,ext_exp_temp0.3_nodelim_norole_nocot,Um homem armado,,Per,tp,
qwen3_14b,participants,lusa_61,ext_exp_temp0.3_nodelim_norole_nocot,um vídeo,,Other,tp,
qwen3_14b,participants,lusa_61,ext_exp_temp0.3_nodelim_norole_nocot,um banco,,Org,tp,
qwen3_14b,participants,lusa_61,ext_exp_temp0.3_nodelim_norole_nocot,19 pessoas,,Per,tp,
qwen3_14b,participants,lusa_61,ext_exp_temp0.3_nodelim_norole_nocot,Zugdidi,,,fp,
qwen3_14b,participants,lusa_61,ext_exp_temp0.3_nodelim_norole_nocot,agressor,,,fp,
qwen3_14b,participants,lusa_61,ext_exp_temp0.3_nodelim_norole_nocot,das instalações bancárias,,,fp,
qwen3_14b,participants,lusa_61,ext_exp_temp0.3_nodelim_norole_nocot,Ministério do Interior da Geórgia,,,fp,
qwen3_14b,participants,lusa_61,ext_exp_temp0.3_nodelim_norole_nocot,Homem armado,,,fp,
qwen3_14b,participants,lusa_61,ext_exp_temp0.3_nodelim_norole_nocot,uniforme militar,,,fp,
qwen3_14b,participants,lusa_61,ext_exp_temp0.3_nodelim_norole_nocot,Geórgia,,,fp,
qwen3_14b,participants,lusa_61,ext_exp_temp0.3_nodelim_norole_nocot,um dos reféns,,,fp,
qwen3_14b,participants,lusa_61,ext_exp_temp0.3_nodelim_norole_nocot,região oeste,,,fp,
qwen3_14b,participants,lusa_61,ext_exp_temp0.3_nodelim_norole_nocot,A televisão estatal da Geórgia,,,fp,
qwen3_14b,participants,lusa_61,ext_exp_temp0.3_nodelim_norole_nocot,banco,,,fp,
qwen3_14b,participants,lusa_61,ext_exp_temp0.3_nodelim_norole_nocot,espingarda,,,fp,
qwen3_14b,participants,lusa_61,ext_exp_temp0.3_nodelim_norole_nocot,as autoridades desta ex-república soviética,,,fp,
qwen3_14b,participants,lusa_61,ext_exp_temp0.3_nodelim_norole_nocot,o chão,,Loc,fn,
qwen3_14b,participants,lusa_61,ext_exp_temp0.3_nodelim_norole_nocot,a cidade de Zugdidi (região oeste),,Loc,fn,
qwen3_14b,participants,lusa_61,ext_exp_temp0.3_nodelim_norole_nocot,rosto,,Other,fn,
qwen3_14b,participants,lusa_61,ext_exp_temp0.3_nodelim_norole_nocot,um,,Per,fn,
qwen3_14b,participants,lusa_61,ext_exp_temp0.3_nodelim_norole_nocot,onde,,Pl_region,fn,
qwen3_14b,participants,lusa_61,ext_exp_temp0.3_nodelim_norole_nocot,dinheiro,,Obj,fn,
qwen3_14b,participants,lusa_61,ext_exp_temp0.3_nodelim_norole_nocot,um uniforme militar,,Other,fn,
qwen3_14b,participants,lusa_61,ext_exp_temp0.3_nodelim_norole_nocot,quantas pessoas,,Per,fn,
qwen3_14b,participants,lusa_61,ext_exp_temp0.3_nodelim_norole_nocot,um comunicado,,Obj,fn,
qwen3_14b,participants,lusa_61,ext_exp_temp0.3_nodelim_norole_nocot,A televisão estatal,,Org,fn,
qwen3_14b,participants,lusa_61,ext_exp_temp0.3_nodelim_norole_nocot,as instalações bancárias,,Fac,fn,
qwen3_14b,participants,lusa_61,ext_exp_temp0.3_nodelim_norole_nocot,quais,,Per,fn,
qwen3_14b,participants,lusa_61,ext_exp_temp0.3_nodelim_norole_nocot,as autoridades,,Org,fn,
qwen3_14b,participants,lusa_61,ext_exp_temp0.3_nodelim_norole_nocot,uma espingarda,,Obj,fn,
qwen3_14b,participants,lusa_61,ext_exp_temp0.3_nodelim_norole_nocot,que,,Other,fn,
qwen3_14b,participants,lusa_61,ext_exp_temp0.3_nodelim_norole_nocot,número incerto,,Other,fn,
qwen3_14b,participants,lusa_61,ext_exp_temp0.3_nodelim_norole_nocot,500.000 dólares (cerca de 420.000 euros),,Obj,fn,
qwen3_14b,participants,lusa_61,ext_exp_temp0.3_nodelim_norole_nocot,as instalações,,Fac,fn,
qwen3_14b,participants,lusa_61,ext_exp_temp0.3_nodelim_norole_nocot,os reféns,,Per,fn,
qwen3_14b,participants,lusa_61,ext_exp_temp0.3_nodelim_norole_nocot,O Ministério do Interior,,Per,fn,
qwen3_14b,participants,lusa_61,ext_exp_temp0.3_nodelim_norole_nocot,a Geórgia,,Pl_country,fn,
qwen3_14b,participants,lusa_61,ext_exp_temp0.3_nodelim_norole_nocot,"o banco,",,Org,fn,
qwen3_14b,participants,lusa_61,ext_exp_temp0.3_nodelim_norole_nocot,esta ex-república soviética,,Loc,fn,
qwen3_14b,participants,lusa_61,ext_exp_temp0.3_nodelim_norole_nocot,a zona,,Pl_region,fn,
qwen3_14b,participants,lusa_62,ext_exp_temp0.3_nodelim_norole_nocot,o homem,,Per,tp,
qwen3_14b,participants,lusa_62,ext_exp_temp0.3_nodelim_norole_nocot,duas ambulâncias,,Obj,tp,
qwen3_14b,participants,lusa_62,ext_exp_temp0.3_nodelim_norole_nocot,Um homem de 59 anos,,Per,tp,
qwen3_14b,participants,lusa_62,ext_exp_temp0.3_nodelim_norole_nocot,a árvore,,Nat,tp,
qwen3_14b,participants,lusa_62,ext_exp_temp0.3_nodelim_norole_nocot,o médico,,Per,tp,
qwen3_14b,participants,lusa_62,ext_exp_temp0.3_nodelim_norole_nocot,freguesia de Tangil,,Pl_civil,tp,
qwen3_14b,participants,lusa_62,ext_exp_temp0.3_nodelim_norole_nocot,o lugar de Barreiro,,Pl_civil,tp,
qwen3_14b,participants,lusa_62,ext_exp_temp0.3_nodelim_norole_nocot,uma equipa de psicólogos,,Per,tp,
qwen3_14b,participants,lusa_62,ext_exp_temp0.3_nodelim_norole_nocot,Monção,,Loc,tp,
qwen3_14b,participants,lusa_62,ext_exp_temp0.3_nodelim_norole_nocot,Melgaço,,Pl_civil,tp,
qwen3_14b,participants,lusa_62,ext_exp_temp0.3_nodelim_norole_nocot,cinco viaturas,,Obj,tp,
qwen3_14b,participants,lusa_62,ext_exp_temp0.3_nodelim_norole_nocot,A fonte,,Per,tp,
qwen3_14b,participants,lusa_62,ext_exp_temp0.3_nodelim_norole_nocot,Viana do Castelo,,Pl_civil,tp,
qwen3_14b,participants,lusa_62,ext_exp_temp0.3_nodelim_norole_nocot,distrito de Viana do Castelo,,Loc,tp,
qwen3_14b,participants,lusa_62,ext_exp_temp0.3_nodelim_norole_nocot,uma árvore,,Nat,tp,
qwen3_14b,participants,lusa_62,ext_exp_temp0.3_nodelim_norole_nocot,a fonte,,Per,tp,
qwen3_14b,participants,lusa_62,ext_exp_temp0.3_nodelim_norole_nocot,Valença,,Loc,tp,
qwen3_14b,participants,lusa_62,ext_exp_temp0.3_nodelim_norole_nocot,operacionais dos Bombeiros de Monção e de Valença,,,fp,
qwen3_14b,participants,lusa_62,ext_exp_temp0.3_nodelim_norole_nocot,Comando Distrital de Operações de Socorro (CDOS),,,fp,
qwen3_14b,participants,lusa_62,ext_exp_temp0.3_nodelim_norole_nocot,Bombeiros de Monção,,,fp,
qwen3_14b,participants,lusa_62,ext_exp_temp0.3_nodelim_norole_nocot,a ambulância de Suporte Imediato de Vida (SIV) de Melgaço,,,fp,
qwen3_14b,participants,lusa_62,ext_exp_temp0.3_nodelim_norole_nocot,helicóptero,,,fp,
qwen3_14b,participants,lusa_62,ext_exp_temp0.3_nodelim_norole_nocot,Instituto Nacional de Emergência Médica (INEM),,,fp,
qwen3_14b,participants,lusa_62,ext_exp_temp0.3_nodelim_norole_nocot,árvore,,,fp,
qwen3_14b,participants,lusa_62,ext_exp_temp0.3_nodelim_norole_nocot,INEM,,,fp,
qwen3_14b,participants,lusa_62,ext_exp_temp0.3_nodelim_norole_nocot,Lusa,,,fp,
qwen3_14b,participants,lusa_62,ext_exp_temp0.3_nodelim_norole_nocot,Fonte do INEM,,,fp,
qwen3_14b,participants,lusa_62,ext_exp_temp0.3_nodelim_norole_nocot,fonte da proteção civil,,,fp,
qwen3_14b,participants,lusa_62,ext_exp_temp0.3_nodelim_norole_nocot,meio aéreo,,,fp,
qwen3_14b,participants,lusa_62,ext_exp_temp0.3_nodelim_norole_nocot,Homem,,,fp,
qwen3_14b,participants,lusa_62,ext_exp_temp0.3_nodelim_norole_nocot,Bombeiros de Valença,,,fp,
qwen3_14b,participants,lusa_62,ext_exp_temp0.3_nodelim_norole_nocot,o helicóptero,,Obj,fn,
qwen3_14b,participants,lusa_62,ext_exp_temp0.3_nodelim_norole_nocot,lhe,,Per,fn,
qwen3_14b,participants,lusa_62,ext_exp_temp0.3_nodelim_norole_nocot,cima,,Other,fn,
qwen3_14b,participants,lusa_62,ext_exp_temp0.3_nodelim_norole_nocot,a proteção civil,,Org,fn,
qwen3_14b,participants,lusa_62,ext_exp_temp0.3_nodelim_norole_nocot,o local,,Pl_civil,fn,
qwen3_14b,participants,lusa_62,ext_exp_temp0.3_nodelim_norole_nocot,a ambulância de Suporte Imediato de Vida (SIV),,Obj,fn,
qwen3_14b,participants,lusa_62,ext_exp_temp0.3_nodelim_norole_nocot,CDOS,,Org,fn,
qwen3_14b,participants,lusa_62,ext_exp_temp0.3_nodelim_norole_nocot,dois feridos,,Per,fn,
qwen3_14b,participants,lusa_62,ext_exp_temp0.3_nodelim_norole_nocot,o seu,,Nat,fn,
qwen3_14b,participants,lusa_62,ext_exp_temp0.3_nodelim_norole_nocot,O INEM,,Org,fn,
qwen3_14b,participants,lusa_62,ext_exp_temp0.3_nodelim_norole_nocot,que,,Nat,fn,
qwen3_14b,participants,lusa_62,ext_exp_temp0.3_nodelim_norole_nocot,o Comando Distrital de Operações de Socorro,,Org,fn,
qwen3_14b,participants,lusa_62,ext_exp_temp0.3_nodelim_norole_nocot,fonte,,Per,fn,
qwen3_14b,participants,lusa_62,ext_exp_temp0.3_nodelim_norole_nocot,os Bombeiros,,Org,fn,
qwen3_14b,participants,lusa_62,ext_exp_temp0.3_nodelim_norole_nocot,Fonte,,Per,fn,
qwen3_14b,participants,lusa_62,ext_exp_temp0.3_nodelim_norole_nocot,a Lusa,,Org,fn,
qwen3_14b,participants,lusa_62,ext_exp_temp0.3_nodelim_norole_nocot,o Instituto Nacional de Emergência Médica (INEM),,Loc,fn,
qwen3_14b,participants,lusa_62,ext_exp_temp0.3_nodelim_norole_nocot,um total 16 operacionais,,Per,fn,
qwen3_14b,participants,lusa_62,ext_exp_temp0.3_nodelim_norole_nocot,o INEM,,Org,fn,
qwen3_14b,participants,lusa_62,ext_exp_temp0.3_nodelim_norole_nocot,o meio aéreo,,Obj,fn,
qwen3_14b,participants,lusa_62,ext_exp_temp0.3_nodelim_norole_nocot,o Comando Distrital de Operações de Socorro (CDOS) de Viana do Castelo,,Org,fn,
qwen3_14b,participants,lusa_63,ext_exp_temp0.3_nodelim_norole_nocot,o condutor,,Per,tp,
qwen3_14b,participants,lusa_63,ext_exp_temp0.3_nodelim_norole_nocot,Comando Distrital de Operações de Socorros (CDOS) de Braga,,Org,tp,
qwen3_14b,participants,lusa_63,ext_exp_temp0.3_nodelim_norole_nocot,Um homem de 48 anos,,Per,tp,
qwen3_14b,participants,lusa_63,ext_exp_temp0.3_nodelim_norole_nocot,Braga,,Pl_civil,tp,
qwen3_14b,participants,lusa_63,ext_exp_temp0.3_nodelim_norole_nocot,fonte,,Per,tp,
qwen3_14b,participants,lusa_63,ext_exp_temp0.3_nodelim_norole_nocot,dois veículos ligeiros,,Obj,tp,
qwen3_14b,participants,lusa_63,ext_exp_temp0.3_nodelim_norole_nocot,Viatodos,,Pl_civil,tp,
qwen3_14b,participants,lusa_63,ext_exp_temp0.3_nodelim_norole_nocot,Homem de 48 anos,,,fp,
qwen3_14b,participants,lusa_63,ext_exp_temp0.3_nodelim_norole_nocot,um ferido ligeiro,,,fp,
qwen3_14b,participants,lusa_63,ext_exp_temp0.3_nodelim_norole_nocot,uma colisão,,,fp,
qwen3_14b,participants,lusa_63,ext_exp_temp0.3_nodelim_norole_nocot,Barcelos,,,fp,
qwen3_14b,participants,lusa_63,ext_exp_temp0.3_nodelim_norole_nocot,Bombeiros Voluntários de Viatodos,,,fp,
qwen3_14b,participants,lusa_63,ext_exp_temp0.3_nodelim_norole_nocot,concelho de Barcelos,,,fp,
qwen3_14b,participants,lusa_63,ext_exp_temp0.3_nodelim_norole_nocot,freguesia de Chorente,,,fp,
qwen3_14b,participants,lusa_63,ext_exp_temp0.3_nodelim_norole_nocot,Hospital de Barcelos,,,fp,
qwen3_14b,participants,lusa_63,ext_exp_temp0.3_nodelim_norole_nocot,CDOS de Braga,,,fp,
qwen3_14b,participants,lusa_63,ext_exp_temp0.3_nodelim_norole_nocot,vítima mortal,,,fp,
qwen3_14b,participants,lusa_63,ext_exp_temp0.3_nodelim_norole_nocot,A vítima mortal,,Per,fn,
qwen3_14b,participants,lusa_63,ext_exp_temp0.3_nodelim_norole_nocot,"um ferido ligeiro, com cerca de 20 anos de idade",,Per,fn,
qwen3_14b,participants,lusa_63,ext_exp_temp0.3_nodelim_norole_nocot,os Bombeiros Voluntários de Viatodos,,Org,fn,
qwen3_14b,participants,lusa_63,ext_exp_temp0.3_nodelim_norole_nocot,o CDOS,,Org,fn,
qwen3_14b,participants,lusa_63,ext_exp_temp0.3_nodelim_norole_nocot,o CDOS de Braga,,Org,fn,
qwen3_14b,participants,lusa_63,ext_exp_temp0.3_nodelim_norole_nocot,concelho de Barcelos (Braga),,Loc,fn,
qwen3_14b,participants,lusa_63,ext_exp_temp0.3_nodelim_norole_nocot,os dois automóveis,,Obj,fn,
qwen3_14b,participants,lusa_63,ext_exp_temp0.3_nodelim_norole_nocot,a freguesia de Chorente,,Loc,fn,
qwen3_14b,participants,lusa_63,ext_exp_temp0.3_nodelim_norole_nocot,um,,Obj,fn,
qwen3_14b,participants,lusa_63,ext_exp_temp0.3_nodelim_norole_nocot,os Bombeiros Voluntários,,Org,fn,
qwen3_14b,participants,lusa_63,ext_exp_temp0.3_nodelim_norole_nocot,CDOS,,Org,fn,
qwen3_14b,participants,lusa_63,ext_exp_temp0.3_nodelim_norole_nocot,os veículos,,Obj,fn,
qwen3_14b,participants,lusa_63,ext_exp_temp0.3_nodelim_norole_nocot,o Comando Distrital de Operações de Socorros,,Org,fn,
qwen3_14b,participants,lusa_63,ext_exp_temp0.3_nodelim_norole_nocot,o Hospital de Barcelos,,Loc,fn,
qwen3_14b,participants,lusa_64,ext_exp_temp0.3_nodelim_norole_nocot,a droga,,Obj,tp,
qwen3_14b,participants,lusa_64,ext_exp_temp0.3_nodelim_norole_nocot,o homem,,Per,tp,
qwen3_14b,participants,lusa_64,ext_exp_temp0.3_nodelim_norole_nocot,a PJ,,Org,tp,
qwen3_14b,participants,lusa_64,ext_exp_temp0.3_nodelim_norole_nocot,um cidadão luso-guineense,,Per,tp,
qwen3_14b,participants,lusa_64,ext_exp_temp0.3_nodelim_norole_nocot,um homem,,Per,tp,
qwen3_14b,participants,lusa_64,ext_exp_temp0.3_nodelim_norole_nocot,Bissau,,Pl_country,tp,
qwen3_14b,participants,lusa_64,ext_exp_temp0.3_nodelim_norole_nocot,três homens,,Per,tp,
qwen3_14b,participants,lusa_64,ext_exp_temp0.3_nodelim_norole_nocot,A Polícia Judiciária da Guiné-Bissau,,Org,tp,
qwen3_14b,participants,lusa_64,ext_exp_temp0.3_nodelim_norole_nocot,o aeroporto internacional Osvaldo Vieira,,Fac,tp,
qwen3_14b,participants,lusa_64,ext_exp_temp0.3_nodelim_norole_nocot,Lisboa,,Pl_capital,tp,
qwen3_14b,participants,lusa_64,ext_exp_temp0.3_nodelim_norole_nocot,A PJ,,Org,tp,
qwen3_14b,participants,lusa_64,ext_exp_temp0.3_nodelim_norole_nocot,o comunicado,,Obj,tp,
qwen3_14b,participants,lusa_64,ext_exp_temp0.3_nodelim_norole_nocot,aquela força policial,,Org,tp,
qwen3_14b,participants,lusa_64,ext_exp_temp0.3_nodelim_norole_nocot,PJ da Guiné-Bissau,,,fp,
qwen3_14b,participants,lusa_64,ext_exp_temp0.3_nodelim_norole_nocot,um quilograma de cocaína,,,fp,
qwen3_14b,participants,lusa_64,ext_exp_temp0.3_nodelim_norole_nocot,aeroporto,,,fp,
qwen3_14b,participants,lusa_64,ext_exp_temp0.3_nodelim_norole_nocot,aeroporto Osvaldo Vieira,,,fp,
qwen3_14b,participants,lusa_64,ext_exp_temp0.3_nodelim_norole_nocot,Ministério Público,,,fp,
qwen3_14b,participants,lusa_64,ext_exp_temp0.3_nodelim_norole_nocot,um outro cidadão luso-guineense,,,fp,
qwen3_14b,participants,lusa_64,ext_exp_temp0.3_nodelim_norole_nocot,três quilogramas de cocaína,,,fp,
qwen3_14b,participants,lusa_64,ext_exp_temp0.3_nodelim_norole_nocot,três quilos de cocaína,,,fp,
qwen3_14b,participants,lusa_64,ext_exp_temp0.3_nodelim_norole_nocot,homem,,,fp,
qwen3_14b,participants,lusa_64,ext_exp_temp0.3_nodelim_norole_nocot,no aeroporto,,,fp,
qwen3_14b,participants,lusa_64,ext_exp_temp0.3_nodelim_norole_nocot,o Ministério Público,,Org,fn,
qwen3_14b,participants,lusa_64,ext_exp_temp0.3_nodelim_norole_nocot,um quilograma,,Other,fn,
qwen3_14b,participants,lusa_64,ext_exp_temp0.3_nodelim_norole_nocot,três quilogramas,,Other,fn,
qwen3_14b,participants,lusa_64,ext_exp_temp0.3_nodelim_norole_nocot,comunicado,,Obj,fn,
qwen3_14b,participants,lusa_64,ext_exp_temp0.3_nodelim_norole_nocot,a sua,,Per,fn,
qwen3_14b,participants,lusa_64,ext_exp_temp0.3_nodelim_norole_nocot,A Polícia Judiciária,,Org,fn,
qwen3_14b,participants,lusa_64,ext_exp_temp0.3_nodelim_norole_nocot,droga,,Obj,fn,
qwen3_14b,participants,lusa_64,ext_exp_temp0.3_nodelim_norole_nocot,cocaína,,Obj,fn,
qwen3_14b,participants,lusa_64,ext_exp_temp0.3_nodelim_norole_nocot,o aeroporto,,Fac,fn,
qwen3_14b,participants,lusa_64,ext_exp_temp0.3_nodelim_norole_nocot,o aeroporto Osvaldo Vieira,,Fac,fn,
qwen3_14b,participants,lusa_64,ext_exp_temp0.3_nodelim_norole_nocot,cintura,,Other,fn,
qwen3_14b,participants,lusa_64,ext_exp_temp0.3_nodelim_norole_nocot,o interior,,Fac,fn,
qwen3_14b,participants,lusa_64,ext_exp_temp0.3_nodelim_norole_nocot,"um outro cidadão luso-guineense, com 22 anos de idade",,Per,fn,
qwen3_14b,participants,lusa_64,ext_exp_temp0.3_nodelim_norole_nocot,"o homem, com 47 anos de idade",,Per,fn,
qwen3_14b,participants,lusa_64,ext_exp_temp0.3_nodelim_norole_nocot,a Guiné-Bissau,,Pl_country,fn,
qwen3_14b,participants,lusa_65,ext_exp_temp0.3_nodelim_norole_nocot,Arcozelo,,Loc,tp,
qwen3_14b,participants,lusa_65,ext_exp_temp0.3_nodelim_norole_nocot,Um homem de 25 anos,,Per,tp,
qwen3_14b,participants,lusa_65,ext_exp_temp0.3_nodelim_norole_nocot,Centro Hospitalar de Vila Nova de Gaia/Espinho,,Org,tp,
qwen3_14b,participants,lusa_65,ext_exp_temp0.3_nodelim_norole_nocot,Sapadores locais,,Org,tp,
qwen3_14b,participants,lusa_65,ext_exp_temp0.3_nodelim_norole_nocot,a fonte,,Per,tp,
qwen3_14b,participants,lusa_65,ext_exp_temp0.3_nodelim_norole_nocot,casa,,Loc,tp,
qwen3_14b,participants,lusa_65,ext_exp_temp0.3_nodelim_norole_nocot,Vila Nova de Gaia,,Loc,tp,
qwen3_14b,participants,lusa_65,ext_exp_temp0.3_nodelim_norole_nocot,o homem,,Per,tp,
qwen3_14b,participants,lusa_65,ext_exp_temp0.3_nodelim_norole_nocot,fonte dos Sapadores locais,,,fp,
qwen3_14b,participants,lusa_65,ext_exp_temp0.3_nodelim_norole_nocot,à Lusa,,,fp,
qwen3_14b,participants,lusa_65,ext_exp_temp0.3_nodelim_norole_nocot,Bombeiros da Aguda,,,fp,
qwen3_14b,participants,lusa_65,ext_exp_temp0.3_nodelim_norole_nocot,Homem de 25 anos,,,fp,
qwen3_14b,participants,lusa_65,ext_exp_temp0.3_nodelim_norole_nocot,Sapadores de Vila Nova de Gaia,,,fp,
qwen3_14b,participants,lusa_65,ext_exp_temp0.3_nodelim_norole_nocot,incêndio,,,fp,
qwen3_14b,participants,lusa_65,ext_exp_temp0.3_nodelim_norole_nocot,sua casa,,,fp,
qwen3_14b,participants,lusa_65,ext_exp_temp0.3_nodelim_norole_nocot,a Proteção Civil,,Org,fn,
qwen3_14b,participants,lusa_65,ext_exp_temp0.3_nodelim_norole_nocot,os Bombeiros da Aguda,,Org,fn,
qwen3_14b,participants,lusa_65,ext_exp_temp0.3_nodelim_norole_nocot,chamas,,Nat,fn,
qwen3_14b,participants,lusa_65,ext_exp_temp0.3_nodelim_norole_nocot,membros superiores e inferiores,,Other,fn,
qwen3_14b,participants,lusa_65,ext_exp_temp0.3_nodelim_norole_nocot,os Sapadores de Vila Nova de Gaia,,Org,fn,
qwen3_14b,participants,lusa_65,ext_exp_temp0.3_nodelim_norole_nocot,sua,,Per,fn,
qwen3_14b,participants,lusa_65,ext_exp_temp0.3_nodelim_norole_nocot,que,,Nat,fn,
qwen3_14b,participants,lusa_65,ext_exp_temp0.3_nodelim_norole_nocot,Lusa,,Org,fn,
qwen3_14b,participants,lusa_65,ext_exp_temp0.3_nodelim_norole_nocot,fonte,,Per,fn,
qwen3_14b,participants,lusa_65,ext_exp_temp0.3_nodelim_norole_nocot,a habitação,,Loc,fn,
qwen3_14b,participants,lusa_65,ext_exp_temp0.3_nodelim_norole_nocot,cozinha,,Loc,fn,
qwen3_14b,participants,lusa_65,ext_exp_temp0.3_nodelim_norole_nocot,o local,,Loc,fn,
qwen3_14b,participants,lusa_66,ext_exp_temp0.3_nodelim_norole_nocot,O MP,,Org,tp,
qwen3_14b,participants,lusa_66,ext_exp_temp0.3_nodelim_norole_nocot,Amares,,Loc,tp,
qwen3_14b,participants,lusa_66,ext_exp_temp0.3_nodelim_norole_nocot,o arguido,,Per,tp,
qwen3_14b,participants,lusa_66,ext_exp_temp0.3_nodelim_norole_nocot,MP,,Org,tp,
qwen3_14b,participants,lusa_66,ext_exp_temp0.3_nodelim_norole_nocot,aquela procuradoria,,Org,tp,
qwen3_14b,participants,lusa_66,ext_exp_temp0.3_nodelim_norole_nocot,ela,,Per,tp,
qwen3_14b,participants,lusa_66,ext_exp_temp0.3_nodelim_norole_nocot,Braga,,Pl_civil,tp,
qwen3_14b,participants,lusa_66,ext_exp_temp0.3_nodelim_norole_nocot,um homem,,Per,tp,
qwen3_14b,participants,lusa_66,ext_exp_temp0.3_nodelim_norole_nocot,companheira,,Per,tp,
qwen3_14b,participants,lusa_66,ext_exp_temp0.3_nodelim_norole_nocot,a vítima,,Per,tp,
qwen3_14b,participants,lusa_66,ext_exp_temp0.3_nodelim_norole_nocot,o MP,,Org,tp,
qwen3_14b,participants,lusa_66,ext_exp_temp0.3_nodelim_norole_nocot,a companheira,,Per,tp,
qwen3_14b,participants,lusa_66,ext_exp_temp0.3_nodelim_norole_nocot,a Procuradoria-Geral Distrital do Porto,,Org,tp,
qwen3_14b,participants,lusa_66,ext_exp_temp0.3_nodelim_norole_nocot,filha,,,fp,
qwen3_14b,participants,lusa_66,ext_exp_temp0.3_nodelim_norole_nocot,Ministério Público (MP) de Braga,,,fp,
qwen3_14b,participants,lusa_66,ext_exp_temp0.3_nodelim_norole_nocot,procuradoria,,,fp,
qwen3_14b,participants,lusa_66,ext_exp_temp0.3_nodelim_norole_nocot,a filha da companheira,,,fp,
qwen3_14b,participants,lusa_66,ext_exp_temp0.3_nodelim_norole_nocot,a sua companheira,,,fp,
qwen3_14b,participants,lusa_66,ext_exp_temp0.3_nodelim_norole_nocot,homem,,,fp,
qwen3_14b,participants,lusa_66,ext_exp_temp0.3_nodelim_norole_nocot,O Ministério Público,,Org,fn,
qwen3_14b,participants,lusa_66,ext_exp_temp0.3_nodelim_norole_nocot,a sua,,Org,fn,
qwen3_14b,participants,lusa_66,ext_exp_temp0.3_nodelim_norole_nocot,sua,,Per,fn,
qwen3_14b,participants,lusa_66,ext_exp_temp0.3_nodelim_norole_nocot,crianças,,Per,fn,
qwen3_14b,participants,lusa_66,ext_exp_temp0.3_nodelim_norole_nocot,o Porto,,Pl_civil,fn,
qwen3_14b,participants,lusa_66,ext_exp_temp0.3_nodelim_norole_nocot,os momentos,,Other,fn,
qwen3_14b,participants,lusa_66,ext_exp_temp0.3_nodelim_norole_nocot,a Procuradoria-Geral Distrital,,Org,fn,
qwen3_14b,participants,lusa_66,ext_exp_temp0.3_nodelim_norole_nocot,nota,,Obj,fn,
qwen3_14b,participants,lusa_66,ext_exp_temp0.3_nodelim_norole_nocot,página,,Other,fn,
qwen3_14b,participants,lusa_66,ext_exp_temp0.3_nodelim_norole_nocot,O despacho,,Other,fn,
qwen3_14b,participants,lusa_66,ext_exp_temp0.3_nodelim_norole_nocot,a filha,,Per,fn,
qwen3_14b,participants,lusa_66,ext_exp_temp0.3_nodelim_norole_nocot,O Ministério Público (MP) de Braga,,Org,fn,
qwen3_14b,participants,lusa_66,ext_exp_temp0.3_nodelim_norole_nocot,10 anos,,Other,fn,
qwen3_14b,participants,lusa_68,ext_exp_temp0.3_nodelim_norole_nocot,Santa Marta de Penaguião,,Pl_civil,tp,
qwen3_14b,participants,lusa_68,ext_exp_temp0.3_nodelim_norole_nocot,Vila Maior,,Pl_civil,tp,
qwen3_14b,participants,lusa_68,ext_exp_temp0.3_nodelim_norole_nocot,GNR,,Org,tp,
qwen3_14b,participants,lusa_68,ext_exp_temp0.3_nodelim_norole_nocot,INEM,,Org,tp,
qwen3_14b,participants,lusa_68,ext_exp_temp0.3_nodelim_norole_nocot,concelho de Santa Marta de Penaguião,,Pl_civil,tp,
qwen3_14b,participants,lusa_68,ext_exp_temp0.3_nodelim_norole_nocot,Um homem de 84 anos,,Per,tp,
qwen3_14b,participants,lusa_68,ext_exp_temp0.3_nodelim_norole_nocot,distrito de Vila Real,,Pl_civil,tp,
qwen3_14b,participants,lusa_68,ext_exp_temp0.3_nodelim_norole_nocot,Vasco Correia,,Per,tp,
qwen3_14b,participants,lusa_68,ext_exp_temp0.3_nodelim_norole_nocot,o comandante dos bombeiros de Santa Marta de Penaguião,,,fp,
qwen3_14b,participants,lusa_68,ext_exp_temp0.3_nodelim_norole_nocot,seis operacionais dos bombeiros de Santa Marta de Penaguião,,,fp,
qwen3_14b,participants,lusa_68,ext_exp_temp0.3_nodelim_norole_nocot,a equipa da Viatura Médica de Emergência e Reanimação (VMER),,,fp,
qwen3_14b,participants,lusa_68,ext_exp_temp0.3_nodelim_norole_nocot,VMER,,,fp,
qwen3_14b,participants,lusa_68,ext_exp_temp0.3_nodelim_norole_nocot,fonte da GNR,,,fp,
qwen3_14b,participants,lusa_68,ext_exp_temp0.3_nodelim_norole_nocot,Viatura Médica de Emergência e Reanimação,,,fp,
qwen3_14b,participants,lusa_68,ext_exp_temp0.3_nodelim_norole_nocot,Homem de 84 anos,,,fp,
qwen3_14b,participants,lusa_68,ext_exp_temp0.3_nodelim_norole_nocot,uma carinha,,Obj,fn,
qwen3_14b,participants,lusa_68,ext_exp_temp0.3_nodelim_norole_nocot,três viaturas,,Obj,fn,
qwen3_14b,participants,lusa_68,ext_exp_temp0.3_nodelim_norole_nocot,seis operacionais,,Per,fn,
qwen3_14b,participants,lusa_68,ext_exp_temp0.3_nodelim_norole_nocot,os bombeiros de Santa Marta de Penaguião,,Org,fn,
qwen3_14b,participants,lusa_68,ext_exp_temp0.3_nodelim_norole_nocot,a Viatura Médica de Emergência e Reanimação (VMER),,Obj,fn,
qwen3_14b,participants,lusa_68,ext_exp_temp0.3_nodelim_norole_nocot,que,,Org,fn,
qwen3_14b,participants,lusa_68,ext_exp_temp0.3_nodelim_norole_nocot,a GNR,,Org,fn,
qwen3_14b,participants,lusa_68,ext_exp_temp0.3_nodelim_norole_nocot,fonte,,Per,fn,
qwen3_14b,participants,lusa_68,ext_exp_temp0.3_nodelim_norole_nocot,a equipa,,Per,fn,
qwen3_14b,participants,lusa_68,ext_exp_temp0.3_nodelim_norole_nocot,o local,,Loc,fn,
qwen3_14b,participants,lusa_68,ext_exp_temp0.3_nodelim_norole_nocot,os bombeiros,,Org,fn,
qwen3_14b,participants,lusa_68,ext_exp_temp0.3_nodelim_norole_nocot,o comandante,,Per,fn,
qwen3_14b,participants,lusa_69,ext_exp_temp0.3_nodelim_norole_nocot,Um homem,,Per,tp,
qwen3_14b,participants,lusa_69,ext_exp_temp0.3_nodelim_norole_nocot,gasolina,,Obj,tp,
qwen3_14b,participants,lusa_69,ext_exp_temp0.3_nodelim_norole_nocot,Lusa,,Org,tp,
qwen3_14b,participants,lusa_69,ext_exp_temp0.3_nodelim_norole_nocot,O homem de 58 anos,,Per,tp,
qwen3_14b,participants,lusa_69,ext_exp_temp0.3_nodelim_norole_nocot,a vítima,,Per,tp,
qwen3_14b,participants,lusa_69,ext_exp_temp0.3_nodelim_norole_nocot,Porto,,Pl_civil,tp,
qwen3_14b,participants,lusa_69,ext_exp_temp0.3_nodelim_norole_nocot,Vila Nova de Famalicão,,Pl_civil,tp,
qwen3_14b,participants,lusa_69,ext_exp_temp0.3_nodelim_norole_nocot,Vale de S.,,,fp,
qwen3_14b,participants,lusa_69,ext_exp_temp0.3_nodelim_norole_nocot,fonte dos bombeiros locais,,,fp,
qwen3_14b,participants,lusa_69,ext_exp_temp0.3_nodelim_norole_nocot,Hospital de São João,,,fp,
qwen3_14b,participants,lusa_69,ext_exp_temp0.3_nodelim_norole_nocot,o alerta,,,fp,
qwen3_14b,participants,lusa_69,ext_exp_temp0.3_nodelim_norole_nocot,bombeiros locais,,,fp,
qwen3_14b,participants,lusa_69,ext_exp_temp0.3_nodelim_norole_nocot,Fonte dos Bombeiros Voluntários Famalicenses,,,fp,
qwen3_14b,participants,lusa_69,ext_exp_temp0.3_nodelim_norole_nocot,Bombeiros Voluntários Famalicenses,,,fp,
qwen3_14b,participants,lusa_69,ext_exp_temp0.3_nodelim_norole_nocot,Homem,,,fp,
qwen3_14b,participants,lusa_69,ext_exp_temp0.3_nodelim_norole_nocot,Martinho,,,fp,
qwen3_14b,participants,lusa_69,ext_exp_temp0.3_nodelim_norole_nocot,Famalicão,,,fp,
qwen3_14b,participants,lusa_69,ext_exp_temp0.3_nodelim_norole_nocot,o Hospital de São João,,Fac,fn,
qwen3_14b,participants,lusa_69,ext_exp_temp0.3_nodelim_norole_nocot,a face,,Other,fn,
qwen3_14b,participants,lusa_69,ext_exp_temp0.3_nodelim_norole_nocot,a Viatura Médica de Emergência e Reanimação (VMER),,Obj,fn,
qwen3_14b,participants,lusa_69,ext_exp_temp0.3_nodelim_norole_nocot,fonte,,Per,fn,
qwen3_14b,participants,lusa_69,ext_exp_temp0.3_nodelim_norole_nocot,os Bombeiros Voluntários Famalicenses,,Org,fn,
qwen3_14b,participants,lusa_69,ext_exp_temp0.3_nodelim_norole_nocot,os membros superiores,,Other,fn,
qwen3_14b,participants,lusa_69,ext_exp_temp0.3_nodelim_norole_nocot,os bombeiros locais,,Org,fn,
qwen3_14b,participants,lusa_69,ext_exp_temp0.3_nodelim_norole_nocot,Vale de S. Martinho,,Pl_civil,fn,
qwen3_14b,participants,lusa_69,ext_exp_temp0.3_nodelim_norole_nocot,o distrito de Braga,,Loc,fn,
qwen3_14b,participants,lusa_69,ext_exp_temp0.3_nodelim_norole_nocot,Fonte,,Per,fn,
qwen3_14b,participants,lusa_69,ext_exp_temp0.3_nodelim_norole_nocot,o Hospital de Famalicão,,Org,fn,
qwen3_14b,participants,lusa_7,ext_exp_temp0.3_nodelim_norole_nocot,a polícia,,Org,tp,
qwen3_14b,participants,lusa_7,ext_exp_temp0.3_nodelim_norole_nocot,O suspeito,,Per,tp,
qwen3_14b,participants,lusa_7,ext_exp_temp0.3_nodelim_norole_nocot,o gabinete,,Org,tp,
qwen3_14b,participants,lusa_7,ext_exp_temp0.3_nodelim_norole_nocot,Um homem,,Per,tp,
qwen3_14b,participants,lusa_7,ext_exp_temp0.3_nodelim_norole_nocot,os rapazes,,Per,tp,
qwen3_14b,participants,lusa_7,ext_exp_temp0.3_nodelim_norole_nocot,os procuradores,,Per,tp,
qwen3_14b,participants,lusa_7,ext_exp_temp0.3_nodelim_norole_nocot,os filhos,,Per,tp,
qwen3_14b,participants,lusa_7,ext_exp_temp0.3_nodelim_norole_nocot,Hidalgo,,Pl_civil,tp,
qwen3_14b,participants,lusa_7,ext_exp_temp0.3_nodelim_norole_nocot,três filhos,,Per,tp,
qwen3_14b,participants,lusa_7,ext_exp_temp0.3_nodelim_norole_nocot,Sonora,,Pl_state,tp,
qwen3_14b,participants,lusa_7,ext_exp_temp0.3_nodelim_norole_nocot,a mulher,,Per,tp,
qwen3_14b,participants,lusa_7,ext_exp_temp0.3_nodelim_norole_nocot,o homem,,Per,tp,
qwen3_14b,participants,lusa_7,ext_exp_temp0.3_nodelim_norole_nocot,Os procuradores,,Per,tp,
qwen3_14b,participants,lusa_7,ext_exp_temp0.3_nodelim_norole_nocot,filhos,,,fp,
qwen3_14b,participants,lusa_7,ext_exp_temp0.3_nodelim_norole_nocot,a mãe das crianças,,,fp,
qwen3_14b,participants,lusa_7,ext_exp_temp0.3_nodelim_norole_nocot,o avô das crianças,,,fp,
qwen3_14b,participants,lusa_7,ext_exp_temp0.3_nodelim_norole_nocot,mãe das crianças,,,fp,
qwen3_14b,participants,lusa_7,ext_exp_temp0.3_nodelim_norole_nocot,México,,,fp,
qwen3_14b,participants,lusa_7,ext_exp_temp0.3_nodelim_norole_nocot,gabinete dos procuradores,,,fp,
qwen3_14b,participants,lusa_7,ext_exp_temp0.3_nodelim_norole_nocot,as mortes,,,fp,
qwen3_14b,participants,lusa_7,ext_exp_temp0.3_nodelim_norole_nocot,norte do México,,,fp,
qwen3_14b,participants,lusa_7,ext_exp_temp0.3_nodelim_norole_nocot,estado de Sonora (norte),,,fp,
qwen3_14b,participants,lusa_7,ext_exp_temp0.3_nodelim_norole_nocot,ao pai,,,fp,
qwen3_14b,participants,lusa_7,ext_exp_temp0.3_nodelim_norole_nocot,pai,,,fp,
qwen3_14b,participants,lusa_7,ext_exp_temp0.3_nodelim_norole_nocot,onde,,Pl_civil,fn,
qwen3_14b,participants,lusa_7,ext_exp_temp0.3_nodelim_norole_nocot,se,,Per,fn,
qwen3_14b,participants,lusa_7,ext_exp_temp0.3_nodelim_norole_nocot,o pai,,Per,fn,
qwen3_14b,participants,lusa_7,ext_exp_temp0.3_nodelim_norole_nocot,o estado de Sonora (norte),,Pl_state,fn,
qwen3_14b,participants,lusa_7,ext_exp_temp0.3_nodelim_norole_nocot,as crianças,,Per,fn,
qwen3_14b,participants,lusa_7,ext_exp_temp0.3_nodelim_norole_nocot,lhe,,Per,fn,
qwen3_14b,participants,lusa_7,ext_exp_temp0.3_nodelim_norole_nocot,declaração,,Obj,fn,
qwen3_14b,participants,lusa_7,ext_exp_temp0.3_nodelim_norole_nocot,O gabinete,,Org,fn,
qwen3_14b,participants,lusa_7,ext_exp_temp0.3_nodelim_norole_nocot,"3,7 e 8 anos",,Other,fn,
qwen3_14b,participants,lusa_7,ext_exp_temp0.3_nodelim_norole_nocot,o avô,,Per,fn,
qwen3_14b,participants,lusa_7,ext_exp_temp0.3_nodelim_norole_nocot,o México,,Pl_country,fn,
qwen3_14b,participants,lusa_7,ext_exp_temp0.3_nodelim_norole_nocot,a mãe,,Per,fn,
qwen3_14b,participants,lusa_7,ext_exp_temp0.3_nodelim_norole_nocot,o norte,,Pl_civil,fn,
qwen3_14b,participants,lusa_70,ext_exp_temp0.3_nodelim_norole_nocot,a primeira força policial,,Org,tp,
qwen3_14b,participants,lusa_70,ext_exp_temp0.3_nodelim_norole_nocot,Penafiel,,Pl_civil,tp,
qwen3_14b,participants,lusa_70,ext_exp_temp0.3_nodelim_norole_nocot,Os meios de socorro,,Org,tp,
qwen3_14b,participants,lusa_70,ext_exp_temp0.3_nodelim_norole_nocot,o arguido,,Per,tp,
qwen3_14b,participants,lusa_70,ext_exp_temp0.3_nodelim_norole_nocot,uma arma branca,,Obj,tp,
qwen3_14b,participants,lusa_70,ext_exp_temp0.3_nodelim_norole_nocot,quem,,Per,tp,
qwen3_14b,participants,lusa_70,ext_exp_temp0.3_nodelim_norole_nocot,a PJ,,Org,tp,
qwen3_14b,participants,lusa_70,ext_exp_temp0.3_nodelim_norole_nocot,a vítima,,Per,tp,
qwen3_14b,participants,lusa_70,ext_exp_temp0.3_nodelim_norole_nocot,A GNR,,Org,tp,
qwen3_14b,participants,lusa_70,ext_exp_temp0.3_nodelim_norole_nocot,um trabalhador da construção civil,,Per,tp,
qwen3_14b,participants,lusa_70,ext_exp_temp0.3_nodelim_norole_nocot,a mulher,,Per,tp,
qwen3_14b,participants,lusa_70,ext_exp_temp0.3_nodelim_norole_nocot,A Polícia Judiciária (PJ),,Org,tp,
qwen3_14b,participants,lusa_70,ext_exp_temp0.3_nodelim_norole_nocot,O detido,,Per,tp,
qwen3_14b,participants,lusa_70,ext_exp_temp0.3_nodelim_norole_nocot,o alegado homicida,,,fp,
qwen3_14b,participants,lusa_70,ext_exp_temp0.3_nodelim_norole_nocot,o homem de Penafiel,,,fp,
qwen3_14b,participants,lusa_70,ext_exp_temp0.3_nodelim_norole_nocot,a facada,,,fp,
qwen3_14b,participants,lusa_70,ext_exp_temp0.3_nodelim_norole_nocot,o óbito,,,fp,
qwen3_14b,participants,lusa_70,ext_exp_temp0.3_nodelim_norole_nocot,as manobras,,,fp,
qwen3_14b,participants,lusa_70,ext_exp_temp0.3_nodelim_norole_nocot,a Diretoria do Norte da PJ,,,fp,
qwen3_14b,participants,lusa_70,ext_exp_temp0.3_nodelim_norole_nocot,a Diretoria do Norte daquela corporação,,,fp,
qwen3_14b,participants,lusa_70,ext_exp_temp0.3_nodelim_norole_nocot,homem de Penafiel,,,fp,
qwen3_14b,participants,lusa_70,ext_exp_temp0.3_nodelim_norole_nocot,PJ,,,fp,
qwen3_14b,participants,lusa_70,ext_exp_temp0.3_nodelim_norole_nocot,autoridade judiciária,,,fp,
qwen3_14b,participants,lusa_70,ext_exp_temp0.3_nodelim_norole_nocot,motivos fúteis,,Other,fn,
qwen3_14b,participants,lusa_70,ext_exp_temp0.3_nodelim_norole_nocot,"o alegado homicida, de 72 anos",,Per,fn,
qwen3_14b,participants,lusa_70,ext_exp_temp0.3_nodelim_norole_nocot,comunicado,,Obj,fn,
qwen3_14b,participants,lusa_70,ext_exp_temp0.3_nodelim_norole_nocot,a freguesia de Duas Igrejas,,Pl_civil,fn,
qwen3_14b,participants,lusa_70,ext_exp_temp0.3_nodelim_norole_nocot,o Norte,,Pl_region,fn,
qwen3_14b,participants,lusa_70,ext_exp_temp0.3_nodelim_norole_nocot,que,,Org,fn,
qwen3_14b,participants,lusa_70,ext_exp_temp0.3_nodelim_norole_nocot,"a vítima, de 74 anos",,Per,fn,
qwen3_14b,participants,lusa_70,ext_exp_temp0.3_nodelim_norole_nocot,aquela corporação,,Org,fn,
qwen3_14b,participants,lusa_70,ext_exp_temp0.3_nodelim_norole_nocot,concelho de Penafiel,,Pl_civil,fn,
qwen3_14b,participants,lusa_70,ext_exp_temp0.3_nodelim_norole_nocot,a Diretoria,,Org,fn,
qwen3_14b,participants,lusa_70,ext_exp_temp0.3_nodelim_norole_nocot,as medidas de coação,,Other,fn,
qwen3_14b,participants,lusa_70,ext_exp_temp0.3_nodelim_norole_nocot,a Diretoria do Norte,,Org,fn,
qwen3_14b,participants,lusa_70,ext_exp_temp0.3_nodelim_norole_nocot,o local,,Loc,fn,
qwen3_14b,participants,lusa_70,ext_exp_temp0.3_nodelim_norole_nocot,os elementos,,Other,fn,
qwen3_14b,participants,lusa_70,ext_exp_temp0.3_nodelim_norole_nocot,o distrito do Porto,,Pl_civil,fn,
qwen3_14b,participants,lusa_70,ext_exp_temp0.3_nodelim_norole_nocot,o homem,,Per,fn,
qwen3_14b,participants,lusa_71,ext_exp_temp0.3_nodelim_norole_nocot,a polícia,,Org,tp,
qwen3_14b,participants,lusa_71,ext_exp_temp0.3_nodelim_norole_nocot,o condutor,,Per,tp,
qwen3_14b,participants,lusa_71,ext_exp_temp0.3_nodelim_norole_nocot,o automóvel,,Obj,tp,
qwen3_14b,participants,lusa_71,ext_exp_temp0.3_nodelim_norole_nocot,Um homem,,Per,tp,
qwen3_14b,participants,lusa_71,ext_exp_temp0.3_nodelim_norole_nocot,A polícia,,Org,tp,
qwen3_14b,participants,lusa_71,ext_exp_temp0.3_nodelim_norole_nocot,o homem,,Per,tp,
qwen3_14b,participants,lusa_71,ext_exp_temp0.3_nodelim_norole_nocot,um automóvel,,Obj,tp,
qwen3_14b,participants,lusa_71,ext_exp_temp0.3_nodelim_norole_nocot,um homem,,Per,tp,
qwen3_14b,participants,lusa_71,ext_exp_temp0.3_nodelim_norole_nocot,O condutor,,Per,tp,
qwen3_14b,participants,lusa_71,ext_exp_temp0.3_nodelim_norole_nocot,uma viatura,,Obj,tp,
qwen3_14b,participants,lusa_71,ext_exp_temp0.3_nodelim_norole_nocot,a PSP,,Org,tp,
qwen3_14b,participants,lusa_71,ext_exp_temp0.3_nodelim_norole_nocot,este homem,,Per,tp,
qwen3_14b,participants,lusa_71,ext_exp_temp0.3_nodelim_norole_nocot,Rádio Renascença,,Org,tp,
qwen3_14b,participants,lusa_71,ext_exp_temp0.3_nodelim_norole_nocot,Lisboa,,Pl_capital,tp,
qwen3_14b,participants,lusa_71,ext_exp_temp0.3_nodelim_norole_nocot,o incidente,,,fp,
qwen3_14b,participants,lusa_71,ext_exp_temp0.3_nodelim_norole_nocot,Cometlis,,,fp,
qwen3_14b,participants,lusa_71,ext_exp_temp0.3_nodelim_norole_nocot,automóvel,,,fp,
qwen3_14b,participants,lusa_71,ext_exp_temp0.3_nodelim_norole_nocot,estádio do Benfica,,,fp,
qwen3_14b,participants,lusa_71,ext_exp_temp0.3_nodelim_norole_nocot,à agência Lusa,,,fp,
qwen3_14b,participants,lusa_71,ext_exp_temp0.3_nodelim_norole_nocot,freguesia de São Domingos de Benfica,,,fp,
qwen3_14b,participants,lusa_71,ext_exp_temp0.3_nodelim_norole_nocot,o relvado,,,fp,
qwen3_14b,participants,lusa_71,ext_exp_temp0.3_nodelim_norole_nocot,Comando Metropolitano de Lisboa (Cometlis) da PSP,,,fp,
qwen3_14b,participants,lusa_71,ext_exp_temp0.3_nodelim_norole_nocot,Estádio da Luz,,,fp,
qwen3_14b,participants,lusa_71,ext_exp_temp0.3_nodelim_norole_nocot,a infração,,,fp,
qwen3_14b,participants,lusa_71,ext_exp_temp0.3_nodelim_norole_nocot,Homem,,,fp,
qwen3_14b,participants,lusa_71,ext_exp_temp0.3_nodelim_norole_nocot,fonte do Comando Metropolitano de Lisboa (Cometlis) da PSP,,,fp,
qwen3_14b,participants,lusa_71,ext_exp_temp0.3_nodelim_norole_nocot,A notícia,,Other,fn,
qwen3_14b,participants,lusa_71,ext_exp_temp0.3_nodelim_norole_nocot,onde,,Loc,fn,
qwen3_14b,participants,lusa_71,ext_exp_temp0.3_nodelim_norole_nocot,o Comando Metropolitano de Lisboa (Cometlis),,Org,fn,
qwen3_14b,participants,lusa_71,ext_exp_temp0.3_nodelim_norole_nocot,a freguesia de São Domingos de Benfica,,Pl_civil,fn,
qwen3_14b,participants,lusa_71,ext_exp_temp0.3_nodelim_norole_nocot,o Comando Metropolitano,,Org,fn,
qwen3_14b,participants,lusa_71,ext_exp_temp0.3_nodelim_norole_nocot,as instalações do Estádio da Luz,,Fac,fn,
qwen3_14b,participants,lusa_71,ext_exp_temp0.3_nodelim_norole_nocot,relvado,,Other,fn,
qwen3_14b,participants,lusa_71,ext_exp_temp0.3_nodelim_norole_nocot,que,,Org,fn,
qwen3_14b,participants,lusa_71,ext_exp_temp0.3_nodelim_norole_nocot,o Estádio da Luz,,Fac,fn,
qwen3_14b,participants,lusa_71,ext_exp_temp0.3_nodelim_norole_nocot,agência Lusa,,Org,fn,
qwen3_14b,participants,lusa_71,ext_exp_temp0.3_nodelim_norole_nocot,as instalações do estádio,,Fac,fn,
qwen3_14b,participants,lusa_71,ext_exp_temp0.3_nodelim_norole_nocot,fonte,,Per,fn,
qwen3_14b,participants,lusa_71,ext_exp_temp0.3_nodelim_norole_nocot,O Cometlis,,Org,fn,
qwen3_14b,participants,lusa_71,ext_exp_temp0.3_nodelim_norole_nocot,informações,,Other,fn,
qwen3_14b,participants,lusa_71,ext_exp_temp0.3_nodelim_norole_nocot,o Benfica,,Org,fn,
qwen3_14b,participants,lusa_72,ext_exp_temp0.3_nodelim_norole_nocot,concelho de Tondela,,Loc,tp,
qwen3_14b,participants,lusa_72,ext_exp_temp0.3_nodelim_norole_nocot,o homem,,Per,tp,
qwen3_14b,participants,lusa_72,ext_exp_temp0.3_nodelim_norole_nocot,agência Lusa,,Org,tp,
qwen3_14b,participants,lusa_72,ext_exp_temp0.3_nodelim_norole_nocot,fonte,,Per,tp,
qwen3_14b,participants,lusa_72,ext_exp_temp0.3_nodelim_norole_nocot,nove operacionais,,Per,tp,
qwen3_14b,participants,lusa_72,ext_exp_temp0.3_nodelim_norole_nocot,quatro veículos,,Obj,tp,
qwen3_14b,participants,lusa_72,ext_exp_temp0.3_nodelim_norole_nocot,aldeia de Fráguas,,,fp,
qwen3_14b,participants,lusa_72,ext_exp_temp0.3_nodelim_norole_nocot,ribeira,,,fp,
qwen3_14b,participants,lusa_72,ext_exp_temp0.3_nodelim_norole_nocot,Comando Distrital de Operações de Socorro de Viseu,,,fp,
qwen3_14b,participants,lusa_72,ext_exp_temp0.3_nodelim_norole_nocot,fonte da GNR,,,fp,
qwen3_14b,participants,lusa_72,ext_exp_temp0.3_nodelim_norole_nocot,aldeia,,,fp,
qwen3_14b,participants,lusa_72,ext_exp_temp0.3_nodelim_norole_nocot,Tondela,,,fp,
qwen3_14b,participants,lusa_72,ext_exp_temp0.3_nodelim_norole_nocot,homem,,,fp,
qwen3_14b,participants,lusa_72,ext_exp_temp0.3_nodelim_norole_nocot,Homem,,,fp,
qwen3_14b,participants,lusa_72,ext_exp_temp0.3_nodelim_norole_nocot,Comando Territorial da GNR de Viseu,,,fp,
qwen3_14b,participants,lusa_72,ext_exp_temp0.3_nodelim_norole_nocot,o contexto,,Other,fn,
qwen3_14b,participants,lusa_72,ext_exp_temp0.3_nodelim_norole_nocot,Viseu,,Pl_civil,fn,
qwen3_14b,participants,lusa_72,ext_exp_temp0.3_nodelim_norole_nocot,uma ribeira,,Nat,fn,
qwen3_14b,participants,lusa_72,ext_exp_temp0.3_nodelim_norole_nocot,cerca de dois metros,,Other,fn,
qwen3_14b,participants,lusa_72,ext_exp_temp0.3_nodelim_norole_nocot,o corpo,,Other,fn,
qwen3_14b,participants,lusa_72,ext_exp_temp0.3_nodelim_norole_nocot,a GNR,,Org,fn,
qwen3_14b,participants,lusa_72,ext_exp_temp0.3_nodelim_norole_nocot,o Comando Territorial da GNR de Viseu,,Org,fn,
qwen3_14b,participants,lusa_72,ext_exp_temp0.3_nodelim_norole_nocot,a via,,Other,fn,
qwen3_14b,participants,lusa_72,ext_exp_temp0.3_nodelim_norole_nocot,o Comando Distrital de Operações de Socorro,,Org,fn,
qwen3_14b,participants,lusa_72,ext_exp_temp0.3_nodelim_norole_nocot,o Instituto Nacional de Medicina Legal,,Org,fn,
qwen3_14b,participants,lusa_72,ext_exp_temp0.3_nodelim_norole_nocot,o Comando Distrital de Operações de Socorro de Viseu,,Org,fn,
qwen3_14b,participants,lusa_72,ext_exp_temp0.3_nodelim_norole_nocot,Um homem de 54 anos,,Per,fn,
qwen3_14b,participants,lusa_72,ext_exp_temp0.3_nodelim_norole_nocot,o local,,Loc,fn,
qwen3_14b,participants,lusa_72,ext_exp_temp0.3_nodelim_norole_nocot,a berma,,Other,fn,
qwen3_14b,participants,lusa_72,ext_exp_temp0.3_nodelim_norole_nocot,o Comando Territorial,,Org,fn,
qwen3_14b,participants,lusa_72,ext_exp_temp0.3_nodelim_norole_nocot,a ribeira,,Nat,fn,
qwen3_14b,participants,lusa_72,ext_exp_temp0.3_nodelim_norole_nocot,a mesma fonte,,Per,fn,
qwen3_14b,participants,lusa_72,ext_exp_temp0.3_nodelim_norole_nocot,a aldeia de Fráguas,,Pl_civil,fn,
qwen3_14b,participants,lusa_73,ext_exp_temp0.3_nodelim_norole_nocot,dois operacionais,,Per,tp,
qwen3_14b,participants,lusa_73,ext_exp_temp0.3_nodelim_norole_nocot,Um homem de 60 anos,,Per,tp,
qwen3_14b,participants,lusa_73,ext_exp_temp0.3_nodelim_norole_nocot,a GNR,,Org,tp,
qwen3_14b,participants,lusa_73,ext_exp_temp0.3_nodelim_norole_nocot,a Viatura de Emergência Médica (VMER) de Viana do Castelo,,Obj,tp,
qwen3_14b,participants,lusa_73,ext_exp_temp0.3_nodelim_norole_nocot,um andaime,,Obj,tp,
qwen3_14b,participants,lusa_73,ext_exp_temp0.3_nodelim_norole_nocot,Carlos Lima,,Per,tp,
qwen3_14b,participants,lusa_73,ext_exp_temp0.3_nodelim_norole_nocot,fonte,,Per,tp,
qwen3_14b,participants,lusa_73,ext_exp_temp0.3_nodelim_norole_nocot,Ponte de Lima,,Pl_civil,tp,
qwen3_14b,participants,lusa_73,ext_exp_temp0.3_nodelim_norole_nocot,o homem,,Per,tp,
qwen3_14b,participants,lusa_73,ext_exp_temp0.3_nodelim_norole_nocot,Comando Distrital de Operações de Socorro (CDOS),,,fp,
qwen3_14b,participants,lusa_73,ext_exp_temp0.3_nodelim_norole_nocot,SIV,,,fp,
qwen3_14b,participants,lusa_73,ext_exp_temp0.3_nodelim_norole_nocot,para o hospital de Braga,,,fp,
qwen3_14b,participants,lusa_73,ext_exp_temp0.3_nodelim_norole_nocot,obra de construção civil,,,fp,
qwen3_14b,participants,lusa_73,ext_exp_temp0.3_nodelim_norole_nocot,em Ponte de Lima,,,fp,
qwen3_14b,participants,lusa_73,ext_exp_temp0.3_nodelim_norole_nocot,Bombeiros de Ponte de Lima,,,fp,
qwen3_14b,participants,lusa_73,ext_exp_temp0.3_nodelim_norole_nocot,À Lusa,,,fp,
qwen3_14b,participants,lusa_73,ext_exp_temp0.3_nodelim_norole_nocot,o comandante dos bombeiros locais,,,fp,
qwen3_14b,participants,lusa_73,ext_exp_temp0.3_nodelim_norole_nocot,pela ambulância de Suporte Imediato de Vida (SIV),,,fp,
qwen3_14b,participants,lusa_73,ext_exp_temp0.3_nodelim_norole_nocot,pela agência Lusa,,,fp,
qwen3_14b,participants,lusa_73,ext_exp_temp0.3_nodelim_norole_nocot,andaime,,,fp,
qwen3_14b,participants,lusa_73,ext_exp_temp0.3_nodelim_norole_nocot,distrito de Viana do Castelo,,,fp,
qwen3_14b,participants,lusa_73,ext_exp_temp0.3_nodelim_norole_nocot,uma viatura dos bombeiros,,,fp,
qwen3_14b,participants,lusa_73,ext_exp_temp0.3_nodelim_norole_nocot,freguesia de Ribeira,,,fp,
qwen3_14b,participants,lusa_73,ext_exp_temp0.3_nodelim_norole_nocot,Homem,,,fp,
qwen3_14b,participants,lusa_73,ext_exp_temp0.3_nodelim_norole_nocot,obra,,,fp,
qwen3_14b,participants,lusa_73,ext_exp_temp0.3_nodelim_norole_nocot,o comandante dos Bombeiros de Ponte de Lima,,,fp,
qwen3_14b,participants,lusa_73,ext_exp_temp0.3_nodelim_norole_nocot,o distrito de Viana do Castelo,,Pl_civil,fn,
qwen3_14b,participants,lusa_73,ext_exp_temp0.3_nodelim_norole_nocot,a SIV,,Obj,fn,
qwen3_14b,participants,lusa_73,ext_exp_temp0.3_nodelim_norole_nocot,Braga,,Pl_civil,fn,
qwen3_14b,participants,lusa_73,ext_exp_temp0.3_nodelim_norole_nocot,o hospital de Braga,,Org,fn,
qwen3_14b,participants,lusa_73,ext_exp_temp0.3_nodelim_norole_nocot,uma viatura,,Obj,fn,
qwen3_14b,participants,lusa_73,ext_exp_temp0.3_nodelim_norole_nocot,Viana do Castelo,,Pl_civil,fn,
qwen3_14b,participants,lusa_73,ext_exp_temp0.3_nodelim_norole_nocot,os bombeiros locais,,Org,fn,
qwen3_14b,participants,lusa_73,ext_exp_temp0.3_nodelim_norole_nocot,a ambulância de Suporte Imediato de Vida (SIV),,Obj,fn,
qwen3_14b,participants,lusa_73,ext_exp_temp0.3_nodelim_norole_nocot,a freguesia de Ribeira,,Pl_civil,fn,
qwen3_14b,participants,lusa_73,ext_exp_temp0.3_nodelim_norole_nocot,o local,,Loc,fn,
qwen3_14b,participants,lusa_73,ext_exp_temp0.3_nodelim_norole_nocot,os bombeiros,,Org,fn,
qwen3_14b,participants,lusa_73,ext_exp_temp0.3_nodelim_norole_nocot,a Viatura de Emergência Médica (VMER),,Obj,fn,
qwen3_14b,participants,lusa_73,ext_exp_temp0.3_nodelim_norole_nocot,uma obra,,Other,fn,
qwen3_14b,participants,lusa_73,ext_exp_temp0.3_nodelim_norole_nocot,os Bombeiros de Ponte de Lima,,Org,fn,
qwen3_14b,participants,lusa_73,ext_exp_temp0.3_nodelim_norole_nocot,o hospital,,Org,fn,
qwen3_14b,participants,lusa_73,ext_exp_temp0.3_nodelim_norole_nocot,os Bombeiros,,Org,fn,
qwen3_14b,participants,lusa_73,ext_exp_temp0.3_nodelim_norole_nocot,a agência Lusa,,Org,fn,
qwen3_14b,participants,lusa_73,ext_exp_temp0.3_nodelim_norole_nocot,"""três a quatro metros"" de altura",,Other,fn,
qwen3_14b,participants,lusa_73,ext_exp_temp0.3_nodelim_norole_nocot,Lusa,,Org,fn,
qwen3_14b,participants,lusa_73,ext_exp_temp0.3_nodelim_norole_nocot,o Comando Distrital de Operações de Socorro (CDOS),,Org,fn,
qwen3_14b,participants,lusa_73,ext_exp_temp0.3_nodelim_norole_nocot,o comandante,,Per,fn,
qwen3_14b,participants,lusa_74,ext_exp_temp0.3_nodelim_norole_nocot,o arguido,,Per,tp,
qwen3_14b,participants,lusa_74,ext_exp_temp0.3_nodelim_norole_nocot,os militares,,Per,tp,
qwen3_14b,participants,lusa_74,ext_exp_temp0.3_nodelim_norole_nocot,a GNR,,Org,tp,
qwen3_14b,participants,lusa_74,ext_exp_temp0.3_nodelim_norole_nocot,esta força policial,,Org,tp,
qwen3_14b,participants,lusa_74,ext_exp_temp0.3_nodelim_norole_nocot,Valongo,,Loc,tp,
qwen3_14b,participants,lusa_74,ext_exp_temp0.3_nodelim_norole_nocot,o homem,,Per,tp,
qwen3_14b,participants,lusa_74,ext_exp_temp0.3_nodelim_norole_nocot,a mãe,,Per,tp,
qwen3_14b,participants,lusa_74,ext_exp_temp0.3_nodelim_norole_nocot,o detido,,Per,tp,
qwen3_14b,participants,lusa_74,ext_exp_temp0.3_nodelim_norole_nocot,Um homem,,,fp,
qwen3_14b,participants,lusa_74,ext_exp_temp0.3_nodelim_norole_nocot,Homem,,,fp,
qwen3_14b,participants,lusa_74,ext_exp_temp0.3_nodelim_norole_nocot,a GNR do Porto,,,fp,
qwen3_14b,participants,lusa_74,ext_exp_temp0.3_nodelim_norole_nocot,onde,,Loc,fn,
qwen3_14b,participants,lusa_74,ext_exp_temp0.3_nodelim_norole_nocot,dinheiro,,Obj,fn,
qwen3_14b,participants,lusa_74,ext_exp_temp0.3_nodelim_norole_nocot,comunicado,,Obj,fn,
qwen3_14b,participants,lusa_74,ext_exp_temp0.3_nodelim_norole_nocot,drogas,,Obj,fn,
qwen3_14b,participants,lusa_74,ext_exp_temp0.3_nodelim_norole_nocot,quem,,Per,fn,
qwen3_14b,participants,lusa_74,ext_exp_temp0.3_nodelim_norole_nocot,lhe,,Per,fn,
qwen3_14b,participants,lusa_74,ext_exp_temp0.3_nodelim_norole_nocot,GNR do Porto,,Org,fn,
qwen3_14b,participants,lusa_74,ext_exp_temp0.3_nodelim_norole_nocot,residência,,Loc,fn,
qwen3_14b,participants,lusa_74,ext_exp_temp0.3_nodelim_norole_nocot,as medidas de coação,,Other,fn,
qwen3_14b,participants,lusa_74,ext_exp_temp0.3_nodelim_norole_nocot,a,,Per,fn,
qwen3_14b,participants,lusa_74,ext_exp_temp0.3_nodelim_norole_nocot,o local,,Loc,fn,
qwen3_14b,participants,lusa_74,ext_exp_temp0.3_nodelim_norole_nocot,Um homem de 33 anos,,Per,fn,
qwen3_14b,participants,lusa_74,ext_exp_temp0.3_nodelim_norole_nocot,"a mãe, de 57",,Per,fn,
qwen3_14b,participants,lusa_74,ext_exp_temp0.3_nodelim_norole_nocot,este,,Per,fn,
qwen3_14b,participants,lusa_74,ext_exp_temp0.3_nodelim_norole_nocot,bens,,Obj,fn,
qwen3_14b,participants,lusa_74,ext_exp_temp0.3_nodelim_norole_nocot,seu,,Per,fn,
qwen3_14b,participants,lusa_74,ext_exp_temp0.3_nodelim_norole_nocot,alimentação,,Obj,fn,
qwen3_14b,participants,lusa_75,ext_exp_temp0.3_nodelim_norole_nocot,Um homem de 61 anos,,Per,tp,
qwen3_14b,participants,lusa_75,ext_exp_temp0.3_nodelim_norole_nocot,automóvel,,Obj,tp,
qwen3_14b,participants,lusa_75,ext_exp_temp0.3_nodelim_norole_nocot,GNR,,Org,tp,
qwen3_14b,participants,lusa_75,ext_exp_temp0.3_nodelim_norole_nocot,Carreiras,,Loc,tp,
qwen3_14b,participants,lusa_75,ext_exp_temp0.3_nodelim_norole_nocot,populares,,Per,tp,
qwen3_14b,participants,lusa_75,ext_exp_temp0.3_nodelim_norole_nocot,a GNR,,Org,tp,
qwen3_14b,participants,lusa_75,ext_exp_temp0.3_nodelim_norole_nocot,agência Lusa,,Org,tp,
qwen3_14b,participants,lusa_75,ext_exp_temp0.3_nodelim_norole_nocot,fonte,,Per,tp,
qwen3_14b,participants,lusa_75,ext_exp_temp0.3_nodelim_norole_nocot,a mesma fonte,,Per,tp,
qwen3_14b,participants,lusa_75,ext_exp_temp0.3_nodelim_norole_nocot,o homem,,Per,tp,
qwen3_14b,participants,lusa_75,ext_exp_temp0.3_nodelim_norole_nocot,o seu veículo,,,fp,
qwen3_14b,participants,lusa_75,ext_exp_temp0.3_nodelim_norole_nocot,fonte da GNR,,,fp,
qwen3_14b,participants,lusa_75,ext_exp_temp0.3_nodelim_norole_nocot,a Polícia Judiciária,,,fp,
qwen3_14b,participants,lusa_75,ext_exp_temp0.3_nodelim_norole_nocot,a localidade,,,fp,
qwen3_14b,participants,lusa_75,ext_exp_temp0.3_nodelim_norole_nocot,Os militares da GNR,,,fp,
qwen3_14b,participants,lusa_75,ext_exp_temp0.3_nodelim_norole_nocot,seu automóvel,,,fp,
qwen3_14b,participants,lusa_75,ext_exp_temp0.3_nodelim_norole_nocot,a fonte da guarda,,,fp,
qwen3_14b,participants,lusa_75,ext_exp_temp0.3_nodelim_norole_nocot,no concelho de Portalegre,,,fp,
qwen3_14b,participants,lusa_75,ext_exp_temp0.3_nodelim_norole_nocot,Portalegre,,,fp,
qwen3_14b,participants,lusa_75,ext_exp_temp0.3_nodelim_norole_nocot,Homem de 61 anos,,,fp,
qwen3_14b,participants,lusa_75,ext_exp_temp0.3_nodelim_norole_nocot,a fonte da força de segurança,,,fp,
qwen3_14b,participants,lusa_75,ext_exp_temp0.3_nodelim_norole_nocot,concelho de Portalegre,,Loc,fn,
qwen3_14b,participants,lusa_75,ext_exp_temp0.3_nodelim_norole_nocot,o serviço de Medicina Legal,,Org,fn,
qwen3_14b,participants,lusa_75,ext_exp_temp0.3_nodelim_norole_nocot,aquela localidade,,Loc,fn,
qwen3_14b,participants,lusa_75,ext_exp_temp0.3_nodelim_norole_nocot,guarda,,Org,fn,
qwen3_14b,participants,lusa_75,ext_exp_temp0.3_nodelim_norole_nocot,Comando Distrital de Operações de Socorro (CDOS) de Portalegre,,Org,fn,
qwen3_14b,participants,lusa_75,ext_exp_temp0.3_nodelim_norole_nocot,o corpo,,Other,fn,
qwen3_14b,participants,lusa_75,ext_exp_temp0.3_nodelim_norole_nocot,veículo,,Obj,fn,
qwen3_14b,participants,lusa_75,ext_exp_temp0.3_nodelim_norole_nocot,que,,Org,fn,
qwen3_14b,participants,lusa_75,ext_exp_temp0.3_nodelim_norole_nocot,Polícia Judiciária,,Org,fn,
qwen3_14b,participants,lusa_75,ext_exp_temp0.3_nodelim_norole_nocot,hospital de Portalegre,,Org,fn,
qwen3_14b,participants,lusa_75,ext_exp_temp0.3_nodelim_norole_nocot,o local,,Loc,fn,
qwen3_14b,participants,lusa_75,ext_exp_temp0.3_nodelim_norole_nocot,a cara,,Other,fn,
qwen3_14b,participants,lusa_75,ext_exp_temp0.3_nodelim_norole_nocot,o interior,,Other,fn,
qwen3_14b,participants,lusa_75,ext_exp_temp0.3_nodelim_norole_nocot,Os militares,,Per,fn,
qwen3_14b,participants,lusa_75,ext_exp_temp0.3_nodelim_norole_nocot,a fonte,,Per,fn,
qwen3_14b,participants,lusa_75,ext_exp_temp0.3_nodelim_norole_nocot,força de segurança,,Org,fn,
qwen3_14b,participants,lusa_75,ext_exp_temp0.3_nodelim_norole_nocot,seu,,Per,fn,
qwen3_14b,participants,lusa_76,ext_exp_temp0.3_nodelim_norole_nocot,dois cidadãos,,Per,tp,
qwen3_14b,participants,lusa_76,ext_exp_temp0.3_nodelim_norole_nocot,Majd Kamalmaz,,Per,tp,
qwen3_14b,participants,lusa_76,ext_exp_temp0.3_nodelim_norole_nocot,o jornalista Austin Tice,,Per,tp,
qwen3_14b,participants,lusa_76,ext_exp_temp0.3_nodelim_norole_nocot,o embaixador,,Per,tp,
qwen3_14b,participants,lusa_76,ext_exp_temp0.3_nodelim_norole_nocot,Síria,,Loc,tp,
qwen3_14b,participants,lusa_76,ext_exp_temp0.3_nodelim_norole_nocot,Donald Trump,,Per,tp,
qwen3_14b,participants,lusa_76,ext_exp_temp0.3_nodelim_norole_nocot,Damasco,,Loc,tp,
qwen3_14b,participants,lusa_76,ext_exp_temp0.3_nodelim_norole_nocot,Tice,,Per,tp,
qwen3_14b,participants,lusa_76,ext_exp_temp0.3_nodelim_norole_nocot,a AP,,Org,tp,
qwen3_14b,participants,lusa_76,ext_exp_temp0.3_nodelim_norole_nocot,O outo desaparecido,,Per,tp,
qwen3_14b,participants,lusa_76,ext_exp_temp0.3_nodelim_norole_nocot,Kash Patel,,Per,tp,
qwen3_14b,participants,lusa_76,ext_exp_temp0.3_nodelim_norole_nocot,os EUA,,Loc,tp,
qwen3_14b,participants,lusa_76,ext_exp_temp0.3_nodelim_norole_nocot,Trump,,Per,tp,
qwen3_14b,participants,lusa_76,ext_exp_temp0.3_nodelim_norole_nocot,dois cidadãos dos EUA,,,fp,
qwen3_14b,participants,lusa_76,ext_exp_temp0.3_nodelim_norole_nocot,país,,,fp,
qwen3_14b,participants,lusa_76,ext_exp_temp0.3_nodelim_norole_nocot,Dirigente da Casa Branca,,,fp,
qwen3_14b,participants,lusa_76,ext_exp_temp0.3_nodelim_norole_nocot,EUA,,,fp,
qwen3_14b,participants,lusa_76,ext_exp_temp0.3_nodelim_norole_nocot,dirigentes de alto nível dos EUA,,,fp,
qwen3_14b,participants,lusa_76,ext_exp_temp0.3_nodelim_norole_nocot,Texas,,,fp,
qwen3_14b,participants,lusa_76,ext_exp_temp0.3_nodelim_norole_nocot,um dirigente dos EUA,,,fp,
qwen3_14b,participants,lusa_76,ext_exp_temp0.3_nodelim_norole_nocot,do Estado da Virgínia,,,fp,
qwen3_14b,participants,lusa_76,ext_exp_temp0.3_nodelim_norole_nocot,um psicólogo clínico,,,fp,
qwen3_14b,participants,lusa_76,ext_exp_temp0.3_nodelim_norole_nocot,cidadãos dos EUA,,,fp,
qwen3_14b,participants,lusa_76,ext_exp_temp0.3_nodelim_norole_nocot,Austin Tice,,,fp,
qwen3_14b,participants,lusa_76,ext_exp_temp0.3_nodelim_norole_nocot,Estado da Virgínia,,,fp,
qwen3_14b,participants,lusa_76,ext_exp_temp0.3_nodelim_norole_nocot,dos EUA,,,fp,
qwen3_14b,participants,lusa_76,ext_exp_temp0.3_nodelim_norole_nocot,Casa Branca,,,fp,
qwen3_14b,participants,lusa_76,ext_exp_temp0.3_nodelim_norole_nocot,um assessor de Donald Trump,,,fp,
qwen3_14b,participants,lusa_76,ext_exp_temp0.3_nodelim_norole_nocot,embaixada norte-americana,,,fp,
qwen3_14b,participants,lusa_76,ext_exp_temp0.3_nodelim_norole_nocot,um jornalista do Texas,,,fp,
qwen3_14b,participants,lusa_76,ext_exp_temp0.3_nodelim_norole_nocot,Um dirigente da Casa Branca,,,fp,
qwen3_14b,participants,lusa_76,ext_exp_temp0.3_nodelim_norole_nocot,um dirigente dos EUA de alto nível,,Per,fn,
qwen3_14b,participants,lusa_76,ext_exp_temp0.3_nodelim_norole_nocot,um,,Per,fn,
qwen3_14b,participants,lusa_76,ext_exp_temp0.3_nodelim_norole_nocot,o país,,Loc,fn,
qwen3_14b,participants,lusa_76,ext_exp_temp0.3_nodelim_norole_nocot,aqueles dois cidadãos,,Per,fn,
qwen3_14b,participants,lusa_76,ext_exp_temp0.3_nodelim_norole_nocot,a Casa Branca,,Org,fn,
qwen3_14b,participants,lusa_76,ext_exp_temp0.3_nodelim_norole_nocot,os quais,,Per,fn,
qwen3_14b,participants,lusa_76,ext_exp_temp0.3_nodelim_norole_nocot,informação,,Other,fn,
qwen3_14b,participants,lusa_76,ext_exp_temp0.3_nodelim_norole_nocot,Um dirigente,,Per,fn,
qwen3_14b,participants,lusa_76,ext_exp_temp0.3_nodelim_norole_nocot,um jornalista,,Per,fn,
qwen3_14b,participants,lusa_76,ext_exp_temp0.3_nodelim_norole_nocot,uma,,Loc,fn,
qwen3_14b,participants,lusa_76,ext_exp_temp0.3_nodelim_norole_nocot,que,,Per,fn,
qwen3_14b,participants,lusa_76,ext_exp_temp0.3_nodelim_norole_nocot,o Wall Street Journal,,Org,fn,
qwen3_14b,participants,lusa_76,ext_exp_temp0.3_nodelim_norole_nocot,dirigentes de alto nível,,Per,fn,
qwen3_14b,participants,lusa_76,ext_exp_temp0.3_nodelim_norole_nocot,o Estado da Virgínia,,Loc,fn,
qwen3_14b,participants,lusa_76,ext_exp_temp0.3_nodelim_norole_nocot,um assessor,,Per,fn,
qwen3_14b,participants,lusa_76,ext_exp_temp0.3_nodelim_norole_nocot,as prisões,,Loc,fn,
qwen3_14b,participants,lusa_76,ext_exp_temp0.3_nodelim_norole_nocot,"um psicólogo clínico, com 62 anos",,Per,fn,
qwen3_14b,participants,lusa_76,ext_exp_temp0.3_nodelim_norole_nocot,a agência Associated Press (AP),,Org,fn,
qwen3_14b,participants,lusa_76,ext_exp_temp0.3_nodelim_norole_nocot,o Texas,,Loc,fn,
qwen3_14b,participants,lusa_76,ext_exp_temp0.3_nodelim_norole_nocot,a embaixada norte-americana,,Org,fn,
qwen3_14b,participants,lusa_78,ext_exp_temp0.3_nodelim_norole_nocot,a Procuradoria Regional,,Org,tp,
qwen3_14b,participants,lusa_78,ext_exp_temp0.3_nodelim_norole_nocot,uma sua amiga,,Per,tp,
qwen3_14b,participants,lusa_78,ext_exp_temp0.3_nodelim_norole_nocot,o arguido,,Per,tp,
qwen3_14b,participants,lusa_78,ext_exp_temp0.3_nodelim_norole_nocot,a amiga,,Per,tp,
qwen3_14b,participants,lusa_78,ext_exp_temp0.3_nodelim_norole_nocot,um homem,,Per,tp,
qwen3_14b,participants,lusa_78,ext_exp_temp0.3_nodelim_norole_nocot,O tribunal de Guimarães,,Org,tp,
qwen3_14b,participants,lusa_78,ext_exp_temp0.3_nodelim_norole_nocot,a vítima,,Per,tp,
qwen3_14b,participants,lusa_78,ext_exp_temp0.3_nodelim_norole_nocot,Guimarães,,Loc,tp,
qwen3_14b,participants,lusa_78,ext_exp_temp0.3_nodelim_norole_nocot,a mulher,,Per,tp,
qwen3_14b,participants,lusa_78,ext_exp_temp0.3_nodelim_norole_nocot,O tribunal,,Org,tp,
qwen3_14b,participants,lusa_78,ext_exp_temp0.3_nodelim_norole_nocot,sua página na Internet,,,fp,
qwen3_14b,participants,lusa_78,ext_exp_temp0.3_nodelim_norole_nocot,freguesia de Guimarães,,,fp,
qwen3_14b,participants,lusa_78,ext_exp_temp0.3_nodelim_norole_nocot,Procuradoria Regional do Porto,,,fp,
qwen3_14b,participants,lusa_78,ext_exp_temp0.3_nodelim_norole_nocot,Tribunal de Guimarães,,,fp,
qwen3_14b,participants,lusa_78,ext_exp_temp0.3_nodelim_norole_nocot,homem,,,fp,
qwen3_14b,participants,lusa_78,ext_exp_temp0.3_nodelim_norole_nocot,tribunal,,,fp,
qwen3_14b,participants,lusa_78,ext_exp_temp0.3_nodelim_norole_nocot,se,,Per,fn,
qwen3_14b,participants,lusa_78,ext_exp_temp0.3_nodelim_norole_nocot,os braços,,Other,fn,
qwen3_14b,participants,lusa_78,ext_exp_temp0.3_nodelim_norole_nocot,uma freguesia,,Loc,fn,
qwen3_14b,participants,lusa_78,ext_exp_temp0.3_nodelim_norole_nocot,lhe,,Per,fn,
qwen3_14b,participants,lusa_78,ext_exp_temp0.3_nodelim_norole_nocot,sua,,Org,fn,
qwen3_14b,participants,lusa_78,ext_exp_temp0.3_nodelim_norole_nocot,que,,Obj,fn,
qwen3_14b,participants,lusa_78,ext_exp_temp0.3_nodelim_norole_nocot,ela,,Per,fn,
qwen3_14b,participants,lusa_78,ext_exp_temp0.3_nodelim_norole_nocot,a personalidade,,Other,fn,
qwen3_14b,participants,lusa_78,ext_exp_temp0.3_nodelim_norole_nocot,a Procuradoria Regional do Porto,,Org,fn,
qwen3_14b,participants,lusa_78,ext_exp_temp0.3_nodelim_norole_nocot,casa,,Loc,fn,
qwen3_14b,participants,lusa_78,ext_exp_temp0.3_nodelim_norole_nocot,a,,Per,fn,
qwen3_14b,participants,lusa_78,ext_exp_temp0.3_nodelim_norole_nocot,página na Internet,,Other,fn,
qwen3_14b,participants,lusa_78,ext_exp_temp0.3_nodelim_norole_nocot,roupa,,Obj,fn,
qwen3_14b,participants,lusa_78,ext_exp_temp0.3_nodelim_norole_nocot,a hipótese,,Other,fn,
qwen3_14b,participants,lusa_8,ext_exp_temp0.3_nodelim_norole_nocot,um hipopótamo,,Nat,tp,
qwen3_14b,participants,lusa_8,ext_exp_temp0.3_nodelim_norole_nocot,Baptista Sambango,,Per,tp,
qwen3_14b,participants,lusa_8,ext_exp_temp0.3_nodelim_norole_nocot,a rádio pública,,Org,tp,
qwen3_14b,participants,lusa_8,ext_exp_temp0.3_nodelim_norole_nocot,província angolana do Bié,,Pl_civil,tp,
qwen3_14b,participants,lusa_8,ext_exp_temp0.3_nodelim_norole_nocot,Três pessoas,,Per,tp,
qwen3_14b,participants,lusa_8,ext_exp_temp0.3_nodelim_norole_nocot,os mortos,,Per,tp,
qwen3_14b,participants,lusa_8,ext_exp_temp0.3_nodelim_norole_nocot,os camponeses,,Per,tp,
qwen3_14b,participants,lusa_8,ext_exp_temp0.3_nodelim_norole_nocot,uma criança,,Per,tp,
qwen3_14b,participants,lusa_8,ext_exp_temp0.3_nodelim_norole_nocot,rio,,,fp,
qwen3_14b,participants,lusa_8,ext_exp_temp0.3_nodelim_norole_nocot,Angola,,,fp,
qwen3_14b,participants,lusa_8,ext_exp_temp0.3_nodelim_norole_nocot,município de Camacupa,,,fp,
qwen3_14b,participants,lusa_8,ext_exp_temp0.3_nodelim_norole_nocot,embarcação artesanal,,,fp,
qwen3_14b,participants,lusa_8,ext_exp_temp0.3_nodelim_norole_nocot,hipopótamo,,,fp,
qwen3_14b,participants,lusa_8,ext_exp_temp0.3_nodelim_norole_nocot,um dos sobreviventes,,,fp,
qwen3_14b,participants,lusa_8,ext_exp_temp0.3_nodelim_norole_nocot,administrador municipal,,,fp,
qwen3_14b,participants,lusa_8,ext_exp_temp0.3_nodelim_norole_nocot,oito pessoas a bordo,,,fp,
qwen3_14b,participants,lusa_8,ext_exp_temp0.3_nodelim_norole_nocot,mamífero,,,fp,
qwen3_14b,participants,lusa_8,ext_exp_temp0.3_nodelim_norole_nocot,Três mortos,,,fp,
qwen3_14b,participants,lusa_8,ext_exp_temp0.3_nodelim_norole_nocot,Muinha,,,fp,
qwen3_14b,participants,lusa_8,ext_exp_temp0.3_nodelim_norole_nocot,administrador comunal da Muinha,,,fp,
qwen3_14b,participants,lusa_8,ext_exp_temp0.3_nodelim_norole_nocot,rio Kwanza,,,fp,
qwen3_14b,participants,lusa_8,ext_exp_temp0.3_nodelim_norole_nocot,o administrador municipal,,Per,fn,
qwen3_14b,participants,lusa_8,ext_exp_temp0.3_nodelim_norole_nocot,a embarcação artesanal,,Veh,fn,
qwen3_14b,participants,lusa_8,ext_exp_temp0.3_nodelim_norole_nocot,a Muinha,,Pl_civil,fn,
qwen3_14b,participants,lusa_8,ext_exp_temp0.3_nodelim_norole_nocot,o rio,,Pl_water,fn,
qwen3_14b,participants,lusa_8,ext_exp_temp0.3_nodelim_norole_nocot,a população,,Per,fn,
qwen3_14b,participants,lusa_8,ext_exp_temp0.3_nodelim_norole_nocot,uma ponte,,Path,fn,
qwen3_14b,participants,lusa_8,ext_exp_temp0.3_nodelim_norole_nocot,o município de Camacupa,,Pl_civil,fn,
qwen3_14b,participants,lusa_8,ext_exp_temp0.3_nodelim_norole_nocot,aquele mamífero,,Nat,fn,
qwen3_14b,participants,lusa_8,ext_exp_temp0.3_nodelim_norole_nocot,o rio Kwanza,,Pl_water,fn,
qwen3_14b,participants,lusa_8,ext_exp_temp0.3_nodelim_norole_nocot,corpo,,Other,fn,
qwen3_14b,participants,lusa_8,ext_exp_temp0.3_nodelim_norole_nocot,a dimensão,,Other,fn,
qwen3_14b,participants,lusa_8,ext_exp_temp0.3_nodelim_norole_nocot,cujo,,Per,fn,
qwen3_14b,participants,lusa_8,ext_exp_temp0.3_nodelim_norole_nocot,a dimensão do rio,,Other,fn,
qwen3_14b,participants,lusa_8,ext_exp_temp0.3_nodelim_norole_nocot,oito pessoas,,Per,fn,
qwen3_14b,participants,lusa_8,ext_exp_temp0.3_nodelim_norole_nocot,as lavras,,Loc,fn,
qwen3_14b,participants,lusa_8,ext_exp_temp0.3_nodelim_norole_nocot,um,,Per,fn,
qwen3_14b,participants,lusa_8,ext_exp_temp0.3_nodelim_norole_nocot,O administrador comunal,,Per,fn,
qwen3_14b,participants,lusa_8,ext_exp_temp0.3_nodelim_norole_nocot,os sobreviventes,,Per,fn,
qwen3_14b,participants,lusa_81,ext_exp_temp0.3_nodelim_norole_nocot,os militares,,Per,tp,
qwen3_14b,participants,lusa_81,ext_exp_temp0.3_nodelim_norole_nocot,Um homem de 25 anos,,Per,tp,
qwen3_14b,participants,lusa_81,ext_exp_temp0.3_nodelim_norole_nocot,a GNR,,Org,tp,
qwen3_14b,participants,lusa_81,ext_exp_temp0.3_nodelim_norole_nocot,a Guarda,,Org,tp,
qwen3_14b,participants,lusa_81,ext_exp_temp0.3_nodelim_norole_nocot,Paredes,,Loc,tp,
qwen3_14b,participants,lusa_81,ext_exp_temp0.3_nodelim_norole_nocot,O detido,,Per,tp,
qwen3_14b,participants,lusa_81,ext_exp_temp0.3_nodelim_norole_nocot,réplica de arma de fogo,,,fp,
qwen3_14b,participants,lusa_81,ext_exp_temp0.3_nodelim_norole_nocot,Tribunal Judicial de Paredes,,,fp,
qwen3_14b,participants,lusa_81,ext_exp_temp0.3_nodelim_norole_nocot,GNR,,,fp,
qwen3_14b,participants,lusa_81,ext_exp_temp0.3_nodelim_norole_nocot,bastão extensível,,,fp,
qwen3_14b,participants,lusa_81,ext_exp_temp0.3_nodelim_norole_nocot,duas buscas domiciliárias e uma não domiciliária,,,fp,
qwen3_14b,participants,lusa_81,ext_exp_temp0.3_nodelim_norole_nocot,Homem,,,fp,
qwen3_14b,participants,lusa_81,ext_exp_temp0.3_nodelim_norole_nocot,apreensão de uma réplica de arma de fogo e de um bastão extensível,,,fp,
qwen3_14b,participants,lusa_81,ext_exp_temp0.3_nodelim_norole_nocot,comunicado,,Obj,fn,
qwen3_14b,participants,lusa_81,ext_exp_temp0.3_nodelim_norole_nocot,sua,,Per,fn,
qwen3_14b,participants,lusa_81,ext_exp_temp0.3_nodelim_norole_nocot,o documento,,Obj,fn,
qwen3_14b,participants,lusa_81,ext_exp_temp0.3_nodelim_norole_nocot,Núcleo de Investigação Criminal (NIC) de Penafiel,,Org,fn,
qwen3_14b,participants,lusa_81,ext_exp_temp0.3_nodelim_norole_nocot,um bastão extensível,,Obj,fn,
qwen3_14b,participants,lusa_81,ext_exp_temp0.3_nodelim_norole_nocot,o Tribunal Judicial de Paredes,,Org,fn,
qwen3_14b,participants,lusa_81,ext_exp_temp0.3_nodelim_norole_nocot,arma proibida,,Obj,fn,
qwen3_14b,participants,lusa_81,ext_exp_temp0.3_nodelim_norole_nocot,uma réplica de arma de fogo,,Obj,fn,
qwen3_14b,participants,lusa_82,ext_exp_temp0.3_nodelim_norole_nocot,Polícia Marítima,,Org,tp,
qwen3_14b,participants,lusa_82,ext_exp_temp0.3_nodelim_norole_nocot,os Sapadores de Vila Nova de Gaia,,Org,tp,
qwen3_14b,participants,lusa_82,ext_exp_temp0.3_nodelim_norole_nocot,populares,,Per,tp,
qwen3_14b,participants,lusa_82,ext_exp_temp0.3_nodelim_norole_nocot,Rui Santos Amaral,,Per,tp,
qwen3_14b,participants,lusa_82,ext_exp_temp0.3_nodelim_norole_nocot,um homem,,Per,tp,
qwen3_14b,participants,lusa_82,ext_exp_temp0.3_nodelim_norole_nocot,Vila Nova de Gaia,,Loc,tp,
qwen3_14b,participants,lusa_82,ext_exp_temp0.3_nodelim_norole_nocot,a autoridade marítima,,Org,tp,
qwen3_14b,participants,lusa_82,ext_exp_temp0.3_nodelim_norole_nocot,o cadáver,,Other,tp,
qwen3_14b,participants,lusa_82,ext_exp_temp0.3_nodelim_norole_nocot,os Bombeiros de Coimbrões,,Org,tp,
qwen3_14b,participants,lusa_82,ext_exp_temp0.3_nodelim_norole_nocot,o comandante da capitania do Porto,,,fp,
qwen3_14b,participants,lusa_82,ext_exp_temp0.3_nodelim_norole_nocot,Cadáver de homem,,,fp,
qwen3_14b,participants,lusa_82,ext_exp_temp0.3_nodelim_norole_nocot,à Lusa,,,fp,
qwen3_14b,participants,lusa_82,ext_exp_temp0.3_nodelim_norole_nocot,Policia Marítima,,,fp,
qwen3_14b,participants,lusa_82,ext_exp_temp0.3_nodelim_norole_nocot,cais flutuante de Santa Marinha,,,fp,
qwen3_14b,participants,lusa_82,ext_exp_temp0.3_nodelim_norole_nocot,corpo de um homem,,,fp,
qwen3_14b,participants,lusa_82,ext_exp_temp0.3_nodelim_norole_nocot,a Polícia Judiciária,,,fp,
qwen3_14b,participants,lusa_82,ext_exp_temp0.3_nodelim_norole_nocot,rio Douro,,,fp,
qwen3_14b,participants,lusa_82,ext_exp_temp0.3_nodelim_norole_nocot,um homem com cerca de 60 anos,,Per,fn,
qwen3_14b,participants,lusa_82,ext_exp_temp0.3_nodelim_norole_nocot,A Polícia Marítima,,Org,fn,
qwen3_14b,participants,lusa_82,ext_exp_temp0.3_nodelim_norole_nocot,o rio Douro,,Nat,fn,
qwen3_14b,participants,lusa_82,ext_exp_temp0.3_nodelim_norole_nocot,o “corpo,,Other,fn,
qwen3_14b,participants,lusa_82,ext_exp_temp0.3_nodelim_norole_nocot,a água,,Nat,fn,
qwen3_14b,participants,lusa_82,ext_exp_temp0.3_nodelim_norole_nocot,Lusa,,Org,fn,
qwen3_14b,participants,lusa_82,ext_exp_temp0.3_nodelim_norole_nocot,que,,Per,fn,
qwen3_14b,participants,lusa_82,ext_exp_temp0.3_nodelim_norole_nocot,Polícia Judiciária,,Org,fn,
qwen3_14b,participants,lusa_82,ext_exp_temp0.3_nodelim_norole_nocot,capitania do Porto,,Org,fn,
qwen3_14b,participants,lusa_82,ext_exp_temp0.3_nodelim_norole_nocot,o local,,Loc,fn,
qwen3_14b,participants,lusa_82,ext_exp_temp0.3_nodelim_norole_nocot,O cadáver,,Other,fn,
qwen3_14b,participants,lusa_82,ext_exp_temp0.3_nodelim_norole_nocot,o cais flutuante de Santa Marinha,,Loc,fn,
qwen3_14b,participants,lusa_82,ext_exp_temp0.3_nodelim_norole_nocot,o comandante,,Per,fn,
qwen3_14b,participants,lusa_84,ext_exp_temp0.3_nodelim_norole_nocot,as primeiras informações,,Other,tp,
qwen3_14b,participants,lusa_84,ext_exp_temp0.3_nodelim_norole_nocot,a árvore,,Nat,tp,
qwen3_14b,participants,lusa_84,ext_exp_temp0.3_nodelim_norole_nocot,fonte,,Per,tp,
qwen3_14b,participants,lusa_84,ext_exp_temp0.3_nodelim_norole_nocot,uma viatura médica de emergência e reanimação,,Obj,tp,
qwen3_14b,participants,lusa_84,ext_exp_temp0.3_nodelim_norole_nocot,os Bombeiros Voluntários de Barcelinhos,,Org,tp,
qwen3_14b,participants,lusa_84,ext_exp_temp0.3_nodelim_norole_nocot,o homem,,Per,tp,
qwen3_14b,participants,lusa_84,ext_exp_temp0.3_nodelim_norole_nocot,Milhazes,,Loc,tp,
qwen3_14b,participants,lusa_84,ext_exp_temp0.3_nodelim_norole_nocot,pela mesma,,,fp,
qwen3_14b,participants,lusa_84,ext_exp_temp0.3_nodelim_norole_nocot,Um homem,,,fp,
qwen3_14b,participants,lusa_84,ext_exp_temp0.3_nodelim_norole_nocot,árvore de grande porte,,,fp,
qwen3_14b,participants,lusa_84,ext_exp_temp0.3_nodelim_norole_nocot,Barcelos,,,fp,
qwen3_14b,participants,lusa_84,ext_exp_temp0.3_nodelim_norole_nocot,uma árvore,,,fp,
qwen3_14b,participants,lusa_84,ext_exp_temp0.3_nodelim_norole_nocot,Homem,,,fp,
qwen3_14b,participants,lusa_84,ext_exp_temp0.3_nodelim_norole_nocot,Comando Distrital de Operações de Socorro de Braga,,,fp,
qwen3_14b,participants,lusa_84,ext_exp_temp0.3_nodelim_norole_nocot,a mesma,,Nat,fn,
qwen3_14b,participants,lusa_84,ext_exp_temp0.3_nodelim_norole_nocot,Um homem com cerca de 50 anos,,Per,fn,
qwen3_14b,participants,lusa_84,ext_exp_temp0.3_nodelim_norole_nocot,o concelho de Barcelos,,Loc,fn,
qwen3_14b,participants,lusa_84,ext_exp_temp0.3_nodelim_norole_nocot,o Comando Distrital de Operações de Socorro de Braga,,Org,fn,
qwen3_14b,participants,lusa_84,ext_exp_temp0.3_nodelim_norole_nocot,uma árvore de grande porte,,Nat,fn,
qwen3_14b,participants,lusa_84,ext_exp_temp0.3_nodelim_norole_nocot,a fonte,,Per,fn,
qwen3_14b,participants,lusa_84,ext_exp_temp0.3_nodelim_norole_nocot,o local,,Loc,fn,
qwen3_14b,participants,lusa_84,ext_exp_temp0.3_nodelim_norole_nocot,primeiras informações,,Other,fn,
qwen3_14b,participants,lusa_84,ext_exp_temp0.3_nodelim_norole_nocot,A GNR,,Org,fn,
qwen3_14b,participants,lusa_85,ext_exp_temp0.3_nodelim_norole_nocot,o automóvel,,Obj,tp,
qwen3_14b,participants,lusa_85,ext_exp_temp0.3_nodelim_norole_nocot,Um homem de 61 anos,,Per,tp,
qwen3_14b,participants,lusa_85,ext_exp_temp0.3_nodelim_norole_nocot,bombeiros,,Per,tp,
qwen3_14b,participants,lusa_85,ext_exp_temp0.3_nodelim_norole_nocot,distrito de Portalegre,,Loc,tp,
qwen3_14b,participants,lusa_85,ext_exp_temp0.3_nodelim_norole_nocot,a GNR,,Org,tp,
qwen3_14b,participants,lusa_85,ext_exp_temp0.3_nodelim_norole_nocot,agência Lusa,,Org,tp,
qwen3_14b,participants,lusa_85,ext_exp_temp0.3_nodelim_norole_nocot,fontes,,Per,tp,
qwen3_14b,participants,lusa_85,ext_exp_temp0.3_nodelim_norole_nocot,a VMER,,Obj,tp,
qwen3_14b,participants,lusa_85,ext_exp_temp0.3_nodelim_norole_nocot,fonte,,Per,tp,
qwen3_14b,participants,lusa_85,ext_exp_temp0.3_nodelim_norole_nocot,As mesmas fontes,,Per,tp,
qwen3_14b,participants,lusa_85,ext_exp_temp0.3_nodelim_norole_nocot,médico,,,fp,
qwen3_14b,participants,lusa_85,ext_exp_temp0.3_nodelim_norole_nocot,GNR,,,fp,
qwen3_14b,participants,lusa_85,ext_exp_temp0.3_nodelim_norole_nocot,zona da Bica,,,fp,
qwen3_14b,participants,lusa_85,ext_exp_temp0.3_nodelim_norole_nocot,VMER,,,fp,
qwen3_14b,participants,lusa_85,ext_exp_temp0.3_nodelim_norole_nocot,Estrada Municipal 524,,,fp,
qwen3_14b,participants,lusa_85,ext_exp_temp0.3_nodelim_norole_nocot,veículo ligeiro de passageiros,,,fp,
qwen3_14b,participants,lusa_85,ext_exp_temp0.3_nodelim_norole_nocot,viatura médica de emergência e reanimação (VMER),,,fp,
qwen3_14b,participants,lusa_85,ext_exp_temp0.3_nodelim_norole_nocot,Comando Distrital de Operações de Socorro (CDOS) de Portalegre,,,fp,
qwen3_14b,participants,lusa_85,ext_exp_temp0.3_nodelim_norole_nocot,corporação de Marvão,,,fp,
qwen3_14b,participants,lusa_85,ext_exp_temp0.3_nodelim_norole_nocot,Proteção Civil,,,fp,
qwen3_14b,participants,lusa_85,ext_exp_temp0.3_nodelim_norole_nocot,no concelho de Marvão,,,fp,
qwen3_14b,participants,lusa_85,ext_exp_temp0.3_nodelim_norole_nocot,fontes da GNR,,,fp,
qwen3_14b,participants,lusa_85,ext_exp_temp0.3_nodelim_norole_nocot,hospital de Portalegre,,,fp,
qwen3_14b,participants,lusa_85,ext_exp_temp0.3_nodelim_norole_nocot,Marvão,,,fp,
qwen3_14b,participants,lusa_85,ext_exp_temp0.3_nodelim_norole_nocot,homem,,,fp,
qwen3_14b,participants,lusa_85,ext_exp_temp0.3_nodelim_norole_nocot,Homem de 61 anos,,,fp,
qwen3_14b,participants,lusa_85,ext_exp_temp0.3_nodelim_norole_nocot,automóvel,,,fp,
qwen3_14b,participants,lusa_85,ext_exp_temp0.3_nodelim_norole_nocot,freguesia de Beirã,,,fp,
qwen3_14b,participants,lusa_85,ext_exp_temp0.3_nodelim_norole_nocot,fontes da Proteção Civil,,,fp,
qwen3_14b,participants,lusa_85,ext_exp_temp0.3_nodelim_norole_nocot,veículos da corporação de Marvão,,,fp,
qwen3_14b,participants,lusa_85,ext_exp_temp0.3_nodelim_norole_nocot,o corpo do homem,,,fp,
qwen3_14b,participants,lusa_85,ext_exp_temp0.3_nodelim_norole_nocot,serviço de Medicina Legal,,,fp,
qwen3_14b,participants,lusa_85,ext_exp_temp0.3_nodelim_norole_nocot,a Proteção Civil,,Org,fn,
qwen3_14b,participants,lusa_85,ext_exp_temp0.3_nodelim_norole_nocot,o serviço de Medicina Legal,,Org,fn,
qwen3_14b,participants,lusa_85,ext_exp_temp0.3_nodelim_norole_nocot,a zona da Bica,,Loc,fn,
qwen3_14b,participants,lusa_85,ext_exp_temp0.3_nodelim_norole_nocot,o local,,Loc,fn,
qwen3_14b,participants,lusa_85,ext_exp_temp0.3_nodelim_norole_nocot,CDOS,,Org,fn,
qwen3_14b,participants,lusa_85,ext_exp_temp0.3_nodelim_norole_nocot,o hospital de Portalegre,,Org,fn,
qwen3_14b,participants,lusa_85,ext_exp_temp0.3_nodelim_norole_nocot,o Comando Distrital de Operações de Socorro (CDOS) de Portalegre,,Org,fn,
qwen3_14b,participants,lusa_85,ext_exp_temp0.3_nodelim_norole_nocot,a viatura médica de emergência e reanimação (VMER),,Obj,fn,
qwen3_14b,participants,lusa_85,ext_exp_temp0.3_nodelim_norole_nocot,quatro viaturas,,Obj,fn,
qwen3_14b,participants,lusa_85,ext_exp_temp0.3_nodelim_norole_nocot,o corpo,,Other,fn,
qwen3_14b,participants,lusa_85,ext_exp_temp0.3_nodelim_norole_nocot,o veículo ligeiro de passageiros,,Obj,fn,
qwen3_14b,participants,lusa_85,ext_exp_temp0.3_nodelim_norole_nocot,que,,Obj,fn,
qwen3_14b,participants,lusa_85,ext_exp_temp0.3_nodelim_norole_nocot,o médico,,Per,fn,
qwen3_14b,participants,lusa_85,ext_exp_temp0.3_nodelim_norole_nocot,o concelho de Marvão,,Loc,fn,
qwen3_14b,participants,lusa_85,ext_exp_temp0.3_nodelim_norole_nocot,o homem,,Per,fn,
qwen3_14b,participants,lusa_85,ext_exp_temp0.3_nodelim_norole_nocot,veículos,,Obj,fn,
qwen3_14b,participants,lusa_85,ext_exp_temp0.3_nodelim_norole_nocot,a freguesia de Beirã,,Loc,fn,
qwen3_14b,participants,lusa_85,ext_exp_temp0.3_nodelim_norole_nocot,a corporação de Marvão,,Org,fn,
qwen3_14b,participants,lusa_85,ext_exp_temp0.3_nodelim_norole_nocot,um total de oito elementos,,Per,fn,
qwen3_14b,participants,lusa_85,ext_exp_temp0.3_nodelim_norole_nocot,a Estrada Municipal 524,,Loc,fn,
qwen3_14b,participants,lusa_87,ext_exp_temp0.3_nodelim_norole_nocot,O autarca,,Per,tp,
qwen3_14b,participants,lusa_87,ext_exp_temp0.3_nodelim_norole_nocot,Os Bombeiros de Câmara de Lobos,,Org,tp,
qwen3_14b,participants,lusa_87,ext_exp_temp0.3_nodelim_norole_nocot,agência Lusa,,Org,tp,
qwen3_14b,participants,lusa_87,ext_exp_temp0.3_nodelim_norole_nocot,a habitação,,Other,tp,
qwen3_14b,participants,lusa_87,ext_exp_temp0.3_nodelim_norole_nocot,Câmara de Lobos,,Loc,tp,
qwen3_14b,participants,lusa_87,ext_exp_temp0.3_nodelim_norole_nocot,o incêndio,,,fp,
qwen3_14b,participants,lusa_87,ext_exp_temp0.3_nodelim_norole_nocot,o fogo,,,fp,
qwen3_14b,participants,lusa_87,ext_exp_temp0.3_nodelim_norole_nocot,fogo posto,,,fp,
qwen3_14b,participants,lusa_87,ext_exp_temp0.3_nodelim_norole_nocot,o vereador da autarquia de Câmara de Lobos Leonel Correia da Silva,,,fp,
qwen3_14b,participants,lusa_87,ext_exp_temp0.3_nodelim_norole_nocot,autarquia de Câmara de Lobos,,,fp,
qwen3_14b,participants,lusa_87,ext_exp_temp0.3_nodelim_norole_nocot,casa desabitada,,,fp,
qwen3_14b,participants,lusa_87,ext_exp_temp0.3_nodelim_norole_nocot,os danos,,,fp,
qwen3_14b,participants,lusa_87,ext_exp_temp0.3_nodelim_norole_nocot,incêndio,,,fp,
qwen3_14b,participants,lusa_87,ext_exp_temp0.3_nodelim_norole_nocot,o concelho de Câmara de Lobos,,Loc,fn,
qwen3_14b,participants,lusa_87,ext_exp_temp0.3_nodelim_norole_nocot,o vereador,,Per,fn,
qwen3_14b,participants,lusa_87,ext_exp_temp0.3_nodelim_norole_nocot,que,,Other,fn,
qwen3_14b,participants,lusa_87,ext_exp_temp0.3_nodelim_norole_nocot,uma casa,,Other,fn,
qwen3_14b,participants,lusa_87,ext_exp_temp0.3_nodelim_norole_nocot,a autarquia,,Org,fn,
qwen3_14b,participants,lusa_87,ext_exp_temp0.3_nodelim_norole_nocot,fonte,,Per,fn,
qwen3_14b,participants,lusa_87,ext_exp_temp0.3_nodelim_norole_nocot,casa,,Other,fn,
qwen3_14b,participants,lusa_87,ext_exp_temp0.3_nodelim_norole_nocot,a freguesia Jardim da Serra,,Loc,fn,
qwen3_14b,participants,lusa_87,ext_exp_temp0.3_nodelim_norole_nocot,Leonel Correia da Silva,,Per,fn,
qwen3_14b,participants,lusa_87,ext_exp_temp0.3_nodelim_norole_nocot,a autarquia de Câmara de Lobos,,Org,fn,
qwen3_14b,participants,lusa_88,ext_exp_temp0.3_nodelim_norole_nocot,A Polícia da República de Moçambique (PRM),,Org,tp,
qwen3_14b,participants,lusa_88,ext_exp_temp0.3_nodelim_norole_nocot,Leonel Muchine,,Per,tp,
qwen3_14b,participants,lusa_88,ext_exp_temp0.3_nodelim_norole_nocot,um homem,,Per,tp,
qwen3_14b,participants,lusa_88,ext_exp_temp0.3_nodelim_norole_nocot,a polícia,,,fp,
qwen3_14b,participants,lusa_88,ext_exp_temp0.3_nodelim_norole_nocot,o porta-voz da corporação,,,fp,
qwen3_14b,participants,lusa_88,ext_exp_temp0.3_nodelim_norole_nocot,as fronteiras,,,fp,
qwen3_14b,participants,lusa_88,ext_exp_temp0.3_nodelim_norole_nocot,Maputo,,,fp,
qwen3_14b,participants,lusa_88,ext_exp_temp0.3_nodelim_norole_nocot,quem chega com teste negativo ao país,,,fp,
qwen3_14b,participants,lusa_88,ext_exp_temp0.3_nodelim_norole_nocot,porta-voz da polícia moçambicana,,,fp,
qwen3_14b,participants,lusa_88,ext_exp_temp0.3_nodelim_norole_nocot,o país,,,fp,
qwen3_14b,participants,lusa_88,ext_exp_temp0.3_nodelim_norole_nocot,O indiciado,,,fp,
qwen3_14b,participants,lusa_88,ext_exp_temp0.3_nodelim_norole_nocot,homem,,,fp,
qwen3_14b,participants,lusa_88,ext_exp_temp0.3_nodelim_norole_nocot,o chefe de Estado,,,fp,
qwen3_14b,participants,lusa_88,ext_exp_temp0.3_nodelim_norole_nocot,a necessidade de quarentena,,,fp,
qwen3_14b,participants,lusa_88,ext_exp_temp0.3_nodelim_norole_nocot,O teste negativo de covid-19,,,fp,
qwen3_14b,participants,lusa_88,ext_exp_temp0.3_nodelim_norole_nocot,as autoridades,,,fp,
qwen3_14b,participants,lusa_88,ext_exp_temp0.3_nodelim_norole_nocot,polícia moçambicana,,,fp,
qwen3_14b,participants,lusa_88,ext_exp_temp0.3_nodelim_norole_nocot,Polícia moçambicana,,,fp,
qwen3_14b,participants,lusa_88,ext_exp_temp0.3_nodelim_norole_nocot,Filipe Nyusi,,,fp,
qwen3_14b,participants,lusa_88,ext_exp_temp0.3_nodelim_norole_nocot,quem quer sair ou entrar no país,,,fp,
qwen3_14b,participants,lusa_88,ext_exp_temp0.3_nodelim_norole_nocot,o porta-voz da polícia,,,fp,
qwen3_14b,participants,lusa_88,ext_exp_temp0.3_nodelim_norole_nocot,outro indivíduo,,,fp,
qwen3_14b,participants,lusa_88,ext_exp_temp0.3_nodelim_norole_nocot,a emissão de vistos de turismo,,,fp,
qwen3_14b,participants,lusa_88,ext_exp_temp0.3_nodelim_norole_nocot,testes de covid-19,,,fp,
qwen3_14b,participants,lusa_88,ext_exp_temp0.3_nodelim_norole_nocot,nós,,Per,fn,
qwen3_14b,participants,lusa_88,ext_exp_temp0.3_nodelim_norole_nocot,pessoas,,Per,fn,
qwen3_14b,participants,lusa_88,ext_exp_temp0.3_nodelim_norole_nocot,porta-voz,,Per,fn,
qwen3_14b,participants,lusa_88,ext_exp_temp0.3_nodelim_norole_nocot,a corporação,,Org,fn,
qwen3_14b,participants,lusa_88,ext_exp_temp0.3_nodelim_norole_nocot,a cidade de Maputo,,Loc,fn,
qwen3_14b,participants,lusa_88,ext_exp_temp0.3_nodelim_norole_nocot,a polícia moçambicana,,Org,fn,
qwen3_14b,participants,lusa_88,ext_exp_temp0.3_nodelim_norole_nocot,este indivíduo,,Per,fn,
qwen3_14b,participants,lusa_88,ext_exp_temp0.3_nodelim_norole_nocot,o porta-voz,,Per,fn,
qwen3_14b,participants,lusa_89,ext_exp_temp0.3_nodelim_norole_nocot,a polícia,,Org,tp,
qwen3_14b,participants,lusa_89,ext_exp_temp0.3_nodelim_norole_nocot,Um homem,,Per,tp,
qwen3_14b,participants,lusa_89,ext_exp_temp0.3_nodelim_norole_nocot,a coxa,,Other,tp,
qwen3_14b,participants,lusa_89,ext_exp_temp0.3_nodelim_norole_nocot,A polícia,,Org,tp,
qwen3_14b,participants,lusa_89,ext_exp_temp0.3_nodelim_norole_nocot,o tubarão,,Nat,tp,
qwen3_14b,participants,lusa_89,ext_exp_temp0.3_nodelim_norole_nocot,a mão,,Other,tp,
qwen3_14b,participants,lusa_89,ext_exp_temp0.3_nodelim_norole_nocot,A vítima,,Per,tp,
qwen3_14b,participants,lusa_89,ext_exp_temp0.3_nodelim_norole_nocot,os paramédicos,,Per,tp,
qwen3_14b,participants,lusa_89,ext_exp_temp0.3_nodelim_norole_nocot,tubarão,,Nat,tp,
qwen3_14b,participants,lusa_89,ext_exp_temp0.3_nodelim_norole_nocot,uma praia,,Loc,tp,
qwen3_14b,participants,lusa_89,ext_exp_temp0.3_nodelim_norole_nocot,as agências internacionais,,Org,tp,
qwen3_14b,participants,lusa_89,ext_exp_temp0.3_nodelim_norole_nocot,o local,,Loc,tp,
qwen3_14b,participants,lusa_89,ext_exp_temp0.3_nodelim_norole_nocot,a água,,Nat,tp,
qwen3_14b,participants,lusa_89,ext_exp_temp0.3_nodelim_norole_nocot,a praia,,Loc,tp,
qwen3_14b,participants,lusa_89,ext_exp_temp0.3_nodelim_norole_nocot,um tubarão,,Nat,tp,
qwen3_14b,participants,lusa_89,ext_exp_temp0.3_nodelim_norole_nocot,o país,,Loc,tp,
qwen3_14b,participants,lusa_89,ext_exp_temp0.3_nodelim_norole_nocot,a praia de Cable,,,fp,
qwen3_14b,participants,lusa_89,ext_exp_temp0.3_nodelim_norole_nocot,O homem,,,fp,
qwen3_14b,participants,lusa_89,ext_exp_temp0.3_nodelim_norole_nocot,a costa ocidental da Austrália,,,fp,
qwen3_14b,participants,lusa_89,ext_exp_temp0.3_nodelim_norole_nocot,a oitava morte do género,,,fp,
qwen3_14b,participants,lusa_89,ext_exp_temp0.3_nodelim_norole_nocot,noroeste da Austrália,,,fp,
qwen3_14b,participants,lusa_89,ext_exp_temp0.3_nodelim_norole_nocot,oceano Índico,,,fp,
qwen3_14b,participants,lusa_89,ext_exp_temp0.3_nodelim_norole_nocot,Austrália,,,fp,
qwen3_14b,participants,lusa_89,ext_exp_temp0.3_nodelim_norole_nocot,praia,,,fp,
qwen3_14b,participants,lusa_89,ext_exp_temp0.3_nodelim_norole_nocot,Homem,,,fp,
qwen3_14b,participants,lusa_89,ext_exp_temp0.3_nodelim_norole_nocot,a agência científica governamental CSIRO,,Org,fn,
qwen3_14b,participants,lusa_89,ext_exp_temp0.3_nodelim_norole_nocot,lhe,,Per,fn,
qwen3_14b,participants,lusa_89,ext_exp_temp0.3_nodelim_norole_nocot,o oceano Índico,,Nat,fn,
qwen3_14b,participants,lusa_89,ext_exp_temp0.3_nodelim_norole_nocot,tubarões,,Nat,fn,
qwen3_14b,participants,lusa_89,ext_exp_temp0.3_nodelim_norole_nocot,a costa ocidental,,Loc,fn,
qwen3_14b,participants,lusa_89,ext_exp_temp0.3_nodelim_norole_nocot,a turística praia de Cable,,Loc,fn,
qwen3_14b,participants,lusa_89,ext_exp_temp0.3_nodelim_norole_nocot,"O homem, de 55 anos",,Per,fn,
qwen3_14b,participants,lusa_89,ext_exp_temp0.3_nodelim_norole_nocot,nove pessoas,,Per,fn,
qwen3_14b,participants,lusa_89,ext_exp_temp0.3_nodelim_norole_nocot,se,,Nat,fn,
qwen3_14b,participants,lusa_89,ext_exp_temp0.3_nodelim_norole_nocot,O número,,Other,fn,
qwen3_14b,participants,lusa_89,ext_exp_temp0.3_nodelim_norole_nocot,o,,Per,fn,
qwen3_14b,participants,lusa_89,ext_exp_temp0.3_nodelim_norole_nocot,27,,Other,fn,
qwen3_14b,participants,lusa_89,ext_exp_temp0.3_nodelim_norole_nocot,o noroeste da Austrália,,Loc,fn,
qwen3_14b,participants,lusa_89,ext_exp_temp0.3_nodelim_norole_nocot,seus,,Loc,fn,
qwen3_14b,participants,lusa_89,ext_exp_temp0.3_nodelim_norole_nocot,oito,,Other,fn,
qwen3_14b,participants,lusa_89,ext_exp_temp0.3_nodelim_norole_nocot,estudos,,Obj,fn,
qwen3_14b,participants,lusa_89,ext_exp_temp0.3_nodelim_norole_nocot,ninguém,,Per,fn,
qwen3_14b,participants,lusa_89,ext_exp_temp0.3_nodelim_norole_nocot,que,,Nat,fn,
qwen3_14b,participants,lusa_89,ext_exp_temp0.3_nodelim_norole_nocot,a Austrália,,Loc,fn,
qwen3_14b,participants,lusa_89,ext_exp_temp0.3_nodelim_norole_nocot,22 quilómetros de areia branca,,Nat,fn,
qwen3_14b,participants,lusa_89,ext_exp_temp0.3_nodelim_norole_nocot,2.210 exemplares adultos de tubarões brancos,,Nat,fn,
qwen3_14b,participants,lusa_89,ext_exp_temp0.3_nodelim_norole_nocot,a zona,,Loc,fn,
qwen3_14b,participants,lusa_9,ext_exp_temp0.3_nodelim_norole_nocot,o suspeito,,Per,tp,
qwen3_14b,participants,lusa_9,ext_exp_temp0.3_nodelim_norole_nocot,a GNR,,Org,tp,
qwen3_14b,participants,lusa_9,ext_exp_temp0.3_nodelim_norole_nocot,Vila do Conde,,Pl_civil,tp,
qwen3_14b,participants,lusa_9,ext_exp_temp0.3_nodelim_norole_nocot,A Guarda,,Org,tp,
qwen3_14b,participants,lusa_9,ext_exp_temp0.3_nodelim_norole_nocot,Um homem de 38 anos,,Per,tp,
qwen3_14b,participants,lusa_9,ext_exp_temp0.3_nodelim_norole_nocot,aquela força policial,,Org,tp,
qwen3_14b,participants,lusa_9,ext_exp_temp0.3_nodelim_norole_nocot,o homem,,Per,tp,
qwen3_14b,participants,lusa_9,ext_exp_temp0.3_nodelim_norole_nocot,O detido,,Per,tp,
qwen3_14b,participants,lusa_9,ext_exp_temp0.3_nodelim_norole_nocot,mandado de condução a estabelecimento prisional,,,fp,
qwen3_14b,participants,lusa_9,ext_exp_temp0.3_nodelim_norole_nocot,condenado a prisão,,,fp,
qwen3_14b,participants,lusa_9,ext_exp_temp0.3_nodelim_norole_nocot,nota de imprensa,,,fp,
qwen3_14b,participants,lusa_9,ext_exp_temp0.3_nodelim_norole_nocot,GNR,,,fp,
qwen3_14b,participants,lusa_9,ext_exp_temp0.3_nodelim_norole_nocot,Estabelecimento Prisional do Porto,,,fp,
qwen3_14b,participants,lusa_9,ext_exp_temp0.3_nodelim_norole_nocot,Tribunal Judicial de Vila do Conde,,,fp,
qwen3_14b,participants,lusa_9,ext_exp_temp0.3_nodelim_norole_nocot,homem,,,fp,
qwen3_14b,participants,lusa_9,ext_exp_temp0.3_nodelim_norole_nocot,o Tribunal Judicial de Vila do Conde,,Org,fn,
qwen3_14b,participants,lusa_9,ext_exp_temp0.3_nodelim_norole_nocot,estabelecimento prisional,,Fac,fn,
qwen3_14b,participants,lusa_9,ext_exp_temp0.3_nodelim_norole_nocot,os factos,,Other,fn,
qwen3_14b,participants,lusa_9,ext_exp_temp0.3_nodelim_norole_nocot,o veículo,,Veh,fn,
qwen3_14b,participants,lusa_9,ext_exp_temp0.3_nodelim_norole_nocot,o Tribunal Judicial,,Org,fn,
qwen3_14b,participants,lusa_9,ext_exp_temp0.3_nodelim_norole_nocot,comunicado,,Obj,fn,
qwen3_14b,participants,lusa_9,ext_exp_temp0.3_nodelim_norole_nocot,o Estabelecimento Prisional do Porto,,Fac,fn,
qwen3_14b,participants,lusa_9,ext_exp_temp0.3_nodelim_norole_nocot,a nota de imprensa,,Obj,fn,
qwen3_14b,participants,lusa_9,ext_exp_temp0.3_nodelim_norole_nocot,uma pena,,Other,fn,
qwen3_14b,participants,lusa_9,ext_exp_temp0.3_nodelim_norole_nocot,o Porto,,Pl_civil,fn,
qwen3_14b,participants,lusa_9,ext_exp_temp0.3_nodelim_norole_nocot,estupefacientes,,Obj,fn,
qwen3_14b,participants,lusa_9,ext_exp_temp0.3_nodelim_norole_nocot,nove doses de cocaína,,Other,fn,
qwen3_14b,participants,lusa_9,ext_exp_temp0.3_nodelim_norole_nocot,12 doses de heroína,,Other,fn,
qwen3_14b,participants,lusa_9,ext_exp_temp0.3_nodelim_norole_nocot,o Estabelecimento Prisional,,Fac,fn,
qwen3_14b,participants,lusa_90,ext_exp_temp0.3_nodelim_norole_nocot,Um homem,,Per,tp,
qwen3_14b,participants,lusa_90,ext_exp_temp0.3_nodelim_norole_nocot,Penafiel,,Loc,tp,
qwen3_14b,participants,lusa_90,ext_exp_temp0.3_nodelim_norole_nocot,o arguido,,Per,tp,
qwen3_14b,participants,lusa_90,ext_exp_temp0.3_nodelim_norole_nocot,outros familiares,,Per,tp,
qwen3_14b,participants,lusa_90,ext_exp_temp0.3_nodelim_norole_nocot,a GNR,,Org,tp,
qwen3_14b,participants,lusa_90,ext_exp_temp0.3_nodelim_norole_nocot,O Tribunal de Instrução Criminal,,Org,tp,
qwen3_14b,participants,lusa_90,ext_exp_temp0.3_nodelim_norole_nocot,a residência,,Loc,tp,
qwen3_14b,participants,lusa_90,ext_exp_temp0.3_nodelim_norole_nocot,a vítima,,Per,tp,
qwen3_14b,participants,lusa_90,ext_exp_temp0.3_nodelim_norole_nocot,aquela força policial,,Org,tp,
qwen3_14b,participants,lusa_90,ext_exp_temp0.3_nodelim_norole_nocot,a filha,,Per,tp,
qwen3_14b,participants,lusa_90,ext_exp_temp0.3_nodelim_norole_nocot,pulseira eletrónica,,Obj,tp,
qwen3_14b,participants,lusa_90,ext_exp_temp0.3_nodelim_norole_nocot,o comunicado,,Obj,tp,
qwen3_14b,participants,lusa_90,ext_exp_temp0.3_nodelim_norole_nocot,Amarante,,Loc,tp,
qwen3_14b,participants,lusa_90,ext_exp_temp0.3_nodelim_norole_nocot,Tribunal de Instrução Criminal,,,fp,
qwen3_14b,participants,lusa_90,ext_exp_temp0.3_nodelim_norole_nocot,o homem,,,fp,
qwen3_14b,participants,lusa_90,ext_exp_temp0.3_nodelim_norole_nocot,Homem de Amarante,,,fp,
qwen3_14b,participants,lusa_90,ext_exp_temp0.3_nodelim_norole_nocot,GNR,,,fp,
qwen3_14b,participants,lusa_90,ext_exp_temp0.3_nodelim_norole_nocot,vítima refugiada,,,fp,
qwen3_14b,participants,lusa_90,ext_exp_temp0.3_nodelim_norole_nocot,força policial,,,fp,
qwen3_14b,participants,lusa_90,ext_exp_temp0.3_nodelim_norole_nocot,a filha menor de ambos,,,fp,
qwen3_14b,participants,lusa_90,ext_exp_temp0.3_nodelim_norole_nocot,a sua mulher,,,fp,
qwen3_14b,participants,lusa_90,ext_exp_temp0.3_nodelim_norole_nocot,casa de familiares,,,fp,
qwen3_14b,participants,lusa_90,ext_exp_temp0.3_nodelim_norole_nocot,filha comum,,,fp,
qwen3_14b,participants,lusa_90,ext_exp_temp0.3_nodelim_norole_nocot,vítima,,,fp,
qwen3_14b,participants,lusa_90,ext_exp_temp0.3_nodelim_norole_nocot,sua mulher de 46 anos,,,fp,
qwen3_14b,participants,lusa_90,ext_exp_temp0.3_nodelim_norole_nocot,familiares,,Per,fn,
qwen3_14b,participants,lusa_90,ext_exp_temp0.3_nodelim_norole_nocot,mulher,,Per,fn,
qwen3_14b,participants,lusa_90,ext_exp_temp0.3_nodelim_norole_nocot,casa,,Loc,fn,
qwen3_14b,participants,lusa_90,ext_exp_temp0.3_nodelim_norole_nocot,mulher de 46 anos,,Per,fn,
qwen3_14b,participants,lusa_90,ext_exp_temp0.3_nodelim_norole_nocot,as medidas,,Other,fn,
qwen3_14b,participants,lusa_90,ext_exp_temp0.3_nodelim_norole_nocot,se,,Per,fn,
qwen3_14b,participants,lusa_90,ext_exp_temp0.3_nodelim_norole_nocot,ambos,,Per,fn,
qwen3_14b,participants,lusa_90,ext_exp_temp0.3_nodelim_norole_nocot,qualquer forma ou meio,,Other,fn,
qwen3_14b,participants,lusa_90,ext_exp_temp0.3_nodelim_norole_nocot,sua,,Per,fn,
qwen3_14b,participants,lusa_90,ext_exp_temp0.3_nodelim_norole_nocot,o,,Per,fn,
qwen3_14b,participants,lusa_90,ext_exp_temp0.3_nodelim_norole_nocot,"o homem, de 47 anos",,Per,fn,
qwen3_14b,participants,lusa_90,ext_exp_temp0.3_nodelim_norole_nocot,um raio de 500 metros,,Other,fn,
qwen3_14b,participants,lusa_90,ext_exp_temp0.3_nodelim_norole_nocot,seus,,Per,fn,
qwen3_14b,participants,lusa_90,ext_exp_temp0.3_nodelim_norole_nocot,comunicado,,Obj,fn,
qwen3_14b,participants,lusa_90,ext_exp_temp0.3_nodelim_norole_nocot,que,,Per,fn,
qwen3_14b,participants,lusa_90,ext_exp_temp0.3_nodelim_norole_nocot,o Tribunal de Instrução Criminal,,Org,fn,
qwen3_14b,participants,lusa_90,ext_exp_temp0.3_nodelim_norole_nocot,bebidas alcoólicas,,Obj,fn,
qwen3_14b,participants,lusa_90,ext_exp_temp0.3_nodelim_norole_nocot,a filha comum,,Per,fn,
qwen3_14b,participants,lusa_90,ext_exp_temp0.3_nodelim_norole_nocot,filha menor,,Per,fn,
qwen3_14b,participants,lusa_91,ext_exp_temp0.3_nodelim_norole_nocot,Gaia,,Loc,tp,
qwen3_14b,participants,lusa_91,ext_exp_temp0.3_nodelim_norole_nocot,a GNR,,Org,tp,
qwen3_14b,participants,lusa_91,ext_exp_temp0.3_nodelim_norole_nocot,a vítima,,Per,tp,
qwen3_14b,participants,lusa_91,ext_exp_temp0.3_nodelim_norole_nocot,ex-companheira,,Per,tp,
qwen3_14b,participants,lusa_91,ext_exp_temp0.3_nodelim_norole_nocot,Vila Nova de Gaia,,Loc,tp,
qwen3_14b,participants,lusa_91,ext_exp_temp0.3_nodelim_norole_nocot,esta força policial,,Org,tp,
qwen3_14b,participants,lusa_91,ext_exp_temp0.3_nodelim_norole_nocot,o detido,,Per,tp,
qwen3_14b,participants,lusa_91,ext_exp_temp0.3_nodelim_norole_nocot,o suspeito,,Per,tp,
qwen3_14b,participants,lusa_91,ext_exp_temp0.3_nodelim_norole_nocot,pulseira eletrónica,,Obj,tp,
qwen3_14b,participants,lusa_91,ext_exp_temp0.3_nodelim_norole_nocot,Homem,,Per,tp,
qwen3_14b,participants,lusa_91,ext_exp_temp0.3_nodelim_norole_nocot,"a vítima, de 30 anos",,Per,tp,
qwen3_14b,participants,lusa_91,ext_exp_temp0.3_nodelim_norole_nocot,Um homem de 28 anos,,Per,tp,
qwen3_14b,participants,lusa_91,ext_exp_temp0.3_nodelim_norole_nocot,veículo da vítima,,,fp,
qwen3_14b,participants,lusa_91,ext_exp_temp0.3_nodelim_norole_nocot,GNR,,,fp,
qwen3_14b,participants,lusa_91,ext_exp_temp0.3_nodelim_norole_nocot,a sua ex-companheira,,,fp,
qwen3_14b,participants,lusa_91,ext_exp_temp0.3_nodelim_norole_nocot,vítima,,,fp,
qwen3_14b,participants,lusa_91,ext_exp_temp0.3_nodelim_norole_nocot,os militares da GNR,,,fp,
qwen3_14b,participants,lusa_91,ext_exp_temp0.3_nodelim_norole_nocot,se,,Per,fn,
qwen3_14b,participants,lusa_91,ext_exp_temp0.3_nodelim_norole_nocot,o veículo,,Obj,fn,
qwen3_14b,participants,lusa_91,ext_exp_temp0.3_nodelim_norole_nocot,os mesmos locais,,Loc,fn,
qwen3_14b,participants,lusa_91,ext_exp_temp0.3_nodelim_norole_nocot,comunicado,,Obj,fn,
qwen3_14b,participants,lusa_91,ext_exp_temp0.3_nodelim_norole_nocot,droga,,Obj,fn,
qwen3_14b,participants,lusa_91,ext_exp_temp0.3_nodelim_norole_nocot,os militares,,Per,fn,
qwen3_14b,participants,lusa_91,ext_exp_temp0.3_nodelim_norole_nocot,sua,,Per,fn,
qwen3_14b,participants,lusa_91,ext_exp_temp0.3_nodelim_norole_nocot,um raio de 800 metros,,Other,fn,
qwen3_14b,participants,lusa_91,ext_exp_temp0.3_nodelim_norole_nocot,qualquer meio,,Other,fn,
qwen3_14b,participants,lusa_91,ext_exp_temp0.3_nodelim_norole_nocot,dela,,Per,fn,
qwen3_14b,participants,lusa_92,ext_exp_temp0.3_nodelim_norole_nocot,um telhado,,Obj,tp,
qwen3_14b,participants,lusa_92,ext_exp_temp0.3_nodelim_norole_nocot,três viaturas,,Obj,tp,
qwen3_14b,participants,lusa_92,ext_exp_temp0.3_nodelim_norole_nocot,Um homem,,Per,tp,
qwen3_14b,participants,lusa_92,ext_exp_temp0.3_nodelim_norole_nocot,uma viatura médica de emergência e reanimação (VMER),,Obj,tp,
qwen3_14b,participants,lusa_92,ext_exp_temp0.3_nodelim_norole_nocot,Homem,,Per,tp,
qwen3_14b,participants,lusa_92,ext_exp_temp0.3_nodelim_norole_nocot,fonte,,Per,tp,
qwen3_14b,participants,lusa_92,ext_exp_temp0.3_nodelim_norole_nocot,a vítima,,Per,tp,
qwen3_14b,participants,lusa_92,ext_exp_temp0.3_nodelim_norole_nocot,o telhado,,Obj,tp,
qwen3_14b,participants,lusa_92,ext_exp_temp0.3_nodelim_norole_nocot,Vila Nova de Famalicão,,Pl_civil,tp,
qwen3_14b,participants,lusa_92,ext_exp_temp0.3_nodelim_norole_nocot,a fonte,,Per,tp,
qwen3_14b,participants,lusa_92,ext_exp_temp0.3_nodelim_norole_nocot,Jesufrei,,Pl_civil,tp,
qwen3_14b,participants,lusa_92,ext_exp_temp0.3_nodelim_norole_nocot,Famalicão,,Pl_civil,tp,
qwen3_14b,participants,lusa_92,ext_exp_temp0.3_nodelim_norole_nocot,bombeiros,,,fp,
qwen3_14b,participants,lusa_92,ext_exp_temp0.3_nodelim_norole_nocot,telhado,,,fp,
qwen3_14b,participants,lusa_92,ext_exp_temp0.3_nodelim_norole_nocot,VMER,,,fp,
qwen3_14b,participants,lusa_92,ext_exp_temp0.3_nodelim_norole_nocot,seis homens,,,fp,
qwen3_14b,participants,lusa_92,ext_exp_temp0.3_nodelim_norole_nocot,homem,,,fp,
qwen3_14b,participants,lusa_92,ext_exp_temp0.3_nodelim_norole_nocot,Comando Distrital de Operações de Socorro de Braga,,,fp,
qwen3_14b,participants,lusa_92,ext_exp_temp0.3_nodelim_norole_nocot,entre 60 e 65 anos,,Other,fn,
qwen3_14b,participants,lusa_92,ext_exp_temp0.3_nodelim_norole_nocot,que,,Obj,fn,
qwen3_14b,participants,lusa_92,ext_exp_temp0.3_nodelim_norole_nocot,Braga,,Pl_civil,fn,
qwen3_14b,participants,lusa_92,ext_exp_temp0.3_nodelim_norole_nocot,o Comando Distrital de Operações de Socorro de Braga,,Org,fn,
qwen3_14b,participants,lusa_92,ext_exp_temp0.3_nodelim_norole_nocot,um total de seis homens,,Per,fn,
qwen3_14b,participants,lusa_92,ext_exp_temp0.3_nodelim_norole_nocot,cerca de oito metros de altura,,Other,fn,
qwen3_14b,participants,lusa_92,ext_exp_temp0.3_nodelim_norole_nocot,o Comando Distrital de Operações de Socorro,,Org,fn,
qwen3_14b,participants,lusa_92,ext_exp_temp0.3_nodelim_norole_nocot,o local,,Pl_civil,fn,
qwen3_14b,participants,lusa_92,ext_exp_temp0.3_nodelim_norole_nocot,os bombeiros,,Org,fn,
qwen3_14b,participants,lusa_92,ext_exp_temp0.3_nodelim_norole_nocot,A GNR,,Org,fn,
qwen3_14b,participants,lusa_93,ext_exp_temp0.3_nodelim_norole_nocot,o rio,,Nat,tp,
qwen3_14b,participants,lusa_93,ext_exp_temp0.3_nodelim_norole_nocot,o homem,,Per,tp,
qwen3_14b,participants,lusa_93,ext_exp_temp0.3_nodelim_norole_nocot,as autoridades,,Org,tp,
qwen3_14b,participants,lusa_93,ext_exp_temp0.3_nodelim_norole_nocot,Lusa,,Org,tp,
qwen3_14b,participants,lusa_93,ext_exp_temp0.3_nodelim_norole_nocot,Um homem de 32 anos,,Per,tp,
qwen3_14b,participants,lusa_93,ext_exp_temp0.3_nodelim_norole_nocot,a GNR,,Org,tp,
qwen3_14b,participants,lusa_93,ext_exp_temp0.3_nodelim_norole_nocot,Polícia Judiciária,,Org,tp,
qwen3_14b,participants,lusa_93,ext_exp_temp0.3_nodelim_norole_nocot,O corpo,,Per,tp,
qwen3_14b,participants,lusa_93,ext_exp_temp0.3_nodelim_norole_nocot,o pescador,,Per,tp,
qwen3_14b,participants,lusa_93,ext_exp_temp0.3_nodelim_norole_nocot,o local,,Loc,tp,
qwen3_14b,participants,lusa_93,ext_exp_temp0.3_nodelim_norole_nocot,a fonte,,Org,tp,
qwen3_14b,participants,lusa_93,ext_exp_temp0.3_nodelim_norole_nocot,Homem,,Per,tp,
qwen3_14b,participants,lusa_93,ext_exp_temp0.3_nodelim_norole_nocot,zona de Valverde da Gestosa,,,fp,
qwen3_14b,participants,lusa_93,ext_exp_temp0.3_nodelim_norole_nocot,zona de Mirandela,,,fp,
qwen3_14b,participants,lusa_93,ext_exp_temp0.3_nodelim_norole_nocot,os haveres do pescador,,,fp,
qwen3_14b,participants,lusa_93,ext_exp_temp0.3_nodelim_norole_nocot,rio Tua,,,fp,
qwen3_14b,participants,lusa_93,ext_exp_temp0.3_nodelim_norole_nocot,Mirandela,,,fp,
qwen3_14b,participants,lusa_93,ext_exp_temp0.3_nodelim_norole_nocot,onde,,Loc,fn,
qwen3_14b,participants,lusa_93,ext_exp_temp0.3_nodelim_norole_nocot,as proximidades do local,,Loc,fn,
qwen3_14b,participants,lusa_93,ext_exp_temp0.3_nodelim_norole_nocot,informação,,Other,fn,
qwen3_14b,participants,lusa_93,ext_exp_temp0.3_nodelim_norole_nocot,casa,,Loc,fn,
qwen3_14b,participants,lusa_93,ext_exp_temp0.3_nodelim_norole_nocot,aquela força de segurança,,Org,fn,
qwen3_14b,participants,lusa_93,ext_exp_temp0.3_nodelim_norole_nocot,a zona de Valverde da Gestosa,,Loc,fn,
qwen3_14b,participants,lusa_93,ext_exp_temp0.3_nodelim_norole_nocot,em Mirandela,,Loc,fn,
qwen3_14b,participants,lusa_93,ext_exp_temp0.3_nodelim_norole_nocot,a zona de Mirandela,,Loc,fn,
qwen3_14b,participants,lusa_93,ext_exp_temp0.3_nodelim_norole_nocot,os haveres,,Obj,fn,
qwen3_14b,participants,lusa_93,ext_exp_temp0.3_nodelim_norole_nocot,o rio Tua,,Nat,fn,
qwen3_14b,participants,lusa_93,ext_exp_temp0.3_nodelim_norole_nocot,local,,Loc,fn,
qwen3_14b,participants,lusa_94,ext_exp_temp0.3_nodelim_norole_nocot,uma equipa de grande ângulo,,Per,tp,
qwen3_14b,participants,lusa_94,ext_exp_temp0.3_nodelim_norole_nocot,Romariz,,Loc,tp,
qwen3_14b,participants,lusa_94,ext_exp_temp0.3_nodelim_norole_nocot,os bombeiros,,Per,tp,
qwen3_14b,participants,lusa_94,ext_exp_temp0.3_nodelim_norole_nocot,Lusa,,Org,tp,
qwen3_14b,participants,lusa_94,ext_exp_temp0.3_nodelim_norole_nocot,Santa Maria da Feira,,Loc,tp,
qwen3_14b,participants,lusa_94,ext_exp_temp0.3_nodelim_norole_nocot,fonte,,Per,tp,
qwen3_14b,participants,lusa_94,ext_exp_temp0.3_nodelim_norole_nocot,o poço,,Obj,tp,
qwen3_14b,participants,lusa_94,ext_exp_temp0.3_nodelim_norole_nocot,um vizinho,,Per,tp,
qwen3_14b,participants,lusa_94,ext_exp_temp0.3_nodelim_norole_nocot,a fonte,,Per,tp,
qwen3_14b,participants,lusa_94,ext_exp_temp0.3_nodelim_norole_nocot,a água,,Nat,tp,
qwen3_14b,participants,lusa_94,ext_exp_temp0.3_nodelim_norole_nocot,o homem,,Per,tp,
qwen3_14b,participants,lusa_94,ext_exp_temp0.3_nodelim_norole_nocot,cordas,,Obj,tp,
qwen3_14b,participants,lusa_94,ext_exp_temp0.3_nodelim_norole_nocot,Homem,,Per,tp,
qwen3_14b,participants,lusa_94,ext_exp_temp0.3_nodelim_norole_nocot,poço,,,fp,
qwen3_14b,participants,lusa_94,ext_exp_temp0.3_nodelim_norole_nocot,Um homem,,,fp,
qwen3_14b,participants,lusa_94,ext_exp_temp0.3_nodelim_norole_nocot,a tampa do poço,,,fp,
qwen3_14b,participants,lusa_94,ext_exp_temp0.3_nodelim_norole_nocot,fonte dos Bombeiros de Arrifana,,,fp,
qwen3_14b,participants,lusa_94,ext_exp_temp0.3_nodelim_norole_nocot,GNR de Santa Maria da Feira,,,fp,
qwen3_14b,participants,lusa_94,ext_exp_temp0.3_nodelim_norole_nocot,Bombeiros de Arrifana,,,fp,
qwen3_14b,participants,lusa_94,ext_exp_temp0.3_nodelim_norole_nocot,hospital de Santa Maria da Feira,,,fp,
qwen3_14b,participants,lusa_94,ext_exp_temp0.3_nodelim_norole_nocot,Um homem com cerca de 60 anos,,Per,fn,
qwen3_14b,participants,lusa_94,ext_exp_temp0.3_nodelim_norole_nocot,um poço com cerca de 25 metros de profundidade,,Obj,fn,
qwen3_14b,participants,lusa_94,ext_exp_temp0.3_nodelim_norole_nocot,profundidade,,Other,fn,
qwen3_14b,participants,lusa_94,ext_exp_temp0.3_nodelim_norole_nocot,os Bombeiros de Arrifana,,Org,fn,
qwen3_14b,participants,lusa_94,ext_exp_temp0.3_nodelim_norole_nocot,em cima,,Obj,fn,
qwen3_14b,participants,lusa_94,ext_exp_temp0.3_nodelim_norole_nocot,a tampa,,Obj,fn,
qwen3_14b,participants,lusa_94,ext_exp_temp0.3_nodelim_norole_nocot,o local,,Loc,fn,
qwen3_14b,participants,lusa_94,ext_exp_temp0.3_nodelim_norole_nocot,o hospital de Santa Maria da Feira,,Loc,fn,
qwen3_14b,participants,lusa_94,ext_exp_temp0.3_nodelim_norole_nocot,um poço de 25 metros,,Obj,fn,
qwen3_14b,participants,lusa_94,ext_exp_temp0.3_nodelim_norole_nocot,A GNR,,Org,fn,
qwen3_14b,participants,lusa_94,ext_exp_temp0.3_nodelim_norole_nocot,a propriedade,,Other,fn,
qwen3_14b,participants,lusa_95,ext_exp_temp0.3_nodelim_norole_nocot,a outra vítima,,Per,tp,
qwen3_14b,participants,lusa_95,ext_exp_temp0.3_nodelim_norole_nocot,Reguengo,,Pl_civil,tp,
qwen3_14b,participants,lusa_95,ext_exp_temp0.3_nodelim_norole_nocot,um veículo ligeiro,,Obj,tp,
qwen3_14b,participants,lusa_95,ext_exp_temp0.3_nodelim_norole_nocot,a GNR de Santarém,,Org,tp,
qwen3_14b,participants,lusa_95,ext_exp_temp0.3_nodelim_norole_nocot,Cartaxo,,Pl_civil,tp,
qwen3_14b,participants,lusa_95,ext_exp_temp0.3_nodelim_norole_nocot,o ferido grave,,Per,tp,
qwen3_14b,participants,lusa_95,ext_exp_temp0.3_nodelim_norole_nocot,as vítimas,,Per,tp,
qwen3_14b,participants,lusa_95,ext_exp_temp0.3_nodelim_norole_nocot,um ferido grave,,Per,tp,
qwen3_14b,participants,lusa_95,ext_exp_temp0.3_nodelim_norole_nocot,Santarém,,Pl_civil,tp,
qwen3_14b,participants,lusa_95,ext_exp_temp0.3_nodelim_norole_nocot,13 operacionais,,Per,tp,
qwen3_14b,participants,lusa_95,ext_exp_temp0.3_nodelim_norole_nocot,cinco viaturas,,Obj,tp,
qwen3_14b,participants,lusa_95,ext_exp_temp0.3_nodelim_norole_nocot,a mesma fonte,,Per,tp,
qwen3_14b,participants,lusa_95,ext_exp_temp0.3_nodelim_norole_nocot,Lisboa,,Pl_capital,tp,
qwen3_14b,participants,lusa_95,ext_exp_temp0.3_nodelim_norole_nocot,Homem,,Per,tp,
qwen3_14b,participants,lusa_95,ext_exp_temp0.3_nodelim_norole_nocot,um morto,,Per,tp,
qwen3_14b,participants,lusa_95,ext_exp_temp0.3_nodelim_norole_nocot,Autoridade Nacional de Emergência e Proteção Civil,,,fp,
qwen3_14b,participants,lusa_95,ext_exp_temp0.3_nodelim_norole_nocot,Comando Distrital de Operações de Socorro,,,fp,
qwen3_14b,participants,lusa_95,ext_exp_temp0.3_nodelim_norole_nocot,freguesia de Valada,,,fp,
qwen3_14b,participants,lusa_95,ext_exp_temp0.3_nodelim_norole_nocot,à agência Lusa,,,fp,
qwen3_14b,participants,lusa_95,ext_exp_temp0.3_nodelim_norole_nocot,Hospital de São José,,,fp,
qwen3_14b,participants,lusa_95,ext_exp_temp0.3_nodelim_norole_nocot,distrito de Santarém,,,fp,
qwen3_14b,participants,lusa_95,ext_exp_temp0.3_nodelim_norole_nocot,a página na Internet da Autoridade Nacional de Emergência e Proteção Civil,,,fp,
qwen3_14b,participants,lusa_95,ext_exp_temp0.3_nodelim_norole_nocot,Estrada Nacional 2-3,,,fp,
qwen3_14b,participants,lusa_95,ext_exp_temp0.3_nodelim_norole_nocot,fonte do Comando Distrital de Operações de Socorro,,,fp,
qwen3_14b,participants,lusa_95,ext_exp_temp0.3_nodelim_norole_nocot,Um atropelamento rodoviário,,,fp,
qwen3_14b,participants,lusa_95,ext_exp_temp0.3_nodelim_norole_nocot,dois homens,,,fp,
qwen3_14b,participants,lusa_95,ext_exp_temp0.3_nodelim_norole_nocot,a Internet,,Other,fn,
qwen3_14b,participants,lusa_95,ext_exp_temp0.3_nodelim_norole_nocot,a freguesia de Valada,,Pl_civil,fn,
qwen3_14b,participants,lusa_95,ext_exp_temp0.3_nodelim_norole_nocot,"dois homens, entre os 30 e os 40 anos",,Per,fn,
qwen3_14b,participants,lusa_95,ext_exp_temp0.3_nodelim_norole_nocot,a Estrada Nacional 2-3,,Pl_civil,fn,
qwen3_14b,participants,lusa_95,ext_exp_temp0.3_nodelim_norole_nocot,que,,Per,fn,
qwen3_14b,participants,lusa_95,ext_exp_temp0.3_nodelim_norole_nocot,o Comando Distrital de Operações de Socorro,,Org,fn,
qwen3_14b,participants,lusa_95,ext_exp_temp0.3_nodelim_norole_nocot,agência Lusa,,Org,fn,
qwen3_14b,participants,lusa_95,ext_exp_temp0.3_nodelim_norole_nocot,o distrito de Santarém,,Pl_civil,fn,
qwen3_14b,participants,lusa_95,ext_exp_temp0.3_nodelim_norole_nocot,a GNR,,Org,fn,
qwen3_14b,participants,lusa_95,ext_exp_temp0.3_nodelim_norole_nocot,fonte,,Per,fn,
qwen3_14b,participants,lusa_95,ext_exp_temp0.3_nodelim_norole_nocot,o Hospital de São José,,Fac,fn,
qwen3_14b,participants,lusa_95,ext_exp_temp0.3_nodelim_norole_nocot,o local,,Loc,fn,
qwen3_14b,participants,lusa_95,ext_exp_temp0.3_nodelim_norole_nocot,o Cartaxo,,Loc,fn,
qwen3_14b,participants,lusa_95,ext_exp_temp0.3_nodelim_norole_nocot,a Autoridade Nacional de Emergência e Proteção Civil,,Org,fn,
qwen3_14b,participants,lusa_95,ext_exp_temp0.3_nodelim_norole_nocot,a página,,Other,fn,
qwen3_14b,participants,lusa_95,ext_exp_temp0.3_nodelim_norole_nocot,a página na Internet,,Other,fn,
qwen3_14b,participants,lusa_98,ext_exp_temp0.3_nodelim_norole_nocot,a casa,,Other,tp,
qwen3_14b,participants,lusa_98,ext_exp_temp0.3_nodelim_norole_nocot,os suspeitos,,Per,tp,
qwen3_14b,participants,lusa_98,ext_exp_temp0.3_nodelim_norole_nocot,Os detidos,,Per,tp,
qwen3_14b,participants,lusa_98,ext_exp_temp0.3_nodelim_norole_nocot,o corpo,,Other,tp,
qwen3_14b,participants,lusa_98,ext_exp_temp0.3_nodelim_norole_nocot,casal,,Per,tp,
qwen3_14b,participants,lusa_98,ext_exp_temp0.3_nodelim_norole_nocot,um casal,,Per,tp,
qwen3_14b,participants,lusa_98,ext_exp_temp0.3_nodelim_norole_nocot,Braga,,Loc,tp,
qwen3_14b,participants,lusa_98,ext_exp_temp0.3_nodelim_norole_nocot,os bens,,Other,tp,
qwen3_14b,participants,lusa_98,ext_exp_temp0.3_nodelim_norole_nocot,a vítima,,Per,tp,
qwen3_14b,participants,lusa_98,ext_exp_temp0.3_nodelim_norole_nocot,uma mulher de 69 anos,,Per,tp,
qwen3_14b,participants,lusa_98,ext_exp_temp0.3_nodelim_norole_nocot,a fonte,,Per,tp,
qwen3_14b,participants,lusa_98,ext_exp_temp0.3_nodelim_norole_nocot,Dume,,Loc,tp,
qwen3_14b,participants,lusa_98,ext_exp_temp0.3_nodelim_norole_nocot,PJ,,Org,tp,
qwen3_14b,participants,lusa_98,ext_exp_temp0.3_nodelim_norole_nocot,fonte daquela força,,,fp,
qwen3_14b,participants,lusa_98,ext_exp_temp0.3_nodelim_norole_nocot,o elemento masculino do casal,,,fp,
qwen3_14b,participants,lusa_98,ext_exp_temp0.3_nodelim_norole_nocot,Lusa,,,fp,
qwen3_14b,participants,lusa_98,ext_exp_temp0.3_nodelim_norole_nocot,ele,,,fp,
qwen3_14b,participants,lusa_98,ext_exp_temp0.3_nodelim_norole_nocot,mulher,,,fp,
qwen3_14b,participants,lusa_98,ext_exp_temp0.3_nodelim_norole_nocot,A vítima,,,fp,
qwen3_14b,participants,lusa_98,ext_exp_temp0.3_nodelim_norole_nocot,ela,,,fp,
qwen3_14b,participants,lusa_98,ext_exp_temp0.3_nodelim_norole_nocot,o crime,,,fp,
qwen3_14b,participants,lusa_98,ext_exp_temp0.3_nodelim_norole_nocot,Polícia Judiciária (PJ),,,fp,
qwen3_14b,participants,lusa_98,ext_exp_temp0.3_nodelim_norole_nocot,tribunal,,,fp,
qwen3_14b,participants,lusa_98,ext_exp_temp0.3_nodelim_norole_nocot,a cidade de Braga,,,fp,
qwen3_14b,participants,lusa_98,ext_exp_temp0.3_nodelim_norole_nocot,em Braga,,Loc,fn,
qwen3_14b,participants,lusa_98,ext_exp_temp0.3_nodelim_norole_nocot,O objetivo,,Other,fn,
qwen3_14b,participants,lusa_98,ext_exp_temp0.3_nodelim_norole_nocot,à Lusa,,Org,fn,
qwen3_14b,participants,lusa_98,ext_exp_temp0.3_nodelim_norole_nocot,lhe,,Per,fn,
qwen3_14b,participants,lusa_98,ext_exp_temp0.3_nodelim_norole_nocot,no mesmo concelho,,Loc,fn,
qwen3_14b,participants,lusa_98,ext_exp_temp0.3_nodelim_norole_nocot,as respetivas medidas de coação,,Other,fn,
qwen3_14b,participants,lusa_98,ext_exp_temp0.3_nodelim_norole_nocot,onde,,Loc,fn,
qwen3_14b,participants,lusa_98,ext_exp_temp0.3_nodelim_norole_nocot,o casal,,Per,fn,
qwen3_14b,participants,lusa_98,ext_exp_temp0.3_nodelim_norole_nocot,"A vítima, de 69 anos",,Per,fn,
qwen3_14b,participants,lusa_98,ext_exp_temp0.3_nodelim_norole_nocot,bens patrimoniais,,Other,fn,
qwen3_14b,participants,lusa_98,ext_exp_temp0.3_nodelim_norole_nocot,uma mulher,,Per,fn,
qwen3_14b,participants,lusa_98,ext_exp_temp0.3_nodelim_norole_nocot,numa freguesia urbana,,Loc,fn,
qwen3_14b,participants,lusa_98,ext_exp_temp0.3_nodelim_norole_nocot,num caminho,,Loc,fn,
qwen3_14b,participants,lusa_98,ext_exp_temp0.3_nodelim_norole_nocot,aquela força,,Org,fn,
qwen3_14b,participants,lusa_98,ext_exp_temp0.3_nodelim_norole_nocot,consigo,,Per,fn,
qwen3_14b,participants,lusa_98,ext_exp_temp0.3_nodelim_norole_nocot,A Polícia Judiciária (PJ),,Org,fn,
qwen3_14b,participants,lusa_98,ext_exp_temp0.3_nodelim_norole_nocot,que,,Other,fn,
qwen3_14b,participants,lusa_98,ext_exp_temp0.3_nodelim_norole_nocot,na cidade de Braga,,Loc,fn,
qwen3_14b,participants,lusa_98,ext_exp_temp0.3_nodelim_norole_nocot,fonte,,Per,fn,
qwen3_14b,participants,lusa_98,ext_exp_temp0.3_nodelim_norole_nocot,ele de 61 anos,,Per,fn,
qwen3_14b,participants,lusa_98,ext_exp_temp0.3_nodelim_norole_nocot,o elemento masculino,,Per,fn,
qwen3_14b,participants,lusa_98,ext_exp_temp0.3_nodelim_norole_nocot,ela de 48 anos,,Per,fn,
qwen3_14b,participants,lusa_99,ext_exp_temp0.3_nodelim_norole_nocot,Um homem de 66 anos,,Per,tp,
qwen3_14b,participants,lusa_99,ext_exp_temp0.3_nodelim_norole_nocot,fonte,,Per,tp,
qwen3_14b,participants,lusa_99,ext_exp_temp0.3_nodelim_norole_nocot,a vítima,,Per,tp,
qwen3_14b,participants,lusa_99,ext_exp_temp0.3_nodelim_norole_nocot,quatro operacionais,,Per,tp,
qwen3_14b,participants,lusa_99,ext_exp_temp0.3_nodelim_norole_nocot,duas viaturas,,Obj,tp,
qwen3_14b,participants,lusa_99,ext_exp_temp0.3_nodelim_norole_nocot,a mesma fonte,,Per,tp,
qwen3_14b,participants,lusa_99,ext_exp_temp0.3_nodelim_norole_nocot,Homem,,Per,tp,
qwen3_14b,participants,lusa_99,ext_exp_temp0.3_nodelim_norole_nocot,Comando Distrital de Operações de Socorro,,,fp,
qwen3_14b,participants,lusa_99,ext_exp_temp0.3_nodelim_norole_nocot,Coimbra,,,fp,
qwen3_14b,participants,lusa_99,ext_exp_temp0.3_nodelim_norole_nocot,agência Lusa,,,fp,
qwen3_14b,participants,lusa_99,ext_exp_temp0.3_nodelim_norole_nocot,Centro Hospitalar e Universitário de Coimbra,,,fp,
qwen3_14b,participants,lusa_99,ext_exp_temp0.3_nodelim_norole_nocot,Oleiros,,,fp,
qwen3_14b,participants,lusa_99,ext_exp_temp0.3_nodelim_norole_nocot,Castelo Branco,,,fp,
qwen3_14b,participants,lusa_99,ext_exp_temp0.3_nodelim_norole_nocot,dentro,,Loc,fn,
qwen3_14b,participants,lusa_99,ext_exp_temp0.3_nodelim_norole_nocot,à agência Lusa,,Org,fn,
qwen3_14b,participants,lusa_99,ext_exp_temp0.3_nodelim_norole_nocot,o Comando Distrital de Operações de Socorro,,Org,fn,
qwen3_14b,participants,lusa_99,ext_exp_temp0.3_nodelim_norole_nocot,em Oleiros,,Loc,fn,
qwen3_14b,participants,lusa_99,ext_exp_temp0.3_nodelim_norole_nocot,o Centro Hospitalar e Universitário de Coimbra,,Loc,fn,
qwen3_14b,participants,lusa_99,ext_exp_temp0.3_nodelim_norole_nocot,ao local,,Loc,fn,
qwen3_14b,participants,lusa_99,ext_exp_temp0.3_nodelim_norole_nocot,os bombeiros,,Org,fn,
qwen3_14b,participants,lusa_99,ext_exp_temp0.3_nodelim_norole_nocot,no distrito de Castelo Branco,,Loc,fn,
qwen3_14b,participants,lusa_99,ext_exp_temp0.3_nodelim_norole_nocot,uma habitação,,Loc,fn,
