modelo,entity,doc_id,template,token,pred_type,annt_type,result,f1_r_score
qwen3_14b,participants,lusa_1,cls_exp_temp0.3_nodelim_norole_nocot,o proprietário,N/A,Per,tp,
qwen3_14b,participants,lusa_1,cls_exp_temp0.3_nodelim_norole_nocot,Corotelo,Loc,Pl_civil,tp,
qwen3_14b,participants,lusa_1,cls_exp_temp0.3_nodelim_norole_nocot,estabelecimento de bebidas,N/A,Fac,tp,
qwen3_14b,participants,lusa_1,cls_exp_temp0.3_nodelim_norole_nocot,concelho de São Brás de Alportel,Loc,Pl_civil,tp,
qwen3_14b,participants,lusa_1,cls_exp_temp0.3_nodelim_norole_nocot,Os militares,Per,Per,tp,
qwen3_14b,participants,lusa_1,cls_exp_temp0.3_nodelim_norole_nocot,militares,N/A,Per,tp,
qwen3_14b,participants,lusa_1,cls_exp_temp0.3_nodelim_norole_nocot,um auto de contraordenação,N/A,Obj,tp,
qwen3_14b,participants,lusa_1,cls_exp_temp0.3_nodelim_norole_nocot,A GNR,N/A,Org,tp,
qwen3_14b,participants,lusa_1,cls_exp_temp0.3_nodelim_norole_nocot,GNR,Org,Org,tp,
qwen3_14b,participants,lusa_1,cls_exp_temp0.3_nodelim_norole_nocot,as pessoas,Per,Per,tp,
qwen3_14b,participants,lusa_1,cls_exp_temp0.3_nodelim_norole_nocot,um bar,N/A,,fp,
qwen3_14b,participants,lusa_1,cls_exp_temp0.3_nodelim_norole_nocot,São Brás de Alportel,Loc,,fp,
qwen3_14b,participants,lusa_1,cls_exp_temp0.3_nodelim_norole_nocot,50 pessoas,Per,,fp,
qwen3_14b,participants,lusa_1,cls_exp_temp0.3_nodelim_norole_nocot,Posto Territorial de São de Alportel,N/A,,fp,
qwen3_14b,participants,lusa_1,cls_exp_temp0.3_nodelim_norole_nocot,a nota,N/A,,fp,
qwen3_14b,participants,lusa_1,cls_exp_temp0.3_nodelim_norole_nocot,Comando Territorial de Faro da GNR,N/A,,fp,
qwen3_14b,participants,lusa_1,cls_exp_temp0.3_nodelim_norole_nocot,bar,,Fac,fn,
qwen3_14b,participants,lusa_1,cls_exp_temp0.3_nodelim_norole_nocot,comunicado,,Obj,fn,
qwen3_14b,participants,lusa_1,cls_exp_temp0.3_nodelim_norole_nocot,cerca de 50 pessoas,,Per,fn,
qwen3_14b,participants,lusa_1,cls_exp_temp0.3_nodelim_norole_nocot,local,,Loc,fn,
qwen3_14b,participants,lusa_1,cls_exp_temp0.3_nodelim_norole_nocot,música ao vivo,,Other,fn,
qwen3_14b,participants,lusa_1,cls_exp_temp0.3_nodelim_norole_nocot,normas referentes à pandemia de covid-19,,Other,fn,
qwen3_14b,participants,lusa_1,cls_exp_temp0.3_nodelim_norole_nocot,o Posto Territorial de São de Alportel,,Org,fn,
qwen3_14b,participants,lusa_1,cls_exp_temp0.3_nodelim_norole_nocot,o Posto Territorial,,Fac,fn,
qwen3_14b,participants,lusa_1,cls_exp_temp0.3_nodelim_norole_nocot,nota,,Obj,fn,
qwen3_14b,participants,lusa_1,cls_exp_temp0.3_nodelim_norole_nocot,o Comando Territorial,,Org,fn,
qwen3_14b,participants,lusa_1,cls_exp_temp0.3_nodelim_norole_nocot,Faro,,Pl_civil,fn,
qwen3_14b,participants,lusa_1,cls_exp_temp0.3_nodelim_norole_nocot,São de Alportel,,Pl_civil,fn,
qwen3_14b,participants,lusa_10,cls_exp_temp0.3_nodelim_norole_nocot,a mesma fonte,N/A,Org,tp,
qwen3_14b,participants,lusa_10,cls_exp_temp0.3_nodelim_norole_nocot,Manhattan,Loc,Pl_civil,tp,
qwen3_14b,participants,lusa_10,cls_exp_temp0.3_nodelim_norole_nocot,AFP,N/A,Org,tp,
qwen3_14b,participants,lusa_10,cls_exp_temp0.3_nodelim_norole_nocot,NYPD,N/A,Org,tp,
qwen3_14b,participants,lusa_10,cls_exp_temp0.3_nodelim_norole_nocot,O condutor do automóvel,N/A,Per,tp,
qwen3_14b,participants,lusa_10,cls_exp_temp0.3_nodelim_norole_nocot,várias pessoas,N/A,Per,tp,
qwen3_14b,participants,lusa_10,cls_exp_temp0.3_nodelim_norole_nocot,Nova Iorque,Loc,Pl_civil,tp,
qwen3_14b,participants,lusa_10,cls_exp_temp0.3_nodelim_norole_nocot,agência France-Presse,N/A,Org,tp,
qwen3_14b,participants,lusa_10,cls_exp_temp0.3_nodelim_norole_nocot,Automóvel,N/A,,fp,
qwen3_14b,participants,lusa_10,cls_exp_temp0.3_nodelim_norole_nocot,feridos,Per,,fp,
qwen3_14b,participants,lusa_10,cls_exp_temp0.3_nodelim_norole_nocot,hospitais,N/A,,fp,
qwen3_14b,participants,lusa_10,cls_exp_temp0.3_nodelim_norole_nocot,Big Apple,Loc,,fp,
qwen3_14b,participants,lusa_10,cls_exp_temp0.3_nodelim_norole_nocot,"manifestação ""Black Lives Matter""",N/A,,fp,
qwen3_14b,participants,lusa_10,cls_exp_temp0.3_nodelim_norole_nocot,polícia de Nova Iorque,N/A,,fp,
qwen3_14b,participants,lusa_10,cls_exp_temp0.3_nodelim_norole_nocot,mortos,,Per,fn,
qwen3_14b,participants,lusa_10,cls_exp_temp0.3_nodelim_norole_nocot,Lisboa,,Pl_capital,fn,
qwen3_14b,participants,lusa_10,cls_exp_temp0.3_nodelim_norole_nocot,vários feridos,,Per,fn,
qwen3_14b,participants,lusa_10,cls_exp_temp0.3_nodelim_norole_nocot,Um automobilista,,Per,fn,
qwen3_14b,participants,lusa_10,cls_exp_temp0.3_nodelim_norole_nocot,o movimento “Black Lives Matter” (“As Vidas Negras Importam”),,Org,fn,
qwen3_14b,participants,lusa_10,cls_exp_temp0.3_nodelim_norole_nocot,ambulâncias,,Obj,fn,
qwen3_14b,participants,lusa_10,cls_exp_temp0.3_nodelim_norole_nocot,a 'Big Apple',,Pl_civil,fn,
qwen3_14b,participants,lusa_10,cls_exp_temp0.3_nodelim_norole_nocot,vários hospitais,,Fac,fn,
qwen3_14b,participants,lusa_10,cls_exp_temp0.3_nodelim_norole_nocot,os Estados Unidos,,Pl_country,fn,
qwen3_14b,participants,lusa_10,cls_exp_temp0.3_nodelim_norole_nocot,a polícia,,Org,fn,
qwen3_14b,participants,lusa_10,cls_exp_temp0.3_nodelim_norole_nocot,Várias corporações de bombeiros,,Org,fn,
qwen3_14b,participants,lusa_10,cls_exp_temp0.3_nodelim_norole_nocot,O porta-voz,,Per,fn,
qwen3_14b,participants,lusa_10,cls_exp_temp0.3_nodelim_norole_nocot,alguns,,Per,fn,
qwen3_14b,participants,lusa_10,cls_exp_temp0.3_nodelim_norole_nocot,as autoridades,,Org,fn,
qwen3_14b,participants,lusa_10,cls_exp_temp0.3_nodelim_norole_nocot,o local,,Pl_civil,fn,
qwen3_14b,participants,lusa_10,cls_exp_temp0.3_nodelim_norole_nocot,a polícia de Nova Iorque,,Org,fn,
qwen3_14b,participants,lusa_10,cls_exp_temp0.3_nodelim_norole_nocot,os quais,,Per,fn,
qwen3_14b,participants,lusa_101,cls_exp_temp0.3_nodelim_norole_nocot,o arguido,Per,Per,tp,
qwen3_14b,participants,lusa_101,cls_exp_temp0.3_nodelim_norole_nocot,A magistrada,N/A,Per,tp,
qwen3_14b,participants,lusa_101,cls_exp_temp0.3_nodelim_norole_nocot,um homem de 36 anos,N/A,Per,tp,
qwen3_14b,participants,lusa_101,cls_exp_temp0.3_nodelim_norole_nocot,Tribunal de Viana do Castelo,N/A,Org,tp,
qwen3_14b,participants,lusa_101,cls_exp_temp0.3_nodelim_norole_nocot,homem,N/A,Per,tp,
qwen3_14b,participants,lusa_101,cls_exp_temp0.3_nodelim_norole_nocot,outro,N/A,Per,tp,
qwen3_14b,participants,lusa_101,cls_exp_temp0.3_nodelim_norole_nocot,O Tribunal de Viana do Castelo,N/A,Org,tp,
qwen3_14b,participants,lusa_101,cls_exp_temp0.3_nodelim_norole_nocot,o homem,N/A,Per,tp,
qwen3_14b,participants,lusa_101,cls_exp_temp0.3_nodelim_norole_nocot,a juiz presidente,Per,Per,tp,
qwen3_14b,participants,lusa_101,cls_exp_temp0.3_nodelim_norole_nocot,a prova documental e testemunhal,N/A,Other,tp,
qwen3_14b,participants,lusa_101,cls_exp_temp0.3_nodelim_norole_nocot,O coletivo,N/A,Per,tp,
qwen3_14b,participants,lusa_101,cls_exp_temp0.3_nodelim_norole_nocot,a arma do crime,N/A,Obj,tp,
qwen3_14b,participants,lusa_101,cls_exp_temp0.3_nodelim_norole_nocot,O homem,N/A,Per,tp,
qwen3_14b,participants,lusa_101,cls_exp_temp0.3_nodelim_norole_nocot,2013,N/A,,fp,
qwen3_14b,participants,lusa_101,cls_exp_temp0.3_nodelim_norole_nocot,a mãe da vítima mortal,N/A,,fp,
qwen3_14b,participants,lusa_101,cls_exp_temp0.3_nodelim_norole_nocot,a juiz presidente do coletivo,Per,,fp,
qwen3_14b,participants,lusa_101,cls_exp_temp0.3_nodelim_norole_nocot,Viana do Castelo,N/A,,fp,
qwen3_14b,participants,lusa_101,cls_exp_temp0.3_nodelim_norole_nocot,a cidade,N/A,,fp,
qwen3_14b,participants,lusa_101,cls_exp_temp0.3_nodelim_norole_nocot,a vítima mortal,N/A,,fp,
qwen3_14b,participants,lusa_101,cls_exp_temp0.3_nodelim_norole_nocot,o julgamento,N/A,,fp,
qwen3_14b,participants,lusa_101,cls_exp_temp0.3_nodelim_norole_nocot,do coletivo,,Per,fn,
qwen3_14b,participants,lusa_101,cls_exp_temp0.3_nodelim_norole_nocot,no valor total,,Other,fn,
qwen3_14b,participants,lusa_101,cls_exp_temp0.3_nodelim_norole_nocot,de 141 mil euros,,Obj,fn,
qwen3_14b,participants,lusa_101,cls_exp_temp0.3_nodelim_norole_nocot,que,,Per,fn,
qwen3_14b,participants,lusa_101,cls_exp_temp0.3_nodelim_norole_nocot,do acórdão,,Obj,fn,
qwen3_14b,participants,lusa_101,cls_exp_temp0.3_nodelim_norole_nocot,na cidade,,Loc,fn,
qwen3_14b,participants,lusa_101,cls_exp_temp0.3_nodelim_norole_nocot,à mãe,,Per,fn,
qwen3_14b,participants,lusa_101,cls_exp_temp0.3_nodelim_norole_nocot,na sala de audiências,,Loc,fn,
qwen3_14b,participants,lusa_101,cls_exp_temp0.3_nodelim_norole_nocot,da vítima mortal,,Per,fn,
qwen3_14b,participants,lusa_102,cls_exp_temp0.3_nodelim_norole_nocot,o Hospital de São José,N/A,Loc,tp,
qwen3_14b,participants,lusa_102,cls_exp_temp0.3_nodelim_norole_nocot,uma ambulância,N/A,Obj,tp,
qwen3_14b,participants,lusa_102,cls_exp_temp0.3_nodelim_norole_nocot,à Lusa,N/A,Org,tp,
qwen3_14b,participants,lusa_102,cls_exp_temp0.3_nodelim_norole_nocot,outro indivíduo,N/A,Per,tp,
qwen3_14b,participants,lusa_102,cls_exp_temp0.3_nodelim_norole_nocot,Homem,Per,Per,tp,
qwen3_14b,participants,lusa_102,cls_exp_temp0.3_nodelim_norole_nocot,outro transeunte,Per,Per,tp,
qwen3_14b,participants,lusa_102,cls_exp_temp0.3_nodelim_norole_nocot,O cidadão de 68 anos,N/A,Per,tp,
qwen3_14b,participants,lusa_102,cls_exp_temp0.3_nodelim_norole_nocot,o homem,N/A,Per,tp,
qwen3_14b,participants,lusa_102,cls_exp_temp0.3_nodelim_norole_nocot,Um homem de 68 anos,N/A,Per,tp,
qwen3_14b,participants,lusa_102,cls_exp_temp0.3_nodelim_norole_nocot,Lisboa,Loc,,fp,
qwen3_14b,participants,lusa_102,cls_exp_temp0.3_nodelim_norole_nocot,Hospital de São José,N/A,,fp,
qwen3_14b,participants,lusa_102,cls_exp_temp0.3_nodelim_norole_nocot,Instituto Nacional de Emergência Médica (INEM),N/A,,fp,
qwen3_14b,participants,lusa_102,cls_exp_temp0.3_nodelim_norole_nocot,o homem em dificuldades,Per,,fp,
qwen3_14b,participants,lusa_102,cls_exp_temp0.3_nodelim_norole_nocot,Rio Tejo,N/A,,fp,
qwen3_14b,participants,lusa_102,cls_exp_temp0.3_nodelim_norole_nocot,Cais das Colunas,N/A,,fp,
qwen3_14b,participants,lusa_102,cls_exp_temp0.3_nodelim_norole_nocot,nas imediações,Loc,,fp,
qwen3_14b,participants,lusa_102,cls_exp_temp0.3_nodelim_norole_nocot,Fonte oficial da Polícia Marítima,N/A,,fp,
qwen3_14b,participants,lusa_102,cls_exp_temp0.3_nodelim_norole_nocot,a Polícia Marítima,,Org,fn,
qwen3_14b,participants,lusa_102,cls_exp_temp0.3_nodelim_norole_nocot,as imediações,,Loc,fn,
qwen3_14b,participants,lusa_102,cls_exp_temp0.3_nodelim_norole_nocot,o Cais das Colunas,,Loc,fn,
qwen3_14b,participants,lusa_102,cls_exp_temp0.3_nodelim_norole_nocot,onde,,Loc,fn,
qwen3_14b,participants,lusa_102,cls_exp_temp0.3_nodelim_norole_nocot,que,,Per,fn,
qwen3_14b,participants,lusa_102,cls_exp_temp0.3_nodelim_norole_nocot,o Rio Tejo,,Loc,fn,
qwen3_14b,participants,lusa_102,cls_exp_temp0.3_nodelim_norole_nocot,em Lisboa,,Loc,fn,
qwen3_14b,participants,lusa_102,cls_exp_temp0.3_nodelim_norole_nocot,o Instituto Nacional de Emergência Médica (INEM),,Org,fn,
qwen3_14b,participants,lusa_102,cls_exp_temp0.3_nodelim_norole_nocot,Fonte oficial,,Per,fn,
qwen3_14b,participants,lusa_102,cls_exp_temp0.3_nodelim_norole_nocot,o local,,Loc,fn,
qwen3_14b,participants,lusa_102,cls_exp_temp0.3_nodelim_norole_nocot,à água,,Nat,fn,
qwen3_14b,participants,lusa_103,cls_exp_temp0.3_nodelim_norole_nocot,um homem de cerca de 60 anos,N/A,Per,tp,
qwen3_14b,participants,lusa_103,cls_exp_temp0.3_nodelim_norole_nocot,Celorico de Basto,N/A,Loc,tp,
qwen3_14b,participants,lusa_103,cls_exp_temp0.3_nodelim_norole_nocot,os primeiros meios de socorro,N/A,Org,tp,
qwen3_14b,participants,lusa_103,cls_exp_temp0.3_nodelim_norole_nocot,a Cruz Vermelha local,N/A,Org,tp,
qwen3_14b,participants,lusa_103,cls_exp_temp0.3_nodelim_norole_nocot,uma pessoa,N/A,Per,tp,
qwen3_14b,participants,lusa_103,cls_exp_temp0.3_nodelim_norole_nocot,A Polícia Judiciária,N/A,Org,tp,
qwen3_14b,participants,lusa_103,cls_exp_temp0.3_nodelim_norole_nocot,homem de 60 anos,N/A,Per,tp,
qwen3_14b,participants,lusa_103,cls_exp_temp0.3_nodelim_norole_nocot,Fonte,N/A,Per,tp,
qwen3_14b,participants,lusa_103,cls_exp_temp0.3_nodelim_norole_nocot,PJ,N/A,Org,tp,
qwen3_14b,participants,lusa_103,cls_exp_temp0.3_nodelim_norole_nocot,O homem,N/A,Per,tp,
qwen3_14b,participants,lusa_103,cls_exp_temp0.3_nodelim_norole_nocot,a pessoa,N/A,,fp,
qwen3_14b,participants,lusa_103,cls_exp_temp0.3_nodelim_norole_nocot,via pública,N/A,,fp,
qwen3_14b,participants,lusa_103,cls_exp_temp0.3_nodelim_norole_nocot,Instituto Nacional de Emergência Médica (INEM),N/A,,fp,
qwen3_14b,participants,lusa_103,cls_exp_temp0.3_nodelim_norole_nocot,fonte daquela polícia,N/A,,fp,
qwen3_14b,participants,lusa_103,cls_exp_temp0.3_nodelim_norole_nocot,Braga,N/A,,fp,
qwen3_14b,participants,lusa_103,cls_exp_temp0.3_nodelim_norole_nocot,Gandarela,N/A,,fp,
qwen3_14b,participants,lusa_103,cls_exp_temp0.3_nodelim_norole_nocot,Lusa,N/A,,fp,
qwen3_14b,participants,lusa_103,cls_exp_temp0.3_nodelim_norole_nocot,à Lusa,,Org,fn,
qwen3_14b,participants,lusa_103,cls_exp_temp0.3_nodelim_norole_nocot,em Celorico de Basto,,Loc,fn,
qwen3_14b,participants,lusa_103,cls_exp_temp0.3_nodelim_norole_nocot,o concelho de Celorico de Basto,,Loc,fn,
qwen3_14b,participants,lusa_103,cls_exp_temp0.3_nodelim_norole_nocot,a morgue de Guimarães,,Loc,fn,
qwen3_14b,participants,lusa_103,cls_exp_temp0.3_nodelim_norole_nocot,a Gandarela,,Loc,fn,
qwen3_14b,participants,lusa_103,cls_exp_temp0.3_nodelim_norole_nocot,a via pública,,Loc,fn,
qwen3_14b,participants,lusa_103,cls_exp_temp0.3_nodelim_norole_nocot,o corpo,,Other,fn,
qwen3_14b,participants,lusa_103,cls_exp_temp0.3_nodelim_norole_nocot,no,,Per,fn,
qwen3_14b,participants,lusa_103,cls_exp_temp0.3_nodelim_norole_nocot,o distrito de Braga,,Loc,fn,
qwen3_14b,participants,lusa_103,cls_exp_temp0.3_nodelim_norole_nocot,aquela polícia,,Org,fn,
qwen3_14b,participants,lusa_103,cls_exp_temp0.3_nodelim_norole_nocot,fonte,,Per,fn,
qwen3_14b,participants,lusa_103,cls_exp_temp0.3_nodelim_norole_nocot,em Gandarela,,Loc,fn,
qwen3_14b,participants,lusa_103,cls_exp_temp0.3_nodelim_norole_nocot,o Instituto Nacional de Emergência Médica (INEM),,Org,fn,
qwen3_14b,participants,lusa_103,cls_exp_temp0.3_nodelim_norole_nocot,o local,,Loc,fn,
qwen3_14b,participants,lusa_105,cls_exp_temp0.3_nodelim_norole_nocot,Vila de Gaia,N/A,Loc,tp,
qwen3_14b,participants,lusa_105,cls_exp_temp0.3_nodelim_norole_nocot,Gulpilhares,Loc,Loc,tp,
qwen3_14b,participants,lusa_105,cls_exp_temp0.3_nodelim_norole_nocot,Homem,N/A,Per,tp,
qwen3_14b,participants,lusa_105,cls_exp_temp0.3_nodelim_norole_nocot,o braço esquerdo,N/A,Other,tp,
qwen3_14b,participants,lusa_105,cls_exp_temp0.3_nodelim_norole_nocot,Vila Nova de Gaia,Loc,Loc,tp,
qwen3_14b,participants,lusa_105,cls_exp_temp0.3_nodelim_norole_nocot,Um homem de 31 anos,Per,Per,tp,
qwen3_14b,participants,lusa_105,cls_exp_temp0.3_nodelim_norole_nocot,fonte policial,Per,Per,tp,
qwen3_14b,participants,lusa_105,cls_exp_temp0.3_nodelim_norole_nocot,distrito do Porto,N/A,Loc,tp,
qwen3_14b,participants,lusa_105,cls_exp_temp0.3_nodelim_norole_nocot,a Polícia Judiciária,N/A,Org,tp,
qwen3_14b,participants,lusa_105,cls_exp_temp0.3_nodelim_norole_nocot,um ferido ligeiro,N/A,Per,tp,
qwen3_14b,participants,lusa_105,cls_exp_temp0.3_nodelim_norole_nocot,autoridades,N/A,,fp,
qwen3_14b,participants,lusa_105,cls_exp_temp0.3_nodelim_norole_nocot,daquele órgão de polícia criminal,N/A,,fp,
qwen3_14b,participants,lusa_105,cls_exp_temp0.3_nodelim_norole_nocot,fonte desta corporação,N/A,,fp,
qwen3_14b,participants,lusa_105,cls_exp_temp0.3_nodelim_norole_nocot,bombeiros de Valadares,N/A,,fp,
qwen3_14b,participants,lusa_105,cls_exp_temp0.3_nodelim_norole_nocot,hospital Santos Silva,N/A,,fp,
qwen3_14b,participants,lusa_105,cls_exp_temp0.3_nodelim_norole_nocot,autor do disparo,N/A,,fp,
qwen3_14b,participants,lusa_105,cls_exp_temp0.3_nodelim_norole_nocot,a vítima,N/A,,fp,
qwen3_14b,participants,lusa_105,cls_exp_temp0.3_nodelim_norole_nocot,o autor do disparo,Per,,fp,
qwen3_14b,participants,lusa_105,cls_exp_temp0.3_nodelim_norole_nocot,o hospital Santos Silva,,Loc,fn,
qwen3_14b,participants,lusa_105,cls_exp_temp0.3_nodelim_norole_nocot,autor,,Per,fn,
qwen3_14b,participants,lusa_105,cls_exp_temp0.3_nodelim_norole_nocot,os bombeiros de Valadares,,Org,fn,
qwen3_14b,participants,lusa_105,cls_exp_temp0.3_nodelim_norole_nocot,às autoridades,,Org,fn,
qwen3_14b,participants,lusa_105,cls_exp_temp0.3_nodelim_norole_nocot,esta corporação,,Org,fn,
qwen3_14b,participants,lusa_105,cls_exp_temp0.3_nodelim_norole_nocot,o autor,,Per,fn,
qwen3_14b,participants,lusa_105,cls_exp_temp0.3_nodelim_norole_nocot,A vítima,,Per,fn,
qwen3_14b,participants,lusa_105,cls_exp_temp0.3_nodelim_norole_nocot,fonte,,Per,fn,
qwen3_14b,participants,lusa_105,cls_exp_temp0.3_nodelim_norole_nocot,aquele órgão,,Org,fn,
qwen3_14b,participants,lusa_105,cls_exp_temp0.3_nodelim_norole_nocot,As razões,,Other,fn,
qwen3_14b,participants,lusa_105,cls_exp_temp0.3_nodelim_norole_nocot,polícia criminal,,Org,fn,
qwen3_14b,participants,lusa_106,cls_exp_temp0.3_nodelim_norole_nocot,um outro,N/A,Per,tp,
qwen3_14b,participants,lusa_106,cls_exp_temp0.3_nodelim_norole_nocot,o funcionário,N/A,Per,tp,
qwen3_14b,participants,lusa_106,cls_exp_temp0.3_nodelim_norole_nocot,à Lusa,N/A,Org,tp,
qwen3_14b,participants,lusa_106,cls_exp_temp0.3_nodelim_norole_nocot,A estrutura,N/A,Obj,tp,
qwen3_14b,participants,lusa_106,cls_exp_temp0.3_nodelim_norole_nocot,um poste de eletricidade,N/A,Obj,tp,
qwen3_14b,participants,lusa_106,cls_exp_temp0.3_nodelim_norole_nocot,a rua,N/A,Pl_civil,tp,
qwen3_14b,participants,lusa_106,cls_exp_temp0.3_nodelim_norole_nocot,o homem,N/A,Per,tp,
qwen3_14b,participants,lusa_106,cls_exp_temp0.3_nodelim_norole_nocot,o município,Loc,Org,tp,
qwen3_14b,participants,lusa_106,cls_exp_temp0.3_nodelim_norole_nocot,a Câmara do Porto,N/A,Org,tp,
qwen3_14b,participants,lusa_106,cls_exp_temp0.3_nodelim_norole_nocot,umas bombas de gasolina,N/A,Fac,tp,
qwen3_14b,participants,lusa_106,cls_exp_temp0.3_nodelim_norole_nocot,A vítima,N/A,Per,tp,
qwen3_14b,participants,lusa_106,cls_exp_temp0.3_nodelim_norole_nocot,um camião,N/A,Veh,tp,
qwen3_14b,participants,lusa_106,cls_exp_temp0.3_nodelim_norole_nocot,as autoridades,Org,Org,tp,
qwen3_14b,participants,lusa_106,cls_exp_temp0.3_nodelim_norole_nocot,um veículo,N/A,Veh,tp,
qwen3_14b,participants,lusa_106,cls_exp_temp0.3_nodelim_norole_nocot,o poste de iluminação,N/A,Obj,tp,
qwen3_14b,participants,lusa_106,cls_exp_temp0.3_nodelim_norole_nocot,PSP do Porto,N/A,,fp,
qwen3_14b,participants,lusa_106,cls_exp_temp0.3_nodelim_norole_nocot,Empresa Municipal de Ambiente do Porto,N/A,,fp,
qwen3_14b,participants,lusa_106,cls_exp_temp0.3_nodelim_norole_nocot,poste de iluminação,N/A,,fp,
qwen3_14b,participants,lusa_106,cls_exp_temp0.3_nodelim_norole_nocot,a fonte das Relações Públicas do Comando Metropolitano da PSP do Porto,N/A,,fp,
qwen3_14b,participants,lusa_106,cls_exp_temp0.3_nodelim_norole_nocot,Comando Metropolitano da PSP do Porto,N/A,,fp,
qwen3_14b,participants,lusa_106,cls_exp_temp0.3_nodelim_norole_nocot,Grua de camião,N/A,,fp,
qwen3_14b,participants,lusa_106,cls_exp_temp0.3_nodelim_norole_nocot,a grua do camião,N/A,,fp,
qwen3_14b,participants,lusa_106,cls_exp_temp0.3_nodelim_norole_nocot,Rua da Constituição,N/A,,fp,
qwen3_14b,participants,lusa_106,cls_exp_temp0.3_nodelim_norole_nocot,a sua família,N/A,,fp,
qwen3_14b,participants,lusa_106,cls_exp_temp0.3_nodelim_norole_nocot,Um homem,N/A,,fp,
qwen3_14b,participants,lusa_106,cls_exp_temp0.3_nodelim_norole_nocot,a empresa,Org,,fp,
qwen3_14b,participants,lusa_106,cls_exp_temp0.3_nodelim_norole_nocot,Porto,N/A,,fp,
qwen3_14b,participants,lusa_106,cls_exp_temp0.3_nodelim_norole_nocot,o acidente,N/A,,fp,
qwen3_14b,participants,lusa_106,cls_exp_temp0.3_nodelim_norole_nocot,fonte da PSP,N/A,,fp,
qwen3_14b,participants,lusa_106,cls_exp_temp0.3_nodelim_norole_nocot,homem de 52 anos,N/A,,fp,
qwen3_14b,participants,lusa_106,cls_exp_temp0.3_nodelim_norole_nocot,Hospital de Santo António,N/A,,fp,
qwen3_14b,participants,lusa_106,cls_exp_temp0.3_nodelim_norole_nocot,sua,,Per,fn,
qwen3_14b,participants,lusa_106,cls_exp_temp0.3_nodelim_norole_nocot,que,,Per,fn,
qwen3_14b,participants,lusa_106,cls_exp_temp0.3_nodelim_norole_nocot,Um homem de 52 anos,,Per,fn,
qwen3_14b,participants,lusa_106,cls_exp_temp0.3_nodelim_norole_nocot,o Hospital de Santo António,,Fac,fn,
qwen3_14b,participants,lusa_106,cls_exp_temp0.3_nodelim_norole_nocot,A empresa,,Org,fn,
qwen3_14b,participants,lusa_106,cls_exp_temp0.3_nodelim_norole_nocot,as condolências,,Other,fn,
qwen3_14b,participants,lusa_106,cls_exp_temp0.3_nodelim_norole_nocot,a Empresa Municipal de Ambiente,,Org,fn,
qwen3_14b,participants,lusa_106,cls_exp_temp0.3_nodelim_norole_nocot,família,,Per,fn,
qwen3_14b,participants,lusa_106,cls_exp_temp0.3_nodelim_norole_nocot,o Comando Metropolitano da PSP,,Org,fn,
qwen3_14b,participants,lusa_106,cls_exp_temp0.3_nodelim_norole_nocot,a PSP,,Org,fn,
qwen3_14b,participants,lusa_106,cls_exp_temp0.3_nodelim_norole_nocot,fonte,,Per,fn,
qwen3_14b,participants,lusa_106,cls_exp_temp0.3_nodelim_norole_nocot,a fonte,,Per,fn,
qwen3_14b,participants,lusa_106,cls_exp_temp0.3_nodelim_norole_nocot,as Relações Públicas,,Org,fn,
qwen3_14b,participants,lusa_106,cls_exp_temp0.3_nodelim_norole_nocot,a grua,,Obj,fn,
qwen3_14b,participants,lusa_106,cls_exp_temp0.3_nodelim_norole_nocot,o camião,,Obj,fn,
qwen3_14b,participants,lusa_106,cls_exp_temp0.3_nodelim_norole_nocot,o Comando Metropolitano da PSP do Porto,,Org,fn,
qwen3_14b,participants,lusa_106,cls_exp_temp0.3_nodelim_norole_nocot,a Rua da Constituição,,Pl_civil,fn,
qwen3_14b,participants,lusa_106,cls_exp_temp0.3_nodelim_norole_nocot,o Porto,,Org,fn,
qwen3_14b,participants,lusa_106,cls_exp_temp0.3_nodelim_norole_nocot,a Câmara,,Org,fn,
qwen3_14b,participants,lusa_106,cls_exp_temp0.3_nodelim_norole_nocot,a Empresa Municipal de Ambiente do Porto,,Org,fn,
qwen3_14b,participants,lusa_107,cls_exp_temp0.3_nodelim_norole_nocot,No local,N/A,Loc,tp,
qwen3_14b,participants,lusa_107,cls_exp_temp0.3_nodelim_norole_nocot,à Lusa,N/A,Org,tp,
qwen3_14b,participants,lusa_107,cls_exp_temp0.3_nodelim_norole_nocot,Homem de 60 anos,N/A,Per,tp,
qwen3_14b,participants,lusa_107,cls_exp_temp0.3_nodelim_norole_nocot,os bombeiros de Leixões,N/A,Org,tp,
qwen3_14b,participants,lusa_107,cls_exp_temp0.3_nodelim_norole_nocot,o homem,Per,Per,tp,
qwen3_14b,participants,lusa_107,cls_exp_temp0.3_nodelim_norole_nocot,telhado,N/A,Other,tp,
qwen3_14b,participants,lusa_107,cls_exp_temp0.3_nodelim_norole_nocot,fonte,N/A,Per,tp,
qwen3_14b,participants,lusa_107,cls_exp_temp0.3_nodelim_norole_nocot,Um homem de 60,N/A,Per,tp,
qwen3_14b,participants,lusa_107,cls_exp_temp0.3_nodelim_norole_nocot,a fonte,Per,Per,tp,
qwen3_14b,participants,lusa_107,cls_exp_temp0.3_nodelim_norole_nocot,telhado da sua habitação,N/A,,fp,
qwen3_14b,participants,lusa_107,cls_exp_temp0.3_nodelim_norole_nocot,PSP,N/A,,fp,
qwen3_14b,participants,lusa_107,cls_exp_temp0.3_nodelim_norole_nocot,distrito do Porto,N/A,,fp,
qwen3_14b,participants,lusa_107,cls_exp_temp0.3_nodelim_norole_nocot,Matosinhos,N/A,,fp,
qwen3_14b,participants,lusa_107,cls_exp_temp0.3_nodelim_norole_nocot,fonte da PSP,N/A,,fp,
qwen3_14b,participants,lusa_107,cls_exp_temp0.3_nodelim_norole_nocot,Rua Augusto Gil,Loc,,fp,
qwen3_14b,participants,lusa_107,cls_exp_temp0.3_nodelim_norole_nocot,Lusa,N/A,,fp,
qwen3_14b,participants,lusa_107,cls_exp_temp0.3_nodelim_norole_nocot,habitação,,Other,fn,
qwen3_14b,participants,lusa_107,cls_exp_temp0.3_nodelim_norole_nocot,a Rua Augusto Gil,,Loc,fn,
qwen3_14b,participants,lusa_107,cls_exp_temp0.3_nodelim_norole_nocot,no distrito do Porto,,Loc,fn,
qwen3_14b,participants,lusa_107,cls_exp_temp0.3_nodelim_norole_nocot,que,,Other,fn,
qwen3_14b,participants,lusa_107,cls_exp_temp0.3_nodelim_norole_nocot,a PSP,,Org,fn,
qwen3_14b,participants,lusa_107,cls_exp_temp0.3_nodelim_norole_nocot,uma altura de sete metros,,Other,fn,
qwen3_14b,participants,lusa_107,cls_exp_temp0.3_nodelim_norole_nocot,sua,,Per,fn,
qwen3_14b,participants,lusa_107,cls_exp_temp0.3_nodelim_norole_nocot,em Matosinhos,,Loc,fn,
qwen3_14b,participants,lusa_107,cls_exp_temp0.3_nodelim_norole_nocot,o telhado,,Other,fn,
qwen3_14b,participants,lusa_108,cls_exp_temp0.3_nodelim_norole_nocot,Mem Martins,Loc,Loc,tp,
qwen3_14b,participants,lusa_108,cls_exp_temp0.3_nodelim_norole_nocot,Homem,Per,Per,tp,
qwen3_14b,participants,lusa_108,cls_exp_temp0.3_nodelim_norole_nocot,Algueirão-Mem Martins,N/A,Loc,tp,
qwen3_14b,participants,lusa_108,cls_exp_temp0.3_nodelim_norole_nocot,uma,N/A,Per,tp,
qwen3_14b,participants,lusa_108,cls_exp_temp0.3_nodelim_norole_nocot,outro,N/A,Per,tp,
qwen3_14b,participants,lusa_108,cls_exp_temp0.3_nodelim_norole_nocot,as vítimas,N/A,Per,tp,
qwen3_14b,participants,lusa_108,cls_exp_temp0.3_nodelim_norole_nocot,Um homem,N/A,Per,tp,
qwen3_14b,participants,lusa_108,cls_exp_temp0.3_nodelim_norole_nocot,a PSP,N/A,Org,tp,
qwen3_14b,participants,lusa_108,cls_exp_temp0.3_nodelim_norole_nocot,arma de fogo,N/A,Obj,tp,
qwen3_14b,participants,lusa_108,cls_exp_temp0.3_nodelim_norole_nocot,a outra,N/A,Per,tp,
qwen3_14b,participants,lusa_108,cls_exp_temp0.3_nodelim_norole_nocot,fonte,N/A,Per,tp,
qwen3_14b,participants,lusa_108,cls_exp_temp0.3_nodelim_norole_nocot,Sintra,N/A,Loc,tp,
qwen3_14b,participants,lusa_108,cls_exp_temp0.3_nodelim_norole_nocot,duas pessoas,N/A,Per,tp,
qwen3_14b,participants,lusa_108,cls_exp_temp0.3_nodelim_norole_nocot,Amadora-Sintra,N/A,,fp,
qwen3_14b,participants,lusa_108,cls_exp_temp0.3_nodelim_norole_nocot,Lisboa,N/A,,fp,
qwen3_14b,participants,lusa_108,cls_exp_temp0.3_nodelim_norole_nocot,Cometlis,N/A,,fp,
qwen3_14b,participants,lusa_108,cls_exp_temp0.3_nodelim_norole_nocot,Estrada de Mem Martins,N/A,,fp,
qwen3_14b,participants,lusa_108,cls_exp_temp0.3_nodelim_norole_nocot,Hospital Professor Doutor Fernando Fonseca,N/A,,fp,
qwen3_14b,participants,lusa_108,cls_exp_temp0.3_nodelim_norole_nocot,agência Lusa,N/A,,fp,
qwen3_14b,participants,lusa_108,cls_exp_temp0.3_nodelim_norole_nocot,Comando Metropolitano de Lisboa,N/A,,fp,
qwen3_14b,participants,lusa_108,cls_exp_temp0.3_nodelim_norole_nocot,a Estrada,,Loc,fn,
qwen3_14b,participants,lusa_108,cls_exp_temp0.3_nodelim_norole_nocot,a Polícia Judiciária (PJ),,Org,fn,
qwen3_14b,participants,lusa_108,cls_exp_temp0.3_nodelim_norole_nocot,mais pormenores,,Other,fn,
qwen3_14b,participants,lusa_108,cls_exp_temp0.3_nodelim_norole_nocot,maneira,,Other,fn,
qwen3_14b,participants,lusa_108,cls_exp_temp0.3_nodelim_norole_nocot,o Cometlis,,Org,fn,
qwen3_14b,participants,lusa_108,cls_exp_temp0.3_nodelim_norole_nocot,o distrito de Lisboa,,Loc,fn,
qwen3_14b,participants,lusa_108,cls_exp_temp0.3_nodelim_norole_nocot,onde,,Loc,fn,
qwen3_14b,participants,lusa_108,cls_exp_temp0.3_nodelim_norole_nocot,o local,,Loc,fn,
qwen3_14b,participants,lusa_108,cls_exp_temp0.3_nodelim_norole_nocot,o Hospital Professor Doutor Fernando Fonseca (Amadora-Sintra),,Loc,fn,
qwen3_14b,participants,lusa_108,cls_exp_temp0.3_nodelim_norole_nocot,à agência Lusa,,Org,fn,
qwen3_14b,participants,lusa_108,cls_exp_temp0.3_nodelim_norole_nocot,o Comando Metropolitano de Lisboa (Cometlis),,Org,fn,
qwen3_14b,participants,lusa_109,cls_exp_temp0.3_nodelim_norole_nocot,a ravina,N/A,Nat,tp,
qwen3_14b,participants,lusa_109,cls_exp_temp0.3_nodelim_norole_nocot,o comandante Júlio Pereira,N/A,Per,tp,
qwen3_14b,participants,lusa_109,cls_exp_temp0.3_nodelim_norole_nocot,a viatura de resgate em grande ângulo,N/A,Obj,tp,
qwen3_14b,participants,lusa_109,cls_exp_temp0.3_nodelim_norole_nocot,a vítima,N/A,Per,tp,
qwen3_14b,participants,lusa_109,cls_exp_temp0.3_nodelim_norole_nocot,uma árvore,N/A,Nat,tp,
qwen3_14b,participants,lusa_109,cls_exp_temp0.3_nodelim_norole_nocot,Os Bombeiros de Felgueiras,N/A,Org,tp,
qwen3_14b,participants,lusa_109,cls_exp_temp0.3_nodelim_norole_nocot,uma ambulância,N/A,Obj,tp,
qwen3_14b,participants,lusa_109,cls_exp_temp0.3_nodelim_norole_nocot,Homem,Per,Per,tp,
qwen3_14b,participants,lusa_109,cls_exp_temp0.3_nodelim_norole_nocot,árvore,N/A,Nat,tp,
qwen3_14b,participants,lusa_109,cls_exp_temp0.3_nodelim_norole_nocot,a viatura de desencarceramento,N/A,Obj,tp,
qwen3_14b,participants,lusa_109,cls_exp_temp0.3_nodelim_norole_nocot,O homem,N/A,Per,tp,
qwen3_14b,participants,lusa_109,cls_exp_temp0.3_nodelim_norole_nocot,a fonte,Per,Per,tp,
qwen3_14b,participants,lusa_109,cls_exp_temp0.3_nodelim_norole_nocot,Um homem de 31 anos,N/A,Per,tp,
qwen3_14b,participants,lusa_109,cls_exp_temp0.3_nodelim_norole_nocot,A vítima,Per,Per,tp,
qwen3_14b,participants,lusa_109,cls_exp_temp0.3_nodelim_norole_nocot,a árvore,N/A,Nat,tp,
qwen3_14b,participants,lusa_109,cls_exp_temp0.3_nodelim_norole_nocot,a corporação de Felgueiras,N/A,Org,tp,
qwen3_14b,participants,lusa_109,cls_exp_temp0.3_nodelim_norole_nocot,Lusa,N/A,Org,tp,
qwen3_14b,participants,lusa_109,cls_exp_temp0.3_nodelim_norole_nocot,fonte dos bombeiros,N/A,,fp,
qwen3_14b,participants,lusa_109,cls_exp_temp0.3_nodelim_norole_nocot,equipa de grande ângulo da corporação,N/A,,fp,
qwen3_14b,participants,lusa_109,cls_exp_temp0.3_nodelim_norole_nocot,Vale do Sousa,N/A,,fp,
qwen3_14b,participants,lusa_109,cls_exp_temp0.3_nodelim_norole_nocot,Regilde,Loc,,fp,
qwen3_14b,participants,lusa_109,cls_exp_temp0.3_nodelim_norole_nocot,Vizela,Loc,,fp,
qwen3_14b,participants,lusa_109,cls_exp_temp0.3_nodelim_norole_nocot,Hospital de Guimarães,N/A,,fp,
qwen3_14b,participants,lusa_109,cls_exp_temp0.3_nodelim_norole_nocot,concelho de Felgueiras,Loc,,fp,
qwen3_14b,participants,lusa_109,cls_exp_temp0.3_nodelim_norole_nocot,Felgueiras,Loc,,fp,
qwen3_14b,participants,lusa_109,cls_exp_temp0.3_nodelim_norole_nocot,equipa da Viatura Médica de Emergência e Reanimação (VMER),N/A,,fp,
qwen3_14b,participants,lusa_109,cls_exp_temp0.3_nodelim_norole_nocot,ravina,N/A,,fp,
qwen3_14b,participants,lusa_109,cls_exp_temp0.3_nodelim_norole_nocot,a equipa de grande ângulo,,Per,fn,
qwen3_14b,participants,lusa_109,cls_exp_temp0.3_nodelim_norole_nocot,no concelho de Felgueiras,,Loc,fn,
qwen3_14b,participants,lusa_109,cls_exp_temp0.3_nodelim_norole_nocot,o Hospital de Guimarães,,Loc,fn,
qwen3_14b,participants,lusa_109,cls_exp_temp0.3_nodelim_norole_nocot,a equipa,,Per,fn,
qwen3_14b,participants,lusa_109,cls_exp_temp0.3_nodelim_norole_nocot,no local,,Loc,fn,
qwen3_14b,participants,lusa_109,cls_exp_temp0.3_nodelim_norole_nocot,uma ravina com cerca de sete metros,,Nat,fn,
qwen3_14b,participants,lusa_109,cls_exp_temp0.3_nodelim_norole_nocot,a Viatura Médica de Emergência e Reanimação (VMER) do Vale do Sousa,,Org,fn,
qwen3_14b,participants,lusa_109,cls_exp_temp0.3_nodelim_norole_nocot,em Vizela,,Loc,fn,
qwen3_14b,participants,lusa_109,cls_exp_temp0.3_nodelim_norole_nocot,a corporação,,Org,fn,
qwen3_14b,participants,lusa_109,cls_exp_temp0.3_nodelim_norole_nocot,em Felgueiras,,Loc,fn,
qwen3_14b,participants,lusa_109,cls_exp_temp0.3_nodelim_norole_nocot,fonte,,Per,fn,
qwen3_14b,participants,lusa_109,cls_exp_temp0.3_nodelim_norole_nocot,os bombeiros,,Org,fn,
qwen3_14b,participants,lusa_109,cls_exp_temp0.3_nodelim_norole_nocot,A GNR,,Org,fn,
qwen3_14b,participants,lusa_109,cls_exp_temp0.3_nodelim_norole_nocot,o local,,Loc,fn,
qwen3_14b,participants,lusa_109,cls_exp_temp0.3_nodelim_norole_nocot,em Regilde,,Loc,fn,
qwen3_14b,participants,lusa_110,cls_exp_temp0.3_nodelim_norole_nocot,a mesma fonte,N/A,Per,tp,
qwen3_14b,participants,lusa_110,cls_exp_temp0.3_nodelim_norole_nocot,Homem,N/A,Per,tp,
qwen3_14b,participants,lusa_110,cls_exp_temp0.3_nodelim_norole_nocot,habitação,N/A,Loc,tp,
qwen3_14b,participants,lusa_110,cls_exp_temp0.3_nodelim_norole_nocot,um homem na casa dos 70 anos,N/A,Per,tp,
qwen3_14b,participants,lusa_110,cls_exp_temp0.3_nodelim_norole_nocot,Roberto Gonçalves,Per,Per,tp,
qwen3_14b,participants,lusa_110,cls_exp_temp0.3_nodelim_norole_nocot,Ricardo Nascimento,Per,Per,tp,
qwen3_14b,participants,lusa_110,cls_exp_temp0.3_nodelim_norole_nocot,o homem,N/A,Per,tp,
qwen3_14b,participants,lusa_110,cls_exp_temp0.3_nodelim_norole_nocot,o fogo,N/A,Nat,tp,
qwen3_14b,participants,lusa_110,cls_exp_temp0.3_nodelim_norole_nocot,a corporação,N/A,Org,tp,
qwen3_14b,participants,lusa_110,cls_exp_temp0.3_nodelim_norole_nocot,Um homem,N/A,Per,tp,
qwen3_14b,participants,lusa_110,cls_exp_temp0.3_nodelim_norole_nocot,A vítima,N/A,Per,tp,
qwen3_14b,participants,lusa_110,cls_exp_temp0.3_nodelim_norole_nocot,fonte,N/A,Per,tp,
qwen3_14b,participants,lusa_110,cls_exp_temp0.3_nodelim_norole_nocot,o quarto,N/A,Loc,tp,
qwen3_14b,participants,lusa_110,cls_exp_temp0.3_nodelim_norole_nocot,a vítima,Per,Per,tp,
qwen3_14b,participants,lusa_110,cls_exp_temp0.3_nodelim_norole_nocot,um quarto de dormir,Loc,Loc,tp,
qwen3_14b,participants,lusa_110,cls_exp_temp0.3_nodelim_norole_nocot,Lusa,N/A,Org,tp,
qwen3_14b,participants,lusa_110,cls_exp_temp0.3_nodelim_norole_nocot,O presidente da Câmara Municipal da Ribeira Brava,Per,,fp,
qwen3_14b,participants,lusa_110,cls_exp_temp0.3_nodelim_norole_nocot,corporação,Org,,fp,
qwen3_14b,participants,lusa_110,cls_exp_temp0.3_nodelim_norole_nocot,dos bombeiros da localidade,N/A,,fp,
qwen3_14b,participants,lusa_110,cls_exp_temp0.3_nodelim_norole_nocot,incêndio,N/A,,fp,
qwen3_14b,participants,lusa_110,cls_exp_temp0.3_nodelim_norole_nocot,à Lusa,Org,,fp,
qwen3_14b,participants,lusa_110,cls_exp_temp0.3_nodelim_norole_nocot,Ponta do Sol,N/A,,fp,
qwen3_14b,participants,lusa_110,cls_exp_temp0.3_nodelim_norole_nocot,os elementos da corporação,N/A,,fp,
qwen3_14b,participants,lusa_110,cls_exp_temp0.3_nodelim_norole_nocot,corporação dos Bombeiros Voluntários da Ribeira Brava e Ponta do Sol,N/A,,fp,
qwen3_14b,participants,lusa_110,cls_exp_temp0.3_nodelim_norole_nocot,hall de entrada da habitação,Loc,,fp,
qwen3_14b,participants,lusa_110,cls_exp_temp0.3_nodelim_norole_nocot,concelho da Ribeira Brava,N/A,,fp,
qwen3_14b,participants,lusa_110,cls_exp_temp0.3_nodelim_norole_nocot,chefe de serviço da corporação,N/A,,fp,
qwen3_14b,participants,lusa_110,cls_exp_temp0.3_nodelim_norole_nocot,o incêndio,N/A,,fp,
qwen3_14b,participants,lusa_110,cls_exp_temp0.3_nodelim_norole_nocot,zona oeste,N/A,,fp,
qwen3_14b,participants,lusa_110,cls_exp_temp0.3_nodelim_norole_nocot,Ribeira Brava,N/A,,fp,
qwen3_14b,participants,lusa_110,cls_exp_temp0.3_nodelim_norole_nocot,as forças policiais,Org,,fp,
qwen3_14b,participants,lusa_110,cls_exp_temp0.3_nodelim_norole_nocot,Madeira,N/A,,fp,
qwen3_14b,participants,lusa_110,cls_exp_temp0.3_nodelim_norole_nocot,fogo,,Nat,fn,
qwen3_14b,participants,lusa_110,cls_exp_temp0.3_nodelim_norole_nocot,a habitação,,Loc,fn,
qwen3_14b,participants,lusa_110,cls_exp_temp0.3_nodelim_norole_nocot,o hall de entrada,,Loc,fn,
qwen3_14b,participants,lusa_110,cls_exp_temp0.3_nodelim_norole_nocot,que,,Per,fn,
qwen3_14b,participants,lusa_110,cls_exp_temp0.3_nodelim_norole_nocot,as causas,,Other,fn,
qwen3_14b,participants,lusa_110,cls_exp_temp0.3_nodelim_norole_nocot,chefe de serviço,,Per,fn,
qwen3_14b,participants,lusa_110,cls_exp_temp0.3_nodelim_norole_nocot,uma habitação,,Loc,fn,
qwen3_14b,participants,lusa_110,cls_exp_temp0.3_nodelim_norole_nocot,fumo,,Nat,fn,
qwen3_14b,participants,lusa_110,cls_exp_temp0.3_nodelim_norole_nocot,a Ribeira Brava,,Loc,fn,
qwen3_14b,participants,lusa_110,cls_exp_temp0.3_nodelim_norole_nocot,sinais,,Other,fn,
qwen3_14b,participants,lusa_110,cls_exp_temp0.3_nodelim_norole_nocot,os bombeiros,,Org,fn,
qwen3_14b,participants,lusa_110,cls_exp_temp0.3_nodelim_norole_nocot,a Câmara Municipal da Ribeira Brava,,Org,fn,
qwen3_14b,participants,lusa_110,cls_exp_temp0.3_nodelim_norole_nocot,a sua,,Per,fn,
qwen3_14b,participants,lusa_110,cls_exp_temp0.3_nodelim_norole_nocot,s forças policiais,,Org,fn,
qwen3_14b,participants,lusa_110,cls_exp_temp0.3_nodelim_norole_nocot,o interior,,Loc,fn,
qwen3_14b,participants,lusa_110,cls_exp_temp0.3_nodelim_norole_nocot,a zona oeste da Madeira,,Loc,fn,
qwen3_14b,participants,lusa_110,cls_exp_temp0.3_nodelim_norole_nocot,gases,,Nat,fn,
qwen3_14b,participants,lusa_110,cls_exp_temp0.3_nodelim_norole_nocot,o concelho da Ribeira Brava,,Loc,fn,
qwen3_14b,participants,lusa_110,cls_exp_temp0.3_nodelim_norole_nocot,os elementos,,Per,fn,
qwen3_14b,participants,lusa_110,cls_exp_temp0.3_nodelim_norole_nocot,as chamas,,Nat,fn,
qwen3_14b,participants,lusa_110,cls_exp_temp0.3_nodelim_norole_nocot,lá,,Loc,fn,
qwen3_14b,participants,lusa_110,cls_exp_temp0.3_nodelim_norole_nocot,a localidade,,Loc,fn,
qwen3_14b,participants,lusa_110,cls_exp_temp0.3_nodelim_norole_nocot,a corporação dos Bombeiros Voluntários da Ribeira Brava e Ponta do Sol,,Org,fn,
qwen3_14b,participants,lusa_110,cls_exp_temp0.3_nodelim_norole_nocot,onde,,Loc,fn,
qwen3_14b,participants,lusa_110,cls_exp_temp0.3_nodelim_norole_nocot,O presidente,,Per,fn,
qwen3_14b,participants,lusa_111,cls_exp_temp0.3_nodelim_norole_nocot,fontes,N/A,Per,tp,
qwen3_14b,participants,lusa_111,cls_exp_temp0.3_nodelim_norole_nocot,Um homem com 34 anos,N/A,Per,tp,
qwen3_14b,participants,lusa_111,cls_exp_temp0.3_nodelim_norole_nocot,motociclo,Obj,Per,tp,
qwen3_14b,participants,lusa_111,cls_exp_temp0.3_nodelim_norole_nocot,Homem,Per,Per,tp,
qwen3_14b,participants,lusa_111,cls_exp_temp0.3_nodelim_norole_nocot,o motociclo,N/A,Obj,tp,
qwen3_14b,participants,lusa_111,cls_exp_temp0.3_nodelim_norole_nocot,cinco viaturas,N/A,Obj,tp,
qwen3_14b,participants,lusa_111,cls_exp_temp0.3_nodelim_norole_nocot,em Celorico da Beira,N/A,Loc,tp,
qwen3_14b,participants,lusa_111,cls_exp_temp0.3_nodelim_norole_nocot,CDOS,N/A,Org,tp,
qwen3_14b,participants,lusa_111,cls_exp_temp0.3_nodelim_norole_nocot,dez elementos,N/A,Per,tp,
qwen3_14b,participants,lusa_111,cls_exp_temp0.3_nodelim_norole_nocot,agência Lusa,N/A,Org,tp,
qwen3_14b,participants,lusa_111,cls_exp_temp0.3_nodelim_norole_nocot,no distrito da Guarda,N/A,Loc,tp,
qwen3_14b,participants,lusa_111,cls_exp_temp0.3_nodelim_norole_nocot,Celorico da Beira,Loc,,fp,
qwen3_14b,participants,lusa_111,cls_exp_temp0.3_nodelim_norole_nocot,Bombeiros Voluntários de Celorico da Beira,N/A,,fp,
qwen3_14b,participants,lusa_111,cls_exp_temp0.3_nodelim_norole_nocot,fonte do CDOS,N/A,,fp,
qwen3_14b,participants,lusa_111,cls_exp_temp0.3_nodelim_norole_nocot,Viatura Médica de Emergência e Reanimação (VMER),N/A,,fp,
qwen3_14b,participants,lusa_111,cls_exp_temp0.3_nodelim_norole_nocot,médico,N/A,,fp,
qwen3_14b,participants,lusa_111,cls_exp_temp0.3_nodelim_norole_nocot,na Estrada Nacional 17,N/A,,fp,
qwen3_14b,participants,lusa_111,cls_exp_temp0.3_nodelim_norole_nocot,VMER da Guarda,N/A,,fp,
qwen3_14b,participants,lusa_111,cls_exp_temp0.3_nodelim_norole_nocot,VMER,N/A,,fp,
qwen3_14b,participants,lusa_111,cls_exp_temp0.3_nodelim_norole_nocot,condutor do motociclo,N/A,,fp,
qwen3_14b,participants,lusa_111,cls_exp_temp0.3_nodelim_norole_nocot,GNR,N/A,,fp,
qwen3_14b,participants,lusa_111,cls_exp_temp0.3_nodelim_norole_nocot,proteção civil,N/A,,fp,
qwen3_14b,participants,lusa_111,cls_exp_temp0.3_nodelim_norole_nocot,fontes da proteção civil e da GNR,N/A,,fp,
qwen3_14b,participants,lusa_111,cls_exp_temp0.3_nodelim_norole_nocot,a Estrada Nacional 17,,Loc,fn,
qwen3_14b,participants,lusa_111,cls_exp_temp0.3_nodelim_norole_nocot,que,,Per,fn,
qwen3_14b,participants,lusa_111,cls_exp_temp0.3_nodelim_norole_nocot,as causas,,Other,fn,
qwen3_14b,participants,lusa_111,cls_exp_temp0.3_nodelim_norole_nocot,a Guarda,,Pl_civil,fn,
qwen3_14b,participants,lusa_111,cls_exp_temp0.3_nodelim_norole_nocot,o concelho de Celorico da Beira,,Loc,fn,
qwen3_14b,participants,lusa_111,cls_exp_temp0.3_nodelim_norole_nocot,o Comando Distrital de Operações de Socorro,,Org,fn,
qwen3_14b,participants,lusa_111,cls_exp_temp0.3_nodelim_norole_nocot,a localidade de Cortiço da Serra,,Loc,fn,
qwen3_14b,participants,lusa_111,cls_exp_temp0.3_nodelim_norole_nocot,no sentido Celorico da Beira - Cortiço da Serra,,Loc,fn,
qwen3_14b,participants,lusa_111,cls_exp_temp0.3_nodelim_norole_nocot,o condutor do motociclo,,Per,fn,
qwen3_14b,participants,lusa_111,cls_exp_temp0.3_nodelim_norole_nocot,Fonte,,Per,fn,
qwen3_14b,participants,lusa_111,cls_exp_temp0.3_nodelim_norole_nocot,o local,,Loc,fn,
qwen3_14b,participants,lusa_111,cls_exp_temp0.3_nodelim_norole_nocot,Lusa,,Org,fn,
qwen3_14b,participants,lusa_111,cls_exp_temp0.3_nodelim_norole_nocot,a Viatura Médica de Emergência e Reanimação (VMER),,Obj,fn,
qwen3_14b,participants,lusa_111,cls_exp_temp0.3_nodelim_norole_nocot,a VMER da Guarda,,Obj,fn,
qwen3_14b,participants,lusa_111,cls_exp_temp0.3_nodelim_norole_nocot,os Bombeiros Voluntários de Celorico da Beira,,Org,fn,
qwen3_14b,participants,lusa_111,cls_exp_temp0.3_nodelim_norole_nocot,o médico,,Per,fn,
qwen3_14b,participants,lusa_111,cls_exp_temp0.3_nodelim_norole_nocot,fonte,,Per,fn,
qwen3_14b,participants,lusa_111,cls_exp_temp0.3_nodelim_norole_nocot,o Núcleo de Investigação de Crimes em Acidentes de Viação,,Org,fn,
qwen3_14b,participants,lusa_111,cls_exp_temp0.3_nodelim_norole_nocot,a fonte,,Per,fn,
qwen3_14b,participants,lusa_111,cls_exp_temp0.3_nodelim_norole_nocot,no local,,Loc,fn,
qwen3_14b,participants,lusa_111,cls_exp_temp0.3_nodelim_norole_nocot,o CDOS,,Org,fn,
qwen3_14b,participants,lusa_111,cls_exp_temp0.3_nodelim_norole_nocot,alguns metros antes,,Loc,fn,
qwen3_14b,participants,lusa_111,cls_exp_temp0.3_nodelim_norole_nocot,a GNR,,Org,fn,
qwen3_14b,participants,lusa_111,cls_exp_temp0.3_nodelim_norole_nocot,o Comando Territorial,,Fac,fn,
qwen3_14b,participants,lusa_111,cls_exp_temp0.3_nodelim_norole_nocot,a proteção civil,,Org,fn,
qwen3_14b,participants,lusa_113,cls_exp_temp0.3_nodelim_norole_nocot,O detido,N/A,Per,tp,
qwen3_14b,participants,lusa_113,cls_exp_temp0.3_nodelim_norole_nocot,uma irmã,N/A,Per,tp,
qwen3_14b,participants,lusa_113,cls_exp_temp0.3_nodelim_norole_nocot,o suspeito,N/A,Per,tp,
qwen3_14b,participants,lusa_113,cls_exp_temp0.3_nodelim_norole_nocot,uma navalha,N/A,Obj,tp,
qwen3_14b,participants,lusa_113,cls_exp_temp0.3_nodelim_norole_nocot,uma machada,N/A,Obj,tp,
qwen3_14b,participants,lusa_113,cls_exp_temp0.3_nodelim_norole_nocot,aquela força de segurança,N/A,Org,tp,
qwen3_14b,participants,lusa_113,cls_exp_temp0.3_nodelim_norole_nocot,a Guarda,N/A,Org,tp,
qwen3_14b,participants,lusa_113,cls_exp_temp0.3_nodelim_norole_nocot,a irmã de 12 anos,N/A,Per,tp,
qwen3_14b,participants,lusa_113,cls_exp_temp0.3_nodelim_norole_nocot,a mãe de 46 anos,N/A,Per,tp,
qwen3_14b,participants,lusa_113,cls_exp_temp0.3_nodelim_norole_nocot,as vítimas,N/A,Per,tp,
qwen3_14b,participants,lusa_113,cls_exp_temp0.3_nodelim_norole_nocot,Um homem de 26 anos,N/A,Per,tp,
qwen3_14b,participants,lusa_113,cls_exp_temp0.3_nodelim_norole_nocot,a GNR,N/A,Org,tp,
qwen3_14b,participants,lusa_113,cls_exp_temp0.3_nodelim_norole_nocot,o agressor,N/A,Per,tp,
qwen3_14b,participants,lusa_113,cls_exp_temp0.3_nodelim_norole_nocot,a mãe,N/A,,fp,
qwen3_14b,participants,lusa_113,cls_exp_temp0.3_nodelim_norole_nocot,homem de 26 anos,N/A,,fp,
qwen3_14b,participants,lusa_113,cls_exp_temp0.3_nodelim_norole_nocot,Foz Côa,N/A,,fp,
qwen3_14b,participants,lusa_113,cls_exp_temp0.3_nodelim_norole_nocot,Tribunal Judicial de Seia,N/A,,fp,
qwen3_14b,participants,lusa_113,cls_exp_temp0.3_nodelim_norole_nocot,militares,N/A,,fp,
qwen3_14b,participants,lusa_113,cls_exp_temp0.3_nodelim_norole_nocot,as portas da habitação,N/A,,fp,
qwen3_14b,participants,lusa_113,cls_exp_temp0.3_nodelim_norole_nocot,GNR,N/A,,fp,
qwen3_14b,participants,lusa_113,cls_exp_temp0.3_nodelim_norole_nocot,os militares da Guarda,N/A,,fp,
qwen3_14b,participants,lusa_113,cls_exp_temp0.3_nodelim_norole_nocot,pela GNR,,Org,fn,
qwen3_14b,participants,lusa_113,cls_exp_temp0.3_nodelim_norole_nocot,comunicado,,Obj,fn,
qwen3_14b,participants,lusa_113,cls_exp_temp0.3_nodelim_norole_nocot,Os objetos,,Obj,fn,
qwen3_14b,participants,lusa_113,cls_exp_temp0.3_nodelim_norole_nocot,o concelho de Foz Côa,,Loc,fn,
qwen3_14b,participants,lusa_113,cls_exp_temp0.3_nodelim_norole_nocot,à mãe,,Per,fn,
qwen3_14b,participants,lusa_113,cls_exp_temp0.3_nodelim_norole_nocot,a habitação,,Obj,fn,
qwen3_14b,participants,lusa_113,cls_exp_temp0.3_nodelim_norole_nocot,antecedentes criminais,,Other,fn,
qwen3_14b,participants,lusa_113,cls_exp_temp0.3_nodelim_norole_nocot,as portas,,Obj,fn,
qwen3_14b,participants,lusa_113,cls_exp_temp0.3_nodelim_norole_nocot,onde,,Loc,fn,
qwen3_14b,participants,lusa_113,cls_exp_temp0.3_nodelim_norole_nocot,o local,,Loc,fn,
qwen3_14b,participants,lusa_113,cls_exp_temp0.3_nodelim_norole_nocot,medida de coação,,Other,fn,
qwen3_14b,participants,lusa_113,cls_exp_temp0.3_nodelim_norole_nocot,prisão preventiva,,Other,fn,
qwen3_14b,participants,lusa_113,cls_exp_temp0.3_nodelim_norole_nocot,no Tribunal Judicial de Seia,,Org,fn,
qwen3_14b,participants,lusa_113,cls_exp_temp0.3_nodelim_norole_nocot,os militares,,Per,fn,
qwen3_14b,participants,lusa_114,cls_exp_temp0.3_nodelim_norole_nocot,um homem de 56 anos,N/A,Per,tp,
qwen3_14b,participants,lusa_114,cls_exp_temp0.3_nodelim_norole_nocot,mais de duas centenas de ficheiros informáticos,N/A,Other,tp,
qwen3_14b,participants,lusa_114,cls_exp_temp0.3_nodelim_norole_nocot,O detido,N/A,Per,tp,
qwen3_14b,participants,lusa_114,cls_exp_temp0.3_nodelim_norole_nocot,o suspeito,N/A,Per,tp,
qwen3_14b,participants,lusa_114,cls_exp_temp0.3_nodelim_norole_nocot,conteúdos,N/A,Other,tp,
qwen3_14b,participants,lusa_114,cls_exp_temp0.3_nodelim_norole_nocot,esta polícia,N/A,Org,tp,
qwen3_14b,participants,lusa_114,cls_exp_temp0.3_nodelim_norole_nocot,telemóveis,N/A,Obj,tp,
qwen3_14b,participants,lusa_114,cls_exp_temp0.3_nodelim_norole_nocot,o homem,N/A,Per,tp,
qwen3_14b,participants,lusa_114,cls_exp_temp0.3_nodelim_norole_nocot,vários telemóveis,N/A,Obj,tp,
qwen3_14b,participants,lusa_114,cls_exp_temp0.3_nodelim_norole_nocot,a PJ,N/A,Org,tp,
qwen3_14b,participants,lusa_114,cls_exp_temp0.3_nodelim_norole_nocot,A Polícia Judiciária (PJ),N/A,Org,tp,
qwen3_14b,participants,lusa_114,cls_exp_temp0.3_nodelim_norole_nocot,Évora,N/A,,fp,
qwen3_14b,participants,lusa_114,cls_exp_temp0.3_nodelim_norole_nocot,distrito de Évora,N/A,,fp,
qwen3_14b,participants,lusa_114,cls_exp_temp0.3_nodelim_norole_nocot,os equipamentos,N/A,,fp,
qwen3_14b,participants,lusa_114,cls_exp_temp0.3_nodelim_norole_nocot,a detenção,N/A,,fp,
qwen3_14b,participants,lusa_114,cls_exp_temp0.3_nodelim_norole_nocot,imagens de menores em situações de cariz sexual,N/A,,fp,
qwen3_14b,participants,lusa_114,cls_exp_temp0.3_nodelim_norole_nocot,elementos da Unidade Local de Investigação Criminal de Évora,N/A,,fp,
qwen3_14b,participants,lusa_114,cls_exp_temp0.3_nodelim_norole_nocot,suspeitas da prática do crime de pornografia de menores através de telemóveis,N/A,,fp,
qwen3_14b,participants,lusa_114,cls_exp_temp0.3_nodelim_norole_nocot,residente no distrito de Évora,N/A,,fp,
qwen3_14b,participants,lusa_114,cls_exp_temp0.3_nodelim_norole_nocot,suspeito,N/A,,fp,
qwen3_14b,participants,lusa_114,cls_exp_temp0.3_nodelim_norole_nocot,Polícia Judiciária,N/A,,fp,
qwen3_14b,participants,lusa_114,cls_exp_temp0.3_nodelim_norole_nocot,comunicado,,Obj,fn,
qwen3_14b,participants,lusa_114,cls_exp_temp0.3_nodelim_norole_nocot,menores,,Per,fn,
qwen3_14b,participants,lusa_114,cls_exp_temp0.3_nodelim_norole_nocot,elementos,,Per,fn,
qwen3_14b,participants,lusa_114,cls_exp_temp0.3_nodelim_norole_nocot,o distrito de Évora,,Pl_civil,fn,
qwen3_14b,participants,lusa_114,cls_exp_temp0.3_nodelim_norole_nocot,esses equipamentos,,Obj,fn,
qwen3_14b,participants,lusa_114,cls_exp_temp0.3_nodelim_norole_nocot,a Unidade Local de Investigação Criminal de Évora,,Org,fn,
qwen3_14b,participants,lusa_114,cls_exp_temp0.3_nodelim_norole_nocot,medidas de coação,,Other,fn,
qwen3_14b,participants,lusa_114,cls_exp_temp0.3_nodelim_norole_nocot,imagens,,Other,fn,
qwen3_14b,participants,lusa_115,cls_exp_temp0.3_nodelim_norole_nocot,várias munições,N/A,Obj,tp,
qwen3_14b,participants,lusa_115,cls_exp_temp0.3_nodelim_norole_nocot,Lisboa,N/A,Pl_civil,tp,
qwen3_14b,participants,lusa_115,cls_exp_temp0.3_nodelim_norole_nocot,a mesma fonte,N/A,Per,tp,
qwen3_14b,participants,lusa_115,cls_exp_temp0.3_nodelim_norole_nocot,Quatro homens,N/A,Per,tp,
qwen3_14b,participants,lusa_115,cls_exp_temp0.3_nodelim_norole_nocot,fonte policial,N/A,Per,tp,
qwen3_14b,participants,lusa_115,cls_exp_temp0.3_nodelim_norole_nocot,um carregador,N/A,Obj,tp,
qwen3_14b,participants,lusa_115,cls_exp_temp0.3_nodelim_norole_nocot,as autoridades,N/A,Org,tp,
qwen3_14b,participants,lusa_115,cls_exp_temp0.3_nodelim_norole_nocot,dois veículos distintos,N/A,Veh,tp,
qwen3_14b,participants,lusa_115,cls_exp_temp0.3_nodelim_norole_nocot,armas de fogo,N/A,Obj,tp,
qwen3_14b,participants,lusa_115,cls_exp_temp0.3_nodelim_norole_nocot,zona do Rego,N/A,Pl_civil,tp,
qwen3_14b,participants,lusa_115,cls_exp_temp0.3_nodelim_norole_nocot,pela PSP,N/A,,fp,
qwen3_14b,participants,lusa_115,cls_exp_temp0.3_nodelim_norole_nocot,à Polícia Judiciária,N/A,,fp,
qwen3_14b,participants,lusa_115,cls_exp_temp0.3_nodelim_norole_nocot,Os quatro homens,N/A,,fp,
qwen3_14b,participants,lusa_115,cls_exp_temp0.3_nodelim_norole_nocot,um dos suspeitos,N/A,,fp,
qwen3_14b,participants,lusa_115,cls_exp_temp0.3_nodelim_norole_nocot,em Lisboa,N/A,,fp,
qwen3_14b,participants,lusa_115,cls_exp_temp0.3_nodelim_norole_nocot,O caso,N/A,,fp,
qwen3_14b,participants,lusa_115,cls_exp_temp0.3_nodelim_norole_nocot,viaturas estacionadas no local,N/A,,fp,
qwen3_14b,participants,lusa_115,cls_exp_temp0.3_nodelim_norole_nocot,os suspeitos,,Per,fn,
qwen3_14b,participants,lusa_115,cls_exp_temp0.3_nodelim_norole_nocot,feridos,,Per,fn,
qwen3_14b,participants,lusa_115,cls_exp_temp0.3_nodelim_norole_nocot,“vários invólucros de balas”,,Obj,fn,
qwen3_14b,participants,lusa_115,cls_exp_temp0.3_nodelim_norole_nocot,local,,Pl_civil,fn,
qwen3_14b,participants,lusa_115,cls_exp_temp0.3_nodelim_norole_nocot,"Os quatro homens, de idade não especificada",,Per,fn,
qwen3_14b,participants,lusa_115,cls_exp_temp0.3_nodelim_norole_nocot,que,,Obj,fn,
qwen3_14b,participants,lusa_115,cls_exp_temp0.3_nodelim_norole_nocot,viaturas,,Veh,fn,
qwen3_14b,participants,lusa_115,cls_exp_temp0.3_nodelim_norole_nocot,um,,Per,fn,
qwen3_14b,participants,lusa_115,cls_exp_temp0.3_nodelim_norole_nocot,o Comando Metropolitano de Lisboa da PSP,,Org,fn,
qwen3_14b,participants,lusa_115,cls_exp_temp0.3_nodelim_norole_nocot,entre si,,Per,fn,
qwen3_14b,participants,lusa_115,cls_exp_temp0.3_nodelim_norole_nocot,a PSP,,Org,fn,
qwen3_14b,participants,lusa_115,cls_exp_temp0.3_nodelim_norole_nocot,fonte,,Per,fn,
qwen3_14b,participants,lusa_115,cls_exp_temp0.3_nodelim_norole_nocot,sua,,Per,fn,
qwen3_14b,participants,lusa_115,cls_exp_temp0.3_nodelim_norole_nocot,Polícia Judiciária,,Org,fn,
qwen3_14b,participants,lusa_115,cls_exp_temp0.3_nodelim_norole_nocot,Lusa,,Org,fn,
qwen3_14b,participants,lusa_116,cls_exp_temp0.3_nodelim_norole_nocot,Lisboa,Loc,Pl_capital,tp,
qwen3_14b,participants,lusa_116,cls_exp_temp0.3_nodelim_norole_nocot,Dois homens de 22 e 33 anos,Per,Per,tp,
qwen3_14b,participants,lusa_116,cls_exp_temp0.3_nodelim_norole_nocot,Hospital de Santa Maria,N/A,Fac,tp,
qwen3_14b,participants,lusa_116,cls_exp_temp0.3_nodelim_norole_nocot,ambulância,N/A,Veh,tp,
qwen3_14b,participants,lusa_116,cls_exp_temp0.3_nodelim_norole_nocot,Casal dos Machados,N/A,Fac,tp,
qwen3_14b,participants,lusa_116,cls_exp_temp0.3_nodelim_norole_nocot,um homem de 33 anos,N/A,Per,tp,
qwen3_14b,participants,lusa_116,cls_exp_temp0.3_nodelim_norole_nocot,armas de fogo,N/A,Obj,tp,
qwen3_14b,participants,lusa_116,cls_exp_temp0.3_nodelim_norole_nocot,a fonte,N/A,Per,tp,
qwen3_14b,participants,lusa_116,cls_exp_temp0.3_nodelim_norole_nocot,hospital,N/A,,fp,
qwen3_14b,participants,lusa_116,cls_exp_temp0.3_nodelim_norole_nocot,à Lusa,Org,,fp,
qwen3_14b,participants,lusa_116,cls_exp_temp0.3_nodelim_norole_nocot,Bairro do Casal dos Machados,Loc,,fp,
qwen3_14b,participants,lusa_116,cls_exp_temp0.3_nodelim_norole_nocot,Henrique,N/A,,fp,
qwen3_14b,participants,lusa_116,cls_exp_temp0.3_nodelim_norole_nocot,um deles,Per,,fp,
qwen3_14b,participants,lusa_116,cls_exp_temp0.3_nodelim_norole_nocot,Dois feridos,N/A,,fp,
qwen3_14b,participants,lusa_116,cls_exp_temp0.3_nodelim_norole_nocot,na freguesia do Parque das Nações,N/A,,fp,
qwen3_14b,participants,lusa_116,cls_exp_temp0.3_nodelim_norole_nocot,no Largo Maria Judite de Carvalho,N/A,,fp,
qwen3_14b,participants,lusa_116,cls_exp_temp0.3_nodelim_norole_nocot,Avenida Infante D.,N/A,,fp,
qwen3_14b,participants,lusa_116,cls_exp_temp0.3_nodelim_norole_nocot,PSP,N/A,,fp,
qwen3_14b,participants,lusa_116,cls_exp_temp0.3_nodelim_norole_nocot,no Casal dos Machados,N/A,,fp,
qwen3_14b,participants,lusa_116,cls_exp_temp0.3_nodelim_norole_nocot,O ferido ligeiro,N/A,,fp,
qwen3_14b,participants,lusa_116,cls_exp_temp0.3_nodelim_norole_nocot,várias pessoas,N/A,,fp,
qwen3_14b,participants,lusa_116,cls_exp_temp0.3_nodelim_norole_nocot,bombas de gasolina,N/A,,fp,
qwen3_14b,participants,lusa_116,cls_exp_temp0.3_nodelim_norole_nocot,fonte da PSP,Per,,fp,
qwen3_14b,participants,lusa_116,cls_exp_temp0.3_nodelim_norole_nocot,Polícia Judiciária,N/A,,fp,
qwen3_14b,participants,lusa_116,cls_exp_temp0.3_nodelim_norole_nocot,Largo Maria Judite de Carvalho,,Pl_civil,fn,
qwen3_14b,participants,lusa_116,cls_exp_temp0.3_nodelim_norole_nocot,local,,Pl_civil,fn,
qwen3_14b,participants,lusa_116,cls_exp_temp0.3_nodelim_norole_nocot,um cartucho,,Obj,fn,
qwen3_14b,participants,lusa_116,cls_exp_temp0.3_nodelim_norole_nocot,mesmo hospital,,Fac,fn,
qwen3_14b,participants,lusa_116,cls_exp_temp0.3_nodelim_norole_nocot,"O ferido ligeiro, de 22 anos",,Per,fn,
qwen3_14b,participants,lusa_116,cls_exp_temp0.3_nodelim_norole_nocot,às bombas de gasolina,,Fac,fn,
qwen3_14b,participants,lusa_116,cls_exp_temp0.3_nodelim_norole_nocot,freguesia do Parque das Nações,,Pl_civil,fn,
qwen3_14b,participants,lusa_116,cls_exp_temp0.3_nodelim_norole_nocot,Três viaturas,,Veh,fn,
qwen3_14b,participants,lusa_116,cls_exp_temp0.3_nodelim_norole_nocot,Lusa,,Org,fn,
qwen3_14b,participants,lusa_116,cls_exp_temp0.3_nodelim_norole_nocot,o Bairro do Casal dos Machados,,Pl_civil,fn,
qwen3_14b,participants,lusa_116,cls_exp_temp0.3_nodelim_norole_nocot,um,,Per,fn,
qwen3_14b,participants,lusa_116,cls_exp_temp0.3_nodelim_norole_nocot,a PSP,,Org,fn,
qwen3_14b,participants,lusa_116,cls_exp_temp0.3_nodelim_norole_nocot,fonte,,Per,fn,
qwen3_14b,participants,lusa_116,cls_exp_temp0.3_nodelim_norole_nocot,arma de fogo,,Obj,fn,
qwen3_14b,participants,lusa_116,cls_exp_temp0.3_nodelim_norole_nocot,a Polícia Judiciária,,Org,fn,
qwen3_14b,participants,lusa_116,cls_exp_temp0.3_nodelim_norole_nocot,vários pessoas,,Per,fn,
qwen3_14b,participants,lusa_116,cls_exp_temp0.3_nodelim_norole_nocot,os próprios meios,,Veh,fn,
qwen3_14b,participants,lusa_116,cls_exp_temp0.3_nodelim_norole_nocot,Avenida Infante D. Henrique,,Pl_civil,fn,
qwen3_14b,participants,lusa_116,cls_exp_temp0.3_nodelim_norole_nocot,deles,,Per,fn,
qwen3_14b,participants,lusa_116,cls_exp_temp0.3_nodelim_norole_nocot,da PSP,,Org,fn,
qwen3_14b,participants,lusa_12,cls_exp_temp0.3_nodelim_norole_nocot,Eles,N/A,Per,tp,
qwen3_14b,participants,lusa_12,cls_exp_temp0.3_nodelim_norole_nocot,Juarce Martins,N/A,Per,tp,
qwen3_14b,participants,lusa_12,cls_exp_temp0.3_nodelim_norole_nocot,o outro,N/A,Per,tp,
qwen3_14b,participants,lusa_12,cls_exp_temp0.3_nodelim_norole_nocot,o porta-voz,N/A,Per,tp,
qwen3_14b,participants,lusa_12,cls_exp_temp0.3_nodelim_norole_nocot,a polícia,N/A,Org,tp,
qwen3_14b,participants,lusa_12,cls_exp_temp0.3_nodelim_norole_nocot,um colega,N/A,Per,tp,
qwen3_14b,participants,lusa_12,cls_exp_temp0.3_nodelim_norole_nocot,o agente,N/A,Per,tp,
qwen3_14b,participants,lusa_12,cls_exp_temp0.3_nodelim_norole_nocot,os outros colegas,N/A,Per,tp,
qwen3_14b,participants,lusa_12,cls_exp_temp0.3_nodelim_norole_nocot,fonte,N/A,Per,tp,
qwen3_14b,participants,lusa_12,cls_exp_temp0.3_nodelim_norole_nocot,os dois agentes,N/A,Per,tp,
qwen3_14b,participants,lusa_12,cls_exp_temp0.3_nodelim_norole_nocot,Lusa,N/A,Org,tp,
qwen3_14b,participants,lusa_12,cls_exp_temp0.3_nodelim_norole_nocot,província de Maputo,N/A,,fp,
qwen3_14b,participants,lusa_12,cls_exp_temp0.3_nodelim_norole_nocot,um dos membros,N/A,,fp,
qwen3_14b,participants,lusa_12,cls_exp_temp0.3_nodelim_norole_nocot,uma atividade de patrulha,N/A,,fp,
qwen3_14b,participants,lusa_12,cls_exp_temp0.3_nodelim_norole_nocot,o porta-voz da PRM,N/A,,fp,
qwen3_14b,participants,lusa_12,cls_exp_temp0.3_nodelim_norole_nocot,Departamento de Proteção dos Recursos Naturais e Meio Ambiente,N/A,,fp,
qwen3_14b,participants,lusa_12,cls_exp_temp0.3_nodelim_norole_nocot,o incidente,N/A,,fp,
qwen3_14b,participants,lusa_12,cls_exp_temp0.3_nodelim_norole_nocot,agentes da PRM,N/A,,fp,
qwen3_14b,participants,lusa_12,cls_exp_temp0.3_nodelim_norole_nocot,Um agente da polícia moçambicana,N/A,,fp,
qwen3_14b,participants,lusa_12,cls_exp_temp0.3_nodelim_norole_nocot,Moçambique,N/A,,fp,
qwen3_14b,participants,lusa_12,cls_exp_temp0.3_nodelim_norole_nocot,Agente da polícia,Per,,fp,
qwen3_14b,participants,lusa_12,cls_exp_temp0.3_nodelim_norole_nocot,colega,Per,,fp,
qwen3_14b,participants,lusa_12,cls_exp_temp0.3_nodelim_norole_nocot,numa zona protegida,N/A,,fp,
qwen3_14b,participants,lusa_12,cls_exp_temp0.3_nodelim_norole_nocot,distrito de Magude,N/A,,fp,
qwen3_14b,participants,lusa_12,cls_exp_temp0.3_nodelim_norole_nocot,corporação,N/A,,fp,
qwen3_14b,participants,lusa_12,cls_exp_temp0.3_nodelim_norole_nocot,naquela província,N/A,,fp,
qwen3_14b,participants,lusa_12,cls_exp_temp0.3_nodelim_norole_nocot,o tiro,N/A,,fp,
qwen3_14b,participants,lusa_12,cls_exp_temp0.3_nodelim_norole_nocot,fonte da corporação,N/A,,fp,
qwen3_14b,participants,lusa_12,cls_exp_temp0.3_nodelim_norole_nocot,PRM,N/A,,fp,
qwen3_14b,participants,lusa_12,cls_exp_temp0.3_nodelim_norole_nocot,Polícia da República de Moçambique (PRM),N/A,,fp,
qwen3_14b,participants,lusa_12,cls_exp_temp0.3_nodelim_norole_nocot,ao acampamento,N/A,,fp,
qwen3_14b,participants,lusa_12,cls_exp_temp0.3_nodelim_norole_nocot,o autor do crime,N/A,,fp,
qwen3_14b,participants,lusa_12,cls_exp_temp0.3_nodelim_norole_nocot,Maputo,N/A,,fp,
qwen3_14b,participants,lusa_12,cls_exp_temp0.3_nodelim_norole_nocot,a província de Maputo,,Loc,fn,
qwen3_14b,participants,lusa_12,cls_exp_temp0.3_nodelim_norole_nocot,o autor,,Per,fn,
qwen3_14b,participants,lusa_12,cls_exp_temp0.3_nodelim_norole_nocot,a polícia moçambicana,,Org,fn,
qwen3_14b,participants,lusa_12,cls_exp_temp0.3_nodelim_norole_nocot,a Polícia da República de Moçambique (PRM),,Org,fn,
qwen3_14b,participants,lusa_12,cls_exp_temp0.3_nodelim_norole_nocot,os membros,,Per,fn,
qwen3_14b,participants,lusa_12,cls_exp_temp0.3_nodelim_norole_nocot,a PRM,,Org,fn,
qwen3_14b,participants,lusa_12,cls_exp_temp0.3_nodelim_norole_nocot,o,,Per,fn,
qwen3_14b,participants,lusa_12,cls_exp_temp0.3_nodelim_norole_nocot,o acampamento,,Fac,fn,
qwen3_14b,participants,lusa_12,cls_exp_temp0.3_nodelim_norole_nocot,agentes,,Per,fn,
qwen3_14b,participants,lusa_12,cls_exp_temp0.3_nodelim_norole_nocot,O comando,,Org,fn,
qwen3_14b,participants,lusa_12,cls_exp_temp0.3_nodelim_norole_nocot,o sul de Moçambique,,Loc,fn,
qwen3_14b,participants,lusa_12,cls_exp_temp0.3_nodelim_norole_nocot,a corporação,,Org,fn,
qwen3_14b,participants,lusa_12,cls_exp_temp0.3_nodelim_norole_nocot,um,,Other,fn,
qwen3_14b,participants,lusa_12,cls_exp_temp0.3_nodelim_norole_nocot,aquela província,,Loc,fn,
qwen3_14b,participants,lusa_12,cls_exp_temp0.3_nodelim_norole_nocot,motivos,,Other,fn,
qwen3_14b,participants,lusa_12,cls_exp_temp0.3_nodelim_norole_nocot,outro,,Other,fn,
qwen3_14b,participants,lusa_12,cls_exp_temp0.3_nodelim_norole_nocot,Um agente,,Per,fn,
qwen3_14b,participants,lusa_12,cls_exp_temp0.3_nodelim_norole_nocot,o distrito de Magude,,Loc,fn,
qwen3_14b,participants,lusa_12,cls_exp_temp0.3_nodelim_norole_nocot,o Departamento de Proteção dos Recursos Naturais e Meio Ambiente,,Org,fn,
qwen3_14b,participants,lusa_12,cls_exp_temp0.3_nodelim_norole_nocot,uma zona protegida,,Loc,fn,
qwen3_14b,participants,lusa_13,cls_exp_temp0.3_nodelim_norole_nocot,os fiscais,N/A,Per,tp,
qwen3_14b,participants,lusa_13,cls_exp_temp0.3_nodelim_norole_nocot,uma embarcação,N/A,Obj,tp,
qwen3_14b,participants,lusa_13,cls_exp_temp0.3_nodelim_norole_nocot,caranguejo,N/A,Nat,tp,
qwen3_14b,participants,lusa_13,cls_exp_temp0.3_nodelim_norole_nocot,César Maphossa,N/A,Per,tp,
qwen3_14b,participants,lusa_13,cls_exp_temp0.3_nodelim_norole_nocot,as autoridades,N/A,Org,tp,
qwen3_14b,participants,lusa_13,cls_exp_temp0.3_nodelim_norole_nocot,os tripulantes,N/A,Per,tp,
qwen3_14b,participants,lusa_13,cls_exp_temp0.3_nodelim_norole_nocot,embarcações,N/A,Obj,tp,
qwen3_14b,participants,lusa_13,cls_exp_temp0.3_nodelim_norole_nocot,os responsáveis,N/A,Per,tp,
qwen3_14b,participants,lusa_13,cls_exp_temp0.3_nodelim_norole_nocot,o barco,N/A,Obj,tp,
qwen3_14b,participants,lusa_13,cls_exp_temp0.3_nodelim_norole_nocot,600 quilos,N/A,Other,tp,
qwen3_14b,participants,lusa_13,cls_exp_temp0.3_nodelim_norole_nocot,no centro do país,N/A,,fp,
qwen3_14b,participants,lusa_13,cls_exp_temp0.3_nodelim_norole_nocot,Beira,Loc,,fp,
qwen3_14b,participants,lusa_13,cls_exp_temp0.3_nodelim_norole_nocot,à Lusa,N/A,,fp,
qwen3_14b,participants,lusa_13,cls_exp_temp0.3_nodelim_norole_nocot,Autoridades moçambicanas,N/A,,fp,
qwen3_14b,participants,lusa_13,cls_exp_temp0.3_nodelim_norole_nocot,Moçambique,Loc,,fp,
qwen3_14b,participants,lusa_13,cls_exp_temp0.3_nodelim_norole_nocot,1.100 quilos de caranguejo,N/A,,fp,
qwen3_14b,participants,lusa_13,cls_exp_temp0.3_nodelim_norole_nocot,fonte das autoridades,N/A,,fp,
qwen3_14b,participants,lusa_13,cls_exp_temp0.3_nodelim_norole_nocot,o chefe da fiscalização,N/A,,fp,
qwen3_14b,participants,lusa_13,cls_exp_temp0.3_nodelim_norole_nocot,época de veda,N/A,,fp,
qwen3_14b,participants,lusa_13,cls_exp_temp0.3_nodelim_norole_nocot,fiscalização marítima moçambicana,N/A,,fp,
qwen3_14b,participants,lusa_13,cls_exp_temp0.3_nodelim_norole_nocot,A embarcação,,Obj,fn,
qwen3_14b,participants,lusa_13,cls_exp_temp0.3_nodelim_norole_nocot,os caranguejos,,Nat,fn,
qwen3_14b,participants,lusa_13,cls_exp_temp0.3_nodelim_norole_nocot,1.100 quilos,,Other,fn,
qwen3_14b,participants,lusa_13,cls_exp_temp0.3_nodelim_norole_nocot,país,,Pl_country,fn,
qwen3_14b,participants,lusa_13,cls_exp_temp0.3_nodelim_norole_nocot,espécies marinhas,,Nat,fn,
qwen3_14b,participants,lusa_13,cls_exp_temp0.3_nodelim_norole_nocot,centro de Moçambique,,Loc,fn,
qwen3_14b,participants,lusa_13,cls_exp_temp0.3_nodelim_norole_nocot,o chefe,,Per,fn,
qwen3_14b,participants,lusa_13,cls_exp_temp0.3_nodelim_norole_nocot,o mangal do rio Maria,,Loc,fn,
qwen3_14b,participants,lusa_13,cls_exp_temp0.3_nodelim_norole_nocot,as respetivas populações,,Nat,fn,
qwen3_14b,participants,lusa_13,cls_exp_temp0.3_nodelim_norole_nocot,Lusa,,Loc,fn,
qwen3_14b,participants,lusa_13,cls_exp_temp0.3_nodelim_norole_nocot,seu,,Nat,fn,
qwen3_14b,participants,lusa_13,cls_exp_temp0.3_nodelim_norole_nocot,habitat natural,,Loc,fn,
qwen3_14b,participants,lusa_13,cls_exp_temp0.3_nodelim_norole_nocot,lhes,,Nat,fn,
qwen3_14b,participants,lusa_13,cls_exp_temp0.3_nodelim_norole_nocot,outros 500 quilos,,Other,fn,
qwen3_14b,participants,lusa_13,cls_exp_temp0.3_nodelim_norole_nocot,fonte,,Per,fn,
qwen3_14b,participants,lusa_13,cls_exp_temp0.3_nodelim_norole_nocot,pesadas multas,,Other,fn,
qwen3_14b,participants,lusa_13,cls_exp_temp0.3_nodelim_norole_nocot,os arredores da cidade da Beira,,Loc,fn,
qwen3_14b,participants,lusa_13,cls_exp_temp0.3_nodelim_norole_nocot,arredores da capital provincial de Sofala,,Loc,fn,
qwen3_14b,participants,lusa_13,cls_exp_temp0.3_nodelim_norole_nocot,o centro,,Pl_region,fn,
qwen3_14b,participants,lusa_13,cls_exp_temp0.3_nodelim_norole_nocot,caixas,,Obj,fn,
qwen3_14b,participants,lusa_13,cls_exp_temp0.3_nodelim_norole_nocot,a espécie,,Nat,fn,
qwen3_14b,participants,lusa_14,cls_exp_temp0.3_nodelim_norole_nocot,sicários,N/A,Per,tp,
qwen3_14b,participants,lusa_14,cls_exp_temp0.3_nodelim_norole_nocot,As autoridades,N/A,Org,tp,
qwen3_14b,participants,lusa_14,cls_exp_temp0.3_nodelim_norole_nocot,cartéis rivais,N/A,Org,tp,
qwen3_14b,participants,lusa_14,cls_exp_temp0.3_nodelim_norole_nocot,sete pessoas,N/A,Per,tp,
qwen3_14b,participants,lusa_14,cls_exp_temp0.3_nodelim_norole_nocot,o Ministério Público local,N/A,Org,tp,
qwen3_14b,participants,lusa_14,cls_exp_temp0.3_nodelim_norole_nocot,as autoridades locais,N/A,Org,tp,
qwen3_14b,participants,lusa_14,cls_exp_temp0.3_nodelim_norole_nocot,um grupo de trabalhadores agrícolas,N/A,Per,tp,
qwen3_14b,participants,lusa_14,cls_exp_temp0.3_nodelim_norole_nocot,vítimas,N/A,,fp,
qwen3_14b,participants,lusa_14,cls_exp_temp0.3_nodelim_norole_nocot,Sicários,N/A,,fp,
qwen3_14b,participants,lusa_14,cls_exp_temp0.3_nodelim_norole_nocot,estado mexicano de Michoacán,N/A,,fp,
qwen3_14b,participants,lusa_14,cls_exp_temp0.3_nodelim_norole_nocot,narcotráfico,N/A,,fp,
qwen3_14b,participants,lusa_14,cls_exp_temp0.3_nodelim_norole_nocot,questões de vingança,N/A,,fp,
qwen3_14b,participants,lusa_14,cls_exp_temp0.3_nodelim_norole_nocot,o narcotráfico,N/A,,fp,
qwen3_14b,participants,lusa_14,cls_exp_temp0.3_nodelim_norole_nocot,Os corpos das vítimas,N/A,,fp,
qwen3_14b,participants,lusa_14,cls_exp_temp0.3_nodelim_norole_nocot,os corpos das vítimas,N/A,,fp,
qwen3_14b,participants,lusa_14,cls_exp_temp0.3_nodelim_norole_nocot,Tangamandapio,N/A,,fp,
qwen3_14b,participants,lusa_14,cls_exp_temp0.3_nodelim_norole_nocot,Assassinos contratados,N/A,,fp,
qwen3_14b,participants,lusa_14,cls_exp_temp0.3_nodelim_norole_nocot,numa estrada rural,N/A,,fp,
qwen3_14b,participants,lusa_14,cls_exp_temp0.3_nodelim_norole_nocot,Ministério Público,N/A,,fp,
qwen3_14b,participants,lusa_14,cls_exp_temp0.3_nodelim_norole_nocot,numa estrada do município de Tangamandapio,N/A,,fp,
qwen3_14b,participants,lusa_14,cls_exp_temp0.3_nodelim_norole_nocot,o município de Tangamandapio,,Loc,fn,
qwen3_14b,participants,lusa_14,cls_exp_temp0.3_nodelim_norole_nocot,Os corpos,,Other,fn,
qwen3_14b,participants,lusa_14,cls_exp_temp0.3_nodelim_norole_nocot,Assassinos,,Per,fn,
qwen3_14b,participants,lusa_14,cls_exp_temp0.3_nodelim_norole_nocot,Pelo menos três,,Other,fn,
qwen3_14b,participants,lusa_14,cls_exp_temp0.3_nodelim_norole_nocot,o México,,Loc,fn,
qwen3_14b,participants,lusa_14,cls_exp_temp0.3_nodelim_norole_nocot,bala,,Obj,fn,
qwen3_14b,participants,lusa_14,cls_exp_temp0.3_nodelim_norole_nocot,as vítimas,,Per,fn,
qwen3_14b,participants,lusa_14,cls_exp_temp0.3_nodelim_norole_nocot,o Ministério Público,,Org,fn,
qwen3_14b,participants,lusa_14,cls_exp_temp0.3_nodelim_norole_nocot,seis homens,,Per,fn,
qwen3_14b,participants,lusa_14,cls_exp_temp0.3_nodelim_norole_nocot,os corpos,,Other,fn,
qwen3_14b,participants,lusa_14,cls_exp_temp0.3_nodelim_norole_nocot,aquele país,,Loc,fn,
qwen3_14b,participants,lusa_14,cls_exp_temp0.3_nodelim_norole_nocot,o estado mexicano de Michoacán,,Loc,fn,
qwen3_14b,participants,lusa_14,cls_exp_temp0.3_nodelim_norole_nocot,uma estrada rural,,Loc,fn,
qwen3_14b,participants,lusa_14,cls_exp_temp0.3_nodelim_norole_nocot,uma mulher,,Per,fn,
qwen3_14b,participants,lusa_14,cls_exp_temp0.3_nodelim_norole_nocot,a mesma nota informativa,,Obj,fn,
qwen3_14b,participants,lusa_14,cls_exp_temp0.3_nodelim_norole_nocot,um comunicado,,Obj,fn,
qwen3_14b,participants,lusa_14,cls_exp_temp0.3_nodelim_norole_nocot,uma estrada,,Loc,fn,
qwen3_14b,participants,lusa_15,cls_exp_temp0.3_nodelim_norole_nocot,a ópera,N/A,Fac,tp,
qwen3_14b,participants,lusa_15,cls_exp_temp0.3_nodelim_norole_nocot,O jovem,N/A,Per,tp,
qwen3_14b,participants,lusa_15,cls_exp_temp0.3_nodelim_norole_nocot,a agência de propaganda Amaq,N/A,Org,tp,
qwen3_14b,participants,lusa_15,cls_exp_temp0.3_nodelim_norole_nocot,Viena,N/A,Loc,tp,
qwen3_14b,participants,lusa_15,cls_exp_temp0.3_nodelim_norole_nocot,armas de fogo,N/A,Obj,tp,
qwen3_14b,participants,lusa_15,cls_exp_temp0.3_nodelim_norole_nocot,uma sinagoga,N/A,Fac,tp,
qwen3_14b,participants,lusa_15,cls_exp_temp0.3_nodelim_norole_nocot,assaltante armado,N/A,,fp,
qwen3_14b,participants,lusa_15,cls_exp_temp0.3_nodelim_norole_nocot,um combatente do Estado Islâmico,N/A,,fp,
qwen3_14b,participants,lusa_15,cls_exp_temp0.3_nodelim_norole_nocot,nas redes Telegram,N/A,,fp,
qwen3_14b,participants,lusa_15,cls_exp_temp0.3_nodelim_norole_nocot,EI,N/A,,fp,
qwen3_14b,participants,lusa_15,cls_exp_temp0.3_nodelim_norole_nocot,Estado Islâmico (EI),N/A,,fp,
qwen3_14b,participants,lusa_15,cls_exp_temp0.3_nodelim_norole_nocot,Macedónia do Norte,N/A,,fp,
qwen3_14b,participants,lusa_15,cls_exp_temp0.3_nodelim_norole_nocot,O autor do atentado,N/A,,fp,
qwen3_14b,participants,lusa_15,cls_exp_temp0.3_nodelim_norole_nocot,Síria,N/A,,fp,
qwen3_14b,participants,lusa_15,cls_exp_temp0.3_nodelim_norole_nocot,pela polícia,N/A,,fp,
qwen3_14b,participants,lusa_15,cls_exp_temp0.3_nodelim_norole_nocot,centro de Viena,N/A,,fp,
qwen3_14b,participants,lusa_15,cls_exp_temp0.3_nodelim_norole_nocot,Estado Islâmico,N/A,,fp,
qwen3_14b,participants,lusa_15,cls_exp_temp0.3_nodelim_norole_nocot,um 'soldado do califado',N/A,,fp,
qwen3_14b,participants,lusa_15,cls_exp_temp0.3_nodelim_norole_nocot,O grupo 'jihadista' Estado Islâmico (EI),N/A,,fp,
qwen3_14b,participants,lusa_15,cls_exp_temp0.3_nodelim_norole_nocot,austríaca,N/A,,fp,
qwen3_14b,participants,lusa_15,cls_exp_temp0.3_nodelim_norole_nocot,O comunicado,,Obj,fn,
qwen3_14b,participants,lusa_15,cls_exp_temp0.3_nodelim_norole_nocot,fileiras,,Per,fn,
qwen3_14b,participants,lusa_15,cls_exp_temp0.3_nodelim_norole_nocot,"dupla nacionalidade, austríaca e da Macedónia do Norte",,Other,fn,
qwen3_14b,participants,lusa_15,cls_exp_temp0.3_nodelim_norole_nocot,o centro de Viena,,Loc,fn,
qwen3_14b,participants,lusa_15,cls_exp_temp0.3_nodelim_norole_nocot,quatro vítimas mortais,,Per,fn,
qwen3_14b,participants,lusa_15,cls_exp_temp0.3_nodelim_norole_nocot,um “soldado do califado”,,Per,fn,
qwen3_14b,participants,lusa_15,cls_exp_temp0.3_nodelim_norole_nocot,parte,,Other,fn,
qwen3_14b,participants,lusa_15,cls_exp_temp0.3_nodelim_norole_nocot,um combatente,,Per,fn,
qwen3_14b,participants,lusa_15,cls_exp_temp0.3_nodelim_norole_nocot,a cidade de Viena,,Pl_civil,fn,
qwen3_14b,participants,lusa_15,cls_exp_temp0.3_nodelim_norole_nocot,uma foto,,Obj,fn,
qwen3_14b,participants,lusa_15,cls_exp_temp0.3_nodelim_norole_nocot,a Síria,,Loc,fn,
qwen3_14b,participants,lusa_15,cls_exp_temp0.3_nodelim_norole_nocot,O grupo ‘jihadista’ Estado Islâmico (EI),,Org,fn,
qwen3_14b,participants,lusa_15,cls_exp_temp0.3_nodelim_norole_nocot,um texto,,Obj,fn,
qwen3_14b,participants,lusa_15,cls_exp_temp0.3_nodelim_norole_nocot,o assaltante,,Per,fn,
qwen3_14b,participants,lusa_15,cls_exp_temp0.3_nodelim_norole_nocot,uma pena,,Other,fn,
qwen3_14b,participants,lusa_15,cls_exp_temp0.3_nodelim_norole_nocot,polícia,,Org,fn,
qwen3_14b,participants,lusa_15,cls_exp_temp0.3_nodelim_norole_nocot,o Estado Islâmico,,Org,fn,
qwen3_14b,participants,lusa_15,cls_exp_temp0.3_nodelim_norole_nocot,o EI,,Org,fn,
qwen3_14b,participants,lusa_15,cls_exp_temp0.3_nodelim_norole_nocot,as suas,,Org,fn,
qwen3_14b,participants,lusa_15,cls_exp_temp0.3_nodelim_norole_nocot,22 feridos,,Per,fn,
qwen3_14b,participants,lusa_15,cls_exp_temp0.3_nodelim_norole_nocot,redes Telegram,,Other,fn,
qwen3_14b,participants,lusa_15,cls_exp_temp0.3_nodelim_norole_nocot,um comunicado,,Obj,fn,
qwen3_14b,participants,lusa_15,cls_exp_temp0.3_nodelim_norole_nocot,O autor,,Per,fn,
qwen3_14b,participants,lusa_16,cls_exp_temp0.3_nodelim_norole_nocot,o primeiro-ministro,Per,Per,tp,
qwen3_14b,participants,lusa_16,cls_exp_temp0.3_nodelim_norole_nocot,círculo,N/A,Per,tp,
qwen3_14b,participants,lusa_16,cls_exp_temp0.3_nodelim_norole_nocot,secretário de Estado do Planeamento,Obj,Per,tp,
qwen3_14b,participants,lusa_16,cls_exp_temp0.3_nodelim_norole_nocot,Ricardo Miguel Furtado Pinheiro,Per,Per,tp,
qwen3_14b,participants,lusa_16,cls_exp_temp0.3_nodelim_norole_nocot,José Mendes,N/A,Per,tp,
qwen3_14b,participants,lusa_16,cls_exp_temp0.3_nodelim_norole_nocot,a nota,Obj,Obj,tp,
qwen3_14b,participants,lusa_16,cls_exp_temp0.3_nodelim_norole_nocot,Ricardo Pinheiro,N/A,Per,tp,
qwen3_14b,participants,lusa_16,cls_exp_temp0.3_nodelim_norole_nocot,O Presidente da República,Per,Per,tp,
qwen3_14b,participants,lusa_16,cls_exp_temp0.3_nodelim_norole_nocot,José Fernandes Gomes Mendes,Per,Per,tp,
qwen3_14b,participants,lusa_16,cls_exp_temp0.3_nodelim_norole_nocot,distrito de Portalegre,N/A,Pl_civil,tp,
qwen3_14b,participants,lusa_16,cls_exp_temp0.3_nodelim_norole_nocot,Câmara de Campo Maior,N/A,,fp,
qwen3_14b,participants,lusa_16,cls_exp_temp0.3_nodelim_norole_nocot,portal da Presidência da República,N/A,,fp,
qwen3_14b,participants,lusa_16,cls_exp_temp0.3_nodelim_norole_nocot,Governo,N/A,,fp,
qwen3_14b,participants,lusa_16,cls_exp_temp0.3_nodelim_norole_nocot,"o novo secretário de Estado do ministro do Planeamento, Nelson de Sousa",N/A,,fp,
qwen3_14b,participants,lusa_16,cls_exp_temp0.3_nodelim_norole_nocot,deputado,N/A,,fp,
qwen3_14b,participants,lusa_16,cls_exp_temp0.3_nodelim_norole_nocot,últimas eleições legislativas,N/A,,fp,
qwen3_14b,participants,lusa_16,cls_exp_temp0.3_nodelim_norole_nocot,Palácio de Belém,N/A,,fp,
qwen3_14b,participants,lusa_16,cls_exp_temp0.3_nodelim_norole_nocot,Presidência da República,N/A,,fp,
qwen3_14b,participants,lusa_16,cls_exp_temp0.3_nodelim_norole_nocot,o portal,,Loc,fn,
qwen3_14b,participants,lusa_16,cls_exp_temp0.3_nodelim_norole_nocot,o ministro do Planeamento,,Per,fn,
qwen3_14b,participants,lusa_16,cls_exp_temp0.3_nodelim_norole_nocot,O deputado socialista Ricardo Pinheiro,,Per,fn,
qwen3_14b,participants,lusa_16,cls_exp_temp0.3_nodelim_norole_nocot,Câmara,,Org,fn,
qwen3_14b,participants,lusa_16,cls_exp_temp0.3_nodelim_norole_nocot,qual,,Per,fn,
qwen3_14b,participants,lusa_16,cls_exp_temp0.3_nodelim_norole_nocot,Nelson de Sousa,,Per,fn,
qwen3_14b,participants,lusa_16,cls_exp_temp0.3_nodelim_norole_nocot,a Câmara de Campo Maior,,Org,fn,
qwen3_14b,participants,lusa_16,cls_exp_temp0.3_nodelim_norole_nocot,Campo Maior,,Pl_civil,fn,
qwen3_14b,participants,lusa_16,cls_exp_temp0.3_nodelim_norole_nocot,o Palácio de Belém.,,Loc,fn,
qwen3_14b,participants,lusa_16,cls_exp_temp0.3_nodelim_norole_nocot,seu,,Per,fn,
qwen3_14b,participants,lusa_16,cls_exp_temp0.3_nodelim_norole_nocot,o portal da Presidência da República,,Loc,fn,
qwen3_14b,participants,lusa_16,cls_exp_temp0.3_nodelim_norole_nocot,a Presidência da República,,Org,fn,
qwen3_14b,participants,lusa_16,cls_exp_temp0.3_nodelim_norole_nocot,o novo secretário de Estado,,Per,fn,
qwen3_14b,participants,lusa_16,cls_exp_temp0.3_nodelim_norole_nocot,uma nota,,Obj,fn,
qwen3_14b,participants,lusa_17,cls_exp_temp0.3_nodelim_norole_nocot,a imprensa local,Org,Org,tp,
qwen3_14b,participants,lusa_17,cls_exp_temp0.3_nodelim_norole_nocot,quatro mulheres,Per,Per,tp,
qwen3_14b,participants,lusa_17,cls_exp_temp0.3_nodelim_norole_nocot,Os bombeiros,N/A,Org,tp,
qwen3_14b,participants,lusa_17,cls_exp_temp0.3_nodelim_norole_nocot,o jornal South China Morning Post (SCMP),N/A,Org,tp,
qwen3_14b,participants,lusa_17,cls_exp_temp0.3_nodelim_norole_nocot,O apartamento,N/A,Fac,tp,
qwen3_14b,participants,lusa_17,cls_exp_temp0.3_nodelim_norole_nocot,um restaurante sem licença,N/A,Other,tp,
qwen3_14b,participants,lusa_17,cls_exp_temp0.3_nodelim_norole_nocot,Três homens,Per,Per,tp,
qwen3_14b,participants,lusa_17,cls_exp_temp0.3_nodelim_norole_nocot,Hong Kong,Loc,Loc,tp,
qwen3_14b,participants,lusa_17,cls_exp_temp0.3_nodelim_norole_nocot,três homens,N/A,Per,tp,
qwen3_14b,participants,lusa_17,cls_exp_temp0.3_nodelim_norole_nocot,um edifício residencial,Fac,Fac,tp,
qwen3_14b,participants,lusa_17,cls_exp_temp0.3_nodelim_norole_nocot,três mulheres,N/A,Per,tp,
qwen3_14b,participants,lusa_17,cls_exp_temp0.3_nodelim_norole_nocot,As vítimas mortais,N/A,Per,tp,
qwen3_14b,participants,lusa_17,cls_exp_temp0.3_nodelim_norole_nocot,as autoridades,N/A,Org,tp,
qwen3_14b,participants,lusa_17,cls_exp_temp0.3_nodelim_norole_nocot,Duas outras pessoas,Per,Per,tp,
qwen3_14b,participants,lusa_17,cls_exp_temp0.3_nodelim_norole_nocot,uma criança de 09 anos,N/A,Per,tp,
qwen3_14b,participants,lusa_17,cls_exp_temp0.3_nodelim_norole_nocot,vítimas,N/A,,fp,
qwen3_14b,participants,lusa_17,cls_exp_temp0.3_nodelim_norole_nocot,sete mortos,N/A,,fp,
qwen3_14b,participants,lusa_17,cls_exp_temp0.3_nodelim_norole_nocot,um incêndio,N/A,,fp,
qwen3_14b,participants,lusa_17,cls_exp_temp0.3_nodelim_norole_nocot,apartamento,N/A,,fp,
qwen3_14b,participants,lusa_17,cls_exp_temp0.3_nodelim_norole_nocot,sete em estado crítico,N/A,,fp,
qwen3_14b,participants,lusa_17,cls_exp_temp0.3_nodelim_norole_nocot,sete pessoas,Per,,fp,
qwen3_14b,participants,lusa_17,cls_exp_temp0.3_nodelim_norole_nocot,edifício,N/A,,fp,
qwen3_14b,participants,lusa_17,cls_exp_temp0.3_nodelim_norole_nocot,conferência de imprensa,N/A,,fp,
qwen3_14b,participants,lusa_17,cls_exp_temp0.3_nodelim_norole_nocot,um dos presentes,N/A,,fp,
qwen3_14b,participants,lusa_17,cls_exp_temp0.3_nodelim_norole_nocot,casa de banho,N/A,,fp,
qwen3_14b,participants,lusa_17,cls_exp_temp0.3_nodelim_norole_nocot,se,,Per,fn,
qwen3_14b,participants,lusa_17,cls_exp_temp0.3_nodelim_norole_nocot,medidas,,Other,fn,
qwen3_14b,participants,lusa_17,cls_exp_temp0.3_nodelim_norole_nocot,a casa de banho,,Fac,fn,
qwen3_14b,participants,lusa_17,cls_exp_temp0.3_nodelim_norole_nocot,sete,,Per,fn,
qwen3_14b,participants,lusa_17,cls_exp_temp0.3_nodelim_norole_nocot,os presentes,,Per,fn,
qwen3_14b,participants,lusa_17,cls_exp_temp0.3_nodelim_norole_nocot,o apartamento,,Loc,fn,
qwen3_14b,participants,lusa_17,cls_exp_temp0.3_nodelim_norole_nocot,A maioria,,Per,fn,
qwen3_14b,participants,lusa_17,cls_exp_temp0.3_nodelim_norole_nocot,a janela,,Obj,fn,
qwen3_14b,participants,lusa_17,cls_exp_temp0.3_nodelim_norole_nocot,as vítimas,,Per,fn,
qwen3_14b,participants,lusa_17,cls_exp_temp0.3_nodelim_norole_nocot,o edifício,,Loc,fn,
qwen3_14b,participants,lusa_17,cls_exp_temp0.3_nodelim_norole_nocot,um,,Per,fn,
qwen3_14b,participants,lusa_17,cls_exp_temp0.3_nodelim_norole_nocot,Pelo menos sete pessoas,,Per,fn,
qwen3_14b,participants,lusa_17,cls_exp_temp0.3_nodelim_norole_nocot,o local,,Loc,fn,
qwen3_14b,participants,lusa_18,cls_exp_temp0.3_nodelim_norole_nocot,o Estado,N/A,Org,tp,
qwen3_14b,participants,lusa_18,cls_exp_temp0.3_nodelim_norole_nocot,o edifício Luanda Medical Center (LMC),N/A,Fac,tp,
qwen3_14b,participants,lusa_18,cls_exp_temp0.3_nodelim_norole_nocot,A PGR,N/A,Org,tp,
qwen3_14b,participants,lusa_18,cls_exp_temp0.3_nodelim_norole_nocot,o projeto imobiliário Torres Eucaliptos,Obj,Other,tp,
qwen3_14b,participants,lusa_18,cls_exp_temp0.3_nodelim_norole_nocot,LMC,N/A,Org,tp,
qwen3_14b,participants,lusa_18,cls_exp_temp0.3_nodelim_norole_nocot,os hotéis Monalisa Residence,N/A,Org,tp,
qwen3_14b,participants,lusa_18,cls_exp_temp0.3_nodelim_norole_nocot,o edifício Instituto Sapiens,N/A,Fac,tp,
qwen3_14b,participants,lusa_18,cls_exp_temp0.3_nodelim_norole_nocot,Angola,N/A,Pl_country,tp,
qwen3_14b,participants,lusa_18,cls_exp_temp0.3_nodelim_norole_nocot,empresas privadas,N/A,Org,tp,
qwen3_14b,participants,lusa_18,cls_exp_temp0.3_nodelim_norole_nocot,Heavy Group – Investimentos Limitada,N/A,Org,tp,
qwen3_14b,participants,lusa_18,cls_exp_temp0.3_nodelim_norole_nocot,Universal Sabedoria,N/A,Org,tp,
qwen3_14b,participants,lusa_18,cls_exp_temp0.3_nodelim_norole_nocot,Edifício da Luanda Medical Center,Fac,,fp,
qwen3_14b,participants,lusa_18,cls_exp_temp0.3_nodelim_norole_nocot,Méssene – Investimentos Limitada,N/A,,fp,
qwen3_14b,participants,lusa_18,cls_exp_temp0.3_nodelim_norole_nocot,Instituto Nacional de Segurança Social,N/A,,fp,
qwen3_14b,participants,lusa_18,cls_exp_temp0.3_nodelim_norole_nocot,o comunicado da PGR,N/A,,fp,
qwen3_14b,participants,lusa_18,cls_exp_temp0.3_nodelim_norole_nocot,projeto imobiliário,Obj,,fp,
qwen3_14b,participants,lusa_18,cls_exp_temp0.3_nodelim_norole_nocot,todos em Luanda,Loc,,fp,
qwen3_14b,participants,lusa_18,cls_exp_temp0.3_nodelim_norole_nocot,em Talatona,Loc,,fp,
qwen3_14b,participants,lusa_18,cls_exp_temp0.3_nodelim_norole_nocot,Serviçoo Nacional de Recuperação de Ativos,N/A,,fp,
qwen3_14b,participants,lusa_18,cls_exp_temp0.3_nodelim_norole_nocot,situado na Rua Amílcar Cabral,Loc,,fp,
qwen3_14b,participants,lusa_18,cls_exp_temp0.3_nodelim_norole_nocot,Estado,Org,,fp,
qwen3_14b,participants,lusa_18,cls_exp_temp0.3_nodelim_norole_nocot,hotel,Fac,,fp,
qwen3_14b,participants,lusa_18,cls_exp_temp0.3_nodelim_norole_nocot,A Procuradoria-Geral da República (PGR) de Angola,N/A,,fp,
qwen3_14b,participants,lusa_18,cls_exp_temp0.3_nodelim_norole_nocot,no distrito da Ingombota,Loc,,fp,
qwen3_14b,participants,lusa_18,cls_exp_temp0.3_nodelim_norole_nocot,representantes legais,N/A,,fp,
qwen3_14b,participants,lusa_18,cls_exp_temp0.3_nodelim_norole_nocot,clínica Luanda Medical Center,N/A,,fp,
qwen3_14b,participants,lusa_18,cls_exp_temp0.3_nodelim_norole_nocot,medidas,,Other,fn,
qwen3_14b,participants,lusa_18,cls_exp_temp0.3_nodelim_norole_nocot,Estes projetos imobiliários,,Other,fn,
qwen3_14b,participants,lusa_18,cls_exp_temp0.3_nodelim_norole_nocot,o Instituto Nacional de Segurança Social,,Org,fn,
qwen3_14b,participants,lusa_18,cls_exp_temp0.3_nodelim_norole_nocot,a nota,,Obj,fn,
qwen3_14b,participants,lusa_18,cls_exp_temp0.3_nodelim_norole_nocot,Luanda,,Loc,fn,
qwen3_14b,participants,lusa_18,cls_exp_temp0.3_nodelim_norole_nocot,um projeto imobiliário,,Other,fn,
qwen3_14b,participants,lusa_18,cls_exp_temp0.3_nodelim_norole_nocot,Talatona,,Loc,fn,
qwen3_14b,participants,lusa_18,cls_exp_temp0.3_nodelim_norole_nocot,o seu,,Org,fn,
qwen3_14b,participants,lusa_18,cls_exp_temp0.3_nodelim_norole_nocot,a Rua Amílcar Cabral,,Pl_civil,fn,
qwen3_14b,participants,lusa_18,cls_exp_temp0.3_nodelim_norole_nocot,a PGR,,Org,fn,
qwen3_14b,participants,lusa_18,cls_exp_temp0.3_nodelim_norole_nocot,os representantes legais,,Per,fn,
qwen3_14b,participants,lusa_18,cls_exp_temp0.3_nodelim_norole_nocot,os bens,,Obj,fn,
qwen3_14b,participants,lusa_18,cls_exp_temp0.3_nodelim_norole_nocot,todos,,Loc,fn,
qwen3_14b,participants,lusa_18,cls_exp_temp0.3_nodelim_norole_nocot,o distrito da Ingombota,,Loc,fn,
qwen3_14b,participants,lusa_18,cls_exp_temp0.3_nodelim_norole_nocot,mais três edifícios,,Fac,fn,
qwen3_14b,participants,lusa_18,cls_exp_temp0.3_nodelim_norole_nocot,um hotel,,Org,fn,
qwen3_14b,participants,lusa_18,cls_exp_temp0.3_nodelim_norole_nocot,o património imobiliário,,Other,fn,
qwen3_14b,participants,lusa_18,cls_exp_temp0.3_nodelim_norole_nocot,fundos públicos,,Obj,fn,
qwen3_14b,participants,lusa_18,cls_exp_temp0.3_nodelim_norole_nocot,o Serviço Nacional de Recuperação de Ativos,,Org,fn,
qwen3_14b,participants,lusa_18,cls_exp_temp0.3_nodelim_norole_nocot,o comunicado,,Obj,fn,
qwen3_14b,participants,lusa_18,cls_exp_temp0.3_nodelim_norole_nocot,as empresas Méssene – Investimentos Limitada,,Org,fn,
qwen3_14b,participants,lusa_18,cls_exp_temp0.3_nodelim_norole_nocot,a clínica Luanda Medical Center,,Org,fn,
qwen3_14b,participants,lusa_18,cls_exp_temp0.3_nodelim_norole_nocot,A Procuradoria-Geral da República (PGR),,Org,fn,
qwen3_14b,participants,lusa_19,cls_exp_temp0.3_nodelim_norole_nocot,um homem de 75 anos,N/A,Per,tp,
qwen3_14b,participants,lusa_19,cls_exp_temp0.3_nodelim_norole_nocot,Diogo Morgado,N/A,Per,tp,
qwen3_14b,participants,lusa_19,cls_exp_temp0.3_nodelim_norole_nocot,Leiria,Loc,Pl_civil,tp,
qwen3_14b,participants,lusa_19,cls_exp_temp0.3_nodelim_norole_nocot,A Lusa,N/A,Org,tp,
qwen3_14b,participants,lusa_19,cls_exp_temp0.3_nodelim_norole_nocot,o mesmo responsável,N/A,Per,tp,
qwen3_14b,participants,lusa_19,cls_exp_temp0.3_nodelim_norole_nocot,o corpo,N/A,Other,tp,
qwen3_14b,participants,lusa_19,cls_exp_temp0.3_nodelim_norole_nocot,o distrito de Leiria,N/A,Pl_civil,tp,
qwen3_14b,participants,lusa_19,cls_exp_temp0.3_nodelim_norole_nocot,Um homem de 75 anos,N/A,Per,tp,
qwen3_14b,participants,lusa_19,cls_exp_temp0.3_nodelim_norole_nocot,a Polícia Judiciária de Leiria,N/A,Org,tp,
qwen3_14b,participants,lusa_19,cls_exp_temp0.3_nodelim_norole_nocot,a GNR,N/A,Org,tp,
qwen3_14b,participants,lusa_19,cls_exp_temp0.3_nodelim_norole_nocot,a Polícia Judiciária,N/A,Org,tp,
qwen3_14b,participants,lusa_19,cls_exp_temp0.3_nodelim_norole_nocot,A GNR,N/A,Org,tp,
qwen3_14b,participants,lusa_19,cls_exp_temp0.3_nodelim_norole_nocot,o local,N/A,Fac,tp,
qwen3_14b,participants,lusa_19,cls_exp_temp0.3_nodelim_norole_nocot,a vítima,N/A,Per,tp,
qwen3_14b,participants,lusa_19,cls_exp_temp0.3_nodelim_norole_nocot,uma familiar,N/A,Per,tp,
qwen3_14b,participants,lusa_19,cls_exp_temp0.3_nodelim_norole_nocot,a residência da vítima,N/A,,fp,
qwen3_14b,participants,lusa_19,cls_exp_temp0.3_nodelim_norole_nocot,Maiorga,N/A,,fp,
qwen3_14b,participants,lusa_19,cls_exp_temp0.3_nodelim_norole_nocot,indícios,N/A,,fp,
qwen3_14b,participants,lusa_19,cls_exp_temp0.3_nodelim_norole_nocot,Homem,N/A,,fp,
qwen3_14b,participants,lusa_19,cls_exp_temp0.3_nodelim_norole_nocot,comandante do Destacamento Territorial das Caldas da Rainha da GNR,N/A,,fp,
qwen3_14b,participants,lusa_19,cls_exp_temp0.3_nodelim_norole_nocot,Alcobaça,N/A,,fp,
qwen3_14b,participants,lusa_19,cls_exp_temp0.3_nodelim_norole_nocot,Fervença,N/A,,fp,
qwen3_14b,participants,lusa_19,cls_exp_temp0.3_nodelim_norole_nocot,GNR,N/A,,fp,
qwen3_14b,participants,lusa_19,cls_exp_temp0.3_nodelim_norole_nocot,à agência Lusa,N/A,,fp,
qwen3_14b,participants,lusa_19,cls_exp_temp0.3_nodelim_norole_nocot,O corpo,,Other,fn,
qwen3_14b,participants,lusa_19,cls_exp_temp0.3_nodelim_norole_nocot,casa,,Fac,fn,
qwen3_14b,participants,lusa_19,cls_exp_temp0.3_nodelim_norole_nocot,as mãos,,Other,fn,
qwen3_14b,participants,lusa_19,cls_exp_temp0.3_nodelim_norole_nocot,que,,Per,fn,
qwen3_14b,participants,lusa_19,cls_exp_temp0.3_nodelim_norole_nocot,o homem,,Per,fn,
qwen3_14b,participants,lusa_19,cls_exp_temp0.3_nodelim_norole_nocot,as mães,,Other,fn,
qwen3_14b,participants,lusa_19,cls_exp_temp0.3_nodelim_norole_nocot,o Destacamento Territorial,,Org,fn,
qwen3_14b,participants,lusa_19,cls_exp_temp0.3_nodelim_norole_nocot,comandante,,Per,fn,
qwen3_14b,participants,lusa_19,cls_exp_temp0.3_nodelim_norole_nocot,a localidade de Fervença,,Pl_civil,fn,
qwen3_14b,participants,lusa_19,cls_exp_temp0.3_nodelim_norole_nocot,o Destacamento Territorial das Caldas da Rainha,,Org,fn,
qwen3_14b,participants,lusa_19,cls_exp_temp0.3_nodelim_norole_nocot,o concelho de Alcobaça,,Pl_civil,fn,
qwen3_14b,participants,lusa_19,cls_exp_temp0.3_nodelim_norole_nocot,freguesia de Maiorga,,Pl_civil,fn,
qwen3_14b,participants,lusa_19,cls_exp_temp0.3_nodelim_norole_nocot,os pés,,Other,fn,
qwen3_14b,participants,lusa_19,cls_exp_temp0.3_nodelim_norole_nocot,as Caldas da Rainha,,Pl_civil,fn,
qwen3_14b,participants,lusa_19,cls_exp_temp0.3_nodelim_norole_nocot,o serviço de Medicina Legal de Leiria,,Org,fn,
qwen3_14b,participants,lusa_19,cls_exp_temp0.3_nodelim_norole_nocot,agência Lusa,,Org,fn,
qwen3_14b,participants,lusa_19,cls_exp_temp0.3_nodelim_norole_nocot,onde,,Pl_civil,fn,
qwen3_14b,participants,lusa_19,cls_exp_temp0.3_nodelim_norole_nocot,a residência,,Fac,fn,
qwen3_14b,participants,lusa_19,cls_exp_temp0.3_nodelim_norole_nocot,o serviço de Medicina Legal,,Org,fn,
qwen3_14b,participants,lusa_2,cls_exp_temp0.3_nodelim_norole_nocot,o detido,N/A,Per,tp,
qwen3_14b,participants,lusa_2,cls_exp_temp0.3_nodelim_norole_nocot,aquela força policial,N/A,Org,tp,
qwen3_14b,participants,lusa_2,cls_exp_temp0.3_nodelim_norole_nocot,bairro da Pasteleira Nova,N/A,Pl_civil,tp,
qwen3_14b,participants,lusa_2,cls_exp_temp0.3_nodelim_norole_nocot,heroína,N/A,Obj,tp,
qwen3_14b,participants,lusa_2,cls_exp_temp0.3_nodelim_norole_nocot,cocaína,N/A,Obj,tp,
qwen3_14b,participants,lusa_2,cls_exp_temp0.3_nodelim_norole_nocot,PSP,N/A,Org,tp,
qwen3_14b,participants,lusa_2,cls_exp_temp0.3_nodelim_norole_nocot,Porto,Loc,Pl_civil,tp,
qwen3_14b,participants,lusa_2,cls_exp_temp0.3_nodelim_norole_nocot,a PSP,N/A,Org,tp,
qwen3_14b,participants,lusa_2,cls_exp_temp0.3_nodelim_norole_nocot,599 doses individuais,N/A,,fp,
qwen3_14b,participants,lusa_2,cls_exp_temp0.3_nodelim_norole_nocot,Equipas de Prevenção e Reação Imediata (EPRI),N/A,,fp,
qwen3_14b,participants,lusa_2,cls_exp_temp0.3_nodelim_norole_nocot,ao desempregado,N/A,,fp,
qwen3_14b,participants,lusa_2,cls_exp_temp0.3_nodelim_norole_nocot,homem,N/A,,fp,
qwen3_14b,participants,lusa_2,cls_exp_temp0.3_nodelim_norole_nocot,suspeito,N/A,,fp,
qwen3_14b,participants,lusa_2,cls_exp_temp0.3_nodelim_norole_nocot,efetivo da Esquadra de Intervenção e Fiscalização Policial da 2.ª Divisão,N/A,,fp,
qwen3_14b,participants,lusa_2,cls_exp_temp0.3_nodelim_norole_nocot,235 doses individuais,N/A,,fp,
qwen3_14b,participants,lusa_2,cls_exp_temp0.3_nodelim_norole_nocot,arma de fogo,N/A,,fp,
qwen3_14b,participants,lusa_2,cls_exp_temp0.3_nodelim_norole_nocot,às Autoridades Judiciárias,N/A,,fp,
qwen3_14b,participants,lusa_2,cls_exp_temp0.3_nodelim_norole_nocot,Comando Metropolitano do Porto da PSP,N/A,,fp,
qwen3_14b,participants,lusa_2,cls_exp_temp0.3_nodelim_norole_nocot,Esquadra de Intervenção e Fiscalização Policial da 2.ª Divisão,,Org,fn,
qwen3_14b,participants,lusa_2,cls_exp_temp0.3_nodelim_norole_nocot,o Comando Metropolitano do Porto,,Org,fn,
qwen3_14b,participants,lusa_2,cls_exp_temp0.3_nodelim_norole_nocot,EPRI,,Per,fn,
qwen3_14b,participants,lusa_2,cls_exp_temp0.3_nodelim_norole_nocot,droga,,Obj,fn,
qwen3_14b,participants,lusa_2,cls_exp_temp0.3_nodelim_norole_nocot,comunicado,,Obj,fn,
qwen3_14b,participants,lusa_2,cls_exp_temp0.3_nodelim_norole_nocot,desempregado,,Per,fn,
qwen3_14b,participants,lusa_2,cls_exp_temp0.3_nodelim_norole_nocot,uma coluna de som,,Obj,fn,
qwen3_14b,participants,lusa_2,cls_exp_temp0.3_nodelim_norole_nocot,cerca de 235 doses individuais,,Obj,fn,
qwen3_14b,participants,lusa_2,cls_exp_temp0.3_nodelim_norole_nocot,222 euros em dinheiro,,Obj,fn,
qwen3_14b,participants,lusa_2,cls_exp_temp0.3_nodelim_norole_nocot,efetivo,,Per,fn,
qwen3_14b,participants,lusa_2,cls_exp_temp0.3_nodelim_norole_nocot,quatro munições,,Obj,fn,
qwen3_14b,participants,lusa_2,cls_exp_temp0.3_nodelim_norole_nocot,uma arma de fogo,,Obj,fn,
qwen3_14b,participants,lusa_2,cls_exp_temp0.3_nodelim_norole_nocot,Equipas de Prevenção e Reação Imediata,,Per,fn,
qwen3_14b,participants,lusa_2,cls_exp_temp0.3_nodelim_norole_nocot,estupefacientes,,Obj,fn,
qwen3_14b,participants,lusa_2,cls_exp_temp0.3_nodelim_norole_nocot,um ‘tablet',,Obj,fn,
qwen3_14b,participants,lusa_2,cls_exp_temp0.3_nodelim_norole_nocot,cerca de 599 doses individuais,,Obj,fn,
qwen3_14b,participants,lusa_2,cls_exp_temp0.3_nodelim_norole_nocot,o Comando Metropolitano,,Org,fn,
qwen3_14b,participants,lusa_2,cls_exp_temp0.3_nodelim_norole_nocot,Um homem de 20 anos,,Per,fn,
qwen3_14b,participants,lusa_21,cls_exp_temp0.3_nodelim_norole_nocot,condutor,Per,Per,tp,
qwen3_14b,participants,lusa_21,cls_exp_temp0.3_nodelim_norole_nocot,Bombeiros locais,Org,Org,tp,
qwen3_14b,participants,lusa_21,cls_exp_temp0.3_nodelim_norole_nocot,o condutor,N/A,Per,tp,
qwen3_14b,participants,lusa_21,cls_exp_temp0.3_nodelim_norole_nocot,testemunhas oculares,N/A,Per,tp,
qwen3_14b,participants,lusa_21,cls_exp_temp0.3_nodelim_norole_nocot,Filipe Guimarães,N/A,Per,tp,
qwen3_14b,participants,lusa_21,cls_exp_temp0.3_nodelim_norole_nocot,Arcos de Valdevez,Loc,Pl_civil,tp,
qwen3_14b,participants,lusa_21,cls_exp_temp0.3_nodelim_norole_nocot,uma viatura,Obj,Obj,tp,
qwen3_14b,participants,lusa_21,cls_exp_temp0.3_nodelim_norole_nocot,viatura,N/A,Obj,tp,
qwen3_14b,participants,lusa_21,cls_exp_temp0.3_nodelim_norole_nocot,o carro,N/A,,fp,
qwen3_14b,participants,lusa_21,cls_exp_temp0.3_nodelim_norole_nocot,Hospital de Braga,Fac,,fp,
qwen3_14b,participants,lusa_21,cls_exp_temp0.3_nodelim_norole_nocot,à Lusa,N/A,,fp,
qwen3_14b,participants,lusa_21,cls_exp_temp0.3_nodelim_norole_nocot,Hospital de Viana do Castelo,N/A,,fp,
qwen3_14b,participants,lusa_21,cls_exp_temp0.3_nodelim_norole_nocot,Estrada Nacional 101,N/A,,fp,
qwen3_14b,participants,lusa_21,cls_exp_temp0.3_nodelim_norole_nocot,num poste,N/A,,fp,
qwen3_14b,participants,lusa_21,cls_exp_temp0.3_nodelim_norole_nocot,bombeiros,Org,,fp,
qwen3_14b,participants,lusa_21,cls_exp_temp0.3_nodelim_norole_nocot,um segundo ocupante do automóvel,N/A,,fp,
qwen3_14b,participants,lusa_21,cls_exp_temp0.3_nodelim_norole_nocot,comandante dos Bombeiros locais,Per,,fp,
qwen3_14b,participants,lusa_21,cls_exp_temp0.3_nodelim_norole_nocot,viatura 'tunning',N/A,,fp,
qwen3_14b,participants,lusa_21,cls_exp_temp0.3_nodelim_norole_nocot,freguesia de São Paio e Giela,,Loc,fn,
qwen3_14b,participants,lusa_21,cls_exp_temp0.3_nodelim_norole_nocot,que,,Other,fn,
qwen3_14b,participants,lusa_21,cls_exp_temp0.3_nodelim_norole_nocot,um segundo ocupante,,Per,fn,
qwen3_14b,participants,lusa_21,cls_exp_temp0.3_nodelim_norole_nocot,o Hospital,,Fac,fn,
qwen3_14b,participants,lusa_21,cls_exp_temp0.3_nodelim_norole_nocot,qual,,Obj,fn,
qwen3_14b,participants,lusa_21,cls_exp_temp0.3_nodelim_norole_nocot,automóvel,,Obj,fn,
qwen3_14b,participants,lusa_21,cls_exp_temp0.3_nodelim_norole_nocot,o Hospital de Braga,,Fac,fn,
qwen3_14b,participants,lusa_21,cls_exp_temp0.3_nodelim_norole_nocot,uma viatura ‘tunning’ [transformada],,Obj,fn,
qwen3_14b,participants,lusa_21,cls_exp_temp0.3_nodelim_norole_nocot,cerca de 150 metros antes,,Other,fn,
qwen3_14b,participants,lusa_21,cls_exp_temp0.3_nodelim_norole_nocot,duas faixas em cada sentido,,Other,fn,
qwen3_14b,participants,lusa_21,cls_exp_temp0.3_nodelim_norole_nocot,o comandante,,Per,fn,
qwen3_14b,participants,lusa_21,cls_exp_temp0.3_nodelim_norole_nocot,Lusa,,Org,fn,
qwen3_14b,participants,lusa_21,cls_exp_temp0.3_nodelim_norole_nocot,A Estrada Nacional 101,,Loc,fn,
qwen3_14b,participants,lusa_21,cls_exp_temp0.3_nodelim_norole_nocot,carro,,Obj,fn,
qwen3_14b,participants,lusa_21,cls_exp_temp0.3_nodelim_norole_nocot,destroços,,Obj,fn,
qwen3_14b,participants,lusa_21,cls_exp_temp0.3_nodelim_norole_nocot,estrada,,Loc,fn,
qwen3_14b,participants,lusa_21,cls_exp_temp0.3_nodelim_norole_nocot,Braga,,Pl_civil,fn,
qwen3_14b,participants,lusa_21,cls_exp_temp0.3_nodelim_norole_nocot,o Hospital de Viana do Castelo,,Loc,fn,
qwen3_14b,participants,lusa_21,cls_exp_temp0.3_nodelim_norole_nocot,um poste,,Obj,fn,
qwen3_14b,participants,lusa_21,cls_exp_temp0.3_nodelim_norole_nocot,óleo,,Other,fn,
qwen3_14b,participants,lusa_22,cls_exp_temp0.3_nodelim_norole_nocot,o primeiro-ministro,N/A,Per,tp,
qwen3_14b,participants,lusa_22,cls_exp_temp0.3_nodelim_norole_nocot,as autoridades de saúde,N/A,Org,tp,
qwen3_14b,participants,lusa_22,cls_exp_temp0.3_nodelim_norole_nocot,O primeiro-ministro,N/A,Per,tp,
qwen3_14b,participants,lusa_22,cls_exp_temp0.3_nodelim_norole_nocot,São Tomé e Príncipe,N/A,Pl_country,tp,
qwen3_14b,participants,lusa_22,cls_exp_temp0.3_nodelim_norole_nocot,o Presidente francês,N/A,Per,tp,
qwen3_14b,participants,lusa_22,cls_exp_temp0.3_nodelim_norole_nocot,o novo coronavírus,N/A,Nat,tp,
qwen3_14b,participants,lusa_22,cls_exp_temp0.3_nodelim_norole_nocot,Covid-19,N/A,Nat,tp,
qwen3_14b,participants,lusa_22,cls_exp_temp0.3_nodelim_norole_nocot,O primeiro-ministro português,N/A,Per,tp,
qwen3_14b,participants,lusa_22,cls_exp_temp0.3_nodelim_norole_nocot,Emmanuel Macron,N/A,Per,tp,
qwen3_14b,participants,lusa_22,cls_exp_temp0.3_nodelim_norole_nocot,o mesmo comunicado,N/A,Obj,tp,
qwen3_14b,participants,lusa_22,cls_exp_temp0.3_nodelim_norole_nocot,Guiné Bissau,N/A,Pl_country,tp,
qwen3_14b,participants,lusa_22,cls_exp_temp0.3_nodelim_norole_nocot,Paris,N/A,Pl_country,tp,
qwen3_14b,participants,lusa_22,cls_exp_temp0.3_nodelim_norole_nocot,a agência Lusa,N/A,Per,tp,
qwen3_14b,participants,lusa_22,cls_exp_temp0.3_nodelim_norole_nocot,toda a agenda pública,N/A,,fp,
qwen3_14b,participants,lusa_22,cls_exp_temp0.3_nodelim_norole_nocot,o teste,N/A,,fp,
qwen3_14b,participants,lusa_22,cls_exp_temp0.3_nodelim_norole_nocot,Macron,N/A,,fp,
qwen3_14b,participants,lusa_22,cls_exp_temp0.3_nodelim_norole_nocot,gabinete de António Costa,N/A,,fp,
qwen3_14b,participants,lusa_22,cls_exp_temp0.3_nodelim_norole_nocot,Costa,N/A,,fp,
qwen3_14b,participants,lusa_22,cls_exp_temp0.3_nodelim_norole_nocot,a sua presença física,N/A,,fp,
qwen3_14b,participants,lusa_22,cls_exp_temp0.3_nodelim_norole_nocot,Presidente francês Emmanuel Macron,N/A,,fp,
qwen3_14b,participants,lusa_22,cls_exp_temp0.3_nodelim_norole_nocot,Palácio do Eliseu,N/A,,fp,
qwen3_14b,participants,lusa_22,cls_exp_temp0.3_nodelim_norole_nocot,essa deslocação,N/A,,fp,
qwen3_14b,participants,lusa_22,cls_exp_temp0.3_nodelim_norole_nocot,a sua,,Per,fn,
qwen3_14b,participants,lusa_22,cls_exp_temp0.3_nodelim_norole_nocot,o gabinete,,Org,fn,
qwen3_14b,participants,lusa_22,cls_exp_temp0.3_nodelim_norole_nocot,um teste,,Obj,fn,
qwen3_14b,participants,lusa_22,cls_exp_temp0.3_nodelim_norole_nocot,quem,,Per,fn,
qwen3_14b,participants,lusa_22,cls_exp_temp0.3_nodelim_norole_nocot,o Palácio do Eliseu,,Fac,fn,
qwen3_14b,participants,lusa_22,cls_exp_temp0.3_nodelim_norole_nocot,o comunicado,,Obj,fn,
qwen3_14b,participants,lusa_22,cls_exp_temp0.3_nodelim_norole_nocot,António Costa,,Per,fn,
qwen3_14b,participants,lusa_22,cls_exp_temp0.3_nodelim_norole_nocot,o Presidente francês Emmanuel Macron,,Per,fn,
qwen3_14b,participants,lusa_23,cls_exp_temp0.3_nodelim_norole_nocot,Melbourne,N/A,Pl_civil,tp,
qwen3_14b,participants,lusa_23,cls_exp_temp0.3_nodelim_norole_nocot,o primeiro-ministro de Victoria,Per,Per,tp,
qwen3_14b,participants,lusa_23,cls_exp_temp0.3_nodelim_norole_nocot,O líder,N/A,Per,tp,
qwen3_14b,participants,lusa_23,cls_exp_temp0.3_nodelim_norole_nocot,o país,N/A,Pl_civil,tp,
qwen3_14b,participants,lusa_23,cls_exp_temp0.3_nodelim_norole_nocot,Victoria,Loc,Pl_civil,tp,
qwen3_14b,participants,lusa_23,cls_exp_temp0.3_nodelim_norole_nocot,seguranças privados,N/A,Per,tp,
qwen3_14b,participants,lusa_23,cls_exp_temp0.3_nodelim_norole_nocot,A polícia,N/A,Org,tp,
qwen3_14b,participants,lusa_23,cls_exp_temp0.3_nodelim_norole_nocot,um livro de regras pandémico,Obj,Obj,tp,
qwen3_14b,participants,lusa_23,cls_exp_temp0.3_nodelim_norole_nocot,Andrews,N/A,Per,tp,
qwen3_14b,participants,lusa_23,cls_exp_temp0.3_nodelim_norole_nocot,dois hotéis,N/A,Fac,tp,
qwen3_14b,participants,lusa_23,cls_exp_temp0.3_nodelim_norole_nocot,Dan Andrews,Per,Per,tp,
qwen3_14b,participants,lusa_23,cls_exp_temp0.3_nodelim_norole_nocot,programa de quarentena,N/A,,fp,
qwen3_14b,participants,lusa_23,cls_exp_temp0.3_nodelim_norole_nocot,hotéis de quarentena de Melbourne,N/A,,fp,
qwen3_14b,participants,lusa_23,cls_exp_temp0.3_nodelim_norole_nocot,Governo de estado australiano,N/A,,fp,
qwen3_14b,participants,lusa_23,cls_exp_temp0.3_nodelim_norole_nocot,comunidade vitoriana,N/A,,fp,
qwen3_14b,participants,lusa_23,cls_exp_temp0.3_nodelim_norole_nocot,estado australiano de Victoria,N/A,,fp,
qwen3_14b,participants,lusa_23,cls_exp_temp0.3_nodelim_norole_nocot,hotéis,N/A,,fp,
qwen3_14b,participants,lusa_23,cls_exp_temp0.3_nodelim_norole_nocot,o sistema de quarentena,Obj,,fp,
qwen3_14b,participants,lusa_23,cls_exp_temp0.3_nodelim_norole_nocot,Covi-19,N/A,,fp,
qwen3_14b,participants,lusa_23,cls_exp_temp0.3_nodelim_norole_nocot,governo do estado australiano de Victoria,N/A,,fp,
qwen3_14b,participants,lusa_23,cls_exp_temp0.3_nodelim_norole_nocot,os hotéis,,Fac,fn,
qwen3_14b,participants,lusa_23,cls_exp_temp0.3_nodelim_norole_nocot,o aeroporto de Melbourne,,Fac,fn,
qwen3_14b,participants,lusa_23,cls_exp_temp0.3_nodelim_norole_nocot,o primeiro-ministro,,Per,fn,
qwen3_14b,participants,lusa_23,cls_exp_temp0.3_nodelim_norole_nocot,a segunda maior cidade da Austrália,,Pl_civil,fn,
qwen3_14b,participants,lusa_23,cls_exp_temp0.3_nodelim_norole_nocot,o estado australiano de Victoria,,Pl_civil,fn,
qwen3_14b,participants,lusa_23,cls_exp_temp0.3_nodelim_norole_nocot,o resto,,Pl_region,fn,
qwen3_14b,participants,lusa_23,cls_exp_temp0.3_nodelim_norole_nocot,vírus,,Nat,fn,
qwen3_14b,participants,lusa_23,cls_exp_temp0.3_nodelim_norole_nocot,à comunidade vitoriana,,Per,fn,
qwen3_14b,participants,lusa_23,cls_exp_temp0.3_nodelim_norole_nocot,este dois oitos,,Fac,fn,
qwen3_14b,participants,lusa_23,cls_exp_temp0.3_nodelim_norole_nocot,o estado de Victoria,,Pl_civil,fn,
qwen3_14b,participants,lusa_23,cls_exp_temp0.3_nodelim_norole_nocot,o aeroporto,,Fac,fn,
qwen3_14b,participants,lusa_23,cls_exp_temp0.3_nodelim_norole_nocot,o relatório de investigação,,Obj,fn,
qwen3_14b,participants,lusa_23,cls_exp_temp0.3_nodelim_norole_nocot,uma onda de infeções,,Other,fn,
qwen3_14b,participants,lusa_23,cls_exp_temp0.3_nodelim_norole_nocot,o governo,,Org,fn,
qwen3_14b,participants,lusa_23,cls_exp_temp0.3_nodelim_norole_nocot,o resto do país,,Pl_civil,fn,
qwen3_14b,participants,lusa_23,cls_exp_temp0.3_nodelim_norole_nocot,covid-19,,Nat,fn,
qwen3_14b,participants,lusa_24,cls_exp_temp0.3_nodelim_norole_nocot,Vila Real de Santo António,N/A,Pl_civil,tp,
qwen3_14b,participants,lusa_24,cls_exp_temp0.3_nodelim_norole_nocot,Lisboa,N/A,Pl_capital,tp,
qwen3_14b,participants,lusa_24,cls_exp_temp0.3_nodelim_norole_nocot,dois pescadores,N/A,Per,tp,
qwen3_14b,participants,lusa_24,cls_exp_temp0.3_nodelim_norole_nocot,A Autoridade Marítima Nacional,N/A,Org,tp,
qwen3_14b,participants,lusa_24,cls_exp_temp0.3_nodelim_norole_nocot,Foz de Odeleite,N/A,Pl_civil,tp,
qwen3_14b,participants,lusa_24,cls_exp_temp0.3_nodelim_norole_nocot,a autoridade,N/A,Org,tp,
qwen3_14b,participants,lusa_24,cls_exp_temp0.3_nodelim_norole_nocot,o homem de nacionalidade romena,N/A,Per,tp,
qwen3_14b,participants,lusa_24,cls_exp_temp0.3_nodelim_norole_nocot,o Centro de Coordenação de Busca e Salvamento Marítimo de Lisboa,N/A,Org,tp,
qwen3_14b,participants,lusa_24,cls_exp_temp0.3_nodelim_norole_nocot,rio Guadiana,N/A,Pl_water,tp,
qwen3_14b,participants,lusa_24,cls_exp_temp0.3_nodelim_norole_nocot,a Polícia Marítima,N/A,,fp,
qwen3_14b,participants,lusa_24,cls_exp_temp0.3_nodelim_norole_nocot,a Estação Salva-vidas de Vila Real de Santo António,N/A,,fp,
qwen3_14b,participants,lusa_24,cls_exp_temp0.3_nodelim_norole_nocot,uma embarcação da Polícia Marítima,N/A,,fp,
qwen3_14b,participants,lusa_24,cls_exp_temp0.3_nodelim_norole_nocot,homem desaparecido,Per,,fp,
qwen3_14b,participants,lusa_24,cls_exp_temp0.3_nodelim_norole_nocot,o concelho de Castro Marim,N/A,,fp,
qwen3_14b,participants,lusa_24,cls_exp_temp0.3_nodelim_norole_nocot,um homem,N/A,,fp,
qwen3_14b,participants,lusa_24,cls_exp_temp0.3_nodelim_norole_nocot,Castro Marim,N/A,,fp,
qwen3_14b,participants,lusa_24,cls_exp_temp0.3_nodelim_norole_nocot,Autoridades,Org,,fp,
qwen3_14b,participants,lusa_24,cls_exp_temp0.3_nodelim_norole_nocot,uma embarcação da Estação Salva-vidas de Vila Real de Santo António,N/A,,fp,
qwen3_14b,participants,lusa_24,cls_exp_temp0.3_nodelim_norole_nocot,O Capitão do Porto de Vila Real de Santo António,N/A,,fp,
qwen3_14b,participants,lusa_24,cls_exp_temp0.3_nodelim_norole_nocot,no rio Guadiana,Loc,,fp,
qwen3_14b,participants,lusa_24,cls_exp_temp0.3_nodelim_norole_nocot,uma embarcação,,Obj,fn,
qwen3_14b,participants,lusa_24,cls_exp_temp0.3_nodelim_norole_nocot,O Capitão,,Per,fn,
qwen3_14b,participants,lusa_24,cls_exp_temp0.3_nodelim_norole_nocot,Estação Salva-vidas,,Fac,fn,
qwen3_14b,participants,lusa_24,cls_exp_temp0.3_nodelim_norole_nocot,comunicado,,Obj,fn,
qwen3_14b,participants,lusa_24,cls_exp_temp0.3_nodelim_norole_nocot,água,,Pl_water,fn,
qwen3_14b,participants,lusa_24,cls_exp_temp0.3_nodelim_norole_nocot,o Porto de Vila Real de Santo António,,Fac,fn,
qwen3_14b,participants,lusa_24,cls_exp_temp0.3_nodelim_norole_nocot,o Centro de Coordenação de Busca e Salvamento Marítimo,,Org,fn,
qwen3_14b,participants,lusa_24,cls_exp_temp0.3_nodelim_norole_nocot,"um homem, de 48 anos",,Per,fn,
qwen3_14b,participants,lusa_24,cls_exp_temp0.3_nodelim_norole_nocot,Polícia Marítima,,Org,fn,
qwen3_14b,participants,lusa_24,cls_exp_temp0.3_nodelim_norole_nocot,que,,Per,fn,
qwen3_14b,participants,lusa_24,cls_exp_temp0.3_nodelim_norole_nocot,Autoridade Marítima Nacional,,Org,fn,
qwen3_14b,participants,lusa_24,cls_exp_temp0.3_nodelim_norole_nocot,Estação Salva-vidas de Vila Real de Santo António,,Fac,fn,
qwen3_14b,participants,lusa_24,cls_exp_temp0.3_nodelim_norole_nocot,fonte,,Per,fn,
qwen3_14b,participants,lusa_24,cls_exp_temp0.3_nodelim_norole_nocot,o Porto,,Fac,fn,
qwen3_14b,participants,lusa_24,cls_exp_temp0.3_nodelim_norole_nocot,o,,Per,fn,
qwen3_14b,participants,lusa_24,cls_exp_temp0.3_nodelim_norole_nocot,o local,,Pl_civil,fn,
qwen3_14b,participants,lusa_24,cls_exp_temp0.3_nodelim_norole_nocot,concelho de Castro Marim,,Pl_civil,fn,
qwen3_14b,participants,lusa_24,cls_exp_temp0.3_nodelim_norole_nocot,Lusa,,Org,fn,
qwen3_14b,participants,lusa_25,cls_exp_temp0.3_nodelim_norole_nocot,distrito de Lisboa,N/A,Pl_civil,tp,
qwen3_14b,participants,lusa_25,cls_exp_temp0.3_nodelim_norole_nocot,Polícia Judiciária (PJ),N/A,Org,tp,
qwen3_14b,participants,lusa_25,cls_exp_temp0.3_nodelim_norole_nocot,uma arma de fogo,N/A,Obj,tp,
qwen3_14b,participants,lusa_25,cls_exp_temp0.3_nodelim_norole_nocot,Um jovem de 17 anos,N/A,Per,tp,
qwen3_14b,participants,lusa_25,cls_exp_temp0.3_nodelim_norole_nocot,Amadora,N/A,Pl_civil,tp,
qwen3_14b,participants,lusa_25,cls_exp_temp0.3_nodelim_norole_nocot,fonte,N/A,Per,tp,
qwen3_14b,participants,lusa_25,cls_exp_temp0.3_nodelim_norole_nocot,bairro Casal da Mira,N/A,Pl_civil,tp,
qwen3_14b,participants,lusa_25,cls_exp_temp0.3_nodelim_norole_nocot,Amadora-Sintra,N/A,,fp,
qwen3_14b,participants,lusa_25,cls_exp_temp0.3_nodelim_norole_nocot,Jovem,N/A,,fp,
qwen3_14b,participants,lusa_25,cls_exp_temp0.3_nodelim_norole_nocot,Hospital Professor Doutor Fernando Fonseca,N/A,,fp,
qwen3_14b,participants,lusa_25,cls_exp_temp0.3_nodelim_norole_nocot,o ferido,N/A,,fp,
qwen3_14b,participants,lusa_25,cls_exp_temp0.3_nodelim_norole_nocot,PSP,N/A,,fp,
qwen3_14b,participants,lusa_25,cls_exp_temp0.3_nodelim_norole_nocot,fonte da PSP,N/A,,fp,
qwen3_14b,participants,lusa_25,cls_exp_temp0.3_nodelim_norole_nocot,à agência Lusa,N/A,,fp,
qwen3_14b,participants,lusa_25,cls_exp_temp0.3_nodelim_norole_nocot,Lisboa,,Pl_civil,fn,
qwen3_14b,participants,lusa_25,cls_exp_temp0.3_nodelim_norole_nocot,o Cometlis,,Org,fn,
qwen3_14b,participants,lusa_25,cls_exp_temp0.3_nodelim_norole_nocot,Cometlis,,Org,fn,
qwen3_14b,participants,lusa_25,cls_exp_temp0.3_nodelim_norole_nocot,o Hospital Professor Doutor Fernando Fonseca [Amadora-Sintra],,Loc,fn,
qwen3_14b,participants,lusa_25,cls_exp_temp0.3_nodelim_norole_nocot,peito,,Other,fn,
qwen3_14b,participants,lusa_25,cls_exp_temp0.3_nodelim_norole_nocot,o Comando Metropolitano de Lisboa,,Org,fn,
qwen3_14b,participants,lusa_25,cls_exp_temp0.3_nodelim_norole_nocot,a PSP,,Org,fn,
qwen3_14b,participants,lusa_25,cls_exp_temp0.3_nodelim_norole_nocot,agência Lusa,,Org,fn,
qwen3_14b,participants,lusa_25,cls_exp_temp0.3_nodelim_norole_nocot,quaisquer suspeitos,,Per,fn,
qwen3_14b,participants,lusa_25,cls_exp_temp0.3_nodelim_norole_nocot,o Comando Metropolitano,,Org,fn,
qwen3_14b,participants,lusa_25,cls_exp_temp0.3_nodelim_norole_nocot,Lusa,,Org,fn,
qwen3_14b,participants,lusa_26,cls_exp_temp0.3_nodelim_norole_nocot,atleta,N/A,Per,tp,
qwen3_14b,participants,lusa_26,cls_exp_temp0.3_nodelim_norole_nocot,o atleta,N/A,Per,tp,
qwen3_14b,participants,lusa_26,cls_exp_temp0.3_nodelim_norole_nocot,O futebolista brasileiro Alex Apolinário,N/A,Per,tp,
qwen3_14b,participants,lusa_26,cls_exp_temp0.3_nodelim_norole_nocot,os ribatejanos,N/A,Per,tp,
qwen3_14b,participants,lusa_26,cls_exp_temp0.3_nodelim_norole_nocot,Alverca Futebol SAD,N/A,Org,tp,
qwen3_14b,participants,lusa_26,cls_exp_temp0.3_nodelim_norole_nocot,instituições,N/A,Org,tp,
qwen3_14b,participants,lusa_26,cls_exp_temp0.3_nodelim_norole_nocot,adeptos,N/A,Per,tp,
qwen3_14b,participants,lusa_26,cls_exp_temp0.3_nodelim_norole_nocot,clube,N/A,Org,tp,
qwen3_14b,participants,lusa_26,cls_exp_temp0.3_nodelim_norole_nocot,atletas,N/A,Per,tp,
qwen3_14b,participants,lusa_26,cls_exp_temp0.3_nodelim_norole_nocot,Alverca,N/A,Org,tp,
qwen3_14b,participants,lusa_26,cls_exp_temp0.3_nodelim_norole_nocot,União de Almeirim,N/A,Org,tp,
qwen3_14b,participants,lusa_26,cls_exp_temp0.3_nodelim_norole_nocot,clubes,N/A,Org,tp,
qwen3_14b,participants,lusa_26,cls_exp_temp0.3_nodelim_norole_nocot,Alex Apolinário,N/A,Per,tp,
qwen3_14b,participants,lusa_26,cls_exp_temp0.3_nodelim_norole_nocot,o Facebook do clube,N/A,,fp,
qwen3_14b,participants,lusa_26,cls_exp_temp0.3_nodelim_norole_nocot,seus familiares,N/A,,fp,
qwen3_14b,participants,lusa_26,cls_exp_temp0.3_nodelim_norole_nocot,Campeonato de Portugal,N/A,,fp,
qwen3_14b,participants,lusa_26,cls_exp_temp0.3_nodelim_norole_nocot,SAD alverquense,N/A,,fp,
qwen3_14b,participants,lusa_26,cls_exp_temp0.3_nodelim_norole_nocot,corpo clínico do Hospital de Vila Franca de Xira,N/A,,fp,
qwen3_14b,participants,lusa_26,cls_exp_temp0.3_nodelim_norole_nocot,a onda de solidariedade,N/A,,fp,
qwen3_14b,participants,lusa_26,cls_exp_temp0.3_nodelim_norole_nocot,profissionais de saúde,N/A,,fp,
qwen3_14b,participants,lusa_26,cls_exp_temp0.3_nodelim_norole_nocot,o clube do Campeonato de Portugal,N/A,,fp,
qwen3_14b,participants,lusa_26,cls_exp_temp0.3_nodelim_norole_nocot,Hospital de Vila Franca de Xira,N/A,,fp,
qwen3_14b,participants,lusa_26,cls_exp_temp0.3_nodelim_norole_nocot,se,,Other,fn,
qwen3_14b,participants,lusa_26,cls_exp_temp0.3_nodelim_norole_nocot,o Campeonato de Portugal,,Other,fn,
qwen3_14b,participants,lusa_26,cls_exp_temp0.3_nodelim_norole_nocot,o Hospital de Vila Franca de Xira,,Loc,fn,
qwen3_14b,participants,lusa_26,cls_exp_temp0.3_nodelim_norole_nocot,informações,,Other,fn,
qwen3_14b,participants,lusa_26,cls_exp_temp0.3_nodelim_norole_nocot,que,,Other,fn,
qwen3_14b,participants,lusa_26,cls_exp_temp0.3_nodelim_norole_nocot,o mesmo comunicado,,Obj,fn,
qwen3_14b,participants,lusa_26,cls_exp_temp0.3_nodelim_norole_nocot,o corpo clínico,,Per,fn,
qwen3_14b,participants,lusa_26,cls_exp_temp0.3_nodelim_norole_nocot,a SAD alverquense,,Org,fn,
qwen3_14b,participants,lusa_26,cls_exp_temp0.3_nodelim_norole_nocot,aos profissionais de saúde,,Per,fn,
qwen3_14b,participants,lusa_26,cls_exp_temp0.3_nodelim_norole_nocot,todos,,Per,fn,
qwen3_14b,participants,lusa_26,cls_exp_temp0.3_nodelim_norole_nocot,quatro cantos do mundo,,Loc,fn,
qwen3_14b,participants,lusa_26,cls_exp_temp0.3_nodelim_norole_nocot,nós,,Org,fn,
qwen3_14b,participants,lusa_26,cls_exp_temp0.3_nodelim_norole_nocot,todo o mundo,,Loc,fn,
qwen3_14b,participants,lusa_26,cls_exp_temp0.3_nodelim_norole_nocot,mensagens,,Other,fn,
qwen3_14b,participants,lusa_26,cls_exp_temp0.3_nodelim_norole_nocot,seus,,Per,fn,
qwen3_14b,participants,lusa_26,cls_exp_temp0.3_nodelim_norole_nocot,Facebook,,Other,fn,
qwen3_14b,participants,lusa_26,cls_exp_temp0.3_nodelim_norole_nocot,familiares,,Per,fn,
qwen3_14b,participants,lusa_26,cls_exp_temp0.3_nodelim_norole_nocot,o comunicado,,Obj,fn,
qwen3_14b,participants,lusa_26,cls_exp_temp0.3_nodelim_norole_nocot,o clube,,Org,fn,
qwen3_14b,participants,lusa_26,cls_exp_temp0.3_nodelim_norole_nocot,uma nota,,Obj,fn,
qwen3_14b,participants,lusa_27,cls_exp_temp0.3_nodelim_norole_nocot,A criança de 12 anos,Per,Per,tp,
qwen3_14b,participants,lusa_27,cls_exp_temp0.3_nodelim_norole_nocot,Loures,Loc,Pl_civil,tp,
qwen3_14b,participants,lusa_27,cls_exp_temp0.3_nodelim_norole_nocot,Comando Geral da GNR,N/A,Org,tp,
qwen3_14b,participants,lusa_27,cls_exp_temp0.3_nodelim_norole_nocot,hospital,Fac,Org,tp,
qwen3_14b,participants,lusa_27,cls_exp_temp0.3_nodelim_norole_nocot,Instituto Nacional de Emergência Médica (INEM),N/A,Org,tp,
qwen3_14b,participants,lusa_27,cls_exp_temp0.3_nodelim_norole_nocot,10 viaturas,N/A,Obj,tp,
qwen3_14b,participants,lusa_27,cls_exp_temp0.3_nodelim_norole_nocot,a criança de 12 anos,N/A,Per,tp,
qwen3_14b,participants,lusa_27,cls_exp_temp0.3_nodelim_norole_nocot,viaturas,N/A,Obj,tp,
qwen3_14b,participants,lusa_27,cls_exp_temp0.3_nodelim_norole_nocot,três ligeiros,N/A,Obj,tp,
qwen3_14b,participants,lusa_27,cls_exp_temp0.3_nodelim_norole_nocot,autoestrada do Norte,N/A,Fac,tp,
qwen3_14b,participants,lusa_27,cls_exp_temp0.3_nodelim_norole_nocot,fonte,N/A,Per,tp,
qwen3_14b,participants,lusa_27,cls_exp_temp0.3_nodelim_norole_nocot,GNR,Org,Org,tp,
qwen3_14b,participants,lusa_27,cls_exp_temp0.3_nodelim_norole_nocot,Lusa,N/A,Org,tp,
qwen3_14b,participants,lusa_27,cls_exp_temp0.3_nodelim_norole_nocot,zona de São João da Talha,Loc,,fp,
qwen3_14b,participants,lusa_27,cls_exp_temp0.3_nodelim_norole_nocot,à Lusa,Org,,fp,
qwen3_14b,participants,lusa_27,cls_exp_temp0.3_nodelim_norole_nocot,autoestrada,Fac,,fp,
qwen3_14b,participants,lusa_27,cls_exp_temp0.3_nodelim_norole_nocot,Norte,Loc,,fp,
qwen3_14b,participants,lusa_27,cls_exp_temp0.3_nodelim_norole_nocot,acidente,N/A,,fp,
qwen3_14b,participants,lusa_27,cls_exp_temp0.3_nodelim_norole_nocot,A criança,Per,,fp,
qwen3_14b,participants,lusa_27,cls_exp_temp0.3_nodelim_norole_nocot,Criança,N/A,,fp,
qwen3_14b,participants,lusa_27,cls_exp_temp0.3_nodelim_norole_nocot,quatro feridos,N/A,,fp,
qwen3_14b,participants,lusa_27,cls_exp_temp0.3_nodelim_norole_nocot,policia,N/A,,fp,
qwen3_14b,participants,lusa_27,cls_exp_temp0.3_nodelim_norole_nocot,22 operacionais dos bombeiros,N/A,,fp,
qwen3_14b,participants,lusa_27,cls_exp_temp0.3_nodelim_norole_nocot,todos,,Per,fn,
qwen3_14b,participants,lusa_27,cls_exp_temp0.3_nodelim_norole_nocot,a faixa lateral,,Other,fn,
qwen3_14b,participants,lusa_27,cls_exp_temp0.3_nodelim_norole_nocot,outros quatro feridos,,Per,fn,
qwen3_14b,participants,lusa_27,cls_exp_temp0.3_nodelim_norole_nocot,quilómetro quatro,,Loc,fn,
qwen3_14b,participants,lusa_27,cls_exp_temp0.3_nodelim_norole_nocot,uma,,Obj,fn,
qwen3_14b,participants,lusa_27,cls_exp_temp0.3_nodelim_norole_nocot,sentido Norte/Sul,,Other,fn,
qwen3_14b,participants,lusa_27,cls_exp_temp0.3_nodelim_norole_nocot,que,,Per,fn,
qwen3_14b,participants,lusa_27,cls_exp_temp0.3_nodelim_norole_nocot,autoestrada no Norte,,Fac,fn,
qwen3_14b,participants,lusa_27,cls_exp_temp0.3_nodelim_norole_nocot,o hospital,,Loc,fn,
qwen3_14b,participants,lusa_27,cls_exp_temp0.3_nodelim_norole_nocot,polícia,,Org,fn,
qwen3_14b,participants,lusa_27,cls_exp_temp0.3_nodelim_norole_nocot,bombeiros,,Org,fn,
qwen3_14b,participants,lusa_27,cls_exp_temp0.3_nodelim_norole_nocot,o local,,Loc,fn,
qwen3_14b,participants,lusa_27,cls_exp_temp0.3_nodelim_norole_nocot,22 operacionais,,Per,fn,
qwen3_14b,participants,lusa_27,cls_exp_temp0.3_nodelim_norole_nocot,São João da Talha,,Pl_civil,fn,
qwen3_14b,participants,lusa_28,cls_exp_temp0.3_nodelim_norole_nocot,os meios de comunicação holandeses,Org,Org,tp,
qwen3_14b,participants,lusa_28,cls_exp_temp0.3_nodelim_norole_nocot,o diário De Telegraaf,N/A,Org,tp,
qwen3_14b,participants,lusa_28,cls_exp_temp0.3_nodelim_norole_nocot,O avançado,N/A,Per,tp,
qwen3_14b,participants,lusa_28,cls_exp_temp0.3_nodelim_norole_nocot,esta,N/A,Per,tp,
qwen3_14b,participants,lusa_28,cls_exp_temp0.3_nodelim_norole_nocot,fontes policiais,Per,Per,tp,
qwen3_14b,participants,lusa_28,cls_exp_temp0.3_nodelim_norole_nocot,aquela diário,N/A,Org,tp,
qwen3_14b,participants,lusa_28,cls_exp_temp0.3_nodelim_norole_nocot,fonte policial,N/A,Per,tp,
qwen3_14b,participants,lusa_28,cls_exp_temp0.3_nodelim_norole_nocot,a seleção holandesa,N/A,Org,tp,
qwen3_14b,participants,lusa_28,cls_exp_temp0.3_nodelim_norole_nocot,a vítima,N/A,Per,tp,
qwen3_14b,participants,lusa_28,cls_exp_temp0.3_nodelim_norole_nocot,Promes,N/A,Per,tp,
qwen3_14b,participants,lusa_28,cls_exp_temp0.3_nodelim_norole_nocot,os dois,N/A,Per,tp,
qwen3_14b,participants,lusa_28,cls_exp_temp0.3_nodelim_norole_nocot,Alguns nos presentes na festa,N/A,,fp,
qwen3_14b,participants,lusa_28,cls_exp_temp0.3_nodelim_norole_nocot,familiar,Per,,fp,
qwen3_14b,participants,lusa_28,cls_exp_temp0.3_nodelim_norole_nocot,Futebolista Quincy Promes,N/A,,fp,
qwen3_14b,participants,lusa_28,cls_exp_temp0.3_nodelim_norole_nocot,Quincy Promes,Per,,fp,
qwen3_14b,participants,lusa_28,cls_exp_temp0.3_nodelim_norole_nocot,um familiar,N/A,,fp,
qwen3_14b,participants,lusa_28,cls_exp_temp0.3_nodelim_norole_nocot,a festa,N/A,,fp,
qwen3_14b,participants,lusa_28,cls_exp_temp0.3_nodelim_norole_nocot,futebolista do Ajax,Per,,fp,
qwen3_14b,participants,lusa_28,cls_exp_temp0.3_nodelim_norole_nocot,Ajax,Org,,fp,
qwen3_14b,participants,lusa_28,cls_exp_temp0.3_nodelim_norole_nocot,os presentes,,Per,fn,
qwen3_14b,participants,lusa_28,cls_exp_temp0.3_nodelim_norole_nocot,o pescoço,,Other,fn,
qwen3_14b,participants,lusa_28,cls_exp_temp0.3_nodelim_norole_nocot,futebolista,,Per,fn,
qwen3_14b,participants,lusa_28,cls_exp_temp0.3_nodelim_norole_nocot,uma pequena povoação,,Pl_civil,fn,
qwen3_14b,participants,lusa_28,cls_exp_temp0.3_nodelim_norole_nocot,em familiar,,Per,fn,
qwen3_14b,participants,lusa_28,cls_exp_temp0.3_nodelim_norole_nocot,O internacional holandês Quincy Promes,,Per,fn,
qwen3_14b,participants,lusa_28,cls_exp_temp0.3_nodelim_norole_nocot,sete golos,,Other,fn,
qwen3_14b,participants,lusa_28,cls_exp_temp0.3_nodelim_norole_nocot,lesões graves,,Other,fn,
qwen3_14b,participants,lusa_28,cls_exp_temp0.3_nodelim_norole_nocot,o Ajax,,Org,fn,
qwen3_14b,participants,lusa_28,cls_exp_temp0.3_nodelim_norole_nocot,Alguns,,Per,fn,
qwen3_14b,participants,lusa_28,cls_exp_temp0.3_nodelim_norole_nocot,propriedade,,Loc,fn,
qwen3_14b,participants,lusa_28,cls_exp_temp0.3_nodelim_norole_nocot,a pena máxima,,Other,fn,
qwen3_14b,participants,lusa_28,cls_exp_temp0.3_nodelim_norole_nocot,o Twente,,Org,fn,
qwen3_14b,participants,lusa_28,cls_exp_temp0.3_nodelim_norole_nocot,os Países Baixos,,Pl_country,fn,
qwen3_14b,participants,lusa_28,cls_exp_temp0.3_nodelim_norole_nocot,Spartak de Moscovo,,Org,fn,
qwen3_14b,participants,lusa_28,cls_exp_temp0.3_nodelim_norole_nocot,Sevilha,,Org,fn,
qwen3_14b,participants,lusa_28,cls_exp_temp0.3_nodelim_norole_nocot,a província de Utrecht,,Pl_civil,fn,
qwen3_14b,participants,lusa_28,cls_exp_temp0.3_nodelim_norole_nocot,um armazém,,Fac,fn,
qwen3_14b,participants,lusa_28,cls_exp_temp0.3_nodelim_norole_nocot,Abcoude,,Pl_civil,fn,
qwen3_14b,participants,lusa_29,cls_exp_temp0.3_nodelim_norole_nocot,Sistema Integrado de Vigilância e Comando e Controlo (SIVICC),N/A,Org,tp,
qwen3_14b,participants,lusa_29,cls_exp_temp0.3_nodelim_norole_nocot,A Unidade de Controlo Costeiro (UCC),N/A,Org,tp,
qwen3_14b,participants,lusa_29,cls_exp_temp0.3_nodelim_norole_nocot,a GNR,N/A,Org,tp,
qwen3_14b,participants,lusa_29,cls_exp_temp0.3_nodelim_norole_nocot,dois homens,N/A,Per,tp,
qwen3_14b,participants,lusa_29,cls_exp_temp0.3_nodelim_norole_nocot,a embarcação,N/A,Obj,tp,
qwen3_14b,participants,lusa_29,cls_exp_temp0.3_nodelim_norole_nocot,duas embarcações,N/A,Obj,tp,
qwen3_14b,participants,lusa_29,cls_exp_temp0.3_nodelim_norole_nocot,GNR,N/A,Org,tp,
qwen3_14b,participants,lusa_29,cls_exp_temp0.3_nodelim_norole_nocot,as duas embarcações,N/A,Obj,tp,
qwen3_14b,participants,lusa_29,cls_exp_temp0.3_nodelim_norole_nocot,a Guarda Nacional Republicana (GNR),N/A,Org,tp,
qwen3_14b,participants,lusa_29,cls_exp_temp0.3_nodelim_norole_nocot,a embarcação de fibra,N/A,,fp,
qwen3_14b,participants,lusa_29,cls_exp_temp0.3_nodelim_norole_nocot,Algarve,N/A,,fp,
qwen3_14b,participants,lusa_29,cls_exp_temp0.3_nodelim_norole_nocot,os dois tripulantes,N/A,,fp,
qwen3_14b,participants,lusa_29,cls_exp_temp0.3_nodelim_norole_nocot,Olhão,N/A,,fp,
qwen3_14b,participants,lusa_29,cls_exp_temp0.3_nodelim_norole_nocot,os meios marítimos da UCC,N/A,,fp,
qwen3_14b,participants,lusa_29,cls_exp_temp0.3_nodelim_norole_nocot,objetos que se assemelhavam a fardos de haxixe,N/A,,fp,
qwen3_14b,participants,lusa_29,cls_exp_temp0.3_nodelim_norole_nocot,barco,N/A,,fp,
qwen3_14b,participants,lusa_29,cls_exp_temp0.3_nodelim_norole_nocot,22 fardos de haxixe,,Obj,fn,
qwen3_14b,participants,lusa_29,cls_exp_temp0.3_nodelim_norole_nocot,UCC,,Org,fn,
qwen3_14b,participants,lusa_29,cls_exp_temp0.3_nodelim_norole_nocot,objetos,,Obj,fn,
qwen3_14b,participants,lusa_29,cls_exp_temp0.3_nodelim_norole_nocot,comunicado,,Obj,fn,
qwen3_14b,participants,lusa_29,cls_exp_temp0.3_nodelim_norole_nocot,fardos de haxixe,,Obj,fn,
qwen3_14b,participants,lusa_29,cls_exp_temp0.3_nodelim_norole_nocot,um valor,,Other,fn,
qwen3_14b,participants,lusa_29,cls_exp_temp0.3_nodelim_norole_nocot,Olhão (Algarve),,Loc,fn,
qwen3_14b,participants,lusa_29,cls_exp_temp0.3_nodelim_norole_nocot,embarcação,,Obj,fn,
qwen3_14b,participants,lusa_29,cls_exp_temp0.3_nodelim_norole_nocot,"os dois tripulantes, com 24 e 26 anos",,Per,fn,
qwen3_14b,participants,lusa_29,cls_exp_temp0.3_nodelim_norole_nocot,os meios marítimos,,Other,fn,
qwen3_14b,participants,lusa_29,cls_exp_temp0.3_nodelim_norole_nocot,785 quilos de haxixe,,Obj,fn,
qwen3_14b,participants,lusa_29,cls_exp_temp0.3_nodelim_norole_nocot,que,,Obj,fn,
qwen3_14b,participants,lusa_29,cls_exp_temp0.3_nodelim_norole_nocot,um peso total,,Other,fn,
qwen3_14b,participants,lusa_29,cls_exp_temp0.3_nodelim_norole_nocot,mar,,Nat,fn,
qwen3_14b,participants,lusa_29,cls_exp_temp0.3_nodelim_norole_nocot,785 quilos,,Other,fn,
qwen3_14b,participants,lusa_29,cls_exp_temp0.3_nodelim_norole_nocot,dois milhões de euros,,Other,fn,
qwen3_14b,participants,lusa_29,cls_exp_temp0.3_nodelim_norole_nocot,o produto estupefaciente,,Obj,fn,
qwen3_14b,participants,lusa_29,cls_exp_temp0.3_nodelim_norole_nocot,embarcação de fibra,,Obj,fn,
qwen3_14b,participants,lusa_3,cls_exp_temp0.3_nodelim_norole_nocot,este,N/A,Per,tp,
qwen3_14b,participants,lusa_3,cls_exp_temp0.3_nodelim_norole_nocot,Cabeceiras de Basto,N/A,Pl_civil,tp,
qwen3_14b,participants,lusa_3,cls_exp_temp0.3_nodelim_norole_nocot,o homem,N/A,Per,tp,
qwen3_14b,participants,lusa_3,cls_exp_temp0.3_nodelim_norole_nocot,os militares,N/A,Per,tp,
qwen3_14b,participants,lusa_3,cls_exp_temp0.3_nodelim_norole_nocot,unidade hospitalar,N/A,Fac,tp,
qwen3_14b,participants,lusa_3,cls_exp_temp0.3_nodelim_norole_nocot,fonte policial,N/A,Per,tp,
qwen3_14b,participants,lusa_3,cls_exp_temp0.3_nodelim_norole_nocot,Fonte,N/A,Per,tp,
qwen3_14b,participants,lusa_3,cls_exp_temp0.3_nodelim_norole_nocot,O homem,N/A,Per,tp,
qwen3_14b,participants,lusa_3,cls_exp_temp0.3_nodelim_norole_nocot,balas de borracha,N/A,Obj,tp,
qwen3_14b,participants,lusa_3,cls_exp_temp0.3_nodelim_norole_nocot,a Polícia Judiciária,N/A,Org,tp,
qwen3_14b,participants,lusa_3,cls_exp_temp0.3_nodelim_norole_nocot,A GNR,N/A,Org,tp,
qwen3_14b,participants,lusa_3,cls_exp_temp0.3_nodelim_norole_nocot,bagos de borracha,N/A,Obj,tp,
qwen3_14b,participants,lusa_3,cls_exp_temp0.3_nodelim_norole_nocot,armas de fogo,N/A,Obj,tp,
qwen3_14b,participants,lusa_3,cls_exp_temp0.3_nodelim_norole_nocot,a fonte,N/A,Per,tp,
qwen3_14b,participants,lusa_3,cls_exp_temp0.3_nodelim_norole_nocot,Cabeceiras,N/A,Pl_civil,tp,
qwen3_14b,participants,lusa_3,cls_exp_temp0.3_nodelim_norole_nocot,o detido,N/A,Per,tp,
qwen3_14b,participants,lusa_3,cls_exp_temp0.3_nodelim_norole_nocot,um homem,N/A,Per,tp,
qwen3_14b,participants,lusa_3,cls_exp_temp0.3_nodelim_norole_nocot,os operacionais,N/A,Per,tp,
qwen3_14b,participants,lusa_3,cls_exp_temp0.3_nodelim_norole_nocot,Braga,N/A,Pl_civil,tp,
qwen3_14b,participants,lusa_3,cls_exp_temp0.3_nodelim_norole_nocot,munições reais,N/A,Obj,tp,
qwen3_14b,participants,lusa_3,cls_exp_temp0.3_nodelim_norole_nocot,Comando Territorial da GNR,N/A,,fp,
qwen3_14b,participants,lusa_3,cls_exp_temp0.3_nodelim_norole_nocot,homem,N/A,,fp,
qwen3_14b,participants,lusa_3,cls_exp_temp0.3_nodelim_norole_nocot,posto da GNR,N/A,,fp,
qwen3_14b,participants,lusa_3,cls_exp_temp0.3_nodelim_norole_nocot,arma de fogo,N/A,,fp,
qwen3_14b,participants,lusa_3,cls_exp_temp0.3_nodelim_norole_nocot,juiz de instrução,N/A,,fp,
qwen3_14b,participants,lusa_3,cls_exp_temp0.3_nodelim_norole_nocot,GNR,N/A,,fp,
qwen3_14b,participants,lusa_3,cls_exp_temp0.3_nodelim_norole_nocot,à agência Lusa,N/A,,fp,
qwen3_14b,participants,lusa_3,cls_exp_temp0.3_nodelim_norole_nocot,a freguesia de Refojos de Basto,,Pl_civil,fn,
qwen3_14b,participants,lusa_3,cls_exp_temp0.3_nodelim_norole_nocot,concelho de Cabeceiras de Basto,,Pl_civil,fn,
qwen3_14b,participants,lusa_3,cls_exp_temp0.3_nodelim_norole_nocot,o posto,,Fac,fn,
qwen3_14b,participants,lusa_3,cls_exp_temp0.3_nodelim_norole_nocot,o ar,,Loc,fn,
qwen3_14b,participants,lusa_3,cls_exp_temp0.3_nodelim_norole_nocot,que,,Per,fn,
qwen3_14b,participants,lusa_3,cls_exp_temp0.3_nodelim_norole_nocot,as balas de borracha,,Obj,fn,
qwen3_14b,participants,lusa_3,cls_exp_temp0.3_nodelim_norole_nocot,agência Lusa,,Org,fn,
qwen3_14b,participants,lusa_3,cls_exp_temp0.3_nodelim_norole_nocot,as causas,,Other,fn,
qwen3_14b,participants,lusa_3,cls_exp_temp0.3_nodelim_norole_nocot,detalhes,,Other,fn,
qwen3_14b,participants,lusa_3,cls_exp_temp0.3_nodelim_norole_nocot,o posto da GNR,,Fac,fn,
qwen3_14b,participants,lusa_3,cls_exp_temp0.3_nodelim_norole_nocot,a GNR,,Org,fn,
qwen3_14b,participants,lusa_3,cls_exp_temp0.3_nodelim_norole_nocot,as pernas,,Other,fn,
qwen3_14b,participants,lusa_3,cls_exp_temp0.3_nodelim_norole_nocot,as medidas de coação,,Other,fn,
qwen3_14b,participants,lusa_3,cls_exp_temp0.3_nodelim_norole_nocot,distrito de Braga,,Pl_civil,fn,
qwen3_14b,participants,lusa_3,cls_exp_temp0.3_nodelim_norole_nocot,ferimentos ligeiros,,Other,fn,
qwen3_14b,participants,lusa_3,cls_exp_temp0.3_nodelim_norole_nocot,o Comando Territorial,,Org,fn,
qwen3_14b,participants,lusa_31,cls_exp_temp0.3_nodelim_norole_nocot,um estabelecimento de restauração e bebidas,N/A,Org,tp,
qwen3_14b,participants,lusa_31,cls_exp_temp0.3_nodelim_norole_nocot,50 pessoas,N/A,Per,tp,
qwen3_14b,participants,lusa_31,cls_exp_temp0.3_nodelim_norole_nocot,o estabelecimento,N/A,Org,tp,
qwen3_14b,participants,lusa_31,cls_exp_temp0.3_nodelim_norole_nocot,Os militares,N/A,Per,tp,
qwen3_14b,participants,lusa_31,cls_exp_temp0.3_nodelim_norole_nocot,a autoridade,N/A,Org,tp,
qwen3_14b,participants,lusa_31,cls_exp_temp0.3_nodelim_norole_nocot,Freamunde,N/A,Pl_civil,tp,
qwen3_14b,participants,lusa_31,cls_exp_temp0.3_nodelim_norole_nocot,A GNR de Freamunde,N/A,Org,tp,
qwen3_14b,participants,lusa_31,cls_exp_temp0.3_nodelim_norole_nocot,Paços de Ferreira,N/A,,fp,
qwen3_14b,participants,lusa_31,cls_exp_temp0.3_nodelim_norole_nocot,o evento,N/A,,fp,
qwen3_14b,participants,lusa_31,cls_exp_temp0.3_nodelim_norole_nocot,restaurante,N/A,,fp,
qwen3_14b,participants,lusa_31,cls_exp_temp0.3_nodelim_norole_nocot,A proprietária,N/A,,fp,
qwen3_14b,participants,lusa_31,cls_exp_temp0.3_nodelim_norole_nocot,"GNR de Freamunde, Paços de Ferreira",N/A,,fp,
qwen3_14b,participants,lusa_31,cls_exp_temp0.3_nodelim_norole_nocot,um auto de contraordenação,N/A,,fp,
qwen3_14b,participants,lusa_31,cls_exp_temp0.3_nodelim_norole_nocot,a proprietária,N/A,,fp,
qwen3_14b,participants,lusa_31,cls_exp_temp0.3_nodelim_norole_nocot,música ao vivo,,Other,fn,
qwen3_14b,participants,lusa_31,cls_exp_temp0.3_nodelim_norole_nocot,o concelho de Paços de Ferreira,,Pl_civil,fn,
qwen3_14b,participants,lusa_31,cls_exp_temp0.3_nodelim_norole_nocot,um comunicado,,Obj,fn,
qwen3_14b,participants,lusa_31,cls_exp_temp0.3_nodelim_norole_nocot,"A proprietária, de 48 anos",,Per,fn,
qwen3_14b,participants,lusa_31,cls_exp_temp0.3_nodelim_norole_nocot,aquela localidade,,Pl_civil,fn,
qwen3_14b,participants,lusa_31,cls_exp_temp0.3_nodelim_norole_nocot,normas,,Other,fn,
qwen3_14b,participants,lusa_32,cls_exp_temp0.3_nodelim_norole_nocot,uma mulher de 25 anos,N/A,Per,tp,
qwen3_14b,participants,lusa_32,cls_exp_temp0.3_nodelim_norole_nocot,o companheiro,N/A,Per,tp,
qwen3_14b,participants,lusa_32,cls_exp_temp0.3_nodelim_norole_nocot,a GNR,N/A,Org,tp,
qwen3_14b,participants,lusa_32,cls_exp_temp0.3_nodelim_norole_nocot,um homem com 33 anos,N/A,Per,tp,
qwen3_14b,participants,lusa_32,cls_exp_temp0.3_nodelim_norole_nocot,a Guarda,N/A,Org,tp,
qwen3_14b,participants,lusa_32,cls_exp_temp0.3_nodelim_norole_nocot,a vítima,N/A,Per,tp,
qwen3_14b,participants,lusa_32,cls_exp_temp0.3_nodelim_norole_nocot,os militares,N/A,Per,tp,
qwen3_14b,participants,lusa_32,cls_exp_temp0.3_nodelim_norole_nocot,GNR,N/A,,fp,
qwen3_14b,participants,lusa_32,cls_exp_temp0.3_nodelim_norole_nocot,Tribunal Judicial de Felgueiras,N/A,,fp,
qwen3_14b,participants,lusa_32,cls_exp_temp0.3_nodelim_norole_nocot,varios tipos de armas de fogo,N/A,,fp,
qwen3_14b,participants,lusa_32,cls_exp_temp0.3_nodelim_norole_nocot,a nota de imprensa,,Obj,fn,
qwen3_14b,participants,lusa_32,cls_exp_temp0.3_nodelim_norole_nocot,duas armas de ar comprimido,,Obj,fn,
qwen3_14b,participants,lusa_32,cls_exp_temp0.3_nodelim_norole_nocot,comunicado,,Obj,fn,
qwen3_14b,participants,lusa_32,cls_exp_temp0.3_nodelim_norole_nocot,o Tribunal Judicial de Felgueiras,,Org,fn,
qwen3_14b,participants,lusa_32,cls_exp_temp0.3_nodelim_norole_nocot,o Tribunal Judicial,,Org,fn,
qwen3_14b,participants,lusa_32,cls_exp_temp0.3_nodelim_norole_nocot,uma caçadeira,,Obj,fn,
qwen3_14b,participants,lusa_32,cls_exp_temp0.3_nodelim_norole_nocot,uma caçadeira de calibre 12,,Obj,fn,
qwen3_14b,participants,lusa_32,cls_exp_temp0.3_nodelim_norole_nocot,o distrito do Porto,,Loc,fn,
qwen3_14b,participants,lusa_32,cls_exp_temp0.3_nodelim_norole_nocot,64 munições,,Obj,fn,
qwen3_14b,participants,lusa_32,cls_exp_temp0.3_nodelim_norole_nocot,um coldre,,Obj,fn,
qwen3_14b,participants,lusa_32,cls_exp_temp0.3_nodelim_norole_nocot,uma pistola,,Obj,fn,
qwen3_14b,participants,lusa_32,cls_exp_temp0.3_nodelim_norole_nocot,"uma pistola de calibre 6,35mm",,Obj,fn,
qwen3_14b,participants,lusa_32,cls_exp_temp0.3_nodelim_norole_nocot,onde,,Loc,fn,
qwen3_14b,participants,lusa_32,cls_exp_temp0.3_nodelim_norole_nocot,A GNR,,Org,fn,
qwen3_14b,participants,lusa_32,cls_exp_temp0.3_nodelim_norole_nocot,o local,,Loc,fn,
qwen3_14b,participants,lusa_32,cls_exp_temp0.3_nodelim_norole_nocot,Felgueiras,,Pl_civil,fn,
qwen3_14b,participants,lusa_33,cls_exp_temp0.3_nodelim_norole_nocot,comunicado,N/A,Obj,tp,
qwen3_14b,participants,lusa_33,cls_exp_temp0.3_nodelim_norole_nocot,distrito de Viana do Castelo,N/A,Pl_civil,tp,
qwen3_14b,participants,lusa_33,cls_exp_temp0.3_nodelim_norole_nocot,aquela força policial,N/A,Org,tp,
qwen3_14b,participants,lusa_33,cls_exp_temp0.3_nodelim_norole_nocot,37.400 euros,N/A,Obj,tp,
qwen3_14b,participants,lusa_33,cls_exp_temp0.3_nodelim_norole_nocot,berbigão,N/A,Nat,tp,
qwen3_14b,participants,lusa_33,cls_exp_temp0.3_nodelim_norole_nocot,redações,N/A,Org,tp,
qwen3_14b,participants,lusa_33,cls_exp_temp0.3_nodelim_norole_nocot,Matosinhos,Loc,Pl_civil,tp,
qwen3_14b,participants,lusa_33,cls_exp_temp0.3_nodelim_norole_nocot,a GNR,N/A,Org,tp,
qwen3_14b,participants,lusa_33,cls_exp_temp0.3_nodelim_norole_nocot,espécies bivalves,N/A,Nat,tp,
qwen3_14b,participants,lusa_33,cls_exp_temp0.3_nodelim_norole_nocot,Valença,N/A,Pl_civil,tp,
qwen3_14b,participants,lusa_33,cls_exp_temp0.3_nodelim_norole_nocot,Unidade de Controlo Costeiro (UCC) de Matosinhos,N/A,,fp,
qwen3_14b,participants,lusa_33,cls_exp_temp0.3_nodelim_norole_nocot,o respetivo auto de contraordenação,N/A,,fp,
qwen3_14b,participants,lusa_33,cls_exp_temp0.3_nodelim_norole_nocot,A Unidade de Controlo Costeiro da GNR,N/A,,fp,
qwen3_14b,participants,lusa_33,cls_exp_temp0.3_nodelim_norole_nocot,a força policial,N/A,,fp,
qwen3_14b,participants,lusa_33,cls_exp_temp0.3_nodelim_norole_nocot,um homem,N/A,,fp,
qwen3_14b,participants,lusa_33,cls_exp_temp0.3_nodelim_norole_nocot,GNR,N/A,,fp,
qwen3_14b,participants,lusa_33,cls_exp_temp0.3_nodelim_norole_nocot,cerastoderma edule,N/A,,fp,
qwen3_14b,participants,lusa_33,cls_exp_temp0.3_nodelim_norole_nocot,transporte de pescado fresco e moluscos bivalves,N/A,,fp,
qwen3_14b,participants,lusa_33,cls_exp_temp0.3_nodelim_norole_nocot,espécimes,,Nat,fn,
qwen3_14b,participants,lusa_33,cls_exp_temp0.3_nodelim_norole_nocot,pescado fresco,,Nat,fn,
qwen3_14b,participants,lusa_33,cls_exp_temp0.3_nodelim_norole_nocot,a Unidade de Controlo Costeiro (UCC) de Matosinhos,,Org,fn,
qwen3_14b,participants,lusa_33,cls_exp_temp0.3_nodelim_norole_nocot,7.400 quilogramas de cerastoderma edule,,Nat,fn,
qwen3_14b,participants,lusa_33,cls_exp_temp0.3_nodelim_norole_nocot,berbigão imaturo,,Nat,fn,
qwen3_14b,participants,lusa_33,cls_exp_temp0.3_nodelim_norole_nocot,"2,5 centímetros",,Other,fn,
qwen3_14b,participants,lusa_33,cls_exp_temp0.3_nodelim_norole_nocot,A mercadoria,,Obj,fn,
qwen3_14b,participants,lusa_33,cls_exp_temp0.3_nodelim_norole_nocot,o seu,,Obj,fn,
qwen3_14b,participants,lusa_33,cls_exp_temp0.3_nodelim_norole_nocot,um veículo pesado de mercadorias,,Obj,fn,
qwen3_14b,participants,lusa_33,cls_exp_temp0.3_nodelim_norole_nocot,coima máxima,,Other,fn,
qwen3_14b,participants,lusa_33,cls_exp_temp0.3_nodelim_norole_nocot,a medida legal,,Other,fn,
qwen3_14b,participants,lusa_33,cls_exp_temp0.3_nodelim_norole_nocot,UCC,,Org,fn,
qwen3_14b,participants,lusa_33,cls_exp_temp0.3_nodelim_norole_nocot,a Unidade de Controlo Costeiro,,Org,fn,
qwen3_14b,participants,lusa_33,cls_exp_temp0.3_nodelim_norole_nocot,habitat natural,,Loc,fn,
qwen3_14b,participants,lusa_33,cls_exp_temp0.3_nodelim_norole_nocot,sete toneladas de berbigão,,Nat,fn,
qwen3_14b,participants,lusa_33,cls_exp_temp0.3_nodelim_norole_nocot,uma espécie de molusco bivalve de água salgada,,Nat,fn,
qwen3_14b,participants,lusa_33,cls_exp_temp0.3_nodelim_norole_nocot,"um homem, de 50 anos",,Per,fn,
qwen3_14b,participants,lusa_33,cls_exp_temp0.3_nodelim_norole_nocot,moluscos bivalves,,Nat,fn,
qwen3_14b,participants,lusa_33,cls_exp_temp0.3_nodelim_norole_nocot,A Unidade de Controlo Costeiro,,Org,fn,
qwen3_14b,participants,lusa_33,cls_exp_temp0.3_nodelim_norole_nocot,37.500 euros,,Obj,fn,
qwen3_14b,participants,lusa_33,cls_exp_temp0.3_nodelim_norole_nocot,um valor total,,Other,fn,
qwen3_14b,participants,lusa_35,cls_exp_temp0.3_nodelim_norole_nocot,canábis,N/A,Nat,tp,
qwen3_14b,participants,lusa_35,cls_exp_temp0.3_nodelim_norole_nocot,O detido,N/A,Per,tp,
qwen3_14b,participants,lusa_35,cls_exp_temp0.3_nodelim_norole_nocot,"2,25 quilos de liamba",N/A,Obj,tp,
qwen3_14b,participants,lusa_35,cls_exp_temp0.3_nodelim_norole_nocot,o suspeito,N/A,Per,tp,
qwen3_14b,participants,lusa_35,cls_exp_temp0.3_nodelim_norole_nocot,um moinho,N/A,Obj,tp,
qwen3_14b,participants,lusa_35,cls_exp_temp0.3_nodelim_norole_nocot,Idanha-a-Nova,N/A,Pl_civil,tp,
qwen3_14b,participants,lusa_35,cls_exp_temp0.3_nodelim_norole_nocot,um homem de 52 anos,N/A,Per,tp,
qwen3_14b,participants,lusa_35,cls_exp_temp0.3_nodelim_norole_nocot,aquela força de segurança,N/A,Org,tp,
qwen3_14b,participants,lusa_35,cls_exp_temp0.3_nodelim_norole_nocot,26 pés de canábis,N/A,Nat,tp,
qwen3_14b,participants,lusa_35,cls_exp_temp0.3_nodelim_norole_nocot,Os militares,N/A,Per,tp,
qwen3_14b,participants,lusa_35,cls_exp_temp0.3_nodelim_norole_nocot,a nota,N/A,Obj,tp,
qwen3_14b,participants,lusa_35,cls_exp_temp0.3_nodelim_norole_nocot,seis quilos de cabeças de canábis,N/A,Nat,tp,
qwen3_14b,participants,lusa_35,cls_exp_temp0.3_nodelim_norole_nocot,militares,N/A,Per,tp,
qwen3_14b,participants,lusa_35,cls_exp_temp0.3_nodelim_norole_nocot,o Comando Territorial de Castelo Branco,N/A,Org,tp,
qwen3_14b,participants,lusa_35,cls_exp_temp0.3_nodelim_norole_nocot,A GNR,N/A,Org,tp,
qwen3_14b,participants,lusa_35,cls_exp_temp0.3_nodelim_norole_nocot,os militares,N/A,Per,tp,
qwen3_14b,participants,lusa_35,cls_exp_temp0.3_nodelim_norole_nocot,uma balança,N/A,Obj,tp,
qwen3_14b,participants,lusa_35,cls_exp_temp0.3_nodelim_norole_nocot,Tribunal Judicial de Idanha-a-Nova,N/A,,fp,
qwen3_14b,participants,lusa_35,cls_exp_temp0.3_nodelim_norole_nocot,em Idanha-a-Nova,N/A,,fp,
qwen3_14b,participants,lusa_35,cls_exp_temp0.3_nodelim_norole_nocot,Posto Territorial de Idanha-a-Nova,N/A,,fp,
qwen3_14b,participants,lusa_35,cls_exp_temp0.3_nodelim_norole_nocot,homem,N/A,,fp,
qwen3_14b,participants,lusa_35,cls_exp_temp0.3_nodelim_norole_nocot,Núcleo de Investigação Criminal (NIC) de Idanha-a-Nova,N/A,,fp,
qwen3_14b,participants,lusa_35,cls_exp_temp0.3_nodelim_norole_nocot,Comando Territorial de Castelo Branco,N/A,,fp,
qwen3_14b,participants,lusa_35,cls_exp_temp0.3_nodelim_norole_nocot,terreno agrícola,N/A,,fp,
qwen3_14b,participants,lusa_35,cls_exp_temp0.3_nodelim_norole_nocot,no distrito de Castelo Branco,N/A,,fp,
qwen3_14b,participants,lusa_35,cls_exp_temp0.3_nodelim_norole_nocot,GNR,N/A,,fp,
qwen3_14b,participants,lusa_35,cls_exp_temp0.3_nodelim_norole_nocot,homem de 52 anos,N/A,,fp,
qwen3_14b,participants,lusa_35,cls_exp_temp0.3_nodelim_norole_nocot,o Núcleo de Investigação Criminal (NIC) de Idanha-a-Nova,,Org,fn,
qwen3_14b,participants,lusa_35,cls_exp_temp0.3_nodelim_norole_nocot,Castelo Branco,,Pl_civil,fn,
qwen3_14b,participants,lusa_35,cls_exp_temp0.3_nodelim_norole_nocot,o Posto Territorial de Idanha-a-Nova,,Org,fn,
qwen3_14b,participants,lusa_35,cls_exp_temp0.3_nodelim_norole_nocot,o Núcleo de Investigação Criminal (NIC),,Org,fn,
qwen3_14b,participants,lusa_35,cls_exp_temp0.3_nodelim_norole_nocot,comunicado,,Obj,fn,
qwen3_14b,participants,lusa_35,cls_exp_temp0.3_nodelim_norole_nocot,o Tribunal Judicial,,Org,fn,
qwen3_14b,participants,lusa_35,cls_exp_temp0.3_nodelim_norole_nocot,estupefacientes,,Obj,fn,
qwen3_14b,participants,lusa_35,cls_exp_temp0.3_nodelim_norole_nocot,o Tribunal Judicial de Idanha-a-Nova,,Org,fn,
qwen3_14b,participants,lusa_35,cls_exp_temp0.3_nodelim_norole_nocot,o homem de 52 anos,,Per,fn,
qwen3_14b,participants,lusa_35,cls_exp_temp0.3_nodelim_norole_nocot,o Posto Territorial,,Org,fn,
qwen3_14b,participants,lusa_35,cls_exp_temp0.3_nodelim_norole_nocot,a GNR,,Org,fn,
qwen3_14b,participants,lusa_35,cls_exp_temp0.3_nodelim_norole_nocot,o distrito de Castelo Branco,,Loc,fn,
qwen3_14b,participants,lusa_35,cls_exp_temp0.3_nodelim_norole_nocot,um terreno agrícola,,Loc,fn,
qwen3_14b,participants,lusa_35,cls_exp_temp0.3_nodelim_norole_nocot,o Comando Territorial,,Org,fn,
qwen3_14b,participants,lusa_36,cls_exp_temp0.3_nodelim_norole_nocot,2.765 euros,N/A,Obj,tp,
qwen3_14b,participants,lusa_36,cls_exp_temp0.3_nodelim_norole_nocot,205 quilos de crustáceos,N/A,Nat,tp,
qwen3_14b,participants,lusa_36,cls_exp_temp0.3_nodelim_norole_nocot,os viveiros,N/A,Nat,tp,
qwen3_14b,participants,lusa_36,cls_exp_temp0.3_nodelim_norole_nocot,20 quilos de enguia-europeia,N/A,Nat,tp,
qwen3_14b,participants,lusa_36,cls_exp_temp0.3_nodelim_norole_nocot,nove viveiros ilegais,N/A,Nat,tp,
qwen3_14b,participants,lusa_36,cls_exp_temp0.3_nodelim_norole_nocot,a GNR,N/A,Org,tp,
qwen3_14b,participants,lusa_36,cls_exp_temp0.3_nodelim_norole_nocot,aquela força militar,N/A,Org,tp,
qwen3_14b,participants,lusa_36,cls_exp_temp0.3_nodelim_norole_nocot,Convenção sobre o Comércio Internacional das Espécies da Fauna e da Flora Silvestres Ameaçadas de Extinção (CITES),N/A,Org,tp,
qwen3_14b,participants,lusa_36,cls_exp_temp0.3_nodelim_norole_nocot,GNR,N/A,Org,tp,
qwen3_14b,participants,lusa_36,cls_exp_temp0.3_nodelim_norole_nocot,enguia-europeia,N/A,,fp,
qwen3_14b,participants,lusa_36,cls_exp_temp0.3_nodelim_norole_nocot,crustáceos,N/A,,fp,
qwen3_14b,participants,lusa_36,cls_exp_temp0.3_nodelim_norole_nocot,Unidade de Controlo Costeiro (UCC),N/A,,fp,
qwen3_14b,participants,lusa_36,cls_exp_temp0.3_nodelim_norole_nocot,a força militar,N/A,,fp,
qwen3_14b,participants,lusa_36,cls_exp_temp0.3_nodelim_norole_nocot,ria de Aveiro,N/A,,fp,
qwen3_14b,participants,lusa_36,cls_exp_temp0.3_nodelim_norole_nocot,viveiros ilegais,N/A,,fp,
qwen3_14b,participants,lusa_36,cls_exp_temp0.3_nodelim_norole_nocot,os militares da Guarda,N/A,,fp,
qwen3_14b,participants,lusa_36,cls_exp_temp0.3_nodelim_norole_nocot,a mesma nota,,Obj,fn,
qwen3_14b,participants,lusa_36,cls_exp_temp0.3_nodelim_norole_nocot,que,,Nat,fn,
qwen3_14b,participants,lusa_36,cls_exp_temp0.3_nodelim_norole_nocot,as enguias-europeias,,Nat,fn,
qwen3_14b,participants,lusa_36,cls_exp_temp0.3_nodelim_norole_nocot,o meio natural,,Nat,fn,
qwen3_14b,participants,lusa_36,cls_exp_temp0.3_nodelim_norole_nocot,os respetivos viveiros,,Nat,fn,
qwen3_14b,participants,lusa_36,cls_exp_temp0.3_nodelim_norole_nocot,diversos crustáceos,,Nat,fn,
qwen3_14b,participants,lusa_36,cls_exp_temp0.3_nodelim_norole_nocot,os militares,,Per,fn,
qwen3_14b,participants,lusa_36,cls_exp_temp0.3_nodelim_norole_nocot,pescado,,Nat,fn,
qwen3_14b,participants,lusa_36,cls_exp_temp0.3_nodelim_norole_nocot,tipo de culturas,,Nat,fn,
qwen3_14b,participants,lusa_36,cls_exp_temp0.3_nodelim_norole_nocot,a ria,,Pl_water,fn,
qwen3_14b,participants,lusa_36,cls_exp_temp0.3_nodelim_norole_nocot,uma espécie,,Nat,fn,
qwen3_14b,participants,lusa_36,cls_exp_temp0.3_nodelim_norole_nocot,águas interiores,,Pl_water,fn,
qwen3_14b,participants,lusa_36,cls_exp_temp0.3_nodelim_norole_nocot,Os crustáceos,,Nat,fn,
qwen3_14b,participants,lusa_36,cls_exp_temp0.3_nodelim_norole_nocot,a ria de Aveiro,,Pl_water,fn,
qwen3_14b,participants,lusa_36,cls_exp_temp0.3_nodelim_norole_nocot,UCC,,Org,fn,
qwen3_14b,participants,lusa_36,cls_exp_temp0.3_nodelim_norole_nocot,comunicado,,Obj,fn,
qwen3_14b,participants,lusa_36,cls_exp_temp0.3_nodelim_norole_nocot,as regras,,Other,fn,
qwen3_14b,participants,lusa_36,cls_exp_temp0.3_nodelim_norole_nocot,uma coima máxima de 60 mil euros,,Other,fn,
qwen3_14b,participants,lusa_36,cls_exp_temp0.3_nodelim_norole_nocot,Aveiro,,Pl_civil,fn,
qwen3_14b,participants,lusa_36,cls_exp_temp0.3_nodelim_norole_nocot,A Unidade de Controlo Costeiro,,Org,fn,
qwen3_14b,participants,lusa_36,cls_exp_temp0.3_nodelim_norole_nocot,sua,,Nat,fn,
qwen3_14b,participants,lusa_36,cls_exp_temp0.3_nodelim_norole_nocot,Guarda,,Org,fn,
qwen3_14b,participants,lusa_37,cls_exp_temp0.3_nodelim_norole_nocot,o suspeito,N/A,Per,tp,
qwen3_14b,participants,lusa_37,cls_exp_temp0.3_nodelim_norole_nocot,ex-companheira,N/A,Per,tp,
qwen3_14b,participants,lusa_37,cls_exp_temp0.3_nodelim_norole_nocot,Caria,N/A,Pl_civil,tp,
qwen3_14b,participants,lusa_37,cls_exp_temp0.3_nodelim_norole_nocot,Covilhã,N/A,Pl_civil,tp,
qwen3_14b,participants,lusa_37,cls_exp_temp0.3_nodelim_norole_nocot,um homem de 47 anos,N/A,Per,tp,
qwen3_14b,participants,lusa_37,cls_exp_temp0.3_nodelim_norole_nocot,a nota,N/A,Obj,tp,
qwen3_14b,participants,lusa_37,cls_exp_temp0.3_nodelim_norole_nocot,agência Lusa,N/A,Org,tp,
qwen3_14b,participants,lusa_37,cls_exp_temp0.3_nodelim_norole_nocot,O suspeito,N/A,Per,tp,
qwen3_14b,participants,lusa_37,cls_exp_temp0.3_nodelim_norole_nocot,armas de fogo,N/A,Obj,tp,
qwen3_14b,participants,lusa_37,cls_exp_temp0.3_nodelim_norole_nocot,os militares,N/A,Per,tp,
qwen3_14b,participants,lusa_37,cls_exp_temp0.3_nodelim_norole_nocot,Belmonte,N/A,Pl_civil,tp,
qwen3_14b,participants,lusa_37,cls_exp_temp0.3_nodelim_norole_nocot,a vítima,N/A,,fp,
qwen3_14b,participants,lusa_37,cls_exp_temp0.3_nodelim_norole_nocot,a operação,N/A,,fp,
qwen3_14b,participants,lusa_37,cls_exp_temp0.3_nodelim_norole_nocot,de 33 anos,N/A,,fp,
qwen3_14b,participants,lusa_37,cls_exp_temp0.3_nodelim_norole_nocot,sua ex-companheira,N/A,,fp,
qwen3_14b,participants,lusa_37,cls_exp_temp0.3_nodelim_norole_nocot,postos de Belmonte e Caria,N/A,,fp,
qwen3_14b,participants,lusa_37,cls_exp_temp0.3_nodelim_norole_nocot,Tribunal Judicial da Covilhã,N/A,,fp,
qwen3_14b,participants,lusa_37,cls_exp_temp0.3_nodelim_norole_nocot,arma de fogo,N/A,,fp,
qwen3_14b,participants,lusa_37,cls_exp_temp0.3_nodelim_norole_nocot,os factos,N/A,,fp,
qwen3_14b,participants,lusa_37,cls_exp_temp0.3_nodelim_norole_nocot,no concelho de Belmonte,N/A,,fp,
qwen3_14b,participants,lusa_37,cls_exp_temp0.3_nodelim_norole_nocot,Comando Territorial da GNR de Castelo Branco,N/A,,fp,
qwen3_14b,participants,lusa_37,cls_exp_temp0.3_nodelim_norole_nocot,GNR,N/A,,fp,
qwen3_14b,participants,lusa_37,cls_exp_temp0.3_nodelim_norole_nocot,uma reprodução de arma de fogo,,Obj,fn,
qwen3_14b,participants,lusa_37,cls_exp_temp0.3_nodelim_norole_nocot,sua,,Per,fn,
qwen3_14b,participants,lusa_37,cls_exp_temp0.3_nodelim_norole_nocot,"ex-companheira, de 33 anos",,Per,fn,
qwen3_14b,participants,lusa_37,cls_exp_temp0.3_nodelim_norole_nocot,postos,,Org,fn,
qwen3_14b,participants,lusa_37,cls_exp_temp0.3_nodelim_norole_nocot,três carabinas de ar comprimido,,Obj,fn,
qwen3_14b,participants,lusa_37,cls_exp_temp0.3_nodelim_norole_nocot,Castelo Branco,,Pl_civil,fn,
qwen3_14b,participants,lusa_37,cls_exp_temp0.3_nodelim_norole_nocot,ma pistola de ar comprimido,,Obj,fn,
qwen3_14b,participants,lusa_37,cls_exp_temp0.3_nodelim_norole_nocot,diversas munições de diferentes calibres,,Obj,fn,
qwen3_14b,participants,lusa_37,cls_exp_temp0.3_nodelim_norole_nocot,a arma de fogo,,Obj,fn,
qwen3_14b,participants,lusa_37,cls_exp_temp0.3_nodelim_norole_nocot,comunicado,,Obj,fn,
qwen3_14b,participants,lusa_37,cls_exp_temp0.3_nodelim_norole_nocot,uma faca de ponta e mola,,Per,fn,
qwen3_14b,participants,lusa_37,cls_exp_temp0.3_nodelim_norole_nocot,o Tribunal Judicial da Covilhã,,Org,fn,
qwen3_14b,participants,lusa_37,cls_exp_temp0.3_nodelim_norole_nocot,o Tribunal Judicial,,Org,fn,
qwen3_14b,participants,lusa_37,cls_exp_temp0.3_nodelim_norole_nocot,vítima,,Per,fn,
qwen3_14b,participants,lusa_37,cls_exp_temp0.3_nodelim_norole_nocot,álcool,,Other,fn,
qwen3_14b,participants,lusa_37,cls_exp_temp0.3_nodelim_norole_nocot,A GNR,,Org,fn,
qwen3_14b,participants,lusa_37,cls_exp_temp0.3_nodelim_norole_nocot,o concelho de Belmonte,,Loc,fn,
qwen3_14b,participants,lusa_37,cls_exp_temp0.3_nodelim_norole_nocot,o Comando Territorial da GNR de Castelo Branco,,Org,fn,
qwen3_14b,participants,lusa_37,cls_exp_temp0.3_nodelim_norole_nocot,a GNR,,Org,fn,
qwen3_14b,participants,lusa_37,cls_exp_temp0.3_nodelim_norole_nocot,o Comando Territorial,,Org,fn,
qwen3_14b,participants,lusa_37,cls_exp_temp0.3_nodelim_norole_nocot,uma caçadeira,,Obj,fn,
qwen3_14b,participants,lusa_39,cls_exp_temp0.3_nodelim_norole_nocot,autoridades,N/A,Org,tp,
qwen3_14b,participants,lusa_39,cls_exp_temp0.3_nodelim_norole_nocot,Dois homens,N/A,Per,tp,
qwen3_14b,participants,lusa_39,cls_exp_temp0.3_nodelim_norole_nocot,Santa Maria da Feria,N/A,Loc,tp,
qwen3_14b,participants,lusa_39,cls_exp_temp0.3_nodelim_norole_nocot,o outro,N/A,Per,tp,
qwen3_14b,participants,lusa_39,cls_exp_temp0.3_nodelim_norole_nocot,um montante em dinheiro,N/A,Other,tp,
qwen3_14b,participants,lusa_39,cls_exp_temp0.3_nodelim_norole_nocot,Milheirós de Poiares,N/A,Loc,tp,
qwen3_14b,participants,lusa_39,cls_exp_temp0.3_nodelim_norole_nocot,os envolvidos,N/A,Per,tp,
qwen3_14b,participants,lusa_39,cls_exp_temp0.3_nodelim_norole_nocot,distrito de Aveiro,N/A,Loc,tp,
qwen3_14b,participants,lusa_39,cls_exp_temp0.3_nodelim_norole_nocot,GNR,N/A,Org,tp,
qwen3_14b,participants,lusa_39,cls_exp_temp0.3_nodelim_norole_nocot,a caixa registadora,N/A,Obj,tp,
qwen3_14b,participants,lusa_39,cls_exp_temp0.3_nodelim_norole_nocot,uma confeitaria,N/A,Org,tp,
qwen3_14b,participants,lusa_39,cls_exp_temp0.3_nodelim_norole_nocot,a fonte,N/A,Per,tp,
qwen3_14b,participants,lusa_39,cls_exp_temp0.3_nodelim_norole_nocot,Um dos assaltantes,N/A,,fp,
qwen3_14b,participants,lusa_39,cls_exp_temp0.3_nodelim_norole_nocot,um dos dois envolvidos,N/A,,fp,
qwen3_14b,participants,lusa_39,cls_exp_temp0.3_nodelim_norole_nocot,fonte oficial da GNR,N/A,,fp,
qwen3_14b,participants,lusa_39,cls_exp_temp0.3_nodelim_norole_nocot,concelho de Santa Maria da Feira,N/A,,fp,
qwen3_14b,participants,lusa_39,cls_exp_temp0.3_nodelim_norole_nocot,confeitaria da Feira,N/A,,fp,
qwen3_14b,participants,lusa_39,cls_exp_temp0.3_nodelim_norole_nocot,Destacamento de Intervenção daquela força policial,N/A,,fp,
qwen3_14b,participants,lusa_39,cls_exp_temp0.3_nodelim_norole_nocot,Feira,N/A,,fp,
qwen3_14b,participants,lusa_39,cls_exp_temp0.3_nodelim_norole_nocot,meios do dispositivo territorial da GNR,N/A,,fp,
qwen3_14b,participants,lusa_39,cls_exp_temp0.3_nodelim_norole_nocot,confeitaria de Milheirós de Poiares,N/A,,fp,
qwen3_14b,participants,lusa_39,cls_exp_temp0.3_nodelim_norole_nocot,um dos envolvidos,N/A,,fp,
qwen3_14b,participants,lusa_39,cls_exp_temp0.3_nodelim_norole_nocot,Um,,Per,fn,
qwen3_14b,participants,lusa_39,cls_exp_temp0.3_nodelim_norole_nocot,o concelho de Santa Maria da Feira,,Pl_civil,fn,
qwen3_14b,participants,lusa_39,cls_exp_temp0.3_nodelim_norole_nocot,meios,,Other,fn,
qwen3_14b,participants,lusa_39,cls_exp_temp0.3_nodelim_norole_nocot,aquela força policial,,Org,fn,
qwen3_14b,participants,lusa_39,cls_exp_temp0.3_nodelim_norole_nocot,cara,,Other,fn,
qwen3_14b,participants,lusa_39,cls_exp_temp0.3_nodelim_norole_nocot,o Destacamento de Intervenção,,Org,fn,
qwen3_14b,participants,lusa_39,cls_exp_temp0.3_nodelim_norole_nocot,assaltantes,,Per,fn,
qwen3_14b,participants,lusa_39,cls_exp_temp0.3_nodelim_norole_nocot,o dispositivo territorial,,Org,fn,
qwen3_14b,participants,lusa_39,cls_exp_temp0.3_nodelim_norole_nocot,fonte oficial,,Per,fn,
qwen3_14b,participants,lusa_39,cls_exp_temp0.3_nodelim_norole_nocot,confeitaria,,Org,fn,
qwen3_14b,participants,lusa_39,cls_exp_temp0.3_nodelim_norole_nocot,o homem,,Per,fn,
qwen3_14b,participants,lusa_39,cls_exp_temp0.3_nodelim_norole_nocot,dois envolvidos,,Per,fn,
qwen3_14b,participants,lusa_39,cls_exp_temp0.3_nodelim_norole_nocot,um,,Per,fn,
qwen3_14b,participants,lusa_39,cls_exp_temp0.3_nodelim_norole_nocot,a GNR,,Org,fn,
qwen3_14b,participants,lusa_40,cls_exp_temp0.3_nodelim_norole_nocot,os suspeitos,N/A,Per,tp,
qwen3_14b,participants,lusa_40,cls_exp_temp0.3_nodelim_norole_nocot,"Sistema Integrado de Vigilância, Comando e Controlo (SIVICC)",N/A,Org,tp,
qwen3_14b,participants,lusa_40,cls_exp_temp0.3_nodelim_norole_nocot,uma embarcação de alta velocidade,N/A,Obj,tp,
qwen3_14b,participants,lusa_40,cls_exp_temp0.3_nodelim_norole_nocot,as autoridades policiais espanholas,N/A,Org,tp,
qwen3_14b,participants,lusa_40,cls_exp_temp0.3_nodelim_norole_nocot,A Unidade de Controlo Costeiro,N/A,Org,tp,
qwen3_14b,participants,lusa_40,cls_exp_temp0.3_nodelim_norole_nocot,a GNR,N/A,Org,tp,
qwen3_14b,participants,lusa_40,cls_exp_temp0.3_nodelim_norole_nocot,a embarcação,N/A,Obj,tp,
qwen3_14b,participants,lusa_40,cls_exp_temp0.3_nodelim_norole_nocot,GNR,N/A,Org,tp,
qwen3_14b,participants,lusa_40,cls_exp_temp0.3_nodelim_norole_nocot,Os militares da GNR,N/A,,fp,
qwen3_14b,participants,lusa_40,cls_exp_temp0.3_nodelim_norole_nocot,no Algarve,N/A,,fp,
qwen3_14b,participants,lusa_40,cls_exp_temp0.3_nodelim_norole_nocot,haxixe,N/A,,fp,
qwen3_14b,participants,lusa_40,cls_exp_temp0.3_nodelim_norole_nocot,quase quase quatro toneladas de haxixe,N/A,,fp,
qwen3_14b,participants,lusa_40,cls_exp_temp0.3_nodelim_norole_nocot,no rio Guadiana,N/A,,fp,
qwen3_14b,participants,lusa_40,cls_exp_temp0.3_nodelim_norole_nocot,rio Guadiana,Loc,,fp,
qwen3_14b,participants,lusa_40,cls_exp_temp0.3_nodelim_norole_nocot,quatro toneladas de haxixe,,Obj,fn,
qwen3_14b,participants,lusa_40,cls_exp_temp0.3_nodelim_norole_nocot,comunicado,,Obj,fn,
qwen3_14b,participants,lusa_40,cls_exp_temp0.3_nodelim_norole_nocot,Polícia Judiciária (PJ),,Org,fn,
qwen3_14b,participants,lusa_40,cls_exp_temp0.3_nodelim_norole_nocot,o rio Guadiana,,Pl_water,fn,
qwen3_14b,participants,lusa_40,cls_exp_temp0.3_nodelim_norole_nocot,território espanhol,,Pl_region,fn,
qwen3_14b,participants,lusa_40,cls_exp_temp0.3_nodelim_norole_nocot,115 fardos de haxixe com 3.785 quilos,,Obj,fn,
qwen3_14b,participants,lusa_40,cls_exp_temp0.3_nodelim_norole_nocot,costa,,Nat,fn,
qwen3_14b,participants,lusa_40,cls_exp_temp0.3_nodelim_norole_nocot,o Algarve,,Loc,fn,
qwen3_14b,participants,lusa_40,cls_exp_temp0.3_nodelim_norole_nocot,Os militares,,Per,fn,
qwen3_14b,participants,lusa_40,cls_exp_temp0.3_nodelim_norole_nocot,Foz de Odeleite,,Loc,fn,
qwen3_14b,participants,lusa_40,cls_exp_temp0.3_nodelim_norole_nocot,a nota,,Obj,fn,
qwen3_14b,participants,lusa_40,cls_exp_temp0.3_nodelim_norole_nocot,a foz do rio Guadiana,,Pl_water,fn,
qwen3_14b,participants,lusa_41,cls_exp_temp0.3_nodelim_norole_nocot,O detido,N/A,Per,tp,
qwen3_14b,participants,lusa_41,cls_exp_temp0.3_nodelim_norole_nocot,Maia,N/A,Pl_civil,tp,
qwen3_14b,participants,lusa_41,cls_exp_temp0.3_nodelim_norole_nocot,a vítima,N/A,Per,tp,
qwen3_14b,participants,lusa_41,cls_exp_temp0.3_nodelim_norole_nocot,a prisão,N/A,Loc,tp,
qwen3_14b,participants,lusa_41,cls_exp_temp0.3_nodelim_norole_nocot,o distrito do Porto,Loc,Loc,tp,
qwen3_14b,participants,lusa_41,cls_exp_temp0.3_nodelim_norole_nocot,Matosinhos,N/A,Pl_civil,tp,
qwen3_14b,participants,lusa_41,cls_exp_temp0.3_nodelim_norole_nocot,o concelho da Maia,Loc,Loc,tp,
qwen3_14b,participants,lusa_41,cls_exp_temp0.3_nodelim_norole_nocot,a GNR,N/A,Org,tp,
qwen3_14b,participants,lusa_41,cls_exp_temp0.3_nodelim_norole_nocot,A GNR,N/A,Org,tp,
qwen3_14b,participants,lusa_41,cls_exp_temp0.3_nodelim_norole_nocot,o agressor,N/A,Per,tp,
qwen3_14b,participants,lusa_41,cls_exp_temp0.3_nodelim_norole_nocot,GNR,N/A,Org,tp,
qwen3_14b,participants,lusa_41,cls_exp_temp0.3_nodelim_norole_nocot,seu pai,N/A,,fp,
qwen3_14b,participants,lusa_41,cls_exp_temp0.3_nodelim_norole_nocot,um homem,N/A,,fp,
qwen3_14b,participants,lusa_41,cls_exp_temp0.3_nodelim_norole_nocot,militares da GNR do Posto Territorial da Maia,N/A,,fp,
qwen3_14b,participants,lusa_41,cls_exp_temp0.3_nodelim_norole_nocot,homem de 59 anos,N/A,,fp,
qwen3_14b,participants,lusa_41,cls_exp_temp0.3_nodelim_norole_nocot,mandado de detenção,N/A,,fp,
qwen3_14b,participants,lusa_41,cls_exp_temp0.3_nodelim_norole_nocot,Tribunal de Instrução Criminal de Matosinhos,N/A,,fp,
qwen3_14b,participants,lusa_41,cls_exp_temp0.3_nodelim_norole_nocot,o pai,N/A,,fp,
qwen3_14b,participants,lusa_41,cls_exp_temp0.3_nodelim_norole_nocot,o seu pai,N/A,,fp,
qwen3_14b,participants,lusa_41,cls_exp_temp0.3_nodelim_norole_nocot,Posto Territorial da Maia,N/A,,fp,
qwen3_14b,participants,lusa_41,cls_exp_temp0.3_nodelim_norole_nocot,medidas,,Other,fn,
qwen3_14b,participants,lusa_41,cls_exp_temp0.3_nodelim_norole_nocot,dinheiro,,Obj,fn,
qwen3_14b,participants,lusa_41,cls_exp_temp0.3_nodelim_norole_nocot,comunicado,,Obj,fn,
qwen3_14b,participants,lusa_41,cls_exp_temp0.3_nodelim_norole_nocot,"pai, de 89 anos",,Per,fn,
qwen3_14b,participants,lusa_41,cls_exp_temp0.3_nodelim_norole_nocot,o Tribunal de Instrução Criminal,,Org,fn,
qwen3_14b,participants,lusa_41,cls_exp_temp0.3_nodelim_norole_nocot,lhe,,Per,fn,
qwen3_14b,participants,lusa_41,cls_exp_temp0.3_nodelim_norole_nocot,o Posto Territorial da Maia,,Org,fn,
qwen3_14b,participants,lusa_41,cls_exp_temp0.3_nodelim_norole_nocot,o seu,,Per,fn,
qwen3_14b,participants,lusa_41,cls_exp_temp0.3_nodelim_norole_nocot,seu,,Per,fn,
qwen3_14b,participants,lusa_41,cls_exp_temp0.3_nodelim_norole_nocot,estupefacientes,,Obj,fn,
qwen3_14b,participants,lusa_41,cls_exp_temp0.3_nodelim_norole_nocot,o Posto Territorial,,Org,fn,
qwen3_14b,participants,lusa_41,cls_exp_temp0.3_nodelim_norole_nocot,o distrito,,Pl_region,fn,
qwen3_14b,participants,lusa_41,cls_exp_temp0.3_nodelim_norole_nocot,militares,,Per,fn,
qwen3_14b,participants,lusa_41,cls_exp_temp0.3_nodelim_norole_nocot,o Tribunal de Instrução Criminal de Matosinhos,,Org,fn,
qwen3_14b,participants,lusa_41,cls_exp_temp0.3_nodelim_norole_nocot,"um homem, de 59 anos",,Per,fn,
qwen3_14b,participants,lusa_41,cls_exp_temp0.3_nodelim_norole_nocot,o Porto,,Pl_civil,fn,
qwen3_14b,participants,lusa_41,cls_exp_temp0.3_nodelim_norole_nocot,idoso,,Per,fn,
qwen3_14b,participants,lusa_42,cls_exp_temp0.3_nodelim_norole_nocot,a mulher,N/A,Per,tp,
qwen3_14b,participants,lusa_42,cls_exp_temp0.3_nodelim_norole_nocot,A octogenária,N/A,Per,tp,
qwen3_14b,participants,lusa_42,cls_exp_temp0.3_nodelim_norole_nocot,Sabroso,Loc,Pl_civil,tp,
qwen3_14b,participants,lusa_42,cls_exp_temp0.3_nodelim_norole_nocot,nove viaturas,N/A,Obj,tp,
qwen3_14b,participants,lusa_42,cls_exp_temp0.3_nodelim_norole_nocot,Vila Real,N/A,Pl_civil,tp,
qwen3_14b,participants,lusa_42,cls_exp_temp0.3_nodelim_norole_nocot,um cão,N/A,Nat,tp,
qwen3_14b,participants,lusa_42,cls_exp_temp0.3_nodelim_norole_nocot,29 operacionais,N/A,Per,tp,
qwen3_14b,participants,lusa_42,cls_exp_temp0.3_nodelim_norole_nocot,a idosa de 81 anos,N/A,Per,tp,
qwen3_14b,participants,lusa_42,cls_exp_temp0.3_nodelim_norole_nocot,um familiar,Per,Per,tp,
qwen3_14b,participants,lusa_42,cls_exp_temp0.3_nodelim_norole_nocot,A GNR,N/A,Org,tp,
qwen3_14b,participants,lusa_42,cls_exp_temp0.3_nodelim_norole_nocot,a idosa,Per,Per,tp,
qwen3_14b,participants,lusa_42,cls_exp_temp0.3_nodelim_norole_nocot,concelho de Vila Real,Loc,Pl_civil,tp,
qwen3_14b,participants,lusa_42,cls_exp_temp0.3_nodelim_norole_nocot,aldeia de Vila Real,N/A,,fp,
qwen3_14b,participants,lusa_42,cls_exp_temp0.3_nodelim_norole_nocot,fonte daquela força policial,N/A,,fp,
qwen3_14b,participants,lusa_42,cls_exp_temp0.3_nodelim_norole_nocot,Centro Hospitalar de Trás-os-Montes e Alto Douro,N/A,,fp,
qwen3_14b,participants,lusa_42,cls_exp_temp0.3_nodelim_norole_nocot,As buscas,N/A,,fp,
qwen3_14b,participants,lusa_42,cls_exp_temp0.3_nodelim_norole_nocot,a página na Internet da Autoridade Nacional de Emergência e Proteção Civil,N/A,,fp,
qwen3_14b,participants,lusa_42,cls_exp_temp0.3_nodelim_norole_nocot,equipa cinotécnica da GNR,N/A,,fp,
qwen3_14b,participants,lusa_42,cls_exp_temp0.3_nodelim_norole_nocot,elementos da GNR,N/A,,fp,
qwen3_14b,participants,lusa_42,cls_exp_temp0.3_nodelim_norole_nocot,idosa,N/A,,fp,
qwen3_14b,participants,lusa_42,cls_exp_temp0.3_nodelim_norole_nocot,dos bombeiros,N/A,,fp,
qwen3_14b,participants,lusa_42,cls_exp_temp0.3_nodelim_norole_nocot,Unidade de Emergência de Proteção e Socorro (UEPS),Org,,fp,
qwen3_14b,participants,lusa_42,cls_exp_temp0.3_nodelim_norole_nocot,GNR,Org,,fp,
qwen3_14b,participants,lusa_42,cls_exp_temp0.3_nodelim_norole_nocot,a página,,Other,fn,
qwen3_14b,participants,lusa_42,cls_exp_temp0.3_nodelim_norole_nocot,a Unidade de Emergência de Proteção e Socorro (UEPS),,Org,fn,
qwen3_14b,participants,lusa_42,cls_exp_temp0.3_nodelim_norole_nocot,o Centro Hospitalar,,Org,fn,
qwen3_14b,participants,lusa_42,cls_exp_temp0.3_nodelim_norole_nocot,a unidade de Vila Real,,Org,fn,
qwen3_14b,participants,lusa_42,cls_exp_temp0.3_nodelim_norole_nocot,a sua,,Per,fn,
qwen3_14b,participants,lusa_42,cls_exp_temp0.3_nodelim_norole_nocot,aquela força policial,,Org,fn,
qwen3_14b,participants,lusa_42,cls_exp_temp0.3_nodelim_norole_nocot,elementos,,Per,fn,
qwen3_14b,participants,lusa_42,cls_exp_temp0.3_nodelim_norole_nocot,a unidade,,Org,fn,
qwen3_14b,participants,lusa_42,cls_exp_temp0.3_nodelim_norole_nocot,que,,Per,fn,
qwen3_14b,participants,lusa_42,cls_exp_temp0.3_nodelim_norole_nocot,a Autoridade Nacional de Emergência e Proteção Civil,,Org,fn,
qwen3_14b,participants,lusa_42,cls_exp_temp0.3_nodelim_norole_nocot,fonte,,Per,fn,
qwen3_14b,participants,lusa_42,cls_exp_temp0.3_nodelim_norole_nocot,a equipa cinotécnica,,Per,fn,
qwen3_14b,participants,lusa_42,cls_exp_temp0.3_nodelim_norole_nocot,os bombeiros,,Org,fn,
qwen3_14b,participants,lusa_42,cls_exp_temp0.3_nodelim_norole_nocot,Internet,,Other,fn,
qwen3_14b,participants,lusa_42,cls_exp_temp0.3_nodelim_norole_nocot,a GNR,,Org,fn,
qwen3_14b,participants,lusa_42,cls_exp_temp0.3_nodelim_norole_nocot,Trás-os-Montes e Alto Douro,,Pl_region,fn,
qwen3_14b,participants,lusa_42,cls_exp_temp0.3_nodelim_norole_nocot,residência,,Loc,fn,
qwen3_14b,participants,lusa_42,cls_exp_temp0.3_nodelim_norole_nocot,o Centro Hospitalar de Trás-os-Montes e Alto Douro,,Org,fn,
qwen3_14b,participants,lusa_43,cls_exp_temp0.3_nodelim_norole_nocot,a mãe de 73 anos,Per,Per,tp,
qwen3_14b,participants,lusa_43,cls_exp_temp0.3_nodelim_norole_nocot,o suspeito,N/A,Per,tp,
qwen3_14b,participants,lusa_43,cls_exp_temp0.3_nodelim_norole_nocot,comunicado,N/A,Obj,tp,
qwen3_14b,participants,lusa_43,cls_exp_temp0.3_nodelim_norole_nocot,Um homem de 50 anos,Per,Per,tp,
qwen3_14b,participants,lusa_43,cls_exp_temp0.3_nodelim_norole_nocot,duas armas brancas,N/A,Obj,tp,
qwen3_14b,participants,lusa_43,cls_exp_temp0.3_nodelim_norole_nocot,distrito do Porto,Loc,Pl_civil,tp,
qwen3_14b,participants,lusa_43,cls_exp_temp0.3_nodelim_norole_nocot,a GNR,N/A,Org,tp,
qwen3_14b,participants,lusa_43,cls_exp_temp0.3_nodelim_norole_nocot,O suspeito,N/A,Per,tp,
qwen3_14b,participants,lusa_43,cls_exp_temp0.3_nodelim_norole_nocot,o local,N/A,Pl_civil,tp,
qwen3_14b,participants,lusa_43,cls_exp_temp0.3_nodelim_norole_nocot,armas brancas,N/A,Obj,tp,
qwen3_14b,participants,lusa_43,cls_exp_temp0.3_nodelim_norole_nocot,Gondomar,Loc,Pl_civil,tp,
qwen3_14b,participants,lusa_43,cls_exp_temp0.3_nodelim_norole_nocot,os militares,N/A,Per,tp,
qwen3_14b,participants,lusa_43,cls_exp_temp0.3_nodelim_norole_nocot,esta força policial,N/A,Org,tp,
qwen3_14b,participants,lusa_43,cls_exp_temp0.3_nodelim_norole_nocot,uma denúncia,N/A,,fp,
qwen3_14b,participants,lusa_43,cls_exp_temp0.3_nodelim_norole_nocot,a mãe,N/A,,fp,
qwen3_14b,participants,lusa_43,cls_exp_temp0.3_nodelim_norole_nocot,homem,N/A,,fp,
qwen3_14b,participants,lusa_43,cls_exp_temp0.3_nodelim_norole_nocot,Tribunal Judicial do Porto,N/A,,fp,
qwen3_14b,participants,lusa_43,cls_exp_temp0.3_nodelim_norole_nocot,GNR,N/A,,fp,
qwen3_14b,participants,lusa_43,cls_exp_temp0.3_nodelim_norole_nocot,mãe de 73 anos,N/A,,fp,
qwen3_14b,participants,lusa_43,cls_exp_temp0.3_nodelim_norole_nocot,o Tribunal Judicial do Porto,,Org,fn,
qwen3_14b,participants,lusa_43,cls_exp_temp0.3_nodelim_norole_nocot,o Porto,,Pl_civil,fn,
qwen3_14b,participants,lusa_43,cls_exp_temp0.3_nodelim_norole_nocot,mãe,,Per,fn,
qwen3_14b,participants,lusa_43,cls_exp_temp0.3_nodelim_norole_nocot,o Tribunal Judicial,,Org,fn,
qwen3_14b,participants,lusa_44,cls_exp_temp0.3_nodelim_norole_nocot,uma nota de imprensa,N/A,Obj,tp,
qwen3_14b,participants,lusa_44,cls_exp_temp0.3_nodelim_norole_nocot,efluentes suinícolas,N/A,Nat,tp,
qwen3_14b,participants,lusa_44,cls_exp_temp0.3_nodelim_norole_nocot,uma exploração agropecuária,N/A,Org,tp,
qwen3_14b,participants,lusa_44,cls_exp_temp0.3_nodelim_norole_nocot,efluentes pecuários,N/A,Nat,tp,
qwen3_14b,participants,lusa_44,cls_exp_temp0.3_nodelim_norole_nocot,mecanismo,N/A,Other,tp,
qwen3_14b,participants,lusa_44,cls_exp_temp0.3_nodelim_norole_nocot,um efluente pecuário,N/A,Nat,tp,
qwen3_14b,participants,lusa_44,cls_exp_temp0.3_nodelim_norole_nocot,Leiria,N/A,Org,tp,
qwen3_14b,participants,lusa_44,cls_exp_temp0.3_nodelim_norole_nocot,Os militares da GNR,N/A,,fp,
qwen3_14b,participants,lusa_44,cls_exp_temp0.3_nodelim_norole_nocot,Comando Territorial da GNR,N/A,,fp,
qwen3_14b,participants,lusa_44,cls_exp_temp0.3_nodelim_norole_nocot,descarga ilegal,N/A,,fp,
qwen3_14b,participants,lusa_44,cls_exp_temp0.3_nodelim_norole_nocot,ação de patrulhamento,N/A,,fp,
qwen3_14b,participants,lusa_44,cls_exp_temp0.3_nodelim_norole_nocot,concelho de Leiria,N/A,,fp,
qwen3_14b,participants,lusa_44,cls_exp_temp0.3_nodelim_norole_nocot,uma lagoa de armazenagem de efluentes pecuários,N/A,,fp,
qwen3_14b,participants,lusa_44,cls_exp_temp0.3_nodelim_norole_nocot,GNR de Leiria,N/A,,fp,
qwen3_14b,participants,lusa_44,cls_exp_temp0.3_nodelim_norole_nocot,Núcleo de Proteção Ambiental de Leiria,N/A,,fp,
qwen3_14b,participants,lusa_44,cls_exp_temp0.3_nodelim_norole_nocot,freguesia da Bidoeira de Cima,N/A,,fp,
qwen3_14b,participants,lusa_44,cls_exp_temp0.3_nodelim_norole_nocot,efluente pecuário,,Nat,fn,
qwen3_14b,participants,lusa_44,cls_exp_temp0.3_nodelim_norole_nocot,o solo,,Nat,fn,
qwen3_14b,participants,lusa_44,cls_exp_temp0.3_nodelim_norole_nocot,o concelho de Leiria,,Loc,fn,
qwen3_14b,participants,lusa_44,cls_exp_temp0.3_nodelim_norole_nocot,a freguesia da Bidoeira de Cima,,Loc,fn,
qwen3_14b,participants,lusa_44,cls_exp_temp0.3_nodelim_norole_nocot,a sua,,Nat,fn,
qwen3_14b,participants,lusa_44,cls_exp_temp0.3_nodelim_norole_nocot,O Comando Territorial,,Org,fn,
qwen3_14b,participants,lusa_44,cls_exp_temp0.3_nodelim_norole_nocot,A GNR de Leiria,,Org,fn,
qwen3_14b,participants,lusa_44,cls_exp_temp0.3_nodelim_norole_nocot,o Núcleo de Proteção Ambiental,,Org,fn,
qwen3_14b,participants,lusa_44,cls_exp_temp0.3_nodelim_norole_nocot,uma coima no valor máximo de 144 mil euros,,Other,fn,
qwen3_14b,participants,lusa_44,cls_exp_temp0.3_nodelim_norole_nocot,O Comando Territorial da GNR,,Org,fn,
qwen3_14b,participants,lusa_44,cls_exp_temp0.3_nodelim_norole_nocot,uma lagoa,,Nat,fn,
qwen3_14b,participants,lusa_44,cls_exp_temp0.3_nodelim_norole_nocot,Os militares,,Per,fn,
qwen3_14b,participants,lusa_44,cls_exp_temp0.3_nodelim_norole_nocot,a nota,,Obj,fn,
qwen3_14b,participants,lusa_44,cls_exp_temp0.3_nodelim_norole_nocot,o Núcleo de Proteção Ambiental de Leiria,,Org,fn,
qwen3_14b,participants,lusa_44,cls_exp_temp0.3_nodelim_norole_nocot,a GNR,,Org,fn,
qwen3_14b,participants,lusa_44,cls_exp_temp0.3_nodelim_norole_nocot,A GNR,,Org,fn,
qwen3_14b,participants,lusa_44,cls_exp_temp0.3_nodelim_norole_nocot,o ponto,,Other,fn,
qwen3_14b,participants,lusa_45,cls_exp_temp0.3_nodelim_norole_nocot,populares,N/A,Per,tp,
qwen3_14b,participants,lusa_45,cls_exp_temp0.3_nodelim_norole_nocot,as autoridades angolanas,Per,Org,tp,
qwen3_14b,participants,lusa_45,cls_exp_temp0.3_nodelim_norole_nocot,província angolana da Lunda Norte,Loc,Pl_civil,tp,
qwen3_14b,participants,lusa_45,cls_exp_temp0.3_nodelim_norole_nocot,Veríssimo Pandamari,N/A,Per,tp,
qwen3_14b,participants,lusa_45,cls_exp_temp0.3_nodelim_norole_nocot,Luanda,N/A,Pl_capital,tp,
qwen3_14b,participants,lusa_45,cls_exp_temp0.3_nodelim_norole_nocot,dois supostos traficantes,N/A,Per,tp,
qwen3_14b,participants,lusa_45,cls_exp_temp0.3_nodelim_norole_nocot,os homens,N/A,Per,tp,
qwen3_14b,participants,lusa_45,cls_exp_temp0.3_nodelim_norole_nocot,as crianças,N/A,,fp,
qwen3_14b,participants,lusa_45,cls_exp_temp0.3_nodelim_norole_nocot,Autoridades policiais angolanas,N/A,,fp,
qwen3_14b,participants,lusa_45,cls_exp_temp0.3_nodelim_norole_nocot,Serviço de investigação Criminal (SIC),N/A,,fp,
qwen3_14b,participants,lusa_45,cls_exp_temp0.3_nodelim_norole_nocot,porta-voz do SIC,N/A,,fp,
qwen3_14b,participants,lusa_45,cls_exp_temp0.3_nodelim_norole_nocot,SIC,N/A,,fp,
qwen3_14b,participants,lusa_45,cls_exp_temp0.3_nodelim_norole_nocot,três crianças da República Democrática do Congo (RDCongo),Per,,fp,
qwen3_14b,participants,lusa_45,cls_exp_temp0.3_nodelim_norole_nocot,cidade do Dundo,Loc,,fp,
qwen3_14b,participants,lusa_45,cls_exp_temp0.3_nodelim_norole_nocot,menores congoleses,N/A,,fp,
qwen3_14b,participants,lusa_45,cls_exp_temp0.3_nodelim_norole_nocot,a colaboração de populares,N/A,,fp,
qwen3_14b,participants,lusa_45,cls_exp_temp0.3_nodelim_norole_nocot,Angop,N/A,,fp,
qwen3_14b,participants,lusa_45,cls_exp_temp0.3_nodelim_norole_nocot,Angola,N/A,,fp,
qwen3_14b,participants,lusa_45,cls_exp_temp0.3_nodelim_norole_nocot,Lunda Norte,N/A,,fp,
qwen3_14b,participants,lusa_45,cls_exp_temp0.3_nodelim_norole_nocot,República Democrática do Congo (RDCongo),Loc,,fp,
qwen3_14b,participants,lusa_45,cls_exp_temp0.3_nodelim_norole_nocot,pela agência noticiosa angolana,N/A,,fp,
qwen3_14b,participants,lusa_45,cls_exp_temp0.3_nodelim_norole_nocot,"a operação denominada ""Kudissanga""",N/A,,fp,
qwen3_14b,participants,lusa_45,cls_exp_temp0.3_nodelim_norole_nocot,O Serviço de investigação Criminal (SIC),,Org,fn,
qwen3_14b,participants,lusa_45,cls_exp_temp0.3_nodelim_norole_nocot,Kudissanga,,Other,fn,
qwen3_14b,participants,lusa_45,cls_exp_temp0.3_nodelim_norole_nocot,estes menores,,Per,fn,
qwen3_14b,participants,lusa_45,cls_exp_temp0.3_nodelim_norole_nocot,a sua,,Per,fn,
qwen3_14b,participants,lusa_45,cls_exp_temp0.3_nodelim_norole_nocot,a cidade do Dundo,,Pl_civil,fn,
qwen3_14b,participants,lusa_45,cls_exp_temp0.3_nodelim_norole_nocot,capital de Angola,,Pl_capital,fn,
qwen3_14b,participants,lusa_45,cls_exp_temp0.3_nodelim_norole_nocot,"agência noticiosa angolana, Angop",,Org,fn,
qwen3_14b,participants,lusa_45,cls_exp_temp0.3_nodelim_norole_nocot,três crianças,,Per,fn,
qwen3_14b,participants,lusa_45,cls_exp_temp0.3_nodelim_norole_nocot,o porta-voz,,Per,fn,
qwen3_14b,participants,lusa_45,cls_exp_temp0.3_nodelim_norole_nocot,o SIC,,Org,fn,
qwen3_14b,participants,lusa_45,cls_exp_temp0.3_nodelim_norole_nocot,que,,Other,fn,
qwen3_14b,participants,lusa_45,cls_exp_temp0.3_nodelim_norole_nocot,a República Democrática do Congo (RDCongo),,Pl_country,fn,
qwen3_14b,participants,lusa_45,cls_exp_temp0.3_nodelim_norole_nocot,a Lunda Norte,,Pl_civil,fn,
qwen3_14b,participants,lusa_45,cls_exp_temp0.3_nodelim_norole_nocot,as crianças com 9 e 12 anos,,Per,fn,
qwen3_14b,participants,lusa_45,cls_exp_temp0.3_nodelim_norole_nocot,os menores,,Per,fn,
qwen3_14b,participants,lusa_46,cls_exp_temp0.3_nodelim_norole_nocot,o arguido,N/A,Per,tp,
qwen3_14b,participants,lusa_46,cls_exp_temp0.3_nodelim_norole_nocot,suplemento de escala,N/A,Other,tp,
qwen3_14b,participants,lusa_46,cls_exp_temp0.3_nodelim_norole_nocot,ele,Per,Per,tp,
qwen3_14b,participants,lusa_46,cls_exp_temp0.3_nodelim_norole_nocot,O Ministério Público (MP),Org,Org,tp,
qwen3_14b,participants,lusa_46,cls_exp_temp0.3_nodelim_norole_nocot,a nota,N/A,Obj,tp,
qwen3_14b,participants,lusa_46,cls_exp_temp0.3_nodelim_norole_nocot,Porto,N/A,Pl_civil,tp,
qwen3_14b,participants,lusa_46,cls_exp_temp0.3_nodelim_norole_nocot,o,N/A,Per,tp,
qwen3_14b,participants,lusa_46,cls_exp_temp0.3_nodelim_norole_nocot,Braga,Loc,Pl_civil,tp,
qwen3_14b,participants,lusa_46,cls_exp_temp0.3_nodelim_norole_nocot,O arguido,Per,Per,tp,
qwen3_14b,participants,lusa_46,cls_exp_temp0.3_nodelim_norole_nocot,agente da GNR de Braga,N/A,,fp,
qwen3_14b,participants,lusa_46,cls_exp_temp0.3_nodelim_norole_nocot,militares do efectivo do Núcleo de Investigação Criminal,Per,,fp,
qwen3_14b,participants,lusa_46,cls_exp_temp0.3_nodelim_norole_nocot,Núcleo de Investigação Criminal da GNR de Braga,N/A,,fp,
qwen3_14b,participants,lusa_46,cls_exp_temp0.3_nodelim_norole_nocot,página da Procuradoria-Geral Regional do Porto,N/A,,fp,
qwen3_14b,participants,lusa_46,cls_exp_temp0.3_nodelim_norole_nocot,MP,N/A,,fp,
qwen3_14b,participants,lusa_46,cls_exp_temp0.3_nodelim_norole_nocot,responsável,N/A,,fp,
qwen3_14b,participants,lusa_46,cls_exp_temp0.3_nodelim_norole_nocot,Procuradoria-Geral Regional do Porto,N/A,,fp,
qwen3_14b,participants,lusa_46,cls_exp_temp0.3_nodelim_norole_nocot,GNR de Braga,N/A,,fp,
qwen3_14b,participants,lusa_46,cls_exp_temp0.3_nodelim_norole_nocot,seus subordinados,Per,,fp,
qwen3_14b,participants,lusa_46,cls_exp_temp0.3_nodelim_norole_nocot,o seu nome,N/A,,fp,
qwen3_14b,participants,lusa_46,cls_exp_temp0.3_nodelim_norole_nocot,Núcleo de Investigação Criminal,Org,,fp,
qwen3_14b,participants,lusa_46,cls_exp_temp0.3_nodelim_norole_nocot,um militar da GNR de Braga,Per,,fp,
qwen3_14b,participants,lusa_46,cls_exp_temp0.3_nodelim_norole_nocot,GNR,Org,,fp,
qwen3_14b,participants,lusa_46,cls_exp_temp0.3_nodelim_norole_nocot,Ministério Público,N/A,,fp,
qwen3_14b,participants,lusa_46,cls_exp_temp0.3_nodelim_norole_nocot,os mapas mensais de suplementos remuneratórios,,Other,fn,
qwen3_14b,participants,lusa_46,cls_exp_temp0.3_nodelim_norole_nocot,mapas mensais de suplementos remuneratórios,,Other,fn,
qwen3_14b,participants,lusa_46,cls_exp_temp0.3_nodelim_norole_nocot,nome,,Other,fn,
qwen3_14b,participants,lusa_46,cls_exp_temp0.3_nodelim_norole_nocot,O Ministério Público,,Org,fn,
qwen3_14b,participants,lusa_46,cls_exp_temp0.3_nodelim_norole_nocot,que,,Other,fn,
qwen3_14b,participants,lusa_46,cls_exp_temp0.3_nodelim_norole_nocot,militares,,Per,fn,
qwen3_14b,participants,lusa_46,cls_exp_temp0.3_nodelim_norole_nocot,"o montante líquido de 5.400,17 euros",,Obj,fn,
qwen3_14b,participants,lusa_46,cls_exp_temp0.3_nodelim_norole_nocot,serviço,,Other,fn,
qwen3_14b,participants,lusa_46,cls_exp_temp0.3_nodelim_norole_nocot,o Núcleo de Investigação Criminal,,Org,fn,
qwen3_14b,participants,lusa_46,cls_exp_temp0.3_nodelim_norole_nocot,suplemento,,Other,fn,
qwen3_14b,participants,lusa_46,cls_exp_temp0.3_nodelim_norole_nocot,o seu,,Per,fn,
qwen3_14b,participants,lusa_46,cls_exp_temp0.3_nodelim_norole_nocot,o efectivo,,Per,fn,
qwen3_14b,participants,lusa_46,cls_exp_temp0.3_nodelim_norole_nocot,subordinados,,Per,fn,
qwen3_14b,participants,lusa_46,cls_exp_temp0.3_nodelim_norole_nocot,um militar,,Per,fn,
qwen3_14b,participants,lusa_46,cls_exp_temp0.3_nodelim_norole_nocot,5.400 euros,,Obj,fn,
qwen3_14b,participants,lusa_46,cls_exp_temp0.3_nodelim_norole_nocot,a GNR de Braga,,Org,fn,
qwen3_14b,participants,lusa_46,cls_exp_temp0.3_nodelim_norole_nocot,a página,,Loc,fn,
qwen3_14b,participants,lusa_46,cls_exp_temp0.3_nodelim_norole_nocot,a Procuradoria-Geral Regional do Porto,,Org,fn,
qwen3_14b,participants,lusa_46,cls_exp_temp0.3_nodelim_norole_nocot,seus,,Per,fn,
qwen3_14b,participants,lusa_46,cls_exp_temp0.3_nodelim_norole_nocot,a Procuradoria-Geral Regional,,Org,fn,
qwen3_14b,participants,lusa_46,cls_exp_temp0.3_nodelim_norole_nocot,a GNR,,Org,fn,
qwen3_14b,participants,lusa_46,cls_exp_temp0.3_nodelim_norole_nocot,nota,,Obj,fn,
qwen3_14b,participants,lusa_48,cls_exp_temp0.3_nodelim_norole_nocot,os suspeitos,N/A,Per,tp,
qwen3_14b,participants,lusa_48,cls_exp_temp0.3_nodelim_norole_nocot,A GNR,N/A,Org,tp,
qwen3_14b,participants,lusa_48,cls_exp_temp0.3_nodelim_norole_nocot,quatro máquinas de jogo,N/A,Obj,tp,
qwen3_14b,participants,lusa_48,cls_exp_temp0.3_nodelim_norole_nocot,estabelecimentos de restauração e bebidas,N/A,Org,tp,
qwen3_14b,participants,lusa_48,cls_exp_temp0.3_nodelim_norole_nocot,Vila Meã,N/A,Pl_civil,tp,
qwen3_14b,participants,lusa_48,cls_exp_temp0.3_nodelim_norole_nocot,distrito do Porto,N/A,Pl_civil,tp,
qwen3_14b,participants,lusa_48,cls_exp_temp0.3_nodelim_norole_nocot,fonte policial,N/A,Org,tp,
qwen3_14b,participants,lusa_48,cls_exp_temp0.3_nodelim_norole_nocot,a GNR,N/A,Org,tp,
qwen3_14b,participants,lusa_48,cls_exp_temp0.3_nodelim_norole_nocot,dois homens,N/A,Per,tp,
qwen3_14b,participants,lusa_48,cls_exp_temp0.3_nodelim_norole_nocot,Amarante,Loc,Pl_civil,tp,
qwen3_14b,participants,lusa_48,cls_exp_temp0.3_nodelim_norole_nocot,máquinas de jogo ilegal,N/A,,fp,
qwen3_14b,participants,lusa_48,cls_exp_temp0.3_nodelim_norole_nocot,a ação,N/A,,fp,
qwen3_14b,participants,lusa_48,cls_exp_temp0.3_nodelim_norole_nocot,uma fiscalização,N/A,,fp,
qwen3_14b,participants,lusa_48,cls_exp_temp0.3_nodelim_norole_nocot,GNR,N/A,,fp,
qwen3_14b,participants,lusa_48,cls_exp_temp0.3_nodelim_norole_nocot,11 autos de contraordenação,N/A,,fp,
qwen3_14b,participants,lusa_48,cls_exp_temp0.3_nodelim_norole_nocot,Tribunal Judicial de Amarante,N/A,,fp,
qwen3_14b,participants,lusa_48,cls_exp_temp0.3_nodelim_norole_nocot,máquinas de jogo,,Obj,fn,
qwen3_14b,participants,lusa_48,cls_exp_temp0.3_nodelim_norole_nocot,comunicado,,Obj,fn,
qwen3_14b,participants,lusa_48,cls_exp_temp0.3_nodelim_norole_nocot,o Tribunal Judicial,,Org,fn,
qwen3_14b,participants,lusa_48,cls_exp_temp0.3_nodelim_norole_nocot,um computador com impressora,,Obj,fn,
qwen3_14b,participants,lusa_48,cls_exp_temp0.3_nodelim_norole_nocot,de 30 e 60 anos,,Other,fn,
qwen3_14b,participants,lusa_48,cls_exp_temp0.3_nodelim_norole_nocot,um telemóvel,,Obj,fn,
qwen3_14b,participants,lusa_48,cls_exp_temp0.3_nodelim_norole_nocot,máquinas ilegais,,Obj,fn,
qwen3_14b,participants,lusa_48,cls_exp_temp0.3_nodelim_norole_nocot,um tablet,,Obj,fn,
qwen3_14b,participants,lusa_48,cls_exp_temp0.3_nodelim_norole_nocot,"nove litros de bebidas espirituosas, sem estampilha fiscal",,Obj,fn,
qwen3_14b,participants,lusa_48,cls_exp_temp0.3_nodelim_norole_nocot,o Tribunal Judicial de Amarante,,Org,fn,
qwen3_14b,participants,lusa_49,cls_exp_temp0.3_nodelim_norole_nocot,distrito de Évora,N/A,Pl_civil,tp,
qwen3_14b,participants,lusa_49,cls_exp_temp0.3_nodelim_norole_nocot,"24,3 gramas de heroína",N/A,Obj,tp,
qwen3_14b,participants,lusa_49,cls_exp_temp0.3_nodelim_norole_nocot,a mesma fonte,N/A,Per,tp,
qwen3_14b,participants,lusa_49,cls_exp_temp0.3_nodelim_norole_nocot,Destacamento Territorial de Estremoz,N/A,Org,tp,
qwen3_14b,participants,lusa_49,cls_exp_temp0.3_nodelim_norole_nocot,uma balança digital,N/A,Obj,tp,
qwen3_14b,participants,lusa_49,cls_exp_temp0.3_nodelim_norole_nocot,o homem,N/A,Per,tp,
qwen3_14b,participants,lusa_49,cls_exp_temp0.3_nodelim_norole_nocot,um homem de 31 anos,N/A,Per,tp,
qwen3_14b,participants,lusa_49,cls_exp_temp0.3_nodelim_norole_nocot,agência Lusa,N/A,Org,tp,
qwen3_14b,participants,lusa_49,cls_exp_temp0.3_nodelim_norole_nocot,militares,N/A,Per,tp,
qwen3_14b,participants,lusa_49,cls_exp_temp0.3_nodelim_norole_nocot,uma tesoura,N/A,Obj,tp,
qwen3_14b,participants,lusa_49,cls_exp_temp0.3_nodelim_norole_nocot,A GNR,N/A,,tp,
qwen3_14b,participants,lusa_49,cls_exp_temp0.3_nodelim_norole_nocot,suspeito,N/A,Per,tp,
qwen3_14b,participants,lusa_49,cls_exp_temp0.3_nodelim_norole_nocot,cerca de 150 euros em dinheiro,N/A,,fp,
qwen3_14b,participants,lusa_49,cls_exp_temp0.3_nodelim_norole_nocot,sacos de plástico para acondicionamento de doses individuais,N/A,,fp,
qwen3_14b,participants,lusa_49,cls_exp_temp0.3_nodelim_norole_nocot,cidade de Borba,N/A,,fp,
qwen3_14b,participants,lusa_49,cls_exp_temp0.3_nodelim_norole_nocot,fonte daquela força de segurança,N/A,,fp,
qwen3_14b,participants,lusa_49,cls_exp_temp0.3_nodelim_norole_nocot,ao suspeito,N/A,,fp,
qwen3_14b,participants,lusa_49,cls_exp_temp0.3_nodelim_norole_nocot,Borba,Loc,,fp,
qwen3_14b,participants,lusa_49,cls_exp_temp0.3_nodelim_norole_nocot,GNR,N/A,,fp,
qwen3_14b,participants,lusa_49,cls_exp_temp0.3_nodelim_norole_nocot,Tribunal de Vila Viçosa,N/A,,fp,
qwen3_14b,participants,lusa_49,cls_exp_temp0.3_nodelim_norole_nocot,medidas,,Other,fn,
qwen3_14b,participants,lusa_49,cls_exp_temp0.3_nodelim_norole_nocot,droga,,Obj,fn,
qwen3_14b,participants,lusa_49,cls_exp_temp0.3_nodelim_norole_nocot,a cidade de Borba,,Pl_civil,fn,
qwen3_14b,participants,lusa_49,cls_exp_temp0.3_nodelim_norole_nocot,Destacamento Territorial,,Org,fn,
qwen3_14b,participants,lusa_49,cls_exp_temp0.3_nodelim_norole_nocot,Vila Viçosa,,Pl_civil,fn,
qwen3_14b,participants,lusa_49,cls_exp_temp0.3_nodelim_norole_nocot,aquela força de segurança,,Org,fn,
qwen3_14b,participants,lusa_49,cls_exp_temp0.3_nodelim_norole_nocot,sacos de plástico,,Obj,fn,
qwen3_14b,participants,lusa_49,cls_exp_temp0.3_nodelim_norole_nocot,o Tribunal,,Org,fn,
qwen3_14b,participants,lusa_49,cls_exp_temp0.3_nodelim_norole_nocot,150 euros em dinheiro,,Obj,fn,
qwen3_14b,participants,lusa_49,cls_exp_temp0.3_nodelim_norole_nocot,Estremoz,,Pl_civil,fn,
qwen3_14b,participants,lusa_49,cls_exp_temp0.3_nodelim_norole_nocot,fonte,,Per,fn,
qwen3_14b,participants,lusa_49,cls_exp_temp0.3_nodelim_norole_nocot,doses individuais,,Obj,fn,
qwen3_14b,participants,lusa_49,cls_exp_temp0.3_nodelim_norole_nocot,o Tribunal de Vila Viçosa,,Org,fn,
qwen3_14b,participants,lusa_5,cls_exp_temp0.3_nodelim_norole_nocot,o suspeito,N/A,Per,tp,
qwen3_14b,participants,lusa_5,cls_exp_temp0.3_nodelim_norole_nocot,o Posto Territorial de Óbidos,N/A,Org,tp,
qwen3_14b,participants,lusa_5,cls_exp_temp0.3_nodelim_norole_nocot,o Núcleo de Proteção Ambiental das Caldas da Rainha,N/A,Org,tp,
qwen3_14b,participants,lusa_5,cls_exp_temp0.3_nodelim_norole_nocot,o relato da situação,Obj,Obj,tp,
qwen3_14b,participants,lusa_5,cls_exp_temp0.3_nodelim_norole_nocot,aquela força da autoridade,N/A,Org,tp,
qwen3_14b,participants,lusa_5,cls_exp_temp0.3_nodelim_norole_nocot,Óbidos,Loc,Pl_civil,tp,
qwen3_14b,participants,lusa_5,cls_exp_temp0.3_nodelim_norole_nocot,Um homem de 50 anos,N/A,Per,tp,
qwen3_14b,participants,lusa_5,cls_exp_temp0.3_nodelim_norole_nocot,os militares,N/A,Per,tp,
qwen3_14b,participants,lusa_5,cls_exp_temp0.3_nodelim_norole_nocot,O homem,Per,Per,tp,
qwen3_14b,participants,lusa_5,cls_exp_temp0.3_nodelim_norole_nocot,o crime do exercício da caça em terrenos não permitidos,N/A,,fp,
qwen3_14b,participants,lusa_5,cls_exp_temp0.3_nodelim_norole_nocot,Guarda Nacional Republicana (GNR),N/A,,fp,
qwen3_14b,participants,lusa_5,cls_exp_temp0.3_nodelim_norole_nocot,Tribunal das Caldas da Rainha,Org,,fp,
qwen3_14b,participants,lusa_5,cls_exp_temp0.3_nodelim_norole_nocot,Homem,Per,,fp,
qwen3_14b,participants,lusa_5,cls_exp_temp0.3_nodelim_norole_nocot,terrenos não permitidos,Loc,,fp,
qwen3_14b,participants,lusa_5,cls_exp_temp0.3_nodelim_norole_nocot,o comunicado da GNR,N/A,,fp,
qwen3_14b,participants,lusa_5,cls_exp_temp0.3_nodelim_norole_nocot,casas,Obj,,fp,
qwen3_14b,participants,lusa_5,cls_exp_temp0.3_nodelim_norole_nocot,o Tribunal das Caldas da Rainha,,Fac,fn,
qwen3_14b,participants,lusa_5,cls_exp_temp0.3_nodelim_norole_nocot,dois cartuchos de calibre 12,,Obj,fn,
qwen3_14b,participants,lusa_5,cls_exp_temp0.3_nodelim_norole_nocot,uma faixa de proteção,,Loc,fn,
qwen3_14b,participants,lusa_5,cls_exp_temp0.3_nodelim_norole_nocot,acessórios,,Obj,fn,
qwen3_14b,participants,lusa_5,cls_exp_temp0.3_nodelim_norole_nocot,o Núcleo de Proteção Ambiental,,Obj,fn,
qwen3_14b,participants,lusa_5,cls_exp_temp0.3_nodelim_norole_nocot,diversos materiais,,Obj,fn,
qwen3_14b,participants,lusa_5,cls_exp_temp0.3_nodelim_norole_nocot,habitações,,Fac,fn,
qwen3_14b,participants,lusa_5,cls_exp_temp0.3_nodelim_norole_nocot,o Tribunal,,Fac,fn,
qwen3_14b,participants,lusa_5,cls_exp_temp0.3_nodelim_norole_nocot,a Guarda Nacional Republicana,,Org,fn,
qwen3_14b,participants,lusa_5,cls_exp_temp0.3_nodelim_norole_nocot,que,,Org,fn,
qwen3_14b,participants,lusa_5,cls_exp_temp0.3_nodelim_norole_nocot,as Caldas da Rainha,,Pl_civil,fn,
qwen3_14b,participants,lusa_5,cls_exp_temp0.3_nodelim_norole_nocot,o comunicado,,Obj,fn,
qwen3_14b,participants,lusa_5,cls_exp_temp0.3_nodelim_norole_nocot,o Posto Territorial,,Org,fn,
qwen3_14b,participants,lusa_5,cls_exp_temp0.3_nodelim_norole_nocot,a GNR,,Org,fn,
qwen3_14b,participants,lusa_5,cls_exp_temp0.3_nodelim_norole_nocot,terrenos,,Loc,fn,
qwen3_14b,participants,lusa_5,cls_exp_temp0.3_nodelim_norole_nocot,uma espingarda de caça,,Obj,fn,
qwen3_14b,participants,lusa_5,cls_exp_temp0.3_nodelim_norole_nocot,GNR,,Org,fn,
qwen3_14b,participants,lusa_50,cls_exp_temp0.3_nodelim_norole_nocot,Paredes de Coura,N/A,Pl_civil,tp,
qwen3_14b,participants,lusa_50,cls_exp_temp0.3_nodelim_norole_nocot,Viana do Castelo,N/A,Pl_civil,tp,
qwen3_14b,participants,lusa_50,cls_exp_temp0.3_nodelim_norole_nocot,Arcos de Valdevez,N/A,Pl_civil,tp,
qwen3_14b,participants,lusa_50,cls_exp_temp0.3_nodelim_norole_nocot,distrito de Braga,N/A,Pl_civil,tp,
qwen3_14b,participants,lusa_50,cls_exp_temp0.3_nodelim_norole_nocot,Ponte da Barca,N/A,Pl_civil,tp,
qwen3_14b,participants,lusa_50,cls_exp_temp0.3_nodelim_norole_nocot,quatro homens,N/A,Per,tp,
qwen3_14b,participants,lusa_50,cls_exp_temp0.3_nodelim_norole_nocot,A GNR,N/A,Org,tp,
qwen3_14b,participants,lusa_50,cls_exp_temp0.3_nodelim_norole_nocot,Ponte de Lima,N/A,Pl_civil,tp,
qwen3_14b,participants,lusa_50,cls_exp_temp0.3_nodelim_norole_nocot,Vila Verde,N/A,Pl_civil,tp,
qwen3_14b,participants,lusa_50,cls_exp_temp0.3_nodelim_norole_nocot,quatro suspeitos,N/A,,fp,
qwen3_14b,participants,lusa_50,cls_exp_temp0.3_nodelim_norole_nocot,distrito de Viana do Castelo,Loc,,fp,
qwen3_14b,participants,lusa_50,cls_exp_temp0.3_nodelim_norole_nocot,Alto Minho,N/A,,fp,
qwen3_14b,participants,lusa_50,cls_exp_temp0.3_nodelim_norole_nocot,daquela força policial,N/A,,fp,
qwen3_14b,participants,lusa_50,cls_exp_temp0.3_nodelim_norole_nocot,Os suspeitos,N/A,,fp,
qwen3_14b,participants,lusa_50,cls_exp_temp0.3_nodelim_norole_nocot,comando de Viana do Castelo,N/A,,fp,
qwen3_14b,participants,lusa_50,cls_exp_temp0.3_nodelim_norole_nocot,GNR,N/A,,fp,
qwen3_14b,participants,lusa_50,cls_exp_temp0.3_nodelim_norole_nocot,seis telemóveis,,Obj,fn,
qwen3_14b,participants,lusa_50,cls_exp_temp0.3_nodelim_norole_nocot,veículos,,Obj,fn,
qwen3_14b,participants,lusa_50,cls_exp_temp0.3_nodelim_norole_nocot,residências,,Loc,fn,
qwen3_14b,participants,lusa_50,cls_exp_temp0.3_nodelim_norole_nocot,"Os suspeitos, com idades entre os 35 e 41 anos",,Per,fn,
qwen3_14b,participants,lusa_50,cls_exp_temp0.3_nodelim_norole_nocot,cocaína para 17,,Obj,fn,
qwen3_14b,participants,lusa_50,cls_exp_temp0.3_nodelim_norole_nocot,aquela força policial,,Org,fn,
qwen3_14b,participants,lusa_50,cls_exp_temp0.3_nodelim_norole_nocot,drogas,,Obj,fn,
qwen3_14b,participants,lusa_50,cls_exp_temp0.3_nodelim_norole_nocot,o comando,,Org,fn,
qwen3_14b,participants,lusa_50,cls_exp_temp0.3_nodelim_norole_nocot,um aparelho GPS,,Obj,fn,
qwen3_14b,participants,lusa_50,cls_exp_temp0.3_nodelim_norole_nocot,estabelecimentos,,Org,fn,
qwen3_14b,participants,lusa_50,cls_exp_temp0.3_nodelim_norole_nocot,todos,,Pl_civil,fn,
qwen3_14b,participants,lusa_50,cls_exp_temp0.3_nodelim_norole_nocot,o interior,,Loc,fn,
qwen3_14b,participants,lusa_50,cls_exp_temp0.3_nodelim_norole_nocot,o Alto Minho,,Pl_civil,fn,
qwen3_14b,participants,lusa_50,cls_exp_temp0.3_nodelim_norole_nocot,uma máquina fotográfica,,Obj,fn,
qwen3_14b,participants,lusa_50,cls_exp_temp0.3_nodelim_norole_nocot,heroína para 56 doses,,Obj,fn,
qwen3_14b,participants,lusa_50,cls_exp_temp0.3_nodelim_norole_nocot,o comando de Viana do Castelo,,Org,fn,
qwen3_14b,participants,lusa_50,cls_exp_temp0.3_nodelim_norole_nocot,o distrito de Viana do Castelo,,Pl_civil,fn,
qwen3_14b,participants,lusa_50,cls_exp_temp0.3_nodelim_norole_nocot,dois computadores,,Obj,fn,
qwen3_14b,participants,lusa_50,cls_exp_temp0.3_nodelim_norole_nocot,os concelhos,,Loc,fn,
qwen3_14b,participants,lusa_50,cls_exp_temp0.3_nodelim_norole_nocot,haxixe para oito,,Obj,fn,
qwen3_14b,participants,lusa_51,cls_exp_temp0.3_nodelim_norole_nocot,o proprietário,N/A,Per,tp,
qwen3_14b,participants,lusa_51,cls_exp_temp0.3_nodelim_norole_nocot,o Veterinário Municipal de Seia,N/A,Org,tp,
qwen3_14b,participants,lusa_51,cls_exp_temp0.3_nodelim_norole_nocot,A fonte,N/A,Org,tp,
qwen3_14b,participants,lusa_51,cls_exp_temp0.3_nodelim_norole_nocot,Gouveia,Loc,Pl_civil,tp,
qwen3_14b,participants,lusa_51,cls_exp_temp0.3_nodelim_norole_nocot,NICCOA,Org,Org,tp,
qwen3_14b,participants,lusa_51,cls_exp_temp0.3_nodelim_norole_nocot,Seia,N/A,Pl_civil,tp,
qwen3_14b,participants,lusa_51,cls_exp_temp0.3_nodelim_norole_nocot,Os animais,N/A,Nat,tp,
qwen3_14b,participants,lusa_51,cls_exp_temp0.3_nodelim_norole_nocot,a nota,N/A,Obj,tp,
qwen3_14b,participants,lusa_51,cls_exp_temp0.3_nodelim_norole_nocot,cães,N/A,Nat,tp,
qwen3_14b,participants,lusa_51,cls_exp_temp0.3_nodelim_norole_nocot,a GNR,N/A,Org,tp,
qwen3_14b,participants,lusa_51,cls_exp_temp0.3_nodelim_norole_nocot,animais de companhia,N/A,Nat,tp,
qwen3_14b,participants,lusa_51,cls_exp_temp0.3_nodelim_norole_nocot,Guarda,Loc,Pl_civil,tp,
qwen3_14b,participants,lusa_51,cls_exp_temp0.3_nodelim_norole_nocot,NPA,Org,Org,tp,
qwen3_14b,participants,lusa_51,cls_exp_temp0.3_nodelim_norole_nocot,25 cães,N/A,Nat,tp,
qwen3_14b,participants,lusa_51,cls_exp_temp0.3_nodelim_norole_nocot,os militares,N/A,Per,tp,
qwen3_14b,participants,lusa_51,cls_exp_temp0.3_nodelim_norole_nocot,O homem,N/A,Per,tp,
qwen3_14b,participants,lusa_51,cls_exp_temp0.3_nodelim_norole_nocot,Núcleo de Proteção Ambiental (NPA) de Gouveia,Org,,fp,
qwen3_14b,participants,lusa_51,cls_exp_temp0.3_nodelim_norole_nocot,distrito da Guarda,N/A,,fp,
qwen3_14b,participants,lusa_51,cls_exp_temp0.3_nodelim_norole_nocot,a ação,N/A,,fp,
qwen3_14b,participants,lusa_51,cls_exp_temp0.3_nodelim_norole_nocot,25 cães vítimas de maus-tratos,N/A,,fp,
qwen3_14b,participants,lusa_51,cls_exp_temp0.3_nodelim_norole_nocot,Núcleo de Investigação de Crimes e Contraordenações Ambientais (NICCOA),Org,,fp,
qwen3_14b,participants,lusa_51,cls_exp_temp0.3_nodelim_norole_nocot,Comando Territorial da GNR da Guarda,Org,,fp,
qwen3_14b,participants,lusa_51,cls_exp_temp0.3_nodelim_norole_nocot,Tribunal Judicial de Seia,N/A,,fp,
qwen3_14b,participants,lusa_51,cls_exp_temp0.3_nodelim_norole_nocot,a habitação,N/A,,fp,
qwen3_14b,participants,lusa_51,cls_exp_temp0.3_nodelim_norole_nocot,um homem,N/A,,fp,
qwen3_14b,participants,lusa_51,cls_exp_temp0.3_nodelim_norole_nocot,concelho de Seia,N/A,,fp,
qwen3_14b,participants,lusa_51,cls_exp_temp0.3_nodelim_norole_nocot,GNR,N/A,,fp,
qwen3_14b,participants,lusa_51,cls_exp_temp0.3_nodelim_norole_nocot,um mandado de busca domiciliária,N/A,,fp,
qwen3_14b,participants,lusa_51,cls_exp_temp0.3_nodelim_norole_nocot,se,,Per,fn,
qwen3_14b,participants,lusa_51,cls_exp_temp0.3_nodelim_norole_nocot,animais,,Nat,fn,
qwen3_14b,participants,lusa_51,cls_exp_temp0.3_nodelim_norole_nocot,que,,Org,fn,
qwen3_14b,participants,lusa_51,cls_exp_temp0.3_nodelim_norole_nocot,o Tribunal Judicial de Seia,,Org,fn,
qwen3_14b,participants,lusa_51,cls_exp_temp0.3_nodelim_norole_nocot,O Comando Territorial,,Org,fn,
qwen3_14b,participants,lusa_51,cls_exp_temp0.3_nodelim_norole_nocot,habitação,,Fac,fn,
qwen3_14b,participants,lusa_51,cls_exp_temp0.3_nodelim_norole_nocot,o concelho de Seia,,Pl_civil,fn,
qwen3_14b,participants,lusa_51,cls_exp_temp0.3_nodelim_norole_nocot,o Veterinário Municipal,,Org,fn,
qwen3_14b,participants,lusa_51,cls_exp_temp0.3_nodelim_norole_nocot,"um homem, de 58 anos",,Per,fn,
qwen3_14b,participants,lusa_51,cls_exp_temp0.3_nodelim_norole_nocot,Tribunal Judicial,,Org,fn,
qwen3_14b,participants,lusa_51,cls_exp_temp0.3_nodelim_norole_nocot,comunicado,,Obj,fn,
qwen3_14b,participants,lusa_51,cls_exp_temp0.3_nodelim_norole_nocot,todos,,Nat,fn,
qwen3_14b,participants,lusa_51,cls_exp_temp0.3_nodelim_norole_nocot,o Núcleo de Investigação de Crimes e Contraordenações Ambientais,,Org,fn,
qwen3_14b,participants,lusa_51,cls_exp_temp0.3_nodelim_norole_nocot,a sua,,Per,fn,
qwen3_14b,participants,lusa_51,cls_exp_temp0.3_nodelim_norole_nocot,o interior,,Loc,fn,
qwen3_14b,participants,lusa_51,cls_exp_temp0.3_nodelim_norole_nocot,o distrito da Guarda,,Pl_civil,fn,
qwen3_14b,participants,lusa_51,cls_exp_temp0.3_nodelim_norole_nocot,O Comando Territorial da GNR da Guarda,,Org,fn,
qwen3_14b,participants,lusa_51,cls_exp_temp0.3_nodelim_norole_nocot,A GNR,,Org,fn,
qwen3_14b,participants,lusa_51,cls_exp_temp0.3_nodelim_norole_nocot,o Núcleo de Proteção Ambiental,,Org,fn,
qwen3_14b,participants,lusa_51,cls_exp_temp0.3_nodelim_norole_nocot,os animais,,Nat,fn,
qwen3_14b,participants,lusa_51,cls_exp_temp0.3_nodelim_norole_nocot,onde,,Other,fn,
qwen3_14b,participants,lusa_51,cls_exp_temp0.3_nodelim_norole_nocot,um cenário,,Other,fn,
qwen3_14b,participants,lusa_52,cls_exp_temp0.3_nodelim_norole_nocot,Ferro Rodrigues,N/A,Per,tp,
qwen3_14b,participants,lusa_52,cls_exp_temp0.3_nodelim_norole_nocot,parlamento,N/A,Loc,tp,
qwen3_14b,participants,lusa_52,cls_exp_temp0.3_nodelim_norole_nocot,os deputados,N/A,Per,tp,
qwen3_14b,participants,lusa_52,cls_exp_temp0.3_nodelim_norole_nocot,Governo,Org,Org,tp,
qwen3_14b,participants,lusa_52,cls_exp_temp0.3_nodelim_norole_nocot,os ministros,N/A,Per,tp,
qwen3_14b,participants,lusa_52,cls_exp_temp0.3_nodelim_norole_nocot,o titular das Finanças,N/A,Per,tp,
qwen3_14b,participants,lusa_52,cls_exp_temp0.3_nodelim_norole_nocot,António Costa,N/A,Per,tp,
qwen3_14b,participants,lusa_52,cls_exp_temp0.3_nodelim_norole_nocot,o presidente da Assembleia da República,N/A,Per,tp,
qwen3_14b,participants,lusa_52,cls_exp_temp0.3_nodelim_norole_nocot,hemiciclo,N/A,,fp,
qwen3_14b,participants,lusa_52,cls_exp_temp0.3_nodelim_norole_nocot,Ana Gomes Godinho,N/A,,fp,
qwen3_14b,participants,lusa_52,cls_exp_temp0.3_nodelim_norole_nocot,Deputados,Per,,fp,
qwen3_14b,participants,lusa_52,cls_exp_temp0.3_nodelim_norole_nocot,os membros do executivo,N/A,,fp,
qwen3_14b,participants,lusa_52,cls_exp_temp0.3_nodelim_norole_nocot,João Pedro Matos Fernandes,N/A,,fp,
qwen3_14b,participants,lusa_52,cls_exp_temp0.3_nodelim_norole_nocot,o expediente,N/A,,fp,
qwen3_14b,participants,lusa_52,cls_exp_temp0.3_nodelim_norole_nocot,a Assembleia da República,N/A,,fp,
qwen3_14b,participants,lusa_52,cls_exp_temp0.3_nodelim_norole_nocot,chegarem,N/A,,fp,
qwen3_14b,participants,lusa_52,cls_exp_temp0.3_nodelim_norole_nocot,membros do Governo,N/A,,fp,
qwen3_14b,participants,lusa_52,cls_exp_temp0.3_nodelim_norole_nocot,começaremos,N/A,,fp,
qwen3_14b,participants,lusa_52,cls_exp_temp0.3_nodelim_norole_nocot,membros,,Per,fn,
qwen3_14b,participants,lusa_52,cls_exp_temp0.3_nodelim_norole_nocot,executivo,,Per,fn,
qwen3_14b,participants,lusa_52,cls_exp_temp0.3_nodelim_norole_nocot,o primeiro-ministro,,Per,fn,
qwen3_14b,participants,lusa_52,cls_exp_temp0.3_nodelim_norole_nocot,sala,,Loc,fn,
qwen3_14b,participants,lusa_52,cls_exp_temp0.3_nodelim_norole_nocot,Orçamento do Estado para 2021,,Other,fn,
qwen3_14b,participants,lusa_52,cls_exp_temp0.3_nodelim_norole_nocot,as cadeiras,,Obj,fn,
qwen3_14b,participants,lusa_52,cls_exp_temp0.3_nodelim_norole_nocot,bancada,,Loc,fn,
qwen3_14b,participants,lusa_52,cls_exp_temp0.3_nodelim_norole_nocot,os membros,,Per,fn,
qwen3_14b,participants,lusa_52,cls_exp_temp0.3_nodelim_norole_nocot,"Ana Gomes Godinho, Trabalho",,Per,fn,
qwen3_14b,participants,lusa_52,cls_exp_temp0.3_nodelim_norole_nocot,"João Pedro Matos Fernandes, Ambiente",,Per,fn,
qwen3_14b,participants,lusa_53,cls_exp_temp0.3_nodelim_norole_nocot,o sindicato,N/A,Org,tp,
qwen3_14b,participants,lusa_53,cls_exp_temp0.3_nodelim_norole_nocot,O ministro das Finanças,N/A,Per,tp,
qwen3_14b,participants,lusa_53,cls_exp_temp0.3_nodelim_norole_nocot,três mil pilotos,N/A,Per,tp,
qwen3_14b,participants,lusa_53,cls_exp_temp0.3_nodelim_norole_nocot,a agência de notícias France-Presse (AFP),N/A,Org,tp,
qwen3_14b,participants,lusa_53,cls_exp_temp0.3_nodelim_norole_nocot,os pilotos,N/A,Per,tp,
qwen3_14b,participants,lusa_53,cls_exp_temp0.3_nodelim_norole_nocot,Wopke Hoekstra,N/A,Per,tp,
qwen3_14b,participants,lusa_53,cls_exp_temp0.3_nodelim_norole_nocot,o governo,N/A,Org,tp,
qwen3_14b,participants,lusa_53,cls_exp_temp0.3_nodelim_norole_nocot,pilotos,N/A,,fp,
qwen3_14b,participants,lusa_53,cls_exp_temp0.3_nodelim_norole_nocot,ramo holandês da Air France-KLM,N/A,,fp,
qwen3_14b,participants,lusa_53,cls_exp_temp0.3_nodelim_norole_nocot,VNV,N/A,,fp,
qwen3_14b,participants,lusa_53,cls_exp_temp0.3_nodelim_norole_nocot,este plano,N/A,,fp,
qwen3_14b,participants,lusa_53,cls_exp_temp0.3_nodelim_norole_nocot,governo holandês,N/A,,fp,
qwen3_14b,participants,lusa_53,cls_exp_temp0.3_nodelim_norole_nocot,Air France-KLM,N/A,,fp,
qwen3_14b,participants,lusa_53,cls_exp_temp0.3_nodelim_norole_nocot,KLM,N/A,,fp,
qwen3_14b,participants,lusa_53,cls_exp_temp0.3_nodelim_norole_nocot,baixas salariais,N/A,,fp,
qwen3_14b,participants,lusa_53,cls_exp_temp0.3_nodelim_norole_nocot,os meios do país,N/A,,fp,
qwen3_14b,participants,lusa_53,cls_exp_temp0.3_nodelim_norole_nocot,Governo holandês,N/A,,fp,
qwen3_14b,participants,lusa_53,cls_exp_temp0.3_nodelim_norole_nocot,transportadora aérea KLM,N/A,,fp,
qwen3_14b,participants,lusa_53,cls_exp_temp0.3_nodelim_norole_nocot,sindicato dos pilotos VNV,N/A,,fp,
qwen3_14b,participants,lusa_53,cls_exp_temp0.3_nodelim_norole_nocot,a Air France-KLM,,Org,fn,
qwen3_14b,participants,lusa_53,cls_exp_temp0.3_nodelim_norole_nocot,vários milhares de milhões de euros,,Obj,fn,
qwen3_14b,participants,lusa_53,cls_exp_temp0.3_nodelim_norole_nocot,os pilotos VNV,,Per,fn,
qwen3_14b,participants,lusa_53,cls_exp_temp0.3_nodelim_norole_nocot,O governo holandês,,Org,fn,
qwen3_14b,participants,lusa_53,cls_exp_temp0.3_nodelim_norole_nocot,cinco mil,,Other,fn,
qwen3_14b,participants,lusa_53,cls_exp_temp0.3_nodelim_norole_nocot,a transportadora aérea KLM,,Org,fn,
qwen3_14b,participants,lusa_53,cls_exp_temp0.3_nodelim_norole_nocot,A KLM,,Org,fn,
qwen3_14b,participants,lusa_53,cls_exp_temp0.3_nodelim_norole_nocot,15%,,Other,fn,
qwen3_14b,participants,lusa_53,cls_exp_temp0.3_nodelim_norole_nocot,20%,,Other,fn,
qwen3_14b,participants,lusa_53,cls_exp_temp0.3_nodelim_norole_nocot,o ramo holandês,,Org,fn,
qwen3_14b,participants,lusa_53,cls_exp_temp0.3_nodelim_norole_nocot,"3,4 mil milhões de euros",,Obj,fn,
qwen3_14b,participants,lusa_53,cls_exp_temp0.3_nodelim_norole_nocot,salários,,Other,fn,
qwen3_14b,participants,lusa_53,cls_exp_temp0.3_nodelim_norole_nocot,a KLM,,Org,fn,
qwen3_14b,participants,lusa_53,cls_exp_temp0.3_nodelim_norole_nocot,o país,,Loc,fn,
qwen3_14b,participants,lusa_53,cls_exp_temp0.3_nodelim_norole_nocot,363 milhões,,Obj,fn,
qwen3_14b,participants,lusa_53,cls_exp_temp0.3_nodelim_norole_nocot,A Air France-KLM,,Org,fn,
qwen3_14b,participants,lusa_53,cls_exp_temp0.3_nodelim_norole_nocot,"1,6 mil milhões de euros",,Obj,fn,
qwen3_14b,participants,lusa_53,cls_exp_temp0.3_nodelim_norole_nocot,despesas,,Other,fn,
qwen3_14b,participants,lusa_53,cls_exp_temp0.3_nodelim_norole_nocot,os meios,,Org,fn,
qwen3_14b,participants,lusa_54,cls_exp_temp0.3_nodelim_norole_nocot,um veículo,N/A,Obj,tp,
qwen3_14b,participants,lusa_54,cls_exp_temp0.3_nodelim_norole_nocot,a polícia local,N/A,Org,tp,
qwen3_14b,participants,lusa_54,cls_exp_temp0.3_nodelim_norole_nocot,autoridades alemãs,N/A,Org,tp,
qwen3_14b,participants,lusa_54,cls_exp_temp0.3_nodelim_norole_nocot,uma zona pedonal,N/A,Loc,tp,
qwen3_14b,participants,lusa_54,cls_exp_temp0.3_nodelim_norole_nocot,O motorista,N/A,Per,tp,
qwen3_14b,participants,lusa_54,cls_exp_temp0.3_nodelim_norole_nocot,a mesma rede social,N/A,Obj,tp,
qwen3_14b,participants,lusa_54,cls_exp_temp0.3_nodelim_norole_nocot,várias,N/A,Per,tp,
qwen3_14b,participants,lusa_54,cls_exp_temp0.3_nodelim_norole_nocot,o veículo,N/A,Obj,tp,
qwen3_14b,participants,lusa_54,cls_exp_temp0.3_nodelim_norole_nocot,O Governo português,N/A,Org,tp,
qwen3_14b,participants,lusa_54,cls_exp_temp0.3_nodelim_norole_nocot,Trier,N/A,Pl_civil,tp,
qwen3_14b,participants,lusa_54,cls_exp_temp0.3_nodelim_norole_nocot,Duas pessoas,N/A,Per,tp,
qwen3_14b,participants,lusa_54,cls_exp_temp0.3_nodelim_norole_nocot,vítimas,Per,,fp,
qwen3_14b,participants,lusa_54,cls_exp_temp0.3_nodelim_norole_nocot,cidade de Trier,N/A,,fp,
qwen3_14b,participants,lusa_54,cls_exp_temp0.3_nodelim_norole_nocot,famílias,Per,,fp,
qwen3_14b,participants,lusa_54,cls_exp_temp0.3_nodelim_norole_nocot,policia de Trier,N/A,,fp,
qwen3_14b,participants,lusa_54,cls_exp_temp0.3_nodelim_norole_nocot,as famílias das vítimas,N/A,,fp,
qwen3_14b,participants,lusa_54,cls_exp_temp0.3_nodelim_norole_nocot,Governo português,Org,,fp,
qwen3_14b,participants,lusa_54,cls_exp_temp0.3_nodelim_norole_nocot,sudoeste da Alemanha,N/A,,fp,
qwen3_14b,participants,lusa_54,cls_exp_temp0.3_nodelim_norole_nocot,Alemanha,Loc,,fp,
qwen3_14b,participants,lusa_54,cls_exp_temp0.3_nodelim_norole_nocot,povo alemão,N/A,,fp,
qwen3_14b,participants,lusa_54,cls_exp_temp0.3_nodelim_norole_nocot,autoridades,,Org,fn,
qwen3_14b,participants,lusa_54,cls_exp_temp0.3_nodelim_norole_nocot,a fronteira com o Luxemburgo,,Loc,fn,
qwen3_14b,participants,lusa_54,cls_exp_temp0.3_nodelim_norole_nocot,a página oficial do Twitter do Ministério dos Negócios Estrangeiros,,Obj,fn,
qwen3_14b,participants,lusa_54,cls_exp_temp0.3_nodelim_norole_nocot,às pessoas,,Per,fn,
qwen3_14b,participants,lusa_54,cls_exp_temp0.3_nodelim_norole_nocot,os feridos,,Per,fn,
qwen3_14b,participants,lusa_54,cls_exp_temp0.3_nodelim_norole_nocot,o Ministério dos Negócios Estrangeiros,,Org,fn,
qwen3_14b,participants,lusa_54,cls_exp_temp0.3_nodelim_norole_nocot,o povo,,Per,fn,
qwen3_14b,participants,lusa_54,cls_exp_temp0.3_nodelim_norole_nocot,uma mensagem,,Other,fn,
qwen3_14b,participants,lusa_54,cls_exp_temp0.3_nodelim_norole_nocot,a polícia,,Org,fn,
qwen3_14b,participants,lusa_54,cls_exp_temp0.3_nodelim_norole_nocot,a cidade,,Pl_civil,fn,
qwen3_14b,participants,lusa_54,cls_exp_temp0.3_nodelim_norole_nocot,mais pormenores sobre o incidente,,Other,fn,
qwen3_14b,participants,lusa_54,cls_exp_temp0.3_nodelim_norole_nocot,A polícia,,Org,fn,
qwen3_14b,participants,lusa_54,cls_exp_temp0.3_nodelim_norole_nocot,o Twitter,,Org,fn,
qwen3_14b,participants,lusa_54,cls_exp_temp0.3_nodelim_norole_nocot,a oeste de Frankfurt,,Pl_region,fn,
qwen3_14b,participants,lusa_54,cls_exp_temp0.3_nodelim_norole_nocot,Frankfurt,,Pl_civil,fn,
qwen3_14b,participants,lusa_54,cls_exp_temp0.3_nodelim_norole_nocot,a cidade de Trier,,Pl_civil,fn,
qwen3_14b,participants,lusa_54,cls_exp_temp0.3_nodelim_norole_nocot,aquela cidade alemã,,Pl_civil,fn,
qwen3_14b,participants,lusa_54,cls_exp_temp0.3_nodelim_norole_nocot,a oeste,,Pl_region,fn,
qwen3_14b,participants,lusa_54,cls_exp_temp0.3_nodelim_norole_nocot,a sua,,Org,fn,
qwen3_14b,participants,lusa_54,cls_exp_temp0.3_nodelim_norole_nocot,o Luxemburgo,,Pl_country,fn,
qwen3_14b,participants,lusa_54,cls_exp_temp0.3_nodelim_norole_nocot,as famílias,,Per,fn,
qwen3_14b,participants,lusa_54,cls_exp_temp0.3_nodelim_norole_nocot,o sudoeste,,Pl_civil,fn,
qwen3_14b,participants,lusa_54,cls_exp_temp0.3_nodelim_norole_nocot,a página oficial,,Other,fn,
qwen3_14b,participants,lusa_54,cls_exp_temp0.3_nodelim_norole_nocot,o centro,,Pl_civil,fn,
qwen3_14b,participants,lusa_54,cls_exp_temp0.3_nodelim_norole_nocot,as vítimas,,Per,fn,
qwen3_14b,participants,lusa_54,cls_exp_temp0.3_nodelim_norole_nocot,a fronteira,,Loc,fn,
qwen3_14b,participants,lusa_54,cls_exp_temp0.3_nodelim_norole_nocot,as equipas de resgate,,Org,fn,
qwen3_14b,participants,lusa_54,cls_exp_temp0.3_nodelim_norole_nocot,o Governo português,,Org,fn,
qwen3_14b,participants,lusa_54,cls_exp_temp0.3_nodelim_norole_nocot,a Alemanha,,Pl_country,fn,
qwen3_14b,participants,lusa_55,cls_exp_temp0.3_nodelim_norole_nocot,Hyderabad,Loc,Pl_civil,tp,
qwen3_14b,participants,lusa_55,cls_exp_temp0.3_nodelim_norole_nocot,"Mais de 9,6 milhões de pessoas",Per,Per,tp,
qwen3_14b,participants,lusa_55,cls_exp_temp0.3_nodelim_norole_nocot,a polícia local,Org,Org,tp,
qwen3_14b,participants,lusa_55,cls_exp_temp0.3_nodelim_norole_nocot,um muro,N/A,Other,tp,
qwen3_14b,participants,lusa_55,cls_exp_temp0.3_nodelim_norole_nocot,outras quatro pessoas,N/A,Per,tp,
qwen3_14b,participants,lusa_55,cls_exp_temp0.3_nodelim_norole_nocot,Bangladesh,Loc,Pl_country,tp,
qwen3_14b,participants,lusa_55,cls_exp_temp0.3_nodelim_norole_nocot,milhões,N/A,Per,tp,
qwen3_14b,participants,lusa_55,cls_exp_temp0.3_nodelim_norole_nocot,um recorde,Obj,Other,tp,
qwen3_14b,participants,lusa_55,cls_exp_temp0.3_nodelim_norole_nocot,pessoas,Per,Per,tp,
qwen3_14b,participants,lusa_55,cls_exp_temp0.3_nodelim_norole_nocot,barcos,Obj,Obj,tp,
qwen3_14b,participants,lusa_55,cls_exp_temp0.3_nodelim_norole_nocot,a cidade de Hyderabad,Loc,Pl_civil,tp,
qwen3_14b,participants,lusa_55,cls_exp_temp0.3_nodelim_norole_nocot,uma casa vizinha,N/A,Fac,tp,
qwen3_14b,participants,lusa_55,cls_exp_temp0.3_nodelim_norole_nocot,Nepal,Loc,Pl_country,tp,
qwen3_14b,participants,lusa_55,cls_exp_temp0.3_nodelim_norole_nocot,pelo menos oito pessoas,N/A,Per,tp,
qwen3_14b,participants,lusa_55,cls_exp_temp0.3_nodelim_norole_nocot,Uma casa,Obj,Fac,tp,
qwen3_14b,participants,lusa_55,cls_exp_temp0.3_nodelim_norole_nocot,as autoridades,Org,Org,tp,
qwen3_14b,participants,lusa_55,cls_exp_temp0.3_nodelim_norole_nocot,casas,Fac,Other,tp,
qwen3_14b,participants,lusa_55,cls_exp_temp0.3_nodelim_norole_nocot,chuvas sem precedentes,N/A,Nat,tp,
qwen3_14b,participants,lusa_55,cls_exp_temp0.3_nodelim_norole_nocot,oito pessoas,Per,,fp,
qwen3_14b,participants,lusa_55,cls_exp_temp0.3_nodelim_norole_nocot,áreas baixas da cidade,Loc,,fp,
qwen3_14b,participants,lusa_55,cls_exp_temp0.3_nodelim_norole_nocot,inundações,N/A,,fp,
qwen3_14b,participants,lusa_55,cls_exp_temp0.3_nodelim_norole_nocot,os mortos,N/A,,fp,
qwen3_14b,participants,lusa_55,cls_exp_temp0.3_nodelim_norole_nocot,todo o sul da Ásia,Loc,,fp,
qwen3_14b,participants,lusa_55,cls_exp_temp0.3_nodelim_norole_nocot,sul da Índia,Loc,,fp,
qwen3_14b,participants,lusa_55,cls_exp_temp0.3_nodelim_norole_nocot,casa,N/A,,fp,
qwen3_14b,participants,lusa_55,cls_exp_temp0.3_nodelim_norole_nocot,Índia,Loc,,fp,
qwen3_14b,participants,lusa_55,cls_exp_temp0.3_nodelim_norole_nocot,chuva,N/A,,fp,
qwen3_14b,participants,lusa_55,cls_exp_temp0.3_nodelim_norole_nocot,severas inundações,N/A,,fp,
qwen3_14b,participants,lusa_55,cls_exp_temp0.3_nodelim_norole_nocot,as suas,,Per,fn,
qwen3_14b,participants,lusa_55,cls_exp_temp0.3_nodelim_norole_nocot,áreas baixas,,Pl_region,fn,
qwen3_14b,participants,lusa_55,cls_exp_temp0.3_nodelim_norole_nocot,mortos,,Per,fn,
qwen3_14b,participants,lusa_55,cls_exp_temp0.3_nodelim_norole_nocot,o sul,,Pl_region,fn,
qwen3_14b,participants,lusa_55,cls_exp_temp0.3_nodelim_norole_nocot,A forte chuva,,Nat,fn,
qwen3_14b,participants,lusa_55,cls_exp_temp0.3_nodelim_norole_nocot,Cerca de 550 pessoas,,Per,fn,
qwen3_14b,participants,lusa_55,cls_exp_temp0.3_nodelim_norole_nocot,a Índia,,Pl_country,fn,
qwen3_14b,participants,lusa_55,cls_exp_temp0.3_nodelim_norole_nocot,a cidade,,Pl_civil,fn,
qwen3_14b,participants,lusa_55,cls_exp_temp0.3_nodelim_norole_nocot,todo o sul,,Pl_region,fn,
qwen3_14b,participants,lusa_55,cls_exp_temp0.3_nodelim_norole_nocot,que,,Fac,fn,
qwen3_14b,participants,lusa_55,cls_exp_temp0.3_nodelim_norole_nocot,a Ásia,,Pl_region,fn,
qwen3_14b,participants,lusa_55,cls_exp_temp0.3_nodelim_norole_nocot,onde,,Pl_civil,fn,
qwen3_14b,participants,lusa_56,cls_exp_temp0.3_nodelim_norole_nocot,novo coronavírus,N/A,Nat,tp,
qwen3_14b,participants,lusa_56,cls_exp_temp0.3_nodelim_norole_nocot,a francesa Sophie Pétronin,N/A,Per,tp,
qwen3_14b,participants,lusa_56,cls_exp_temp0.3_nodelim_norole_nocot,Ele,Per,Per,tp,
qwen3_14b,participants,lusa_56,cls_exp_temp0.3_nodelim_norole_nocot,200 detidos,N/A,Per,tp,
qwen3_14b,participants,lusa_56,cls_exp_temp0.3_nodelim_norole_nocot,AFP,Org,Org,tp,
qwen3_14b,participants,lusa_56,cls_exp_temp0.3_nodelim_norole_nocot,jihadistas,N/A,Per,tp,
qwen3_14b,participants,lusa_56,cls_exp_temp0.3_nodelim_norole_nocot,Soumaila Cissé,N/A,Per,tp,
qwen3_14b,participants,lusa_56,cls_exp_temp0.3_nodelim_norole_nocot,França,N/A,Loc,tp,
qwen3_14b,participants,lusa_56,cls_exp_temp0.3_nodelim_norole_nocot,um elemento,N/A,Per,tp,
qwen3_14b,participants,lusa_56,cls_exp_temp0.3_nodelim_norole_nocot,dois italianos,N/A,Per,tp,
qwen3_14b,participants,lusa_56,cls_exp_temp0.3_nodelim_norole_nocot,O principal opositor do Governo do Mali,N/A,,fp,
qwen3_14b,participants,lusa_56,cls_exp_temp0.3_nodelim_norole_nocot,Noroeste,N/A,,fp,
qwen3_14b,participants,lusa_56,cls_exp_temp0.3_nodelim_norole_nocot,o seu partido,N/A,,fp,
qwen3_14b,participants,lusa_56,cls_exp_temp0.3_nodelim_norole_nocot,um membro de sua família,Per,,fp,
qwen3_14b,participants,lusa_56,cls_exp_temp0.3_nodelim_norole_nocot,a família,N/A,,fp,
qwen3_14b,participants,lusa_56,cls_exp_temp0.3_nodelim_norole_nocot,líder da oposição do Mali,N/A,,fp,
qwen3_14b,participants,lusa_56,cls_exp_temp0.3_nodelim_norole_nocot,Mali,N/A,,fp,
qwen3_14b,participants,lusa_56,cls_exp_temp0.3_nodelim_norole_nocot,Agência France-Presse,Org,,fp,
qwen3_14b,participants,lusa_56,cls_exp_temp0.3_nodelim_norole_nocot,Covid-19,N/A,,fp,
qwen3_14b,participants,lusa_56,cls_exp_temp0.3_nodelim_norole_nocot,URD,N/A,,fp,
qwen3_14b,participants,lusa_56,cls_exp_temp0.3_nodelim_norole_nocot,à AFP,N/A,,fp,
qwen3_14b,participants,lusa_56,cls_exp_temp0.3_nodelim_norole_nocot,A sua esposa,N/A,,fp,
qwen3_14b,participants,lusa_56,cls_exp_temp0.3_nodelim_norole_nocot,Tumbuktu,N/A,,fp,
qwen3_14b,participants,lusa_56,cls_exp_temp0.3_nodelim_norole_nocot,Figura da oposição do Mali,N/A,,fp,
qwen3_14b,participants,lusa_56,cls_exp_temp0.3_nodelim_norole_nocot,União para a República e a Democracia (URD),N/A,,fp,
qwen3_14b,participants,lusa_56,cls_exp_temp0.3_nodelim_norole_nocot,três eleições presidenciais,N/A,,fp,
qwen3_14b,participants,lusa_56,cls_exp_temp0.3_nodelim_norole_nocot,Governo do Mali,N/A,,fp,
qwen3_14b,participants,lusa_56,cls_exp_temp0.3_nodelim_norole_nocot,o opositor do Governo do Mali,Per,,fp,
qwen3_14b,participants,lusa_56,cls_exp_temp0.3_nodelim_norole_nocot,A sua,,Per,fn,
qwen3_14b,participants,lusa_56,cls_exp_temp0.3_nodelim_norole_nocot,um membro,,Per,fn,
qwen3_14b,participants,lusa_56,cls_exp_temp0.3_nodelim_norole_nocot,me,,Per,fn,
qwen3_14b,participants,lusa_56,cls_exp_temp0.3_nodelim_norole_nocot,que,,Per,fn,
qwen3_14b,participants,lusa_56,cls_exp_temp0.3_nodelim_norole_nocot,esposa,,Per,fn,
qwen3_14b,participants,lusa_56,cls_exp_temp0.3_nodelim_norole_nocot,O principal opositor do Governo do Mal,,Per,fn,
qwen3_14b,participants,lusa_56,cls_exp_temp0.3_nodelim_norole_nocot,partido,,Org,fn,
qwen3_14b,participants,lusa_56,cls_exp_temp0.3_nodelim_norole_nocot,o seu,,Per,fn,
qwen3_14b,participants,lusa_56,cls_exp_temp0.3_nodelim_norole_nocot,Agência France-Presse (AFP),,Org,fn,
qwen3_14b,participants,lusa_56,cls_exp_temp0.3_nodelim_norole_nocot,família,,Per,fn,
qwen3_14b,participants,lusa_56,cls_exp_temp0.3_nodelim_norole_nocot,líder da oposição,,Per,fn,
qwen3_14b,participants,lusa_56,cls_exp_temp0.3_nodelim_norole_nocot,a União para a República e a Democracia (URD),,Org,fn,
qwen3_14b,participants,lusa_56,cls_exp_temp0.3_nodelim_norole_nocot,Figura da oposição,,Per,fn,
qwen3_14b,participants,lusa_56,cls_exp_temp0.3_nodelim_norole_nocot,engenheiro de computação,,Per,fn,
qwen3_14b,participants,lusa_56,cls_exp_temp0.3_nodelim_norole_nocot,a covid-19,,Nat,fn,
qwen3_14b,participants,lusa_56,cls_exp_temp0.3_nodelim_norole_nocot,segundo lugar,,Other,fn,
qwen3_14b,participants,lusa_56,cls_exp_temp0.3_nodelim_norole_nocot,a região de Tumbuktu (Noroeste),,Pl_civil,fn,
qwen3_14b,participants,lusa_56,cls_exp_temp0.3_nodelim_norole_nocot,onde,,Loc,fn,
qwen3_14b,participants,lusa_56,cls_exp_temp0.3_nodelim_norole_nocot,sua,,Per,fn,
qwen3_14b,participants,lusa_56,cls_exp_temp0.3_nodelim_norole_nocot,o Mali,,Pl_civil,fn,
qwen3_14b,participants,lusa_57,cls_exp_temp0.3_nodelim_norole_nocot,A FPI,Org,Org,tp,
qwen3_14b,participants,lusa_57,cls_exp_temp0.3_nodelim_norole_nocot,locais de culto não islâmicos,Fac,Loc,tp,
qwen3_14b,participants,lusa_57,cls_exp_temp0.3_nodelim_norole_nocot,A Indonésia,Loc,Loc,tp,
qwen3_14b,participants,lusa_57,cls_exp_temp0.3_nodelim_norole_nocot,O grupo radical,N/A,Per,tp,
qwen3_14b,participants,lusa_57,cls_exp_temp0.3_nodelim_norole_nocot,O ministro da Segurança,N/A,Per,tp,
qwen3_14b,participants,lusa_57,cls_exp_temp0.3_nodelim_norole_nocot,embaixadas ocidentais,Fac,Org,tp,
qwen3_14b,participants,lusa_57,cls_exp_temp0.3_nodelim_norole_nocot,um grupo muçulmano,Org,Per,tp,
qwen3_14b,participants,lusa_57,cls_exp_temp0.3_nodelim_norole_nocot,Jacarta,N/A,Pl_capital,tp,
qwen3_14b,participants,lusa_57,cls_exp_temp0.3_nodelim_norole_nocot,governo de Jacarta,N/A,,fp,
qwen3_14b,participants,lusa_57,cls_exp_temp0.3_nodelim_norole_nocot,Indonésia,N/A,,fp,
qwen3_14b,participants,lusa_57,cls_exp_temp0.3_nodelim_norole_nocot,FPI,N/A,,fp,
qwen3_14b,participants,lusa_57,cls_exp_temp0.3_nodelim_norole_nocot,grupo radical islâmico indonésio FPI,N/A,,fp,
qwen3_14b,participants,lusa_57,cls_exp_temp0.3_nodelim_norole_nocot,população,N/A,,fp,
qwen3_14b,participants,lusa_57,cls_exp_temp0.3_nodelim_norole_nocot,o governador cristão de Jacarta,Per,,fp,
qwen3_14b,participants,lusa_57,cls_exp_temp0.3_nodelim_norole_nocot,aos jornalistas,N/A,,fp,
qwen3_14b,participants,lusa_57,cls_exp_temp0.3_nodelim_norole_nocot,Mohammad Mahfud,N/A,,fp,
qwen3_14b,participants,lusa_57,cls_exp_temp0.3_nodelim_norole_nocot,Indonésio,Loc,,fp,
qwen3_14b,participants,lusa_57,cls_exp_temp0.3_nodelim_norole_nocot,a Frente de Defesa Islâmica,N/A,,fp,
qwen3_14b,participants,lusa_57,cls_exp_temp0.3_nodelim_norole_nocot,Governo de Jacarta,N/A,,fp,
qwen3_14b,participants,lusa_57,cls_exp_temp0.3_nodelim_norole_nocot,o governador cristão,,Per,fn,
qwen3_14b,participants,lusa_57,cls_exp_temp0.3_nodelim_norole_nocot,lei islâmica (sharia),,Other,fn,
qwen3_14b,participants,lusa_57,cls_exp_temp0.3_nodelim_norole_nocot,O líder,,Per,fn,
qwen3_14b,participants,lusa_57,cls_exp_temp0.3_nodelim_norole_nocot,Governo,,Org,fn,
qwen3_14b,participants,lusa_57,cls_exp_temp0.3_nodelim_norole_nocot,a Frente de Defesa Islâmica (FPI em indonésio),,Org,fn,
qwen3_14b,participants,lusa_57,cls_exp_temp0.3_nodelim_norole_nocot,que,,Per,fn,
qwen3_14b,participants,lusa_57,cls_exp_temp0.3_nodelim_norole_nocot,a Indonésia,,Pl_country,fn,
qwen3_14b,participants,lusa_57,cls_exp_temp0.3_nodelim_norole_nocot,a FPI,,Org,fn,
qwen3_14b,participants,lusa_57,cls_exp_temp0.3_nodelim_norole_nocot,país,,Pl_country,fn,
qwen3_14b,participants,lusa_57,cls_exp_temp0.3_nodelim_norole_nocot,Rizieg Shihab,,Per,fn,
qwen3_14b,participants,lusa_57,cls_exp_temp0.3_nodelim_norole_nocot,a população,,Per,fn,
qwen3_14b,participants,lusa_57,cls_exp_temp0.3_nodelim_norole_nocot,a organização,,Org,fn,
qwen3_14b,participants,lusa_57,cls_exp_temp0.3_nodelim_norole_nocot,Mohammad Mahfud,,Per,fn,
qwen3_14b,participants,lusa_57,cls_exp_temp0.3_nodelim_norole_nocot,covid-19,,Nat,fn,
qwen3_14b,participants,lusa_57,cls_exp_temp0.3_nodelim_norole_nocot,230 milhões de muçulmanos,,Per,fn,
qwen3_14b,participants,lusa_57,cls_exp_temp0.3_nodelim_norole_nocot,os símbolos,,Other,fn,
qwen3_14b,participants,lusa_57,cls_exp_temp0.3_nodelim_norole_nocot,as medidas,,Other,fn,
qwen3_14b,participants,lusa_57,cls_exp_temp0.3_nodelim_norole_nocot,o país,,Pl_country,fn,
qwen3_14b,participants,lusa_57,cls_exp_temp0.3_nodelim_norole_nocot,os jornalistas,,Per,fn,
qwen3_14b,participants,lusa_57,cls_exp_temp0.3_nodelim_norole_nocot,às autoridades,,Org,fn,
qwen3_14b,participants,lusa_57,cls_exp_temp0.3_nodelim_norole_nocot,O governo,,Org,fn,
qwen3_14b,participants,lusa_57,cls_exp_temp0.3_nodelim_norole_nocot,a pandemia,,Nat,fn,
qwen3_14b,participants,lusa_58,cls_exp_temp0.3_nodelim_norole_nocot,um recém-nascido,N/A,Per,tp,
qwen3_14b,participants,lusa_58,cls_exp_temp0.3_nodelim_norole_nocot,os demais doentes,Per,Per,tp,
qwen3_14b,participants,lusa_58,cls_exp_temp0.3_nodelim_norole_nocot,um doente grave,N/A,Per,tp,
qwen3_14b,participants,lusa_58,cls_exp_temp0.3_nodelim_norole_nocot,a governante,N/A,Per,tp,
qwen3_14b,participants,lusa_58,cls_exp_temp0.3_nodelim_norole_nocot,os pacientes,Per,Per,tp,
qwen3_14b,participants,lusa_58,cls_exp_temp0.3_nodelim_norole_nocot,Angola,Loc,Pl_country,tp,
qwen3_14b,participants,lusa_58,cls_exp_temp0.3_nodelim_norole_nocot,Sílvia Lutucuta,Per,Per,tp,
qwen3_14b,participants,lusa_58,cls_exp_temp0.3_nodelim_norole_nocot,duas pessoas,Per,Per,tp,
qwen3_14b,participants,lusa_58,cls_exp_temp0.3_nodelim_norole_nocot,uma equipa da linha da frente,Org,Per,tp,
qwen3_14b,participants,lusa_58,cls_exp_temp0.3_nodelim_norole_nocot,Hospital Geral da província do Cunene,Fac,,fp,
qwen3_14b,participants,lusa_58,cls_exp_temp0.3_nodelim_norole_nocot,Hospital Municipal de Cuanhama,N/A,,fp,
qwen3_14b,participants,lusa_58,cls_exp_temp0.3_nodelim_norole_nocot,incêndio,N/A,,fp,
qwen3_14b,participants,lusa_58,cls_exp_temp0.3_nodelim_norole_nocot,outras unidades hospitalares da zona,Fac,,fp,
qwen3_14b,participants,lusa_58,cls_exp_temp0.3_nodelim_norole_nocot,A ministra da Saúde de Angola,Per,,fp,
qwen3_14b,participants,lusa_58,cls_exp_temp0.3_nodelim_norole_nocot,Cunene,N/A,,fp,
qwen3_14b,participants,lusa_58,cls_exp_temp0.3_nodelim_norole_nocot,Governo angolano,N/A,,fp,
qwen3_14b,participants,lusa_58,cls_exp_temp0.3_nodelim_norole_nocot,pacientes,N/A,,fp,
qwen3_14b,participants,lusa_58,cls_exp_temp0.3_nodelim_norole_nocot,província do Cunene,Loc,,fp,
qwen3_14b,participants,lusa_58,cls_exp_temp0.3_nodelim_norole_nocot,centros de saúde,N/A,,fp,
qwen3_14b,participants,lusa_58,cls_exp_temp0.3_nodelim_norole_nocot,Ministério da Saúde,N/A,,fp,
qwen3_14b,participants,lusa_58,cls_exp_temp0.3_nodelim_norole_nocot,incêndio hospitalar,N/A,,fp,
qwen3_14b,participants,lusa_58,cls_exp_temp0.3_nodelim_norole_nocot,a província do sul de Angola,N/A,,fp,
qwen3_14b,participants,lusa_58,cls_exp_temp0.3_nodelim_norole_nocot,Hospital Geral de Ondjiva,N/A,,fp,
qwen3_14b,participants,lusa_58,cls_exp_temp0.3_nodelim_norole_nocot,as áreas,,Pl_region,fn,
qwen3_14b,participants,lusa_58,cls_exp_temp0.3_nodelim_norole_nocot,o novo Hospital Municipal,,Org,fn,
qwen3_14b,participants,lusa_58,cls_exp_temp0.3_nodelim_norole_nocot,enfermarias cirúrgicas,,Loc,fn,
qwen3_14b,participants,lusa_58,cls_exp_temp0.3_nodelim_norole_nocot,o Hospital Geral da província do Cunene,,Org,fn,
qwen3_14b,participants,lusa_58,cls_exp_temp0.3_nodelim_norole_nocot,o Ministério da Saúde,,Org,fn,
qwen3_14b,participants,lusa_58,cls_exp_temp0.3_nodelim_norole_nocot,que,,Per,fn,
qwen3_14b,participants,lusa_58,cls_exp_temp0.3_nodelim_norole_nocot,o pior,,Other,fn,
qwen3_14b,participants,lusa_58,cls_exp_temp0.3_nodelim_norole_nocot,Todos os pacientes,,Per,fn,
qwen3_14b,participants,lusa_58,cls_exp_temp0.3_nodelim_norole_nocot,Cuanhama,,Pl_civil,fn,
qwen3_14b,participants,lusa_58,cls_exp_temp0.3_nodelim_norole_nocot,o Cunene,,Pl_civil,fn,
qwen3_14b,participants,lusa_58,cls_exp_temp0.3_nodelim_norole_nocot,A ministra da Saúde,,Per,fn,
qwen3_14b,participants,lusa_58,cls_exp_temp0.3_nodelim_norole_nocot,Uma nota,,Obj,fn,
qwen3_14b,participants,lusa_58,cls_exp_temp0.3_nodelim_norole_nocot,outras unidades hospitalares,,Org,fn,
qwen3_14b,participants,lusa_58,cls_exp_temp0.3_nodelim_norole_nocot,a zona,,Pl_civil,fn,
qwen3_14b,participants,lusa_58,cls_exp_temp0.3_nodelim_norole_nocot,capital,,Pl_capital,fn,
qwen3_14b,participants,lusa_58,cls_exp_temp0.3_nodelim_norole_nocot,a província do Cunene,,Pl_civil,fn,
qwen3_14b,participants,lusa_58,cls_exp_temp0.3_nodelim_norole_nocot,o bloco operatório,,Loc,fn,
qwen3_14b,participants,lusa_58,cls_exp_temp0.3_nodelim_norole_nocot,o Hospital Geral,,Fac,fn,
qwen3_14b,participants,lusa_58,cls_exp_temp0.3_nodelim_norole_nocot,o novo Hospital Municipal de Cuanhama,,Org,fn,
qwen3_14b,participants,lusa_58,cls_exp_temp0.3_nodelim_norole_nocot,o posto,,Loc,fn,
qwen3_14b,participants,lusa_58,cls_exp_temp0.3_nodelim_norole_nocot,o Hospital Geral de Ondjiva,,Fac,fn,
qwen3_14b,participants,lusa_58,cls_exp_temp0.3_nodelim_norole_nocot,àquela província,,Pl_civil,fn,
qwen3_14b,participants,lusa_58,cls_exp_temp0.3_nodelim_norole_nocot,Ondjiva,,Pl_civil,fn,
qwen3_14b,participants,lusa_58,cls_exp_temp0.3_nodelim_norole_nocot,oxigênio,,Other,fn,
qwen3_14b,participants,lusa_58,cls_exp_temp0.3_nodelim_norole_nocot,o sul,,Pl_region,fn,
qwen3_14b,participants,lusa_58,cls_exp_temp0.3_nodelim_norole_nocot,vários centros de saúde,,Org,fn,
qwen3_14b,participants,lusa_58,cls_exp_temp0.3_nodelim_norole_nocot,o sul de Angola,,Pl_civil,fn,
qwen3_14b,participants,lusa_59,cls_exp_temp0.3_nodelim_norole_nocot,O detido,N/A,Per,tp,
qwen3_14b,participants,lusa_59,cls_exp_temp0.3_nodelim_norole_nocot,a mulher,N/A,Per,tp,
qwen3_14b,participants,lusa_59,cls_exp_temp0.3_nodelim_norole_nocot,Um homem de 60 anos,Per,Per,tp,
qwen3_14b,participants,lusa_59,cls_exp_temp0.3_nodelim_norole_nocot,o comunicado,N/A,Obj,tp,
qwen3_14b,participants,lusa_59,cls_exp_temp0.3_nodelim_norole_nocot,a GNR,N/A,Per,tp,
qwen3_14b,participants,lusa_59,cls_exp_temp0.3_nodelim_norole_nocot,a esposa de 59 anos,Per,Per,tp,
qwen3_14b,participants,lusa_59,cls_exp_temp0.3_nodelim_norole_nocot,o agressor,N/A,Per,tp,
qwen3_14b,participants,lusa_59,cls_exp_temp0.3_nodelim_norole_nocot,a vítima,N/A,Per,tp,
qwen3_14b,participants,lusa_59,cls_exp_temp0.3_nodelim_norole_nocot,os militares,N/A,Per,tp,
qwen3_14b,participants,lusa_59,cls_exp_temp0.3_nodelim_norole_nocot,Núcleo de Investigação e Apoio a Vítimas Específicas (NIAVE) do Porto,N/A,,fp,
qwen3_14b,participants,lusa_59,cls_exp_temp0.3_nodelim_norole_nocot,o suspeito,N/A,,fp,
qwen3_14b,participants,lusa_59,cls_exp_temp0.3_nodelim_norole_nocot,Tribunal Judicial de Matosinhos,N/A,,fp,
qwen3_14b,participants,lusa_59,cls_exp_temp0.3_nodelim_norole_nocot,sua esposa,N/A,,fp,
qwen3_14b,participants,lusa_59,cls_exp_temp0.3_nodelim_norole_nocot,primeiro interrogatório judicial,N/A,,fp,
qwen3_14b,participants,lusa_59,cls_exp_temp0.3_nodelim_norole_nocot,a medida de coação de prisão preventiva,N/A,,fp,
qwen3_14b,participants,lusa_59,cls_exp_temp0.3_nodelim_norole_nocot,Porto,Loc,,fp,
qwen3_14b,participants,lusa_59,cls_exp_temp0.3_nodelim_norole_nocot,Posto Territorial da Trofa,N/A,,fp,
qwen3_14b,participants,lusa_59,cls_exp_temp0.3_nodelim_norole_nocot,Trofa,Loc,,fp,
qwen3_14b,participants,lusa_59,cls_exp_temp0.3_nodelim_norole_nocot,homem da Trofa,N/A,,fp,
qwen3_14b,participants,lusa_59,cls_exp_temp0.3_nodelim_norole_nocot,da Trofa,N/A,,fp,
qwen3_14b,participants,lusa_59,cls_exp_temp0.3_nodelim_norole_nocot,a Trofa,,Pl_civil,fn,
qwen3_14b,participants,lusa_59,cls_exp_temp0.3_nodelim_norole_nocot,Matosinhos,,Pl_civil,fn,
qwen3_14b,participants,lusa_59,cls_exp_temp0.3_nodelim_norole_nocot,bebidas alcoólicas,,Other,fn,
qwen3_14b,participants,lusa_59,cls_exp_temp0.3_nodelim_norole_nocot,o seu,,Per,fn,
qwen3_14b,participants,lusa_59,cls_exp_temp0.3_nodelim_norole_nocot,local de trabalho,,Loc,fn,
qwen3_14b,participants,lusa_59,cls_exp_temp0.3_nodelim_norole_nocot,o Tribunal Judicial de Matosinhos,,Loc,fn,
qwen3_14b,participants,lusa_59,cls_exp_temp0.3_nodelim_norole_nocot,comunicado,,Obj,fn,
qwen3_14b,participants,lusa_59,cls_exp_temp0.3_nodelim_norole_nocot,a medida,,Other,fn,
qwen3_14b,participants,lusa_59,cls_exp_temp0.3_nodelim_norole_nocot,lhe,,Per,fn,
qwen3_14b,participants,lusa_59,cls_exp_temp0.3_nodelim_norole_nocot,o Tribunal Judicial,,Org,fn,
qwen3_14b,participants,lusa_59,cls_exp_temp0.3_nodelim_norole_nocot,um local desconhecido,,Loc,fn,
qwen3_14b,participants,lusa_59,cls_exp_temp0.3_nodelim_norole_nocot,distrito do Porto,,Pl_civil,fn,
qwen3_14b,participants,lusa_59,cls_exp_temp0.3_nodelim_norole_nocot,vítima,,Per,fn,
qwen3_14b,participants,lusa_59,cls_exp_temp0.3_nodelim_norole_nocot,o Posto Territorial,,Org,fn,
qwen3_14b,participants,lusa_59,cls_exp_temp0.3_nodelim_norole_nocot,"esposa, de 59 anos",,Per,fn,
qwen3_14b,participants,lusa_59,cls_exp_temp0.3_nodelim_norole_nocot,o Posto Territorial da Trofa,,Org,fn,
qwen3_14b,participants,lusa_59,cls_exp_temp0.3_nodelim_norole_nocot,o Porto,,Pl_civil,fn,
qwen3_14b,participants,lusa_59,cls_exp_temp0.3_nodelim_norole_nocot,onde,,Loc,fn,
qwen3_14b,participants,lusa_59,cls_exp_temp0.3_nodelim_norole_nocot,sua,,Per,fn,
qwen3_14b,participants,lusa_59,cls_exp_temp0.3_nodelim_norole_nocot,"o ""suspeito",,Per,fn,
qwen3_14b,participants,lusa_59,cls_exp_temp0.3_nodelim_norole_nocot,o Núcleo de Investigação e Apoio a Vítimas Específicas (NIAVE),,Org,fn,
qwen3_14b,participants,lusa_6,cls_exp_temp0.3_nodelim_norole_nocot,aquela força policial,N/A,Org,tp,
qwen3_14b,participants,lusa_6,cls_exp_temp0.3_nodelim_norole_nocot,um prédio habitacional,N/A,Fac,tp,
qwen3_14b,participants,lusa_6,cls_exp_temp0.3_nodelim_norole_nocot,16 pessoas,N/A,Per,tp,
qwen3_14b,participants,lusa_6,cls_exp_temp0.3_nodelim_norole_nocot,Espinho,N/A,Pl_civil,tp,
qwen3_14b,participants,lusa_6,cls_exp_temp0.3_nodelim_norole_nocot,o hall de entrada,N/A,Fac,tp,
qwen3_14b,participants,lusa_6,cls_exp_temp0.3_nodelim_norole_nocot,a PSP,N/A,Org,tp,
qwen3_14b,participants,lusa_6,cls_exp_temp0.3_nodelim_norole_nocot,o prédio,N/A,Fac,tp,
qwen3_14b,participants,lusa_6,cls_exp_temp0.3_nodelim_norole_nocot,Um homem de 54 anos,N/A,Per,tp,
qwen3_14b,participants,lusa_6,cls_exp_temp0.3_nodelim_norole_nocot,16 feridos,N/A,Per,tp,
qwen3_14b,participants,lusa_6,cls_exp_temp0.3_nodelim_norole_nocot,Bombeiros Voluntários de Espinho,N/A,,fp,
qwen3_14b,participants,lusa_6,cls_exp_temp0.3_nodelim_norole_nocot,Homem,Per,,fp,
qwen3_14b,participants,lusa_6,cls_exp_temp0.3_nodelim_norole_nocot,O fogo,N/A,,fp,
qwen3_14b,participants,lusa_6,cls_exp_temp0.3_nodelim_norole_nocot,unidade hospitalar,N/A,,fp,
qwen3_14b,participants,lusa_6,cls_exp_temp0.3_nodelim_norole_nocot,as peças de roupa,N/A,,fp,
qwen3_14b,participants,lusa_6,cls_exp_temp0.3_nodelim_norole_nocot,ali residente,N/A,,fp,
qwen3_14b,participants,lusa_6,cls_exp_temp0.3_nodelim_norole_nocot,PSP,N/A,,fp,
qwen3_14b,participants,lusa_6,cls_exp_temp0.3_nodelim_norole_nocot,distrito de Aveiro,N/A,,fp,
qwen3_14b,participants,lusa_6,cls_exp_temp0.3_nodelim_norole_nocot,o alegado autor do incêndio,N/A,,fp,
qwen3_14b,participants,lusa_6,cls_exp_temp0.3_nodelim_norole_nocot,prédio,Obj,,fp,
qwen3_14b,participants,lusa_6,cls_exp_temp0.3_nodelim_norole_nocot,qualquer unidade hospitalar,,Fac,fn,
qwen3_14b,participants,lusa_6,cls_exp_temp0.3_nodelim_norole_nocot,fogo,,Nat,fn,
qwen3_14b,participants,lusa_6,cls_exp_temp0.3_nodelim_norole_nocot,a mesma nota,,Obj,fn,
qwen3_14b,participants,lusa_6,cls_exp_temp0.3_nodelim_norole_nocot,sua,,Per,fn,
qwen3_14b,participants,lusa_6,cls_exp_temp0.3_nodelim_norole_nocot,que,,Org,fn,
qwen3_14b,participants,lusa_6,cls_exp_temp0.3_nodelim_norole_nocot,Polícia Judiciária,,Org,fn,
qwen3_14b,participants,lusa_6,cls_exp_temp0.3_nodelim_norole_nocot,fumo,,Nat,fn,
qwen3_14b,participants,lusa_6,cls_exp_temp0.3_nodelim_norole_nocot,os Bombeiros Voluntários,,Org,fn,
qwen3_14b,participants,lusa_6,cls_exp_temp0.3_nodelim_norole_nocot,A PSP,,Org,fn,
qwen3_14b,participants,lusa_6,cls_exp_temp0.3_nodelim_norole_nocot,o local,,Fac,fn,
qwen3_14b,participants,lusa_6,cls_exp_temp0.3_nodelim_norole_nocot,o referido prédio,,Fac,fn,
qwen3_14b,participants,lusa_6,cls_exp_temp0.3_nodelim_norole_nocot,comunicado,,Obj,fn,
qwen3_14b,participants,lusa_6,cls_exp_temp0.3_nodelim_norole_nocot,peças de roupa,,Obj,fn,
qwen3_14b,participants,lusa_6,cls_exp_temp0.3_nodelim_norole_nocot,lhes,,Obj,fn,
qwen3_14b,participants,lusa_6,cls_exp_temp0.3_nodelim_norole_nocot,algumas,,Obj,fn,
qwen3_14b,participants,lusa_6,cls_exp_temp0.3_nodelim_norole_nocot,ali,,Fac,fn,
qwen3_14b,participants,lusa_6,cls_exp_temp0.3_nodelim_norole_nocot,o alegado autor,,Per,fn,
qwen3_14b,participants,lusa_6,cls_exp_temp0.3_nodelim_norole_nocot,o distrito de Aveiro,,Pl_civil,fn,
qwen3_14b,participants,lusa_6,cls_exp_temp0.3_nodelim_norole_nocot,danos materiais de relevo,,Other,fn,
qwen3_14b,participants,lusa_6,cls_exp_temp0.3_nodelim_norole_nocot,os Bombeiros Voluntários de Espinho,,Org,fn,
qwen3_14b,participants,lusa_6,cls_exp_temp0.3_nodelim_norole_nocot,suas,,Per,fn,
qwen3_14b,participants,lusa_61,cls_exp_temp0.3_nodelim_norole_nocot,uma sala,N/A,Fac,tp,
qwen3_14b,participants,lusa_61,cls_exp_temp0.3_nodelim_norole_nocot,19 pessoas,N/A,Per,tp,
qwen3_14b,participants,lusa_61,cls_exp_temp0.3_nodelim_norole_nocot,o ministério,N/A,Org,tp,
qwen3_14b,participants,lusa_61,cls_exp_temp0.3_nodelim_norole_nocot,a Mtavari TV,N/A,Org,tp,
qwen3_14b,participants,lusa_61,cls_exp_temp0.3_nodelim_norole_nocot,Um homem armado,Per,Per,tp,
qwen3_14b,participants,lusa_61,cls_exp_temp0.3_nodelim_norole_nocot,reféns,Per,Per,tp,
qwen3_14b,participants,lusa_61,cls_exp_temp0.3_nodelim_norole_nocot,vários reféns,Per,Per,tp,
qwen3_14b,participants,lusa_61,cls_exp_temp0.3_nodelim_norole_nocot,O canal de televisão,N/A,Org,tp,
qwen3_14b,participants,lusa_61,cls_exp_temp0.3_nodelim_norole_nocot,pessoas,N/A,Per,tp,
qwen3_14b,participants,lusa_61,cls_exp_temp0.3_nodelim_norole_nocot,o sequestrador,N/A,Per,tp,
qwen3_14b,participants,lusa_61,cls_exp_temp0.3_nodelim_norole_nocot,um homem,N/A,Per,tp,
qwen3_14b,participants,lusa_61,cls_exp_temp0.3_nodelim_norole_nocot,a sucursal bancária,N/A,Fac,tp,
qwen3_14b,participants,lusa_61,cls_exp_temp0.3_nodelim_norole_nocot,A polícia,N/A,Org,tp,
qwen3_14b,participants,lusa_61,cls_exp_temp0.3_nodelim_norole_nocot,o agressor,N/A,Per,tp,
qwen3_14b,participants,lusa_61,cls_exp_temp0.3_nodelim_norole_nocot,um vídeo,N/A,Other,tp,
qwen3_14b,participants,lusa_61,cls_exp_temp0.3_nodelim_norole_nocot,A Mtavari TV,N/A,Org,tp,
qwen3_14b,participants,lusa_61,cls_exp_temp0.3_nodelim_norole_nocot,uma granada de mão,N/A,Obj,tp,
qwen3_14b,participants,lusa_61,cls_exp_temp0.3_nodelim_norole_nocot,um banco,Fac,Org,tp,
qwen3_14b,participants,lusa_61,cls_exp_temp0.3_nodelim_norole_nocot,das instalações bancárias,N/A,,fp,
qwen3_14b,participants,lusa_61,cls_exp_temp0.3_nodelim_norole_nocot,região oeste,N/A,,fp,
qwen3_14b,participants,lusa_61,cls_exp_temp0.3_nodelim_norole_nocot,A televisão estatal da Geórgia,N/A,,fp,
qwen3_14b,participants,lusa_61,cls_exp_temp0.3_nodelim_norole_nocot,banco,N/A,,fp,
qwen3_14b,participants,lusa_61,cls_exp_temp0.3_nodelim_norole_nocot,Ministério do Interior da Geórgia,N/A,,fp,
qwen3_14b,participants,lusa_61,cls_exp_temp0.3_nodelim_norole_nocot,agressor,N/A,,fp,
qwen3_14b,participants,lusa_61,cls_exp_temp0.3_nodelim_norole_nocot,as autoridades desta ex-república soviética,Org,,fp,
qwen3_14b,participants,lusa_61,cls_exp_temp0.3_nodelim_norole_nocot,Zugdidi,N/A,,fp,
qwen3_14b,participants,lusa_61,cls_exp_temp0.3_nodelim_norole_nocot,uniforme militar,N/A,,fp,
qwen3_14b,participants,lusa_61,cls_exp_temp0.3_nodelim_norole_nocot,Geórgia,Loc,,fp,
qwen3_14b,participants,lusa_61,cls_exp_temp0.3_nodelim_norole_nocot,um dos reféns,N/A,,fp,
qwen3_14b,participants,lusa_61,cls_exp_temp0.3_nodelim_norole_nocot,espingarda,N/A,,fp,
qwen3_14b,participants,lusa_61,cls_exp_temp0.3_nodelim_norole_nocot,Homem armado,Per,,fp,
qwen3_14b,participants,lusa_61,cls_exp_temp0.3_nodelim_norole_nocot,que,,Other,fn,
qwen3_14b,participants,lusa_61,cls_exp_temp0.3_nodelim_norole_nocot,os reféns,,Per,fn,
qwen3_14b,participants,lusa_61,cls_exp_temp0.3_nodelim_norole_nocot,500.000 dólares (cerca de 420.000 euros),,Obj,fn,
qwen3_14b,participants,lusa_61,cls_exp_temp0.3_nodelim_norole_nocot,"o banco,",,Org,fn,
qwen3_14b,participants,lusa_61,cls_exp_temp0.3_nodelim_norole_nocot,rosto,,Other,fn,
qwen3_14b,participants,lusa_61,cls_exp_temp0.3_nodelim_norole_nocot,a Geórgia,,Pl_country,fn,
qwen3_14b,participants,lusa_61,cls_exp_temp0.3_nodelim_norole_nocot,a zona,,Pl_region,fn,
qwen3_14b,participants,lusa_61,cls_exp_temp0.3_nodelim_norole_nocot,O Ministério do Interior,,Per,fn,
qwen3_14b,participants,lusa_61,cls_exp_temp0.3_nodelim_norole_nocot,as autoridades,,Org,fn,
qwen3_14b,participants,lusa_61,cls_exp_temp0.3_nodelim_norole_nocot,dinheiro,,Obj,fn,
qwen3_14b,participants,lusa_61,cls_exp_temp0.3_nodelim_norole_nocot,a cidade de Zugdidi (região oeste),,Loc,fn,
qwen3_14b,participants,lusa_61,cls_exp_temp0.3_nodelim_norole_nocot,as instalações,,Fac,fn,
qwen3_14b,participants,lusa_61,cls_exp_temp0.3_nodelim_norole_nocot,o chão,,Loc,fn,
qwen3_14b,participants,lusa_61,cls_exp_temp0.3_nodelim_norole_nocot,um uniforme militar,,Other,fn,
qwen3_14b,participants,lusa_61,cls_exp_temp0.3_nodelim_norole_nocot,um,,Per,fn,
qwen3_14b,participants,lusa_61,cls_exp_temp0.3_nodelim_norole_nocot,quantas pessoas,,Per,fn,
qwen3_14b,participants,lusa_61,cls_exp_temp0.3_nodelim_norole_nocot,as instalações bancárias,,Fac,fn,
qwen3_14b,participants,lusa_61,cls_exp_temp0.3_nodelim_norole_nocot,esta ex-república soviética,,Loc,fn,
qwen3_14b,participants,lusa_61,cls_exp_temp0.3_nodelim_norole_nocot,número incerto,,Other,fn,
qwen3_14b,participants,lusa_61,cls_exp_temp0.3_nodelim_norole_nocot,uma espingarda,,Obj,fn,
qwen3_14b,participants,lusa_61,cls_exp_temp0.3_nodelim_norole_nocot,A televisão estatal,,Org,fn,
qwen3_14b,participants,lusa_61,cls_exp_temp0.3_nodelim_norole_nocot,quais,,Per,fn,
qwen3_14b,participants,lusa_61,cls_exp_temp0.3_nodelim_norole_nocot,onde,,Pl_region,fn,
qwen3_14b,participants,lusa_61,cls_exp_temp0.3_nodelim_norole_nocot,um comunicado,,Obj,fn,
qwen3_14b,participants,lusa_62,cls_exp_temp0.3_nodelim_norole_nocot,distrito de Viana do Castelo,N/A,Loc,tp,
qwen3_14b,participants,lusa_62,cls_exp_temp0.3_nodelim_norole_nocot,A fonte,N/A,Per,tp,
qwen3_14b,participants,lusa_62,cls_exp_temp0.3_nodelim_norole_nocot,Viana do Castelo,N/A,Pl_civil,tp,
qwen3_14b,participants,lusa_62,cls_exp_temp0.3_nodelim_norole_nocot,uma árvore,N/A,Nat,tp,
qwen3_14b,participants,lusa_62,cls_exp_temp0.3_nodelim_norole_nocot,Monção,N/A,Loc,tp,
qwen3_14b,participants,lusa_62,cls_exp_temp0.3_nodelim_norole_nocot,cinco viaturas,N/A,Obj,tp,
qwen3_14b,participants,lusa_62,cls_exp_temp0.3_nodelim_norole_nocot,o homem,N/A,Per,tp,
qwen3_14b,participants,lusa_62,cls_exp_temp0.3_nodelim_norole_nocot,uma equipa de psicólogos,N/A,Per,tp,
qwen3_14b,participants,lusa_62,cls_exp_temp0.3_nodelim_norole_nocot,o lugar de Barreiro,N/A,Pl_civil,tp,
qwen3_14b,participants,lusa_62,cls_exp_temp0.3_nodelim_norole_nocot,o médico,N/A,Per,tp,
qwen3_14b,participants,lusa_62,cls_exp_temp0.3_nodelim_norole_nocot,a árvore,N/A,Nat,tp,
qwen3_14b,participants,lusa_62,cls_exp_temp0.3_nodelim_norole_nocot,Um homem de 59 anos,N/A,Per,tp,
qwen3_14b,participants,lusa_62,cls_exp_temp0.3_nodelim_norole_nocot,duas ambulâncias,N/A,Obj,tp,
qwen3_14b,participants,lusa_62,cls_exp_temp0.3_nodelim_norole_nocot,Melgaço,N/A,Pl_civil,tp,
qwen3_14b,participants,lusa_62,cls_exp_temp0.3_nodelim_norole_nocot,Valença,N/A,Loc,tp,
qwen3_14b,participants,lusa_62,cls_exp_temp0.3_nodelim_norole_nocot,freguesia de Tangil,N/A,Pl_civil,tp,
qwen3_14b,participants,lusa_62,cls_exp_temp0.3_nodelim_norole_nocot,a fonte,N/A,Per,tp,
qwen3_14b,participants,lusa_62,cls_exp_temp0.3_nodelim_norole_nocot,Fonte do INEM,N/A,,fp,
qwen3_14b,participants,lusa_62,cls_exp_temp0.3_nodelim_norole_nocot,a ambulância de Suporte Imediato de Vida (SIV) de Melgaço,N/A,,fp,
qwen3_14b,participants,lusa_62,cls_exp_temp0.3_nodelim_norole_nocot,Bombeiros de Valença,N/A,,fp,
qwen3_14b,participants,lusa_62,cls_exp_temp0.3_nodelim_norole_nocot,Bombeiros de Monção,N/A,,fp,
qwen3_14b,participants,lusa_62,cls_exp_temp0.3_nodelim_norole_nocot,helicóptero,N/A,,fp,
qwen3_14b,participants,lusa_62,cls_exp_temp0.3_nodelim_norole_nocot,Homem,Per,,fp,
qwen3_14b,participants,lusa_62,cls_exp_temp0.3_nodelim_norole_nocot,árvore,N/A,,fp,
qwen3_14b,participants,lusa_62,cls_exp_temp0.3_nodelim_norole_nocot,Instituto Nacional de Emergência Médica (INEM),N/A,,fp,
qwen3_14b,participants,lusa_62,cls_exp_temp0.3_nodelim_norole_nocot,fonte da proteção civil,N/A,,fp,
qwen3_14b,participants,lusa_62,cls_exp_temp0.3_nodelim_norole_nocot,meio aéreo,N/A,,fp,
qwen3_14b,participants,lusa_62,cls_exp_temp0.3_nodelim_norole_nocot,INEM,N/A,,fp,
qwen3_14b,participants,lusa_62,cls_exp_temp0.3_nodelim_norole_nocot,operacionais dos Bombeiros de Monção e de Valença,N/A,,fp,
qwen3_14b,participants,lusa_62,cls_exp_temp0.3_nodelim_norole_nocot,Comando Distrital de Operações de Socorro (CDOS),N/A,,fp,
qwen3_14b,participants,lusa_62,cls_exp_temp0.3_nodelim_norole_nocot,Lusa,N/A,,fp,
qwen3_14b,participants,lusa_62,cls_exp_temp0.3_nodelim_norole_nocot,o INEM,,Org,fn,
qwen3_14b,participants,lusa_62,cls_exp_temp0.3_nodelim_norole_nocot,O INEM,,Org,fn,
qwen3_14b,participants,lusa_62,cls_exp_temp0.3_nodelim_norole_nocot,que,,Nat,fn,
qwen3_14b,participants,lusa_62,cls_exp_temp0.3_nodelim_norole_nocot,cima,,Other,fn,
qwen3_14b,participants,lusa_62,cls_exp_temp0.3_nodelim_norole_nocot,o meio aéreo,,Obj,fn,
qwen3_14b,participants,lusa_62,cls_exp_temp0.3_nodelim_norole_nocot,a ambulância de Suporte Imediato de Vida (SIV),,Obj,fn,
qwen3_14b,participants,lusa_62,cls_exp_temp0.3_nodelim_norole_nocot,o Comando Distrital de Operações de Socorro,,Org,fn,
qwen3_14b,participants,lusa_62,cls_exp_temp0.3_nodelim_norole_nocot,um total 16 operacionais,,Per,fn,
qwen3_14b,participants,lusa_62,cls_exp_temp0.3_nodelim_norole_nocot,o seu,,Nat,fn,
qwen3_14b,participants,lusa_62,cls_exp_temp0.3_nodelim_norole_nocot,os Bombeiros,,Org,fn,
qwen3_14b,participants,lusa_62,cls_exp_temp0.3_nodelim_norole_nocot,o helicóptero,,Obj,fn,
qwen3_14b,participants,lusa_62,cls_exp_temp0.3_nodelim_norole_nocot,Fonte,,Per,fn,
qwen3_14b,participants,lusa_62,cls_exp_temp0.3_nodelim_norole_nocot,o Instituto Nacional de Emergência Médica (INEM),,Loc,fn,
qwen3_14b,participants,lusa_62,cls_exp_temp0.3_nodelim_norole_nocot,o local,,Pl_civil,fn,
qwen3_14b,participants,lusa_62,cls_exp_temp0.3_nodelim_norole_nocot,CDOS,,Org,fn,
qwen3_14b,participants,lusa_62,cls_exp_temp0.3_nodelim_norole_nocot,dois feridos,,Per,fn,
qwen3_14b,participants,lusa_62,cls_exp_temp0.3_nodelim_norole_nocot,lhe,,Per,fn,
qwen3_14b,participants,lusa_62,cls_exp_temp0.3_nodelim_norole_nocot,fonte,,Per,fn,
qwen3_14b,participants,lusa_62,cls_exp_temp0.3_nodelim_norole_nocot,o Comando Distrital de Operações de Socorro (CDOS) de Viana do Castelo,,Org,fn,
qwen3_14b,participants,lusa_62,cls_exp_temp0.3_nodelim_norole_nocot,a Lusa,,Org,fn,
qwen3_14b,participants,lusa_62,cls_exp_temp0.3_nodelim_norole_nocot,a proteção civil,,Org,fn,
qwen3_14b,participants,lusa_63,cls_exp_temp0.3_nodelim_norole_nocot,o condutor,N/A,Per,tp,
qwen3_14b,participants,lusa_63,cls_exp_temp0.3_nodelim_norole_nocot,dois veículos ligeiros,N/A,Obj,tp,
qwen3_14b,participants,lusa_63,cls_exp_temp0.3_nodelim_norole_nocot,Viatodos,N/A,Pl_civil,tp,
qwen3_14b,participants,lusa_63,cls_exp_temp0.3_nodelim_norole_nocot,Um homem de 48 anos,N/A,Per,tp,
qwen3_14b,participants,lusa_63,cls_exp_temp0.3_nodelim_norole_nocot,Comando Distrital de Operações de Socorros (CDOS) de Braga,N/A,Org,tp,
qwen3_14b,participants,lusa_63,cls_exp_temp0.3_nodelim_norole_nocot,fonte,N/A,Per,tp,
qwen3_14b,participants,lusa_63,cls_exp_temp0.3_nodelim_norole_nocot,Braga,N/A,Pl_civil,tp,
qwen3_14b,participants,lusa_63,cls_exp_temp0.3_nodelim_norole_nocot,concelho de Barcelos,N/A,,fp,
qwen3_14b,participants,lusa_63,cls_exp_temp0.3_nodelim_norole_nocot,Homem de 48 anos,Per,,fp,
qwen3_14b,participants,lusa_63,cls_exp_temp0.3_nodelim_norole_nocot,vítima mortal,N/A,,fp,
qwen3_14b,participants,lusa_63,cls_exp_temp0.3_nodelim_norole_nocot,Bombeiros Voluntários de Viatodos,N/A,,fp,
qwen3_14b,participants,lusa_63,cls_exp_temp0.3_nodelim_norole_nocot,freguesia de Chorente,N/A,,fp,
qwen3_14b,participants,lusa_63,cls_exp_temp0.3_nodelim_norole_nocot,CDOS de Braga,N/A,,fp,
qwen3_14b,participants,lusa_63,cls_exp_temp0.3_nodelim_norole_nocot,Barcelos,Loc,,fp,
qwen3_14b,participants,lusa_63,cls_exp_temp0.3_nodelim_norole_nocot,uma colisão,N/A,,fp,
qwen3_14b,participants,lusa_63,cls_exp_temp0.3_nodelim_norole_nocot,um ferido ligeiro,N/A,,fp,
qwen3_14b,participants,lusa_63,cls_exp_temp0.3_nodelim_norole_nocot,Hospital de Barcelos,N/A,,fp,
qwen3_14b,participants,lusa_63,cls_exp_temp0.3_nodelim_norole_nocot,a freguesia de Chorente,,Loc,fn,
qwen3_14b,participants,lusa_63,cls_exp_temp0.3_nodelim_norole_nocot,o Hospital de Barcelos,,Loc,fn,
qwen3_14b,participants,lusa_63,cls_exp_temp0.3_nodelim_norole_nocot,os veículos,,Obj,fn,
qwen3_14b,participants,lusa_63,cls_exp_temp0.3_nodelim_norole_nocot,o CDOS de Braga,,Org,fn,
qwen3_14b,participants,lusa_63,cls_exp_temp0.3_nodelim_norole_nocot,os dois automóveis,,Obj,fn,
qwen3_14b,participants,lusa_63,cls_exp_temp0.3_nodelim_norole_nocot,os Bombeiros Voluntários de Viatodos,,Org,fn,
qwen3_14b,participants,lusa_63,cls_exp_temp0.3_nodelim_norole_nocot,o CDOS,,Org,fn,
qwen3_14b,participants,lusa_63,cls_exp_temp0.3_nodelim_norole_nocot,os Bombeiros Voluntários,,Org,fn,
qwen3_14b,participants,lusa_63,cls_exp_temp0.3_nodelim_norole_nocot,um,,Obj,fn,
qwen3_14b,participants,lusa_63,cls_exp_temp0.3_nodelim_norole_nocot,concelho de Barcelos (Braga),,Loc,fn,
qwen3_14b,participants,lusa_63,cls_exp_temp0.3_nodelim_norole_nocot,"um ferido ligeiro, com cerca de 20 anos de idade",,Per,fn,
qwen3_14b,participants,lusa_63,cls_exp_temp0.3_nodelim_norole_nocot,o Comando Distrital de Operações de Socorros,,Org,fn,
qwen3_14b,participants,lusa_63,cls_exp_temp0.3_nodelim_norole_nocot,A vítima mortal,,Per,fn,
qwen3_14b,participants,lusa_63,cls_exp_temp0.3_nodelim_norole_nocot,CDOS,,Org,fn,
qwen3_14b,participants,lusa_64,cls_exp_temp0.3_nodelim_norole_nocot,A PJ,N/A,Org,tp,
qwen3_14b,participants,lusa_64,cls_exp_temp0.3_nodelim_norole_nocot,Lisboa,N/A,Pl_capital,tp,
qwen3_14b,participants,lusa_64,cls_exp_temp0.3_nodelim_norole_nocot,aquela força policial,N/A,Org,tp,
qwen3_14b,participants,lusa_64,cls_exp_temp0.3_nodelim_norole_nocot,a droga,N/A,Obj,tp,
qwen3_14b,participants,lusa_64,cls_exp_temp0.3_nodelim_norole_nocot,o aeroporto internacional Osvaldo Vieira,N/A,Fac,tp,
qwen3_14b,participants,lusa_64,cls_exp_temp0.3_nodelim_norole_nocot,Bissau,N/A,Pl_country,tp,
qwen3_14b,participants,lusa_64,cls_exp_temp0.3_nodelim_norole_nocot,um homem,N/A,Per,tp,
qwen3_14b,participants,lusa_64,cls_exp_temp0.3_nodelim_norole_nocot,o comunicado,N/A,Obj,tp,
qwen3_14b,participants,lusa_64,cls_exp_temp0.3_nodelim_norole_nocot,três homens,N/A,Per,tp,
qwen3_14b,participants,lusa_64,cls_exp_temp0.3_nodelim_norole_nocot,o homem,N/A,Per,tp,
qwen3_14b,participants,lusa_64,cls_exp_temp0.3_nodelim_norole_nocot,A Polícia Judiciária da Guiné-Bissau,N/A,Org,tp,
qwen3_14b,participants,lusa_64,cls_exp_temp0.3_nodelim_norole_nocot,um cidadão luso-guineense,N/A,Per,tp,
qwen3_14b,participants,lusa_64,cls_exp_temp0.3_nodelim_norole_nocot,a PJ,N/A,Org,tp,
qwen3_14b,participants,lusa_64,cls_exp_temp0.3_nodelim_norole_nocot,três quilogramas de cocaína,N/A,,fp,
qwen3_14b,participants,lusa_64,cls_exp_temp0.3_nodelim_norole_nocot,PJ da Guiné-Bissau,N/A,,fp,
qwen3_14b,participants,lusa_64,cls_exp_temp0.3_nodelim_norole_nocot,aeroporto Osvaldo Vieira,N/A,,fp,
qwen3_14b,participants,lusa_64,cls_exp_temp0.3_nodelim_norole_nocot,três quilos de cocaína,N/A,,fp,
qwen3_14b,participants,lusa_64,cls_exp_temp0.3_nodelim_norole_nocot,homem,N/A,,fp,
qwen3_14b,participants,lusa_64,cls_exp_temp0.3_nodelim_norole_nocot,um quilograma de cocaína,N/A,,fp,
qwen3_14b,participants,lusa_64,cls_exp_temp0.3_nodelim_norole_nocot,no aeroporto,N/A,,fp,
qwen3_14b,participants,lusa_64,cls_exp_temp0.3_nodelim_norole_nocot,um outro cidadão luso-guineense,N/A,,fp,
qwen3_14b,participants,lusa_64,cls_exp_temp0.3_nodelim_norole_nocot,Ministério Público,N/A,,fp,
qwen3_14b,participants,lusa_64,cls_exp_temp0.3_nodelim_norole_nocot,aeroporto,N/A,,fp,
qwen3_14b,participants,lusa_64,cls_exp_temp0.3_nodelim_norole_nocot,três quilogramas,,Other,fn,
qwen3_14b,participants,lusa_64,cls_exp_temp0.3_nodelim_norole_nocot,droga,,Obj,fn,
qwen3_14b,participants,lusa_64,cls_exp_temp0.3_nodelim_norole_nocot,o aeroporto Osvaldo Vieira,,Fac,fn,
qwen3_14b,participants,lusa_64,cls_exp_temp0.3_nodelim_norole_nocot,comunicado,,Obj,fn,
qwen3_14b,participants,lusa_64,cls_exp_temp0.3_nodelim_norole_nocot,a sua,,Per,fn,
qwen3_14b,participants,lusa_64,cls_exp_temp0.3_nodelim_norole_nocot,"um outro cidadão luso-guineense, com 22 anos de idade",,Per,fn,
qwen3_14b,participants,lusa_64,cls_exp_temp0.3_nodelim_norole_nocot,cintura,,Other,fn,
qwen3_14b,participants,lusa_64,cls_exp_temp0.3_nodelim_norole_nocot,a Guiné-Bissau,,Pl_country,fn,
qwen3_14b,participants,lusa_64,cls_exp_temp0.3_nodelim_norole_nocot,o interior,,Fac,fn,
qwen3_14b,participants,lusa_64,cls_exp_temp0.3_nodelim_norole_nocot,"o homem, com 47 anos de idade",,Per,fn,
qwen3_14b,participants,lusa_64,cls_exp_temp0.3_nodelim_norole_nocot,o Ministério Público,,Org,fn,
qwen3_14b,participants,lusa_64,cls_exp_temp0.3_nodelim_norole_nocot,um quilograma,,Other,fn,
qwen3_14b,participants,lusa_64,cls_exp_temp0.3_nodelim_norole_nocot,cocaína,,Obj,fn,
qwen3_14b,participants,lusa_64,cls_exp_temp0.3_nodelim_norole_nocot,o aeroporto,,Fac,fn,
qwen3_14b,participants,lusa_64,cls_exp_temp0.3_nodelim_norole_nocot,A Polícia Judiciária,,Org,fn,
qwen3_14b,participants,lusa_65,cls_exp_temp0.3_nodelim_norole_nocot,Arcozelo,Loc,Loc,tp,
qwen3_14b,participants,lusa_65,cls_exp_temp0.3_nodelim_norole_nocot,Sapadores locais,Org,Org,tp,
qwen3_14b,participants,lusa_65,cls_exp_temp0.3_nodelim_norole_nocot,Um homem de 25 anos,Per,Per,tp,
qwen3_14b,participants,lusa_65,cls_exp_temp0.3_nodelim_norole_nocot,casa,N/A,Loc,tp,
qwen3_14b,participants,lusa_65,cls_exp_temp0.3_nodelim_norole_nocot,Vila Nova de Gaia,Loc,Loc,tp,
qwen3_14b,participants,lusa_65,cls_exp_temp0.3_nodelim_norole_nocot,o homem,N/A,Per,tp,
qwen3_14b,participants,lusa_65,cls_exp_temp0.3_nodelim_norole_nocot,a fonte,N/A,Per,tp,
qwen3_14b,participants,lusa_65,cls_exp_temp0.3_nodelim_norole_nocot,Centro Hospitalar de Vila Nova de Gaia/Espinho,N/A,Org,tp,
qwen3_14b,participants,lusa_65,cls_exp_temp0.3_nodelim_norole_nocot,à Lusa,Org,,fp,
qwen3_14b,participants,lusa_65,cls_exp_temp0.3_nodelim_norole_nocot,incêndio,N/A,,fp,
qwen3_14b,participants,lusa_65,cls_exp_temp0.3_nodelim_norole_nocot,fonte dos Sapadores locais,Per,,fp,
qwen3_14b,participants,lusa_65,cls_exp_temp0.3_nodelim_norole_nocot,sua casa,Fac,,fp,
qwen3_14b,participants,lusa_65,cls_exp_temp0.3_nodelim_norole_nocot,Homem de 25 anos,Per,,fp,
qwen3_14b,participants,lusa_65,cls_exp_temp0.3_nodelim_norole_nocot,Bombeiros da Aguda,N/A,,fp,
qwen3_14b,participants,lusa_65,cls_exp_temp0.3_nodelim_norole_nocot,Sapadores de Vila Nova de Gaia,N/A,,fp,
qwen3_14b,participants,lusa_65,cls_exp_temp0.3_nodelim_norole_nocot,membros superiores e inferiores,,Other,fn,
qwen3_14b,participants,lusa_65,cls_exp_temp0.3_nodelim_norole_nocot,cozinha,,Loc,fn,
qwen3_14b,participants,lusa_65,cls_exp_temp0.3_nodelim_norole_nocot,a Proteção Civil,,Org,fn,
qwen3_14b,participants,lusa_65,cls_exp_temp0.3_nodelim_norole_nocot,sua,,Per,fn,
qwen3_14b,participants,lusa_65,cls_exp_temp0.3_nodelim_norole_nocot,a habitação,,Loc,fn,
qwen3_14b,participants,lusa_65,cls_exp_temp0.3_nodelim_norole_nocot,que,,Nat,fn,
qwen3_14b,participants,lusa_65,cls_exp_temp0.3_nodelim_norole_nocot,fonte,,Per,fn,
qwen3_14b,participants,lusa_65,cls_exp_temp0.3_nodelim_norole_nocot,os Sapadores de Vila Nova de Gaia,,Org,fn,
qwen3_14b,participants,lusa_65,cls_exp_temp0.3_nodelim_norole_nocot,os Bombeiros da Aguda,,Org,fn,
qwen3_14b,participants,lusa_65,cls_exp_temp0.3_nodelim_norole_nocot,Lusa,,Org,fn,
qwen3_14b,participants,lusa_65,cls_exp_temp0.3_nodelim_norole_nocot,o local,,Loc,fn,
qwen3_14b,participants,lusa_65,cls_exp_temp0.3_nodelim_norole_nocot,chamas,,Nat,fn,
qwen3_14b,participants,lusa_66,cls_exp_temp0.3_nodelim_norole_nocot,a vítima,N/A,Per,tp,
qwen3_14b,participants,lusa_66,cls_exp_temp0.3_nodelim_norole_nocot,o arguido,N/A,Per,tp,
qwen3_14b,participants,lusa_66,cls_exp_temp0.3_nodelim_norole_nocot,companheira,N/A,Per,tp,
qwen3_14b,participants,lusa_66,cls_exp_temp0.3_nodelim_norole_nocot,ela,N/A,Per,tp,
qwen3_14b,participants,lusa_66,cls_exp_temp0.3_nodelim_norole_nocot,o MP,N/A,Org,tp,
qwen3_14b,participants,lusa_66,cls_exp_temp0.3_nodelim_norole_nocot,aquela procuradoria,N/A,Org,tp,
qwen3_14b,participants,lusa_66,cls_exp_temp0.3_nodelim_norole_nocot,MP,N/A,Org,tp,
qwen3_14b,participants,lusa_66,cls_exp_temp0.3_nodelim_norole_nocot,um homem,Per,Per,tp,
qwen3_14b,participants,lusa_66,cls_exp_temp0.3_nodelim_norole_nocot,Amares,Loc,Loc,tp,
qwen3_14b,participants,lusa_66,cls_exp_temp0.3_nodelim_norole_nocot,a Procuradoria-Geral Distrital do Porto,Org,Org,tp,
qwen3_14b,participants,lusa_66,cls_exp_temp0.3_nodelim_norole_nocot,a companheira,N/A,Per,tp,
qwen3_14b,participants,lusa_66,cls_exp_temp0.3_nodelim_norole_nocot,Braga,Loc,Pl_civil,tp,
qwen3_14b,participants,lusa_66,cls_exp_temp0.3_nodelim_norole_nocot,O MP,N/A,Org,tp,
qwen3_14b,participants,lusa_66,cls_exp_temp0.3_nodelim_norole_nocot,procuradoria,N/A,,fp,
qwen3_14b,participants,lusa_66,cls_exp_temp0.3_nodelim_norole_nocot,a sua companheira,N/A,,fp,
qwen3_14b,participants,lusa_66,cls_exp_temp0.3_nodelim_norole_nocot,homem,N/A,,fp,
qwen3_14b,participants,lusa_66,cls_exp_temp0.3_nodelim_norole_nocot,a filha da companheira,N/A,,fp,
qwen3_14b,participants,lusa_66,cls_exp_temp0.3_nodelim_norole_nocot,Ministério Público (MP) de Braga,Org,,fp,
qwen3_14b,participants,lusa_66,cls_exp_temp0.3_nodelim_norole_nocot,filha,N/A,,fp,
qwen3_14b,participants,lusa_66,cls_exp_temp0.3_nodelim_norole_nocot,O despacho,,Other,fn,
qwen3_14b,participants,lusa_66,cls_exp_temp0.3_nodelim_norole_nocot,a sua,,Org,fn,
qwen3_14b,participants,lusa_66,cls_exp_temp0.3_nodelim_norole_nocot,a Procuradoria-Geral Distrital,,Org,fn,
qwen3_14b,participants,lusa_66,cls_exp_temp0.3_nodelim_norole_nocot,O Ministério Público (MP) de Braga,,Org,fn,
qwen3_14b,participants,lusa_66,cls_exp_temp0.3_nodelim_norole_nocot,O Ministério Público,,Org,fn,
qwen3_14b,participants,lusa_66,cls_exp_temp0.3_nodelim_norole_nocot,os momentos,,Other,fn,
qwen3_14b,participants,lusa_66,cls_exp_temp0.3_nodelim_norole_nocot,10 anos,,Other,fn,
qwen3_14b,participants,lusa_66,cls_exp_temp0.3_nodelim_norole_nocot,o Porto,,Pl_civil,fn,
qwen3_14b,participants,lusa_66,cls_exp_temp0.3_nodelim_norole_nocot,nota,,Obj,fn,
qwen3_14b,participants,lusa_66,cls_exp_temp0.3_nodelim_norole_nocot,a filha,,Per,fn,
qwen3_14b,participants,lusa_66,cls_exp_temp0.3_nodelim_norole_nocot,sua,,Per,fn,
qwen3_14b,participants,lusa_66,cls_exp_temp0.3_nodelim_norole_nocot,crianças,,Per,fn,
qwen3_14b,participants,lusa_66,cls_exp_temp0.3_nodelim_norole_nocot,página,,Other,fn,
qwen3_14b,participants,lusa_68,cls_exp_temp0.3_nodelim_norole_nocot,Um homem de 84 anos,N/A,Per,tp,
qwen3_14b,participants,lusa_68,cls_exp_temp0.3_nodelim_norole_nocot,Vila Maior,N/A,Pl_civil,tp,
qwen3_14b,participants,lusa_68,cls_exp_temp0.3_nodelim_norole_nocot,distrito de Vila Real,N/A,Pl_civil,tp,
qwen3_14b,participants,lusa_68,cls_exp_temp0.3_nodelim_norole_nocot,concelho de Santa Marta de Penaguião,N/A,Pl_civil,tp,
qwen3_14b,participants,lusa_68,cls_exp_temp0.3_nodelim_norole_nocot,Vasco Correia,N/A,Per,tp,
qwen3_14b,participants,lusa_68,cls_exp_temp0.3_nodelim_norole_nocot,INEM,N/A,Org,tp,
qwen3_14b,participants,lusa_68,cls_exp_temp0.3_nodelim_norole_nocot,Santa Marta de Penaguião,N/A,Pl_civil,tp,
qwen3_14b,participants,lusa_68,cls_exp_temp0.3_nodelim_norole_nocot,GNR,N/A,Org,tp,
qwen3_14b,participants,lusa_68,cls_exp_temp0.3_nodelim_norole_nocot,o comandante dos bombeiros de Santa Marta de Penaguião,N/A,,fp,
qwen3_14b,participants,lusa_68,cls_exp_temp0.3_nodelim_norole_nocot,Viatura Médica de Emergência e Reanimação,N/A,,fp,
qwen3_14b,participants,lusa_68,cls_exp_temp0.3_nodelim_norole_nocot,a equipa da Viatura Médica de Emergência e Reanimação (VMER),N/A,,fp,
qwen3_14b,participants,lusa_68,cls_exp_temp0.3_nodelim_norole_nocot,Homem de 84 anos,N/A,,fp,
qwen3_14b,participants,lusa_68,cls_exp_temp0.3_nodelim_norole_nocot,seis operacionais dos bombeiros de Santa Marta de Penaguião,N/A,,fp,
qwen3_14b,participants,lusa_68,cls_exp_temp0.3_nodelim_norole_nocot,fonte da GNR,N/A,,fp,
qwen3_14b,participants,lusa_68,cls_exp_temp0.3_nodelim_norole_nocot,VMER,N/A,,fp,
qwen3_14b,participants,lusa_68,cls_exp_temp0.3_nodelim_norole_nocot,os bombeiros,,Org,fn,
qwen3_14b,participants,lusa_68,cls_exp_temp0.3_nodelim_norole_nocot,a equipa,,Per,fn,
qwen3_14b,participants,lusa_68,cls_exp_temp0.3_nodelim_norole_nocot,seis operacionais,,Per,fn,
qwen3_14b,participants,lusa_68,cls_exp_temp0.3_nodelim_norole_nocot,a Viatura Médica de Emergência e Reanimação (VMER),,Obj,fn,
qwen3_14b,participants,lusa_68,cls_exp_temp0.3_nodelim_norole_nocot,os bombeiros de Santa Marta de Penaguião,,Org,fn,
qwen3_14b,participants,lusa_68,cls_exp_temp0.3_nodelim_norole_nocot,que,,Org,fn,
qwen3_14b,participants,lusa_68,cls_exp_temp0.3_nodelim_norole_nocot,fonte,,Per,fn,
qwen3_14b,participants,lusa_68,cls_exp_temp0.3_nodelim_norole_nocot,a GNR,,Org,fn,
qwen3_14b,participants,lusa_68,cls_exp_temp0.3_nodelim_norole_nocot,três viaturas,,Obj,fn,
qwen3_14b,participants,lusa_68,cls_exp_temp0.3_nodelim_norole_nocot,o local,,Loc,fn,
qwen3_14b,participants,lusa_68,cls_exp_temp0.3_nodelim_norole_nocot,uma carinha,,Obj,fn,
qwen3_14b,participants,lusa_68,cls_exp_temp0.3_nodelim_norole_nocot,o comandante,,Per,fn,
qwen3_14b,participants,lusa_69,cls_exp_temp0.3_nodelim_norole_nocot,gasolina,N/A,Obj,tp,
qwen3_14b,participants,lusa_69,cls_exp_temp0.3_nodelim_norole_nocot,O homem de 58 anos,N/A,Per,tp,
qwen3_14b,participants,lusa_69,cls_exp_temp0.3_nodelim_norole_nocot,Um homem,N/A,Per,tp,
qwen3_14b,participants,lusa_69,cls_exp_temp0.3_nodelim_norole_nocot,Porto,Loc,Pl_civil,tp,
qwen3_14b,participants,lusa_69,cls_exp_temp0.3_nodelim_norole_nocot,Vila Nova de Famalicão,Loc,Pl_civil,tp,
qwen3_14b,participants,lusa_69,cls_exp_temp0.3_nodelim_norole_nocot,a vítima,N/A,Per,tp,
qwen3_14b,participants,lusa_69,cls_exp_temp0.3_nodelim_norole_nocot,Lusa,N/A,Org,tp,
qwen3_14b,participants,lusa_69,cls_exp_temp0.3_nodelim_norole_nocot,Famalicão,Loc,,fp,
qwen3_14b,participants,lusa_69,cls_exp_temp0.3_nodelim_norole_nocot,Vale de S.,N/A,,fp,
qwen3_14b,participants,lusa_69,cls_exp_temp0.3_nodelim_norole_nocot,fonte dos bombeiros locais,Per,,fp,
qwen3_14b,participants,lusa_69,cls_exp_temp0.3_nodelim_norole_nocot,bombeiros locais,Org,,fp,
qwen3_14b,participants,lusa_69,cls_exp_temp0.3_nodelim_norole_nocot,Homem,Per,,fp,
qwen3_14b,participants,lusa_69,cls_exp_temp0.3_nodelim_norole_nocot,Martinho,Per,,fp,
qwen3_14b,participants,lusa_69,cls_exp_temp0.3_nodelim_norole_nocot,Fonte dos Bombeiros Voluntários Famalicenses,N/A,,fp,
qwen3_14b,participants,lusa_69,cls_exp_temp0.3_nodelim_norole_nocot,o alerta,N/A,,fp,
qwen3_14b,participants,lusa_69,cls_exp_temp0.3_nodelim_norole_nocot,Bombeiros Voluntários Famalicenses,N/A,,fp,
qwen3_14b,participants,lusa_69,cls_exp_temp0.3_nodelim_norole_nocot,Hospital de São João,N/A,,fp,
qwen3_14b,participants,lusa_69,cls_exp_temp0.3_nodelim_norole_nocot,a Viatura Médica de Emergência e Reanimação (VMER),,Obj,fn,
qwen3_14b,participants,lusa_69,cls_exp_temp0.3_nodelim_norole_nocot,o Hospital de Famalicão,,Org,fn,
qwen3_14b,participants,lusa_69,cls_exp_temp0.3_nodelim_norole_nocot,os membros superiores,,Other,fn,
qwen3_14b,participants,lusa_69,cls_exp_temp0.3_nodelim_norole_nocot,a face,,Other,fn,
qwen3_14b,participants,lusa_69,cls_exp_temp0.3_nodelim_norole_nocot,o distrito de Braga,,Loc,fn,
qwen3_14b,participants,lusa_69,cls_exp_temp0.3_nodelim_norole_nocot,os bombeiros locais,,Org,fn,
qwen3_14b,participants,lusa_69,cls_exp_temp0.3_nodelim_norole_nocot,fonte,,Per,fn,
qwen3_14b,participants,lusa_69,cls_exp_temp0.3_nodelim_norole_nocot,Fonte,,Per,fn,
qwen3_14b,participants,lusa_69,cls_exp_temp0.3_nodelim_norole_nocot,os Bombeiros Voluntários Famalicenses,,Org,fn,
qwen3_14b,participants,lusa_69,cls_exp_temp0.3_nodelim_norole_nocot,Vale de S. Martinho,,Pl_civil,fn,
qwen3_14b,participants,lusa_69,cls_exp_temp0.3_nodelim_norole_nocot,o Hospital de São João,,Fac,fn,
qwen3_14b,participants,lusa_7,cls_exp_temp0.3_nodelim_norole_nocot,os filhos,N/A,Per,tp,
qwen3_14b,participants,lusa_7,cls_exp_temp0.3_nodelim_norole_nocot,a mulher,N/A,Per,tp,
qwen3_14b,participants,lusa_7,cls_exp_temp0.3_nodelim_norole_nocot,três filhos,N/A,Per,tp,
qwen3_14b,participants,lusa_7,cls_exp_temp0.3_nodelim_norole_nocot,os procuradores,N/A,Per,tp,
qwen3_14b,participants,lusa_7,cls_exp_temp0.3_nodelim_norole_nocot,os rapazes,N/A,Per,tp,
qwen3_14b,participants,lusa_7,cls_exp_temp0.3_nodelim_norole_nocot,o gabinete,N/A,Org,tp,
qwen3_14b,participants,lusa_7,cls_exp_temp0.3_nodelim_norole_nocot,a polícia,N/A,Org,tp,
qwen3_14b,participants,lusa_7,cls_exp_temp0.3_nodelim_norole_nocot,o homem,N/A,Per,tp,
qwen3_14b,participants,lusa_7,cls_exp_temp0.3_nodelim_norole_nocot,Um homem,N/A,Per,tp,
qwen3_14b,participants,lusa_7,cls_exp_temp0.3_nodelim_norole_nocot,Sonora,N/A,Pl_state,tp,
qwen3_14b,participants,lusa_7,cls_exp_temp0.3_nodelim_norole_nocot,Os procuradores,N/A,Per,tp,
qwen3_14b,participants,lusa_7,cls_exp_temp0.3_nodelim_norole_nocot,O suspeito,N/A,Per,tp,
qwen3_14b,participants,lusa_7,cls_exp_temp0.3_nodelim_norole_nocot,Hidalgo,N/A,Pl_civil,tp,
qwen3_14b,participants,lusa_7,cls_exp_temp0.3_nodelim_norole_nocot,as mortes,N/A,,fp,
qwen3_14b,participants,lusa_7,cls_exp_temp0.3_nodelim_norole_nocot,estado de Sonora (norte),N/A,,fp,
qwen3_14b,participants,lusa_7,cls_exp_temp0.3_nodelim_norole_nocot,o avô das crianças,N/A,,fp,
qwen3_14b,participants,lusa_7,cls_exp_temp0.3_nodelim_norole_nocot,mãe das crianças,N/A,,fp,
qwen3_14b,participants,lusa_7,cls_exp_temp0.3_nodelim_norole_nocot,México,N/A,,fp,
qwen3_14b,participants,lusa_7,cls_exp_temp0.3_nodelim_norole_nocot,pai,Per,,fp,
qwen3_14b,participants,lusa_7,cls_exp_temp0.3_nodelim_norole_nocot,filhos,Per,,fp,
qwen3_14b,participants,lusa_7,cls_exp_temp0.3_nodelim_norole_nocot,ao pai,N/A,,fp,
qwen3_14b,participants,lusa_7,cls_exp_temp0.3_nodelim_norole_nocot,norte do México,N/A,,fp,
qwen3_14b,participants,lusa_7,cls_exp_temp0.3_nodelim_norole_nocot,gabinete dos procuradores,N/A,,fp,
qwen3_14b,participants,lusa_7,cls_exp_temp0.3_nodelim_norole_nocot,a mãe das crianças,N/A,,fp,
qwen3_14b,participants,lusa_7,cls_exp_temp0.3_nodelim_norole_nocot,se,,Per,fn,
qwen3_14b,participants,lusa_7,cls_exp_temp0.3_nodelim_norole_nocot,o avô,,Per,fn,
qwen3_14b,participants,lusa_7,cls_exp_temp0.3_nodelim_norole_nocot,as crianças,,Per,fn,
qwen3_14b,participants,lusa_7,cls_exp_temp0.3_nodelim_norole_nocot,o México,,Pl_country,fn,
qwen3_14b,participants,lusa_7,cls_exp_temp0.3_nodelim_norole_nocot,a mãe,,Per,fn,
qwen3_14b,participants,lusa_7,cls_exp_temp0.3_nodelim_norole_nocot,O gabinete,,Org,fn,
qwen3_14b,participants,lusa_7,cls_exp_temp0.3_nodelim_norole_nocot,lhe,,Per,fn,
qwen3_14b,participants,lusa_7,cls_exp_temp0.3_nodelim_norole_nocot,"3,7 e 8 anos",,Other,fn,
qwen3_14b,participants,lusa_7,cls_exp_temp0.3_nodelim_norole_nocot,onde,,Pl_civil,fn,
qwen3_14b,participants,lusa_7,cls_exp_temp0.3_nodelim_norole_nocot,declaração,,Obj,fn,
qwen3_14b,participants,lusa_7,cls_exp_temp0.3_nodelim_norole_nocot,o norte,,Pl_civil,fn,
qwen3_14b,participants,lusa_7,cls_exp_temp0.3_nodelim_norole_nocot,o pai,,Per,fn,
qwen3_14b,participants,lusa_7,cls_exp_temp0.3_nodelim_norole_nocot,o estado de Sonora (norte),,Pl_state,fn,
qwen3_14b,participants,lusa_70,cls_exp_temp0.3_nodelim_norole_nocot,O detido,N/A,Per,tp,
qwen3_14b,participants,lusa_70,cls_exp_temp0.3_nodelim_norole_nocot,a mulher,N/A,Per,tp,
qwen3_14b,participants,lusa_70,cls_exp_temp0.3_nodelim_norole_nocot,o arguido,N/A,Per,tp,
qwen3_14b,participants,lusa_70,cls_exp_temp0.3_nodelim_norole_nocot,um trabalhador da construção civil,N/A,Per,tp,
qwen3_14b,participants,lusa_70,cls_exp_temp0.3_nodelim_norole_nocot,quem,N/A,Per,tp,
qwen3_14b,participants,lusa_70,cls_exp_temp0.3_nodelim_norole_nocot,Penafiel,N/A,Pl_civil,tp,
qwen3_14b,participants,lusa_70,cls_exp_temp0.3_nodelim_norole_nocot,uma arma branca,N/A,Obj,tp,
qwen3_14b,participants,lusa_70,cls_exp_temp0.3_nodelim_norole_nocot,a PJ,N/A,Org,tp,
qwen3_14b,participants,lusa_70,cls_exp_temp0.3_nodelim_norole_nocot,A Polícia Judiciária (PJ),N/A,Org,tp,
qwen3_14b,participants,lusa_70,cls_exp_temp0.3_nodelim_norole_nocot,A GNR,N/A,Org,tp,
qwen3_14b,participants,lusa_70,cls_exp_temp0.3_nodelim_norole_nocot,Os meios de socorro,N/A,Org,tp,
qwen3_14b,participants,lusa_70,cls_exp_temp0.3_nodelim_norole_nocot,a primeira força policial,N/A,Org,tp,
qwen3_14b,participants,lusa_70,cls_exp_temp0.3_nodelim_norole_nocot,a vítima,N/A,Per,tp,
qwen3_14b,participants,lusa_70,cls_exp_temp0.3_nodelim_norole_nocot,homem de Penafiel,N/A,,fp,
qwen3_14b,participants,lusa_70,cls_exp_temp0.3_nodelim_norole_nocot,a facada,N/A,,fp,
qwen3_14b,participants,lusa_70,cls_exp_temp0.3_nodelim_norole_nocot,a Diretoria do Norte da PJ,N/A,,fp,
qwen3_14b,participants,lusa_70,cls_exp_temp0.3_nodelim_norole_nocot,o homem de Penafiel,N/A,,fp,
qwen3_14b,participants,lusa_70,cls_exp_temp0.3_nodelim_norole_nocot,autoridade judiciária,N/A,,fp,
qwen3_14b,participants,lusa_70,cls_exp_temp0.3_nodelim_norole_nocot,a Diretoria do Norte daquela corporação,N/A,,fp,
qwen3_14b,participants,lusa_70,cls_exp_temp0.3_nodelim_norole_nocot,as manobras,N/A,,fp,
qwen3_14b,participants,lusa_70,cls_exp_temp0.3_nodelim_norole_nocot,PJ,N/A,,fp,
qwen3_14b,participants,lusa_70,cls_exp_temp0.3_nodelim_norole_nocot,o alegado homicida,N/A,,fp,
qwen3_14b,participants,lusa_70,cls_exp_temp0.3_nodelim_norole_nocot,o óbito,N/A,,fp,
qwen3_14b,participants,lusa_70,cls_exp_temp0.3_nodelim_norole_nocot,a Diretoria do Norte,,Org,fn,
qwen3_14b,participants,lusa_70,cls_exp_temp0.3_nodelim_norole_nocot,comunicado,,Obj,fn,
qwen3_14b,participants,lusa_70,cls_exp_temp0.3_nodelim_norole_nocot,concelho de Penafiel,,Pl_civil,fn,
qwen3_14b,participants,lusa_70,cls_exp_temp0.3_nodelim_norole_nocot,motivos fúteis,,Other,fn,
qwen3_14b,participants,lusa_70,cls_exp_temp0.3_nodelim_norole_nocot,a Diretoria,,Org,fn,
qwen3_14b,participants,lusa_70,cls_exp_temp0.3_nodelim_norole_nocot,a freguesia de Duas Igrejas,,Pl_civil,fn,
qwen3_14b,participants,lusa_70,cls_exp_temp0.3_nodelim_norole_nocot,o homem,,Per,fn,
qwen3_14b,participants,lusa_70,cls_exp_temp0.3_nodelim_norole_nocot,que,,Org,fn,
qwen3_14b,participants,lusa_70,cls_exp_temp0.3_nodelim_norole_nocot,"a vítima, de 74 anos",,Per,fn,
qwen3_14b,participants,lusa_70,cls_exp_temp0.3_nodelim_norole_nocot,o distrito do Porto,,Pl_civil,fn,
qwen3_14b,participants,lusa_70,cls_exp_temp0.3_nodelim_norole_nocot,o Norte,,Pl_region,fn,
qwen3_14b,participants,lusa_70,cls_exp_temp0.3_nodelim_norole_nocot,"o alegado homicida, de 72 anos",,Per,fn,
qwen3_14b,participants,lusa_70,cls_exp_temp0.3_nodelim_norole_nocot,o local,,Loc,fn,
qwen3_14b,participants,lusa_70,cls_exp_temp0.3_nodelim_norole_nocot,as medidas de coação,,Other,fn,
qwen3_14b,participants,lusa_70,cls_exp_temp0.3_nodelim_norole_nocot,os elementos,,Other,fn,
qwen3_14b,participants,lusa_70,cls_exp_temp0.3_nodelim_norole_nocot,aquela corporação,,Org,fn,
qwen3_14b,participants,lusa_71,cls_exp_temp0.3_nodelim_norole_nocot,o condutor,N/A,Per,tp,
qwen3_14b,participants,lusa_71,cls_exp_temp0.3_nodelim_norole_nocot,este homem,N/A,Per,tp,
qwen3_14b,participants,lusa_71,cls_exp_temp0.3_nodelim_norole_nocot,o automóvel,N/A,Obj,tp,
qwen3_14b,participants,lusa_71,cls_exp_temp0.3_nodelim_norole_nocot,Lisboa,N/A,Pl_capital,tp,
qwen3_14b,participants,lusa_71,cls_exp_temp0.3_nodelim_norole_nocot,uma viatura,N/A,Obj,tp,
qwen3_14b,participants,lusa_71,cls_exp_temp0.3_nodelim_norole_nocot,a polícia,N/A,Org,tp,
qwen3_14b,participants,lusa_71,cls_exp_temp0.3_nodelim_norole_nocot,um homem,N/A,Per,tp,
qwen3_14b,participants,lusa_71,cls_exp_temp0.3_nodelim_norole_nocot,Rádio Renascença,N/A,Org,tp,
qwen3_14b,participants,lusa_71,cls_exp_temp0.3_nodelim_norole_nocot,o homem,N/A,Per,tp,
qwen3_14b,participants,lusa_71,cls_exp_temp0.3_nodelim_norole_nocot,Um homem,N/A,Per,tp,
qwen3_14b,participants,lusa_71,cls_exp_temp0.3_nodelim_norole_nocot,a PSP,N/A,Org,tp,
qwen3_14b,participants,lusa_71,cls_exp_temp0.3_nodelim_norole_nocot,A polícia,N/A,Org,tp,
qwen3_14b,participants,lusa_71,cls_exp_temp0.3_nodelim_norole_nocot,um automóvel,N/A,Obj,tp,
qwen3_14b,participants,lusa_71,cls_exp_temp0.3_nodelim_norole_nocot,O condutor,N/A,Per,tp,
qwen3_14b,participants,lusa_71,cls_exp_temp0.3_nodelim_norole_nocot,Estádio da Luz,N/A,,fp,
qwen3_14b,participants,lusa_71,cls_exp_temp0.3_nodelim_norole_nocot,Homem,N/A,,fp,
qwen3_14b,participants,lusa_71,cls_exp_temp0.3_nodelim_norole_nocot,automóvel,N/A,,fp,
qwen3_14b,participants,lusa_71,cls_exp_temp0.3_nodelim_norole_nocot,freguesia de São Domingos de Benfica,N/A,,fp,
qwen3_14b,participants,lusa_71,cls_exp_temp0.3_nodelim_norole_nocot,Cometlis,N/A,,fp,
qwen3_14b,participants,lusa_71,cls_exp_temp0.3_nodelim_norole_nocot,estádio do Benfica,N/A,,fp,
qwen3_14b,participants,lusa_71,cls_exp_temp0.3_nodelim_norole_nocot,à agência Lusa,N/A,,fp,
qwen3_14b,participants,lusa_71,cls_exp_temp0.3_nodelim_norole_nocot,fonte do Comando Metropolitano de Lisboa (Cometlis) da PSP,N/A,,fp,
qwen3_14b,participants,lusa_71,cls_exp_temp0.3_nodelim_norole_nocot,o incidente,N/A,,fp,
qwen3_14b,participants,lusa_71,cls_exp_temp0.3_nodelim_norole_nocot,a infração,N/A,,fp,
qwen3_14b,participants,lusa_71,cls_exp_temp0.3_nodelim_norole_nocot,Comando Metropolitano de Lisboa (Cometlis) da PSP,N/A,,fp,
qwen3_14b,participants,lusa_71,cls_exp_temp0.3_nodelim_norole_nocot,o relvado,N/A,,fp,
qwen3_14b,participants,lusa_71,cls_exp_temp0.3_nodelim_norole_nocot,as instalações do estádio,,Fac,fn,
qwen3_14b,participants,lusa_71,cls_exp_temp0.3_nodelim_norole_nocot,as instalações do Estádio da Luz,,Fac,fn,
qwen3_14b,participants,lusa_71,cls_exp_temp0.3_nodelim_norole_nocot,O Cometlis,,Org,fn,
qwen3_14b,participants,lusa_71,cls_exp_temp0.3_nodelim_norole_nocot,o Benfica,,Org,fn,
qwen3_14b,participants,lusa_71,cls_exp_temp0.3_nodelim_norole_nocot,o Comando Metropolitano,,Org,fn,
qwen3_14b,participants,lusa_71,cls_exp_temp0.3_nodelim_norole_nocot,informações,,Other,fn,
qwen3_14b,participants,lusa_71,cls_exp_temp0.3_nodelim_norole_nocot,que,,Org,fn,
qwen3_14b,participants,lusa_71,cls_exp_temp0.3_nodelim_norole_nocot,relvado,,Other,fn,
qwen3_14b,participants,lusa_71,cls_exp_temp0.3_nodelim_norole_nocot,fonte,,Per,fn,
qwen3_14b,participants,lusa_71,cls_exp_temp0.3_nodelim_norole_nocot,agência Lusa,,Org,fn,
qwen3_14b,participants,lusa_71,cls_exp_temp0.3_nodelim_norole_nocot,onde,,Loc,fn,
qwen3_14b,participants,lusa_71,cls_exp_temp0.3_nodelim_norole_nocot,A notícia,,Other,fn,
qwen3_14b,participants,lusa_71,cls_exp_temp0.3_nodelim_norole_nocot,o Estádio da Luz,,Fac,fn,
qwen3_14b,participants,lusa_71,cls_exp_temp0.3_nodelim_norole_nocot,o Comando Metropolitano de Lisboa (Cometlis),,Org,fn,
qwen3_14b,participants,lusa_71,cls_exp_temp0.3_nodelim_norole_nocot,a freguesia de São Domingos de Benfica,,Pl_civil,fn,
qwen3_14b,participants,lusa_72,cls_exp_temp0.3_nodelim_norole_nocot,nove operacionais,N/A,Per,tp,
qwen3_14b,participants,lusa_72,cls_exp_temp0.3_nodelim_norole_nocot,quatro veículos,N/A,Obj,tp,
qwen3_14b,participants,lusa_72,cls_exp_temp0.3_nodelim_norole_nocot,o homem,N/A,Per,tp,
qwen3_14b,participants,lusa_72,cls_exp_temp0.3_nodelim_norole_nocot,fonte,N/A,Per,tp,
qwen3_14b,participants,lusa_72,cls_exp_temp0.3_nodelim_norole_nocot,agência Lusa,N/A,Org,tp,
qwen3_14b,participants,lusa_72,cls_exp_temp0.3_nodelim_norole_nocot,concelho de Tondela,N/A,Loc,tp,
qwen3_14b,participants,lusa_72,cls_exp_temp0.3_nodelim_norole_nocot,ribeira,N/A,,fp,
qwen3_14b,participants,lusa_72,cls_exp_temp0.3_nodelim_norole_nocot,aldeia,N/A,,fp,
qwen3_14b,participants,lusa_72,cls_exp_temp0.3_nodelim_norole_nocot,Homem,N/A,,fp,
qwen3_14b,participants,lusa_72,cls_exp_temp0.3_nodelim_norole_nocot,Comando Territorial da GNR de Viseu,N/A,,fp,
qwen3_14b,participants,lusa_72,cls_exp_temp0.3_nodelim_norole_nocot,homem,N/A,,fp,
qwen3_14b,participants,lusa_72,cls_exp_temp0.3_nodelim_norole_nocot,Tondela,N/A,,fp,
qwen3_14b,participants,lusa_72,cls_exp_temp0.3_nodelim_norole_nocot,Comando Distrital de Operações de Socorro de Viseu,N/A,,fp,
qwen3_14b,participants,lusa_72,cls_exp_temp0.3_nodelim_norole_nocot,aldeia de Fráguas,N/A,,fp,
qwen3_14b,participants,lusa_72,cls_exp_temp0.3_nodelim_norole_nocot,fonte da GNR,N/A,,fp,
qwen3_14b,participants,lusa_72,cls_exp_temp0.3_nodelim_norole_nocot,Viseu,,Pl_civil,fn,
qwen3_14b,participants,lusa_72,cls_exp_temp0.3_nodelim_norole_nocot,o Comando Distrital de Operações de Socorro,,Org,fn,
qwen3_14b,participants,lusa_72,cls_exp_temp0.3_nodelim_norole_nocot,a ribeira,,Nat,fn,
qwen3_14b,participants,lusa_72,cls_exp_temp0.3_nodelim_norole_nocot,a mesma fonte,,Per,fn,
qwen3_14b,participants,lusa_72,cls_exp_temp0.3_nodelim_norole_nocot,o corpo,,Other,fn,
qwen3_14b,participants,lusa_72,cls_exp_temp0.3_nodelim_norole_nocot,o Comando Territorial da GNR de Viseu,,Org,fn,
qwen3_14b,participants,lusa_72,cls_exp_temp0.3_nodelim_norole_nocot,a via,,Other,fn,
qwen3_14b,participants,lusa_72,cls_exp_temp0.3_nodelim_norole_nocot,a berma,,Other,fn,
qwen3_14b,participants,lusa_72,cls_exp_temp0.3_nodelim_norole_nocot,o Comando Distrital de Operações de Socorro de Viseu,,Org,fn,
qwen3_14b,participants,lusa_72,cls_exp_temp0.3_nodelim_norole_nocot,o Comando Territorial,,Org,fn,
qwen3_14b,participants,lusa_72,cls_exp_temp0.3_nodelim_norole_nocot,uma ribeira,,Nat,fn,
qwen3_14b,participants,lusa_72,cls_exp_temp0.3_nodelim_norole_nocot,o contexto,,Other,fn,
qwen3_14b,participants,lusa_72,cls_exp_temp0.3_nodelim_norole_nocot,a aldeia de Fráguas,,Pl_civil,fn,
qwen3_14b,participants,lusa_72,cls_exp_temp0.3_nodelim_norole_nocot,a GNR,,Org,fn,
qwen3_14b,participants,lusa_72,cls_exp_temp0.3_nodelim_norole_nocot,Um homem de 54 anos,,Per,fn,
qwen3_14b,participants,lusa_72,cls_exp_temp0.3_nodelim_norole_nocot,o Instituto Nacional de Medicina Legal,,Org,fn,
qwen3_14b,participants,lusa_72,cls_exp_temp0.3_nodelim_norole_nocot,cerca de dois metros,,Other,fn,
qwen3_14b,participants,lusa_72,cls_exp_temp0.3_nodelim_norole_nocot,o local,,Loc,fn,
qwen3_14b,participants,lusa_73,cls_exp_temp0.3_nodelim_norole_nocot,Carlos Lima,N/A,Per,tp,
qwen3_14b,participants,lusa_73,cls_exp_temp0.3_nodelim_norole_nocot,a Viatura de Emergência Médica (VMER) de Viana do Castelo,N/A,Obj,tp,
qwen3_14b,participants,lusa_73,cls_exp_temp0.3_nodelim_norole_nocot,Um homem de 60 anos,N/A,Per,tp,
qwen3_14b,participants,lusa_73,cls_exp_temp0.3_nodelim_norole_nocot,dois operacionais,N/A,Per,tp,
qwen3_14b,participants,lusa_73,cls_exp_temp0.3_nodelim_norole_nocot,um andaime,N/A,Obj,tp,
qwen3_14b,participants,lusa_73,cls_exp_temp0.3_nodelim_norole_nocot,o homem,N/A,Per,tp,
qwen3_14b,participants,lusa_73,cls_exp_temp0.3_nodelim_norole_nocot,fonte,N/A,Per,tp,
qwen3_14b,participants,lusa_73,cls_exp_temp0.3_nodelim_norole_nocot,a GNR,N/A,Org,tp,
qwen3_14b,participants,lusa_73,cls_exp_temp0.3_nodelim_norole_nocot,Ponte de Lima,N/A,Pl_civil,tp,
qwen3_14b,participants,lusa_73,cls_exp_temp0.3_nodelim_norole_nocot,uma viatura dos bombeiros,N/A,,fp,
qwen3_14b,participants,lusa_73,cls_exp_temp0.3_nodelim_norole_nocot,para o hospital de Braga,N/A,,fp,
qwen3_14b,participants,lusa_73,cls_exp_temp0.3_nodelim_norole_nocot,o comandante dos Bombeiros de Ponte de Lima,N/A,,fp,
qwen3_14b,participants,lusa_73,cls_exp_temp0.3_nodelim_norole_nocot,distrito de Viana do Castelo,N/A,,fp,
qwen3_14b,participants,lusa_73,cls_exp_temp0.3_nodelim_norole_nocot,Homem,Per,,fp,
qwen3_14b,participants,lusa_73,cls_exp_temp0.3_nodelim_norole_nocot,andaime,Obj,,fp,
qwen3_14b,participants,lusa_73,cls_exp_temp0.3_nodelim_norole_nocot,obra,N/A,,fp,
qwen3_14b,participants,lusa_73,cls_exp_temp0.3_nodelim_norole_nocot,SIV,N/A,,fp,
qwen3_14b,participants,lusa_73,cls_exp_temp0.3_nodelim_norole_nocot,em Ponte de Lima,Loc,,fp,
qwen3_14b,participants,lusa_73,cls_exp_temp0.3_nodelim_norole_nocot,pela ambulância de Suporte Imediato de Vida (SIV),N/A,,fp,
qwen3_14b,participants,lusa_73,cls_exp_temp0.3_nodelim_norole_nocot,o comandante dos bombeiros locais,N/A,,fp,
qwen3_14b,participants,lusa_73,cls_exp_temp0.3_nodelim_norole_nocot,À Lusa,N/A,,fp,
qwen3_14b,participants,lusa_73,cls_exp_temp0.3_nodelim_norole_nocot,freguesia de Ribeira,N/A,,fp,
qwen3_14b,participants,lusa_73,cls_exp_temp0.3_nodelim_norole_nocot,Bombeiros de Ponte de Lima,N/A,,fp,
qwen3_14b,participants,lusa_73,cls_exp_temp0.3_nodelim_norole_nocot,pela agência Lusa,N/A,,fp,
qwen3_14b,participants,lusa_73,cls_exp_temp0.3_nodelim_norole_nocot,Comando Distrital de Operações de Socorro (CDOS),N/A,,fp,
qwen3_14b,participants,lusa_73,cls_exp_temp0.3_nodelim_norole_nocot,obra de construção civil,N/A,,fp,
qwen3_14b,participants,lusa_73,cls_exp_temp0.3_nodelim_norole_nocot,a Viatura de Emergência Médica (VMER),,Obj,fn,
qwen3_14b,participants,lusa_73,cls_exp_temp0.3_nodelim_norole_nocot,Viana do Castelo,,Pl_civil,fn,
qwen3_14b,participants,lusa_73,cls_exp_temp0.3_nodelim_norole_nocot,os Bombeiros de Ponte de Lima,,Org,fn,
qwen3_14b,participants,lusa_73,cls_exp_temp0.3_nodelim_norole_nocot,o Comando Distrital de Operações de Socorro (CDOS),,Org,fn,
qwen3_14b,participants,lusa_73,cls_exp_temp0.3_nodelim_norole_nocot,o hospital,,Org,fn,
qwen3_14b,participants,lusa_73,cls_exp_temp0.3_nodelim_norole_nocot,a ambulância de Suporte Imediato de Vida (SIV),,Obj,fn,
qwen3_14b,participants,lusa_73,cls_exp_temp0.3_nodelim_norole_nocot,a freguesia de Ribeira,,Pl_civil,fn,
qwen3_14b,participants,lusa_73,cls_exp_temp0.3_nodelim_norole_nocot,"""três a quatro metros"" de altura",,Other,fn,
qwen3_14b,participants,lusa_73,cls_exp_temp0.3_nodelim_norole_nocot,uma viatura,,Obj,fn,
qwen3_14b,participants,lusa_73,cls_exp_temp0.3_nodelim_norole_nocot,os Bombeiros,,Org,fn,
qwen3_14b,participants,lusa_73,cls_exp_temp0.3_nodelim_norole_nocot,os bombeiros,,Org,fn,
qwen3_14b,participants,lusa_73,cls_exp_temp0.3_nodelim_norole_nocot,o local,,Loc,fn,
qwen3_14b,participants,lusa_73,cls_exp_temp0.3_nodelim_norole_nocot,o comandante,,Per,fn,
qwen3_14b,participants,lusa_73,cls_exp_temp0.3_nodelim_norole_nocot,Lusa,,Org,fn,
qwen3_14b,participants,lusa_73,cls_exp_temp0.3_nodelim_norole_nocot,os bombeiros locais,,Org,fn,
qwen3_14b,participants,lusa_73,cls_exp_temp0.3_nodelim_norole_nocot,uma obra,,Other,fn,
qwen3_14b,participants,lusa_73,cls_exp_temp0.3_nodelim_norole_nocot,a agência Lusa,,Org,fn,
qwen3_14b,participants,lusa_73,cls_exp_temp0.3_nodelim_norole_nocot,o distrito de Viana do Castelo,,Pl_civil,fn,
qwen3_14b,participants,lusa_73,cls_exp_temp0.3_nodelim_norole_nocot,o hospital de Braga,,Org,fn,
qwen3_14b,participants,lusa_73,cls_exp_temp0.3_nodelim_norole_nocot,Braga,,Pl_civil,fn,
qwen3_14b,participants,lusa_73,cls_exp_temp0.3_nodelim_norole_nocot,a SIV,,Obj,fn,
qwen3_14b,participants,lusa_74,cls_exp_temp0.3_nodelim_norole_nocot,o detido,N/A,Per,tp,
qwen3_14b,participants,lusa_74,cls_exp_temp0.3_nodelim_norole_nocot,Valongo,N/A,Loc,tp,
qwen3_14b,participants,lusa_74,cls_exp_temp0.3_nodelim_norole_nocot,o arguido,N/A,Per,tp,
qwen3_14b,participants,lusa_74,cls_exp_temp0.3_nodelim_norole_nocot,a mãe,N/A,Per,tp,
qwen3_14b,participants,lusa_74,cls_exp_temp0.3_nodelim_norole_nocot,o homem,N/A,Per,tp,
qwen3_14b,participants,lusa_74,cls_exp_temp0.3_nodelim_norole_nocot,a GNR,N/A,Org,tp,
qwen3_14b,participants,lusa_74,cls_exp_temp0.3_nodelim_norole_nocot,os militares,N/A,Per,tp,
qwen3_14b,participants,lusa_74,cls_exp_temp0.3_nodelim_norole_nocot,esta força policial,N/A,Org,tp,
qwen3_14b,participants,lusa_74,cls_exp_temp0.3_nodelim_norole_nocot,Homem,N/A,,fp,
qwen3_14b,participants,lusa_74,cls_exp_temp0.3_nodelim_norole_nocot,a GNR do Porto,N/A,,fp,
qwen3_14b,participants,lusa_74,cls_exp_temp0.3_nodelim_norole_nocot,Um homem,N/A,,fp,
qwen3_14b,participants,lusa_74,cls_exp_temp0.3_nodelim_norole_nocot,dinheiro,,Obj,fn,
qwen3_14b,participants,lusa_74,cls_exp_temp0.3_nodelim_norole_nocot,comunicado,,Obj,fn,
qwen3_14b,participants,lusa_74,cls_exp_temp0.3_nodelim_norole_nocot,"a mãe, de 57",,Per,fn,
qwen3_14b,participants,lusa_74,cls_exp_temp0.3_nodelim_norole_nocot,este,,Per,fn,
qwen3_14b,participants,lusa_74,cls_exp_temp0.3_nodelim_norole_nocot,quem,,Per,fn,
qwen3_14b,participants,lusa_74,cls_exp_temp0.3_nodelim_norole_nocot,lhe,,Per,fn,
qwen3_14b,participants,lusa_74,cls_exp_temp0.3_nodelim_norole_nocot,a,,Per,fn,
qwen3_14b,participants,lusa_74,cls_exp_temp0.3_nodelim_norole_nocot,Um homem de 33 anos,,Per,fn,
qwen3_14b,participants,lusa_74,cls_exp_temp0.3_nodelim_norole_nocot,seu,,Per,fn,
qwen3_14b,participants,lusa_74,cls_exp_temp0.3_nodelim_norole_nocot,bens,,Obj,fn,
qwen3_14b,participants,lusa_74,cls_exp_temp0.3_nodelim_norole_nocot,drogas,,Obj,fn,
qwen3_14b,participants,lusa_74,cls_exp_temp0.3_nodelim_norole_nocot,onde,,Loc,fn,
qwen3_14b,participants,lusa_74,cls_exp_temp0.3_nodelim_norole_nocot,o local,,Loc,fn,
qwen3_14b,participants,lusa_74,cls_exp_temp0.3_nodelim_norole_nocot,as medidas de coação,,Other,fn,
qwen3_14b,participants,lusa_74,cls_exp_temp0.3_nodelim_norole_nocot,residência,,Loc,fn,
qwen3_14b,participants,lusa_74,cls_exp_temp0.3_nodelim_norole_nocot,GNR do Porto,,Org,fn,
qwen3_14b,participants,lusa_74,cls_exp_temp0.3_nodelim_norole_nocot,alimentação,,Obj,fn,
qwen3_14b,participants,lusa_75,cls_exp_temp0.3_nodelim_norole_nocot,Carreiras,Loc,Loc,tp,
qwen3_14b,participants,lusa_75,cls_exp_temp0.3_nodelim_norole_nocot,populares,N/A,Per,tp,
qwen3_14b,participants,lusa_75,cls_exp_temp0.3_nodelim_norole_nocot,a mesma fonte,N/A,Per,tp,
qwen3_14b,participants,lusa_75,cls_exp_temp0.3_nodelim_norole_nocot,automóvel,N/A,Obj,tp,
qwen3_14b,participants,lusa_75,cls_exp_temp0.3_nodelim_norole_nocot,Um homem de 61 anos,Per,Per,tp,
qwen3_14b,participants,lusa_75,cls_exp_temp0.3_nodelim_norole_nocot,o homem,N/A,Per,tp,
qwen3_14b,participants,lusa_75,cls_exp_temp0.3_nodelim_norole_nocot,agência Lusa,Org,Org,tp,
qwen3_14b,participants,lusa_75,cls_exp_temp0.3_nodelim_norole_nocot,fonte,Per,Per,tp,
qwen3_14b,participants,lusa_75,cls_exp_temp0.3_nodelim_norole_nocot,a GNR,N/A,Org,tp,
qwen3_14b,participants,lusa_75,cls_exp_temp0.3_nodelim_norole_nocot,GNR,Org,Org,tp,
qwen3_14b,participants,lusa_75,cls_exp_temp0.3_nodelim_norole_nocot,Os militares da GNR,N/A,,fp,
qwen3_14b,participants,lusa_75,cls_exp_temp0.3_nodelim_norole_nocot,Homem de 61 anos,N/A,,fp,
qwen3_14b,participants,lusa_75,cls_exp_temp0.3_nodelim_norole_nocot,a localidade,Loc,,fp,
qwen3_14b,participants,lusa_75,cls_exp_temp0.3_nodelim_norole_nocot,a fonte da guarda,N/A,,fp,
qwen3_14b,participants,lusa_75,cls_exp_temp0.3_nodelim_norole_nocot,o seu veículo,N/A,,fp,
qwen3_14b,participants,lusa_75,cls_exp_temp0.3_nodelim_norole_nocot,seu automóvel,Obj,,fp,
qwen3_14b,participants,lusa_75,cls_exp_temp0.3_nodelim_norole_nocot,Portalegre,N/A,,fp,
qwen3_14b,participants,lusa_75,cls_exp_temp0.3_nodelim_norole_nocot,a fonte da força de segurança,N/A,,fp,
qwen3_14b,participants,lusa_75,cls_exp_temp0.3_nodelim_norole_nocot,a Polícia Judiciária,N/A,,fp,
qwen3_14b,participants,lusa_75,cls_exp_temp0.3_nodelim_norole_nocot,no concelho de Portalegre,Loc,,fp,
qwen3_14b,participants,lusa_75,cls_exp_temp0.3_nodelim_norole_nocot,fonte da GNR,Per,,fp,
qwen3_14b,participants,lusa_75,cls_exp_temp0.3_nodelim_norole_nocot,hospital de Portalegre,,Org,fn,
qwen3_14b,participants,lusa_75,cls_exp_temp0.3_nodelim_norole_nocot,veículo,,Obj,fn,
qwen3_14b,participants,lusa_75,cls_exp_temp0.3_nodelim_norole_nocot,o interior,,Other,fn,
qwen3_14b,participants,lusa_75,cls_exp_temp0.3_nodelim_norole_nocot,o serviço de Medicina Legal,,Org,fn,
qwen3_14b,participants,lusa_75,cls_exp_temp0.3_nodelim_norole_nocot,o corpo,,Other,fn,
qwen3_14b,participants,lusa_75,cls_exp_temp0.3_nodelim_norole_nocot,concelho de Portalegre,,Loc,fn,
qwen3_14b,participants,lusa_75,cls_exp_temp0.3_nodelim_norole_nocot,seu,,Per,fn,
qwen3_14b,participants,lusa_75,cls_exp_temp0.3_nodelim_norole_nocot,guarda,,Org,fn,
qwen3_14b,participants,lusa_75,cls_exp_temp0.3_nodelim_norole_nocot,que,,Org,fn,
qwen3_14b,participants,lusa_75,cls_exp_temp0.3_nodelim_norole_nocot,Os militares,,Per,fn,
qwen3_14b,participants,lusa_75,cls_exp_temp0.3_nodelim_norole_nocot,a fonte,,Per,fn,
qwen3_14b,participants,lusa_75,cls_exp_temp0.3_nodelim_norole_nocot,força de segurança,,Org,fn,
qwen3_14b,participants,lusa_75,cls_exp_temp0.3_nodelim_norole_nocot,Comando Distrital de Operações de Socorro (CDOS) de Portalegre,,Org,fn,
qwen3_14b,participants,lusa_75,cls_exp_temp0.3_nodelim_norole_nocot,o local,,Loc,fn,
qwen3_14b,participants,lusa_75,cls_exp_temp0.3_nodelim_norole_nocot,aquela localidade,,Loc,fn,
qwen3_14b,participants,lusa_75,cls_exp_temp0.3_nodelim_norole_nocot,Polícia Judiciária,,Org,fn,
qwen3_14b,participants,lusa_75,cls_exp_temp0.3_nodelim_norole_nocot,a cara,,Other,fn,
qwen3_14b,participants,lusa_76,cls_exp_temp0.3_nodelim_norole_nocot,Trump,Per,Per,tp,
qwen3_14b,participants,lusa_76,cls_exp_temp0.3_nodelim_norole_nocot,os EUA,N/A,Loc,tp,
qwen3_14b,participants,lusa_76,cls_exp_temp0.3_nodelim_norole_nocot,Damasco,N/A,Loc,tp,
qwen3_14b,participants,lusa_76,cls_exp_temp0.3_nodelim_norole_nocot,Majd Kamalmaz,N/A,Per,tp,
qwen3_14b,participants,lusa_76,cls_exp_temp0.3_nodelim_norole_nocot,o embaixador,N/A,Per,tp,
qwen3_14b,participants,lusa_76,cls_exp_temp0.3_nodelim_norole_nocot,Kash Patel,N/A,Per,tp,
qwen3_14b,participants,lusa_76,cls_exp_temp0.3_nodelim_norole_nocot,O outo desaparecido,N/A,Per,tp,
qwen3_14b,participants,lusa_76,cls_exp_temp0.3_nodelim_norole_nocot,o jornalista Austin Tice,N/A,Per,tp,
qwen3_14b,participants,lusa_76,cls_exp_temp0.3_nodelim_norole_nocot,Síria,N/A,Loc,tp,
qwen3_14b,participants,lusa_76,cls_exp_temp0.3_nodelim_norole_nocot,Tice,Per,Per,tp,
qwen3_14b,participants,lusa_76,cls_exp_temp0.3_nodelim_norole_nocot,dois cidadãos,N/A,Per,tp,
qwen3_14b,participants,lusa_76,cls_exp_temp0.3_nodelim_norole_nocot,a AP,N/A,Org,tp,
qwen3_14b,participants,lusa_76,cls_exp_temp0.3_nodelim_norole_nocot,Donald Trump,N/A,Per,tp,
qwen3_14b,participants,lusa_76,cls_exp_temp0.3_nodelim_norole_nocot,Texas,Loc,,fp,
qwen3_14b,participants,lusa_76,cls_exp_temp0.3_nodelim_norole_nocot,do Estado da Virgínia,Loc,,fp,
qwen3_14b,participants,lusa_76,cls_exp_temp0.3_nodelim_norole_nocot,dos EUA,Loc,,fp,
qwen3_14b,participants,lusa_76,cls_exp_temp0.3_nodelim_norole_nocot,Dirigente da Casa Branca,Per,,fp,
qwen3_14b,participants,lusa_76,cls_exp_temp0.3_nodelim_norole_nocot,país,N/A,,fp,
qwen3_14b,participants,lusa_76,cls_exp_temp0.3_nodelim_norole_nocot,um jornalista do Texas,Per,,fp,
qwen3_14b,participants,lusa_76,cls_exp_temp0.3_nodelim_norole_nocot,Um dirigente da Casa Branca,N/A,,fp,
qwen3_14b,participants,lusa_76,cls_exp_temp0.3_nodelim_norole_nocot,cidadãos dos EUA,Per,,fp,
qwen3_14b,participants,lusa_76,cls_exp_temp0.3_nodelim_norole_nocot,embaixada norte-americana,N/A,,fp,
qwen3_14b,participants,lusa_76,cls_exp_temp0.3_nodelim_norole_nocot,dirigentes de alto nível dos EUA,N/A,,fp,
qwen3_14b,participants,lusa_76,cls_exp_temp0.3_nodelim_norole_nocot,Austin Tice,N/A,,fp,
qwen3_14b,participants,lusa_76,cls_exp_temp0.3_nodelim_norole_nocot,um assessor de Donald Trump,N/A,,fp,
qwen3_14b,participants,lusa_76,cls_exp_temp0.3_nodelim_norole_nocot,Casa Branca,N/A,,fp,
qwen3_14b,participants,lusa_76,cls_exp_temp0.3_nodelim_norole_nocot,EUA,N/A,,fp,
qwen3_14b,participants,lusa_76,cls_exp_temp0.3_nodelim_norole_nocot,um psicólogo clínico,N/A,,fp,
qwen3_14b,participants,lusa_76,cls_exp_temp0.3_nodelim_norole_nocot,um dirigente dos EUA,Per,,fp,
qwen3_14b,participants,lusa_76,cls_exp_temp0.3_nodelim_norole_nocot,dois cidadãos dos EUA,N/A,,fp,
qwen3_14b,participants,lusa_76,cls_exp_temp0.3_nodelim_norole_nocot,Estado da Virgínia,Loc,,fp,
qwen3_14b,participants,lusa_76,cls_exp_temp0.3_nodelim_norole_nocot,"um psicólogo clínico, com 62 anos",,Per,fn,
qwen3_14b,participants,lusa_76,cls_exp_temp0.3_nodelim_norole_nocot,a embaixada norte-americana,,Org,fn,
qwen3_14b,participants,lusa_76,cls_exp_temp0.3_nodelim_norole_nocot,a Casa Branca,,Org,fn,
qwen3_14b,participants,lusa_76,cls_exp_temp0.3_nodelim_norole_nocot,que,,Per,fn,
qwen3_14b,participants,lusa_76,cls_exp_temp0.3_nodelim_norole_nocot,os quais,,Per,fn,
qwen3_14b,participants,lusa_76,cls_exp_temp0.3_nodelim_norole_nocot,um jornalista,,Per,fn,
qwen3_14b,participants,lusa_76,cls_exp_temp0.3_nodelim_norole_nocot,uma,,Loc,fn,
qwen3_14b,participants,lusa_76,cls_exp_temp0.3_nodelim_norole_nocot,o Estado da Virgínia,,Loc,fn,
qwen3_14b,participants,lusa_76,cls_exp_temp0.3_nodelim_norole_nocot,o Texas,,Loc,fn,
qwen3_14b,participants,lusa_76,cls_exp_temp0.3_nodelim_norole_nocot,um dirigente dos EUA de alto nível,,Per,fn,
qwen3_14b,participants,lusa_76,cls_exp_temp0.3_nodelim_norole_nocot,aqueles dois cidadãos,,Per,fn,
qwen3_14b,participants,lusa_76,cls_exp_temp0.3_nodelim_norole_nocot,a agência Associated Press (AP),,Org,fn,
qwen3_14b,participants,lusa_76,cls_exp_temp0.3_nodelim_norole_nocot,um,,Per,fn,
qwen3_14b,participants,lusa_76,cls_exp_temp0.3_nodelim_norole_nocot,as prisões,,Loc,fn,
qwen3_14b,participants,lusa_76,cls_exp_temp0.3_nodelim_norole_nocot,um assessor,,Per,fn,
qwen3_14b,participants,lusa_76,cls_exp_temp0.3_nodelim_norole_nocot,dirigentes de alto nível,,Per,fn,
qwen3_14b,participants,lusa_76,cls_exp_temp0.3_nodelim_norole_nocot,o país,,Loc,fn,
qwen3_14b,participants,lusa_76,cls_exp_temp0.3_nodelim_norole_nocot,informação,,Other,fn,
qwen3_14b,participants,lusa_76,cls_exp_temp0.3_nodelim_norole_nocot,o Wall Street Journal,,Org,fn,
qwen3_14b,participants,lusa_76,cls_exp_temp0.3_nodelim_norole_nocot,Um dirigente,,Per,fn,
qwen3_14b,participants,lusa_78,cls_exp_temp0.3_nodelim_norole_nocot,O tribunal,N/A,Org,tp,
qwen3_14b,participants,lusa_78,cls_exp_temp0.3_nodelim_norole_nocot,a mulher,Per,Per,tp,
qwen3_14b,participants,lusa_78,cls_exp_temp0.3_nodelim_norole_nocot,o arguido,N/A,Per,tp,
qwen3_14b,participants,lusa_78,cls_exp_temp0.3_nodelim_norole_nocot,a Procuradoria Regional,N/A,Org,tp,
qwen3_14b,participants,lusa_78,cls_exp_temp0.3_nodelim_norole_nocot,um homem,N/A,Per,tp,
qwen3_14b,participants,lusa_78,cls_exp_temp0.3_nodelim_norole_nocot,a amiga,N/A,Per,tp,
qwen3_14b,participants,lusa_78,cls_exp_temp0.3_nodelim_norole_nocot,Guimarães,N/A,Loc,tp,
qwen3_14b,participants,lusa_78,cls_exp_temp0.3_nodelim_norole_nocot,uma sua amiga,N/A,Per,tp,
qwen3_14b,participants,lusa_78,cls_exp_temp0.3_nodelim_norole_nocot,O tribunal de Guimarães,N/A,Org,tp,
qwen3_14b,participants,lusa_78,cls_exp_temp0.3_nodelim_norole_nocot,a vítima,N/A,Per,tp,
qwen3_14b,participants,lusa_78,cls_exp_temp0.3_nodelim_norole_nocot,sua página na Internet,N/A,,fp,
qwen3_14b,participants,lusa_78,cls_exp_temp0.3_nodelim_norole_nocot,Tribunal de Guimarães,N/A,,fp,
qwen3_14b,participants,lusa_78,cls_exp_temp0.3_nodelim_norole_nocot,homem,N/A,,fp,
qwen3_14b,participants,lusa_78,cls_exp_temp0.3_nodelim_norole_nocot,tribunal,N/A,,fp,
qwen3_14b,participants,lusa_78,cls_exp_temp0.3_nodelim_norole_nocot,Procuradoria Regional do Porto,N/A,,fp,
qwen3_14b,participants,lusa_78,cls_exp_temp0.3_nodelim_norole_nocot,freguesia de Guimarães,N/A,,fp,
qwen3_14b,participants,lusa_78,cls_exp_temp0.3_nodelim_norole_nocot,se,,Per,fn,
qwen3_14b,participants,lusa_78,cls_exp_temp0.3_nodelim_norole_nocot,a personalidade,,Other,fn,
qwen3_14b,participants,lusa_78,cls_exp_temp0.3_nodelim_norole_nocot,uma freguesia,,Loc,fn,
qwen3_14b,participants,lusa_78,cls_exp_temp0.3_nodelim_norole_nocot,ela,,Per,fn,
qwen3_14b,participants,lusa_78,cls_exp_temp0.3_nodelim_norole_nocot,lhe,,Per,fn,
qwen3_14b,participants,lusa_78,cls_exp_temp0.3_nodelim_norole_nocot,a,,Per,fn,
qwen3_14b,participants,lusa_78,cls_exp_temp0.3_nodelim_norole_nocot,casa,,Loc,fn,
qwen3_14b,participants,lusa_78,cls_exp_temp0.3_nodelim_norole_nocot,que,,Obj,fn,
qwen3_14b,participants,lusa_78,cls_exp_temp0.3_nodelim_norole_nocot,os braços,,Other,fn,
qwen3_14b,participants,lusa_78,cls_exp_temp0.3_nodelim_norole_nocot,a Procuradoria Regional do Porto,,Org,fn,
qwen3_14b,participants,lusa_78,cls_exp_temp0.3_nodelim_norole_nocot,a hipótese,,Other,fn,
qwen3_14b,participants,lusa_78,cls_exp_temp0.3_nodelim_norole_nocot,página na Internet,,Other,fn,
qwen3_14b,participants,lusa_78,cls_exp_temp0.3_nodelim_norole_nocot,sua,,Org,fn,
qwen3_14b,participants,lusa_78,cls_exp_temp0.3_nodelim_norole_nocot,roupa,,Obj,fn,
qwen3_14b,participants,lusa_8,cls_exp_temp0.3_nodelim_norole_nocot,província angolana do Bié,Loc,Pl_civil,tp,
qwen3_14b,participants,lusa_8,cls_exp_temp0.3_nodelim_norole_nocot,uma criança,Per,Per,tp,
qwen3_14b,participants,lusa_8,cls_exp_temp0.3_nodelim_norole_nocot,um hipopótamo,N/A,Nat,tp,
qwen3_14b,participants,lusa_8,cls_exp_temp0.3_nodelim_norole_nocot,os mortos,Per,Per,tp,
qwen3_14b,participants,lusa_8,cls_exp_temp0.3_nodelim_norole_nocot,Baptista Sambango,N/A,Per,tp,
qwen3_14b,participants,lusa_8,cls_exp_temp0.3_nodelim_norole_nocot,os camponeses,Per,Per,tp,
qwen3_14b,participants,lusa_8,cls_exp_temp0.3_nodelim_norole_nocot,Três pessoas,Per,Per,tp,
qwen3_14b,participants,lusa_8,cls_exp_temp0.3_nodelim_norole_nocot,a rádio pública,N/A,Org,tp,
qwen3_14b,participants,lusa_8,cls_exp_temp0.3_nodelim_norole_nocot,mamífero,N/A,,fp,
qwen3_14b,participants,lusa_8,cls_exp_temp0.3_nodelim_norole_nocot,embarcação artesanal,Obj,,fp,
qwen3_14b,participants,lusa_8,cls_exp_temp0.3_nodelim_norole_nocot,Muinha,Loc,,fp,
qwen3_14b,participants,lusa_8,cls_exp_temp0.3_nodelim_norole_nocot,hipopótamo,N/A,,fp,
qwen3_14b,participants,lusa_8,cls_exp_temp0.3_nodelim_norole_nocot,município de Camacupa,Loc,,fp,
qwen3_14b,participants,lusa_8,cls_exp_temp0.3_nodelim_norole_nocot,rio Kwanza,Loc,,fp,
qwen3_14b,participants,lusa_8,cls_exp_temp0.3_nodelim_norole_nocot,administrador comunal da Muinha,N/A,,fp,
qwen3_14b,participants,lusa_8,cls_exp_temp0.3_nodelim_norole_nocot,Três mortos,N/A,,fp,
qwen3_14b,participants,lusa_8,cls_exp_temp0.3_nodelim_norole_nocot,Angola,Loc,,fp,
qwen3_14b,participants,lusa_8,cls_exp_temp0.3_nodelim_norole_nocot,um dos sobreviventes,Per,,fp,
qwen3_14b,participants,lusa_8,cls_exp_temp0.3_nodelim_norole_nocot,rio,N/A,,fp,
qwen3_14b,participants,lusa_8,cls_exp_temp0.3_nodelim_norole_nocot,oito pessoas a bordo,Per,,fp,
qwen3_14b,participants,lusa_8,cls_exp_temp0.3_nodelim_norole_nocot,administrador municipal,N/A,,fp,
qwen3_14b,participants,lusa_8,cls_exp_temp0.3_nodelim_norole_nocot,a dimensão do rio,,Other,fn,
qwen3_14b,participants,lusa_8,cls_exp_temp0.3_nodelim_norole_nocot,oito pessoas,,Per,fn,
qwen3_14b,participants,lusa_8,cls_exp_temp0.3_nodelim_norole_nocot,cujo,,Per,fn,
qwen3_14b,participants,lusa_8,cls_exp_temp0.3_nodelim_norole_nocot,o rio,,Pl_water,fn,
qwen3_14b,participants,lusa_8,cls_exp_temp0.3_nodelim_norole_nocot,o administrador municipal,,Per,fn,
qwen3_14b,participants,lusa_8,cls_exp_temp0.3_nodelim_norole_nocot,aquele mamífero,,Nat,fn,
qwen3_14b,participants,lusa_8,cls_exp_temp0.3_nodelim_norole_nocot,O administrador comunal,,Per,fn,
qwen3_14b,participants,lusa_8,cls_exp_temp0.3_nodelim_norole_nocot,o rio Kwanza,,Pl_water,fn,
qwen3_14b,participants,lusa_8,cls_exp_temp0.3_nodelim_norole_nocot,uma ponte,,Path,fn,
qwen3_14b,participants,lusa_8,cls_exp_temp0.3_nodelim_norole_nocot,um,,Per,fn,
qwen3_14b,participants,lusa_8,cls_exp_temp0.3_nodelim_norole_nocot,as lavras,,Loc,fn,
qwen3_14b,participants,lusa_8,cls_exp_temp0.3_nodelim_norole_nocot,a população,,Per,fn,
qwen3_14b,participants,lusa_8,cls_exp_temp0.3_nodelim_norole_nocot,a Muinha,,Pl_civil,fn,
qwen3_14b,participants,lusa_8,cls_exp_temp0.3_nodelim_norole_nocot,corpo,,Other,fn,
qwen3_14b,participants,lusa_8,cls_exp_temp0.3_nodelim_norole_nocot,a dimensão,,Other,fn,
qwen3_14b,participants,lusa_8,cls_exp_temp0.3_nodelim_norole_nocot,o município de Camacupa,,Pl_civil,fn,
qwen3_14b,participants,lusa_8,cls_exp_temp0.3_nodelim_norole_nocot,a embarcação artesanal,,Veh,fn,
qwen3_14b,participants,lusa_8,cls_exp_temp0.3_nodelim_norole_nocot,os sobreviventes,,Per,fn,
qwen3_14b,participants,lusa_81,cls_exp_temp0.3_nodelim_norole_nocot,O detido,N/A,Per,tp,
qwen3_14b,participants,lusa_81,cls_exp_temp0.3_nodelim_norole_nocot,Um homem de 25 anos,N/A,Per,tp,
qwen3_14b,participants,lusa_81,cls_exp_temp0.3_nodelim_norole_nocot,Paredes,N/A,Loc,tp,
qwen3_14b,participants,lusa_81,cls_exp_temp0.3_nodelim_norole_nocot,a GNR,N/A,Org,tp,
qwen3_14b,participants,lusa_81,cls_exp_temp0.3_nodelim_norole_nocot,a Guarda,N/A,Org,tp,
qwen3_14b,participants,lusa_81,cls_exp_temp0.3_nodelim_norole_nocot,os militares,N/A,Per,tp,
qwen3_14b,participants,lusa_81,cls_exp_temp0.3_nodelim_norole_nocot,Tribunal Judicial de Paredes,N/A,,fp,
qwen3_14b,participants,lusa_81,cls_exp_temp0.3_nodelim_norole_nocot,réplica de arma de fogo,N/A,,fp,
qwen3_14b,participants,lusa_81,cls_exp_temp0.3_nodelim_norole_nocot,apreensão de uma réplica de arma de fogo e de um bastão extensível,N/A,,fp,
qwen3_14b,participants,lusa_81,cls_exp_temp0.3_nodelim_norole_nocot,Homem,Per,,fp,
qwen3_14b,participants,lusa_81,cls_exp_temp0.3_nodelim_norole_nocot,bastão extensível,N/A,,fp,
qwen3_14b,participants,lusa_81,cls_exp_temp0.3_nodelim_norole_nocot,GNR,N/A,,fp,
qwen3_14b,participants,lusa_81,cls_exp_temp0.3_nodelim_norole_nocot,duas buscas domiciliárias e uma não domiciliária,N/A,,fp,
qwen3_14b,participants,lusa_81,cls_exp_temp0.3_nodelim_norole_nocot,arma proibida,,Obj,fn,
qwen3_14b,participants,lusa_81,cls_exp_temp0.3_nodelim_norole_nocot,uma réplica de arma de fogo,,Obj,fn,
qwen3_14b,participants,lusa_81,cls_exp_temp0.3_nodelim_norole_nocot,o Tribunal Judicial de Paredes,,Org,fn,
qwen3_14b,participants,lusa_81,cls_exp_temp0.3_nodelim_norole_nocot,comunicado,,Obj,fn,
qwen3_14b,participants,lusa_81,cls_exp_temp0.3_nodelim_norole_nocot,um bastão extensível,,Obj,fn,
qwen3_14b,participants,lusa_81,cls_exp_temp0.3_nodelim_norole_nocot,o documento,,Obj,fn,
qwen3_14b,participants,lusa_81,cls_exp_temp0.3_nodelim_norole_nocot,Núcleo de Investigação Criminal (NIC) de Penafiel,,Org,fn,
qwen3_14b,participants,lusa_81,cls_exp_temp0.3_nodelim_norole_nocot,sua,,Per,fn,
qwen3_14b,participants,lusa_82,cls_exp_temp0.3_nodelim_norole_nocot,populares,N/A,Per,tp,
qwen3_14b,participants,lusa_82,cls_exp_temp0.3_nodelim_norole_nocot,a autoridade marítima,Org,Org,tp,
qwen3_14b,participants,lusa_82,cls_exp_temp0.3_nodelim_norole_nocot,Polícia Marítima,N/A,Org,tp,
qwen3_14b,participants,lusa_82,cls_exp_temp0.3_nodelim_norole_nocot,um homem,N/A,Per,tp,
qwen3_14b,participants,lusa_82,cls_exp_temp0.3_nodelim_norole_nocot,Rui Santos Amaral,Per,Per,tp,
qwen3_14b,participants,lusa_82,cls_exp_temp0.3_nodelim_norole_nocot,Vila Nova de Gaia,N/A,Loc,tp,
qwen3_14b,participants,lusa_82,cls_exp_temp0.3_nodelim_norole_nocot,os Sapadores de Vila Nova de Gaia,N/A,Org,tp,
qwen3_14b,participants,lusa_82,cls_exp_temp0.3_nodelim_norole_nocot,os Bombeiros de Coimbrões,N/A,Org,tp,
qwen3_14b,participants,lusa_82,cls_exp_temp0.3_nodelim_norole_nocot,o cadáver,N/A,Other,tp,
qwen3_14b,participants,lusa_82,cls_exp_temp0.3_nodelim_norole_nocot,cais flutuante de Santa Marinha,Fac,,fp,
qwen3_14b,participants,lusa_82,cls_exp_temp0.3_nodelim_norole_nocot,à Lusa,N/A,,fp,
qwen3_14b,participants,lusa_82,cls_exp_temp0.3_nodelim_norole_nocot,rio Douro,N/A,,fp,
qwen3_14b,participants,lusa_82,cls_exp_temp0.3_nodelim_norole_nocot,o comandante da capitania do Porto,N/A,,fp,
qwen3_14b,participants,lusa_82,cls_exp_temp0.3_nodelim_norole_nocot,Policia Marítima,N/A,,fp,
qwen3_14b,participants,lusa_82,cls_exp_temp0.3_nodelim_norole_nocot,corpo de um homem,Obj,,fp,
qwen3_14b,participants,lusa_82,cls_exp_temp0.3_nodelim_norole_nocot,a Polícia Judiciária,N/A,,fp,
qwen3_14b,participants,lusa_82,cls_exp_temp0.3_nodelim_norole_nocot,Cadáver de homem,N/A,,fp,
qwen3_14b,participants,lusa_82,cls_exp_temp0.3_nodelim_norole_nocot,capitania do Porto,,Org,fn,
qwen3_14b,participants,lusa_82,cls_exp_temp0.3_nodelim_norole_nocot,o cais flutuante de Santa Marinha,,Loc,fn,
qwen3_14b,participants,lusa_82,cls_exp_temp0.3_nodelim_norole_nocot,o “corpo,,Other,fn,
qwen3_14b,participants,lusa_82,cls_exp_temp0.3_nodelim_norole_nocot,O cadáver,,Other,fn,
qwen3_14b,participants,lusa_82,cls_exp_temp0.3_nodelim_norole_nocot,um homem com cerca de 60 anos,,Per,fn,
qwen3_14b,participants,lusa_82,cls_exp_temp0.3_nodelim_norole_nocot,que,,Per,fn,
qwen3_14b,participants,lusa_82,cls_exp_temp0.3_nodelim_norole_nocot,a água,,Nat,fn,
qwen3_14b,participants,lusa_82,cls_exp_temp0.3_nodelim_norole_nocot,A Polícia Marítima,,Org,fn,
qwen3_14b,participants,lusa_82,cls_exp_temp0.3_nodelim_norole_nocot,o rio Douro,,Nat,fn,
qwen3_14b,participants,lusa_82,cls_exp_temp0.3_nodelim_norole_nocot,Lusa,,Org,fn,
qwen3_14b,participants,lusa_82,cls_exp_temp0.3_nodelim_norole_nocot,o local,,Loc,fn,
qwen3_14b,participants,lusa_82,cls_exp_temp0.3_nodelim_norole_nocot,Polícia Judiciária,,Org,fn,
qwen3_14b,participants,lusa_82,cls_exp_temp0.3_nodelim_norole_nocot,o comandante,,Per,fn,
qwen3_14b,participants,lusa_84,cls_exp_temp0.3_nodelim_norole_nocot,Milhazes,Loc,Loc,tp,
qwen3_14b,participants,lusa_84,cls_exp_temp0.3_nodelim_norole_nocot,uma viatura médica de emergência e reanimação,N/A,Obj,tp,
qwen3_14b,participants,lusa_84,cls_exp_temp0.3_nodelim_norole_nocot,o homem,N/A,Per,tp,
qwen3_14b,participants,lusa_84,cls_exp_temp0.3_nodelim_norole_nocot,a árvore,N/A,Nat,tp,
qwen3_14b,participants,lusa_84,cls_exp_temp0.3_nodelim_norole_nocot,fonte,Per,Per,tp,
qwen3_14b,participants,lusa_84,cls_exp_temp0.3_nodelim_norole_nocot,os Bombeiros Voluntários de Barcelinhos,N/A,Org,tp,
qwen3_14b,participants,lusa_84,cls_exp_temp0.3_nodelim_norole_nocot,as primeiras informações,N/A,Other,tp,
qwen3_14b,participants,lusa_84,cls_exp_temp0.3_nodelim_norole_nocot,uma árvore,Obj,,fp,
qwen3_14b,participants,lusa_84,cls_exp_temp0.3_nodelim_norole_nocot,Comando Distrital de Operações de Socorro de Braga,Org,,fp,
qwen3_14b,participants,lusa_84,cls_exp_temp0.3_nodelim_norole_nocot,árvore de grande porte,N/A,,fp,
qwen3_14b,participants,lusa_84,cls_exp_temp0.3_nodelim_norole_nocot,Homem,Per,,fp,
qwen3_14b,participants,lusa_84,cls_exp_temp0.3_nodelim_norole_nocot,Um homem,Per,,fp,
qwen3_14b,participants,lusa_84,cls_exp_temp0.3_nodelim_norole_nocot,Barcelos,Loc,,fp,
qwen3_14b,participants,lusa_84,cls_exp_temp0.3_nodelim_norole_nocot,pela mesma,N/A,,fp,
qwen3_14b,participants,lusa_84,cls_exp_temp0.3_nodelim_norole_nocot,uma árvore de grande porte,,Nat,fn,
qwen3_14b,participants,lusa_84,cls_exp_temp0.3_nodelim_norole_nocot,Um homem com cerca de 50 anos,,Per,fn,
qwen3_14b,participants,lusa_84,cls_exp_temp0.3_nodelim_norole_nocot,a fonte,,Per,fn,
qwen3_14b,participants,lusa_84,cls_exp_temp0.3_nodelim_norole_nocot,o concelho de Barcelos,,Loc,fn,
qwen3_14b,participants,lusa_84,cls_exp_temp0.3_nodelim_norole_nocot,primeiras informações,,Other,fn,
qwen3_14b,participants,lusa_84,cls_exp_temp0.3_nodelim_norole_nocot,A GNR,,Org,fn,
qwen3_14b,participants,lusa_84,cls_exp_temp0.3_nodelim_norole_nocot,o local,,Loc,fn,
qwen3_14b,participants,lusa_84,cls_exp_temp0.3_nodelim_norole_nocot,o Comando Distrital de Operações de Socorro de Braga,,Org,fn,
qwen3_14b,participants,lusa_84,cls_exp_temp0.3_nodelim_norole_nocot,a mesma,,Nat,fn,
qwen3_14b,participants,lusa_85,cls_exp_temp0.3_nodelim_norole_nocot,As mesmas fontes,N/A,Per,tp,
qwen3_14b,participants,lusa_85,cls_exp_temp0.3_nodelim_norole_nocot,fontes,N/A,Per,tp,
qwen3_14b,participants,lusa_85,cls_exp_temp0.3_nodelim_norole_nocot,o automóvel,N/A,Obj,tp,
qwen3_14b,participants,lusa_85,cls_exp_temp0.3_nodelim_norole_nocot,Um homem de 61 anos,N/A,Per,tp,
qwen3_14b,participants,lusa_85,cls_exp_temp0.3_nodelim_norole_nocot,agência Lusa,N/A,Org,tp,
qwen3_14b,participants,lusa_85,cls_exp_temp0.3_nodelim_norole_nocot,fonte,N/A,Per,tp,
qwen3_14b,participants,lusa_85,cls_exp_temp0.3_nodelim_norole_nocot,a GNR,Org,Org,tp,
qwen3_14b,participants,lusa_85,cls_exp_temp0.3_nodelim_norole_nocot,a VMER,Org,Obj,tp,
qwen3_14b,participants,lusa_85,cls_exp_temp0.3_nodelim_norole_nocot,bombeiros,Per,Per,tp,
qwen3_14b,participants,lusa_85,cls_exp_temp0.3_nodelim_norole_nocot,distrito de Portalegre,N/A,Loc,tp,
qwen3_14b,participants,lusa_85,cls_exp_temp0.3_nodelim_norole_nocot,fontes da GNR,N/A,,fp,
qwen3_14b,participants,lusa_85,cls_exp_temp0.3_nodelim_norole_nocot,zona da Bica,N/A,,fp,
qwen3_14b,participants,lusa_85,cls_exp_temp0.3_nodelim_norole_nocot,veículo ligeiro de passageiros,N/A,,fp,
qwen3_14b,participants,lusa_85,cls_exp_temp0.3_nodelim_norole_nocot,Marvão,Loc,,fp,
qwen3_14b,participants,lusa_85,cls_exp_temp0.3_nodelim_norole_nocot,freguesia de Beirã,N/A,,fp,
qwen3_14b,participants,lusa_85,cls_exp_temp0.3_nodelim_norole_nocot,automóvel,N/A,,fp,
qwen3_14b,participants,lusa_85,cls_exp_temp0.3_nodelim_norole_nocot,fontes da Proteção Civil,N/A,,fp,
qwen3_14b,participants,lusa_85,cls_exp_temp0.3_nodelim_norole_nocot,Comando Distrital de Operações de Socorro (CDOS) de Portalegre,N/A,,fp,
qwen3_14b,participants,lusa_85,cls_exp_temp0.3_nodelim_norole_nocot,serviço de Medicina Legal,N/A,,fp,
qwen3_14b,participants,lusa_85,cls_exp_temp0.3_nodelim_norole_nocot,GNR,Org,,fp,
qwen3_14b,participants,lusa_85,cls_exp_temp0.3_nodelim_norole_nocot,viatura médica de emergência e reanimação (VMER),N/A,,fp,
qwen3_14b,participants,lusa_85,cls_exp_temp0.3_nodelim_norole_nocot,Homem de 61 anos,Per,,fp,
qwen3_14b,participants,lusa_85,cls_exp_temp0.3_nodelim_norole_nocot,médico,N/A,,fp,
qwen3_14b,participants,lusa_85,cls_exp_temp0.3_nodelim_norole_nocot,o corpo do homem,N/A,,fp,
qwen3_14b,participants,lusa_85,cls_exp_temp0.3_nodelim_norole_nocot,VMER,Org,,fp,
qwen3_14b,participants,lusa_85,cls_exp_temp0.3_nodelim_norole_nocot,veículos da corporação de Marvão,Obj,,fp,
qwen3_14b,participants,lusa_85,cls_exp_temp0.3_nodelim_norole_nocot,hospital de Portalegre,N/A,,fp,
qwen3_14b,participants,lusa_85,cls_exp_temp0.3_nodelim_norole_nocot,Proteção Civil,N/A,,fp,
qwen3_14b,participants,lusa_85,cls_exp_temp0.3_nodelim_norole_nocot,no concelho de Marvão,N/A,,fp,
qwen3_14b,participants,lusa_85,cls_exp_temp0.3_nodelim_norole_nocot,homem,N/A,,fp,
qwen3_14b,participants,lusa_85,cls_exp_temp0.3_nodelim_norole_nocot,corporação de Marvão,Org,,fp,
qwen3_14b,participants,lusa_85,cls_exp_temp0.3_nodelim_norole_nocot,Estrada Municipal 524,N/A,,fp,
qwen3_14b,participants,lusa_85,cls_exp_temp0.3_nodelim_norole_nocot,um total de oito elementos,,Per,fn,
qwen3_14b,participants,lusa_85,cls_exp_temp0.3_nodelim_norole_nocot,veículos,,Obj,fn,
qwen3_14b,participants,lusa_85,cls_exp_temp0.3_nodelim_norole_nocot,que,,Obj,fn,
qwen3_14b,participants,lusa_85,cls_exp_temp0.3_nodelim_norole_nocot,o homem,,Per,fn,
qwen3_14b,participants,lusa_85,cls_exp_temp0.3_nodelim_norole_nocot,quatro viaturas,,Obj,fn,
qwen3_14b,participants,lusa_85,cls_exp_temp0.3_nodelim_norole_nocot,o hospital de Portalegre,,Org,fn,
qwen3_14b,participants,lusa_85,cls_exp_temp0.3_nodelim_norole_nocot,a corporação de Marvão,,Org,fn,
qwen3_14b,participants,lusa_85,cls_exp_temp0.3_nodelim_norole_nocot,o local,,Loc,fn,
qwen3_14b,participants,lusa_85,cls_exp_temp0.3_nodelim_norole_nocot,CDOS,,Org,fn,
qwen3_14b,participants,lusa_85,cls_exp_temp0.3_nodelim_norole_nocot,a Proteção Civil,,Org,fn,
qwen3_14b,participants,lusa_85,cls_exp_temp0.3_nodelim_norole_nocot,o concelho de Marvão,,Loc,fn,
qwen3_14b,participants,lusa_85,cls_exp_temp0.3_nodelim_norole_nocot,a zona da Bica,,Loc,fn,
qwen3_14b,participants,lusa_85,cls_exp_temp0.3_nodelim_norole_nocot,a viatura médica de emergência e reanimação (VMER),,Obj,fn,
qwen3_14b,participants,lusa_85,cls_exp_temp0.3_nodelim_norole_nocot,o corpo,,Other,fn,
qwen3_14b,participants,lusa_85,cls_exp_temp0.3_nodelim_norole_nocot,a freguesia de Beirã,,Loc,fn,
qwen3_14b,participants,lusa_85,cls_exp_temp0.3_nodelim_norole_nocot,a Estrada Municipal 524,,Loc,fn,
qwen3_14b,participants,lusa_85,cls_exp_temp0.3_nodelim_norole_nocot,o médico,,Per,fn,
qwen3_14b,participants,lusa_85,cls_exp_temp0.3_nodelim_norole_nocot,o Comando Distrital de Operações de Socorro (CDOS) de Portalegre,,Org,fn,
qwen3_14b,participants,lusa_85,cls_exp_temp0.3_nodelim_norole_nocot,o veículo ligeiro de passageiros,,Obj,fn,
qwen3_14b,participants,lusa_85,cls_exp_temp0.3_nodelim_norole_nocot,o serviço de Medicina Legal,,Org,fn,
qwen3_14b,participants,lusa_87,cls_exp_temp0.3_nodelim_norole_nocot,Câmara de Lobos,N/A,Loc,tp,
qwen3_14b,participants,lusa_87,cls_exp_temp0.3_nodelim_norole_nocot,Os Bombeiros de Câmara de Lobos,N/A,Org,tp,
qwen3_14b,participants,lusa_87,cls_exp_temp0.3_nodelim_norole_nocot,a habitação,N/A,Other,tp,
qwen3_14b,participants,lusa_87,cls_exp_temp0.3_nodelim_norole_nocot,O autarca,N/A,Per,tp,
qwen3_14b,participants,lusa_87,cls_exp_temp0.3_nodelim_norole_nocot,agência Lusa,N/A,Org,tp,
qwen3_14b,participants,lusa_87,cls_exp_temp0.3_nodelim_norole_nocot,o vereador da autarquia de Câmara de Lobos Leonel Correia da Silva,N/A,,fp,
qwen3_14b,participants,lusa_87,cls_exp_temp0.3_nodelim_norole_nocot,incêndio,N/A,,fp,
qwen3_14b,participants,lusa_87,cls_exp_temp0.3_nodelim_norole_nocot,fogo posto,N/A,,fp,
qwen3_14b,participants,lusa_87,cls_exp_temp0.3_nodelim_norole_nocot,casa desabitada,N/A,,fp,
qwen3_14b,participants,lusa_87,cls_exp_temp0.3_nodelim_norole_nocot,autarquia de Câmara de Lobos,N/A,,fp,
qwen3_14b,participants,lusa_87,cls_exp_temp0.3_nodelim_norole_nocot,o fogo,N/A,,fp,
qwen3_14b,participants,lusa_87,cls_exp_temp0.3_nodelim_norole_nocot,o incêndio,N/A,,fp,
qwen3_14b,participants,lusa_87,cls_exp_temp0.3_nodelim_norole_nocot,os danos,N/A,,fp,
qwen3_14b,participants,lusa_87,cls_exp_temp0.3_nodelim_norole_nocot,a autarquia,,Org,fn,
qwen3_14b,participants,lusa_87,cls_exp_temp0.3_nodelim_norole_nocot,a autarquia de Câmara de Lobos,,Org,fn,
qwen3_14b,participants,lusa_87,cls_exp_temp0.3_nodelim_norole_nocot,o concelho de Câmara de Lobos,,Loc,fn,
qwen3_14b,participants,lusa_87,cls_exp_temp0.3_nodelim_norole_nocot,casa,,Other,fn,
qwen3_14b,participants,lusa_87,cls_exp_temp0.3_nodelim_norole_nocot,a freguesia Jardim da Serra,,Loc,fn,
qwen3_14b,participants,lusa_87,cls_exp_temp0.3_nodelim_norole_nocot,que,,Other,fn,
qwen3_14b,participants,lusa_87,cls_exp_temp0.3_nodelim_norole_nocot,o vereador,,Per,fn,
qwen3_14b,participants,lusa_87,cls_exp_temp0.3_nodelim_norole_nocot,uma casa,,Other,fn,
qwen3_14b,participants,lusa_87,cls_exp_temp0.3_nodelim_norole_nocot,fonte,,Per,fn,
qwen3_14b,participants,lusa_87,cls_exp_temp0.3_nodelim_norole_nocot,Leonel Correia da Silva,,Per,fn,
qwen3_14b,participants,lusa_88,cls_exp_temp0.3_nodelim_norole_nocot,A Polícia da República de Moçambique (PRM),N/A,Org,tp,
qwen3_14b,participants,lusa_88,cls_exp_temp0.3_nodelim_norole_nocot,um homem,N/A,Per,tp,
qwen3_14b,participants,lusa_88,cls_exp_temp0.3_nodelim_norole_nocot,Leonel Muchine,N/A,Per,tp,
qwen3_14b,participants,lusa_88,cls_exp_temp0.3_nodelim_norole_nocot,polícia moçambicana,N/A,,fp,
qwen3_14b,participants,lusa_88,cls_exp_temp0.3_nodelim_norole_nocot,quem quer sair ou entrar no país,N/A,,fp,
qwen3_14b,participants,lusa_88,cls_exp_temp0.3_nodelim_norole_nocot,O indiciado,N/A,,fp,
qwen3_14b,participants,lusa_88,cls_exp_temp0.3_nodelim_norole_nocot,o chefe de Estado,N/A,,fp,
qwen3_14b,participants,lusa_88,cls_exp_temp0.3_nodelim_norole_nocot,quem chega com teste negativo ao país,N/A,,fp,
qwen3_14b,participants,lusa_88,cls_exp_temp0.3_nodelim_norole_nocot,outro indivíduo,N/A,,fp,
qwen3_14b,participants,lusa_88,cls_exp_temp0.3_nodelim_norole_nocot,a polícia,N/A,,fp,
qwen3_14b,participants,lusa_88,cls_exp_temp0.3_nodelim_norole_nocot,Polícia moçambicana,N/A,,fp,
qwen3_14b,participants,lusa_88,cls_exp_temp0.3_nodelim_norole_nocot,as autoridades,N/A,,fp,
qwen3_14b,participants,lusa_88,cls_exp_temp0.3_nodelim_norole_nocot,testes de covid-19,N/A,,fp,
qwen3_14b,participants,lusa_88,cls_exp_temp0.3_nodelim_norole_nocot,porta-voz da polícia moçambicana,N/A,,fp,
qwen3_14b,participants,lusa_88,cls_exp_temp0.3_nodelim_norole_nocot,a necessidade de quarentena,N/A,,fp,
qwen3_14b,participants,lusa_88,cls_exp_temp0.3_nodelim_norole_nocot,as fronteiras,N/A,,fp,
qwen3_14b,participants,lusa_88,cls_exp_temp0.3_nodelim_norole_nocot,a emissão de vistos de turismo,N/A,,fp,
qwen3_14b,participants,lusa_88,cls_exp_temp0.3_nodelim_norole_nocot,o país,N/A,,fp,
qwen3_14b,participants,lusa_88,cls_exp_temp0.3_nodelim_norole_nocot,homem,N/A,,fp,
qwen3_14b,participants,lusa_88,cls_exp_temp0.3_nodelim_norole_nocot,Filipe Nyusi,N/A,,fp,
qwen3_14b,participants,lusa_88,cls_exp_temp0.3_nodelim_norole_nocot,o porta-voz da polícia,N/A,,fp,
qwen3_14b,participants,lusa_88,cls_exp_temp0.3_nodelim_norole_nocot,O teste negativo de covid-19,N/A,,fp,
qwen3_14b,participants,lusa_88,cls_exp_temp0.3_nodelim_norole_nocot,Maputo,N/A,,fp,
qwen3_14b,participants,lusa_88,cls_exp_temp0.3_nodelim_norole_nocot,o porta-voz da corporação,N/A,,fp,
qwen3_14b,participants,lusa_88,cls_exp_temp0.3_nodelim_norole_nocot,a cidade de Maputo,,Loc,fn,
qwen3_14b,participants,lusa_88,cls_exp_temp0.3_nodelim_norole_nocot,o porta-voz,,Per,fn,
qwen3_14b,participants,lusa_88,cls_exp_temp0.3_nodelim_norole_nocot,este indivíduo,,Per,fn,
qwen3_14b,participants,lusa_88,cls_exp_temp0.3_nodelim_norole_nocot,porta-voz,,Per,fn,
qwen3_14b,participants,lusa_88,cls_exp_temp0.3_nodelim_norole_nocot,pessoas,,Per,fn,
qwen3_14b,participants,lusa_88,cls_exp_temp0.3_nodelim_norole_nocot,a corporação,,Org,fn,
qwen3_14b,participants,lusa_88,cls_exp_temp0.3_nodelim_norole_nocot,nós,,Per,fn,
qwen3_14b,participants,lusa_88,cls_exp_temp0.3_nodelim_norole_nocot,a polícia moçambicana,,Org,fn,
qwen3_14b,participants,lusa_89,cls_exp_temp0.3_nodelim_norole_nocot,tubarão,N/A,Nat,tp,
qwen3_14b,participants,lusa_89,cls_exp_temp0.3_nodelim_norole_nocot,o tubarão,N/A,Nat,tp,
qwen3_14b,participants,lusa_89,cls_exp_temp0.3_nodelim_norole_nocot,a coxa,N/A,Other,tp,
qwen3_14b,participants,lusa_89,cls_exp_temp0.3_nodelim_norole_nocot,os paramédicos,N/A,Per,tp,
qwen3_14b,participants,lusa_89,cls_exp_temp0.3_nodelim_norole_nocot,o país,N/A,Loc,tp,
qwen3_14b,participants,lusa_89,cls_exp_temp0.3_nodelim_norole_nocot,as agências internacionais,N/A,Org,tp,
qwen3_14b,participants,lusa_89,cls_exp_temp0.3_nodelim_norole_nocot,a polícia,N/A,Org,tp,
qwen3_14b,participants,lusa_89,cls_exp_temp0.3_nodelim_norole_nocot,a mão,N/A,Other,tp,
qwen3_14b,participants,lusa_89,cls_exp_temp0.3_nodelim_norole_nocot,uma praia,N/A,Loc,tp,
qwen3_14b,participants,lusa_89,cls_exp_temp0.3_nodelim_norole_nocot,a água,N/A,Nat,tp,
qwen3_14b,participants,lusa_89,cls_exp_temp0.3_nodelim_norole_nocot,Um homem,N/A,Per,tp,
qwen3_14b,participants,lusa_89,cls_exp_temp0.3_nodelim_norole_nocot,a praia,N/A,Loc,tp,
qwen3_14b,participants,lusa_89,cls_exp_temp0.3_nodelim_norole_nocot,A vítima,N/A,Per,tp,
qwen3_14b,participants,lusa_89,cls_exp_temp0.3_nodelim_norole_nocot,A polícia,N/A,Org,tp,
qwen3_14b,participants,lusa_89,cls_exp_temp0.3_nodelim_norole_nocot,um tubarão,N/A,Nat,tp,
qwen3_14b,participants,lusa_89,cls_exp_temp0.3_nodelim_norole_nocot,o local,N/A,Loc,tp,
qwen3_14b,participants,lusa_89,cls_exp_temp0.3_nodelim_norole_nocot,a praia de Cable,N/A,,fp,
qwen3_14b,participants,lusa_89,cls_exp_temp0.3_nodelim_norole_nocot,praia,Loc,,fp,
qwen3_14b,participants,lusa_89,cls_exp_temp0.3_nodelim_norole_nocot,oceano Índico,N/A,,fp,
qwen3_14b,participants,lusa_89,cls_exp_temp0.3_nodelim_norole_nocot,noroeste da Austrália,N/A,,fp,
qwen3_14b,participants,lusa_89,cls_exp_temp0.3_nodelim_norole_nocot,Homem,Per,,fp,
qwen3_14b,participants,lusa_89,cls_exp_temp0.3_nodelim_norole_nocot,Austrália,N/A,,fp,
qwen3_14b,participants,lusa_89,cls_exp_temp0.3_nodelim_norole_nocot,a costa ocidental da Austrália,N/A,,fp,
qwen3_14b,participants,lusa_89,cls_exp_temp0.3_nodelim_norole_nocot,a oitava morte do género,N/A,,fp,
qwen3_14b,participants,lusa_89,cls_exp_temp0.3_nodelim_norole_nocot,O homem,N/A,,fp,
qwen3_14b,participants,lusa_89,cls_exp_temp0.3_nodelim_norole_nocot,se,,Nat,fn,
qwen3_14b,participants,lusa_89,cls_exp_temp0.3_nodelim_norole_nocot,a Austrália,,Loc,fn,
qwen3_14b,participants,lusa_89,cls_exp_temp0.3_nodelim_norole_nocot,estudos,,Obj,fn,
qwen3_14b,participants,lusa_89,cls_exp_temp0.3_nodelim_norole_nocot,que,,Nat,fn,
qwen3_14b,participants,lusa_89,cls_exp_temp0.3_nodelim_norole_nocot,nove pessoas,,Per,fn,
qwen3_14b,participants,lusa_89,cls_exp_temp0.3_nodelim_norole_nocot,tubarões,,Nat,fn,
qwen3_14b,participants,lusa_89,cls_exp_temp0.3_nodelim_norole_nocot,o noroeste da Austrália,,Loc,fn,
qwen3_14b,participants,lusa_89,cls_exp_temp0.3_nodelim_norole_nocot,a zona,,Loc,fn,
qwen3_14b,participants,lusa_89,cls_exp_temp0.3_nodelim_norole_nocot,27,,Other,fn,
qwen3_14b,participants,lusa_89,cls_exp_temp0.3_nodelim_norole_nocot,2.210 exemplares adultos de tubarões brancos,,Nat,fn,
qwen3_14b,participants,lusa_89,cls_exp_temp0.3_nodelim_norole_nocot,o,,Per,fn,
qwen3_14b,participants,lusa_89,cls_exp_temp0.3_nodelim_norole_nocot,O número,,Other,fn,
qwen3_14b,participants,lusa_89,cls_exp_temp0.3_nodelim_norole_nocot,lhe,,Per,fn,
qwen3_14b,participants,lusa_89,cls_exp_temp0.3_nodelim_norole_nocot,oito,,Other,fn,
qwen3_14b,participants,lusa_89,cls_exp_temp0.3_nodelim_norole_nocot,"O homem, de 55 anos",,Per,fn,
qwen3_14b,participants,lusa_89,cls_exp_temp0.3_nodelim_norole_nocot,a agência científica governamental CSIRO,,Org,fn,
qwen3_14b,participants,lusa_89,cls_exp_temp0.3_nodelim_norole_nocot,seus,,Loc,fn,
qwen3_14b,participants,lusa_89,cls_exp_temp0.3_nodelim_norole_nocot,o oceano Índico,,Nat,fn,
qwen3_14b,participants,lusa_89,cls_exp_temp0.3_nodelim_norole_nocot,22 quilómetros de areia branca,,Nat,fn,
qwen3_14b,participants,lusa_89,cls_exp_temp0.3_nodelim_norole_nocot,a turística praia de Cable,,Loc,fn,
qwen3_14b,participants,lusa_89,cls_exp_temp0.3_nodelim_norole_nocot,ninguém,,Per,fn,
qwen3_14b,participants,lusa_89,cls_exp_temp0.3_nodelim_norole_nocot,a costa ocidental,,Loc,fn,
qwen3_14b,participants,lusa_9,cls_exp_temp0.3_nodelim_norole_nocot,O detido,N/A,Per,tp,
qwen3_14b,participants,lusa_9,cls_exp_temp0.3_nodelim_norole_nocot,o suspeito,N/A,Per,tp,
qwen3_14b,participants,lusa_9,cls_exp_temp0.3_nodelim_norole_nocot,aquela força policial,N/A,Org,tp,
qwen3_14b,participants,lusa_9,cls_exp_temp0.3_nodelim_norole_nocot,A Guarda,N/A,Org,tp,
qwen3_14b,participants,lusa_9,cls_exp_temp0.3_nodelim_norole_nocot,o homem,N/A,Per,tp,
qwen3_14b,participants,lusa_9,cls_exp_temp0.3_nodelim_norole_nocot,Um homem de 38 anos,N/A,Per,tp,
qwen3_14b,participants,lusa_9,cls_exp_temp0.3_nodelim_norole_nocot,Vila do Conde,N/A,Pl_civil,tp,
qwen3_14b,participants,lusa_9,cls_exp_temp0.3_nodelim_norole_nocot,a GNR,N/A,Org,tp,
qwen3_14b,participants,lusa_9,cls_exp_temp0.3_nodelim_norole_nocot,Tribunal Judicial de Vila do Conde,N/A,,fp,
qwen3_14b,participants,lusa_9,cls_exp_temp0.3_nodelim_norole_nocot,nota de imprensa,N/A,,fp,
qwen3_14b,participants,lusa_9,cls_exp_temp0.3_nodelim_norole_nocot,homem,N/A,,fp,
qwen3_14b,participants,lusa_9,cls_exp_temp0.3_nodelim_norole_nocot,mandado de condução a estabelecimento prisional,N/A,,fp,
qwen3_14b,participants,lusa_9,cls_exp_temp0.3_nodelim_norole_nocot,Estabelecimento Prisional do Porto,N/A,,fp,
qwen3_14b,participants,lusa_9,cls_exp_temp0.3_nodelim_norole_nocot,GNR,N/A,,fp,
qwen3_14b,participants,lusa_9,cls_exp_temp0.3_nodelim_norole_nocot,condenado a prisão,N/A,,fp,
qwen3_14b,participants,lusa_9,cls_exp_temp0.3_nodelim_norole_nocot,a nota de imprensa,,Obj,fn,
qwen3_14b,participants,lusa_9,cls_exp_temp0.3_nodelim_norole_nocot,comunicado,,Obj,fn,
qwen3_14b,participants,lusa_9,cls_exp_temp0.3_nodelim_norole_nocot,o Tribunal Judicial de Vila do Conde,,Org,fn,
qwen3_14b,participants,lusa_9,cls_exp_temp0.3_nodelim_norole_nocot,o Tribunal Judicial,,Org,fn,
qwen3_14b,participants,lusa_9,cls_exp_temp0.3_nodelim_norole_nocot,o Estabelecimento Prisional do Porto,,Fac,fn,
qwen3_14b,participants,lusa_9,cls_exp_temp0.3_nodelim_norole_nocot,o Estabelecimento Prisional,,Fac,fn,
qwen3_14b,participants,lusa_9,cls_exp_temp0.3_nodelim_norole_nocot,estupefacientes,,Obj,fn,
qwen3_14b,participants,lusa_9,cls_exp_temp0.3_nodelim_norole_nocot,uma pena,,Other,fn,
qwen3_14b,participants,lusa_9,cls_exp_temp0.3_nodelim_norole_nocot,o veículo,,Veh,fn,
qwen3_14b,participants,lusa_9,cls_exp_temp0.3_nodelim_norole_nocot,os factos,,Other,fn,
qwen3_14b,participants,lusa_9,cls_exp_temp0.3_nodelim_norole_nocot,nove doses de cocaína,,Other,fn,
qwen3_14b,participants,lusa_9,cls_exp_temp0.3_nodelim_norole_nocot,estabelecimento prisional,,Fac,fn,
qwen3_14b,participants,lusa_9,cls_exp_temp0.3_nodelim_norole_nocot,o Porto,,Pl_civil,fn,
qwen3_14b,participants,lusa_9,cls_exp_temp0.3_nodelim_norole_nocot,12 doses de heroína,,Other,fn,
qwen3_14b,participants,lusa_90,cls_exp_temp0.3_nodelim_norole_nocot,O Tribunal de Instrução Criminal,N/A,Org,tp,
qwen3_14b,participants,lusa_90,cls_exp_temp0.3_nodelim_norole_nocot,a residência,Fac,Loc,tp,
qwen3_14b,participants,lusa_90,cls_exp_temp0.3_nodelim_norole_nocot,aquela força policial,N/A,Org,tp,
qwen3_14b,participants,lusa_90,cls_exp_temp0.3_nodelim_norole_nocot,o arguido,N/A,Per,tp,
qwen3_14b,participants,lusa_90,cls_exp_temp0.3_nodelim_norole_nocot,o comunicado,Obj,Obj,tp,
qwen3_14b,participants,lusa_90,cls_exp_temp0.3_nodelim_norole_nocot,Penafiel,N/A,Loc,tp,
qwen3_14b,participants,lusa_90,cls_exp_temp0.3_nodelim_norole_nocot,Um homem,N/A,Per,tp,
qwen3_14b,participants,lusa_90,cls_exp_temp0.3_nodelim_norole_nocot,pulseira eletrónica,N/A,Obj,tp,
qwen3_14b,participants,lusa_90,cls_exp_temp0.3_nodelim_norole_nocot,a GNR,N/A,Org,tp,
qwen3_14b,participants,lusa_90,cls_exp_temp0.3_nodelim_norole_nocot,a filha,Per,Per,tp,
qwen3_14b,participants,lusa_90,cls_exp_temp0.3_nodelim_norole_nocot,outros familiares,N/A,Per,tp,
qwen3_14b,participants,lusa_90,cls_exp_temp0.3_nodelim_norole_nocot,a vítima,Per,Per,tp,
qwen3_14b,participants,lusa_90,cls_exp_temp0.3_nodelim_norole_nocot,Amarante,N/A,Loc,tp,
qwen3_14b,participants,lusa_90,cls_exp_temp0.3_nodelim_norole_nocot,filha comum,N/A,,fp,
qwen3_14b,participants,lusa_90,cls_exp_temp0.3_nodelim_norole_nocot,a sua mulher,N/A,,fp,
qwen3_14b,participants,lusa_90,cls_exp_temp0.3_nodelim_norole_nocot,o homem,N/A,,fp,
qwen3_14b,participants,lusa_90,cls_exp_temp0.3_nodelim_norole_nocot,Homem de Amarante,Per,,fp,
qwen3_14b,participants,lusa_90,cls_exp_temp0.3_nodelim_norole_nocot,sua mulher de 46 anos,N/A,,fp,
qwen3_14b,participants,lusa_90,cls_exp_temp0.3_nodelim_norole_nocot,vítima,N/A,,fp,
qwen3_14b,participants,lusa_90,cls_exp_temp0.3_nodelim_norole_nocot,casa de familiares,Fac,,fp,
qwen3_14b,participants,lusa_90,cls_exp_temp0.3_nodelim_norole_nocot,Tribunal de Instrução Criminal,N/A,,fp,
qwen3_14b,participants,lusa_90,cls_exp_temp0.3_nodelim_norole_nocot,vítima refugiada,Per,,fp,
qwen3_14b,participants,lusa_90,cls_exp_temp0.3_nodelim_norole_nocot,a filha menor de ambos,N/A,,fp,
qwen3_14b,participants,lusa_90,cls_exp_temp0.3_nodelim_norole_nocot,GNR,N/A,,fp,
qwen3_14b,participants,lusa_90,cls_exp_temp0.3_nodelim_norole_nocot,força policial,N/A,,fp,
qwen3_14b,participants,lusa_90,cls_exp_temp0.3_nodelim_norole_nocot,se,,Per,fn,
qwen3_14b,participants,lusa_90,cls_exp_temp0.3_nodelim_norole_nocot,mulher de 46 anos,,Per,fn,
qwen3_14b,participants,lusa_90,cls_exp_temp0.3_nodelim_norole_nocot,"o homem, de 47 anos",,Per,fn,
qwen3_14b,participants,lusa_90,cls_exp_temp0.3_nodelim_norole_nocot,ambos,,Per,fn,
qwen3_14b,participants,lusa_90,cls_exp_temp0.3_nodelim_norole_nocot,a filha comum,,Per,fn,
qwen3_14b,participants,lusa_90,cls_exp_temp0.3_nodelim_norole_nocot,casa,,Loc,fn,
qwen3_14b,participants,lusa_90,cls_exp_temp0.3_nodelim_norole_nocot,que,,Per,fn,
qwen3_14b,participants,lusa_90,cls_exp_temp0.3_nodelim_norole_nocot,filha menor,,Per,fn,
qwen3_14b,participants,lusa_90,cls_exp_temp0.3_nodelim_norole_nocot,bebidas alcoólicas,,Obj,fn,
qwen3_14b,participants,lusa_90,cls_exp_temp0.3_nodelim_norole_nocot,um raio de 500 metros,,Other,fn,
qwen3_14b,participants,lusa_90,cls_exp_temp0.3_nodelim_norole_nocot,qualquer forma ou meio,,Other,fn,
qwen3_14b,participants,lusa_90,cls_exp_temp0.3_nodelim_norole_nocot,o,,Per,fn,
qwen3_14b,participants,lusa_90,cls_exp_temp0.3_nodelim_norole_nocot,comunicado,,Obj,fn,
qwen3_14b,participants,lusa_90,cls_exp_temp0.3_nodelim_norole_nocot,mulher,,Per,fn,
qwen3_14b,participants,lusa_90,cls_exp_temp0.3_nodelim_norole_nocot,o Tribunal de Instrução Criminal,,Org,fn,
qwen3_14b,participants,lusa_90,cls_exp_temp0.3_nodelim_norole_nocot,seus,,Per,fn,
qwen3_14b,participants,lusa_90,cls_exp_temp0.3_nodelim_norole_nocot,as medidas,,Other,fn,
qwen3_14b,participants,lusa_90,cls_exp_temp0.3_nodelim_norole_nocot,familiares,,Per,fn,
qwen3_14b,participants,lusa_90,cls_exp_temp0.3_nodelim_norole_nocot,sua,,Per,fn,
qwen3_14b,participants,lusa_91,cls_exp_temp0.3_nodelim_norole_nocot,o detido,Per,Per,tp,
qwen3_14b,participants,lusa_91,cls_exp_temp0.3_nodelim_norole_nocot,o suspeito,Per,Per,tp,
qwen3_14b,participants,lusa_91,cls_exp_temp0.3_nodelim_norole_nocot,"a vítima, de 30 anos",Per,Per,tp,
qwen3_14b,participants,lusa_91,cls_exp_temp0.3_nodelim_norole_nocot,ex-companheira,Per,Per,tp,
qwen3_14b,participants,lusa_91,cls_exp_temp0.3_nodelim_norole_nocot,Homem,Per,Per,tp,
qwen3_14b,participants,lusa_91,cls_exp_temp0.3_nodelim_norole_nocot,Um homem de 28 anos,N/A,Per,tp,
qwen3_14b,participants,lusa_91,cls_exp_temp0.3_nodelim_norole_nocot,Vila Nova de Gaia,N/A,Loc,tp,
qwen3_14b,participants,lusa_91,cls_exp_temp0.3_nodelim_norole_nocot,Gaia,Loc,Loc,tp,
qwen3_14b,participants,lusa_91,cls_exp_temp0.3_nodelim_norole_nocot,a GNR,N/A,Org,tp,
qwen3_14b,participants,lusa_91,cls_exp_temp0.3_nodelim_norole_nocot,pulseira eletrónica,Obj,Obj,tp,
qwen3_14b,participants,lusa_91,cls_exp_temp0.3_nodelim_norole_nocot,a vítima,Per,Per,tp,
qwen3_14b,participants,lusa_91,cls_exp_temp0.3_nodelim_norole_nocot,esta força policial,Org,Org,tp,
qwen3_14b,participants,lusa_91,cls_exp_temp0.3_nodelim_norole_nocot,veículo da vítima,N/A,,fp,
qwen3_14b,participants,lusa_91,cls_exp_temp0.3_nodelim_norole_nocot,a sua ex-companheira,N/A,,fp,
qwen3_14b,participants,lusa_91,cls_exp_temp0.3_nodelim_norole_nocot,vítima,N/A,,fp,
qwen3_14b,participants,lusa_91,cls_exp_temp0.3_nodelim_norole_nocot,os militares da GNR,Per,,fp,
qwen3_14b,participants,lusa_91,cls_exp_temp0.3_nodelim_norole_nocot,GNR,Org,,fp,
qwen3_14b,participants,lusa_91,cls_exp_temp0.3_nodelim_norole_nocot,se,,Per,fn,
qwen3_14b,participants,lusa_91,cls_exp_temp0.3_nodelim_norole_nocot,droga,,Obj,fn,
qwen3_14b,participants,lusa_91,cls_exp_temp0.3_nodelim_norole_nocot,qualquer meio,,Other,fn,
qwen3_14b,participants,lusa_91,cls_exp_temp0.3_nodelim_norole_nocot,comunicado,,Obj,fn,
qwen3_14b,participants,lusa_91,cls_exp_temp0.3_nodelim_norole_nocot,os mesmos locais,,Loc,fn,
qwen3_14b,participants,lusa_91,cls_exp_temp0.3_nodelim_norole_nocot,dela,,Per,fn,
qwen3_14b,participants,lusa_91,cls_exp_temp0.3_nodelim_norole_nocot,o veículo,,Obj,fn,
qwen3_14b,participants,lusa_91,cls_exp_temp0.3_nodelim_norole_nocot,um raio de 800 metros,,Other,fn,
qwen3_14b,participants,lusa_91,cls_exp_temp0.3_nodelim_norole_nocot,sua,,Per,fn,
qwen3_14b,participants,lusa_91,cls_exp_temp0.3_nodelim_norole_nocot,os militares,,Per,fn,
qwen3_14b,participants,lusa_92,cls_exp_temp0.3_nodelim_norole_nocot,Famalicão,N/A,Pl_civil,tp,
qwen3_14b,participants,lusa_92,cls_exp_temp0.3_nodelim_norole_nocot,Jesufrei,N/A,Pl_civil,tp,
qwen3_14b,participants,lusa_92,cls_exp_temp0.3_nodelim_norole_nocot,Homem,N/A,Per,tp,
qwen3_14b,participants,lusa_92,cls_exp_temp0.3_nodelim_norole_nocot,Um homem,N/A,Per,tp,
qwen3_14b,participants,lusa_92,cls_exp_temp0.3_nodelim_norole_nocot,uma viatura médica de emergência e reanimação (VMER),N/A,Obj,tp,
qwen3_14b,participants,lusa_92,cls_exp_temp0.3_nodelim_norole_nocot,fonte,N/A,Per,tp,
qwen3_14b,participants,lusa_92,cls_exp_temp0.3_nodelim_norole_nocot,três viaturas,N/A,Obj,tp,
qwen3_14b,participants,lusa_92,cls_exp_temp0.3_nodelim_norole_nocot,Vila Nova de Famalicão,N/A,Pl_civil,tp,
qwen3_14b,participants,lusa_92,cls_exp_temp0.3_nodelim_norole_nocot,o telhado,N/A,Obj,tp,
qwen3_14b,participants,lusa_92,cls_exp_temp0.3_nodelim_norole_nocot,a vítima,N/A,Per,tp,
qwen3_14b,participants,lusa_92,cls_exp_temp0.3_nodelim_norole_nocot,um telhado,N/A,Obj,tp,
qwen3_14b,participants,lusa_92,cls_exp_temp0.3_nodelim_norole_nocot,a fonte,N/A,Per,tp,
qwen3_14b,participants,lusa_92,cls_exp_temp0.3_nodelim_norole_nocot,Comando Distrital de Operações de Socorro de Braga,N/A,,fp,
qwen3_14b,participants,lusa_92,cls_exp_temp0.3_nodelim_norole_nocot,homem,N/A,,fp,
qwen3_14b,participants,lusa_92,cls_exp_temp0.3_nodelim_norole_nocot,seis homens,N/A,,fp,
qwen3_14b,participants,lusa_92,cls_exp_temp0.3_nodelim_norole_nocot,telhado,N/A,,fp,
qwen3_14b,participants,lusa_92,cls_exp_temp0.3_nodelim_norole_nocot,bombeiros,N/A,,fp,
qwen3_14b,participants,lusa_92,cls_exp_temp0.3_nodelim_norole_nocot,VMER,N/A,,fp,
qwen3_14b,participants,lusa_92,cls_exp_temp0.3_nodelim_norole_nocot,o Comando Distrital de Operações de Socorro,,Org,fn,
qwen3_14b,participants,lusa_92,cls_exp_temp0.3_nodelim_norole_nocot,cerca de oito metros de altura,,Other,fn,
qwen3_14b,participants,lusa_92,cls_exp_temp0.3_nodelim_norole_nocot,um total de seis homens,,Per,fn,
qwen3_14b,participants,lusa_92,cls_exp_temp0.3_nodelim_norole_nocot,que,,Obj,fn,
qwen3_14b,participants,lusa_92,cls_exp_temp0.3_nodelim_norole_nocot,entre 60 e 65 anos,,Other,fn,
qwen3_14b,participants,lusa_92,cls_exp_temp0.3_nodelim_norole_nocot,os bombeiros,,Org,fn,
qwen3_14b,participants,lusa_92,cls_exp_temp0.3_nodelim_norole_nocot,A GNR,,Org,fn,
qwen3_14b,participants,lusa_92,cls_exp_temp0.3_nodelim_norole_nocot,o local,,Pl_civil,fn,
qwen3_14b,participants,lusa_92,cls_exp_temp0.3_nodelim_norole_nocot,Braga,,Pl_civil,fn,
qwen3_14b,participants,lusa_92,cls_exp_temp0.3_nodelim_norole_nocot,o Comando Distrital de Operações de Socorro de Braga,,Org,fn,
qwen3_14b,participants,lusa_93,cls_exp_temp0.3_nodelim_norole_nocot,o rio,N/A,Nat,tp,
qwen3_14b,participants,lusa_93,cls_exp_temp0.3_nodelim_norole_nocot,Um homem de 32 anos,N/A,Per,tp,
qwen3_14b,participants,lusa_93,cls_exp_temp0.3_nodelim_norole_nocot,Homem,N/A,Per,tp,
qwen3_14b,participants,lusa_93,cls_exp_temp0.3_nodelim_norole_nocot,O corpo,N/A,Per,tp,
qwen3_14b,participants,lusa_93,cls_exp_temp0.3_nodelim_norole_nocot,o homem,N/A,Per,tp,
qwen3_14b,participants,lusa_93,cls_exp_temp0.3_nodelim_norole_nocot,a GNR,N/A,Org,tp,
qwen3_14b,participants,lusa_93,cls_exp_temp0.3_nodelim_norole_nocot,as autoridades,N/A,Org,tp,
qwen3_14b,participants,lusa_93,cls_exp_temp0.3_nodelim_norole_nocot,Lusa,N/A,Org,tp,
qwen3_14b,participants,lusa_93,cls_exp_temp0.3_nodelim_norole_nocot,o local,N/A,Loc,tp,
qwen3_14b,participants,lusa_93,cls_exp_temp0.3_nodelim_norole_nocot,o pescador,N/A,Per,tp,
qwen3_14b,participants,lusa_93,cls_exp_temp0.3_nodelim_norole_nocot,Polícia Judiciária,N/A,Org,tp,
qwen3_14b,participants,lusa_93,cls_exp_temp0.3_nodelim_norole_nocot,a fonte,N/A,Org,tp,
qwen3_14b,participants,lusa_93,cls_exp_temp0.3_nodelim_norole_nocot,zona de Valverde da Gestosa,N/A,,fp,
qwen3_14b,participants,lusa_93,cls_exp_temp0.3_nodelim_norole_nocot,zona de Mirandela,N/A,,fp,
qwen3_14b,participants,lusa_93,cls_exp_temp0.3_nodelim_norole_nocot,rio Tua,N/A,,fp,
qwen3_14b,participants,lusa_93,cls_exp_temp0.3_nodelim_norole_nocot,os haveres do pescador,N/A,,fp,
qwen3_14b,participants,lusa_93,cls_exp_temp0.3_nodelim_norole_nocot,Mirandela,N/A,,fp,
qwen3_14b,participants,lusa_93,cls_exp_temp0.3_nodelim_norole_nocot,aquela força de segurança,,Org,fn,
qwen3_14b,participants,lusa_93,cls_exp_temp0.3_nodelim_norole_nocot,as proximidades do local,,Loc,fn,
qwen3_14b,participants,lusa_93,cls_exp_temp0.3_nodelim_norole_nocot,informação,,Other,fn,
qwen3_14b,participants,lusa_93,cls_exp_temp0.3_nodelim_norole_nocot,local,,Loc,fn,
qwen3_14b,participants,lusa_93,cls_exp_temp0.3_nodelim_norole_nocot,casa,,Loc,fn,
qwen3_14b,participants,lusa_93,cls_exp_temp0.3_nodelim_norole_nocot,os haveres,,Obj,fn,
qwen3_14b,participants,lusa_93,cls_exp_temp0.3_nodelim_norole_nocot,em Mirandela,,Loc,fn,
qwen3_14b,participants,lusa_93,cls_exp_temp0.3_nodelim_norole_nocot,a zona de Mirandela,,Loc,fn,
qwen3_14b,participants,lusa_93,cls_exp_temp0.3_nodelim_norole_nocot,a zona de Valverde da Gestosa,,Loc,fn,
qwen3_14b,participants,lusa_93,cls_exp_temp0.3_nodelim_norole_nocot,onde,,Loc,fn,
qwen3_14b,participants,lusa_93,cls_exp_temp0.3_nodelim_norole_nocot,o rio Tua,,Nat,fn,
qwen3_14b,participants,lusa_94,cls_exp_temp0.3_nodelim_norole_nocot,um vizinho,N/A,Per,tp,
qwen3_14b,participants,lusa_94,cls_exp_temp0.3_nodelim_norole_nocot,Homem,Per,Per,tp,
qwen3_14b,participants,lusa_94,cls_exp_temp0.3_nodelim_norole_nocot,Romariz,N/A,Loc,tp,
qwen3_14b,participants,lusa_94,cls_exp_temp0.3_nodelim_norole_nocot,Santa Maria da Feira,N/A,Loc,tp,
qwen3_14b,participants,lusa_94,cls_exp_temp0.3_nodelim_norole_nocot,uma equipa de grande ângulo,N/A,Per,tp,
qwen3_14b,participants,lusa_94,cls_exp_temp0.3_nodelim_norole_nocot,cordas,N/A,Obj,tp,
qwen3_14b,participants,lusa_94,cls_exp_temp0.3_nodelim_norole_nocot,o homem,N/A,Per,tp,
qwen3_14b,participants,lusa_94,cls_exp_temp0.3_nodelim_norole_nocot,a fonte,N/A,Per,tp,
qwen3_14b,participants,lusa_94,cls_exp_temp0.3_nodelim_norole_nocot,a água,N/A,Nat,tp,
qwen3_14b,participants,lusa_94,cls_exp_temp0.3_nodelim_norole_nocot,o poço,N/A,Obj,tp,
qwen3_14b,participants,lusa_94,cls_exp_temp0.3_nodelim_norole_nocot,fonte,N/A,Per,tp,
qwen3_14b,participants,lusa_94,cls_exp_temp0.3_nodelim_norole_nocot,os bombeiros,N/A,Per,tp,
qwen3_14b,participants,lusa_94,cls_exp_temp0.3_nodelim_norole_nocot,Lusa,N/A,Org,tp,
qwen3_14b,participants,lusa_94,cls_exp_temp0.3_nodelim_norole_nocot,a tampa do poço,N/A,,fp,
qwen3_14b,participants,lusa_94,cls_exp_temp0.3_nodelim_norole_nocot,fonte dos Bombeiros de Arrifana,N/A,,fp,
qwen3_14b,participants,lusa_94,cls_exp_temp0.3_nodelim_norole_nocot,hospital de Santa Maria da Feira,N/A,,fp,
qwen3_14b,participants,lusa_94,cls_exp_temp0.3_nodelim_norole_nocot,poço,Obj,,fp,
qwen3_14b,participants,lusa_94,cls_exp_temp0.3_nodelim_norole_nocot,GNR de Santa Maria da Feira,N/A,,fp,
qwen3_14b,participants,lusa_94,cls_exp_temp0.3_nodelim_norole_nocot,Um homem,N/A,,fp,
qwen3_14b,participants,lusa_94,cls_exp_temp0.3_nodelim_norole_nocot,Bombeiros de Arrifana,N/A,,fp,
qwen3_14b,participants,lusa_94,cls_exp_temp0.3_nodelim_norole_nocot,o hospital de Santa Maria da Feira,,Loc,fn,
qwen3_14b,participants,lusa_94,cls_exp_temp0.3_nodelim_norole_nocot,em cima,,Obj,fn,
qwen3_14b,participants,lusa_94,cls_exp_temp0.3_nodelim_norole_nocot,um poço de 25 metros,,Obj,fn,
qwen3_14b,participants,lusa_94,cls_exp_temp0.3_nodelim_norole_nocot,a tampa,,Obj,fn,
qwen3_14b,participants,lusa_94,cls_exp_temp0.3_nodelim_norole_nocot,um poço com cerca de 25 metros de profundidade,,Obj,fn,
qwen3_14b,participants,lusa_94,cls_exp_temp0.3_nodelim_norole_nocot,os Bombeiros de Arrifana,,Org,fn,
qwen3_14b,participants,lusa_94,cls_exp_temp0.3_nodelim_norole_nocot,a propriedade,,Other,fn,
qwen3_14b,participants,lusa_94,cls_exp_temp0.3_nodelim_norole_nocot,A GNR,,Org,fn,
qwen3_14b,participants,lusa_94,cls_exp_temp0.3_nodelim_norole_nocot,o local,,Loc,fn,
qwen3_14b,participants,lusa_94,cls_exp_temp0.3_nodelim_norole_nocot,Um homem com cerca de 60 anos,,Per,fn,
qwen3_14b,participants,lusa_94,cls_exp_temp0.3_nodelim_norole_nocot,profundidade,,Other,fn,
qwen3_14b,participants,lusa_95,cls_exp_temp0.3_nodelim_norole_nocot,a GNR de Santarém,N/A,Org,tp,
qwen3_14b,participants,lusa_95,cls_exp_temp0.3_nodelim_norole_nocot,Lisboa,N/A,Pl_capital,tp,
qwen3_14b,participants,lusa_95,cls_exp_temp0.3_nodelim_norole_nocot,o ferido grave,N/A,Per,tp,
qwen3_14b,participants,lusa_95,cls_exp_temp0.3_nodelim_norole_nocot,a mesma fonte,N/A,Per,tp,
qwen3_14b,participants,lusa_95,cls_exp_temp0.3_nodelim_norole_nocot,cinco viaturas,N/A,Obj,tp,
qwen3_14b,participants,lusa_95,cls_exp_temp0.3_nodelim_norole_nocot,Homem,Per,Per,tp,
qwen3_14b,participants,lusa_95,cls_exp_temp0.3_nodelim_norole_nocot,a outra vítima,N/A,Per,tp,
qwen3_14b,participants,lusa_95,cls_exp_temp0.3_nodelim_norole_nocot,um veículo ligeiro,N/A,Obj,tp,
qwen3_14b,participants,lusa_95,cls_exp_temp0.3_nodelim_norole_nocot,Reguengo,N/A,Pl_civil,tp,
qwen3_14b,participants,lusa_95,cls_exp_temp0.3_nodelim_norole_nocot,13 operacionais,N/A,Per,tp,
qwen3_14b,participants,lusa_95,cls_exp_temp0.3_nodelim_norole_nocot,as vítimas,N/A,Per,tp,
qwen3_14b,participants,lusa_95,cls_exp_temp0.3_nodelim_norole_nocot,um ferido grave,N/A,Per,tp,
qwen3_14b,participants,lusa_95,cls_exp_temp0.3_nodelim_norole_nocot,Santarém,N/A,Pl_civil,tp,
qwen3_14b,participants,lusa_95,cls_exp_temp0.3_nodelim_norole_nocot,um morto,N/A,Per,tp,
qwen3_14b,participants,lusa_95,cls_exp_temp0.3_nodelim_norole_nocot,Cartaxo,N/A,Pl_civil,tp,
qwen3_14b,participants,lusa_95,cls_exp_temp0.3_nodelim_norole_nocot,Autoridade Nacional de Emergência e Proteção Civil,N/A,,fp,
qwen3_14b,participants,lusa_95,cls_exp_temp0.3_nodelim_norole_nocot,fonte do Comando Distrital de Operações de Socorro,N/A,,fp,
qwen3_14b,participants,lusa_95,cls_exp_temp0.3_nodelim_norole_nocot,Um atropelamento rodoviário,N/A,,fp,
qwen3_14b,participants,lusa_95,cls_exp_temp0.3_nodelim_norole_nocot,Hospital de São José,N/A,,fp,
qwen3_14b,participants,lusa_95,cls_exp_temp0.3_nodelim_norole_nocot,distrito de Santarém,N/A,,fp,
qwen3_14b,participants,lusa_95,cls_exp_temp0.3_nodelim_norole_nocot,à agência Lusa,N/A,,fp,
qwen3_14b,participants,lusa_95,cls_exp_temp0.3_nodelim_norole_nocot,Comando Distrital de Operações de Socorro,N/A,,fp,
qwen3_14b,participants,lusa_95,cls_exp_temp0.3_nodelim_norole_nocot,a página na Internet da Autoridade Nacional de Emergência e Proteção Civil,N/A,,fp,
qwen3_14b,participants,lusa_95,cls_exp_temp0.3_nodelim_norole_nocot,dois homens,N/A,,fp,
qwen3_14b,participants,lusa_95,cls_exp_temp0.3_nodelim_norole_nocot,freguesia de Valada,N/A,,fp,
qwen3_14b,participants,lusa_95,cls_exp_temp0.3_nodelim_norole_nocot,Estrada Nacional 2-3,N/A,,fp,
qwen3_14b,participants,lusa_95,cls_exp_temp0.3_nodelim_norole_nocot,a página,,Other,fn,
qwen3_14b,participants,lusa_95,cls_exp_temp0.3_nodelim_norole_nocot,o Hospital de São José,,Fac,fn,
qwen3_14b,participants,lusa_95,cls_exp_temp0.3_nodelim_norole_nocot,o Comando Distrital de Operações de Socorro,,Org,fn,
qwen3_14b,participants,lusa_95,cls_exp_temp0.3_nodelim_norole_nocot,a Estrada Nacional 2-3,,Pl_civil,fn,
qwen3_14b,participants,lusa_95,cls_exp_temp0.3_nodelim_norole_nocot,o distrito de Santarém,,Pl_civil,fn,
qwen3_14b,participants,lusa_95,cls_exp_temp0.3_nodelim_norole_nocot,a Internet,,Other,fn,
qwen3_14b,participants,lusa_95,cls_exp_temp0.3_nodelim_norole_nocot,que,,Per,fn,
qwen3_14b,participants,lusa_95,cls_exp_temp0.3_nodelim_norole_nocot,a freguesia de Valada,,Pl_civil,fn,
qwen3_14b,participants,lusa_95,cls_exp_temp0.3_nodelim_norole_nocot,a página na Internet,,Other,fn,
qwen3_14b,participants,lusa_95,cls_exp_temp0.3_nodelim_norole_nocot,"dois homens, entre os 30 e os 40 anos",,Per,fn,
qwen3_14b,participants,lusa_95,cls_exp_temp0.3_nodelim_norole_nocot,fonte,,Per,fn,
qwen3_14b,participants,lusa_95,cls_exp_temp0.3_nodelim_norole_nocot,a Autoridade Nacional de Emergência e Proteção Civil,,Org,fn,
qwen3_14b,participants,lusa_95,cls_exp_temp0.3_nodelim_norole_nocot,a GNR,,Org,fn,
qwen3_14b,participants,lusa_95,cls_exp_temp0.3_nodelim_norole_nocot,agência Lusa,,Org,fn,
qwen3_14b,participants,lusa_95,cls_exp_temp0.3_nodelim_norole_nocot,o local,,Loc,fn,
qwen3_14b,participants,lusa_95,cls_exp_temp0.3_nodelim_norole_nocot,o Cartaxo,,Loc,fn,
qwen3_14b,participants,lusa_98,cls_exp_temp0.3_nodelim_norole_nocot,os suspeitos,N/A,Per,tp,
qwen3_14b,participants,lusa_98,cls_exp_temp0.3_nodelim_norole_nocot,a casa,N/A,Other,tp,
qwen3_14b,participants,lusa_98,cls_exp_temp0.3_nodelim_norole_nocot,os bens,N/A,Other,tp,
qwen3_14b,participants,lusa_98,cls_exp_temp0.3_nodelim_norole_nocot,uma mulher de 69 anos,N/A,Per,tp,
qwen3_14b,participants,lusa_98,cls_exp_temp0.3_nodelim_norole_nocot,Os detidos,Per,Per,tp,
qwen3_14b,participants,lusa_98,cls_exp_temp0.3_nodelim_norole_nocot,casal,N/A,Per,tp,
qwen3_14b,participants,lusa_98,cls_exp_temp0.3_nodelim_norole_nocot,Dume,N/A,Loc,tp,
qwen3_14b,participants,lusa_98,cls_exp_temp0.3_nodelim_norole_nocot,o corpo,N/A,Other,tp,
qwen3_14b,participants,lusa_98,cls_exp_temp0.3_nodelim_norole_nocot,um casal,N/A,Per,tp,
qwen3_14b,participants,lusa_98,cls_exp_temp0.3_nodelim_norole_nocot,PJ,N/A,Org,tp,
qwen3_14b,participants,lusa_98,cls_exp_temp0.3_nodelim_norole_nocot,Braga,N/A,Loc,tp,
qwen3_14b,participants,lusa_98,cls_exp_temp0.3_nodelim_norole_nocot,a vítima,N/A,Per,tp,
qwen3_14b,participants,lusa_98,cls_exp_temp0.3_nodelim_norole_nocot,a fonte,N/A,Per,tp,
qwen3_14b,participants,lusa_98,cls_exp_temp0.3_nodelim_norole_nocot,Polícia Judiciária (PJ),N/A,,fp,
qwen3_14b,participants,lusa_98,cls_exp_temp0.3_nodelim_norole_nocot,o elemento masculino do casal,N/A,,fp,
qwen3_14b,participants,lusa_98,cls_exp_temp0.3_nodelim_norole_nocot,mulher,N/A,,fp,
qwen3_14b,participants,lusa_98,cls_exp_temp0.3_nodelim_norole_nocot,ela,Per,,fp,
qwen3_14b,participants,lusa_98,cls_exp_temp0.3_nodelim_norole_nocot,o crime,N/A,,fp,
qwen3_14b,participants,lusa_98,cls_exp_temp0.3_nodelim_norole_nocot,a cidade de Braga,Loc,,fp,
qwen3_14b,participants,lusa_98,cls_exp_temp0.3_nodelim_norole_nocot,ele,Per,,fp,
qwen3_14b,participants,lusa_98,cls_exp_temp0.3_nodelim_norole_nocot,tribunal,N/A,,fp,
qwen3_14b,participants,lusa_98,cls_exp_temp0.3_nodelim_norole_nocot,fonte daquela força,N/A,,fp,
qwen3_14b,participants,lusa_98,cls_exp_temp0.3_nodelim_norole_nocot,A vítima,N/A,,fp,
qwen3_14b,participants,lusa_98,cls_exp_temp0.3_nodelim_norole_nocot,Lusa,N/A,,fp,
qwen3_14b,participants,lusa_98,cls_exp_temp0.3_nodelim_norole_nocot,o elemento masculino,,Per,fn,
qwen3_14b,participants,lusa_98,cls_exp_temp0.3_nodelim_norole_nocot,"A vítima, de 69 anos",,Per,fn,
qwen3_14b,participants,lusa_98,cls_exp_temp0.3_nodelim_norole_nocot,consigo,,Per,fn,
qwen3_14b,participants,lusa_98,cls_exp_temp0.3_nodelim_norole_nocot,que,,Other,fn,
qwen3_14b,participants,lusa_98,cls_exp_temp0.3_nodelim_norole_nocot,no mesmo concelho,,Loc,fn,
qwen3_14b,participants,lusa_98,cls_exp_temp0.3_nodelim_norole_nocot,O objetivo,,Other,fn,
qwen3_14b,participants,lusa_98,cls_exp_temp0.3_nodelim_norole_nocot,as respetivas medidas de coação,,Other,fn,
qwen3_14b,participants,lusa_98,cls_exp_temp0.3_nodelim_norole_nocot,na cidade de Braga,,Loc,fn,
qwen3_14b,participants,lusa_98,cls_exp_temp0.3_nodelim_norole_nocot,em Braga,,Loc,fn,
qwen3_14b,participants,lusa_98,cls_exp_temp0.3_nodelim_norole_nocot,aquela força,,Org,fn,
qwen3_14b,participants,lusa_98,cls_exp_temp0.3_nodelim_norole_nocot,à Lusa,,Org,fn,
qwen3_14b,participants,lusa_98,cls_exp_temp0.3_nodelim_norole_nocot,lhe,,Per,fn,
qwen3_14b,participants,lusa_98,cls_exp_temp0.3_nodelim_norole_nocot,numa freguesia urbana,,Loc,fn,
qwen3_14b,participants,lusa_98,cls_exp_temp0.3_nodelim_norole_nocot,uma mulher,,Per,fn,
qwen3_14b,participants,lusa_98,cls_exp_temp0.3_nodelim_norole_nocot,fonte,,Per,fn,
qwen3_14b,participants,lusa_98,cls_exp_temp0.3_nodelim_norole_nocot,ela de 48 anos,,Per,fn,
qwen3_14b,participants,lusa_98,cls_exp_temp0.3_nodelim_norole_nocot,o casal,,Per,fn,
qwen3_14b,participants,lusa_98,cls_exp_temp0.3_nodelim_norole_nocot,num caminho,,Loc,fn,
qwen3_14b,participants,lusa_98,cls_exp_temp0.3_nodelim_norole_nocot,ele de 61 anos,,Per,fn,
qwen3_14b,participants,lusa_98,cls_exp_temp0.3_nodelim_norole_nocot,A Polícia Judiciária (PJ),,Org,fn,
qwen3_14b,participants,lusa_98,cls_exp_temp0.3_nodelim_norole_nocot,bens patrimoniais,,Other,fn,
qwen3_14b,participants,lusa_98,cls_exp_temp0.3_nodelim_norole_nocot,onde,,Loc,fn,
qwen3_14b,participants,lusa_99,cls_exp_temp0.3_nodelim_norole_nocot,quatro operacionais,Per,Per,tp,
qwen3_14b,participants,lusa_99,cls_exp_temp0.3_nodelim_norole_nocot,duas viaturas,Obj,Obj,tp,
qwen3_14b,participants,lusa_99,cls_exp_temp0.3_nodelim_norole_nocot,a mesma fonte,N/A,Per,tp,
qwen3_14b,participants,lusa_99,cls_exp_temp0.3_nodelim_norole_nocot,Homem,Per,Per,tp,
qwen3_14b,participants,lusa_99,cls_exp_temp0.3_nodelim_norole_nocot,Um homem de 66 anos,N/A,Per,tp,
qwen3_14b,participants,lusa_99,cls_exp_temp0.3_nodelim_norole_nocot,fonte,N/A,Per,tp,
qwen3_14b,participants,lusa_99,cls_exp_temp0.3_nodelim_norole_nocot,a vítima,N/A,Per,tp,
qwen3_14b,participants,lusa_99,cls_exp_temp0.3_nodelim_norole_nocot,Castelo Branco,N/A,,fp,
qwen3_14b,participants,lusa_99,cls_exp_temp0.3_nodelim_norole_nocot,Centro Hospitalar e Universitário de Coimbra,N/A,,fp,
qwen3_14b,participants,lusa_99,cls_exp_temp0.3_nodelim_norole_nocot,Coimbra,N/A,,fp,
qwen3_14b,participants,lusa_99,cls_exp_temp0.3_nodelim_norole_nocot,Oleiros,N/A,,fp,
qwen3_14b,participants,lusa_99,cls_exp_temp0.3_nodelim_norole_nocot,Comando Distrital de Operações de Socorro,N/A,,fp,
qwen3_14b,participants,lusa_99,cls_exp_temp0.3_nodelim_norole_nocot,agência Lusa,N/A,,fp,
qwen3_14b,participants,lusa_99,cls_exp_temp0.3_nodelim_norole_nocot,uma habitação,,Loc,fn,
qwen3_14b,participants,lusa_99,cls_exp_temp0.3_nodelim_norole_nocot,o Comando Distrital de Operações de Socorro,,Org,fn,
qwen3_14b,participants,lusa_99,cls_exp_temp0.3_nodelim_norole_nocot,ao local,,Loc,fn,
qwen3_14b,participants,lusa_99,cls_exp_temp0.3_nodelim_norole_nocot,em Oleiros,,Loc,fn,
qwen3_14b,participants,lusa_99,cls_exp_temp0.3_nodelim_norole_nocot,os bombeiros,,Org,fn,
qwen3_14b,participants,lusa_99,cls_exp_temp0.3_nodelim_norole_nocot,dentro,,Loc,fn,
qwen3_14b,participants,lusa_99,cls_exp_temp0.3_nodelim_norole_nocot,no distrito de Castelo Branco,,Loc,fn,
qwen3_14b,participants,lusa_99,cls_exp_temp0.3_nodelim_norole_nocot,à agência Lusa,,Org,fn,
qwen3_14b,participants,lusa_99,cls_exp_temp0.3_nodelim_norole_nocot,o Centro Hospitalar e Universitário de Coimbra,,Loc,fn,
