modelo,entity,doc_id,template,token,pred_type,annt_type,result,f1_r_score
qwen3_14b,participants,lusa_1,cls_exp_temp0.3_nodelim_norole_nocot,an administrative offense notice,N/A,Obj,tp,
qwen3_14b,participants,lusa_1,cls_exp_temp0.3_nodelim_norole_nocot,GNR,Org,Org,tp,
qwen3_14b,participants,lusa_1,cls_exp_temp0.3_nodelim_norole_nocot,soldiers,N/A,Per,tp,
qwen3_14b,participants,lusa_1,cls_exp_temp0.3_nodelim_norole_nocot,the owner,N/A,Per,tp,
qwen3_14b,participants,lusa_1,cls_exp_temp0.3_nodelim_norole_nocot,Corotelo,Loc,Pl_civil,tp,
qwen3_14b,participants,lusa_1,cls_exp_temp0.3_nodelim_norole_nocot,people,N/A,Per,tp,
qwen3_14b,participants,lusa_1,cls_exp_temp0.3_nodelim_norole_nocot,The military,N/A,Per,tp,
qwen3_14b,participants,lusa_1,cls_exp_temp0.3_nodelim_norole_nocot,illegal party,N/A,,fp,
qwen3_14b,participants,lusa_1,cls_exp_temp0.3_nodelim_norole_nocot,a bar,Fac,,fp,
qwen3_14b,participants,lusa_1,cls_exp_temp0.3_nodelim_norole_nocot,São de Alportel Territorial Post,N/A,,fp,
qwen3_14b,participants,lusa_1,cls_exp_temp0.3_nodelim_norole_nocot,the municipality of São Brás de Alportel,Loc,,fp,
qwen3_14b,participants,lusa_1,cls_exp_temp0.3_nodelim_norole_nocot,São Brás de Alportel,N/A,,fp,
qwen3_14b,participants,lusa_1,cls_exp_temp0.3_nodelim_norole_nocot,50 people,N/A,,fp,
qwen3_14b,participants,lusa_1,cls_exp_temp0.3_nodelim_norole_nocot,Faro Territorial Command of the GNR,N/A,,fp,
qwen3_14b,participants,lusa_1,cls_exp_temp0.3_nodelim_norole_nocot,the location,N/A,,fp,
qwen3_14b,participants,lusa_1,cls_exp_temp0.3_nodelim_norole_nocot,note,,Obj,fn,
qwen3_14b,participants,lusa_1,cls_exp_temp0.3_nodelim_norole_nocot,statement,,Obj,fn,
qwen3_14b,participants,lusa_1,cls_exp_temp0.3_nodelim_norole_nocot,Alportel Territorial Post went to the location,,Org,fn,
qwen3_14b,participants,lusa_1,cls_exp_temp0.3_nodelim_norole_nocot,compliance with the rules relating to the covid-19 pandemic,,Other,fn,
qwen3_14b,participants,lusa_1,cls_exp_temp0.3_nodelim_norole_nocot,Territorial Post,,Fac,fn,
qwen3_14b,participants,lusa_1,cls_exp_temp0.3_nodelim_norole_nocot,around 50 people,,Per,fn,
qwen3_14b,participants,lusa_1,cls_exp_temp0.3_nodelim_norole_nocot,the GNR,,Org,fn,
qwen3_14b,participants,lusa_1,cls_exp_temp0.3_nodelim_norole_nocot,bar,,Fac,fn,
qwen3_14b,participants,lusa_1,cls_exp_temp0.3_nodelim_norole_nocot,drinking establishment,,Fac,fn,
qwen3_14b,participants,lusa_1,cls_exp_temp0.3_nodelim_norole_nocot,the Faro Territorial Command,,Org,fn,
qwen3_14b,participants,lusa_1,cls_exp_temp0.3_nodelim_norole_nocot,municipality of São Brás de Alportel,,Pl_civil,fn,
qwen3_14b,participants,lusa_1,cls_exp_temp0.3_nodelim_norole_nocot,Faro,,Pl_civil,fn,
qwen3_14b,participants,lusa_1,cls_exp_temp0.3_nodelim_norole_nocot,live music,,Other,fn,
qwen3_14b,participants,lusa_1,cls_exp_temp0.3_nodelim_norole_nocot,São de Alportel,,Pl_civil,fn,
qwen3_14b,participants,lusa_1,cls_exp_temp0.3_nodelim_norole_nocot,location,,Loc,fn,
qwen3_14b,participants,lusa_101,cls_exp_temp0.3_nodelim_norole_nocot,The Viana do Castelo Court,N/A,Org,tp,
qwen3_14b,participants,lusa_101,cls_exp_temp0.3_nodelim_norole_nocot,the man,N/A,Per,tp,
qwen3_14b,participants,lusa_101,cls_exp_temp0.3_nodelim_norole_nocot,The man,Per,Per,tp,
qwen3_14b,participants,lusa_101,cls_exp_temp0.3_nodelim_norole_nocot,a 36-year-old man,N/A,Per,tp,
qwen3_14b,participants,lusa_101,cls_exp_temp0.3_nodelim_norole_nocot,the defendant,N/A,Per,tp,
qwen3_14b,participants,lusa_101,cls_exp_temp0.3_nodelim_norole_nocot,The collective,N/A,Per,tp,
qwen3_14b,participants,lusa_101,cls_exp_temp0.3_nodelim_norole_nocot,Viana do Castelo court,N/A,Org,tp,
qwen3_14b,participants,lusa_101,cls_exp_temp0.3_nodelim_norole_nocot,the crimes,N/A,,fp,
qwen3_14b,participants,lusa_101,cls_exp_temp0.3_nodelim_norole_nocot,the courtroom,N/A,,fp,
qwen3_14b,participants,lusa_101,cls_exp_temp0.3_nodelim_norole_nocot,the presiding judge of the panel,N/A,,fp,
qwen3_14b,participants,lusa_101,cls_exp_temp0.3_nodelim_norole_nocot,the fatal victim,N/A,,fp,
qwen3_14b,participants,lusa_101,cls_exp_temp0.3_nodelim_norole_nocot,the reading of the ruling,N/A,,fp,
qwen3_14b,participants,lusa_101,cls_exp_temp0.3_nodelim_norole_nocot,the panel,N/A,,fp,
qwen3_14b,participants,lusa_101,cls_exp_temp0.3_nodelim_norole_nocot,the ruling,N/A,,fp,
qwen3_14b,participants,lusa_101,cls_exp_temp0.3_nodelim_norole_nocot,pre-trial detention,N/A,,fp,
qwen3_14b,participants,lusa_101,cls_exp_temp0.3_nodelim_norole_nocot,prison,N/A,,fp,
qwen3_14b,participants,lusa_101,cls_exp_temp0.3_nodelim_norole_nocot,the documentary and testimonial evidence,N/A,,fp,
qwen3_14b,participants,lusa_101,cls_exp_temp0.3_nodelim_norole_nocot,The judge,N/A,,fp,
qwen3_14b,participants,lusa_101,cls_exp_temp0.3_nodelim_norole_nocot,man who shot another man,N/A,,fp,
qwen3_14b,participants,lusa_101,cls_exp_temp0.3_nodelim_norole_nocot,another man,N/A,,fp,
qwen3_14b,participants,lusa_101,cls_exp_temp0.3_nodelim_norole_nocot,those two crimes,N/A,,fp,
qwen3_14b,participants,lusa_101,cls_exp_temp0.3_nodelim_norole_nocot,the mother of the fatal victim,N/A,,fp,
qwen3_14b,participants,lusa_101,cls_exp_temp0.3_nodelim_norole_nocot,harm to qualified physical integrity,N/A,,fp,
qwen3_14b,participants,lusa_101,cls_exp_temp0.3_nodelim_norole_nocot,the city,N/A,,fp,
qwen3_14b,participants,lusa_101,cls_exp_temp0.3_nodelim_norole_nocot,possession of a prohibited weapon,N/A,,fp,
qwen3_14b,participants,lusa_101,cls_exp_temp0.3_nodelim_norole_nocot,the case,N/A,,fp,
qwen3_14b,participants,lusa_101,cls_exp_temp0.3_nodelim_norole_nocot,of the ruling,,Obj,fn,
qwen3_14b,participants,lusa_101,cls_exp_temp0.3_nodelim_norole_nocot,in the city,,Loc,fn,
qwen3_14b,participants,lusa_101,cls_exp_temp0.3_nodelim_norole_nocot,who,,Per,fn,
qwen3_14b,participants,lusa_101,cls_exp_temp0.3_nodelim_norole_nocot,another,,Per,fn,
qwen3_14b,participants,lusa_101,cls_exp_temp0.3_nodelim_norole_nocot,the mother,,Per,fn,
qwen3_14b,participants,lusa_101,cls_exp_temp0.3_nodelim_norole_nocot,in the courtroom,,Loc,fn,
qwen3_14b,participants,lusa_101,cls_exp_temp0.3_nodelim_norole_nocot,the murder weapon,,Obj,fn,
qwen3_14b,participants,lusa_101,cls_exp_temp0.3_nodelim_norole_nocot,that,,Per,fn,
qwen3_14b,participants,lusa_101,cls_exp_temp0.3_nodelim_norole_nocot,in the total amount,,Other,fn,
qwen3_14b,participants,lusa_101,cls_exp_temp0.3_nodelim_norole_nocot,documentary and testimonial evidence,,Other,fn,
qwen3_14b,participants,lusa_101,cls_exp_temp0.3_nodelim_norole_nocot,presiding judge of the,,Per,fn,
qwen3_14b,participants,lusa_101,cls_exp_temp0.3_nodelim_norole_nocot,the presiding judge,,Per,fn,
qwen3_14b,participants,lusa_101,cls_exp_temp0.3_nodelim_norole_nocot,of the fatal victim,,Per,fn,
qwen3_14b,participants,lusa_101,cls_exp_temp0.3_nodelim_norole_nocot,man,,Per,fn,
qwen3_14b,participants,lusa_101,cls_exp_temp0.3_nodelim_norole_nocot,The ,,Per,fn,
qwen3_14b,participants,lusa_101,cls_exp_temp0.3_nodelim_norole_nocot,of 141 thousand euros,,Obj,fn,
qwen3_14b,participants,lusa_102,cls_exp_temp0.3_nodelim_norole_nocot,an ambulance,Obj,Obj,tp,
qwen3_14b,participants,lusa_102,cls_exp_temp0.3_nodelim_norole_nocot,the man,N/A,Per,tp,
qwen3_14b,participants,lusa_102,cls_exp_temp0.3_nodelim_norole_nocot,The 68-year-old citizen,Per,Per,tp,
qwen3_14b,participants,lusa_102,cls_exp_temp0.3_nodelim_norole_nocot,Man,Per,Per,tp,
qwen3_14b,participants,lusa_102,cls_exp_temp0.3_nodelim_norole_nocot,Tagus River,N/A,Loc,tp,
qwen3_14b,participants,lusa_102,cls_exp_temp0.3_nodelim_norole_nocot,another individual,N/A,Per,tp,
qwen3_14b,participants,lusa_102,cls_exp_temp0.3_nodelim_norole_nocot,A 68-year-old man,N/A,Per,tp,
qwen3_14b,participants,lusa_102,cls_exp_temp0.3_nodelim_norole_nocot,another passerby,N/A,Per,tp,
qwen3_14b,participants,lusa_102,cls_exp_temp0.3_nodelim_norole_nocot,Cais das Colunas,N/A,Loc,tp,
qwen3_14b,participants,lusa_102,cls_exp_temp0.3_nodelim_norole_nocot,São José Hospital,Fac,,fp,
qwen3_14b,participants,lusa_102,cls_exp_temp0.3_nodelim_norole_nocot,Lisbon,N/A,,fp,
qwen3_14b,participants,lusa_102,cls_exp_temp0.3_nodelim_norole_nocot,cardiorespiratory resuscitation,N/A,,fp,
qwen3_14b,participants,lusa_102,cls_exp_temp0.3_nodelim_norole_nocot,Maritime Police,N/A,,fp,
qwen3_14b,participants,lusa_102,cls_exp_temp0.3_nodelim_norole_nocot,An official source,N/A,,fp,
qwen3_14b,participants,lusa_102,cls_exp_temp0.3_nodelim_norole_nocot,Lusa,N/A,,fp,
qwen3_14b,participants,lusa_102,cls_exp_temp0.3_nodelim_norole_nocot,the man in difficulties,N/A,,fp,
qwen3_14b,participants,lusa_102,cls_exp_temp0.3_nodelim_norole_nocot,National Institute of Medical Emergency (INEM),Org,,fp,
qwen3_14b,participants,lusa_102,cls_exp_temp0.3_nodelim_norole_nocot,the National Institute of Medical Emergency (INEM),,Org,fn,
qwen3_14b,participants,lusa_102,cls_exp_temp0.3_nodelim_norole_nocot,the water,,Nat,fn,
qwen3_14b,participants,lusa_102,cls_exp_temp0.3_nodelim_norole_nocot,took place,,Loc,fn,
qwen3_14b,participants,lusa_102,cls_exp_temp0.3_nodelim_norole_nocot,where,,Loc,fn,
qwen3_14b,participants,lusa_102,cls_exp_temp0.3_nodelim_norole_nocot,to São José Hospital,,Loc,fn,
qwen3_14b,participants,lusa_102,cls_exp_temp0.3_nodelim_norole_nocot,that,,Per,fn,
qwen3_14b,participants,lusa_102,cls_exp_temp0.3_nodelim_norole_nocot,the ,,Loc,fn,
qwen3_14b,participants,lusa_102,cls_exp_temp0.3_nodelim_norole_nocot,the São José Hospital,,Loc,fn,
qwen3_14b,participants,lusa_102,cls_exp_temp0.3_nodelim_norole_nocot,official source,,Per,fn,
qwen3_14b,participants,lusa_102,cls_exp_temp0.3_nodelim_norole_nocot,told Lusa,,Org,fn,
qwen3_14b,participants,lusa_102,cls_exp_temp0.3_nodelim_norole_nocot,in Lisbon,,Loc,fn,
qwen3_14b,participants,lusa_102,cls_exp_temp0.3_nodelim_norole_nocot,the Maritime Police,,Org,fn,
qwen3_14b,participants,lusa_102,cls_exp_temp0.3_nodelim_norole_nocot,the Tagus River,,Loc,fn,
qwen3_14b,participants,lusa_103,cls_exp_temp0.3_nodelim_norole_nocot,Celorico de Basto,N/A,Loc,tp,
qwen3_14b,participants,lusa_103,cls_exp_temp0.3_nodelim_norole_nocot,The Judicial Police,N/A,Org,tp,
qwen3_14b,participants,lusa_103,cls_exp_temp0.3_nodelim_norole_nocot,the district of Braga,N/A,Loc,tp,
qwen3_14b,participants,lusa_103,cls_exp_temp0.3_nodelim_norole_nocot,the National Institute of Medical Emergency (INEM),N/A,Org,tp,
qwen3_14b,participants,lusa_103,cls_exp_temp0.3_nodelim_norole_nocot,60-year-old man,N/A,Per,tp,
qwen3_14b,participants,lusa_103,cls_exp_temp0.3_nodelim_norole_nocot,The man,N/A,Per,tp,
qwen3_14b,participants,lusa_103,cls_exp_temp0.3_nodelim_norole_nocot,the municipality of Celorico de Basto,N/A,Loc,tp,
qwen3_14b,participants,lusa_103,cls_exp_temp0.3_nodelim_norole_nocot,a person,N/A,Per,tp,
qwen3_14b,participants,lusa_103,cls_exp_temp0.3_nodelim_norole_nocot,PJ,N/A,Org,tp,
qwen3_14b,participants,lusa_103,cls_exp_temp0.3_nodelim_norole_nocot,rescuers,N/A,,fp,
qwen3_14b,participants,lusa_103,cls_exp_temp0.3_nodelim_norole_nocot,public road,N/A,,fp,
qwen3_14b,participants,lusa_103,cls_exp_temp0.3_nodelim_norole_nocot,severe trauma,N/A,,fp,
qwen3_14b,participants,lusa_103,cls_exp_temp0.3_nodelim_norole_nocot,local Red Cross,N/A,,fp,
qwen3_14b,participants,lusa_103,cls_exp_temp0.3_nodelim_norole_nocot,a police source,N/A,,fp,
qwen3_14b,participants,lusa_103,cls_exp_temp0.3_nodelim_norole_nocot,A source,N/A,,fp,
qwen3_14b,participants,lusa_103,cls_exp_temp0.3_nodelim_norole_nocot,Lusa,N/A,,fp,
qwen3_14b,participants,lusa_103,cls_exp_temp0.3_nodelim_norole_nocot,Gandarela,N/A,,fp,
qwen3_14b,participants,lusa_103,cls_exp_temp0.3_nodelim_norole_nocot,a man,N/A,,fp,
qwen3_14b,participants,lusa_103,cls_exp_temp0.3_nodelim_norole_nocot,the Gandarela case,N/A,,fp,
qwen3_14b,participants,lusa_103,cls_exp_temp0.3_nodelim_norole_nocot,the Guimarães morgue,,Loc,fn,
qwen3_14b,participants,lusa_103,cls_exp_temp0.3_nodelim_norole_nocot,the local Red Cross,,Org,fn,
qwen3_14b,participants,lusa_103,cls_exp_temp0.3_nodelim_norole_nocot,a man aged around 60,,Per,fn,
qwen3_14b,participants,lusa_103,cls_exp_temp0.3_nodelim_norole_nocot,source,,Per,fn,
qwen3_14b,participants,lusa_103,cls_exp_temp0.3_nodelim_norole_nocot,a police,,Org,fn,
qwen3_14b,participants,lusa_103,cls_exp_temp0.3_nodelim_norole_nocot,at the,,Per,fn,
qwen3_14b,participants,lusa_103,cls_exp_temp0.3_nodelim_norole_nocot,in Gandarela,,Loc,fn,
qwen3_14b,participants,lusa_103,cls_exp_temp0.3_nodelim_norole_nocot,the first rescuers to,,Org,fn,
qwen3_14b,participants,lusa_103,cls_exp_temp0.3_nodelim_norole_nocot,the scene,,Loc,fn,
qwen3_14b,participants,lusa_103,cls_exp_temp0.3_nodelim_norole_nocot,in Celorico de Basto,,Loc,fn,
qwen3_14b,participants,lusa_103,cls_exp_temp0.3_nodelim_norole_nocot,told Lusa,,Org,fn,
qwen3_14b,participants,lusa_103,cls_exp_temp0.3_nodelim_norole_nocot,the body,,Other,fn,
qwen3_14b,participants,lusa_103,cls_exp_temp0.3_nodelim_norole_nocot,the Gandarela,,Loc,fn,
qwen3_14b,participants,lusa_103,cls_exp_temp0.3_nodelim_norole_nocot,the public road,,Loc,fn,
qwen3_14b,participants,lusa_105,cls_exp_temp0.3_nodelim_norole_nocot,a slightly injured person,Per,Per,tp,
qwen3_14b,participants,lusa_105,cls_exp_temp0.3_nodelim_norole_nocot,Man,Per,Per,tp,
qwen3_14b,participants,lusa_105,cls_exp_temp0.3_nodelim_norole_nocot,district of Porto,Loc,Loc,tp,
qwen3_14b,participants,lusa_105,cls_exp_temp0.3_nodelim_norole_nocot,Vila de Gaia,Loc,Loc,tp,
qwen3_14b,participants,lusa_105,cls_exp_temp0.3_nodelim_norole_nocot,firefighters,Org,Org,tp,
qwen3_14b,participants,lusa_105,cls_exp_temp0.3_nodelim_norole_nocot,this corporation,Org,Org,tp,
qwen3_14b,participants,lusa_105,cls_exp_temp0.3_nodelim_norole_nocot,the shooter,Per,Per,tp,
qwen3_14b,participants,lusa_105,cls_exp_temp0.3_nodelim_norole_nocot,A 31-year-old man,Per,Per,tp,
qwen3_14b,participants,lusa_105,cls_exp_temp0.3_nodelim_norole_nocot,Vila Nova de Gaia,Loc,Loc,tp,
qwen3_14b,participants,lusa_105,cls_exp_temp0.3_nodelim_norole_nocot,Santos Silva hospital,Fac,Loc,tp,
qwen3_14b,participants,lusa_105,cls_exp_temp0.3_nodelim_norole_nocot,shooter,Per,Per,tp,
qwen3_14b,participants,lusa_105,cls_exp_temp0.3_nodelim_norole_nocot,The victim,Per,Per,tp,
qwen3_14b,participants,lusa_105,cls_exp_temp0.3_nodelim_norole_nocot,Valadares,Loc,,fp,
qwen3_14b,participants,lusa_105,cls_exp_temp0.3_nodelim_norole_nocot,"Gulpilhares, Vila Nova de Gaia",Loc,,fp,
qwen3_14b,participants,lusa_105,cls_exp_temp0.3_nodelim_norole_nocot,a police source,Per,,fp,
qwen3_14b,participants,lusa_105,cls_exp_temp0.3_nodelim_norole_nocot,authorities,N/A,,fp,
qwen3_14b,participants,lusa_105,cls_exp_temp0.3_nodelim_norole_nocot,a source,Per,,fp,
qwen3_14b,participants,lusa_105,cls_exp_temp0.3_nodelim_norole_nocot,Judiciary Police,N/A,,fp,
qwen3_14b,participants,lusa_105,cls_exp_temp0.3_nodelim_norole_nocot,that criminal police body,N/A,,fp,
qwen3_14b,participants,lusa_105,cls_exp_temp0.3_nodelim_norole_nocot,source,,Per,fn,
qwen3_14b,participants,lusa_105,cls_exp_temp0.3_nodelim_norole_nocot,the authorities,,Org,fn,
qwen3_14b,participants,lusa_105,cls_exp_temp0.3_nodelim_norole_nocot,the Judiciary Police,,Org,fn,
qwen3_14b,participants,lusa_105,cls_exp_temp0.3_nodelim_norole_nocot,criminal police,,Org,fn,
qwen3_14b,participants,lusa_105,cls_exp_temp0.3_nodelim_norole_nocot,the left arm,,Other,fn,
qwen3_14b,participants,lusa_105,cls_exp_temp0.3_nodelim_norole_nocot,The reasons,,Other,fn,
qwen3_14b,participants,lusa_105,cls_exp_temp0.3_nodelim_norole_nocot,Gulpilhares,,Loc,fn,
qwen3_14b,participants,lusa_105,cls_exp_temp0.3_nodelim_norole_nocot,that,,Org,fn,
qwen3_14b,participants,lusa_105,cls_exp_temp0.3_nodelim_norole_nocot,police source,,Per,fn,
qwen3_14b,participants,lusa_106,cls_exp_temp0.3_nodelim_norole_nocot,the man,N/A,Per,tp,
qwen3_14b,participants,lusa_106,cls_exp_temp0.3_nodelim_norole_nocot,Porto,N/A,Pl_civil,tp,
qwen3_14b,participants,lusa_106,cls_exp_temp0.3_nodelim_norole_nocot,the authorities,N/A,Org,tp,
qwen3_14b,participants,lusa_106,cls_exp_temp0.3_nodelim_norole_nocot,the municipality,N/A,Org,tp,
qwen3_14b,participants,lusa_106,cls_exp_temp0.3_nodelim_norole_nocot,The structure,N/A,Per,tp,
qwen3_14b,participants,lusa_106,cls_exp_temp0.3_nodelim_norole_nocot,another,N/A,Per,tp,
qwen3_14b,participants,lusa_106,cls_exp_temp0.3_nodelim_norole_nocot,A 52-year-old man,N/A,Per,tp,
qwen3_14b,participants,lusa_106,cls_exp_temp0.3_nodelim_norole_nocot,The company,N/A,Org,tp,
qwen3_14b,participants,lusa_106,cls_exp_temp0.3_nodelim_norole_nocot,The victim,N/A,Per,tp,
qwen3_14b,participants,lusa_106,cls_exp_temp0.3_nodelim_norole_nocot,52-year-old man,Per,,fp,
qwen3_14b,participants,lusa_106,cls_exp_temp0.3_nodelim_norole_nocot,Porto Municipal Environmental Company,N/A,,fp,
qwen3_14b,participants,lusa_106,cls_exp_temp0.3_nodelim_norole_nocot,lighting post,N/A,,fp,
qwen3_14b,participants,lusa_106,cls_exp_temp0.3_nodelim_norole_nocot,Porto City Council,N/A,,fp,
qwen3_14b,participants,lusa_106,cls_exp_temp0.3_nodelim_norole_nocot,his family,N/A,,fp,
qwen3_14b,participants,lusa_106,cls_exp_temp0.3_nodelim_norole_nocot,vehicle,N/A,,fp,
qwen3_14b,participants,lusa_106,cls_exp_temp0.3_nodelim_norole_nocot,lighting pole,Obj,,fp,
qwen3_14b,participants,lusa_106,cls_exp_temp0.3_nodelim_norole_nocot,truck,N/A,,fp,
qwen3_14b,participants,lusa_106,cls_exp_temp0.3_nodelim_norole_nocot,Porto PSP Metropolitan Command,N/A,,fp,
qwen3_14b,participants,lusa_106,cls_exp_temp0.3_nodelim_norole_nocot,gas station employee,N/A,,fp,
qwen3_14b,participants,lusa_106,cls_exp_temp0.3_nodelim_norole_nocot,a PSP source,N/A,,fp,
qwen3_14b,participants,lusa_106,cls_exp_temp0.3_nodelim_norole_nocot,gas station,N/A,,fp,
qwen3_14b,participants,lusa_106,cls_exp_temp0.3_nodelim_norole_nocot,Truck crane,Obj,,fp,
qwen3_14b,participants,lusa_106,cls_exp_temp0.3_nodelim_norole_nocot,Santo António Hospital,N/A,,fp,
qwen3_14b,participants,lusa_106,cls_exp_temp0.3_nodelim_norole_nocot,Lusa.,N/A,,fp,
qwen3_14b,participants,lusa_106,cls_exp_temp0.3_nodelim_norole_nocot,electricity pole,N/A,,fp,
qwen3_14b,participants,lusa_106,cls_exp_temp0.3_nodelim_norole_nocot,truck's crane,N/A,,fp,
qwen3_14b,participants,lusa_106,cls_exp_temp0.3_nodelim_norole_nocot,Rua da Constitution,N/A,,fp,
qwen3_14b,participants,lusa_106,cls_exp_temp0.3_nodelim_norole_nocot,Public Relations source,N/A,,fp,
qwen3_14b,participants,lusa_106,cls_exp_temp0.3_nodelim_norole_nocot,the lighting post,,Obj,fn,
qwen3_14b,participants,lusa_106,cls_exp_temp0.3_nodelim_norole_nocot,family,,Per,fn,
qwen3_14b,participants,lusa_106,cls_exp_temp0.3_nodelim_norole_nocot,the Porto,,Org,fn,
qwen3_14b,participants,lusa_106,cls_exp_temp0.3_nodelim_norole_nocot,his,,Per,fn,
qwen3_14b,participants,lusa_106,cls_exp_temp0.3_nodelim_norole_nocot,that,,Veh,fn,
qwen3_14b,participants,lusa_106,cls_exp_temp0.3_nodelim_norole_nocot,the Public Relations source,,Per,fn,
qwen3_14b,participants,lusa_106,cls_exp_temp0.3_nodelim_norole_nocot,told Lusa,,Org,fn,
qwen3_14b,participants,lusa_106,cls_exp_temp0.3_nodelim_norole_nocot,to Santo António Hospital,,Fac,fn,
qwen3_14b,participants,lusa_106,cls_exp_temp0.3_nodelim_norole_nocot,", Porto City Council",,Org,fn,
qwen3_14b,participants,lusa_106,cls_exp_temp0.3_nodelim_norole_nocot,who,,Per,fn,
qwen3_14b,participants,lusa_106,cls_exp_temp0.3_nodelim_norole_nocot,PSP Metropolitan Command,,Org,fn,
qwen3_14b,participants,lusa_106,cls_exp_temp0.3_nodelim_norole_nocot,a gas,,Fac,fn,
qwen3_14b,participants,lusa_106,cls_exp_temp0.3_nodelim_norole_nocot,Public Relations,,Org,fn,
qwen3_14b,participants,lusa_106,cls_exp_temp0.3_nodelim_norole_nocot,the street,,Pl_civil,fn,
qwen3_14b,participants,lusa_106,cls_exp_temp0.3_nodelim_norole_nocot,condolences,,Other,fn,
qwen3_14b,participants,lusa_106,cls_exp_temp0.3_nodelim_norole_nocot,source,,Per,fn,
qwen3_14b,participants,lusa_106,cls_exp_temp0.3_nodelim_norole_nocot,an electricity pole,,Obj,fn,
qwen3_14b,participants,lusa_106,cls_exp_temp0.3_nodelim_norole_nocot,"Constitution,",,Pl_civil,fn,
qwen3_14b,participants,lusa_106,cls_exp_temp0.3_nodelim_norole_nocot,a truck,,Veh,fn,
qwen3_14b,participants,lusa_106,cls_exp_temp0.3_nodelim_norole_nocot,the truck,,Obj,fn,
qwen3_14b,participants,lusa_106,cls_exp_temp0.3_nodelim_norole_nocot,Municipal Environmental Company,,Org,fn,
qwen3_14b,participants,lusa_106,cls_exp_temp0.3_nodelim_norole_nocot,the Porto Municipal Environmental Company,,Org,fn,
qwen3_14b,participants,lusa_106,cls_exp_temp0.3_nodelim_norole_nocot,crane,,Obj,fn,
qwen3_14b,participants,lusa_106,cls_exp_temp0.3_nodelim_norole_nocot,a PSP,,Org,fn,
qwen3_14b,participants,lusa_106,cls_exp_temp0.3_nodelim_norole_nocot,"the Porto PSP Metropolitan Command, the",,Org,fn,
qwen3_14b,participants,lusa_106,cls_exp_temp0.3_nodelim_norole_nocot,a vehicle,,Veh,fn,
qwen3_14b,participants,lusa_107,cls_exp_temp0.3_nodelim_norole_nocot,the man,Per,Per,tp,
qwen3_14b,participants,lusa_107,cls_exp_temp0.3_nodelim_norole_nocot,60-year-old man,Per,Per,tp,
qwen3_14b,participants,lusa_107,cls_exp_temp0.3_nodelim_norole_nocot,the source,Per,Per,tp,
qwen3_14b,participants,lusa_107,cls_exp_temp0.3_nodelim_norole_nocot,in the district of Porto,N/A,Loc,tp,
qwen3_14b,participants,lusa_107,cls_exp_temp0.3_nodelim_norole_nocot,roof,Obj,Other,tp,
qwen3_14b,participants,lusa_107,cls_exp_temp0.3_nodelim_norole_nocot,A 60-year-old man,N/A,Per,tp,
qwen3_14b,participants,lusa_107,cls_exp_temp0.3_nodelim_norole_nocot,in Matosinhos,N/A,Loc,tp,
qwen3_14b,participants,lusa_107,cls_exp_temp0.3_nodelim_norole_nocot,Matosinhos,Loc,,fp,
qwen3_14b,participants,lusa_107,cls_exp_temp0.3_nodelim_norole_nocot,Leixões firefighters,N/A,,fp,
qwen3_14b,participants,lusa_107,cls_exp_temp0.3_nodelim_norole_nocot,Rua Augusto Gil,Loc,,fp,
qwen3_14b,participants,lusa_107,cls_exp_temp0.3_nodelim_norole_nocot,a PSP source,N/A,,fp,
qwen3_14b,participants,lusa_107,cls_exp_temp0.3_nodelim_norole_nocot,Lusa,N/A,,fp,
qwen3_14b,participants,lusa_107,cls_exp_temp0.3_nodelim_norole_nocot,the roof,,Other,fn,
qwen3_14b,participants,lusa_107,cls_exp_temp0.3_nodelim_norole_nocot,"Augusto Gil,",,Loc,fn,
qwen3_14b,participants,lusa_107,cls_exp_temp0.3_nodelim_norole_nocot,source,,Per,fn,
qwen3_14b,participants,lusa_107,cls_exp_temp0.3_nodelim_norole_nocot,PSP source told,,Org,fn,
qwen3_14b,participants,lusa_107,cls_exp_temp0.3_nodelim_norole_nocot,house,,Other,fn,
qwen3_14b,participants,lusa_107,cls_exp_temp0.3_nodelim_norole_nocot,his,,Per,fn,
qwen3_14b,participants,lusa_107,cls_exp_temp0.3_nodelim_norole_nocot,a height of seven meters,,Other,fn,
qwen3_14b,participants,lusa_107,cls_exp_temp0.3_nodelim_norole_nocot,he,,Other,fn,
qwen3_14b,participants,lusa_107,cls_exp_temp0.3_nodelim_norole_nocot,the ,,Loc,fn,
qwen3_14b,participants,lusa_107,cls_exp_temp0.3_nodelim_norole_nocot,the,,Org,fn,
qwen3_14b,participants,lusa_107,cls_exp_temp0.3_nodelim_norole_nocot,which,,Other,fn,
qwen3_14b,participants,lusa_107,cls_exp_temp0.3_nodelim_norole_nocot,Leixões,,Org,fn,
qwen3_14b,participants,lusa_108,cls_exp_temp0.3_nodelim_norole_nocot,One man,N/A,Per,tp,
qwen3_14b,participants,lusa_108,cls_exp_temp0.3_nodelim_norole_nocot,one,N/A,Per,tp,
qwen3_14b,participants,lusa_108,cls_exp_temp0.3_nodelim_norole_nocot,source,N/A,Per,tp,
qwen3_14b,participants,lusa_108,cls_exp_temp0.3_nodelim_norole_nocot,Mem Martins,Loc,Loc,tp,
qwen3_14b,participants,lusa_108,cls_exp_temp0.3_nodelim_norole_nocot,Man,Per,Per,tp,
qwen3_14b,participants,lusa_108,cls_exp_temp0.3_nodelim_norole_nocot,Sintra,N/A,Loc,tp,
qwen3_14b,participants,lusa_108,cls_exp_temp0.3_nodelim_norole_nocot,two people,N/A,Per,tp,
qwen3_14b,participants,lusa_108,cls_exp_temp0.3_nodelim_norole_nocot,the scene,N/A,Loc,tp,
qwen3_14b,participants,lusa_108,cls_exp_temp0.3_nodelim_norole_nocot,Algueirão-Mem Martins,N/A,Loc,tp,
qwen3_14b,participants,lusa_108,cls_exp_temp0.3_nodelim_norole_nocot,the other,N/A,Per,tp,
qwen3_14b,participants,lusa_108,cls_exp_temp0.3_nodelim_norole_nocot,another,N/A,Per,tp,
qwen3_14b,participants,lusa_108,cls_exp_temp0.3_nodelim_norole_nocot,the victims,N/A,Per,tp,
qwen3_14b,participants,lusa_108,cls_exp_temp0.3_nodelim_norole_nocot,Lisbon Metropolitan Command (Cometlis),N/A,,fp,
qwen3_14b,participants,lusa_108,cls_exp_temp0.3_nodelim_norole_nocot,disorder with a firearm,N/A,,fp,
qwen3_14b,participants,lusa_108,cls_exp_temp0.3_nodelim_norole_nocot,Amadora-Sintra,N/A,,fp,
qwen3_14b,participants,lusa_108,cls_exp_temp0.3_nodelim_norole_nocot,Cometlis,N/A,,fp,
qwen3_14b,participants,lusa_108,cls_exp_temp0.3_nodelim_norole_nocot,PSP,N/A,,fp,
qwen3_14b,participants,lusa_108,cls_exp_temp0.3_nodelim_norole_nocot,Estrada de Mem Martins,N/A,,fp,
qwen3_14b,participants,lusa_108,cls_exp_temp0.3_nodelim_norole_nocot,Hospital Professor Doutor Fernando Fonseca (Amadora-Sintra),N/A,,fp,
qwen3_14b,participants,lusa_108,cls_exp_temp0.3_nodelim_norole_nocot,firearm,Obj,,fp,
qwen3_14b,participants,lusa_108,cls_exp_temp0.3_nodelim_norole_nocot,the investigation,Obj,,fp,
qwen3_14b,participants,lusa_108,cls_exp_temp0.3_nodelim_norole_nocot,Lusa agency,N/A,,fp,
qwen3_14b,participants,lusa_108,cls_exp_temp0.3_nodelim_norole_nocot,Judicial Police (PJ),Org,,fp,
qwen3_14b,participants,lusa_108,cls_exp_temp0.3_nodelim_norole_nocot,Lisbon district,N/A,,fp,
qwen3_14b,participants,lusa_108,cls_exp_temp0.3_nodelim_norole_nocot,the case,Obj,,fp,
qwen3_14b,participants,lusa_108,cls_exp_temp0.3_nodelim_norole_nocot,way,,Other,fn,
qwen3_14b,participants,lusa_108,cls_exp_temp0.3_nodelim_norole_nocot,the Judicial Police (PJ),,Org,fn,
qwen3_14b,participants,lusa_108,cls_exp_temp0.3_nodelim_norole_nocot,the Lisbon,,Loc,fn,
qwen3_14b,participants,lusa_108,cls_exp_temp0.3_nodelim_norole_nocot,a firearm,,Obj,fn,
qwen3_14b,participants,lusa_108,cls_exp_temp0.3_nodelim_norole_nocot,where,,Loc,fn,
qwen3_14b,participants,lusa_108,cls_exp_temp0.3_nodelim_norole_nocot,further details,,Other,fn,
qwen3_14b,participants,lusa_108,cls_exp_temp0.3_nodelim_norole_nocot,a Cometlis,,Org,fn,
qwen3_14b,participants,lusa_108,cls_exp_temp0.3_nodelim_norole_nocot,the PSP,,Org,fn,
qwen3_14b,participants,lusa_108,cls_exp_temp0.3_nodelim_norole_nocot,the Lisbon Metropolitan Command (Cometlis),,Org,fn,
qwen3_14b,participants,lusa_108,cls_exp_temp0.3_nodelim_norole_nocot,the Lusa agency,,Org,fn,
qwen3_14b,participants,lusa_108,cls_exp_temp0.3_nodelim_norole_nocot,the,,Loc,fn,
qwen3_14b,participants,lusa_108,cls_exp_temp0.3_nodelim_norole_nocot,with firearm,,Obj,fn,
qwen3_14b,participants,lusa_108,cls_exp_temp0.3_nodelim_norole_nocot,the Hospital Professor Doutor Fernando Fonseca (Amadora-Sintra),,Loc,fn,
qwen3_14b,participants,lusa_109,cls_exp_temp0.3_nodelim_norole_nocot,an ambulance,N/A,Obj,tp,
qwen3_14b,participants,lusa_109,cls_exp_temp0.3_nodelim_norole_nocot,the victim,Per,Per,tp,
qwen3_14b,participants,lusa_109,cls_exp_temp0.3_nodelim_norole_nocot,the source,N/A,Per,tp,
qwen3_14b,participants,lusa_109,cls_exp_temp0.3_nodelim_norole_nocot,Man,Per,Per,tp,
qwen3_14b,participants,lusa_109,cls_exp_temp0.3_nodelim_norole_nocot,The man,N/A,Per,tp,
qwen3_14b,participants,lusa_109,cls_exp_temp0.3_nodelim_norole_nocot,commander Júlio Pereira,Per,Per,tp,
qwen3_14b,participants,lusa_109,cls_exp_temp0.3_nodelim_norole_nocot,the ravine,N/A,Nat,tp,
qwen3_14b,participants,lusa_109,cls_exp_temp0.3_nodelim_norole_nocot,the extrication vehicle,N/A,Obj,tp,
qwen3_14b,participants,lusa_109,cls_exp_temp0.3_nodelim_norole_nocot,tree,Obj,Nat,tp,
qwen3_14b,participants,lusa_109,cls_exp_temp0.3_nodelim_norole_nocot,the Felgueiras corporation,N/A,Org,tp,
qwen3_14b,participants,lusa_109,cls_exp_temp0.3_nodelim_norole_nocot,a ravine measuring around seven meters,N/A,Nat,tp,
qwen3_14b,participants,lusa_109,cls_exp_temp0.3_nodelim_norole_nocot,Lusa,Org,Org,tp,
qwen3_14b,participants,lusa_109,cls_exp_temp0.3_nodelim_norole_nocot,A 31-year-old man,Per,Per,tp,
qwen3_14b,participants,lusa_109,cls_exp_temp0.3_nodelim_norole_nocot,a tree,Obj,Nat,tp,
qwen3_14b,participants,lusa_109,cls_exp_temp0.3_nodelim_norole_nocot,The victim,N/A,Per,tp,
qwen3_14b,participants,lusa_109,cls_exp_temp0.3_nodelim_norole_nocot,a fire source,Per,,fp,
qwen3_14b,participants,lusa_109,cls_exp_temp0.3_nodelim_norole_nocot,GNR,N/A,,fp,
qwen3_14b,participants,lusa_109,cls_exp_temp0.3_nodelim_norole_nocot,Vale do Sousa,N/A,,fp,
qwen3_14b,participants,lusa_109,cls_exp_temp0.3_nodelim_norole_nocot,a firefighter,Per,,fp,
qwen3_14b,participants,lusa_109,cls_exp_temp0.3_nodelim_norole_nocot,the high-angle rescue vehicle,N/A,,fp,
qwen3_14b,participants,lusa_109,cls_exp_temp0.3_nodelim_norole_nocot,Regilde,Loc,,fp,
qwen3_14b,participants,lusa_109,cls_exp_temp0.3_nodelim_norole_nocot,The Felgueiras Fire Department,N/A,,fp,
qwen3_14b,participants,lusa_109,cls_exp_temp0.3_nodelim_norole_nocot,the corporation's wide-angle team,Org,,fp,
qwen3_14b,participants,lusa_109,cls_exp_temp0.3_nodelim_norole_nocot,Felgueiras,Loc,,fp,
qwen3_14b,participants,lusa_109,cls_exp_temp0.3_nodelim_norole_nocot,Vizela,Loc,,fp,
qwen3_14b,participants,lusa_109,cls_exp_temp0.3_nodelim_norole_nocot,the municipality of Felgueiras,Loc,,fp,
qwen3_14b,participants,lusa_109,cls_exp_temp0.3_nodelim_norole_nocot,the falling tree,N/A,,fp,
qwen3_14b,participants,lusa_109,cls_exp_temp0.3_nodelim_norole_nocot,Emergency and Resuscitation Medical Vehicle (VMER) team,N/A,,fp,
qwen3_14b,participants,lusa_109,cls_exp_temp0.3_nodelim_norole_nocot,Guimarães Hospital,N/A,,fp,
qwen3_14b,participants,lusa_109,cls_exp_temp0.3_nodelim_norole_nocot,in Vizela,,Loc,fn,
qwen3_14b,participants,lusa_109,cls_exp_temp0.3_nodelim_norole_nocot,source,,Per,fn,
qwen3_14b,participants,lusa_109,cls_exp_temp0.3_nodelim_norole_nocot,in the municipality of Felgueiras,,Loc,fn,
qwen3_14b,participants,lusa_109,cls_exp_temp0.3_nodelim_norole_nocot,at the scene,,Loc,fn,
qwen3_14b,participants,lusa_109,cls_exp_temp0.3_nodelim_norole_nocot,the corporation,,Org,fn,
qwen3_14b,participants,lusa_109,cls_exp_temp0.3_nodelim_norole_nocot,wide-angle team,,Per,fn,
qwen3_14b,participants,lusa_109,cls_exp_temp0.3_nodelim_norole_nocot,Felgueiras Fire,,Org,fn,
qwen3_14b,participants,lusa_109,cls_exp_temp0.3_nodelim_norole_nocot,-angle rescue vehicle to the,,Obj,fn,
qwen3_14b,participants,lusa_109,cls_exp_temp0.3_nodelim_norole_nocot,The GNR,,Org,fn,
qwen3_14b,participants,lusa_109,cls_exp_temp0.3_nodelim_norole_nocot,the scene,,Loc,fn,
qwen3_14b,participants,lusa_109,cls_exp_temp0.3_nodelim_norole_nocot,in Felgueiras,,Loc,fn,
qwen3_14b,participants,lusa_109,cls_exp_temp0.3_nodelim_norole_nocot,the,,Per,fn,
qwen3_14b,participants,lusa_109,cls_exp_temp0.3_nodelim_norole_nocot,in Regilde,,Loc,fn,
qwen3_14b,participants,lusa_109,cls_exp_temp0.3_nodelim_norole_nocot,the Emergency and Resuscitation Medical Vehicle (VMER) team from Vale do Sousa,,Org,fn,
qwen3_14b,participants,lusa_109,cls_exp_temp0.3_nodelim_norole_nocot,he ,,Org,fn,
qwen3_14b,participants,lusa_109,cls_exp_temp0.3_nodelim_norole_nocot,to Guimarães Hospital,,Loc,fn,
qwen3_14b,participants,lusa_110,cls_exp_temp0.3_nodelim_norole_nocot,a man in his 70s,N/A,Per,tp,
qwen3_14b,participants,lusa_110,cls_exp_temp0.3_nodelim_norole_nocot,the man,N/A,Per,tp,
qwen3_14b,participants,lusa_110,cls_exp_temp0.3_nodelim_norole_nocot,the victim,Per,Per,tp,
qwen3_14b,participants,lusa_110,cls_exp_temp0.3_nodelim_norole_nocot,source,N/A,Per,tp,
qwen3_14b,participants,lusa_110,cls_exp_temp0.3_nodelim_norole_nocot,Man,Per,Per,tp,
qwen3_14b,participants,lusa_110,cls_exp_temp0.3_nodelim_norole_nocot,the room,N/A,Loc,tp,
qwen3_14b,participants,lusa_110,cls_exp_temp0.3_nodelim_norole_nocot,the corporation,Org,Org,tp,
qwen3_14b,participants,lusa_110,cls_exp_temp0.3_nodelim_norole_nocot,the fire,N/A,Nat,tp,
qwen3_14b,participants,lusa_110,cls_exp_temp0.3_nodelim_norole_nocot,the flames,N/A,Nat,tp,
qwen3_14b,participants,lusa_110,cls_exp_temp0.3_nodelim_norole_nocot,Roberto Gonçalves,N/A,Per,tp,
qwen3_14b,participants,lusa_110,cls_exp_temp0.3_nodelim_norole_nocot,Ricardo Nascimento,N/A,Per,tp,
qwen3_14b,participants,lusa_110,cls_exp_temp0.3_nodelim_norole_nocot,the municipality of Ribeira Brava,Loc,Loc,tp,
qwen3_14b,participants,lusa_110,cls_exp_temp0.3_nodelim_norole_nocot,A man,Per,Per,tp,
qwen3_14b,participants,lusa_110,cls_exp_temp0.3_nodelim_norole_nocot,Lusa,N/A,Org,tp,
qwen3_14b,participants,lusa_110,cls_exp_temp0.3_nodelim_norole_nocot,the same source,N/A,Per,tp,
qwen3_14b,participants,lusa_110,cls_exp_temp0.3_nodelim_norole_nocot,the house,N/A,Loc,tp,
qwen3_14b,participants,lusa_110,cls_exp_temp0.3_nodelim_norole_nocot,Ribeira Brava,Loc,Loc,tp,
qwen3_14b,participants,lusa_110,cls_exp_temp0.3_nodelim_norole_nocot,a bedroom,N/A,Loc,tp,
qwen3_14b,participants,lusa_110,cls_exp_temp0.3_nodelim_norole_nocot,possible smoke inhalation,N/A,,fp,
qwen3_14b,participants,lusa_110,cls_exp_temp0.3_nodelim_norole_nocot,Ribeira Brava and Ponta do Sol Volunteer Fire Department,N/A,,fp,
qwen3_14b,participants,lusa_110,cls_exp_temp0.3_nodelim_norole_nocot,fire signals,N/A,,fp,
qwen3_14b,participants,lusa_110,cls_exp_temp0.3_nodelim_norole_nocot,his home,N/A,,fp,
qwen3_14b,participants,lusa_110,cls_exp_temp0.3_nodelim_norole_nocot,members of the corporation,Org,,fp,
qwen3_14b,participants,lusa_110,cls_exp_temp0.3_nodelim_norole_nocot,local fire department,N/A,,fp,
qwen3_14b,participants,lusa_110,cls_exp_temp0.3_nodelim_norole_nocot,house fire,Obj,,fp,
qwen3_14b,participants,lusa_110,cls_exp_temp0.3_nodelim_norole_nocot,he,Per,,fp,
qwen3_14b,participants,lusa_110,cls_exp_temp0.3_nodelim_norole_nocot,The president of Ribeira Brava City Council,N/A,,fp,
qwen3_14b,participants,lusa_110,cls_exp_temp0.3_nodelim_norole_nocot,west of Madeira,N/A,,fp,
qwen3_14b,participants,lusa_110,cls_exp_temp0.3_nodelim_norole_nocot,smoke and gases,N/A,,fp,
qwen3_14b,participants,lusa_110,cls_exp_temp0.3_nodelim_norole_nocot,the entrance hall of the house,N/A,,fp,
qwen3_14b,participants,lusa_110,cls_exp_temp0.3_nodelim_norole_nocot,head of service,N/A,,fp,
qwen3_14b,participants,lusa_110,cls_exp_temp0.3_nodelim_norole_nocot,Madeira,N/A,,fp,
qwen3_14b,participants,lusa_110,cls_exp_temp0.3_nodelim_norole_nocot,the police forces,N/A,,fp,
qwen3_14b,participants,lusa_110,cls_exp_temp0.3_nodelim_norole_nocot,signals,,Other,fn,
qwen3_14b,participants,lusa_110,cls_exp_temp0.3_nodelim_norole_nocot,the municipality,,Loc,fn,
qwen3_14b,participants,lusa_110,cls_exp_temp0.3_nodelim_norole_nocot,in ,,Loc,fn,
qwen3_14b,participants,lusa_110,cls_exp_temp0.3_nodelim_norole_nocot,Ribeira Brava City Council,,Org,fn,
qwen3_14b,participants,lusa_110,cls_exp_temp0.3_nodelim_norole_nocot,fire ,,Org,fn,
qwen3_14b,participants,lusa_110,cls_exp_temp0.3_nodelim_norole_nocot,home,,Loc,fn,
qwen3_14b,participants,lusa_110,cls_exp_temp0.3_nodelim_norole_nocot,members,,Per,fn,
qwen3_14b,participants,lusa_110,cls_exp_temp0.3_nodelim_norole_nocot,who,,Per,fn,
qwen3_14b,participants,lusa_110,cls_exp_temp0.3_nodelim_norole_nocot,gases,,Nat,fn,
qwen3_14b,participants,lusa_110,cls_exp_temp0.3_nodelim_norole_nocot,the causes,,Other,fn,
qwen3_14b,participants,lusa_110,cls_exp_temp0.3_nodelim_norole_nocot,The victim,,Per,fn,
qwen3_14b,participants,lusa_110,cls_exp_temp0.3_nodelim_norole_nocot,police forces,,Org,fn,
qwen3_14b,participants,lusa_110,cls_exp_temp0.3_nodelim_norole_nocot,The president,,Per,fn,
qwen3_14b,participants,lusa_110,cls_exp_temp0.3_nodelim_norole_nocot,the west of Madeira,,Loc,fn,
qwen3_14b,participants,lusa_110,cls_exp_temp0.3_nodelim_norole_nocot,where,,Loc,fn,
qwen3_14b,participants,lusa_110,cls_exp_temp0.3_nodelim_norole_nocot,inside,,Loc,fn,
qwen3_14b,participants,lusa_110,cls_exp_temp0.3_nodelim_norole_nocot,the entrance hall,,Loc,fn,
qwen3_14b,participants,lusa_110,cls_exp_temp0.3_nodelim_norole_nocot,fire,,Nat,fn,
qwen3_14b,participants,lusa_110,cls_exp_temp0.3_nodelim_norole_nocot,", head of",,Per,fn,
qwen3_14b,participants,lusa_110,cls_exp_temp0.3_nodelim_norole_nocot,smoke,,Nat,fn,
qwen3_14b,participants,lusa_110,cls_exp_temp0.3_nodelim_norole_nocot,the Ribeira Brava and Ponta do Sol Volunteer Fire,,Org,fn,
qwen3_14b,participants,lusa_110,cls_exp_temp0.3_nodelim_norole_nocot,out ,,Per,fn,
qwen3_14b,participants,lusa_110,cls_exp_temp0.3_nodelim_norole_nocot,there,,Loc,fn,
qwen3_14b,participants,lusa_111,cls_exp_temp0.3_nodelim_norole_nocot,sources,N/A,Per,tp,
qwen3_14b,participants,lusa_111,cls_exp_temp0.3_nodelim_norole_nocot,the source,N/A,Per,tp,
qwen3_14b,participants,lusa_111,cls_exp_temp0.3_nodelim_norole_nocot,Five vehicles,N/A,Obj,tp,
qwen3_14b,participants,lusa_111,cls_exp_temp0.3_nodelim_norole_nocot,motorcycle,Obj,Per,tp,
qwen3_14b,participants,lusa_111,cls_exp_temp0.3_nodelim_norole_nocot,Man,Per,Per,tp,
qwen3_14b,participants,lusa_111,cls_exp_temp0.3_nodelim_norole_nocot,the GNR,N/A,Org,tp,
qwen3_14b,participants,lusa_111,cls_exp_temp0.3_nodelim_norole_nocot,the scene,Loc,Loc,tp,
qwen3_14b,participants,lusa_111,cls_exp_temp0.3_nodelim_norole_nocot,Lusa agency,Org,Org,tp,
qwen3_14b,participants,lusa_111,cls_exp_temp0.3_nodelim_norole_nocot,A 34-year-old man,Per,Per,tp,
qwen3_14b,participants,lusa_111,cls_exp_temp0.3_nodelim_norole_nocot,civil protection,Org,Org,tp,
qwen3_14b,participants,lusa_111,cls_exp_temp0.3_nodelim_norole_nocot,a CDOS source,N/A,,fp,
qwen3_14b,participants,lusa_111,cls_exp_temp0.3_nodelim_norole_nocot,GNR,Org,,fp,
qwen3_14b,participants,lusa_111,cls_exp_temp0.3_nodelim_norole_nocot,Estrada Nacional 17,N/A,,fp,
qwen3_14b,participants,lusa_111,cls_exp_temp0.3_nodelim_norole_nocot,the Guarda District Relief Operations Command (CDOS),N/A,,fp,
qwen3_14b,participants,lusa_111,cls_exp_temp0.3_nodelim_norole_nocot,GNR's Road Accident Crime Investigation Unit,N/A,,fp,
qwen3_14b,participants,lusa_111,cls_exp_temp0.3_nodelim_norole_nocot,district of Guarda,Loc,,fp,
qwen3_14b,participants,lusa_111,cls_exp_temp0.3_nodelim_norole_nocot,motorcycle driver,Per,,fp,
qwen3_14b,participants,lusa_111,cls_exp_temp0.3_nodelim_norole_nocot,the alert for the accident,N/A,,fp,
qwen3_14b,participants,lusa_111,cls_exp_temp0.3_nodelim_norole_nocot,a source,N/A,,fp,
qwen3_14b,participants,lusa_111,cls_exp_temp0.3_nodelim_norole_nocot,the VMER da Guarda,N/A,,fp,
qwen3_14b,participants,lusa_111,cls_exp_temp0.3_nodelim_norole_nocot,Emergency and Resuscitation Medical Vehicle (VMER),Obj,,fp,
qwen3_14b,participants,lusa_111,cls_exp_temp0.3_nodelim_norole_nocot,doctor,Per,,fp,
qwen3_14b,participants,lusa_111,cls_exp_temp0.3_nodelim_norole_nocot,Celorico da Beira,Loc,,fp,
qwen3_14b,participants,lusa_111,cls_exp_temp0.3_nodelim_norole_nocot,ten members of the Celorico da Beira Volunteer Fire Department,N/A,,fp,
qwen3_14b,participants,lusa_111,cls_exp_temp0.3_nodelim_norole_nocot,District Relief Operations Command,,Org,fn,
qwen3_14b,participants,lusa_111,cls_exp_temp0.3_nodelim_norole_nocot,to a CDOS,,Org,fn,
qwen3_14b,participants,lusa_111,cls_exp_temp0.3_nodelim_norole_nocot,Nacional 17,,Loc,fn,
qwen3_14b,participants,lusa_111,cls_exp_temp0.3_nodelim_norole_nocot,the Emergency and Resuscitation Medical Vehicle (VMER),,Obj,fn,
qwen3_14b,participants,lusa_111,cls_exp_temp0.3_nodelim_norole_nocot,that,,Loc,fn,
qwen3_14b,participants,lusa_111,cls_exp_temp0.3_nodelim_norole_nocot,the Guarda,,Pl_civil,fn,
qwen3_14b,participants,lusa_111,cls_exp_temp0.3_nodelim_norole_nocot,Lusa,,Org,fn,
qwen3_14b,participants,lusa_111,cls_exp_temp0.3_nodelim_norole_nocot,a few meters before,,Loc,fn,
qwen3_14b,participants,lusa_111,cls_exp_temp0.3_nodelim_norole_nocot,da Guarda,,Pl_civil,fn,
qwen3_14b,participants,lusa_111,cls_exp_temp0.3_nodelim_norole_nocot,Source,,Per,fn,
qwen3_14b,participants,lusa_111,cls_exp_temp0.3_nodelim_norole_nocot,CDOS,,Org,fn,
qwen3_14b,participants,lusa_111,cls_exp_temp0.3_nodelim_norole_nocot,in the district of Guarda,,Loc,fn,
qwen3_14b,participants,lusa_111,cls_exp_temp0.3_nodelim_norole_nocot,the Territorial Command,,Fac,fn,
qwen3_14b,participants,lusa_111,cls_exp_temp0.3_nodelim_norole_nocot,who,,Per,fn,
qwen3_14b,participants,lusa_111,cls_exp_temp0.3_nodelim_norole_nocot,ten members,,Per,fn,
qwen3_14b,participants,lusa_111,cls_exp_temp0.3_nodelim_norole_nocot,the causes,,Other,fn,
qwen3_14b,participants,lusa_111,cls_exp_temp0.3_nodelim_norole_nocot,the doctor,,Per,fn,
qwen3_14b,participants,lusa_111,cls_exp_temp0.3_nodelim_norole_nocot,the,,Org,fn,
qwen3_14b,participants,lusa_111,cls_exp_temp0.3_nodelim_norole_nocot,in the direction of Celorico da Beira - Cortiço da Serra,,Loc,fn,
qwen3_14b,participants,lusa_111,cls_exp_temp0.3_nodelim_norole_nocot,source,,Per,fn,
qwen3_14b,participants,lusa_111,cls_exp_temp0.3_nodelim_norole_nocot,the motorcycle driver,,Per,fn,
qwen3_14b,participants,lusa_111,cls_exp_temp0.3_nodelim_norole_nocot,ten members of the Celorico da Beira,,Org,fn,
qwen3_14b,participants,lusa_111,cls_exp_temp0.3_nodelim_norole_nocot,the town of Cortiço da Serra,,Loc,fn,
qwen3_14b,participants,lusa_111,cls_exp_temp0.3_nodelim_norole_nocot,the VMER da Guarda,,Obj,fn,
qwen3_14b,participants,lusa_111,cls_exp_temp0.3_nodelim_norole_nocot,GNR were at,,Loc,fn,
qwen3_14b,participants,lusa_111,cls_exp_temp0.3_nodelim_norole_nocot,the motorcycle,,Obj,fn,
qwen3_14b,participants,lusa_111,cls_exp_temp0.3_nodelim_norole_nocot,the municipality by Celorico da Beira,,Loc,fn,
qwen3_14b,participants,lusa_111,cls_exp_temp0.3_nodelim_norole_nocot,in Celorico da Beira,,Loc,fn,
qwen3_14b,participants,lusa_111,cls_exp_temp0.3_nodelim_norole_nocot,he,,Obj,fn,
qwen3_14b,participants,lusa_111,cls_exp_temp0.3_nodelim_norole_nocot,Road Accident Crime Investigation Unit,,Org,fn,
qwen3_14b,participants,lusa_113,cls_exp_temp0.3_nodelim_norole_nocot,A 26-year-old man,N/A,Per,tp,
qwen3_14b,participants,lusa_113,cls_exp_temp0.3_nodelim_norole_nocot,The detainee,N/A,Per,tp,
qwen3_14b,participants,lusa_113,cls_exp_temp0.3_nodelim_norole_nocot,the Guard,N/A,Org,tp,
qwen3_14b,participants,lusa_113,cls_exp_temp0.3_nodelim_norole_nocot,the doors,Obj,Obj,tp,
qwen3_14b,participants,lusa_113,cls_exp_temp0.3_nodelim_norole_nocot,sister,N/A,Per,tp,
qwen3_14b,participants,lusa_113,cls_exp_temp0.3_nodelim_norole_nocot,the GNR,Org,Org,tp,
qwen3_14b,participants,lusa_113,cls_exp_temp0.3_nodelim_norole_nocot,the military,N/A,Per,tp,
qwen3_14b,participants,lusa_113,cls_exp_temp0.3_nodelim_norole_nocot,the Guard soldiers,N/A,Per,tp,
qwen3_14b,participants,lusa_113,cls_exp_temp0.3_nodelim_norole_nocot,the suspect,N/A,Per,tp,
qwen3_14b,participants,lusa_113,cls_exp_temp0.3_nodelim_norole_nocot,the 46-year-old mother,N/A,Per,tp,
qwen3_14b,participants,lusa_113,cls_exp_temp0.3_nodelim_norole_nocot,the victims,Per,Per,tp,
qwen3_14b,participants,lusa_113,cls_exp_temp0.3_nodelim_norole_nocot,GNR,N/A,,fp,
qwen3_14b,participants,lusa_113,cls_exp_temp0.3_nodelim_norole_nocot,the sister of 12 years,N/A,,fp,
qwen3_14b,participants,lusa_113,cls_exp_temp0.3_nodelim_norole_nocot,Foz Côa,N/A,,fp,
qwen3_14b,participants,lusa_113,cls_exp_temp0.3_nodelim_norole_nocot,mother,N/A,,fp,
qwen3_14b,participants,lusa_113,cls_exp_temp0.3_nodelim_norole_nocot,26-year-old man,Per,,fp,
qwen3_14b,participants,lusa_113,cls_exp_temp0.3_nodelim_norole_nocot,Judicial Court of Seia,N/A,,fp,
qwen3_14b,participants,lusa_113,cls_exp_temp0.3_nodelim_norole_nocot,the attacker,Per,,fp,
qwen3_14b,participants,lusa_113,cls_exp_temp0.3_nodelim_norole_nocot,the security force,N/A,,fp,
qwen3_14b,participants,lusa_113,cls_exp_temp0.3_nodelim_norole_nocot,The objects used for the threats,N/A,,fp,
qwen3_14b,participants,lusa_113,cls_exp_temp0.3_nodelim_norole_nocot,man,N/A,,fp,
qwen3_14b,participants,lusa_113,cls_exp_temp0.3_nodelim_norole_nocot,ax,N/A,,fp,
qwen3_14b,participants,lusa_113,cls_exp_temp0.3_nodelim_norole_nocot,knife,N/A,,fp,
qwen3_14b,participants,lusa_113,cls_exp_temp0.3_nodelim_norole_nocot,the house,Fac,,fp,
qwen3_14b,participants,lusa_113,cls_exp_temp0.3_nodelim_norole_nocot,the location,N/A,,fp,
qwen3_14b,participants,lusa_113,cls_exp_temp0.3_nodelim_norole_nocot,an ax,,Obj,fn,
qwen3_14b,participants,lusa_113,cls_exp_temp0.3_nodelim_norole_nocot,"the house, in",,Obj,fn,
qwen3_14b,participants,lusa_113,cls_exp_temp0.3_nodelim_norole_nocot,statement,,Obj,fn,
qwen3_14b,participants,lusa_113,cls_exp_temp0.3_nodelim_norole_nocot,the municipality of Foz Côa,,Loc,fn,
qwen3_14b,participants,lusa_113,cls_exp_temp0.3_nodelim_norole_nocot,at the Judicial Court of Seia,,Org,fn,
qwen3_14b,participants,lusa_113,cls_exp_temp0.3_nodelim_norole_nocot,preventive detention,,Other,fn,
qwen3_14b,participants,lusa_113,cls_exp_temp0.3_nodelim_norole_nocot,where,,Loc,fn,
qwen3_14b,participants,lusa_113,cls_exp_temp0.3_nodelim_norole_nocot,The objects,,Obj,fn,
qwen3_14b,participants,lusa_113,cls_exp_temp0.3_nodelim_norole_nocot,the,,Loc,fn,
qwen3_14b,participants,lusa_113,cls_exp_temp0.3_nodelim_norole_nocot,a knife,,Obj,fn,
qwen3_14b,participants,lusa_113,cls_exp_temp0.3_nodelim_norole_nocot,to his mother,,Per,fn,
qwen3_14b,participants,lusa_113,cls_exp_temp0.3_nodelim_norole_nocot,criminal record,,Other,fn,
qwen3_14b,participants,lusa_113,cls_exp_temp0.3_nodelim_norole_nocot,that security force,,Org,fn,
qwen3_14b,participants,lusa_113,cls_exp_temp0.3_nodelim_norole_nocot,coercive measure,,Other,fn,
qwen3_14b,participants,lusa_114,cls_exp_temp0.3_nodelim_norole_nocot,the man,N/A,Per,tp,
qwen3_14b,participants,lusa_114,cls_exp_temp0.3_nodelim_norole_nocot,The detainee,Per,Per,tp,
qwen3_14b,participants,lusa_114,cls_exp_temp0.3_nodelim_norole_nocot,the PJ,N/A,Org,tp,
qwen3_14b,participants,lusa_114,cls_exp_temp0.3_nodelim_norole_nocot,the suspect,N/A,Per,tp,
qwen3_14b,participants,lusa_114,cls_exp_temp0.3_nodelim_norole_nocot,more than two hundred computer files,N/A,Other,tp,
qwen3_14b,participants,lusa_114,cls_exp_temp0.3_nodelim_norole_nocot,several cell phones,N/A,Obj,tp,
qwen3_14b,participants,lusa_114,cls_exp_temp0.3_nodelim_norole_nocot,the district of Évora,N/A,Pl_civil,tp,
qwen3_14b,participants,lusa_114,cls_exp_temp0.3_nodelim_norole_nocot,a 56-year-old man,N/A,Per,tp,
qwen3_14b,participants,lusa_114,cls_exp_temp0.3_nodelim_norole_nocot,the police,N/A,Org,tp,
qwen3_14b,participants,lusa_114,cls_exp_temp0.3_nodelim_norole_nocot,The Judiciary Police,N/A,,fp,
qwen3_14b,participants,lusa_114,cls_exp_temp0.3_nodelim_norole_nocot,child pornography,N/A,,fp,
qwen3_14b,participants,lusa_114,cls_exp_temp0.3_nodelim_norole_nocot,Évora Local Criminal Investigation Unit,N/A,,fp,
qwen3_14b,participants,lusa_114,cls_exp_temp0.3_nodelim_norole_nocot,equipment,N/A,,fp,
qwen3_14b,participants,lusa_114,cls_exp_temp0.3_nodelim_norole_nocot,members of the Évora Local Criminal Investigation Unit,N/A,,fp,
qwen3_14b,participants,lusa_114,cls_exp_temp0.3_nodelim_norole_nocot,Judicial Police,N/A,,fp,
qwen3_14b,participants,lusa_114,cls_exp_temp0.3_nodelim_norole_nocot,Évora,N/A,,fp,
qwen3_14b,participants,lusa_114,cls_exp_temp0.3_nodelim_norole_nocot,suspect,N/A,,fp,
qwen3_14b,participants,lusa_114,cls_exp_temp0.3_nodelim_norole_nocot,PJ,N/A,,fp,
qwen3_14b,participants,lusa_114,cls_exp_temp0.3_nodelim_norole_nocot,minors,,Per,fn,
qwen3_14b,participants,lusa_114,cls_exp_temp0.3_nodelim_norole_nocot,members,,Per,fn,
qwen3_14b,participants,lusa_114,cls_exp_temp0.3_nodelim_norole_nocot,cell phones,,Obj,fn,
qwen3_14b,participants,lusa_114,cls_exp_temp0.3_nodelim_norole_nocot,statement,,Obj,fn,
qwen3_14b,participants,lusa_114,cls_exp_temp0.3_nodelim_norole_nocot,this equipment,,Obj,fn,
qwen3_14b,participants,lusa_114,cls_exp_temp0.3_nodelim_norole_nocot,The Judiciary Police (PJ),,Org,fn,
qwen3_14b,participants,lusa_114,cls_exp_temp0.3_nodelim_norole_nocot,images,,Other,fn,
qwen3_14b,participants,lusa_114,cls_exp_temp0.3_nodelim_norole_nocot,content,,Other,fn,
qwen3_14b,participants,lusa_114,cls_exp_temp0.3_nodelim_norole_nocot,coercive measures,,Other,fn,
qwen3_14b,participants,lusa_114,cls_exp_temp0.3_nodelim_norole_nocot,the Évora Local Criminal Investigation Unit,,Org,fn,
qwen3_14b,participants,lusa_115,cls_exp_temp0.3_nodelim_norole_nocot,Lisbon,N/A,Pl_civil,tp,
qwen3_14b,participants,lusa_115,cls_exp_temp0.3_nodelim_norole_nocot,firearms,N/A,Obj,tp,
qwen3_14b,participants,lusa_115,cls_exp_temp0.3_nodelim_norole_nocot,two different vehicles,N/A,Veh,tp,
qwen3_14b,participants,lusa_115,cls_exp_temp0.3_nodelim_norole_nocot,Rego area,N/A,Pl_civil,tp,
qwen3_14b,participants,lusa_115,cls_exp_temp0.3_nodelim_norole_nocot,authorities,Per,Org,tp,
qwen3_14b,participants,lusa_115,cls_exp_temp0.3_nodelim_norole_nocot,Four men,N/A,Per,tp,
qwen3_14b,participants,lusa_115,cls_exp_temp0.3_nodelim_norole_nocot,Lusa,N/A,Org,tp,
qwen3_14b,participants,lusa_115,cls_exp_temp0.3_nodelim_norole_nocot,police source,N/A,Per,tp,
qwen3_14b,participants,lusa_115,cls_exp_temp0.3_nodelim_norole_nocot,the same source,Per,Per,tp,
qwen3_14b,participants,lusa_115,cls_exp_temp0.3_nodelim_norole_nocot,ammunition,Obj,,fp,
qwen3_14b,participants,lusa_115,cls_exp_temp0.3_nodelim_norole_nocot,the Judiciary Police,N/A,,fp,
qwen3_14b,participants,lusa_115,cls_exp_temp0.3_nodelim_norole_nocot,vehicles parked in the area,N/A,,fp,
qwen3_14b,participants,lusa_115,cls_exp_temp0.3_nodelim_norole_nocot,magazine,Obj,,fp,
qwen3_14b,participants,lusa_115,cls_exp_temp0.3_nodelim_norole_nocot,PSP,Org,,fp,
qwen3_14b,participants,lusa_115,cls_exp_temp0.3_nodelim_norole_nocot,PSP Lisbon Metropolitan Command,N/A,,fp,
qwen3_14b,participants,lusa_115,cls_exp_temp0.3_nodelim_norole_nocot,The case,N/A,,fp,
qwen3_14b,participants,lusa_115,cls_exp_temp0.3_nodelim_norole_nocot,one of the suspects,Per,,fp,
qwen3_14b,participants,lusa_115,cls_exp_temp0.3_nodelim_norole_nocot,the four men,Per,,fp,
qwen3_14b,participants,lusa_115,cls_exp_temp0.3_nodelim_norole_nocot,a source from the PSP Lisbon Metropolitan Command,N/A,,fp,
qwen3_14b,participants,lusa_115,cls_exp_temp0.3_nodelim_norole_nocot,“several bullet casings”,,Obj,fn,
qwen3_14b,participants,lusa_115,cls_exp_temp0.3_nodelim_norole_nocot,"The four men, of an unspecified age",,Per,fn,
qwen3_14b,participants,lusa_115,cls_exp_temp0.3_nodelim_norole_nocot,scene,,Pl_civil,fn,
qwen3_14b,participants,lusa_115,cls_exp_temp0.3_nodelim_norole_nocot,source,,Per,fn,
qwen3_14b,participants,lusa_115,cls_exp_temp0.3_nodelim_norole_nocot,one,,Per,fn,
qwen3_14b,participants,lusa_115,cls_exp_temp0.3_nodelim_norole_nocot,injuries,,Per,fn,
qwen3_14b,participants,lusa_115,cls_exp_temp0.3_nodelim_norole_nocot,his,,Per,fn,
qwen3_14b,participants,lusa_115,cls_exp_temp0.3_nodelim_norole_nocot,vehicles,,Veh,fn,
qwen3_14b,participants,lusa_115,cls_exp_temp0.3_nodelim_norole_nocot,a magazine,,Obj,fn,
qwen3_14b,participants,lusa_115,cls_exp_temp0.3_nodelim_norole_nocot,that,,Obj,fn,
qwen3_14b,participants,lusa_115,cls_exp_temp0.3_nodelim_norole_nocot,the PSP Lisbon Metropolitan Command,,Org,fn,
qwen3_14b,participants,lusa_115,cls_exp_temp0.3_nodelim_norole_nocot,each other,,Per,fn,
qwen3_14b,participants,lusa_115,cls_exp_temp0.3_nodelim_norole_nocot,the suspects,,Per,fn,
qwen3_14b,participants,lusa_115,cls_exp_temp0.3_nodelim_norole_nocot,several ammunition,,Obj,fn,
qwen3_14b,participants,lusa_115,cls_exp_temp0.3_nodelim_norole_nocot,Judiciary Police,,Org,fn,
qwen3_14b,participants,lusa_115,cls_exp_temp0.3_nodelim_norole_nocot,PSP ,,Org,fn,
qwen3_14b,participants,lusa_115,cls_exp_temp0.3_nodelim_norole_nocot,area,,Pl_civil,fn,
qwen3_14b,participants,lusa_116,cls_exp_temp0.3_nodelim_norole_nocot,several people,N/A,Per,tp,
qwen3_14b,participants,lusa_116,cls_exp_temp0.3_nodelim_norole_nocot,Lisbon,N/A,Pl_capital,tp,
qwen3_14b,participants,lusa_116,cls_exp_temp0.3_nodelim_norole_nocot,the source,N/A,Per,tp,
qwen3_14b,participants,lusa_116,cls_exp_temp0.3_nodelim_norole_nocot,Santa Maria Hospital,N/A,Fac,tp,
qwen3_14b,participants,lusa_116,cls_exp_temp0.3_nodelim_norole_nocot,the Judicial Police,N/A,Org,tp,
qwen3_14b,participants,lusa_116,cls_exp_temp0.3_nodelim_norole_nocot,firearms,N/A,Obj,tp,
qwen3_14b,participants,lusa_116,cls_exp_temp0.3_nodelim_norole_nocot,ambulance,N/A,Veh,tp,
qwen3_14b,participants,lusa_116,cls_exp_temp0.3_nodelim_norole_nocot,a 33-year-old man,N/A,Per,tp,
qwen3_14b,participants,lusa_116,cls_exp_temp0.3_nodelim_norole_nocot,source,Per,Per,tp,
qwen3_14b,participants,lusa_116,cls_exp_temp0.3_nodelim_norole_nocot,Largo Maria Judite de Carvalho,Loc,Pl_civil,tp,
qwen3_14b,participants,lusa_116,cls_exp_temp0.3_nodelim_norole_nocot,Casal dos Machados,Loc,Fac,tp,
qwen3_14b,participants,lusa_116,cls_exp_temp0.3_nodelim_norole_nocot,Lusa,N/A,Org,tp,
qwen3_14b,participants,lusa_116,cls_exp_temp0.3_nodelim_norole_nocot,gas pumps,N/A,,fp,
qwen3_14b,participants,lusa_116,cls_exp_temp0.3_nodelim_norole_nocot,Casal dos Machados neighborhood,N/A,,fp,
qwen3_14b,participants,lusa_116,cls_exp_temp0.3_nodelim_norole_nocot,Avenida Infante D.,N/A,,fp,
qwen3_14b,participants,lusa_116,cls_exp_temp0.3_nodelim_norole_nocot,The investigation,N/A,,fp,
qwen3_14b,participants,lusa_116,cls_exp_temp0.3_nodelim_norole_nocot,fight,N/A,,fp,
qwen3_14b,participants,lusa_116,cls_exp_temp0.3_nodelim_norole_nocot,the same hospital,Fac,,fp,
qwen3_14b,participants,lusa_116,cls_exp_temp0.3_nodelim_norole_nocot,The slightly injured person,Per,,fp,
qwen3_14b,participants,lusa_116,cls_exp_temp0.3_nodelim_norole_nocot,a PSP source,N/A,,fp,
qwen3_14b,participants,lusa_116,cls_exp_temp0.3_nodelim_norole_nocot,PSP source,Per,,fp,
qwen3_14b,participants,lusa_116,cls_exp_temp0.3_nodelim_norole_nocot,Henrique,Per,,fp,
qwen3_14b,participants,lusa_116,cls_exp_temp0.3_nodelim_norole_nocot,Two men,N/A,,fp,
qwen3_14b,participants,lusa_116,cls_exp_temp0.3_nodelim_norole_nocot,Two injured,Per,,fp,
qwen3_14b,participants,lusa_116,cls_exp_temp0.3_nodelim_norole_nocot,Parque das Nations,Loc,,fp,
qwen3_14b,participants,lusa_116,cls_exp_temp0.3_nodelim_norole_nocot,scene,,Pl_civil,fn,
qwen3_14b,participants,lusa_116,cls_exp_temp0.3_nodelim_norole_nocot,one,,Per,fn,
qwen3_14b,participants,lusa_116,cls_exp_temp0.3_nodelim_norole_nocot,Avenida Infante D. Henrique,,Pl_civil,fn,
qwen3_14b,participants,lusa_116,cls_exp_temp0.3_nodelim_norole_nocot,them,,Per,fn,
qwen3_14b,participants,lusa_116,cls_exp_temp0.3_nodelim_norole_nocot,the gas pumps,,Fac,fn,
qwen3_14b,participants,lusa_116,cls_exp_temp0.3_nodelim_norole_nocot,"The slightly injured person, aged 22",,Per,fn,
qwen3_14b,participants,lusa_116,cls_exp_temp0.3_nodelim_norole_nocot,Two men aged 22 and 33,,Per,fn,
qwen3_14b,participants,lusa_116,cls_exp_temp0.3_nodelim_norole_nocot,the PSP,,Org,fn,
qwen3_14b,participants,lusa_116,cls_exp_temp0.3_nodelim_norole_nocot,to gunshots,,Obj,fn,
qwen3_14b,participants,lusa_116,cls_exp_temp0.3_nodelim_norole_nocot,the ,,Veh,fn,
qwen3_14b,participants,lusa_116,cls_exp_temp0.3_nodelim_norole_nocot,the PSP source,,Per,fn,
qwen3_14b,participants,lusa_116,cls_exp_temp0.3_nodelim_norole_nocot,a PSP,,Org,fn,
qwen3_14b,participants,lusa_116,cls_exp_temp0.3_nodelim_norole_nocot,the Casal dos Machados,,Pl_civil,fn,
qwen3_14b,participants,lusa_116,cls_exp_temp0.3_nodelim_norole_nocot,same hospital,,Fac,fn,
qwen3_14b,participants,lusa_116,cls_exp_temp0.3_nodelim_norole_nocot,a firearm cartridge,,Obj,fn,
qwen3_14b,participants,lusa_116,cls_exp_temp0.3_nodelim_norole_nocot,firearm cartridge,,Obj,fn,
qwen3_14b,participants,lusa_116,cls_exp_temp0.3_nodelim_norole_nocot,parish of Parque das Nations,,Pl_civil,fn,
qwen3_14b,participants,lusa_116,cls_exp_temp0.3_nodelim_norole_nocot,Three vehicles,,Veh,fn,
qwen3_14b,participants,lusa_12,cls_exp_temp0.3_nodelim_norole_nocot,that province,N/A,Loc,tp,
qwen3_14b,participants,lusa_12,cls_exp_temp0.3_nodelim_norole_nocot,the perpetrator,Per,Per,tp,
qwen3_14b,participants,lusa_12,cls_exp_temp0.3_nodelim_norole_nocot,the province of Maputo,Loc,Loc,tp,
qwen3_14b,participants,lusa_12,cls_exp_temp0.3_nodelim_norole_nocot,the agent,N/A,Per,tp,
qwen3_14b,participants,lusa_12,cls_exp_temp0.3_nodelim_norole_nocot,southern Mozambique,Loc,Loc,tp,
qwen3_14b,participants,lusa_12,cls_exp_temp0.3_nodelim_norole_nocot,the camp,N/A,Fac,tp,
qwen3_14b,participants,lusa_12,cls_exp_temp0.3_nodelim_norole_nocot,a colleague,Per,Per,tp,
qwen3_14b,participants,lusa_12,cls_exp_temp0.3_nodelim_norole_nocot,Lusa,N/A,Org,tp,
qwen3_14b,participants,lusa_12,cls_exp_temp0.3_nodelim_norole_nocot,the two officers,N/A,Per,tp,
qwen3_14b,participants,lusa_12,cls_exp_temp0.3_nodelim_norole_nocot,A Mozambican police officer,Per,Per,tp,
qwen3_14b,participants,lusa_12,cls_exp_temp0.3_nodelim_norole_nocot,Juarce Martins,N/A,Per,tp,
qwen3_14b,participants,lusa_12,cls_exp_temp0.3_nodelim_norole_nocot,the police,N/A,Org,tp,
qwen3_14b,participants,lusa_12,cls_exp_temp0.3_nodelim_norole_nocot,spokesperson,N/A,,fp,
qwen3_14b,participants,lusa_12,cls_exp_temp0.3_nodelim_norole_nocot,PRM agents,N/A,,fp,
qwen3_14b,participants,lusa_12,cls_exp_temp0.3_nodelim_norole_nocot,district of Magude,N/A,,fp,
qwen3_14b,participants,lusa_12,cls_exp_temp0.3_nodelim_norole_nocot,Police of the Republic of Mozambique (PRM),N/A,,fp,
qwen3_14b,participants,lusa_12,cls_exp_temp0.3_nodelim_norole_nocot,Police officer,Per,,fp,
qwen3_14b,participants,lusa_12,cls_exp_temp0.3_nodelim_norole_nocot,colleague,Per,,fp,
qwen3_14b,participants,lusa_12,cls_exp_temp0.3_nodelim_norole_nocot,a police source,Per,,fp,
qwen3_14b,participants,lusa_12,cls_exp_temp0.3_nodelim_norole_nocot,Maputo province,N/A,,fp,
qwen3_14b,participants,lusa_12,cls_exp_temp0.3_nodelim_norole_nocot,PRM spokesperson,Per,,fp,
qwen3_14b,participants,lusa_12,cls_exp_temp0.3_nodelim_norole_nocot,Department of Protection of Natural Resources and Environment,N/A,,fp,
qwen3_14b,participants,lusa_12,cls_exp_temp0.3_nodelim_norole_nocot,the protected area,N/A,,fp,
qwen3_14b,participants,lusa_12,cls_exp_temp0.3_nodelim_norole_nocot,other colleagues,Per,,fp,
qwen3_14b,participants,lusa_12,cls_exp_temp0.3_nodelim_norole_nocot,Maputo,Loc,,fp,
qwen3_14b,participants,lusa_12,cls_exp_temp0.3_nodelim_norole_nocot,province of Maputo,N/A,,fp,
qwen3_14b,participants,lusa_12,cls_exp_temp0.3_nodelim_norole_nocot,reasons,,Other,fn,
qwen3_14b,participants,lusa_12,cls_exp_temp0.3_nodelim_norole_nocot,the Police of the Republic of Mozambique (PRM),,Org,fn,
qwen3_14b,participants,lusa_12,cls_exp_temp0.3_nodelim_norole_nocot,other colleagues ran,,Per,fn,
qwen3_14b,participants,lusa_12,cls_exp_temp0.3_nodelim_norole_nocot,"the Department of Protection of Natural Resources and Environment, in",,Org,fn,
qwen3_14b,participants,lusa_12,cls_exp_temp0.3_nodelim_norole_nocot,A Mozambican police,,Org,fn,
qwen3_14b,participants,lusa_12,cls_exp_temp0.3_nodelim_norole_nocot,The command,,Org,fn,
qwen3_14b,participants,lusa_12,cls_exp_temp0.3_nodelim_norole_nocot,the PRM,,Org,fn,
qwen3_14b,participants,lusa_12,cls_exp_temp0.3_nodelim_norole_nocot,the Police of,,Loc,fn,
qwen3_14b,participants,lusa_12,cls_exp_temp0.3_nodelim_norole_nocot,the spokesperson,,Per,fn,
qwen3_14b,participants,lusa_12,cls_exp_temp0.3_nodelim_norole_nocot,the,,Org,fn,
qwen3_14b,participants,lusa_12,cls_exp_temp0.3_nodelim_norole_nocot,the members,,Per,fn,
qwen3_14b,participants,lusa_12,cls_exp_temp0.3_nodelim_norole_nocot,source,,Per,fn,
qwen3_14b,participants,lusa_12,cls_exp_temp0.3_nodelim_norole_nocot,the PRM spokesperson,,Per,fn,
qwen3_14b,participants,lusa_12,cls_exp_temp0.3_nodelim_norole_nocot,They,,Per,fn,
qwen3_14b,participants,lusa_12,cls_exp_temp0.3_nodelim_norole_nocot,the ,,Org,fn,
qwen3_14b,participants,lusa_12,cls_exp_temp0.3_nodelim_norole_nocot,the district of Magude,,Loc,fn,
qwen3_14b,participants,lusa_12,cls_exp_temp0.3_nodelim_norole_nocot,the other,,Per,fn,
qwen3_14b,participants,lusa_12,cls_exp_temp0.3_nodelim_norole_nocot,agents,,Per,fn,
qwen3_14b,participants,lusa_12,cls_exp_temp0.3_nodelim_norole_nocot,one,,Other,fn,
qwen3_14b,participants,lusa_12,cls_exp_temp0.3_nodelim_norole_nocot,other,,Other,fn,
qwen3_14b,participants,lusa_12,cls_exp_temp0.3_nodelim_norole_nocot,a protected,,Loc,fn,
qwen3_14b,participants,lusa_13,cls_exp_temp0.3_nodelim_norole_nocot,crabs,Obj,Nat,tp,
qwen3_14b,participants,lusa_13,cls_exp_temp0.3_nodelim_norole_nocot,central Mozambique,Loc,Loc,tp,
qwen3_14b,participants,lusa_13,cls_exp_temp0.3_nodelim_norole_nocot,César Maphossa,Per,Per,tp,
qwen3_14b,participants,lusa_13,cls_exp_temp0.3_nodelim_norole_nocot,vessels,Obj,Obj,tp,
qwen3_14b,participants,lusa_13,cls_exp_temp0.3_nodelim_norole_nocot,crab,N/A,Nat,tp,
qwen3_14b,participants,lusa_13,cls_exp_temp0.3_nodelim_norole_nocot,those responsible,Per,Per,tp,
qwen3_14b,participants,lusa_13,cls_exp_temp0.3_nodelim_norole_nocot,the boat,Obj,Obj,tp,
qwen3_14b,participants,lusa_13,cls_exp_temp0.3_nodelim_norole_nocot,authorities,N/A,Org,tp,
qwen3_14b,participants,lusa_13,cls_exp_temp0.3_nodelim_norole_nocot,the crew,Per,Per,tp,
qwen3_14b,participants,lusa_13,cls_exp_temp0.3_nodelim_norole_nocot,Lusa,N/A,Loc,tp,
qwen3_14b,participants,lusa_13,cls_exp_temp0.3_nodelim_norole_nocot,inspectors,Per,Per,tp,
qwen3_14b,participants,lusa_13,cls_exp_temp0.3_nodelim_norole_nocot,a vessel,N/A,Obj,tp,
qwen3_14b,participants,lusa_13,cls_exp_temp0.3_nodelim_norole_nocot,"1,100 kilos of crab",N/A,,fp,
qwen3_14b,participants,lusa_13,cls_exp_temp0.3_nodelim_norole_nocot,the center of the country,N/A,,fp,
qwen3_14b,participants,lusa_13,cls_exp_temp0.3_nodelim_norole_nocot,500 kilograms,N/A,,fp,
qwen3_14b,participants,lusa_13,cls_exp_temp0.3_nodelim_norole_nocot,veda season,N/A,,fp,
qwen3_14b,participants,lusa_13,cls_exp_temp0.3_nodelim_norole_nocot,September,N/A,,fp,
qwen3_14b,participants,lusa_13,cls_exp_temp0.3_nodelim_norole_nocot,Mozambican authorities,N/A,,fp,
qwen3_14b,participants,lusa_13,cls_exp_temp0.3_nodelim_norole_nocot,Mozambican maritime inspection,N/A,,fp,
qwen3_14b,participants,lusa_13,cls_exp_temp0.3_nodelim_norole_nocot,head of inspection,Per,,fp,
qwen3_14b,participants,lusa_13,cls_exp_temp0.3_nodelim_norole_nocot,Beira,Loc,,fp,
qwen3_14b,participants,lusa_13,cls_exp_temp0.3_nodelim_norole_nocot,ban period,N/A,,fp,
qwen3_14b,participants,lusa_13,cls_exp_temp0.3_nodelim_norole_nocot,the end of the year,N/A,,fp,
qwen3_14b,participants,lusa_13,cls_exp_temp0.3_nodelim_norole_nocot,authority source,N/A,,fp,
qwen3_14b,participants,lusa_13,cls_exp_temp0.3_nodelim_norole_nocot,the Maria River mangrove,,Loc,fn,
qwen3_14b,participants,lusa_13,cls_exp_temp0.3_nodelim_norole_nocot,the head,,Per,fn,
qwen3_14b,participants,lusa_13,cls_exp_temp0.3_nodelim_norole_nocot,marine species,,Nat,fn,
qwen3_14b,participants,lusa_13,cls_exp_temp0.3_nodelim_norole_nocot,their,,Nat,fn,
qwen3_14b,participants,lusa_13,cls_exp_temp0.3_nodelim_norole_nocot,The vessel,,Obj,fn,
qwen3_14b,participants,lusa_13,cls_exp_temp0.3_nodelim_norole_nocot,another 500 kilograms of crab,,Other,fn,
qwen3_14b,participants,lusa_13,cls_exp_temp0.3_nodelim_norole_nocot,heavy fines,,Other,fn,
qwen3_14b,participants,lusa_13,cls_exp_temp0.3_nodelim_norole_nocot,"1,100 kilos",,Other,fn,
qwen3_14b,participants,lusa_13,cls_exp_temp0.3_nodelim_norole_nocot,their populations,,Nat,fn,
qwen3_14b,participants,lusa_13,cls_exp_temp0.3_nodelim_norole_nocot,country,,Pl_country,fn,
qwen3_14b,participants,lusa_13,cls_exp_temp0.3_nodelim_norole_nocot,the center,,Pl_region,fn,
qwen3_14b,participants,lusa_13,cls_exp_temp0.3_nodelim_norole_nocot,the species,,Nat,fn,
qwen3_14b,participants,lusa_13,cls_exp_temp0.3_nodelim_norole_nocot,source,,Per,fn,
qwen3_14b,participants,lusa_13,cls_exp_temp0.3_nodelim_norole_nocot,the outskirts of the city of Beira,,Loc,fn,
qwen3_14b,participants,lusa_13,cls_exp_temp0.3_nodelim_norole_nocot,them,,Nat,fn,
qwen3_14b,participants,lusa_13,cls_exp_temp0.3_nodelim_norole_nocot,outskirts of the provincial capital of Sofala,,Loc,fn,
qwen3_14b,participants,lusa_13,cls_exp_temp0.3_nodelim_norole_nocot,600 kilograms of crab,,Other,fn,
qwen3_14b,participants,lusa_13,cls_exp_temp0.3_nodelim_norole_nocot,authority,,Org,fn,
qwen3_14b,participants,lusa_13,cls_exp_temp0.3_nodelim_norole_nocot,the crabs,,Nat,fn,
qwen3_14b,participants,lusa_13,cls_exp_temp0.3_nodelim_norole_nocot,boxes,,Obj,fn,
qwen3_14b,participants,lusa_13,cls_exp_temp0.3_nodelim_norole_nocot,natural habitat,,Loc,fn,
qwen3_14b,participants,lusa_14,cls_exp_temp0.3_nodelim_norole_nocot,the victims,N/A,Per,tp,
qwen3_14b,participants,lusa_14,cls_exp_temp0.3_nodelim_norole_nocot,the Public Prosecutor's Office,N/A,Org,tp,
qwen3_14b,participants,lusa_14,cls_exp_temp0.3_nodelim_norole_nocot,the municipality of Tangamandapio,N/A,Loc,tp,
qwen3_14b,participants,lusa_14,cls_exp_temp0.3_nodelim_norole_nocot,rival cartels,N/A,Org,tp,
qwen3_14b,participants,lusa_14,cls_exp_temp0.3_nodelim_norole_nocot,the local Public Prosecutor's Office,N/A,Org,tp,
qwen3_14b,participants,lusa_14,cls_exp_temp0.3_nodelim_norole_nocot,seven people,Per,Per,tp,
qwen3_14b,participants,lusa_14,cls_exp_temp0.3_nodelim_norole_nocot,Authorities,N/A,Org,tp,
qwen3_14b,participants,lusa_14,cls_exp_temp0.3_nodelim_norole_nocot,a group of agricultural workers,N/A,Per,tp,
qwen3_14b,participants,lusa_14,cls_exp_temp0.3_nodelim_norole_nocot,the victims' bodies,N/A,Other,tp,
qwen3_14b,participants,lusa_14,cls_exp_temp0.3_nodelim_norole_nocot,local authorities,N/A,Org,tp,
qwen3_14b,participants,lusa_14,cls_exp_temp0.3_nodelim_norole_nocot,Tangamandapio,N/A,,fp,
qwen3_14b,participants,lusa_14,cls_exp_temp0.3_nodelim_norole_nocot,six men and one woman,N/A,,fp,
qwen3_14b,participants,lusa_14,cls_exp_temp0.3_nodelim_norole_nocot,victims,Per,,fp,
qwen3_14b,participants,lusa_14,cls_exp_temp0.3_nodelim_norole_nocot,Hit men,Per,,fp,
qwen3_14b,participants,lusa_14,cls_exp_temp0.3_nodelim_norole_nocot,Mexican state of Michoacán,N/A,,fp,
qwen3_14b,participants,lusa_14,cls_exp_temp0.3_nodelim_norole_nocot,rural road,N/A,,fp,
qwen3_14b,participants,lusa_14,cls_exp_temp0.3_nodelim_norole_nocot,road,N/A,,fp,
qwen3_14b,participants,lusa_14,cls_exp_temp0.3_nodelim_norole_nocot,Hired killers (sicarios),N/A,,fp,
qwen3_14b,participants,lusa_14,cls_exp_temp0.3_nodelim_norole_nocot,drug trafficking,N/A,,fp,
qwen3_14b,participants,lusa_14,cls_exp_temp0.3_nodelim_norole_nocot,The victims,,Per,fn,
qwen3_14b,participants,lusa_14,cls_exp_temp0.3_nodelim_norole_nocot,the Mexican state of Michoacán,,Loc,fn,
qwen3_14b,participants,lusa_14,cls_exp_temp0.3_nodelim_norole_nocot,Mexico,,Loc,fn,
qwen3_14b,participants,lusa_14,cls_exp_temp0.3_nodelim_norole_nocot,killers,,Per,fn,
qwen3_14b,participants,lusa_14,cls_exp_temp0.3_nodelim_norole_nocot,At least three,,Other,fn,
qwen3_14b,participants,lusa_14,cls_exp_temp0.3_nodelim_norole_nocot,that country,,Loc,fn,
qwen3_14b,participants,lusa_14,cls_exp_temp0.3_nodelim_norole_nocot,the same informative note,,Obj,fn,
qwen3_14b,participants,lusa_14,cls_exp_temp0.3_nodelim_norole_nocot,the bodies,,Other,fn,
qwen3_14b,participants,lusa_14,cls_exp_temp0.3_nodelim_norole_nocot,one woman,,Per,fn,
qwen3_14b,participants,lusa_14,cls_exp_temp0.3_nodelim_norole_nocot,wounds,,Obj,fn,
qwen3_14b,participants,lusa_14,cls_exp_temp0.3_nodelim_norole_nocot,a road,,Loc,fn,
qwen3_14b,participants,lusa_14,cls_exp_temp0.3_nodelim_norole_nocot,a statement,,Obj,fn,
qwen3_14b,participants,lusa_14,cls_exp_temp0.3_nodelim_norole_nocot,six men,,Per,fn,
qwen3_14b,participants,lusa_14,cls_exp_temp0.3_nodelim_norole_nocot,The victims' bodies,,Other,fn,
qwen3_14b,participants,lusa_14,cls_exp_temp0.3_nodelim_norole_nocot,sicarios,,Per,fn,
qwen3_14b,participants,lusa_14,cls_exp_temp0.3_nodelim_norole_nocot,a rural road,,Loc,fn,
qwen3_14b,participants,lusa_15,cls_exp_temp0.3_nodelim_norole_nocot,The 'jihadist' group Islamic State (IS),N/A,Org,tp,
qwen3_14b,participants,lusa_15,cls_exp_temp0.3_nodelim_norole_nocot,Islamic State,N/A,Org,tp,
qwen3_14b,participants,lusa_15,cls_exp_temp0.3_nodelim_norole_nocot,Telegram networks,N/A,Other,tp,
qwen3_14b,participants,lusa_15,cls_exp_temp0.3_nodelim_norole_nocot,Syria,Loc,Loc,tp,
qwen3_14b,participants,lusa_15,cls_exp_temp0.3_nodelim_norole_nocot,police,Org,Org,tp,
qwen3_14b,participants,lusa_15,cls_exp_temp0.3_nodelim_norole_nocot,Vienna,N/A,Loc,tp,
qwen3_14b,participants,lusa_15,cls_exp_temp0.3_nodelim_norole_nocot,the armed attack,N/A,,fp,
qwen3_14b,participants,lusa_15,cls_exp_temp0.3_nodelim_norole_nocot,Austria,Loc,,fp,
qwen3_14b,participants,lusa_15,cls_exp_temp0.3_nodelim_norole_nocot,the statement,N/A,,fp,
qwen3_14b,participants,lusa_15,cls_exp_temp0.3_nodelim_norole_nocot,the armed robber,N/A,,fp,
qwen3_14b,participants,lusa_15,cls_exp_temp0.3_nodelim_norole_nocot,Islamic State (IS),N/A,,fp,
qwen3_14b,participants,lusa_15,cls_exp_temp0.3_nodelim_norole_nocot,The 20-year-old perpetrator,Per,,fp,
qwen3_14b,participants,lusa_15,cls_exp_temp0.3_nodelim_norole_nocot,synagogue,N/A,,fp,
qwen3_14b,participants,lusa_15,cls_exp_temp0.3_nodelim_norole_nocot,the young man,Per,,fp,
qwen3_14b,participants,lusa_15,cls_exp_temp0.3_nodelim_norole_nocot,Amaq propaganda agency,N/A,,fp,
qwen3_14b,participants,lusa_15,cls_exp_temp0.3_nodelim_norole_nocot,North Macedonia,Loc,,fp,
qwen3_14b,participants,lusa_15,cls_exp_temp0.3_nodelim_norole_nocot,Islamic State fighter,N/A,,fp,
qwen3_14b,participants,lusa_15,cls_exp_temp0.3_nodelim_norole_nocot,opera house,N/A,,fp,
qwen3_14b,participants,lusa_15,cls_exp_temp0.3_nodelim_norole_nocot,IS,Org,,fp,
qwen3_14b,participants,lusa_15,cls_exp_temp0.3_nodelim_norole_nocot,soldier of the caliphate,N/A,,fp,
qwen3_14b,participants,lusa_15,cls_exp_temp0.3_nodelim_norole_nocot,the opera,,Fac,fn,
qwen3_14b,participants,lusa_15,cls_exp_temp0.3_nodelim_norole_nocot,firearms,,Obj,fn,
qwen3_14b,participants,lusa_15,cls_exp_temp0.3_nodelim_norole_nocot,four,,Org,fn,
qwen3_14b,participants,lusa_15,cls_exp_temp0.3_nodelim_norole_nocot,in a ,,Obj,fn,
qwen3_14b,participants,lusa_15,cls_exp_temp0.3_nodelim_norole_nocot,after,,Other,fn,
qwen3_14b,participants,lusa_15,cls_exp_temp0.3_nodelim_norole_nocot,a photo,,Obj,fn,
qwen3_14b,participants,lusa_15,cls_exp_temp0.3_nodelim_norole_nocot,four fatalities,,Per,fn,
qwen3_14b,participants,lusa_15,cls_exp_temp0.3_nodelim_norole_nocot,ranks,,Per,fn,
qwen3_14b,participants,lusa_15,cls_exp_temp0.3_nodelim_norole_nocot,The IS,,Obj,fn,
qwen3_14b,participants,lusa_15,cls_exp_temp0.3_nodelim_norole_nocot,The young,,Per,fn,
qwen3_14b,participants,lusa_15,cls_exp_temp0.3_nodelim_norole_nocot,part,,Other,fn,
qwen3_14b,participants,lusa_15,cls_exp_temp0.3_nodelim_norole_nocot,the,,Org,fn,
qwen3_14b,participants,lusa_15,cls_exp_temp0.3_nodelim_norole_nocot,"dual nationality, Austrian and North Macedonia",,Other,fn,
qwen3_14b,participants,lusa_15,cls_exp_temp0.3_nodelim_norole_nocot,the center of Vienna,,Loc,fn,
qwen3_14b,participants,lusa_15,cls_exp_temp0.3_nodelim_norole_nocot,a “soldier of the caliphate”,,Per,fn,
qwen3_14b,participants,lusa_15,cls_exp_temp0.3_nodelim_norole_nocot,the Amaq propaganda agency,,Org,fn,
qwen3_14b,participants,lusa_15,cls_exp_temp0.3_nodelim_norole_nocot,The ,,Per,fn,
qwen3_14b,participants,lusa_15,cls_exp_temp0.3_nodelim_norole_nocot,text,,Obj,fn,
qwen3_14b,participants,lusa_15,cls_exp_temp0.3_nodelim_norole_nocot,the city of Vienna,,Pl_civil,fn,
qwen3_14b,participants,lusa_15,cls_exp_temp0.3_nodelim_norole_nocot,22 injuries,,Per,fn,
qwen3_14b,participants,lusa_15,cls_exp_temp0.3_nodelim_norole_nocot,an ,,Per,fn,
qwen3_14b,participants,lusa_15,cls_exp_temp0.3_nodelim_norole_nocot,a synagogue,,Fac,fn,
qwen3_14b,participants,lusa_16,cls_exp_temp0.3_nodelim_norole_nocot,Ricardo Pinheiro,N/A,Per,tp,
qwen3_14b,participants,lusa_16,cls_exp_temp0.3_nodelim_norole_nocot,Secretary of State for Planning,N/A,Per,tp,
qwen3_14b,participants,lusa_16,cls_exp_temp0.3_nodelim_norole_nocot,José Mendes,N/A,Per,tp,
qwen3_14b,participants,lusa_16,cls_exp_temp0.3_nodelim_norole_nocot,The President of the Republic,N/A,Per,tp,
qwen3_14b,participants,lusa_16,cls_exp_temp0.3_nodelim_norole_nocot,José Fernandes Gomes Mendes,N/A,Per,tp,
qwen3_14b,participants,lusa_16,cls_exp_temp0.3_nodelim_norole_nocot,circle,N/A,Per,tp,
qwen3_14b,participants,lusa_16,cls_exp_temp0.3_nodelim_norole_nocot,Ricardo Miguel Furtado Pinheiro,N/A,Per,tp,
qwen3_14b,participants,lusa_16,cls_exp_temp0.3_nodelim_norole_nocot,the note,N/A,Obj,tp,
qwen3_14b,participants,lusa_16,cls_exp_temp0.3_nodelim_norole_nocot,district of Portalegre,N/A,Pl_civil,tp,
qwen3_14b,participants,lusa_16,cls_exp_temp0.3_nodelim_norole_nocot,Socialist deputy Ricardo Pinheiro,N/A,Per,tp,
qwen3_14b,participants,lusa_16,cls_exp_temp0.3_nodelim_norole_nocot,Nelson de Sousa,N/A,Per,tp,
qwen3_14b,participants,lusa_16,cls_exp_temp0.3_nodelim_norole_nocot,the Prime Minister,N/A,Per,tp,
qwen3_14b,participants,lusa_16,cls_exp_temp0.3_nodelim_norole_nocot,the same position,N/A,,fp,
qwen3_14b,participants,lusa_16,cls_exp_temp0.3_nodelim_norole_nocot,Presidency of the Republic portal,N/A,,fp,
qwen3_14b,participants,lusa_16,cls_exp_temp0.3_nodelim_norole_nocot,the new Secretary of State of the Minister of Planning,N/A,,fp,
qwen3_14b,participants,lusa_16,cls_exp_temp0.3_nodelim_norole_nocot,Government,N/A,,fp,
qwen3_14b,participants,lusa_16,cls_exp_temp0.3_nodelim_norole_nocot,Chamber of Campo Maior,N/A,,fp,
qwen3_14b,participants,lusa_16,cls_exp_temp0.3_nodelim_norole_nocot,Palácio de Belém,N/A,,fp,
qwen3_14b,participants,lusa_16,cls_exp_temp0.3_nodelim_norole_nocot,note published on the Presidency of the Republic,,Loc,fn,
qwen3_14b,participants,lusa_16,cls_exp_temp0.3_nodelim_norole_nocot,a note,,Obj,fn,
qwen3_14b,participants,lusa_16,cls_exp_temp0.3_nodelim_norole_nocot,the Minister of Planning,,Per,fn,
qwen3_14b,participants,lusa_16,cls_exp_temp0.3_nodelim_norole_nocot,Chamber,,Org,fn,
qwen3_14b,participants,lusa_16,cls_exp_temp0.3_nodelim_norole_nocot,his,,Per,fn,
qwen3_14b,participants,lusa_16,cls_exp_temp0.3_nodelim_norole_nocot,Campo Maior,,Pl_civil,fn,
qwen3_14b,participants,lusa_16,cls_exp_temp0.3_nodelim_norole_nocot,"of Campo Maior,",,Org,fn,
qwen3_14b,participants,lusa_16,cls_exp_temp0.3_nodelim_norole_nocot,the Presidency of the Republic,,Org,fn,
qwen3_14b,participants,lusa_16,cls_exp_temp0.3_nodelim_norole_nocot,which,,Per,fn,
qwen3_14b,participants,lusa_16,cls_exp_temp0.3_nodelim_norole_nocot,the new Secretary of State,,Per,fn,
qwen3_14b,participants,lusa_16,cls_exp_temp0.3_nodelim_norole_nocot,Belém.,,Loc,fn,
qwen3_14b,participants,lusa_16,cls_exp_temp0.3_nodelim_norole_nocot,portal,,Loc,fn,
qwen3_14b,participants,lusa_17,cls_exp_temp0.3_nodelim_norole_nocot,Two other people,Per,Per,tp,
qwen3_14b,participants,lusa_17,cls_exp_temp0.3_nodelim_norole_nocot,local media,N/A,Org,tp,
qwen3_14b,participants,lusa_17,cls_exp_temp0.3_nodelim_norole_nocot,a 9-year-old child,N/A,Per,tp,
qwen3_14b,participants,lusa_17,cls_exp_temp0.3_nodelim_norole_nocot,Hong Kong,N/A,Loc,tp,
qwen3_14b,participants,lusa_17,cls_exp_temp0.3_nodelim_norole_nocot,Firefighters,N/A,Org,tp,
qwen3_14b,participants,lusa_17,cls_exp_temp0.3_nodelim_norole_nocot,the building,N/A,Loc,tp,
qwen3_14b,participants,lusa_17,cls_exp_temp0.3_nodelim_norole_nocot,The apartment,N/A,Fac,tp,
qwen3_14b,participants,lusa_17,cls_exp_temp0.3_nodelim_norole_nocot,Three men,Per,Per,tp,
qwen3_14b,participants,lusa_17,cls_exp_temp0.3_nodelim_norole_nocot,four women,Per,Per,tp,
qwen3_14b,participants,lusa_17,cls_exp_temp0.3_nodelim_norole_nocot,authorities,N/A,Org,tp,
qwen3_14b,participants,lusa_17,cls_exp_temp0.3_nodelim_norole_nocot,three men,N/A,Per,tp,
qwen3_14b,participants,lusa_17,cls_exp_temp0.3_nodelim_norole_nocot,three women,N/A,Per,tp,
qwen3_14b,participants,lusa_17,cls_exp_temp0.3_nodelim_norole_nocot,the victims,Per,Per,tp,
qwen3_14b,participants,lusa_17,cls_exp_temp0.3_nodelim_norole_nocot,the event,N/A,,fp,
qwen3_14b,participants,lusa_17,cls_exp_temp0.3_nodelim_norole_nocot,unlicensed restaurant,N/A,,fp,
qwen3_14b,participants,lusa_17,cls_exp_temp0.3_nodelim_norole_nocot,the apartment's bathroom window,N/A,,fp,
qwen3_14b,participants,lusa_17,cls_exp_temp0.3_nodelim_norole_nocot,residential building,N/A,,fp,
qwen3_14b,participants,lusa_17,cls_exp_temp0.3_nodelim_norole_nocot,those present,N/A,,fp,
qwen3_14b,participants,lusa_17,cls_exp_temp0.3_nodelim_norole_nocot,South China Morning Post (SCMP),N/A,,fp,
qwen3_14b,participants,lusa_17,cls_exp_temp0.3_nodelim_norole_nocot,press conference,N/A,,fp,
qwen3_14b,participants,lusa_17,cls_exp_temp0.3_nodelim_norole_nocot,family gathering,N/A,,fp,
qwen3_14b,participants,lusa_17,cls_exp_temp0.3_nodelim_norole_nocot,one of those present,N/A,,fp,
qwen3_14b,participants,lusa_17,cls_exp_temp0.3_nodelim_norole_nocot,seven people,N/A,,fp,
qwen3_14b,participants,lusa_17,cls_exp_temp0.3_nodelim_norole_nocot,Nepalese,Per,,fp,
qwen3_14b,participants,lusa_17,cls_exp_temp0.3_nodelim_norole_nocot,bathroom window,,Obj,fn,
qwen3_14b,participants,lusa_17,cls_exp_temp0.3_nodelim_norole_nocot,seven,,Per,fn,
qwen3_14b,participants,lusa_17,cls_exp_temp0.3_nodelim_norole_nocot,the South China Morning Post (SCMP),,Org,fn,
qwen3_14b,participants,lusa_17,cls_exp_temp0.3_nodelim_norole_nocot,one,,Per,fn,
qwen3_14b,participants,lusa_17,cls_exp_temp0.3_nodelim_norole_nocot,Most,,Per,fn,
qwen3_14b,participants,lusa_17,cls_exp_temp0.3_nodelim_norole_nocot,At least seven people,,Per,fn,
qwen3_14b,participants,lusa_17,cls_exp_temp0.3_nodelim_norole_nocot,bathroom,,Fac,fn,
qwen3_14b,participants,lusa_17,cls_exp_temp0.3_nodelim_norole_nocot,a residential building,,Fac,fn,
qwen3_14b,participants,lusa_17,cls_exp_temp0.3_nodelim_norole_nocot,the,,Per,fn,
qwen3_14b,participants,lusa_17,cls_exp_temp0.3_nodelim_norole_nocot,measures,,Other,fn,
qwen3_14b,participants,lusa_17,cls_exp_temp0.3_nodelim_norole_nocot,The fatal victims,,Per,fn,
qwen3_14b,participants,lusa_17,cls_exp_temp0.3_nodelim_norole_nocot,himself,,Per,fn,
qwen3_14b,participants,lusa_17,cls_exp_temp0.3_nodelim_norole_nocot,The ,,Loc,fn,
qwen3_14b,participants,lusa_17,cls_exp_temp0.3_nodelim_norole_nocot,an unlicensed restaurant,,Other,fn,
qwen3_14b,participants,lusa_17,cls_exp_temp0.3_nodelim_norole_nocot,the apartment,,Loc,fn,
qwen3_14b,participants,lusa_18,cls_exp_temp0.3_nodelim_norole_nocot,the assets,N/A,Obj,tp,
qwen3_14b,participants,lusa_18,cls_exp_temp0.3_nodelim_norole_nocot,public funds,N/A,Obj,tp,
qwen3_14b,participants,lusa_18,cls_exp_temp0.3_nodelim_norole_nocot,the State,N/A,Org,tp,
qwen3_14b,participants,lusa_18,cls_exp_temp0.3_nodelim_norole_nocot,the PGR statement,N/A,Obj,tp,
qwen3_14b,participants,lusa_18,cls_exp_temp0.3_nodelim_norole_nocot,LMC,N/A,Org,tp,
qwen3_14b,participants,lusa_18,cls_exp_temp0.3_nodelim_norole_nocot,private companies,N/A,Org,tp,
qwen3_14b,participants,lusa_18,cls_exp_temp0.3_nodelim_norole_nocot,The PGR,N/A,Org,tp,
qwen3_14b,participants,lusa_18,cls_exp_temp0.3_nodelim_norole_nocot,Heavy Group – Investimentos Limitada,N/A,Org,tp,
qwen3_14b,participants,lusa_18,cls_exp_temp0.3_nodelim_norole_nocot,Luanda,Loc,Loc,tp,
qwen3_14b,participants,lusa_18,cls_exp_temp0.3_nodelim_norole_nocot,Angola,Loc,Pl_country,tp,
qwen3_14b,participants,lusa_18,cls_exp_temp0.3_nodelim_norole_nocot,the note,N/A,Obj,tp,
qwen3_14b,participants,lusa_18,cls_exp_temp0.3_nodelim_norole_nocot,Universal Sabedoria,N/A,Org,tp,
qwen3_14b,participants,lusa_18,cls_exp_temp0.3_nodelim_norole_nocot,These real estate projects,N/A,Other,tp,
qwen3_14b,participants,lusa_18,cls_exp_temp0.3_nodelim_norole_nocot,National Social Security Institute,N/A,,fp,
qwen3_14b,participants,lusa_18,cls_exp_temp0.3_nodelim_norole_nocot,The Attorney General's Office of the Republic (PGR) of Angola,N/A,,fp,
qwen3_14b,participants,lusa_18,cls_exp_temp0.3_nodelim_norole_nocot,the companies,N/A,,fp,
qwen3_14b,participants,lusa_18,cls_exp_temp0.3_nodelim_norole_nocot,National Asset Recovery Service,N/A,,fp,
qwen3_14b,participants,lusa_18,cls_exp_temp0.3_nodelim_norole_nocot,Luanda Medical Center clinic,N/A,,fp,
qwen3_14b,participants,lusa_18,cls_exp_temp0.3_nodelim_norole_nocot,PGR,N/A,,fp,
qwen3_14b,participants,lusa_18,cls_exp_temp0.3_nodelim_norole_nocot,Méssene – Investimentos Limitada,N/A,,fp,
qwen3_14b,participants,lusa_18,cls_exp_temp0.3_nodelim_norole_nocot,the National Asset Recovery Service,,Org,fn,
qwen3_14b,participants,lusa_18,cls_exp_temp0.3_nodelim_norole_nocot,the Instituto Sapiens building,,Fac,fn,
qwen3_14b,participants,lusa_18,cls_exp_temp0.3_nodelim_norole_nocot,the Torres Eucaliptos real estate project,,Other,fn,
qwen3_14b,participants,lusa_18,cls_exp_temp0.3_nodelim_norole_nocot,measures,,Other,fn,
qwen3_14b,participants,lusa_18,cls_exp_temp0.3_nodelim_norole_nocot,a real estate project,,Other,fn,
qwen3_14b,participants,lusa_18,cls_exp_temp0.3_nodelim_norole_nocot,of ,,Org,fn,
qwen3_14b,participants,lusa_18,cls_exp_temp0.3_nodelim_norole_nocot,the Monalisa Residence hotels,,Org,fn,
qwen3_14b,participants,lusa_18,cls_exp_temp0.3_nodelim_norole_nocot,all,,Loc,fn,
qwen3_14b,participants,lusa_18,cls_exp_temp0.3_nodelim_norole_nocot,the National Social Security Institute,,Org,fn,
qwen3_14b,participants,lusa_18,cls_exp_temp0.3_nodelim_norole_nocot,The Attorney General's Office of the Republic (PGR),,Org,fn,
qwen3_14b,participants,lusa_18,cls_exp_temp0.3_nodelim_norole_nocot,the Luanda Medical Center clinic,,Org,fn,
qwen3_14b,participants,lusa_18,cls_exp_temp0.3_nodelim_norole_nocot,a hotel,,Org,fn,
qwen3_14b,participants,lusa_18,cls_exp_temp0.3_nodelim_norole_nocot,real estate assets,,Other,fn,
qwen3_14b,participants,lusa_18,cls_exp_temp0.3_nodelim_norole_nocot,the companies Méssene – Investimentos Limitada,,Org,fn,
qwen3_14b,participants,lusa_18,cls_exp_temp0.3_nodelim_norole_nocot,Talatona,,Loc,fn,
qwen3_14b,participants,lusa_18,cls_exp_temp0.3_nodelim_norole_nocot,"Amílcar Cabral,",,Pl_civil,fn,
qwen3_14b,participants,lusa_18,cls_exp_temp0.3_nodelim_norole_nocot,three more buildings,,Fac,fn,
qwen3_14b,participants,lusa_18,cls_exp_temp0.3_nodelim_norole_nocot,the Luanda Medical Center (LMC) building,,Fac,fn,
qwen3_14b,participants,lusa_18,cls_exp_temp0.3_nodelim_norole_nocot,the Ingombota,,Loc,fn,
qwen3_14b,participants,lusa_18,cls_exp_temp0.3_nodelim_norole_nocot,the legal representatives,,Per,fn,
qwen3_14b,participants,lusa_18,cls_exp_temp0.3_nodelim_norole_nocot,the PGR,,Org,fn,
qwen3_14b,participants,lusa_19,cls_exp_temp0.3_nodelim_norole_nocot,the victim,N/A,Per,tp,
qwen3_14b,participants,lusa_19,cls_exp_temp0.3_nodelim_norole_nocot,The man's body,N/A,Other,tp,
qwen3_14b,participants,lusa_19,cls_exp_temp0.3_nodelim_norole_nocot,Leiria,N/A,Pl_civil,tp,
qwen3_14b,participants,lusa_19,cls_exp_temp0.3_nodelim_norole_nocot,the GNR,N/A,Org,tp,
qwen3_14b,participants,lusa_19,cls_exp_temp0.3_nodelim_norole_nocot,a 75-year-old man,N/A,Per,tp,
qwen3_14b,participants,lusa_19,cls_exp_temp0.3_nodelim_norole_nocot,the Judiciary Police,N/A,Org,tp,
qwen3_14b,participants,lusa_19,cls_exp_temp0.3_nodelim_norole_nocot,Diogo Morgado,N/A,Per,tp,
qwen3_14b,participants,lusa_19,cls_exp_temp0.3_nodelim_norole_nocot,the same person in charge,N/A,Per,tp,
qwen3_14b,participants,lusa_19,cls_exp_temp0.3_nodelim_norole_nocot,The GNR,N/A,Org,tp,
qwen3_14b,participants,lusa_19,cls_exp_temp0.3_nodelim_norole_nocot,A 75-year-old man,Per,Per,tp,
qwen3_14b,participants,lusa_19,cls_exp_temp0.3_nodelim_norole_nocot,Lusa,N/A,Org,tp,
qwen3_14b,participants,lusa_19,cls_exp_temp0.3_nodelim_norole_nocot,Lusa agency,N/A,Org,tp,
qwen3_14b,participants,lusa_19,cls_exp_temp0.3_nodelim_norole_nocot,the district of Leiria,N/A,Pl_civil,tp,
qwen3_14b,participants,lusa_19,cls_exp_temp0.3_nodelim_norole_nocot,the Leiria Judiciary Police,N/A,Org,tp,
qwen3_14b,participants,lusa_19,cls_exp_temp0.3_nodelim_norole_nocot,the victim's residence,N/A,Fac,tp,
qwen3_14b,participants,lusa_19,cls_exp_temp0.3_nodelim_norole_nocot,a family member,N/A,Per,tp,
qwen3_14b,participants,lusa_19,cls_exp_temp0.3_nodelim_norole_nocot,home,Loc,Fac,tp,
qwen3_14b,participants,lusa_19,cls_exp_temp0.3_nodelim_norole_nocot,Alcobaça,Loc,,fp,
qwen3_14b,participants,lusa_19,cls_exp_temp0.3_nodelim_norole_nocot,Maiorga,Loc,,fp,
qwen3_14b,participants,lusa_19,cls_exp_temp0.3_nodelim_norole_nocot,Man,Per,,fp,
qwen3_14b,participants,lusa_19,cls_exp_temp0.3_nodelim_norole_nocot,GNR,N/A,,fp,
qwen3_14b,participants,lusa_19,cls_exp_temp0.3_nodelim_norole_nocot,commander of the Caldas da Rainha Territorial Detachment of the GNR,N/A,,fp,
qwen3_14b,participants,lusa_19,cls_exp_temp0.3_nodelim_norole_nocot,Fervença,Loc,,fp,
qwen3_14b,participants,lusa_19,cls_exp_temp0.3_nodelim_norole_nocot,Judiciary Police,N/A,,fp,
qwen3_14b,participants,lusa_19,cls_exp_temp0.3_nodelim_norole_nocot,man,Per,,fp,
qwen3_14b,participants,lusa_19,cls_exp_temp0.3_nodelim_norole_nocot,Legal Medicine service,N/A,,fp,
qwen3_14b,participants,lusa_19,cls_exp_temp0.3_nodelim_norole_nocot,his feet,,Other,fn,
qwen3_14b,participants,lusa_19,cls_exp_temp0.3_nodelim_norole_nocot,the Caldas da Rainha Territorial Detachment,,Org,fn,
qwen3_14b,participants,lusa_19,cls_exp_temp0.3_nodelim_norole_nocot,Caldas da Rainha,,Pl_civil,fn,
qwen3_14b,participants,lusa_19,cls_exp_temp0.3_nodelim_norole_nocot,The man,,Per,fn,
qwen3_14b,participants,lusa_19,cls_exp_temp0.3_nodelim_norole_nocot,Territorial Detachment,,Org,fn,
qwen3_14b,participants,lusa_19,cls_exp_temp0.3_nodelim_norole_nocot,where,,Pl_civil,fn,
qwen3_14b,participants,lusa_19,cls_exp_temp0.3_nodelim_norole_nocot,the town of Fervença,,Pl_civil,fn,
qwen3_14b,participants,lusa_19,cls_exp_temp0.3_nodelim_norole_nocot,that,,Per,fn,
qwen3_14b,participants,lusa_19,cls_exp_temp0.3_nodelim_norole_nocot,the scene,,Fac,fn,
qwen3_14b,participants,lusa_19,cls_exp_temp0.3_nodelim_norole_nocot,mothers,,Other,fn,
qwen3_14b,participants,lusa_19,cls_exp_temp0.3_nodelim_norole_nocot,the municipality of Alcobaça,,Pl_civil,fn,
qwen3_14b,participants,lusa_19,cls_exp_temp0.3_nodelim_norole_nocot,hands,,Other,fn,
qwen3_14b,participants,lusa_19,cls_exp_temp0.3_nodelim_norole_nocot,parish of Maiorga,,Pl_civil,fn,
qwen3_14b,participants,lusa_19,cls_exp_temp0.3_nodelim_norole_nocot,the body,,Other,fn,
qwen3_14b,participants,lusa_19,cls_exp_temp0.3_nodelim_norole_nocot,the Legal Medicine service,,Org,fn,
qwen3_14b,participants,lusa_19,cls_exp_temp0.3_nodelim_norole_nocot,the Legal Medicine service in Leiria,,Org,fn,
qwen3_14b,participants,lusa_19,cls_exp_temp0.3_nodelim_norole_nocot,commander,,Per,fn,
qwen3_14b,participants,lusa_2,cls_exp_temp0.3_nodelim_norole_nocot,Pasteleira Nova neighborhood,Loc,Pl_civil,tp,
qwen3_14b,participants,lusa_2,cls_exp_temp0.3_nodelim_norole_nocot,Porto,Loc,Pl_civil,tp,
qwen3_14b,participants,lusa_2,cls_exp_temp0.3_nodelim_norole_nocot,that police force,N/A,Org,tp,
qwen3_14b,participants,lusa_2,cls_exp_temp0.3_nodelim_norole_nocot,a firearm,Obj,Obj,tp,
qwen3_14b,participants,lusa_2,cls_exp_temp0.3_nodelim_norole_nocot,cocaine,N/A,Obj,tp,
qwen3_14b,participants,lusa_2,cls_exp_temp0.3_nodelim_norole_nocot,PSP,Org,Org,tp,
qwen3_14b,participants,lusa_2,cls_exp_temp0.3_nodelim_norole_nocot,heroin,N/A,Obj,tp,
qwen3_14b,participants,lusa_2,cls_exp_temp0.3_nodelim_norole_nocot,Police Intervention and Surveillance Squadron of the 2nd Division,N/A,Org,tp,
qwen3_14b,participants,lusa_2,cls_exp_temp0.3_nodelim_norole_nocot,A 20-year-old man,Per,Per,tp,
qwen3_14b,participants,lusa_2,cls_exp_temp0.3_nodelim_norole_nocot,the detainee,Per,Per,tp,
qwen3_14b,participants,lusa_2,cls_exp_temp0.3_nodelim_norole_nocot,the Porto Metropolitan Command of the PSP,N/A,,fp,
qwen3_14b,participants,lusa_2,cls_exp_temp0.3_nodelim_norole_nocot,police force,N/A,,fp,
qwen3_14b,participants,lusa_2,cls_exp_temp0.3_nodelim_norole_nocot,Judicial Authorities,Org,,fp,
qwen3_14b,participants,lusa_2,cls_exp_temp0.3_nodelim_norole_nocot,the arrest,N/A,,fp,
qwen3_14b,participants,lusa_2,cls_exp_temp0.3_nodelim_norole_nocot,a police action,N/A,,fp,
qwen3_14b,participants,lusa_2,cls_exp_temp0.3_nodelim_norole_nocot,Prevention and Immediate Reaction Teams (EPRI),N/A,,fp,
qwen3_14b,participants,lusa_2,cls_exp_temp0.3_nodelim_norole_nocot,firearm,N/A,,fp,
qwen3_14b,participants,lusa_2,cls_exp_temp0.3_nodelim_norole_nocot,the unemployed person,N/A,,fp,
qwen3_14b,participants,lusa_2,cls_exp_temp0.3_nodelim_norole_nocot,the crime of drug trafficking,N/A,,fp,
qwen3_14b,participants,lusa_2,cls_exp_temp0.3_nodelim_norole_nocot,drug trafficking suspect,N/A,,fp,
qwen3_14b,participants,lusa_2,cls_exp_temp0.3_nodelim_norole_nocot,statement,,Obj,fn,
qwen3_14b,participants,lusa_2,cls_exp_temp0.3_nodelim_norole_nocot,EPRI,,Per,fn,
qwen3_14b,participants,lusa_2,cls_exp_temp0.3_nodelim_norole_nocot,around 599 individual doses,,Obj,fn,
qwen3_14b,participants,lusa_2,cls_exp_temp0.3_nodelim_norole_nocot,A firearm,,Obj,fn,
qwen3_14b,participants,lusa_2,cls_exp_temp0.3_nodelim_norole_nocot,222 euros in cash,,Obj,fn,
qwen3_14b,participants,lusa_2,cls_exp_temp0.3_nodelim_norole_nocot,unemployed,,Per,fn,
qwen3_14b,participants,lusa_2,cls_exp_temp0.3_nodelim_norole_nocot,the PSP,,Org,fn,
qwen3_14b,participants,lusa_2,cls_exp_temp0.3_nodelim_norole_nocot,a speaker,,Obj,fn,
qwen3_14b,participants,lusa_2,cls_exp_temp0.3_nodelim_norole_nocot,Wednesday,,Obj,fn,
qwen3_14b,participants,lusa_2,cls_exp_temp0.3_nodelim_norole_nocot,of ammunition,,Obj,fn,
qwen3_14b,participants,lusa_2,cls_exp_temp0.3_nodelim_norole_nocot,"tablet, a speaker",,Obj,fn,
qwen3_14b,participants,lusa_2,cls_exp_temp0.3_nodelim_norole_nocot,Prevention and Immediate Reaction Teams,,Per,fn,
qwen3_14b,participants,lusa_2,cls_exp_temp0.3_nodelim_norole_nocot,drug,,Obj,fn,
qwen3_14b,participants,lusa_2,cls_exp_temp0.3_nodelim_norole_nocot,around 235 individual doses,,Obj,fn,
qwen3_14b,participants,lusa_2,cls_exp_temp0.3_nodelim_norole_nocot,the Porto Metropolitan Command,,Org,fn,
qwen3_14b,participants,lusa_21,cls_exp_temp0.3_nodelim_norole_nocot,Filipe Guimarães,Per,Per,tp,
qwen3_14b,participants,lusa_21,cls_exp_temp0.3_nodelim_norole_nocot,Arcos de Valdevez,N/A,Pl_civil,tp,
qwen3_14b,participants,lusa_21,cls_exp_temp0.3_nodelim_norole_nocot,Estrada Nacional 101,N/A,Loc,tp,
qwen3_14b,participants,lusa_21,cls_exp_temp0.3_nodelim_norole_nocot,the car,N/A,Per,tp,
qwen3_14b,participants,lusa_21,cls_exp_temp0.3_nodelim_norole_nocot,vehicle,N/A,Obj,tp,
qwen3_14b,participants,lusa_21,cls_exp_temp0.3_nodelim_norole_nocot,Lusa,N/A,Org,tp,
qwen3_14b,participants,lusa_21,cls_exp_temp0.3_nodelim_norole_nocot,Braga Hospital,N/A,Fac,tp,
qwen3_14b,participants,lusa_21,cls_exp_temp0.3_nodelim_norole_nocot,driver,Per,Per,tp,
qwen3_14b,participants,lusa_21,cls_exp_temp0.3_nodelim_norole_nocot,eyewitnesses,N/A,Per,tp,
qwen3_14b,participants,lusa_21,cls_exp_temp0.3_nodelim_norole_nocot,a vehicle,N/A,Obj,tp,
qwen3_14b,participants,lusa_21,cls_exp_temp0.3_nodelim_norole_nocot,Viana do Castelo Hospital,N/A,,fp,
qwen3_14b,participants,lusa_21,cls_exp_temp0.3_nodelim_norole_nocot,firefighters,Per,,fp,
qwen3_14b,participants,lusa_21,cls_exp_temp0.3_nodelim_norole_nocot,a second occupant of the car,N/A,,fp,
qwen3_14b,participants,lusa_21,cls_exp_temp0.3_nodelim_norole_nocot,the vehicle,N/A,,fp,
qwen3_14b,participants,lusa_21,cls_exp_temp0.3_nodelim_norole_nocot,the pole,N/A,,fp,
qwen3_14b,participants,lusa_21,cls_exp_temp0.3_nodelim_norole_nocot,the driver,N/A,,fp,
qwen3_14b,participants,lusa_21,cls_exp_temp0.3_nodelim_norole_nocot,Accident,N/A,,fp,
qwen3_14b,participants,lusa_21,cls_exp_temp0.3_nodelim_norole_nocot,local fire commander,N/A,,fp,
qwen3_14b,participants,lusa_21,cls_exp_temp0.3_nodelim_norole_nocot,a 'tunning' [transformed] vehicle,N/A,,fp,
qwen3_14b,participants,lusa_21,cls_exp_temp0.3_nodelim_norole_nocot,to Braga Hospital,,Fac,fn,
qwen3_14b,participants,lusa_21,cls_exp_temp0.3_nodelim_norole_nocot,wreckage,,Obj,fn,
qwen3_14b,participants,lusa_21,cls_exp_temp0.3_nodelim_norole_nocot,local fire,,Org,fn,
qwen3_14b,participants,lusa_21,cls_exp_temp0.3_nodelim_norole_nocot,a pole,,Obj,fn,
qwen3_14b,participants,lusa_21,cls_exp_temp0.3_nodelim_norole_nocot,a 'tunning' [transformed],,Obj,fn,
qwen3_14b,participants,lusa_21,cls_exp_temp0.3_nodelim_norole_nocot,two lanes in each direction,,Other,fn,
qwen3_14b,participants,lusa_21,cls_exp_temp0.3_nodelim_norole_nocot,debris,,Obj,fn,
qwen3_14b,participants,lusa_21,cls_exp_temp0.3_nodelim_norole_nocot,which,,Other,fn,
qwen3_14b,participants,lusa_21,cls_exp_temp0.3_nodelim_norole_nocot,the local fire commander,,Per,fn,
qwen3_14b,participants,lusa_21,cls_exp_temp0.3_nodelim_norole_nocot,that,,Per,fn,
qwen3_14b,participants,lusa_21,cls_exp_temp0.3_nodelim_norole_nocot,road,,Loc,fn,
qwen3_14b,participants,lusa_21,cls_exp_temp0.3_nodelim_norole_nocot,parish of São Paio and Giela,,Loc,fn,
qwen3_14b,participants,lusa_21,cls_exp_temp0.3_nodelim_norole_nocot,oil,,Other,fn,
qwen3_14b,participants,lusa_21,cls_exp_temp0.3_nodelim_norole_nocot,to Viana do Castelo Hospital,,Loc,fn,
qwen3_14b,participants,lusa_21,cls_exp_temp0.3_nodelim_norole_nocot,a second occupant,,Per,fn,
qwen3_14b,participants,lusa_21,cls_exp_temp0.3_nodelim_norole_nocot,Braga,,Pl_civil,fn,
qwen3_14b,participants,lusa_21,cls_exp_temp0.3_nodelim_norole_nocot,approximately 150 meters before,,Other,fn,
qwen3_14b,participants,lusa_21,cls_exp_temp0.3_nodelim_norole_nocot,car,,Obj,fn,
qwen3_14b,participants,lusa_22,cls_exp_temp0.3_nodelim_norole_nocot,The Portuguese Prime Minister,Per,Per,tp,
qwen3_14b,participants,lusa_22,cls_exp_temp0.3_nodelim_norole_nocot,Emmanuel Macron,Per,Per,tp,
qwen3_14b,participants,lusa_22,cls_exp_temp0.3_nodelim_norole_nocot,Covid-19,N/A,Nat,tp,
qwen3_14b,participants,lusa_22,cls_exp_temp0.3_nodelim_norole_nocot,Guinea Bissau,Loc,Pl_country,tp,
qwen3_14b,participants,lusa_22,cls_exp_temp0.3_nodelim_norole_nocot,São Tomé and Príncipe,Loc,Pl_country,tp,
qwen3_14b,participants,lusa_22,cls_exp_temp0.3_nodelim_norole_nocot,the prime minister,Per,Per,tp,
qwen3_14b,participants,lusa_22,cls_exp_temp0.3_nodelim_norole_nocot,the new coronavirus,Obj,Nat,tp,
qwen3_14b,participants,lusa_22,cls_exp_temp0.3_nodelim_norole_nocot,The Prime Minister,Per,Per,tp,
qwen3_14b,participants,lusa_22,cls_exp_temp0.3_nodelim_norole_nocot,Paris,Loc,Pl_country,tp,
qwen3_14b,participants,lusa_22,cls_exp_temp0.3_nodelim_norole_nocot,the same statement,Obj,Obj,tp,
qwen3_14b,participants,lusa_22,cls_exp_temp0.3_nodelim_norole_nocot,French President Emmanuel Macron,N/A,Per,tp,
qwen3_14b,participants,lusa_22,cls_exp_temp0.3_nodelim_norole_nocot,Costa,N/A,,fp,
qwen3_14b,participants,lusa_22,cls_exp_temp0.3_nodelim_norole_nocot,executive activity,N/A,,fp,
qwen3_14b,participants,lusa_22,cls_exp_temp0.3_nodelim_norole_nocot,António Costa's office,N/A,,fp,
qwen3_14b,participants,lusa_22,cls_exp_temp0.3_nodelim_norole_nocot,Macron,N/A,,fp,
qwen3_14b,participants,lusa_22,cls_exp_temp0.3_nodelim_norole_nocot,Élysée Palace,N/A,,fp,
qwen3_14b,participants,lusa_22,cls_exp_temp0.3_nodelim_norole_nocot,any public agenda,N/A,,fp,
qwen3_14b,participants,lusa_22,cls_exp_temp0.3_nodelim_norole_nocot,health authorities,N/A,,fp,
qwen3_14b,participants,lusa_22,cls_exp_temp0.3_nodelim_norole_nocot,his work agenda,N/A,,fp,
qwen3_14b,participants,lusa_22,cls_exp_temp0.3_nodelim_norole_nocot,this trip,N/A,,fp,
qwen3_14b,participants,lusa_22,cls_exp_temp0.3_nodelim_norole_nocot,he,Per,,fp,
qwen3_14b,participants,lusa_22,cls_exp_temp0.3_nodelim_norole_nocot,Lusa agency,Org,,fp,
qwen3_14b,participants,lusa_22,cls_exp_temp0.3_nodelim_norole_nocot,He,N/A,,fp,
qwen3_14b,participants,lusa_22,cls_exp_temp0.3_nodelim_norole_nocot,The French President,Per,,fp,
qwen3_14b,participants,lusa_22,cls_exp_temp0.3_nodelim_norole_nocot,his physical presence,N/A,,fp,
qwen3_14b,participants,lusa_22,cls_exp_temp0.3_nodelim_norole_nocot,the statement,,Obj,fn,
qwen3_14b,participants,lusa_22,cls_exp_temp0.3_nodelim_norole_nocot,involves his,,Per,fn,
qwen3_14b,participants,lusa_22,cls_exp_temp0.3_nodelim_norole_nocot,the French President,,Per,fn,
qwen3_14b,participants,lusa_22,cls_exp_temp0.3_nodelim_norole_nocot,the health authorities,,Org,fn,
qwen3_14b,participants,lusa_22,cls_exp_temp0.3_nodelim_norole_nocot,the ,,Org,fn,
qwen3_14b,participants,lusa_22,cls_exp_temp0.3_nodelim_norole_nocot,the Élysée Palace,,Fac,fn,
qwen3_14b,participants,lusa_22,cls_exp_temp0.3_nodelim_norole_nocot,a test,,Obj,fn,
qwen3_14b,participants,lusa_22,cls_exp_temp0.3_nodelim_norole_nocot,the Lusa agency,,Per,fn,
qwen3_14b,participants,lusa_22,cls_exp_temp0.3_nodelim_norole_nocot,whom,,Per,fn,
qwen3_14b,participants,lusa_22,cls_exp_temp0.3_nodelim_norole_nocot,António Costa,,Per,fn,
qwen3_14b,participants,lusa_22,cls_exp_temp0.3_nodelim_norole_nocot,the Prime Minister,,Per,fn,
qwen3_14b,participants,lusa_23,cls_exp_temp0.3_nodelim_norole_nocot,Melbourne,N/A,Pl_civil,tp,
qwen3_14b,participants,lusa_23,cls_exp_temp0.3_nodelim_norole_nocot,the Australian state of Victoria,N/A,Pl_civil,tp,
qwen3_14b,participants,lusa_23,cls_exp_temp0.3_nodelim_norole_nocot,Covid-19,N/A,Nat,tp,
qwen3_14b,participants,lusa_23,cls_exp_temp0.3_nodelim_norole_nocot,private security guards,N/A,Per,tp,
qwen3_14b,participants,lusa_23,cls_exp_temp0.3_nodelim_norole_nocot,Police,N/A,Org,tp,
qwen3_14b,participants,lusa_23,cls_exp_temp0.3_nodelim_norole_nocot,two hotels,N/A,Fac,tp,
qwen3_14b,participants,lusa_23,cls_exp_temp0.3_nodelim_norole_nocot,the government,N/A,Org,tp,
qwen3_14b,participants,lusa_23,cls_exp_temp0.3_nodelim_norole_nocot,the country,N/A,Pl_civil,tp,
qwen3_14b,participants,lusa_23,cls_exp_temp0.3_nodelim_norole_nocot,Andrews,Per,Per,tp,
qwen3_14b,participants,lusa_23,cls_exp_temp0.3_nodelim_norole_nocot,Victoria,Loc,Pl_civil,tp,
qwen3_14b,participants,lusa_23,cls_exp_temp0.3_nodelim_norole_nocot,quarantine system,N/A,,fp,
qwen3_14b,participants,lusa_23,cls_exp_temp0.3_nodelim_norole_nocot,Melbourne's quarantine hotels,N/A,,fp,
qwen3_14b,participants,lusa_23,cls_exp_temp0.3_nodelim_norole_nocot,The leader of the government of the Australian state of Victoria,N/A,,fp,
qwen3_14b,participants,lusa_23,cls_exp_temp0.3_nodelim_norole_nocot,Victorian Premier Dan Andrews,Per,,fp,
qwen3_14b,participants,lusa_23,cls_exp_temp0.3_nodelim_norole_nocot,investigation report,Obj,,fp,
qwen3_14b,participants,lusa_23,cls_exp_temp0.3_nodelim_norole_nocot,the Victorian community,Per,,fp,
qwen3_14b,participants,lusa_23,cls_exp_temp0.3_nodelim_norole_nocot,hotel quarantine,N/A,,fp,
qwen3_14b,participants,lusa_23,cls_exp_temp0.3_nodelim_norole_nocot,Australian deaths,N/A,,fp,
qwen3_14b,participants,lusa_23,cls_exp_temp0.3_nodelim_norole_nocot,the majority of deaths from covid-19,N/A,,fp,
qwen3_14b,participants,lusa_23,cls_exp_temp0.3_nodelim_norole_nocot,the quarantine program,N/A,,fp,
qwen3_14b,participants,lusa_23,cls_exp_temp0.3_nodelim_norole_nocot,Covi-19,N/A,,fp,
qwen3_14b,participants,lusa_23,cls_exp_temp0.3_nodelim_norole_nocot,the errors in the quarantine program,N/A,,fp,
qwen3_14b,participants,lusa_23,cls_exp_temp0.3_nodelim_norole_nocot,Australian state government,N/A,,fp,
qwen3_14b,participants,lusa_23,cls_exp_temp0.3_nodelim_norole_nocot,908 Australian deaths,N/A,,fp,
qwen3_14b,participants,lusa_23,cls_exp_temp0.3_nodelim_norole_nocot,this program,Obj,,fp,
qwen3_14b,participants,lusa_23,cls_exp_temp0.3_nodelim_norole_nocot,820,N/A,,fp,
qwen3_14b,participants,lusa_23,cls_exp_temp0.3_nodelim_norole_nocot,mistakes,N/A,,fp,
qwen3_14b,participants,lusa_23,cls_exp_temp0.3_nodelim_norole_nocot,the government of the Australian state of Victoria,N/A,,fp,
qwen3_14b,participants,lusa_23,cls_exp_temp0.3_nodelim_norole_nocot,pandemic rulebook,N/A,,fp,
qwen3_14b,participants,lusa_23,cls_exp_temp0.3_nodelim_norole_nocot,this ,,Fac,fn,
qwen3_14b,participants,lusa_23,cls_exp_temp0.3_nodelim_norole_nocot,covid-19,,Nat,fn,
qwen3_14b,participants,lusa_23,cls_exp_temp0.3_nodelim_norole_nocot,to the Victorian community,,Per,fn,
qwen3_14b,participants,lusa_23,cls_exp_temp0.3_nodelim_norole_nocot,the state of Victoria,,Pl_civil,fn,
qwen3_14b,participants,lusa_23,cls_exp_temp0.3_nodelim_norole_nocot,the rest of the country,,Pl_civil,fn,
qwen3_14b,participants,lusa_23,cls_exp_temp0.3_nodelim_norole_nocot,a pandemic rulebook,,Obj,fn,
qwen3_14b,participants,lusa_23,cls_exp_temp0.3_nodelim_norole_nocot,virus,,Nat,fn,
qwen3_14b,participants,lusa_23,cls_exp_temp0.3_nodelim_norole_nocot,the rest,,Pl_region,fn,
qwen3_14b,participants,lusa_23,cls_exp_temp0.3_nodelim_norole_nocot,two quarantine hotels,,Fac,fn,
qwen3_14b,participants,lusa_23,cls_exp_temp0.3_nodelim_norole_nocot,hotels,,Fac,fn,
qwen3_14b,participants,lusa_23,cls_exp_temp0.3_nodelim_norole_nocot,Victorian,,Pl_civil,fn,
qwen3_14b,participants,lusa_23,cls_exp_temp0.3_nodelim_norole_nocot,", Victorian Premier",,Per,fn,
qwen3_14b,participants,lusa_23,cls_exp_temp0.3_nodelim_norole_nocot,a wave of infections,,Other,fn,
qwen3_14b,participants,lusa_23,cls_exp_temp0.3_nodelim_norole_nocot,Dan Andrews,,Per,fn,
qwen3_14b,participants,lusa_23,cls_exp_temp0.3_nodelim_norole_nocot,"of the investigation report, Victorian Premier",,Per,fn,
qwen3_14b,participants,lusa_23,cls_exp_temp0.3_nodelim_norole_nocot,airport,,Fac,fn,
qwen3_14b,participants,lusa_23,cls_exp_temp0.3_nodelim_norole_nocot,the investigation report,,Obj,fn,
qwen3_14b,participants,lusa_23,cls_exp_temp0.3_nodelim_norole_nocot,The leader,,Per,fn,
qwen3_14b,participants,lusa_23,cls_exp_temp0.3_nodelim_norole_nocot,Melbourne airport,,Fac,fn,
qwen3_14b,participants,lusa_23,cls_exp_temp0.3_nodelim_norole_nocot,"second-largest city, while",,Pl_civil,fn,
qwen3_14b,participants,lusa_24,cls_exp_temp0.3_nodelim_norole_nocot,Guadiana River,N/A,Pl_water,tp,
qwen3_14b,participants,lusa_24,cls_exp_temp0.3_nodelim_norole_nocot,Foz de Odeleite,Loc,Pl_civil,tp,
qwen3_14b,participants,lusa_24,cls_exp_temp0.3_nodelim_norole_nocot,the man of Romanian nationality,N/A,Per,tp,
qwen3_14b,participants,lusa_24,cls_exp_temp0.3_nodelim_norole_nocot,Vila Real de Santo António,N/A,Pl_civil,tp,
qwen3_14b,participants,lusa_24,cls_exp_temp0.3_nodelim_norole_nocot,Vila Real de Santo António Lifeguard Station,N/A,Fac,tp,
qwen3_14b,participants,lusa_24,cls_exp_temp0.3_nodelim_norole_nocot,The National Maritime Authority,Org,Org,tp,
qwen3_14b,participants,lusa_24,cls_exp_temp0.3_nodelim_norole_nocot,the authority,N/A,Org,tp,
qwen3_14b,participants,lusa_24,cls_exp_temp0.3_nodelim_norole_nocot,two fishermen,N/A,Per,tp,
qwen3_14b,participants,lusa_24,cls_exp_temp0.3_nodelim_norole_nocot,a 48-year-old man,Per,,fp,
qwen3_14b,participants,lusa_24,cls_exp_temp0.3_nodelim_norole_nocot,Lusa.,N/A,,fp,
qwen3_14b,participants,lusa_24,cls_exp_temp0.3_nodelim_norole_nocot,the municipality of Castro Marim,Loc,,fp,
qwen3_14b,participants,lusa_24,cls_exp_temp0.3_nodelim_norole_nocot,Search Coordination Center,N/A,,fp,
qwen3_14b,participants,lusa_24,cls_exp_temp0.3_nodelim_norole_nocot,missing man,N/A,,fp,
qwen3_14b,participants,lusa_24,cls_exp_temp0.3_nodelim_norole_nocot,the water,N/A,,fp,
qwen3_14b,participants,lusa_24,cls_exp_temp0.3_nodelim_norole_nocot,the National Maritime Authority,N/A,,fp,
qwen3_14b,participants,lusa_24,cls_exp_temp0.3_nodelim_norole_nocot,the disappearance,N/A,,fp,
qwen3_14b,participants,lusa_24,cls_exp_temp0.3_nodelim_norole_nocot,searches,N/A,,fp,
qwen3_14b,participants,lusa_24,cls_exp_temp0.3_nodelim_norole_nocot,Lisbon Maritime Rescue,N/A,,fp,
qwen3_14b,participants,lusa_24,cls_exp_temp0.3_nodelim_norole_nocot,Castro Marim,Loc,,fp,
qwen3_14b,participants,lusa_24,cls_exp_temp0.3_nodelim_norole_nocot,a source,N/A,,fp,
qwen3_14b,participants,lusa_24,cls_exp_temp0.3_nodelim_norole_nocot,Maritime Police vessel,N/A,,fp,
qwen3_14b,participants,lusa_24,cls_exp_temp0.3_nodelim_norole_nocot,Authorities,N/A,,fp,
qwen3_14b,participants,lusa_24,cls_exp_temp0.3_nodelim_norole_nocot,The Captain of the Port of Vila Real de Santo António,N/A,,fp,
qwen3_14b,participants,lusa_24,cls_exp_temp0.3_nodelim_norole_nocot,The searches,N/A,,fp,
qwen3_14b,participants,lusa_24,cls_exp_temp0.3_nodelim_norole_nocot,Lifeguard Station,,Fac,fn,
qwen3_14b,participants,lusa_24,cls_exp_temp0.3_nodelim_norole_nocot,that,,Per,fn,
qwen3_14b,participants,lusa_24,cls_exp_temp0.3_nodelim_norole_nocot,through the Search Coordination Center,,Org,fn,
qwen3_14b,participants,lusa_24,cls_exp_temp0.3_nodelim_norole_nocot,Lusa,,Org,fn,
qwen3_14b,participants,lusa_24,cls_exp_temp0.3_nodelim_norole_nocot,the Port of Vila Real de Santo António,,Fac,fn,
qwen3_14b,participants,lusa_24,cls_exp_temp0.3_nodelim_norole_nocot,statement,,Obj,fn,
qwen3_14b,participants,lusa_24,cls_exp_temp0.3_nodelim_norole_nocot,Lisbon,,Pl_capital,fn,
qwen3_14b,participants,lusa_24,cls_exp_temp0.3_nodelim_norole_nocot,the,,Per,fn,
qwen3_14b,participants,lusa_24,cls_exp_temp0.3_nodelim_norole_nocot,The Captain,,Per,fn,
qwen3_14b,participants,lusa_24,cls_exp_temp0.3_nodelim_norole_nocot,"a 48-year-old man,",,Per,fn,
qwen3_14b,participants,lusa_24,cls_exp_temp0.3_nodelim_norole_nocot,source,,Per,fn,
qwen3_14b,participants,lusa_24,cls_exp_temp0.3_nodelim_norole_nocot,the Port,,Fac,fn,
qwen3_14b,participants,lusa_24,cls_exp_temp0.3_nodelim_norole_nocot,pm through the Search Coordination Center,,Org,fn,
qwen3_14b,participants,lusa_24,cls_exp_temp0.3_nodelim_norole_nocot,National Maritime Authority,,Org,fn,
qwen3_14b,participants,lusa_24,cls_exp_temp0.3_nodelim_norole_nocot,municipality of Castro Marim,,Pl_civil,fn,
qwen3_14b,participants,lusa_24,cls_exp_temp0.3_nodelim_norole_nocot,a vessel,,Obj,fn,
qwen3_14b,participants,lusa_24,cls_exp_temp0.3_nodelim_norole_nocot,the location,,Pl_civil,fn,
qwen3_14b,participants,lusa_24,cls_exp_temp0.3_nodelim_norole_nocot,water,,Pl_water,fn,
qwen3_14b,participants,lusa_24,cls_exp_temp0.3_nodelim_norole_nocot,Maritime Police,,Org,fn,
qwen3_14b,participants,lusa_25,cls_exp_temp0.3_nodelim_norole_nocot,Casal da Mira neighborhood,N/A,Pl_civil,tp,
qwen3_14b,participants,lusa_25,cls_exp_temp0.3_nodelim_norole_nocot,A 17-year-old boy,Per,Per,tp,
qwen3_14b,participants,lusa_25,cls_exp_temp0.3_nodelim_norole_nocot,a firearm,N/A,Obj,tp,
qwen3_14b,participants,lusa_25,cls_exp_temp0.3_nodelim_norole_nocot,Amadora,N/A,Pl_civil,tp,
qwen3_14b,participants,lusa_25,cls_exp_temp0.3_nodelim_norole_nocot,Cometlis,N/A,Org,tp,
qwen3_14b,participants,lusa_25,cls_exp_temp0.3_nodelim_norole_nocot,Lusa agency,N/A,Org,tp,
qwen3_14b,participants,lusa_25,cls_exp_temp0.3_nodelim_norole_nocot,crime,N/A,,fp,
qwen3_14b,participants,lusa_25,cls_exp_temp0.3_nodelim_norole_nocot,Hospital Professor Doutor Fernando Fonseca,N/A,,fp,
qwen3_14b,participants,lusa_25,cls_exp_temp0.3_nodelim_norole_nocot,Lisbon Metropolitan Command,N/A,,fp,
qwen3_14b,participants,lusa_25,cls_exp_temp0.3_nodelim_norole_nocot,Amadora-Sintra,N/A,,fp,
qwen3_14b,participants,lusa_25,cls_exp_temp0.3_nodelim_norole_nocot,A 17-year-old young man,N/A,,fp,
qwen3_14b,participants,lusa_25,cls_exp_temp0.3_nodelim_norole_nocot,the Judiciary Police (PJ),N/A,,fp,
qwen3_14b,participants,lusa_25,cls_exp_temp0.3_nodelim_norole_nocot,Young man,Per,,fp,
qwen3_14b,participants,lusa_25,cls_exp_temp0.3_nodelim_norole_nocot,PSP source,N/A,,fp,
qwen3_14b,participants,lusa_25,cls_exp_temp0.3_nodelim_norole_nocot,a source,N/A,,fp,
qwen3_14b,participants,lusa_25,cls_exp_temp0.3_nodelim_norole_nocot,he,N/A,,fp,
qwen3_14b,participants,lusa_25,cls_exp_temp0.3_nodelim_norole_nocot,He,N/A,,fp,
qwen3_14b,participants,lusa_25,cls_exp_temp0.3_nodelim_norole_nocot,Lisbon district,N/A,,fp,
qwen3_14b,participants,lusa_25,cls_exp_temp0.3_nodelim_norole_nocot,the case,N/A,,fp,
qwen3_14b,participants,lusa_25,cls_exp_temp0.3_nodelim_norole_nocot,or detained,,Per,fn,
qwen3_14b,participants,lusa_25,cls_exp_temp0.3_nodelim_norole_nocot,Lisbon,,Pl_civil,fn,
qwen3_14b,participants,lusa_25,cls_exp_temp0.3_nodelim_norole_nocot,source,,Per,fn,
qwen3_14b,participants,lusa_25,cls_exp_temp0.3_nodelim_norole_nocot,Judiciary Police (PJ),,Org,fn,
qwen3_14b,participants,lusa_25,cls_exp_temp0.3_nodelim_norole_nocot,Metropolitan Command,,Org,fn,
qwen3_14b,participants,lusa_25,cls_exp_temp0.3_nodelim_norole_nocot,the Lisbon district,,Pl_civil,fn,
qwen3_14b,participants,lusa_25,cls_exp_temp0.3_nodelim_norole_nocot,chest,,Other,fn,
qwen3_14b,participants,lusa_25,cls_exp_temp0.3_nodelim_norole_nocot,A 17-year-old young,,Per,fn,
qwen3_14b,participants,lusa_25,cls_exp_temp0.3_nodelim_norole_nocot,the,,Org,fn,
qwen3_14b,participants,lusa_25,cls_exp_temp0.3_nodelim_norole_nocot,the Lisbon Metropolitan Command,,Org,fn,
qwen3_14b,participants,lusa_25,cls_exp_temp0.3_nodelim_norole_nocot,Lusa,,Org,fn,
qwen3_14b,participants,lusa_25,cls_exp_temp0.3_nodelim_norole_nocot,the Hospital Professor Doutor Fernando Fonseca [Amadora-Sintra],,Loc,fn,
qwen3_14b,participants,lusa_25,cls_exp_temp0.3_nodelim_norole_nocot,", Cometlis",,Org,fn,
qwen3_14b,participants,lusa_26,cls_exp_temp0.3_nodelim_norole_nocot,athletes,N/A,Per,tp,
qwen3_14b,participants,lusa_26,cls_exp_temp0.3_nodelim_norole_nocot,clubs,N/A,Org,tp,
qwen3_14b,participants,lusa_26,cls_exp_temp0.3_nodelim_norole_nocot,SAD Alverquense,N/A,Org,tp,
qwen3_14b,participants,lusa_26,cls_exp_temp0.3_nodelim_norole_nocot,institutions,N/A,Org,tp,
qwen3_14b,participants,lusa_26,cls_exp_temp0.3_nodelim_norole_nocot,Alverca,Org,Org,tp,
qwen3_14b,participants,lusa_26,cls_exp_temp0.3_nodelim_norole_nocot,Alverca Futebol SAD,N/A,Org,tp,
qwen3_14b,participants,lusa_26,cls_exp_temp0.3_nodelim_norole_nocot,Alex Apolinário,Per,Per,tp,
qwen3_14b,participants,lusa_26,cls_exp_temp0.3_nodelim_norole_nocot,the Portuguese Championship club,N/A,Org,tp,
qwen3_14b,participants,lusa_26,cls_exp_temp0.3_nodelim_norole_nocot,Brazilian footballer Alex Apolinário,N/A,Per,tp,
qwen3_14b,participants,lusa_26,cls_exp_temp0.3_nodelim_norole_nocot,União de Almeirim,Org,Org,tp,
qwen3_14b,participants,lusa_26,cls_exp_temp0.3_nodelim_norole_nocot,the athlete,N/A,Per,tp,
qwen3_14b,participants,lusa_26,cls_exp_temp0.3_nodelim_norole_nocot,the athlete and his family,N/A,,fp,
qwen3_14b,participants,lusa_26,cls_exp_temp0.3_nodelim_norole_nocot,clinical staff,N/A,,fp,
qwen3_14b,participants,lusa_26,cls_exp_temp0.3_nodelim_norole_nocot,Ribatejo residents,N/A,,fp,
qwen3_14b,participants,lusa_26,cls_exp_temp0.3_nodelim_norole_nocot,Portuguese Championship,Org,,fp,
qwen3_14b,participants,lusa_26,cls_exp_temp0.3_nodelim_norole_nocot,Vila Franca de Xira Hospital,N/A,,fp,
qwen3_14b,participants,lusa_26,cls_exp_temp0.3_nodelim_norole_nocot,club's Facebook.,N/A,,fp,
qwen3_14b,participants,lusa_26,cls_exp_temp0.3_nodelim_norole_nocot,fans from all over the world,N/A,,fp,
qwen3_14b,participants,lusa_26,cls_exp_temp0.3_nodelim_norole_nocot,everyone who sent messages,N/A,,fp,
qwen3_14b,participants,lusa_26,cls_exp_temp0.3_nodelim_norole_nocot,health professionals,N/A,,fp,
qwen3_14b,participants,lusa_26,cls_exp_temp0.3_nodelim_norole_nocot,fans,,Per,fn,
qwen3_14b,participants,lusa_26,cls_exp_temp0.3_nodelim_norole_nocot,the health professionals,,Per,fn,
qwen3_14b,participants,lusa_26,cls_exp_temp0.3_nodelim_norole_nocot,family,,Per,fn,
qwen3_14b,participants,lusa_26,cls_exp_temp0.3_nodelim_norole_nocot,the Portuguese Championship,,Other,fn,
qwen3_14b,participants,lusa_26,cls_exp_temp0.3_nodelim_norole_nocot,information,,Other,fn,
qwen3_14b,participants,lusa_26,cls_exp_temp0.3_nodelim_norole_nocot,his,,Per,fn,
qwen3_14b,participants,lusa_26,cls_exp_temp0.3_nodelim_norole_nocot,messages,,Other,fn,
qwen3_14b,participants,lusa_26,cls_exp_temp0.3_nodelim_norole_nocot,the same statement,,Obj,fn,
qwen3_14b,participants,lusa_26,cls_exp_temp0.3_nodelim_norole_nocot,all over the world,,Loc,fn,
qwen3_14b,participants,lusa_26,cls_exp_temp0.3_nodelim_norole_nocot,the statement,,Obj,fn,
qwen3_14b,participants,lusa_26,cls_exp_temp0.3_nodelim_norole_nocot,all,,Per,fn,
qwen3_14b,participants,lusa_26,cls_exp_temp0.3_nodelim_norole_nocot,who,,Other,fn,
qwen3_14b,participants,lusa_26,cls_exp_temp0.3_nodelim_norole_nocot,the clinical staff,,Per,fn,
qwen3_14b,participants,lusa_26,cls_exp_temp0.3_nodelim_norole_nocot,Facebook,,Other,fn,
qwen3_14b,participants,lusa_26,cls_exp_temp0.3_nodelim_norole_nocot,joined,,Other,fn,
qwen3_14b,participants,lusa_26,cls_exp_temp0.3_nodelim_norole_nocot,Ribatejo,,Per,fn,
qwen3_14b,participants,lusa_26,cls_exp_temp0.3_nodelim_norole_nocot,club,,Org,fn,
qwen3_14b,participants,lusa_26,cls_exp_temp0.3_nodelim_norole_nocot,a note,,Obj,fn,
qwen3_14b,participants,lusa_26,cls_exp_temp0.3_nodelim_norole_nocot,at Vila Franca de Xira Hospital,,Loc,fn,
qwen3_14b,participants,lusa_26,cls_exp_temp0.3_nodelim_norole_nocot,athlete,,Per,fn,
qwen3_14b,participants,lusa_26,cls_exp_temp0.3_nodelim_norole_nocot,four corners of the world,,Loc,fn,
qwen3_14b,participants,lusa_26,cls_exp_temp0.3_nodelim_norole_nocot,us,,Org,fn,
qwen3_14b,participants,lusa_27,cls_exp_temp0.3_nodelim_norole_nocot,the 12-year-old child,Per,Per,tp,
qwen3_14b,participants,lusa_27,cls_exp_temp0.3_nodelim_norole_nocot,GNR,N/A,Org,tp,
qwen3_14b,participants,lusa_27,cls_exp_temp0.3_nodelim_norole_nocot,North/South direction,N/A,Other,tp,
qwen3_14b,participants,lusa_27,cls_exp_temp0.3_nodelim_norole_nocot,the hospital,Fac,Loc,tp,
qwen3_14b,participants,lusa_27,cls_exp_temp0.3_nodelim_norole_nocot,São João da Talha,N/A,Pl_civil,tp,
qwen3_14b,participants,lusa_27,cls_exp_temp0.3_nodelim_norole_nocot,22 firefighters,N/A,Per,tp,
qwen3_14b,participants,lusa_27,cls_exp_temp0.3_nodelim_norole_nocot,The 12-year-old child,Per,Per,tp,
qwen3_14b,participants,lusa_27,cls_exp_temp0.3_nodelim_norole_nocot,kilometer four,N/A,Loc,tp,
qwen3_14b,participants,lusa_27,cls_exp_temp0.3_nodelim_norole_nocot,Loures,N/A,Pl_civil,tp,
qwen3_14b,participants,lusa_27,cls_exp_temp0.3_nodelim_norole_nocot,Lusa,Org,Org,tp,
qwen3_14b,participants,lusa_27,cls_exp_temp0.3_nodelim_norole_nocot,the police,N/A,Loc,tp,
qwen3_14b,participants,lusa_27,cls_exp_temp0.3_nodelim_norole_nocot,10 vehicles,N/A,Obj,tp,
qwen3_14b,participants,lusa_27,cls_exp_temp0.3_nodelim_norole_nocot,hospital,N/A,Org,tp,
qwen3_14b,participants,lusa_27,cls_exp_temp0.3_nodelim_norole_nocot,North highway,N/A,,fp,
qwen3_14b,participants,lusa_27,cls_exp_temp0.3_nodelim_norole_nocot,the National Institute of Medical Emergency (INEM),N/A,,fp,
qwen3_14b,participants,lusa_27,cls_exp_temp0.3_nodelim_norole_nocot,three cars,N/A,,fp,
qwen3_14b,participants,lusa_27,cls_exp_temp0.3_nodelim_norole_nocot,North Motorway,N/A,,fp,
qwen3_14b,participants,lusa_27,cls_exp_temp0.3_nodelim_norole_nocot,the GNR General Command,Org,,fp,
qwen3_14b,participants,lusa_27,cls_exp_temp0.3_nodelim_norole_nocot,accident,N/A,,fp,
qwen3_14b,participants,lusa_27,cls_exp_temp0.3_nodelim_norole_nocot,9:40 pm,N/A,,fp,
qwen3_14b,participants,lusa_27,cls_exp_temp0.3_nodelim_norole_nocot,GNR source,N/A,,fp,
qwen3_14b,participants,lusa_27,cls_exp_temp0.3_nodelim_norole_nocot,Saturday,N/A,,fp,
qwen3_14b,participants,lusa_27,cls_exp_temp0.3_nodelim_norole_nocot,The accident,N/A,,fp,
qwen3_14b,participants,lusa_27,cls_exp_temp0.3_nodelim_norole_nocot,a source,Per,,fp,
qwen3_14b,participants,lusa_27,cls_exp_temp0.3_nodelim_norole_nocot,highway,N/A,,fp,
qwen3_14b,participants,lusa_27,cls_exp_temp0.3_nodelim_norole_nocot,Child,N/A,,fp,
qwen3_14b,participants,lusa_27,cls_exp_temp0.3_nodelim_norole_nocot,one of the vehicles,Obj,,fp,
qwen3_14b,participants,lusa_27,cls_exp_temp0.3_nodelim_norole_nocot,four other injuries,,Per,fn,
qwen3_14b,participants,lusa_27,cls_exp_temp0.3_nodelim_norole_nocot,one,,Obj,fn,
qwen3_14b,participants,lusa_27,cls_exp_temp0.3_nodelim_norole_nocot,source,,Per,fn,
qwen3_14b,participants,lusa_27,cls_exp_temp0.3_nodelim_norole_nocot,all,,Per,fn,
qwen3_14b,participants,lusa_27,cls_exp_temp0.3_nodelim_norole_nocot,vehicles,,Obj,fn,
qwen3_14b,participants,lusa_27,cls_exp_temp0.3_nodelim_norole_nocot,GNR General Command,,Org,fn,
qwen3_14b,participants,lusa_27,cls_exp_temp0.3_nodelim_norole_nocot,highway in the North,,Fac,fn,
qwen3_14b,participants,lusa_27,cls_exp_temp0.3_nodelim_norole_nocot,the North Motorway,,Fac,fn,
qwen3_14b,participants,lusa_27,cls_exp_temp0.3_nodelim_norole_nocot,firefighters,,Org,fn,
qwen3_14b,participants,lusa_27,cls_exp_temp0.3_nodelim_norole_nocot,that,,Per,fn,
qwen3_14b,participants,lusa_27,cls_exp_temp0.3_nodelim_norole_nocot,four of the North Motorway,,Obj,fn,
qwen3_14b,participants,lusa_27,cls_exp_temp0.3_nodelim_norole_nocot,police,,Org,fn,
qwen3_14b,participants,lusa_27,cls_exp_temp0.3_nodelim_norole_nocot,the side lane,,Other,fn,
qwen3_14b,participants,lusa_27,cls_exp_temp0.3_nodelim_norole_nocot,National Institute of Medical Emergency (INEM),,Org,fn,
qwen3_14b,participants,lusa_28,cls_exp_temp0.3_nodelim_norole_nocot,the victim,N/A,Per,tp,
qwen3_14b,participants,lusa_28,cls_exp_temp0.3_nodelim_norole_nocot,Spartak Moscow,N/A,Org,tp,
qwen3_14b,participants,lusa_28,cls_exp_temp0.3_nodelim_norole_nocot,that newspaper,N/A,Org,tp,
qwen3_14b,participants,lusa_28,cls_exp_temp0.3_nodelim_norole_nocot,Dutch international Quincy Promes,Per,Per,tp,
qwen3_14b,participants,lusa_28,cls_exp_temp0.3_nodelim_norole_nocot,the two,N/A,Per,tp,
qwen3_14b,participants,lusa_28,cls_exp_temp0.3_nodelim_norole_nocot,Dutch media,Org,Org,tp,
qwen3_14b,participants,lusa_28,cls_exp_temp0.3_nodelim_norole_nocot,Seville,N/A,Org,tp,
qwen3_14b,participants,lusa_28,cls_exp_temp0.3_nodelim_norole_nocot,police sources,Per,Per,tp,
qwen3_14b,participants,lusa_28,cls_exp_temp0.3_nodelim_norole_nocot,Promes,N/A,Per,tp,
qwen3_14b,participants,lusa_28,cls_exp_temp0.3_nodelim_norole_nocot,the daily De Telegraaf,N/A,Org,tp,
qwen3_14b,participants,lusa_28,cls_exp_temp0.3_nodelim_norole_nocot,family member,Per,,fp,
qwen3_14b,participants,lusa_28,cls_exp_temp0.3_nodelim_norole_nocot,those present,N/A,,fp,
qwen3_14b,participants,lusa_28,cls_exp_temp0.3_nodelim_norole_nocot,The complaint,N/A,,fp,
qwen3_14b,participants,lusa_28,cls_exp_temp0.3_nodelim_norole_nocot,The 28-year-old forward,Per,,fp,
qwen3_14b,participants,lusa_28,cls_exp_temp0.3_nodelim_norole_nocot,the Dutch national team,Org,,fp,
qwen3_14b,participants,lusa_28,cls_exp_temp0.3_nodelim_norole_nocot,Twente,N/A,,fp,
qwen3_14b,participants,lusa_28,cls_exp_temp0.3_nodelim_norole_nocot,a police source,N/A,,fp,
qwen3_14b,participants,lusa_28,cls_exp_temp0.3_nodelim_norole_nocot,Footballer Quincy Promes,Per,,fp,
qwen3_14b,participants,lusa_28,cls_exp_temp0.3_nodelim_norole_nocot,an arrest,N/A,,fp,
qwen3_14b,participants,lusa_28,cls_exp_temp0.3_nodelim_norole_nocot,an Ajax footballer,Per,,fp,
qwen3_14b,participants,lusa_28,cls_exp_temp0.3_nodelim_norole_nocot,an investigation,N/A,,fp,
qwen3_14b,participants,lusa_28,cls_exp_temp0.3_nodelim_norole_nocot,a family member,Per,,fp,
qwen3_14b,participants,lusa_28,cls_exp_temp0.3_nodelim_norole_nocot,Ajax,N/A,,fp,
qwen3_14b,participants,lusa_28,cls_exp_temp0.3_nodelim_norole_nocot,the party,N/A,,fp,
qwen3_14b,participants,lusa_28,cls_exp_temp0.3_nodelim_norole_nocot,the neck,,Other,fn,
qwen3_14b,participants,lusa_28,cls_exp_temp0.3_nodelim_norole_nocot,Some,,Per,fn,
qwen3_14b,participants,lusa_28,cls_exp_temp0.3_nodelim_norole_nocot,the Netherlands,,Pl_country,fn,
qwen3_14b,participants,lusa_28,cls_exp_temp0.3_nodelim_norole_nocot,family member in,,Per,fn,
qwen3_14b,participants,lusa_28,cls_exp_temp0.3_nodelim_norole_nocot,the maximum sentence,,Other,fn,
qwen3_14b,participants,lusa_28,cls_exp_temp0.3_nodelim_norole_nocot,an Ajax,,Org,fn,
qwen3_14b,participants,lusa_28,cls_exp_temp0.3_nodelim_norole_nocot,the,,Org,fn,
qwen3_14b,participants,lusa_28,cls_exp_temp0.3_nodelim_norole_nocot,owned,,Loc,fn,
qwen3_14b,participants,lusa_28,cls_exp_temp0.3_nodelim_norole_nocot,Abcoude,,Pl_civil,fn,
qwen3_14b,participants,lusa_28,cls_exp_temp0.3_nodelim_norole_nocot,at Twente,,Org,fn,
qwen3_14b,participants,lusa_28,cls_exp_temp0.3_nodelim_norole_nocot,the province of Utrecht,,Pl_civil,fn,
qwen3_14b,participants,lusa_28,cls_exp_temp0.3_nodelim_norole_nocot,the Dutch national,,Org,fn,
qwen3_14b,participants,lusa_28,cls_exp_temp0.3_nodelim_norole_nocot,The ,,Per,fn,
qwen3_14b,participants,lusa_28,cls_exp_temp0.3_nodelim_norole_nocot,a warehouse,,Fac,fn,
qwen3_14b,participants,lusa_28,cls_exp_temp0.3_nodelim_norole_nocot,seven goals,,Other,fn,
qwen3_14b,participants,lusa_28,cls_exp_temp0.3_nodelim_norole_nocot,a small town,,Pl_civil,fn,
qwen3_14b,participants,lusa_28,cls_exp_temp0.3_nodelim_norole_nocot,serious injury,,Other,fn,
qwen3_14b,participants,lusa_28,cls_exp_temp0.3_nodelim_norole_nocot,him,,Per,fn,
qwen3_14b,participants,lusa_28,cls_exp_temp0.3_nodelim_norole_nocot,police source,,Per,fn,
qwen3_14b,participants,lusa_28,cls_exp_temp0.3_nodelim_norole_nocot,footballer,,Per,fn,
qwen3_14b,participants,lusa_29,cls_exp_temp0.3_nodelim_norole_nocot,the vessel,N/A,Obj,tp,
qwen3_14b,participants,lusa_29,cls_exp_temp0.3_nodelim_norole_nocot,GNR,N/A,Org,tp,
qwen3_14b,participants,lusa_29,cls_exp_temp0.3_nodelim_norole_nocot,two vessels,N/A,Obj,tp,
qwen3_14b,participants,lusa_29,cls_exp_temp0.3_nodelim_norole_nocot,two men,N/A,Per,tp,
qwen3_14b,participants,lusa_29,cls_exp_temp0.3_nodelim_norole_nocot,fiber vessel,N/A,Obj,tp,
qwen3_14b,participants,lusa_29,cls_exp_temp0.3_nodelim_norole_nocot,Olhão (Algarve),N/A,Loc,tp,
qwen3_14b,participants,lusa_29,cls_exp_temp0.3_nodelim_norole_nocot,Integrated Surveillance and Command and Control System (SIVICC),N/A,Org,tp,
qwen3_14b,participants,lusa_29,cls_exp_temp0.3_nodelim_norole_nocot,The GNR Coastal Control Unit (UCC),N/A,Org,tp,
qwen3_14b,participants,lusa_29,cls_exp_temp0.3_nodelim_norole_nocot,the narcotic product,N/A,Obj,tp,
qwen3_14b,participants,lusa_29,cls_exp_temp0.3_nodelim_norole_nocot,785 kilos of hashish,N/A,Obj,tp,
qwen3_14b,participants,lusa_29,cls_exp_temp0.3_nodelim_norole_nocot,a boat,N/A,,fp,
qwen3_14b,participants,lusa_29,cls_exp_temp0.3_nodelim_norole_nocot,objects that resembled bales of hashish,N/A,,fp,
qwen3_14b,participants,lusa_29,cls_exp_temp0.3_nodelim_norole_nocot,the fiber vessel,N/A,,fp,
qwen3_14b,participants,lusa_29,cls_exp_temp0.3_nodelim_norole_nocot,two crew members,N/A,,fp,
qwen3_14b,participants,lusa_29,cls_exp_temp0.3_nodelim_norole_nocot,crew members,N/A,,fp,
qwen3_14b,participants,lusa_29,cls_exp_temp0.3_nodelim_norole_nocot,Algarve,N/A,,fp,
qwen3_14b,participants,lusa_29,cls_exp_temp0.3_nodelim_norole_nocot,National Republican Guard (GNR),N/A,,fp,
qwen3_14b,participants,lusa_29,cls_exp_temp0.3_nodelim_norole_nocot,Olhão,Loc,,fp,
qwen3_14b,participants,lusa_29,cls_exp_temp0.3_nodelim_norole_nocot,narcotic product,N/A,,fp,
qwen3_14b,participants,lusa_29,cls_exp_temp0.3_nodelim_norole_nocot,UCC maritime resources,N/A,,fp,
qwen3_14b,participants,lusa_29,cls_exp_temp0.3_nodelim_norole_nocot,sea,,Nat,fn,
qwen3_14b,participants,lusa_29,cls_exp_temp0.3_nodelim_norole_nocot,a total weight,,Other,fn,
qwen3_14b,participants,lusa_29,cls_exp_temp0.3_nodelim_norole_nocot,785 kilos,,Other,fn,
qwen3_14b,participants,lusa_29,cls_exp_temp0.3_nodelim_norole_nocot,UCC,,Org,fn,
qwen3_14b,participants,lusa_29,cls_exp_temp0.3_nodelim_norole_nocot,statement,,Obj,fn,
qwen3_14b,participants,lusa_29,cls_exp_temp0.3_nodelim_norole_nocot,an estimated value,,Other,fn,
qwen3_14b,participants,lusa_29,cls_exp_temp0.3_nodelim_norole_nocot,"the two crew members, aged 24 and 26",,Per,fn,
qwen3_14b,participants,lusa_29,cls_exp_temp0.3_nodelim_norole_nocot,the GNR,,Org,fn,
qwen3_14b,participants,lusa_29,cls_exp_temp0.3_nodelim_norole_nocot,objects,,Obj,fn,
qwen3_14b,participants,lusa_29,cls_exp_temp0.3_nodelim_norole_nocot,vessel,,Obj,fn,
qwen3_14b,participants,lusa_29,cls_exp_temp0.3_nodelim_norole_nocot,two million euros,,Other,fn,
qwen3_14b,participants,lusa_29,cls_exp_temp0.3_nodelim_norole_nocot,that,,Obj,fn,
qwen3_14b,participants,lusa_29,cls_exp_temp0.3_nodelim_norole_nocot,maritime resources,,Other,fn,
qwen3_14b,participants,lusa_29,cls_exp_temp0.3_nodelim_norole_nocot,of hashish,,Obj,fn,
qwen3_14b,participants,lusa_29,cls_exp_temp0.3_nodelim_norole_nocot,the National Republican Guard (GNR),,Org,fn,
qwen3_14b,participants,lusa_29,cls_exp_temp0.3_nodelim_norole_nocot,22 bales of hashish,,Obj,fn,
qwen3_14b,participants,lusa_29,cls_exp_temp0.3_nodelim_norole_nocot,the two vessels,,Obj,fn,
qwen3_14b,participants,lusa_3,cls_exp_temp0.3_nodelim_norole_nocot,the man,N/A,Per,tp,
qwen3_14b,participants,lusa_3,cls_exp_temp0.3_nodelim_norole_nocot,the source,N/A,Per,tp,
qwen3_14b,participants,lusa_3,cls_exp_temp0.3_nodelim_norole_nocot,source,N/A,Per,tp,
qwen3_14b,participants,lusa_3,cls_exp_temp0.3_nodelim_norole_nocot,firearms,N/A,Obj,tp,
qwen3_14b,participants,lusa_3,cls_exp_temp0.3_nodelim_norole_nocot,police source,N/A,Per,tp,
qwen3_14b,participants,lusa_3,cls_exp_temp0.3_nodelim_norole_nocot,the detainee,N/A,Per,tp,
qwen3_14b,participants,lusa_3,cls_exp_temp0.3_nodelim_norole_nocot,rubber bullets,N/A,Obj,tp,
qwen3_14b,participants,lusa_3,cls_exp_temp0.3_nodelim_norole_nocot,The GNR,N/A,Org,tp,
qwen3_14b,participants,lusa_3,cls_exp_temp0.3_nodelim_norole_nocot,Cabeceiras de Basto,N/A,Pl_civil,tp,
qwen3_14b,participants,lusa_3,cls_exp_temp0.3_nodelim_norole_nocot,the military,N/A,Per,tp,
qwen3_14b,participants,lusa_3,cls_exp_temp0.3_nodelim_norole_nocot,Cabeceiras,N/A,Pl_civil,tp,
qwen3_14b,participants,lusa_3,cls_exp_temp0.3_nodelim_norole_nocot,Braga,N/A,Pl_civil,tp,
qwen3_14b,participants,lusa_3,cls_exp_temp0.3_nodelim_norole_nocot,Lusa agency,N/A,Org,tp,
qwen3_14b,participants,lusa_3,cls_exp_temp0.3_nodelim_norole_nocot,a man,N/A,Per,tp,
qwen3_14b,participants,lusa_3,cls_exp_temp0.3_nodelim_norole_nocot,The 52-year-old man,N/A,,fp,
qwen3_14b,participants,lusa_3,cls_exp_temp0.3_nodelim_norole_nocot,GNR post,N/A,,fp,
qwen3_14b,participants,lusa_3,cls_exp_temp0.3_nodelim_norole_nocot,GNR,N/A,,fp,
qwen3_14b,participants,lusa_3,cls_exp_temp0.3_nodelim_norole_nocot,operatives,N/A,,fp,
qwen3_14b,participants,lusa_3,cls_exp_temp0.3_nodelim_norole_nocot,GNR Territorial Command,N/A,,fp,
qwen3_14b,participants,lusa_3,cls_exp_temp0.3_nodelim_norole_nocot,firearm,N/A,,fp,
qwen3_14b,participants,lusa_3,cls_exp_temp0.3_nodelim_norole_nocot,Judiciary Police,N/A,,fp,
qwen3_14b,participants,lusa_3,cls_exp_temp0.3_nodelim_norole_nocot,investigating judge,N/A,,fp,
qwen3_14b,participants,lusa_3,cls_exp_temp0.3_nodelim_norole_nocot,rubber bullets.,N/A,,fp,
qwen3_14b,participants,lusa_3,cls_exp_temp0.3_nodelim_norole_nocot,the legs,,Other,fn,
qwen3_14b,participants,lusa_3,cls_exp_temp0.3_nodelim_norole_nocot,The,,Per,fn,
qwen3_14b,participants,lusa_3,cls_exp_temp0.3_nodelim_norole_nocot,appropriate,,Fac,fn,
qwen3_14b,participants,lusa_3,cls_exp_temp0.3_nodelim_norole_nocot,that,,Per,fn,
qwen3_14b,participants,lusa_3,cls_exp_temp0.3_nodelim_norole_nocot,hospital unit,,Fac,fn,
qwen3_14b,participants,lusa_3,cls_exp_temp0.3_nodelim_norole_nocot,who,,Per,fn,
qwen3_14b,participants,lusa_3,cls_exp_temp0.3_nodelim_norole_nocot,the GNR,,Org,fn,
qwen3_14b,participants,lusa_3,cls_exp_temp0.3_nodelim_norole_nocot,district of Braga,,Pl_civil,fn,
qwen3_14b,participants,lusa_3,cls_exp_temp0.3_nodelim_norole_nocot,the causes,,Other,fn,
qwen3_14b,participants,lusa_3,cls_exp_temp0.3_nodelim_norole_nocot,municipality of Cabeceiras de Basto,,Pl_civil,fn,
qwen3_14b,participants,lusa_3,cls_exp_temp0.3_nodelim_norole_nocot,details,,Other,fn,
qwen3_14b,participants,lusa_3,cls_exp_temp0.3_nodelim_norole_nocot,minor injuries,,Other,fn,
qwen3_14b,participants,lusa_3,cls_exp_temp0.3_nodelim_norole_nocot,the parish of Refojos de Basto,,Pl_civil,fn,
qwen3_14b,participants,lusa_3,cls_exp_temp0.3_nodelim_norole_nocot,the air,,Loc,fn,
qwen3_14b,participants,lusa_3,cls_exp_temp0.3_nodelim_norole_nocot,live ammunition,,Obj,fn,
qwen3_14b,participants,lusa_3,cls_exp_temp0.3_nodelim_norole_nocot,coercive measures,,Other,fn,
qwen3_14b,participants,lusa_3,cls_exp_temp0.3_nodelim_norole_nocot,the GNR post,,Fac,fn,
qwen3_14b,participants,lusa_3,cls_exp_temp0.3_nodelim_norole_nocot,the Judiciary Police,,Org,fn,
qwen3_14b,participants,lusa_3,cls_exp_temp0.3_nodelim_norole_nocot,he,,Per,fn,
qwen3_14b,participants,lusa_3,cls_exp_temp0.3_nodelim_norole_nocot,the operatives,,Per,fn,
qwen3_14b,participants,lusa_3,cls_exp_temp0.3_nodelim_norole_nocot,the GNR Territorial Command,,Org,fn,
qwen3_14b,participants,lusa_31,cls_exp_temp0.3_nodelim_norole_nocot,the authority,N/A,Org,tp,
qwen3_14b,participants,lusa_31,cls_exp_temp0.3_nodelim_norole_nocot,50 people,N/A,Per,tp,
qwen3_14b,participants,lusa_31,cls_exp_temp0.3_nodelim_norole_nocot,The military,N/A,Per,tp,
qwen3_14b,participants,lusa_31,cls_exp_temp0.3_nodelim_norole_nocot,the establishment,N/A,Org,tp,
qwen3_14b,participants,lusa_31,cls_exp_temp0.3_nodelim_norole_nocot,Freamunde,Loc,Pl_civil,tp,
qwen3_14b,participants,lusa_31,cls_exp_temp0.3_nodelim_norole_nocot,the inspection action,N/A,,fp,
qwen3_14b,participants,lusa_31,cls_exp_temp0.3_nodelim_norole_nocot,GNR de Freamunde,N/A,,fp,
qwen3_14b,participants,lusa_31,cls_exp_temp0.3_nodelim_norole_nocot,covid-19 pandemic,N/A,,fp,
qwen3_14b,participants,lusa_31,cls_exp_temp0.3_nodelim_norole_nocot,GNR of Freamunde,Org,,fp,
qwen3_14b,participants,lusa_31,cls_exp_temp0.3_nodelim_norole_nocot,Paços de Ferreira,Loc,,fp,
qwen3_14b,participants,lusa_31,cls_exp_temp0.3_nodelim_norole_nocot,the rules relating to the covid-19 pandemic,N/A,,fp,
qwen3_14b,participants,lusa_31,cls_exp_temp0.3_nodelim_norole_nocot,owner,Per,,fp,
qwen3_14b,participants,lusa_31,cls_exp_temp0.3_nodelim_norole_nocot,a restaurant,N/A,,fp,
qwen3_14b,participants,lusa_31,cls_exp_temp0.3_nodelim_norole_nocot,and drinks establishment,,Org,fn,
qwen3_14b,participants,lusa_31,cls_exp_temp0.3_nodelim_norole_nocot,The 48-year-old owner,,Per,fn,
qwen3_14b,participants,lusa_31,cls_exp_temp0.3_nodelim_norole_nocot,that location,,Pl_civil,fn,
qwen3_14b,participants,lusa_31,cls_exp_temp0.3_nodelim_norole_nocot,rules,,Other,fn,
qwen3_14b,participants,lusa_31,cls_exp_temp0.3_nodelim_norole_nocot,the municipality of Paços de Ferreira,,Pl_civil,fn,
qwen3_14b,participants,lusa_31,cls_exp_temp0.3_nodelim_norole_nocot,The GNR of Freamunde,,Org,fn,
qwen3_14b,participants,lusa_31,cls_exp_temp0.3_nodelim_norole_nocot,a statement,,Obj,fn,
qwen3_14b,participants,lusa_31,cls_exp_temp0.3_nodelim_norole_nocot,live music,,Other,fn,
qwen3_14b,participants,lusa_32,cls_exp_temp0.3_nodelim_norole_nocot,the victim,N/A,Per,tp,
qwen3_14b,participants,lusa_32,cls_exp_temp0.3_nodelim_norole_nocot,two compressed air guns,N/A,Obj,tp,
qwen3_14b,participants,lusa_32,cls_exp_temp0.3_nodelim_norole_nocot,a 25-year-old woman,N/A,Per,tp,
qwen3_14b,participants,lusa_32,cls_exp_temp0.3_nodelim_norole_nocot,the Guard,N/A,Org,tp,
qwen3_14b,participants,lusa_32,cls_exp_temp0.3_nodelim_norole_nocot,a 33-year-old man,N/A,Per,tp,
qwen3_14b,participants,lusa_32,cls_exp_temp0.3_nodelim_norole_nocot,Felgueiras,N/A,Pl_civil,tp,
qwen3_14b,participants,lusa_32,cls_exp_temp0.3_nodelim_norole_nocot,the military,N/A,Per,tp,
qwen3_14b,participants,lusa_32,cls_exp_temp0.3_nodelim_norole_nocot,a holster,N/A,Obj,tp,
qwen3_14b,participants,lusa_32,cls_exp_temp0.3_nodelim_norole_nocot,a shotgun,N/A,Obj,tp,
qwen3_14b,participants,lusa_32,cls_exp_temp0.3_nodelim_norole_nocot,the location,N/A,Per,tp,
qwen3_14b,participants,lusa_32,cls_exp_temp0.3_nodelim_norole_nocot,a pistol,N/A,Obj,tp,
qwen3_14b,participants,lusa_32,cls_exp_temp0.3_nodelim_norole_nocot,GNR,N/A,,fp,
qwen3_14b,participants,lusa_32,cls_exp_temp0.3_nodelim_norole_nocot,her partner,N/A,,fp,
qwen3_14b,participants,lusa_32,cls_exp_temp0.3_nodelim_norole_nocot,Porto district,N/A,,fp,
qwen3_14b,participants,lusa_32,cls_exp_temp0.3_nodelim_norole_nocot,home search,N/A,,fp,
qwen3_14b,participants,lusa_32,cls_exp_temp0.3_nodelim_norole_nocot,a complaint of domestic violence,N/A,,fp,
qwen3_14b,participants,lusa_32,cls_exp_temp0.3_nodelim_norole_nocot,several types of firearms,N/A,,fp,
qwen3_14b,participants,lusa_32,cls_exp_temp0.3_nodelim_norole_nocot,the press release,,Obj,fn,
qwen3_14b,participants,lusa_32,cls_exp_temp0.3_nodelim_norole_nocot,ammunition,,Obj,fn,
qwen3_14b,participants,lusa_32,cls_exp_temp0.3_nodelim_norole_nocot,statement,,Obj,fn,
qwen3_14b,participants,lusa_32,cls_exp_temp0.3_nodelim_norole_nocot,the GNR,,Org,fn,
qwen3_14b,participants,lusa_32,cls_exp_temp0.3_nodelim_norole_nocot,a 6.35mm caliber pistol,,Obj,fn,
qwen3_14b,participants,lusa_32,cls_exp_temp0.3_nodelim_norole_nocot,where,,Loc,fn,
qwen3_14b,participants,lusa_32,cls_exp_temp0.3_nodelim_norole_nocot,The GNR,,Org,fn,
qwen3_14b,participants,lusa_32,cls_exp_temp0.3_nodelim_norole_nocot,Judicial Court.,,Org,fn,
qwen3_14b,participants,lusa_32,cls_exp_temp0.3_nodelim_norole_nocot,a 12-gauge shotgun,,Obj,fn,
qwen3_14b,participants,lusa_32,cls_exp_temp0.3_nodelim_norole_nocot,"the Porto district, as part",,Loc,fn,
qwen3_14b,participants,lusa_32,cls_exp_temp0.3_nodelim_norole_nocot,the Felgueiras Judicial Court,,Org,fn,
qwen3_14b,participants,lusa_32,cls_exp_temp0.3_nodelim_norole_nocot,the,,Loc,fn,
qwen3_14b,participants,lusa_33,cls_exp_temp0.3_nodelim_norole_nocot,Matosinhos,N/A,Pl_civil,tp,
qwen3_14b,participants,lusa_33,cls_exp_temp0.3_nodelim_norole_nocot,district of Viana do Castelo,N/A,Pl_civil,tp,
qwen3_14b,participants,lusa_33,cls_exp_temp0.3_nodelim_norole_nocot,that police force,N/A,Org,tp,
qwen3_14b,participants,lusa_33,cls_exp_temp0.3_nodelim_norole_nocot,The GNR Coastal Control Unit,N/A,Org,tp,
qwen3_14b,participants,lusa_33,cls_exp_temp0.3_nodelim_norole_nocot,cockle,N/A,Nat,tp,
qwen3_14b,participants,lusa_33,cls_exp_temp0.3_nodelim_norole_nocot,bivalve species,N/A,Nat,tp,
qwen3_14b,participants,lusa_33,cls_exp_temp0.3_nodelim_norole_nocot,"37,500 euros",N/A,Obj,tp,
qwen3_14b,participants,lusa_33,cls_exp_temp0.3_nodelim_norole_nocot,Valença,N/A,Pl_civil,tp,
qwen3_14b,participants,lusa_33,cls_exp_temp0.3_nodelim_norole_nocot,"37,400 euros",N/A,Obj,tp,
qwen3_14b,participants,lusa_33,cls_exp_temp0.3_nodelim_norole_nocot,newsrooms,N/A,Org,tp,
qwen3_14b,participants,lusa_33,cls_exp_temp0.3_nodelim_norole_nocot,GNR,N/A,,fp,
qwen3_14b,participants,lusa_33,cls_exp_temp0.3_nodelim_norole_nocot,police force,N/A,,fp,
qwen3_14b,participants,lusa_33,cls_exp_temp0.3_nodelim_norole_nocot,cockles,N/A,,fp,
qwen3_14b,participants,lusa_33,cls_exp_temp0.3_nodelim_norole_nocot,administrative offense report,N/A,,fp,
qwen3_14b,participants,lusa_33,cls_exp_temp0.3_nodelim_norole_nocot,illegally captured cockles,N/A,,fp,
qwen3_14b,participants,lusa_33,cls_exp_temp0.3_nodelim_norole_nocot,Coastal Control Unit (UCC) of Matosinhos,N/A,,fp,
qwen3_14b,participants,lusa_33,cls_exp_temp0.3_nodelim_norole_nocot,transport of fresh fish and bivalve molluscs,N/A,,fp,
qwen3_14b,participants,lusa_33,cls_exp_temp0.3_nodelim_norole_nocot,a type of bivalve saltwater mollusk.,N/A,,fp,
qwen3_14b,participants,lusa_33,cls_exp_temp0.3_nodelim_norole_nocot,a 50-year-old man,N/A,,fp,
qwen3_14b,participants,lusa_33,cls_exp_temp0.3_nodelim_norole_nocot,cerastoderma edule,N/A,,fp,
qwen3_14b,participants,lusa_33,cls_exp_temp0.3_nodelim_norole_nocot,the offense,N/A,,fp,
qwen3_14b,participants,lusa_33,cls_exp_temp0.3_nodelim_norole_nocot,maximum fine,,Other,fn,
qwen3_14b,participants,lusa_33,cls_exp_temp0.3_nodelim_norole_nocot,UCC,,Org,fn,
qwen3_14b,participants,lusa_33,cls_exp_temp0.3_nodelim_norole_nocot,The seized merchandise,,Obj,fn,
qwen3_14b,participants,lusa_33,cls_exp_temp0.3_nodelim_norole_nocot,the Coastal Control Unit,,Org,fn,
qwen3_14b,participants,lusa_33,cls_exp_temp0.3_nodelim_norole_nocot,the legal measure,,Other,fn,
qwen3_14b,participants,lusa_33,cls_exp_temp0.3_nodelim_norole_nocot,statement,,Obj,fn,
qwen3_14b,participants,lusa_33,cls_exp_temp0.3_nodelim_norole_nocot,the GNR,,Org,fn,
qwen3_14b,participants,lusa_33,cls_exp_temp0.3_nodelim_norole_nocot,The GNR,,Org,fn,
qwen3_14b,participants,lusa_33,cls_exp_temp0.3_nodelim_norole_nocot,A heavy goods vehicle,,Obj,fn,
qwen3_14b,participants,lusa_33,cls_exp_temp0.3_nodelim_norole_nocot,bivalve molluscs,,Nat,fn,
qwen3_14b,participants,lusa_33,cls_exp_temp0.3_nodelim_norole_nocot,a type of bivalve saltwater mollusk,,Nat,fn,
qwen3_14b,participants,lusa_33,cls_exp_temp0.3_nodelim_norole_nocot,"7,400 kilograms of cerastoderma edule",,Nat,fn,
qwen3_14b,participants,lusa_33,cls_exp_temp0.3_nodelim_norole_nocot,seven tons of illegally captured cockles,,Nat,fn,
qwen3_14b,participants,lusa_33,cls_exp_temp0.3_nodelim_norole_nocot,the Coastal Control Unit (UCC),,Org,fn,
qwen3_14b,participants,lusa_33,cls_exp_temp0.3_nodelim_norole_nocot,fresh fish,,Nat,fn,
qwen3_14b,participants,lusa_33,cls_exp_temp0.3_nodelim_norole_nocot,returned ,,Obj,fn,
qwen3_14b,participants,lusa_33,cls_exp_temp0.3_nodelim_norole_nocot,specimens,,Nat,fn,
qwen3_14b,participants,lusa_33,cls_exp_temp0.3_nodelim_norole_nocot,2.5 centimeters,,Other,fn,
qwen3_14b,participants,lusa_33,cls_exp_temp0.3_nodelim_norole_nocot,immature cockles,,Nat,fn,
qwen3_14b,participants,lusa_33,cls_exp_temp0.3_nodelim_norole_nocot,an estimated total value,,Other,fn,
qwen3_14b,participants,lusa_33,cls_exp_temp0.3_nodelim_norole_nocot,that a 50-year-old,,Per,fn,
qwen3_14b,participants,lusa_33,cls_exp_temp0.3_nodelim_norole_nocot,natural habitat,,Loc,fn,
qwen3_14b,participants,lusa_35,cls_exp_temp0.3_nodelim_norole_nocot,Idanha-a-Nova,N/A,Pl_civil,tp,
qwen3_14b,participants,lusa_35,cls_exp_temp0.3_nodelim_norole_nocot,a scale,N/A,Obj,tp,
qwen3_14b,participants,lusa_35,cls_exp_temp0.3_nodelim_norole_nocot,26 cannabis plants,N/A,Nat,tp,
qwen3_14b,participants,lusa_35,cls_exp_temp0.3_nodelim_norole_nocot,The detainee,N/A,Per,tp,
qwen3_14b,participants,lusa_35,cls_exp_temp0.3_nodelim_norole_nocot,a 52-year-old man,N/A,Per,tp,
qwen3_14b,participants,lusa_35,cls_exp_temp0.3_nodelim_norole_nocot,a mill,N/A,Obj,tp,
qwen3_14b,participants,lusa_35,cls_exp_temp0.3_nodelim_norole_nocot,the note,N/A,Obj,tp,
qwen3_14b,participants,lusa_35,cls_exp_temp0.3_nodelim_norole_nocot,soldiers,N/A,Per,tp,
qwen3_14b,participants,lusa_35,cls_exp_temp0.3_nodelim_norole_nocot,The GNR,N/A,Org,tp,
qwen3_14b,participants,lusa_35,cls_exp_temp0.3_nodelim_norole_nocot,Castelo Branco,N/A,Pl_civil,tp,
qwen3_14b,participants,lusa_35,cls_exp_temp0.3_nodelim_norole_nocot,2.25 kilos of marijuana,N/A,Obj,tp,
qwen3_14b,participants,lusa_35,cls_exp_temp0.3_nodelim_norole_nocot,the 52-year-old man,N/A,Per,tp,
qwen3_14b,participants,lusa_35,cls_exp_temp0.3_nodelim_norole_nocot,the security force,N/A,Org,tp,
qwen3_14b,participants,lusa_35,cls_exp_temp0.3_nodelim_norole_nocot,the military,N/A,Per,tp,
qwen3_14b,participants,lusa_35,cls_exp_temp0.3_nodelim_norole_nocot,The military,N/A,Per,tp,
qwen3_14b,participants,lusa_35,cls_exp_temp0.3_nodelim_norole_nocot,the suspect,N/A,Per,tp,
qwen3_14b,participants,lusa_35,cls_exp_temp0.3_nodelim_norole_nocot,six kilos of cannabis heads,N/A,,fp,
qwen3_14b,participants,lusa_35,cls_exp_temp0.3_nodelim_norole_nocot,Castelo Branco Territorial Command,N/A,,fp,
qwen3_14b,participants,lusa_35,cls_exp_temp0.3_nodelim_norole_nocot,Idanha-a-Nova Judicial Court,N/A,,fp,
qwen3_14b,participants,lusa_35,cls_exp_temp0.3_nodelim_norole_nocot,GNR,Org,,fp,
qwen3_14b,participants,lusa_35,cls_exp_temp0.3_nodelim_norole_nocot,GNR Territorial Post of Idanha-a-Nova,N/A,,fp,
qwen3_14b,participants,lusa_35,cls_exp_temp0.3_nodelim_norole_nocot,man,Per,,fp,
qwen3_14b,participants,lusa_35,cls_exp_temp0.3_nodelim_norole_nocot,Criminal Investigation Center (NIC),N/A,,fp,
qwen3_14b,participants,lusa_35,cls_exp_temp0.3_nodelim_norole_nocot,the Criminal Investigation Center (NIC) of Idanha-a-Nova,,Org,fn,
qwen3_14b,participants,lusa_35,cls_exp_temp0.3_nodelim_norole_nocot,"six kilos of cannabis heads, 2.25 kilos of marijuana",,Nat,fn,
qwen3_14b,participants,lusa_35,cls_exp_temp0.3_nodelim_norole_nocot,statement,,Obj,fn,
qwen3_14b,participants,lusa_35,cls_exp_temp0.3_nodelim_norole_nocot,cannabis,,Nat,fn,
qwen3_14b,participants,lusa_35,cls_exp_temp0.3_nodelim_norole_nocot,the GNR,,Org,fn,
qwen3_14b,participants,lusa_35,cls_exp_temp0.3_nodelim_norole_nocot,the Criminal Investigation Center (NIC),,Org,fn,
qwen3_14b,participants,lusa_35,cls_exp_temp0.3_nodelim_norole_nocot,on agricultural land,,Loc,fn,
qwen3_14b,participants,lusa_35,cls_exp_temp0.3_nodelim_norole_nocot,the Castelo Branco Territorial Command,,Org,fn,
qwen3_14b,participants,lusa_35,cls_exp_temp0.3_nodelim_norole_nocot,Judicial Court.,,Org,fn,
qwen3_14b,participants,lusa_35,cls_exp_temp0.3_nodelim_norole_nocot,cultivation,,Obj,fn,
qwen3_14b,participants,lusa_35,cls_exp_temp0.3_nodelim_norole_nocot,the GNR Territorial Post,,Org,fn,
qwen3_14b,participants,lusa_35,cls_exp_temp0.3_nodelim_norole_nocot,from the GNR Territorial Post of,,Org,fn,
qwen3_14b,participants,lusa_35,cls_exp_temp0.3_nodelim_norole_nocot,the district of Castelo Branco,,Loc,fn,
qwen3_14b,participants,lusa_35,cls_exp_temp0.3_nodelim_norole_nocot,the Idanha-a-Nova Judicial Court.,,Org,fn,
qwen3_14b,participants,lusa_36,cls_exp_temp0.3_nodelim_norole_nocot,nine illegal nurseries,N/A,Nat,tp,
qwen3_14b,participants,lusa_36,cls_exp_temp0.3_nodelim_norole_nocot,GNR,N/A,Org,tp,
qwen3_14b,participants,lusa_36,cls_exp_temp0.3_nodelim_norole_nocot,Convention on International Trade in Endangered Species of Wild Fauna and Flora,N/A,,fp,
qwen3_14b,participants,lusa_36,cls_exp_temp0.3_nodelim_norole_nocot,the Guard's soldiers,N/A,,fp,
qwen3_14b,participants,lusa_36,cls_exp_temp0.3_nodelim_norole_nocot,Aveiro estuary,N/A,,fp,
qwen3_14b,participants,lusa_36,cls_exp_temp0.3_nodelim_norole_nocot,fishponds,N/A,,fp,
qwen3_14b,participants,lusa_36,cls_exp_temp0.3_nodelim_norole_nocot,military force,N/A,,fp,
qwen3_14b,participants,lusa_36,cls_exp_temp0.3_nodelim_norole_nocot,European eel,N/A,,fp,
qwen3_14b,participants,lusa_36,cls_exp_temp0.3_nodelim_norole_nocot,illegal nurseries,N/A,,fp,
qwen3_14b,participants,lusa_36,cls_exp_temp0.3_nodelim_norole_nocot,crustaceans,N/A,,fp,
qwen3_14b,participants,lusa_36,cls_exp_temp0.3_nodelim_norole_nocot,GNR Coastal Control Unit (UCC),N/A,,fp,
qwen3_14b,participants,lusa_36,cls_exp_temp0.3_nodelim_norole_nocot,river patrol action,N/A,,fp,
qwen3_14b,participants,lusa_36,cls_exp_temp0.3_nodelim_norole_nocot,the respective nurseries,,Nat,fn,
qwen3_14b,participants,lusa_36,cls_exp_temp0.3_nodelim_norole_nocot,UCC,,Org,fn,
qwen3_14b,participants,lusa_36,cls_exp_temp0.3_nodelim_norole_nocot,the natural environment,,Nat,fn,
qwen3_14b,participants,lusa_36,cls_exp_temp0.3_nodelim_norole_nocot,the same note,,Obj,fn,
qwen3_14b,participants,lusa_36,cls_exp_temp0.3_nodelim_norole_nocot,that,,Nat,fn,
qwen3_14b,participants,lusa_36,cls_exp_temp0.3_nodelim_norole_nocot,205 kilos of crustaceans,,Nat,fn,
qwen3_14b,participants,lusa_36,cls_exp_temp0.3_nodelim_norole_nocot,statement,,Obj,fn,
qwen3_14b,participants,lusa_36,cls_exp_temp0.3_nodelim_norole_nocot,type of crops,,Nat,fn,
qwen3_14b,participants,lusa_36,cls_exp_temp0.3_nodelim_norole_nocot,the GNR,,Org,fn,
qwen3_14b,participants,lusa_36,cls_exp_temp0.3_nodelim_norole_nocot,the,,Pl_water,fn,
qwen3_14b,participants,lusa_36,cls_exp_temp0.3_nodelim_norole_nocot,"2,765 euros",,Obj,fn,
qwen3_14b,participants,lusa_36,cls_exp_temp0.3_nodelim_norole_nocot,Guard,,Org,fn,
qwen3_14b,participants,lusa_36,cls_exp_temp0.3_nodelim_norole_nocot,The crustaceans,,Nat,fn,
qwen3_14b,participants,lusa_36,cls_exp_temp0.3_nodelim_norole_nocot,fish,,Nat,fn,
qwen3_14b,participants,lusa_36,cls_exp_temp0.3_nodelim_norole_nocot,clarifies that the,,Nat,fn,
qwen3_14b,participants,lusa_36,cls_exp_temp0.3_nodelim_norole_nocot,that military force,,Org,fn,
qwen3_14b,participants,lusa_36,cls_exp_temp0.3_nodelim_norole_nocot,The GNR Coastal Control Unit,,Org,fn,
qwen3_14b,participants,lusa_36,cls_exp_temp0.3_nodelim_norole_nocot,inland waters,,Pl_water,fn,
qwen3_14b,participants,lusa_36,cls_exp_temp0.3_nodelim_norole_nocot,Aveiro,,Pl_civil,fn,
qwen3_14b,participants,lusa_36,cls_exp_temp0.3_nodelim_norole_nocot,an endangered species,,Nat,fn,
qwen3_14b,participants,lusa_36,cls_exp_temp0.3_nodelim_norole_nocot,20 kilos of European eel,,Nat,fn,
qwen3_14b,participants,lusa_36,cls_exp_temp0.3_nodelim_norole_nocot,soldiers,,Per,fn,
qwen3_14b,participants,lusa_36,cls_exp_temp0.3_nodelim_norole_nocot,European eels,,Nat,fn,
qwen3_14b,participants,lusa_36,cls_exp_temp0.3_nodelim_norole_nocot,a maximum fine of 60 thousand euros,,Other,fn,
qwen3_14b,participants,lusa_36,cls_exp_temp0.3_nodelim_norole_nocot,its,,Nat,fn,
qwen3_14b,participants,lusa_36,cls_exp_temp0.3_nodelim_norole_nocot,the rules,,Other,fn,
qwen3_14b,participants,lusa_36,cls_exp_temp0.3_nodelim_norole_nocot,Convention on International Trade in Endangered Species of Wild Fauna and Flora.,,Org,fn,
qwen3_14b,participants,lusa_36,cls_exp_temp0.3_nodelim_norole_nocot,the Aveiro estuary,,Pl_water,fn,
qwen3_14b,participants,lusa_36,cls_exp_temp0.3_nodelim_norole_nocot,various crustaceans,,Nat,fn,
qwen3_14b,participants,lusa_37,cls_exp_temp0.3_nodelim_norole_nocot,firearms,N/A,Obj,tp,
qwen3_14b,participants,lusa_37,cls_exp_temp0.3_nodelim_norole_nocot,The GNR,N/A,Org,tp,
qwen3_14b,participants,lusa_37,cls_exp_temp0.3_nodelim_norole_nocot,Belmonte,N/A,Pl_civil,tp,
qwen3_14b,participants,lusa_37,cls_exp_temp0.3_nodelim_norole_nocot,the Covilhã Judicial Court,Fac,Org,tp,
qwen3_14b,participants,lusa_37,cls_exp_temp0.3_nodelim_norole_nocot,the military,N/A,Per,tp,
qwen3_14b,participants,lusa_37,cls_exp_temp0.3_nodelim_norole_nocot,Lusa agency,N/A,Org,tp,
qwen3_14b,participants,lusa_37,cls_exp_temp0.3_nodelim_norole_nocot,a 47-year-old man,N/A,Per,tp,
qwen3_14b,participants,lusa_37,cls_exp_temp0.3_nodelim_norole_nocot,the suspect,Per,Per,tp,
qwen3_14b,participants,lusa_37,cls_exp_temp0.3_nodelim_norole_nocot,the municipality of Belmonte,N/A,Loc,tp,
qwen3_14b,participants,lusa_37,cls_exp_temp0.3_nodelim_norole_nocot,the GNR Territorial Command of Castelo Branco,N/A,Org,tp,
qwen3_14b,participants,lusa_37,cls_exp_temp0.3_nodelim_norole_nocot,domestic violence,N/A,,fp,
qwen3_14b,participants,lusa_37,cls_exp_temp0.3_nodelim_norole_nocot,the victim,N/A,,fp,
qwen3_14b,participants,lusa_37,cls_exp_temp0.3_nodelim_norole_nocot,GNR,N/A,,fp,
qwen3_14b,participants,lusa_37,cls_exp_temp0.3_nodelim_norole_nocot,weapons,N/A,,fp,
qwen3_14b,participants,lusa_37,cls_exp_temp0.3_nodelim_norole_nocot,firearm,N/A,,fp,
qwen3_14b,participants,lusa_37,cls_exp_temp0.3_nodelim_norole_nocot,the defendant,Per,,fp,
qwen3_14b,participants,lusa_37,cls_exp_temp0.3_nodelim_norole_nocot,the note.,N/A,,fp,
qwen3_14b,participants,lusa_37,cls_exp_temp0.3_nodelim_norole_nocot,his ex-partner,N/A,,fp,
qwen3_14b,participants,lusa_37,cls_exp_temp0.3_nodelim_norole_nocot,aged 33,N/A,,fp,
qwen3_14b,participants,lusa_37,cls_exp_temp0.3_nodelim_norole_nocot,Caria posts,N/A,,fp,
qwen3_14b,participants,lusa_37,cls_exp_temp0.3_nodelim_norole_nocot,a reproduction firearm,,Obj,fn,
qwen3_14b,participants,lusa_37,cls_exp_temp0.3_nodelim_norole_nocot,a firearm,,Obj,fn,
qwen3_14b,participants,lusa_37,cls_exp_temp0.3_nodelim_norole_nocot,his,,Per,fn,
qwen3_14b,participants,lusa_37,cls_exp_temp0.3_nodelim_norole_nocot,a spring-loaded knife,,Per,fn,
qwen3_14b,participants,lusa_37,cls_exp_temp0.3_nodelim_norole_nocot,Covilhã,,Pl_civil,fn,
qwen3_14b,participants,lusa_37,cls_exp_temp0.3_nodelim_norole_nocot,statement,,Obj,fn,
qwen3_14b,participants,lusa_37,cls_exp_temp0.3_nodelim_norole_nocot,ex-partner,,Per,fn,
qwen3_14b,participants,lusa_37,cls_exp_temp0.3_nodelim_norole_nocot,alcohol,,Other,fn,
qwen3_14b,participants,lusa_37,cls_exp_temp0.3_nodelim_norole_nocot,the GNR,,Org,fn,
qwen3_14b,participants,lusa_37,cls_exp_temp0.3_nodelim_norole_nocot,victim,,Per,fn,
qwen3_14b,participants,lusa_37,cls_exp_temp0.3_nodelim_norole_nocot,Caria,,Pl_civil,fn,
qwen3_14b,participants,lusa_37,cls_exp_temp0.3_nodelim_norole_nocot,a shotgun,,Obj,fn,
qwen3_14b,participants,lusa_37,cls_exp_temp0.3_nodelim_norole_nocot,a compressed air,,Obj,fn,
qwen3_14b,participants,lusa_37,cls_exp_temp0.3_nodelim_norole_nocot,"ex-partner, aged 33",,Per,fn,
qwen3_14b,participants,lusa_37,cls_exp_temp0.3_nodelim_norole_nocot,three compressed air rifles,,Obj,fn,
qwen3_14b,participants,lusa_37,cls_exp_temp0.3_nodelim_norole_nocot,the note,,Obj,fn,
qwen3_14b,participants,lusa_37,cls_exp_temp0.3_nodelim_norole_nocot,posts,,Org,fn,
qwen3_14b,participants,lusa_37,cls_exp_temp0.3_nodelim_norole_nocot,various ammunition of different calibers,,Obj,fn,
qwen3_14b,participants,lusa_37,cls_exp_temp0.3_nodelim_norole_nocot,The suspect,,Per,fn,
qwen3_14b,participants,lusa_37,cls_exp_temp0.3_nodelim_norole_nocot,Castelo Branco,,Pl_civil,fn,
qwen3_14b,participants,lusa_37,cls_exp_temp0.3_nodelim_norole_nocot,the GNR Territorial Command,,Org,fn,
qwen3_14b,participants,lusa_39,cls_exp_temp0.3_nodelim_norole_nocot,the municipality of Santa Maria da Feira,N/A,Pl_civil,tp,
qwen3_14b,participants,lusa_39,cls_exp_temp0.3_nodelim_norole_nocot,the man,Per,Per,tp,
qwen3_14b,participants,lusa_39,cls_exp_temp0.3_nodelim_norole_nocot,those involved,Per,Per,tp,
qwen3_14b,participants,lusa_39,cls_exp_temp0.3_nodelim_norole_nocot,the source,N/A,Per,tp,
qwen3_14b,participants,lusa_39,cls_exp_temp0.3_nodelim_norole_nocot,the cash register,N/A,Obj,tp,
qwen3_14b,participants,lusa_39,cls_exp_temp0.3_nodelim_norole_nocot,GNR,N/A,Org,tp,
qwen3_14b,participants,lusa_39,cls_exp_temp0.3_nodelim_norole_nocot,that police force,N/A,Org,tp,
qwen3_14b,participants,lusa_39,cls_exp_temp0.3_nodelim_norole_nocot,Milheirós de Poiares,N/A,Loc,tp,
qwen3_14b,participants,lusa_39,cls_exp_temp0.3_nodelim_norole_nocot,Santa Maria da Feria,Loc,Loc,tp,
qwen3_14b,participants,lusa_39,cls_exp_temp0.3_nodelim_norole_nocot,the other,N/A,Per,tp,
qwen3_14b,participants,lusa_39,cls_exp_temp0.3_nodelim_norole_nocot,Two men,N/A,Per,tp,
qwen3_14b,participants,lusa_39,cls_exp_temp0.3_nodelim_norole_nocot,district of Aveiro,Loc,Loc,tp,
qwen3_14b,participants,lusa_39,cls_exp_temp0.3_nodelim_norole_nocot,One of the robbers,N/A,,fp,
qwen3_14b,participants,lusa_39,cls_exp_temp0.3_nodelim_norole_nocot,2:30 pm,N/A,,fp,
qwen3_14b,participants,lusa_39,cls_exp_temp0.3_nodelim_norole_nocot,amount of money,N/A,,fp,
qwen3_14b,participants,lusa_39,cls_exp_temp0.3_nodelim_norole_nocot,a confectionery shop,N/A,,fp,
qwen3_14b,participants,lusa_39,cls_exp_temp0.3_nodelim_norole_nocot,the authorities,N/A,,fp,
qwen3_14b,participants,lusa_39,cls_exp_temp0.3_nodelim_norole_nocot,the territorial device of the GNR,N/A,,fp,
qwen3_14b,participants,lusa_39,cls_exp_temp0.3_nodelim_norole_nocot,Intervention Detachment of that police force,N/A,,fp,
qwen3_14b,participants,lusa_39,cls_exp_temp0.3_nodelim_norole_nocot,Feira confectionery,N/A,,fp,
qwen3_14b,participants,lusa_39,cls_exp_temp0.3_nodelim_norole_nocot,They,N/A,,fp,
qwen3_14b,participants,lusa_39,cls_exp_temp0.3_nodelim_norole_nocot,an official GNR source,N/A,,fp,
qwen3_14b,participants,lusa_39,cls_exp_temp0.3_nodelim_norole_nocot,cash register,N/A,,fp,
qwen3_14b,participants,lusa_39,cls_exp_temp0.3_nodelim_norole_nocot,one of the two involved,N/A,,fp,
qwen3_14b,participants,lusa_39,cls_exp_temp0.3_nodelim_norole_nocot,confectionery shop,Fac,,fp,
qwen3_14b,participants,lusa_39,cls_exp_temp0.3_nodelim_norole_nocot,one,,Per,fn,
qwen3_14b,participants,lusa_39,cls_exp_temp0.3_nodelim_norole_nocot,a confectionery,,Org,fn,
qwen3_14b,participants,lusa_39,cls_exp_temp0.3_nodelim_norole_nocot,faces,,Other,fn,
qwen3_14b,participants,lusa_39,cls_exp_temp0.3_nodelim_norole_nocot,One,,Per,fn,
qwen3_14b,participants,lusa_39,cls_exp_temp0.3_nodelim_norole_nocot,the GNR,,Org,fn,
qwen3_14b,participants,lusa_39,cls_exp_temp0.3_nodelim_norole_nocot,two involved,,Per,fn,
qwen3_14b,participants,lusa_39,cls_exp_temp0.3_nodelim_norole_nocot,robbers,,Per,fn,
qwen3_14b,participants,lusa_39,cls_exp_temp0.3_nodelim_norole_nocot,resources,,Other,fn,
qwen3_14b,participants,lusa_39,cls_exp_temp0.3_nodelim_norole_nocot,the territorial device,,Org,fn,
qwen3_14b,participants,lusa_39,cls_exp_temp0.3_nodelim_norole_nocot,authorities,,Org,fn,
qwen3_14b,participants,lusa_39,cls_exp_temp0.3_nodelim_norole_nocot,official GNR source,,Per,fn,
qwen3_14b,participants,lusa_39,cls_exp_temp0.3_nodelim_norole_nocot,confectionery,,Org,fn,
qwen3_14b,participants,lusa_39,cls_exp_temp0.3_nodelim_norole_nocot,the Intervention Detachment,,Org,fn,
qwen3_14b,participants,lusa_39,cls_exp_temp0.3_nodelim_norole_nocot,an amount of money,,Other,fn,
qwen3_14b,participants,lusa_40,cls_exp_temp0.3_nodelim_norole_nocot,the vessel,N/A,Obj,tp,
qwen3_14b,participants,lusa_40,cls_exp_temp0.3_nodelim_norole_nocot,four tons of hashish,N/A,Obj,tp,
qwen3_14b,participants,lusa_40,cls_exp_temp0.3_nodelim_norole_nocot,GNR,N/A,Org,tp,
qwen3_14b,participants,lusa_40,cls_exp_temp0.3_nodelim_norole_nocot,Foz de Odeleite,N/A,Loc,tp,
qwen3_14b,participants,lusa_40,cls_exp_temp0.3_nodelim_norole_nocot,Spanish territory,N/A,Pl_region,tp,
qwen3_14b,participants,lusa_40,cls_exp_temp0.3_nodelim_norole_nocot,The GNR soldiers,N/A,Per,tp,
qwen3_14b,participants,lusa_40,cls_exp_temp0.3_nodelim_norole_nocot,the Algarve,N/A,Loc,tp,
qwen3_14b,participants,lusa_40,cls_exp_temp0.3_nodelim_norole_nocot,the suspects,N/A,Per,tp,
qwen3_14b,participants,lusa_40,cls_exp_temp0.3_nodelim_norole_nocot,the Guadiana River,N/A,Pl_water,tp,
qwen3_14b,participants,lusa_40,cls_exp_temp0.3_nodelim_norole_nocot,The Coastal Control Unit,N/A,Org,tp,
qwen3_14b,participants,lusa_40,cls_exp_temp0.3_nodelim_norole_nocot,the note,N/A,Obj,tp,
qwen3_14b,participants,lusa_40,cls_exp_temp0.3_nodelim_norole_nocot,"Integrated Surveillance, Command and Control System (SIVICC)",N/A,Org,tp,
qwen3_14b,participants,lusa_40,cls_exp_temp0.3_nodelim_norole_nocot,a high-speed vessel,N/A,Obj,tp,
qwen3_14b,participants,lusa_40,cls_exp_temp0.3_nodelim_norole_nocot,Guadiana River,N/A,,fp,
qwen3_14b,participants,lusa_40,cls_exp_temp0.3_nodelim_norole_nocot,high-speed vessel,N/A,,fp,
qwen3_14b,participants,lusa_40,cls_exp_temp0.3_nodelim_norole_nocot,Spanish police authorities,N/A,,fp,
qwen3_14b,participants,lusa_40,cls_exp_temp0.3_nodelim_norole_nocot,The Judiciary Police,N/A,,fp,
qwen3_14b,participants,lusa_40,cls_exp_temp0.3_nodelim_norole_nocot,the GNR.,N/A,,fp,
qwen3_14b,participants,lusa_40,cls_exp_temp0.3_nodelim_norole_nocot,115 bales of hashish,N/A,,fp,
qwen3_14b,participants,lusa_40,cls_exp_temp0.3_nodelim_norole_nocot,hashish,N/A,,fp,
qwen3_14b,participants,lusa_40,cls_exp_temp0.3_nodelim_norole_nocot,mouth of the Guadiana River,N/A,,fp,
qwen3_14b,participants,lusa_40,cls_exp_temp0.3_nodelim_norole_nocot,PJ,N/A,,fp,
qwen3_14b,participants,lusa_40,cls_exp_temp0.3_nodelim_norole_nocot,statement,,Obj,fn,
qwen3_14b,participants,lusa_40,cls_exp_temp0.3_nodelim_norole_nocot,Judiciary Police (PJ),,Org,fn,
qwen3_14b,participants,lusa_40,cls_exp_temp0.3_nodelim_norole_nocot,the GNR,,Org,fn,
qwen3_14b,participants,lusa_40,cls_exp_temp0.3_nodelim_norole_nocot,coastal,,Nat,fn,
qwen3_14b,participants,lusa_40,cls_exp_temp0.3_nodelim_norole_nocot,"115 bales of hashish weighing 3,785 kilos",,Obj,fn,
qwen3_14b,participants,lusa_40,cls_exp_temp0.3_nodelim_norole_nocot,the mouth of the Guadiana River,,Pl_water,fn,
qwen3_14b,participants,lusa_40,cls_exp_temp0.3_nodelim_norole_nocot,hashish and a high-speed,,Obj,fn,
qwen3_14b,participants,lusa_40,cls_exp_temp0.3_nodelim_norole_nocot,the Spanish police authorities,,Org,fn,
qwen3_14b,participants,lusa_41,cls_exp_temp0.3_nodelim_norole_nocot,the victim,N/A,Per,tp,
qwen3_14b,participants,lusa_41,cls_exp_temp0.3_nodelim_norole_nocot,prison,N/A,Loc,tp,
qwen3_14b,participants,lusa_41,cls_exp_temp0.3_nodelim_norole_nocot,GNR,N/A,Org,tp,
qwen3_14b,participants,lusa_41,cls_exp_temp0.3_nodelim_norole_nocot,The detainee,N/A,Per,tp,
qwen3_14b,participants,lusa_41,cls_exp_temp0.3_nodelim_norole_nocot,the GNR,N/A,Org,tp,
qwen3_14b,participants,lusa_41,cls_exp_temp0.3_nodelim_norole_nocot,The GNR,N/A,Org,tp,
qwen3_14b,participants,lusa_41,cls_exp_temp0.3_nodelim_norole_nocot,the aggressor,N/A,Per,tp,
qwen3_14b,participants,lusa_41,cls_exp_temp0.3_nodelim_norole_nocot,Maia,Loc,Pl_civil,tp,
qwen3_14b,participants,lusa_41,cls_exp_temp0.3_nodelim_norole_nocot,a 59-year-old man,N/A,,fp,
qwen3_14b,participants,lusa_41,cls_exp_temp0.3_nodelim_norole_nocot,59-year-old man,Per,,fp,
qwen3_14b,participants,lusa_41,cls_exp_temp0.3_nodelim_norole_nocot,his 89-year-old father,N/A,,fp,
qwen3_14b,participants,lusa_41,cls_exp_temp0.3_nodelim_norole_nocot,Maia Territorial Post,N/A,,fp,
qwen3_14b,participants,lusa_41,cls_exp_temp0.3_nodelim_norole_nocot,municipality of Maia,N/A,,fp,
qwen3_14b,participants,lusa_41,cls_exp_temp0.3_nodelim_norole_nocot,the elderly person,N/A,,fp,
qwen3_14b,participants,lusa_41,cls_exp_temp0.3_nodelim_norole_nocot,district of Porto,N/A,,fp,
qwen3_14b,participants,lusa_41,cls_exp_temp0.3_nodelim_norole_nocot,GNR soldiers,N/A,,fp,
qwen3_14b,participants,lusa_41,cls_exp_temp0.3_nodelim_norole_nocot,Matosinhos Criminal Instruction Court,N/A,,fp,
qwen3_14b,participants,lusa_41,cls_exp_temp0.3_nodelim_norole_nocot,his father,Per,,fp,
qwen3_14b,participants,lusa_41,cls_exp_temp0.3_nodelim_norole_nocot,Matosinhos,,Pl_civil,fn,
qwen3_14b,participants,lusa_41,cls_exp_temp0.3_nodelim_norole_nocot,"89-year-old father ,",,Per,fn,
qwen3_14b,participants,lusa_41,cls_exp_temp0.3_nodelim_norole_nocot,the district,,Pl_region,fn,
qwen3_14b,participants,lusa_41,cls_exp_temp0.3_nodelim_norole_nocot,his,,Per,fn,
qwen3_14b,participants,lusa_41,cls_exp_temp0.3_nodelim_norole_nocot,measures,,Other,fn,
qwen3_14b,participants,lusa_41,cls_exp_temp0.3_nodelim_norole_nocot,statement,,Obj,fn,
qwen3_14b,participants,lusa_41,cls_exp_temp0.3_nodelim_norole_nocot,the,,Pl_civil,fn,
qwen3_14b,participants,lusa_41,cls_exp_temp0.3_nodelim_norole_nocot,the Maia Territorial Post,,Org,fn,
qwen3_14b,participants,lusa_41,cls_exp_temp0.3_nodelim_norole_nocot,of a 59-year-old,,Per,fn,
qwen3_14b,participants,lusa_41,cls_exp_temp0.3_nodelim_norole_nocot,the Matosinhos Criminal Instruction Court,,Org,fn,
qwen3_14b,participants,lusa_41,cls_exp_temp0.3_nodelim_norole_nocot,elderly,,Per,fn,
qwen3_14b,participants,lusa_41,cls_exp_temp0.3_nodelim_norole_nocot,for ,,Per,fn,
qwen3_14b,participants,lusa_41,cls_exp_temp0.3_nodelim_norole_nocot,the district of Porto,,Loc,fn,
qwen3_14b,participants,lusa_41,cls_exp_temp0.3_nodelim_norole_nocot,Criminal Instruction Court,,Org,fn,
qwen3_14b,participants,lusa_41,cls_exp_temp0.3_nodelim_norole_nocot,"89-year-old father,",,Per,fn,
qwen3_14b,participants,lusa_41,cls_exp_temp0.3_nodelim_norole_nocot,soldiers,,Per,fn,
qwen3_14b,participants,lusa_41,cls_exp_temp0.3_nodelim_norole_nocot,him,,Per,fn,
qwen3_14b,participants,lusa_41,cls_exp_temp0.3_nodelim_norole_nocot,insulted,,Obj,fn,
qwen3_14b,participants,lusa_41,cls_exp_temp0.3_nodelim_norole_nocot,the municipality of Maia,,Loc,fn,
qwen3_14b,participants,lusa_41,cls_exp_temp0.3_nodelim_norole_nocot,money,,Obj,fn,
qwen3_14b,participants,lusa_42,cls_exp_temp0.3_nodelim_norole_nocot,Sabroso,N/A,Pl_civil,tp,
qwen3_14b,participants,lusa_42,cls_exp_temp0.3_nodelim_norole_nocot,the 81-year-old woman,N/A,Per,tp,
qwen3_14b,participants,lusa_42,cls_exp_temp0.3_nodelim_norole_nocot,the woman,Per,Per,tp,
qwen3_14b,participants,lusa_42,cls_exp_temp0.3_nodelim_norole_nocot,Vila Real,N/A,Pl_civil,tp,
qwen3_14b,participants,lusa_42,cls_exp_temp0.3_nodelim_norole_nocot,Trás-os-Montes and Alto Douro Hospital Center,N/A,,fp,
qwen3_14b,participants,lusa_42,cls_exp_temp0.3_nodelim_norole_nocot,family member,N/A,,fp,
qwen3_14b,participants,lusa_42,cls_exp_temp0.3_nodelim_norole_nocot,GNR,Org,,fp,
qwen3_14b,participants,lusa_42,cls_exp_temp0.3_nodelim_norole_nocot,the municipality of Vila Real,N/A,,fp,
qwen3_14b,participants,lusa_42,cls_exp_temp0.3_nodelim_norole_nocot,GNR dog team,N/A,,fp,
qwen3_14b,participants,lusa_42,cls_exp_temp0.3_nodelim_norole_nocot,members of the GNR,Per,,fp,
qwen3_14b,participants,lusa_42,cls_exp_temp0.3_nodelim_norole_nocot,GNR's Emergency Protection and Relief Unit (UEPS),N/A,,fp,
qwen3_14b,participants,lusa_42,cls_exp_temp0.3_nodelim_norole_nocot,Vila Real unit,N/A,,fp,
qwen3_14b,participants,lusa_42,cls_exp_temp0.3_nodelim_norole_nocot,firefighters,Per,,fp,
qwen3_14b,participants,lusa_42,cls_exp_temp0.3_nodelim_norole_nocot,village of Vila Real,Loc,,fp,
qwen3_14b,participants,lusa_42,cls_exp_temp0.3_nodelim_norole_nocot,a source,N/A,,fp,
qwen3_14b,participants,lusa_42,cls_exp_temp0.3_nodelim_norole_nocot,an elderly woman,N/A,,fp,
qwen3_14b,participants,lusa_42,cls_exp_temp0.3_nodelim_norole_nocot,dog,Obj,,fp,
qwen3_14b,participants,lusa_42,cls_exp_temp0.3_nodelim_norole_nocot,the elderly woman,N/A,,fp,
qwen3_14b,participants,lusa_42,cls_exp_temp0.3_nodelim_norole_nocot,octogenarian,Per,,fp,
qwen3_14b,participants,lusa_42,cls_exp_temp0.3_nodelim_norole_nocot,Trás,,Per,fn,
qwen3_14b,participants,lusa_42,cls_exp_temp0.3_nodelim_norole_nocot,the Vila Real unit of the Trás-os-Montes and Alto Douro,,Org,fn,
qwen3_14b,participants,lusa_42,cls_exp_temp0.3_nodelim_norole_nocot,Trás-os-Montes and Alto Douro,,Pl_region,fn,
qwen3_14b,participants,lusa_42,cls_exp_temp0.3_nodelim_norole_nocot,that,,Per,fn,
qwen3_14b,participants,lusa_42,cls_exp_temp0.3_nodelim_norole_nocot,municipality of Vila Real,,Pl_civil,fn,
qwen3_14b,participants,lusa_42,cls_exp_temp0.3_nodelim_norole_nocot,National,,Per,fn,
qwen3_14b,participants,lusa_42,cls_exp_temp0.3_nodelim_norole_nocot,members,,Per,fn,
qwen3_14b,participants,lusa_42,cls_exp_temp0.3_nodelim_norole_nocot,that police force,,Org,fn,
qwen3_14b,participants,lusa_42,cls_exp_temp0.3_nodelim_norole_nocot,the GNR,,Org,fn,
qwen3_14b,participants,lusa_42,cls_exp_temp0.3_nodelim_norole_nocot,The octogenarian,,Per,fn,
qwen3_14b,participants,lusa_42,cls_exp_temp0.3_nodelim_norole_nocot,the National Emergency and Civil Protection Authority,,Org,fn,
qwen3_14b,participants,lusa_42,cls_exp_temp0.3_nodelim_norole_nocot,the elderly,,Per,fn,
qwen3_14b,participants,lusa_42,cls_exp_temp0.3_nodelim_norole_nocot,nine vehicles,,Obj,fn,
qwen3_14b,participants,lusa_42,cls_exp_temp0.3_nodelim_norole_nocot,website,,Other,fn,
qwen3_14b,participants,lusa_42,cls_exp_temp0.3_nodelim_norole_nocot,a family member,,Per,fn,
qwen3_14b,participants,lusa_42,cls_exp_temp0.3_nodelim_norole_nocot,source,,Per,fn,
qwen3_14b,participants,lusa_42,cls_exp_temp0.3_nodelim_norole_nocot,Emergency Protection and Relief Unit (UEPS),,Org,fn,
qwen3_14b,participants,lusa_42,cls_exp_temp0.3_nodelim_norole_nocot,The ,,Org,fn,
qwen3_14b,participants,lusa_42,cls_exp_temp0.3_nodelim_norole_nocot,Hospital Center,,Org,fn,
qwen3_14b,participants,lusa_42,cls_exp_temp0.3_nodelim_norole_nocot,a dog,,Nat,fn,
qwen3_14b,participants,lusa_42,cls_exp_temp0.3_nodelim_norole_nocot,the website,,Other,fn,
qwen3_14b,participants,lusa_42,cls_exp_temp0.3_nodelim_norole_nocot,residence,,Loc,fn,
qwen3_14b,participants,lusa_42,cls_exp_temp0.3_nodelim_norole_nocot,the Vila Real unit,,Org,fn,
qwen3_14b,participants,lusa_43,cls_exp_temp0.3_nodelim_norole_nocot,his 73-year-old mother,N/A,Per,tp,
qwen3_14b,participants,lusa_43,cls_exp_temp0.3_nodelim_norole_nocot,the GNR,N/A,Org,tp,
qwen3_14b,participants,lusa_43,cls_exp_temp0.3_nodelim_norole_nocot,The suspect,N/A,Per,tp,
qwen3_14b,participants,lusa_43,cls_exp_temp0.3_nodelim_norole_nocot,this police force,N/A,Org,tp,
qwen3_14b,participants,lusa_43,cls_exp_temp0.3_nodelim_norole_nocot,A 50-year-old man,N/A,Per,tp,
qwen3_14b,participants,lusa_43,cls_exp_temp0.3_nodelim_norole_nocot,the military,N/A,Per,tp,
qwen3_14b,participants,lusa_43,cls_exp_temp0.3_nodelim_norole_nocot,the suspect,N/A,Per,tp,
qwen3_14b,participants,lusa_43,cls_exp_temp0.3_nodelim_norole_nocot,Gondomar,N/A,Pl_civil,tp,
qwen3_14b,participants,lusa_43,cls_exp_temp0.3_nodelim_norole_nocot,two bladed weapons,N/A,Obj,tp,
qwen3_14b,participants,lusa_43,cls_exp_temp0.3_nodelim_norole_nocot,GNR,N/A,,fp,
qwen3_14b,participants,lusa_43,cls_exp_temp0.3_nodelim_norole_nocot,the mother,N/A,,fp,
qwen3_14b,participants,lusa_43,cls_exp_temp0.3_nodelim_norole_nocot,Porto Judicial Court,N/A,,fp,
qwen3_14b,participants,lusa_43,cls_exp_temp0.3_nodelim_norole_nocot,the Porto district,N/A,,fp,
qwen3_14b,participants,lusa_43,cls_exp_temp0.3_nodelim_norole_nocot,sharp weapons,N/A,,fp,
qwen3_14b,participants,lusa_43,cls_exp_temp0.3_nodelim_norole_nocot,man,N/A,,fp,
qwen3_14b,participants,lusa_43,cls_exp_temp0.3_nodelim_norole_nocot,statement,,Obj,fn,
qwen3_14b,participants,lusa_43,cls_exp_temp0.3_nodelim_norole_nocot,the Porto,,Pl_civil,fn,
qwen3_14b,participants,lusa_43,cls_exp_temp0.3_nodelim_norole_nocot,Porto district,,Pl_civil,fn,
qwen3_14b,participants,lusa_43,cls_exp_temp0.3_nodelim_norole_nocot,mother,,Per,fn,
qwen3_14b,participants,lusa_43,cls_exp_temp0.3_nodelim_norole_nocot,Judicial Court,,Org,fn,
qwen3_14b,participants,lusa_43,cls_exp_temp0.3_nodelim_norole_nocot,the ,,Obj,fn,
qwen3_14b,participants,lusa_43,cls_exp_temp0.3_nodelim_norole_nocot,the Porto Judicial Court,,Org,fn,
qwen3_14b,participants,lusa_43,cls_exp_temp0.3_nodelim_norole_nocot,place,,Pl_civil,fn,
qwen3_14b,participants,lusa_44,cls_exp_temp0.3_nodelim_norole_nocot,pig effluents,N/A,Nat,tp,
qwen3_14b,participants,lusa_44,cls_exp_temp0.3_nodelim_norole_nocot,a press release,N/A,Obj,tp,
qwen3_14b,participants,lusa_44,cls_exp_temp0.3_nodelim_norole_nocot,The GNR Territorial Command,N/A,Org,tp,
qwen3_14b,participants,lusa_44,cls_exp_temp0.3_nodelim_norole_nocot,Leiria,N/A,Org,tp,
qwen3_14b,participants,lusa_44,cls_exp_temp0.3_nodelim_norole_nocot,the soil,N/A,Nat,tp,
qwen3_14b,participants,lusa_44,cls_exp_temp0.3_nodelim_norole_nocot,livestock effluents,N/A,Nat,tp,
qwen3_14b,participants,lusa_44,cls_exp_temp0.3_nodelim_norole_nocot,the parish of Bidoeira de Cima,N/A,Loc,tp,
qwen3_14b,participants,lusa_44,cls_exp_temp0.3_nodelim_norole_nocot,The GNR of Leiria,N/A,Org,tp,
qwen3_14b,participants,lusa_44,cls_exp_temp0.3_nodelim_norole_nocot,the municipality of Leiria,N/A,Loc,tp,
qwen3_14b,participants,lusa_44,cls_exp_temp0.3_nodelim_norole_nocot,livestock effluent storage lagoon,N/A,,fp,
qwen3_14b,participants,lusa_44,cls_exp_temp0.3_nodelim_norole_nocot,Bidoeira de Cima,N/A,,fp,
qwen3_14b,participants,lusa_44,cls_exp_temp0.3_nodelim_norole_nocot,agricultural holding,N/A,,fp,
qwen3_14b,participants,lusa_44,cls_exp_temp0.3_nodelim_norole_nocot,patrolling action,N/A,,fp,
qwen3_14b,participants,lusa_44,cls_exp_temp0.3_nodelim_norole_nocot,illegal discharge of pig effluents,N/A,,fp,
qwen3_14b,participants,lusa_44,cls_exp_temp0.3_nodelim_norole_nocot,GNR soldiers,N/A,,fp,
qwen3_14b,participants,lusa_44,cls_exp_temp0.3_nodelim_norole_nocot,Leiria Environmental Protection Center,N/A,,fp,
qwen3_14b,participants,lusa_44,cls_exp_temp0.3_nodelim_norole_nocot,GNR of Leiria,N/A,,fp,
qwen3_14b,participants,lusa_44,cls_exp_temp0.3_nodelim_norole_nocot,an agricultural holding,,Org,fn,
qwen3_14b,participants,lusa_44,cls_exp_temp0.3_nodelim_norole_nocot,a livestock effluent storage lagoon,,Nat,fn,
qwen3_14b,participants,lusa_44,cls_exp_temp0.3_nodelim_norole_nocot,the note,,Obj,fn,
qwen3_14b,participants,lusa_44,cls_exp_temp0.3_nodelim_norole_nocot,soldiers,,Per,fn,
qwen3_14b,participants,lusa_44,cls_exp_temp0.3_nodelim_norole_nocot,the ground,,Nat,fn,
qwen3_14b,participants,lusa_44,cls_exp_temp0.3_nodelim_norole_nocot,a fine of a maximum value of 144 thousand euros,,Other,fn,
qwen3_14b,participants,lusa_44,cls_exp_temp0.3_nodelim_norole_nocot,The GNR,,Org,fn,
qwen3_14b,participants,lusa_44,cls_exp_temp0.3_nodelim_norole_nocot,Environmental Protection Center,,Org,fn,
qwen3_14b,participants,lusa_44,cls_exp_temp0.3_nodelim_norole_nocot,the Leiria Environmental Protection Center,,Org,fn,
qwen3_14b,participants,lusa_44,cls_exp_temp0.3_nodelim_norole_nocot,the,,Org,fn,
qwen3_14b,participants,lusa_44,cls_exp_temp0.3_nodelim_norole_nocot,livestock effluent,,Nat,fn,
qwen3_14b,participants,lusa_44,cls_exp_temp0.3_nodelim_norole_nocot,the point,,Other,fn,
qwen3_14b,participants,lusa_44,cls_exp_temp0.3_nodelim_norole_nocot,soldiers ,,Nat,fn,
qwen3_14b,participants,lusa_44,cls_exp_temp0.3_nodelim_norole_nocot,mechanism,,Other,fn,
qwen3_14b,participants,lusa_45,cls_exp_temp0.3_nodelim_norole_nocot,two alleged traffickers,N/A,Per,tp,
qwen3_14b,participants,lusa_45,cls_exp_temp0.3_nodelim_norole_nocot,Veríssimo Pandamari,N/A,Per,tp,
qwen3_14b,participants,lusa_45,cls_exp_temp0.3_nodelim_norole_nocot,Luanda,N/A,Pl_capital,tp,
qwen3_14b,participants,lusa_45,cls_exp_temp0.3_nodelim_norole_nocot,SIC,N/A,,fp,
qwen3_14b,participants,lusa_45,cls_exp_temp0.3_nodelim_norole_nocot,"operation called ""Kudissanga""",N/A,,fp,
qwen3_14b,participants,lusa_45,cls_exp_temp0.3_nodelim_norole_nocot,members of the public,N/A,,fp,
qwen3_14b,participants,lusa_45,cls_exp_temp0.3_nodelim_norole_nocot,the men,N/A,,fp,
qwen3_14b,participants,lusa_45,cls_exp_temp0.3_nodelim_norole_nocot,Angola,N/A,,fp,
qwen3_14b,participants,lusa_45,cls_exp_temp0.3_nodelim_norole_nocot,Angolan news agency,N/A,,fp,
qwen3_14b,participants,lusa_45,cls_exp_temp0.3_nodelim_norole_nocot,Angop,N/A,,fp,
qwen3_14b,participants,lusa_45,cls_exp_temp0.3_nodelim_norole_nocot,SIC spokesperson,N/A,,fp,
qwen3_14b,participants,lusa_45,cls_exp_temp0.3_nodelim_norole_nocot,Angolan police authorities,N/A,,fp,
qwen3_14b,participants,lusa_45,cls_exp_temp0.3_nodelim_norole_nocot,the children,N/A,,fp,
qwen3_14b,participants,lusa_45,cls_exp_temp0.3_nodelim_norole_nocot,Congolese minors,N/A,,fp,
qwen3_14b,participants,lusa_45,cls_exp_temp0.3_nodelim_norole_nocot,Lunda Norte,,Pl_civil,fn,
qwen3_14b,participants,lusa_45,cls_exp_temp0.3_nodelim_norole_nocot,"the children, aged 9 and 12",,Per,fn,
qwen3_14b,participants,lusa_45,cls_exp_temp0.3_nodelim_norole_nocot,the Democratic Republic of Congo (RDCongo),,Pl_country,fn,
qwen3_14b,participants,lusa_45,cls_exp_temp0.3_nodelim_norole_nocot,that,,Other,fn,
qwen3_14b,participants,lusa_45,cls_exp_temp0.3_nodelim_norole_nocot,capital of Angola,,Pl_capital,fn,
qwen3_14b,participants,lusa_45,cls_exp_temp0.3_nodelim_norole_nocot,the city of Dundo,,Pl_civil,fn,
qwen3_14b,participants,lusa_45,cls_exp_temp0.3_nodelim_norole_nocot,the SIC,,Org,fn,
qwen3_14b,participants,lusa_45,cls_exp_temp0.3_nodelim_norole_nocot,public,,Per,fn,
qwen3_14b,participants,lusa_45,cls_exp_temp0.3_nodelim_norole_nocot,The Criminal Investigation Service (SIC),,Org,fn,
qwen3_14b,participants,lusa_45,cls_exp_temp0.3_nodelim_norole_nocot,men,,Per,fn,
qwen3_14b,participants,lusa_45,cls_exp_temp0.3_nodelim_norole_nocot,"Angolan news agency, Angop",,Org,fn,
qwen3_14b,participants,lusa_45,cls_exp_temp0.3_nodelim_norole_nocot,these minors,,Per,fn,
qwen3_14b,participants,lusa_45,cls_exp_temp0.3_nodelim_norole_nocot,for their,,Per,fn,
qwen3_14b,participants,lusa_45,cls_exp_temp0.3_nodelim_norole_nocot,Angolan province of Lunda Norte,,Pl_civil,fn,
qwen3_14b,participants,lusa_45,cls_exp_temp0.3_nodelim_norole_nocot,three children,,Per,fn,
qwen3_14b,participants,lusa_45,cls_exp_temp0.3_nodelim_norole_nocot,the SIC spokesperson,,Per,fn,
qwen3_14b,participants,lusa_45,cls_exp_temp0.3_nodelim_norole_nocot,Angolan authorities,,Org,fn,
qwen3_14b,participants,lusa_45,cls_exp_temp0.3_nodelim_norole_nocot,Kudissanga,,Other,fn,
qwen3_14b,participants,lusa_45,cls_exp_temp0.3_nodelim_norole_nocot,the minors,,Per,fn,
qwen3_14b,participants,lusa_46,cls_exp_temp0.3_nodelim_norole_nocot,a GNR soldier,N/A,Per,tp,
qwen3_14b,participants,lusa_46,cls_exp_temp0.3_nodelim_norole_nocot,"the net amount of 5,400.17 euros",N/A,Obj,tp,
qwen3_14b,participants,lusa_46,cls_exp_temp0.3_nodelim_norole_nocot,the defendant,N/A,Per,tp,
qwen3_14b,participants,lusa_46,cls_exp_temp0.3_nodelim_norole_nocot,The defendant,Per,Per,tp,
qwen3_14b,participants,lusa_46,cls_exp_temp0.3_nodelim_norole_nocot,The Public Prosecutor's Office,N/A,Org,tp,
qwen3_14b,participants,lusa_46,cls_exp_temp0.3_nodelim_norole_nocot,Braga,N/A,Pl_civil,tp,
qwen3_14b,participants,lusa_46,cls_exp_temp0.3_nodelim_norole_nocot,the note,N/A,Obj,tp,
qwen3_14b,participants,lusa_46,cls_exp_temp0.3_nodelim_norole_nocot,The Public Ministry (MP),N/A,Org,tp,
qwen3_14b,participants,lusa_46,cls_exp_temp0.3_nodelim_norole_nocot,Criminal Investigation Unit,Org,,fp,
qwen3_14b,participants,lusa_46,cls_exp_temp0.3_nodelim_norole_nocot,Braga GNR agent,N/A,,fp,
qwen3_14b,participants,lusa_46,cls_exp_temp0.3_nodelim_norole_nocot,the monthly remuneration supplement statements,N/A,,fp,
qwen3_14b,participants,lusa_46,cls_exp_temp0.3_nodelim_norole_nocot,GNR,Org,,fp,
qwen3_14b,participants,lusa_46,cls_exp_temp0.3_nodelim_norole_nocot,military personnel,Per,,fp,
qwen3_14b,participants,lusa_46,cls_exp_temp0.3_nodelim_norole_nocot,the website,Obj,,fp,
qwen3_14b,participants,lusa_46,cls_exp_temp0.3_nodelim_norole_nocot,MP,N/A,,fp,
qwen3_14b,participants,lusa_46,cls_exp_temp0.3_nodelim_norole_nocot,Porto Regional Attorney General's Office,Org,,fp,
qwen3_14b,participants,lusa_46,cls_exp_temp0.3_nodelim_norole_nocot,the scale supplement,N/A,,fp,
qwen3_14b,participants,lusa_46,cls_exp_temp0.3_nodelim_norole_nocot,his subordinates,Per,,fp,
qwen3_14b,participants,lusa_46,cls_exp_temp0.3_nodelim_norole_nocot,Braga GNR,N/A,,fp,
qwen3_14b,participants,lusa_46,cls_exp_temp0.3_nodelim_norole_nocot,his,,Per,fn,
qwen3_14b,participants,lusa_46,cls_exp_temp0.3_nodelim_norole_nocot,service,,Other,fn,
qwen3_14b,participants,lusa_46,cls_exp_temp0.3_nodelim_norole_nocot,scale supplement,,Other,fn,
qwen3_14b,participants,lusa_46,cls_exp_temp0.3_nodelim_norole_nocot,Porto,,Pl_civil,fn,
qwen3_14b,participants,lusa_46,cls_exp_temp0.3_nodelim_norole_nocot,the Porto Regional Attorney General's Office,,Org,fn,
qwen3_14b,participants,lusa_46,cls_exp_temp0.3_nodelim_norole_nocot,the GNR,,Org,fn,
qwen3_14b,participants,lusa_46,cls_exp_temp0.3_nodelim_norole_nocot,a GNR soldier from Braga,,Org,fn,
qwen3_14b,participants,lusa_46,cls_exp_temp0.3_nodelim_norole_nocot,the,,Org,fn,
qwen3_14b,participants,lusa_46,cls_exp_temp0.3_nodelim_norole_nocot,supplement,,Other,fn,
qwen3_14b,participants,lusa_46,cls_exp_temp0.3_nodelim_norole_nocot,the GNR in Braga,,Org,fn,
qwen3_14b,participants,lusa_46,cls_exp_temp0.3_nodelim_norole_nocot,the Criminal Investigation Unit,,Org,fn,
qwen3_14b,participants,lusa_46,cls_exp_temp0.3_nodelim_norole_nocot,the monthly pay supplement,,Other,fn,
qwen3_14b,participants,lusa_46,cls_exp_temp0.3_nodelim_norole_nocot,"5,400 euros",,Obj,fn,
qwen3_14b,participants,lusa_46,cls_exp_temp0.3_nodelim_norole_nocot,military,,Per,fn,
qwen3_14b,participants,lusa_46,cls_exp_temp0.3_nodelim_norole_nocot,which,,Other,fn,
qwen3_14b,participants,lusa_46,cls_exp_temp0.3_nodelim_norole_nocot,note,,Obj,fn,
qwen3_14b,participants,lusa_46,cls_exp_temp0.3_nodelim_norole_nocot,Regional Attorney General's Office,,Org,fn,
qwen3_14b,participants,lusa_46,cls_exp_temp0.3_nodelim_norole_nocot,for ,,Per,fn,
qwen3_14b,participants,lusa_46,cls_exp_temp0.3_nodelim_norole_nocot,subordinates,,Per,fn,
qwen3_14b,participants,lusa_46,cls_exp_temp0.3_nodelim_norole_nocot,name,,Other,fn,
qwen3_14b,participants,lusa_46,cls_exp_temp0.3_nodelim_norole_nocot,he,,Per,fn,
qwen3_14b,participants,lusa_46,cls_exp_temp0.3_nodelim_norole_nocot,"the scale supplement,",,Other,fn,
qwen3_14b,participants,lusa_48,cls_exp_temp0.3_nodelim_norole_nocot,Amarante,N/A,Pl_civil,tp,
qwen3_14b,participants,lusa_48,cls_exp_temp0.3_nodelim_norole_nocot,district of Porto,N/A,Pl_civil,tp,
qwen3_14b,participants,lusa_48,cls_exp_temp0.3_nodelim_norole_nocot,the GNR,N/A,Org,tp,
qwen3_14b,participants,lusa_48,cls_exp_temp0.3_nodelim_norole_nocot,The GNR,N/A,Org,tp,
qwen3_14b,participants,lusa_48,cls_exp_temp0.3_nodelim_norole_nocot,four gaming machines,N/A,Obj,tp,
qwen3_14b,participants,lusa_48,cls_exp_temp0.3_nodelim_norole_nocot,two men,N/A,Per,tp,
qwen3_14b,participants,lusa_48,cls_exp_temp0.3_nodelim_norole_nocot,Vila Meã,N/A,Pl_civil,tp,
qwen3_14b,participants,lusa_48,cls_exp_temp0.3_nodelim_norole_nocot,the suspects,N/A,Per,tp,
qwen3_14b,participants,lusa_48,cls_exp_temp0.3_nodelim_norole_nocot,illegal gaming machines,N/A,,fp,
qwen3_14b,participants,lusa_48,cls_exp_temp0.3_nodelim_norole_nocot,GNR,N/A,,fp,
qwen3_14b,participants,lusa_48,cls_exp_temp0.3_nodelim_norole_nocot,11 administrative offense reports,N/A,,fp,
qwen3_14b,participants,lusa_48,cls_exp_temp0.3_nodelim_norole_nocot,the action,N/A,,fp,
qwen3_14b,participants,lusa_48,cls_exp_temp0.3_nodelim_norole_nocot,a police source,N/A,,fp,
qwen3_14b,participants,lusa_48,cls_exp_temp0.3_nodelim_norole_nocot,inspection of food and beverage establishments,N/A,,fp,
qwen3_14b,participants,lusa_48,cls_exp_temp0.3_nodelim_norole_nocot,statement,,Obj,fn,
qwen3_14b,participants,lusa_48,cls_exp_temp0.3_nodelim_norole_nocot,the Judicial Court of Amarante,,Org,fn,
qwen3_14b,participants,lusa_48,cls_exp_temp0.3_nodelim_norole_nocot,"nine liters of spirits, without tax stamps",,Obj,fn,
qwen3_14b,participants,lusa_48,cls_exp_temp0.3_nodelim_norole_nocot,illegal machines,,Obj,fn,
qwen3_14b,participants,lusa_48,cls_exp_temp0.3_nodelim_norole_nocot,the Judicial Court,,Org,fn,
qwen3_14b,participants,lusa_48,cls_exp_temp0.3_nodelim_norole_nocot,a cell phone,,Obj,fn,
qwen3_14b,participants,lusa_48,cls_exp_temp0.3_nodelim_norole_nocot,gaming machines,,Obj,fn,
qwen3_14b,participants,lusa_48,cls_exp_temp0.3_nodelim_norole_nocot,between 30 and 60,,Other,fn,
qwen3_14b,participants,lusa_48,cls_exp_temp0.3_nodelim_norole_nocot,food and beverage establishments,,Org,fn,
qwen3_14b,participants,lusa_48,cls_exp_temp0.3_nodelim_norole_nocot,police source,,Org,fn,
qwen3_14b,participants,lusa_48,cls_exp_temp0.3_nodelim_norole_nocot,a computer with a printer,,Obj,fn,
qwen3_14b,participants,lusa_48,cls_exp_temp0.3_nodelim_norole_nocot,a tablet,,Obj,fn,
qwen3_14b,participants,lusa_49,cls_exp_temp0.3_nodelim_norole_nocot,the man,N/A,Per,tp,
qwen3_14b,participants,lusa_49,cls_exp_temp0.3_nodelim_norole_nocot,Évora district,N/A,Pl_civil,tp,
qwen3_14b,participants,lusa_49,cls_exp_temp0.3_nodelim_norole_nocot,a 31-year-old man,N/A,Per,tp,
qwen3_14b,participants,lusa_49,cls_exp_temp0.3_nodelim_norole_nocot,The GNR,N/A,,tp,
qwen3_14b,participants,lusa_49,cls_exp_temp0.3_nodelim_norole_nocot,the city of Borba,N/A,Pl_civil,tp,
qwen3_14b,participants,lusa_49,cls_exp_temp0.3_nodelim_norole_nocot,plastic bags,N/A,Obj,tp,
qwen3_14b,participants,lusa_49,cls_exp_temp0.3_nodelim_norole_nocot,Estremoz Territorial Detachment,N/A,Org,tp,
qwen3_14b,participants,lusa_49,cls_exp_temp0.3_nodelim_norole_nocot,the same source,N/A,Per,tp,
qwen3_14b,participants,lusa_49,cls_exp_temp0.3_nodelim_norole_nocot,that security force,N/A,Org,tp,
qwen3_14b,participants,lusa_49,cls_exp_temp0.3_nodelim_norole_nocot,150 euros,N/A,,fp,
qwen3_14b,participants,lusa_49,cls_exp_temp0.3_nodelim_norole_nocot,Vila Viçosa Court,N/A,,fp,
qwen3_14b,participants,lusa_49,cls_exp_temp0.3_nodelim_norole_nocot,GNR,N/A,,fp,
qwen3_14b,participants,lusa_49,cls_exp_temp0.3_nodelim_norole_nocot,military personnel,N/A,,fp,
qwen3_14b,participants,lusa_49,cls_exp_temp0.3_nodelim_norole_nocot,cash,N/A,,fp,
qwen3_14b,participants,lusa_49,cls_exp_temp0.3_nodelim_norole_nocot,Borba,N/A,,fp,
qwen3_14b,participants,lusa_49,cls_exp_temp0.3_nodelim_norole_nocot,heroin,N/A,,fp,
qwen3_14b,participants,lusa_49,cls_exp_temp0.3_nodelim_norole_nocot,scissors,N/A,,fp,
qwen3_14b,participants,lusa_49,cls_exp_temp0.3_nodelim_norole_nocot,a source,N/A,,fp,
qwen3_14b,participants,lusa_49,cls_exp_temp0.3_nodelim_norole_nocot,the Lusa agency,N/A,,fp,
qwen3_14b,participants,lusa_49,cls_exp_temp0.3_nodelim_norole_nocot,digital scale,N/A,,fp,
qwen3_14b,participants,lusa_49,cls_exp_temp0.3_nodelim_norole_nocot,drug trafficking suspect,N/A,,fp,
qwen3_14b,participants,lusa_49,cls_exp_temp0.3_nodelim_norole_nocot,the suspect,N/A,,fp,
qwen3_14b,participants,lusa_49,cls_exp_temp0.3_nodelim_norole_nocot,150 euros in cash,,Obj,fn,
qwen3_14b,participants,lusa_49,cls_exp_temp0.3_nodelim_norole_nocot,Vila Viçosa,,Pl_civil,fn,
qwen3_14b,participants,lusa_49,cls_exp_temp0.3_nodelim_norole_nocot,source,,Per,fn,
qwen3_14b,participants,lusa_49,cls_exp_temp0.3_nodelim_norole_nocot,Territorial Detachment,,Org,fn,
qwen3_14b,participants,lusa_49,cls_exp_temp0.3_nodelim_norole_nocot,Lusa agency,,Org,fn,
qwen3_14b,participants,lusa_49,cls_exp_temp0.3_nodelim_norole_nocot,individual doses,,Obj,fn,
qwen3_14b,participants,lusa_49,cls_exp_temp0.3_nodelim_norole_nocot,24.3 grams of heroin,,Obj,fn,
qwen3_14b,participants,lusa_49,cls_exp_temp0.3_nodelim_norole_nocot,"a digital scale, scissors",,Obj,fn,
qwen3_14b,participants,lusa_49,cls_exp_temp0.3_nodelim_norole_nocot,the ,,Org,fn,
qwen3_14b,participants,lusa_49,cls_exp_temp0.3_nodelim_norole_nocot,military,,Per,fn,
qwen3_14b,participants,lusa_49,cls_exp_temp0.3_nodelim_norole_nocot,Estremoz,,Pl_civil,fn,
qwen3_14b,participants,lusa_49,cls_exp_temp0.3_nodelim_norole_nocot,suspect,,Per,fn,
qwen3_14b,participants,lusa_49,cls_exp_temp0.3_nodelim_norole_nocot,measures,,Other,fn,
qwen3_14b,participants,lusa_49,cls_exp_temp0.3_nodelim_norole_nocot,a digital scale,,Obj,fn,
qwen3_14b,participants,lusa_49,cls_exp_temp0.3_nodelim_norole_nocot,drug,,Obj,fn,
qwen3_14b,participants,lusa_49,cls_exp_temp0.3_nodelim_norole_nocot,the Vila Viçosa Court,,Org,fn,
qwen3_14b,participants,lusa_5,cls_exp_temp0.3_nodelim_norole_nocot,GNR,N/A,Org,tp,
qwen3_14b,participants,lusa_5,cls_exp_temp0.3_nodelim_norole_nocot,the Caldas da Rainha Court,N/A,Fac,tp,
qwen3_14b,participants,lusa_5,cls_exp_temp0.3_nodelim_norole_nocot,The man,N/A,Per,tp,
qwen3_14b,participants,lusa_5,cls_exp_temp0.3_nodelim_norole_nocot,Óbidos,Loc,Pl_civil,tp,
qwen3_14b,participants,lusa_5,cls_exp_temp0.3_nodelim_norole_nocot,that force of authority,Org,Org,tp,
qwen3_14b,participants,lusa_5,cls_exp_temp0.3_nodelim_norole_nocot,A 50-year-old man,Per,Per,tp,
qwen3_14b,participants,lusa_5,cls_exp_temp0.3_nodelim_norole_nocot,the military,N/A,Per,tp,
qwen3_14b,participants,lusa_5,cls_exp_temp0.3_nodelim_norole_nocot,the suspect,N/A,Per,tp,
qwen3_14b,participants,lusa_5,cls_exp_temp0.3_nodelim_norole_nocot,Man,Per,,fp,
qwen3_14b,participants,lusa_5,cls_exp_temp0.3_nodelim_norole_nocot,Caldas da Rainha Environmental Protection Center,N/A,,fp,
qwen3_14b,participants,lusa_5,cls_exp_temp0.3_nodelim_norole_nocot,Óbidos Territorial Post,N/A,,fp,
qwen3_14b,participants,lusa_5,cls_exp_temp0.3_nodelim_norole_nocot,the National Republican Guard (GNR),Org,,fp,
qwen3_14b,participants,lusa_5,cls_exp_temp0.3_nodelim_norole_nocot,the report of the situation,N/A,,fp,
qwen3_14b,participants,lusa_5,cls_exp_temp0.3_nodelim_norole_nocot,the crime of hunting on unauthorized land,N/A,,fp,
qwen3_14b,participants,lusa_5,cls_exp_temp0.3_nodelim_norole_nocot,a protective strip,,Loc,fn,
qwen3_14b,participants,lusa_5,cls_exp_temp0.3_nodelim_norole_nocot,protective,,Fac,fn,
qwen3_14b,participants,lusa_5,cls_exp_temp0.3_nodelim_norole_nocot,Caldas da Rainha,,Pl_civil,fn,
qwen3_14b,participants,lusa_5,cls_exp_temp0.3_nodelim_norole_nocot,the GNR,,Org,fn,
qwen3_14b,participants,lusa_5,cls_exp_temp0.3_nodelim_norole_nocot,two 12-gauge cartridges,,Obj,fn,
qwen3_14b,participants,lusa_5,cls_exp_temp0.3_nodelim_norole_nocot,the Caldas da Rainha Environmental Protection Center,,Obj,fn,
qwen3_14b,participants,lusa_5,cls_exp_temp0.3_nodelim_norole_nocot,accessories,,Obj,fn,
qwen3_14b,participants,lusa_5,cls_exp_temp0.3_nodelim_norole_nocot,Republican Guard,,Org,fn,
qwen3_14b,participants,lusa_5,cls_exp_temp0.3_nodelim_norole_nocot,report of the situation,,Obj,fn,
qwen3_14b,participants,lusa_5,cls_exp_temp0.3_nodelim_norole_nocot,houses,,Fac,fn,
qwen3_14b,participants,lusa_5,cls_exp_temp0.3_nodelim_norole_nocot,the GNR statement,,Obj,fn,
qwen3_14b,participants,lusa_5,cls_exp_temp0.3_nodelim_norole_nocot,various materials,,Obj,fn,
qwen3_14b,participants,lusa_5,cls_exp_temp0.3_nodelim_norole_nocot,which,,Org,fn,
qwen3_14b,participants,lusa_5,cls_exp_temp0.3_nodelim_norole_nocot,the Óbidos Territorial Post,,Org,fn,
qwen3_14b,participants,lusa_5,cls_exp_temp0.3_nodelim_norole_nocot,a hunting rifle,,Obj,fn,
qwen3_14b,participants,lusa_5,cls_exp_temp0.3_nodelim_norole_nocot,land,,Loc,fn,
qwen3_14b,participants,lusa_50,cls_exp_temp0.3_nodelim_norole_nocot,the municipalities,Loc,Loc,tp,
qwen3_14b,participants,lusa_50,cls_exp_temp0.3_nodelim_norole_nocot,Ponte da Barca,Loc,Pl_civil,tp,
qwen3_14b,participants,lusa_50,cls_exp_temp0.3_nodelim_norole_nocot,Alto Minho,N/A,Pl_civil,tp,
qwen3_14b,participants,lusa_50,cls_exp_temp0.3_nodelim_norole_nocot,Arcos de Valdevez,Loc,Pl_civil,tp,
qwen3_14b,participants,lusa_50,cls_exp_temp0.3_nodelim_norole_nocot,Ponte de Lima,Loc,Pl_civil,tp,
qwen3_14b,participants,lusa_50,cls_exp_temp0.3_nodelim_norole_nocot,that police force,N/A,Org,tp,
qwen3_14b,participants,lusa_50,cls_exp_temp0.3_nodelim_norole_nocot,Paredes de Coura,Loc,Pl_civil,tp,
qwen3_14b,participants,lusa_50,cls_exp_temp0.3_nodelim_norole_nocot,four men,N/A,Per,tp,
qwen3_14b,participants,lusa_50,cls_exp_temp0.3_nodelim_norole_nocot,The GNR,N/A,Org,tp,
qwen3_14b,participants,lusa_50,cls_exp_temp0.3_nodelim_norole_nocot,Vila Verde,N/A,Pl_civil,tp,
qwen3_14b,participants,lusa_50,cls_exp_temp0.3_nodelim_norole_nocot,Viana do Castelo,Loc,Pl_civil,tp,
qwen3_14b,participants,lusa_50,cls_exp_temp0.3_nodelim_norole_nocot,four suspects,N/A,,fp,
qwen3_14b,participants,lusa_50,cls_exp_temp0.3_nodelim_norole_nocot,the district of Braga,N/A,,fp,
qwen3_14b,participants,lusa_50,cls_exp_temp0.3_nodelim_norole_nocot,GNR,N/A,,fp,
qwen3_14b,participants,lusa_50,cls_exp_temp0.3_nodelim_norole_nocot,the district,Loc,,fp,
qwen3_14b,participants,lusa_50,cls_exp_temp0.3_nodelim_norole_nocot,They,N/A,,fp,
qwen3_14b,participants,lusa_50,cls_exp_temp0.3_nodelim_norole_nocot,The suspects,Per,,fp,
qwen3_14b,participants,lusa_50,cls_exp_temp0.3_nodelim_norole_nocot,Viana do Castelo command,N/A,,fp,
qwen3_14b,participants,lusa_50,cls_exp_temp0.3_nodelim_norole_nocot,Braga,N/A,,fp,
qwen3_14b,participants,lusa_50,cls_exp_temp0.3_nodelim_norole_nocot,a GPS device,,Obj,fn,
qwen3_14b,participants,lusa_50,cls_exp_temp0.3_nodelim_norole_nocot,cocaine for 17,,Obj,fn,
qwen3_14b,participants,lusa_50,cls_exp_temp0.3_nodelim_norole_nocot,a camera,,Obj,fn,
qwen3_14b,participants,lusa_50,cls_exp_temp0.3_nodelim_norole_nocot,all,,Pl_civil,fn,
qwen3_14b,participants,lusa_50,cls_exp_temp0.3_nodelim_norole_nocot,vehicles,,Obj,fn,
qwen3_14b,participants,lusa_50,cls_exp_temp0.3_nodelim_norole_nocot,six cell phones,,Obj,fn,
qwen3_14b,participants,lusa_50,cls_exp_temp0.3_nodelim_norole_nocot,district of Braga,,Pl_civil,fn,
qwen3_14b,participants,lusa_50,cls_exp_temp0.3_nodelim_norole_nocot,the Viana do Castelo command,,Org,fn,
qwen3_14b,participants,lusa_50,cls_exp_temp0.3_nodelim_norole_nocot,"The suspects, aged between 35 and 41",,Per,fn,
qwen3_14b,participants,lusa_50,cls_exp_temp0.3_nodelim_norole_nocot,hashish for eight,,Obj,fn,
qwen3_14b,participants,lusa_50,cls_exp_temp0.3_nodelim_norole_nocot,establishments,,Org,fn,
qwen3_14b,participants,lusa_50,cls_exp_temp0.3_nodelim_norole_nocot,heroin for 56 doses,,Obj,fn,
qwen3_14b,participants,lusa_50,cls_exp_temp0.3_nodelim_norole_nocot,inside,,Loc,fn,
qwen3_14b,participants,lusa_50,cls_exp_temp0.3_nodelim_norole_nocot,the district of Viana do Castelo,,Pl_civil,fn,
qwen3_14b,participants,lusa_50,cls_exp_temp0.3_nodelim_norole_nocot,drug,,Obj,fn,
qwen3_14b,participants,lusa_50,cls_exp_temp0.3_nodelim_norole_nocot,two computers,,Obj,fn,
qwen3_14b,participants,lusa_50,cls_exp_temp0.3_nodelim_norole_nocot,"in Alto Minho, announced the Viana do Castelo command",,Org,fn,
qwen3_14b,participants,lusa_50,cls_exp_temp0.3_nodelim_norole_nocot,residences,,Loc,fn,
qwen3_14b,participants,lusa_51,cls_exp_temp0.3_nodelim_norole_nocot,The Territorial Command of GNR da Guarda,N/A,Org,tp,
qwen3_14b,participants,lusa_51,cls_exp_temp0.3_nodelim_norole_nocot,The animals,N/A,Nat,tp,
qwen3_14b,participants,lusa_51,cls_exp_temp0.3_nodelim_norole_nocot,The GNR,N/A,Org,tp,
qwen3_14b,participants,lusa_51,cls_exp_temp0.3_nodelim_norole_nocot,Seia,N/A,Pl_civil,tp,
qwen3_14b,participants,lusa_51,cls_exp_temp0.3_nodelim_norole_nocot,the owner,N/A,Per,tp,
qwen3_14b,participants,lusa_51,cls_exp_temp0.3_nodelim_norole_nocot,NICCOA,N/A,Org,tp,
qwen3_14b,participants,lusa_51,cls_exp_temp0.3_nodelim_norole_nocot,dogs,N/A,Nat,tp,
qwen3_14b,participants,lusa_51,cls_exp_temp0.3_nodelim_norole_nocot,Gouveia,N/A,Pl_civil,tp,
qwen3_14b,participants,lusa_51,cls_exp_temp0.3_nodelim_norole_nocot,the military,N/A,Per,tp,
qwen3_14b,participants,lusa_51,cls_exp_temp0.3_nodelim_norole_nocot,pet animals,N/A,Nat,tp,
qwen3_14b,participants,lusa_51,cls_exp_temp0.3_nodelim_norole_nocot,25 dogs,N/A,Nat,tp,
qwen3_14b,participants,lusa_51,cls_exp_temp0.3_nodelim_norole_nocot,NPA,N/A,Org,tp,
qwen3_14b,participants,lusa_51,cls_exp_temp0.3_nodelim_norole_nocot,the man,N/A,,fp,
qwen3_14b,participants,lusa_51,cls_exp_temp0.3_nodelim_norole_nocot,care for the animals,N/A,,fp,
qwen3_14b,participants,lusa_51,cls_exp_temp0.3_nodelim_norole_nocot,GNR,N/A,,fp,
qwen3_14b,participants,lusa_51,cls_exp_temp0.3_nodelim_norole_nocot,GNR da Guarda,N/A,,fp,
qwen3_14b,participants,lusa_51,cls_exp_temp0.3_nodelim_norole_nocot,home search warrant,N/A,,fp,
qwen3_14b,participants,lusa_51,cls_exp_temp0.3_nodelim_norole_nocot,Seia Municipal Veterinarian,N/A,,fp,
qwen3_14b,participants,lusa_51,cls_exp_temp0.3_nodelim_norole_nocot,the Seia Judicial Court,N/A,,fp,
qwen3_14b,participants,lusa_51,cls_exp_temp0.3_nodelim_norole_nocot,Environmental Protection Center (NPA) of Gouveia,N/A,,fp,
qwen3_14b,participants,lusa_51,cls_exp_temp0.3_nodelim_norole_nocot,investigation into mistreatment of pet animals,N/A,,fp,
qwen3_14b,participants,lusa_51,cls_exp_temp0.3_nodelim_norole_nocot,district of Guarda,N/A,,fp,
qwen3_14b,participants,lusa_51,cls_exp_temp0.3_nodelim_norole_nocot,a 58-year-old man,N/A,,fp,
qwen3_14b,participants,lusa_51,cls_exp_temp0.3_nodelim_norole_nocot,scenario of overpopulation of dogs,N/A,,fp,
qwen3_14b,participants,lusa_51,cls_exp_temp0.3_nodelim_norole_nocot,municipality of Seia,N/A,,fp,
qwen3_14b,participants,lusa_51,cls_exp_temp0.3_nodelim_norole_nocot,hygienic conditions,N/A,,fp,
qwen3_14b,participants,lusa_51,cls_exp_temp0.3_nodelim_norole_nocot,Environmental Crimes and Administrative Offenses Investigation Center (NICCOA),N/A,,fp,
qwen3_14b,participants,lusa_51,cls_exp_temp0.3_nodelim_norole_nocot,home,Loc,,fp,
qwen3_14b,participants,lusa_51,cls_exp_temp0.3_nodelim_norole_nocot,came,,Per,fn,
qwen3_14b,participants,lusa_51,cls_exp_temp0.3_nodelim_norole_nocot,a scenario,,Other,fn,
qwen3_14b,participants,lusa_51,cls_exp_temp0.3_nodelim_norole_nocot,Guarda,,Pl_civil,fn,
qwen3_14b,participants,lusa_51,cls_exp_temp0.3_nodelim_norole_nocot,"the Seia Municipal Veterinarian, who",,Org,fn,
qwen3_14b,participants,lusa_51,cls_exp_temp0.3_nodelim_norole_nocot,the Environmental Protection Center,,Org,fn,
qwen3_14b,participants,lusa_51,cls_exp_temp0.3_nodelim_norole_nocot,Municipal Veterinarian,,Org,fn,
qwen3_14b,participants,lusa_51,cls_exp_temp0.3_nodelim_norole_nocot,Judicial Court,,Org,fn,
qwen3_14b,participants,lusa_51,cls_exp_temp0.3_nodelim_norole_nocot,the Seia Judicial Court.,,Org,fn,
qwen3_14b,participants,lusa_51,cls_exp_temp0.3_nodelim_norole_nocot,welcomed,,Fac,fn,
qwen3_14b,participants,lusa_51,cls_exp_temp0.3_nodelim_norole_nocot,statement,,Obj,fn,
qwen3_14b,participants,lusa_51,cls_exp_temp0.3_nodelim_norole_nocot,the animals,,Nat,fn,
qwen3_14b,participants,lusa_51,cls_exp_temp0.3_nodelim_norole_nocot,all,,Nat,fn,
qwen3_14b,participants,lusa_51,cls_exp_temp0.3_nodelim_norole_nocot,animals,,Nat,fn,
qwen3_14b,participants,lusa_51,cls_exp_temp0.3_nodelim_norole_nocot,the GNR,,Org,fn,
qwen3_14b,participants,lusa_51,cls_exp_temp0.3_nodelim_norole_nocot,The source,,Org,fn,
qwen3_14b,participants,lusa_51,cls_exp_temp0.3_nodelim_norole_nocot,the,,Org,fn,
qwen3_14b,participants,lusa_51,cls_exp_temp0.3_nodelim_norole_nocot,to ,,Per,fn,
qwen3_14b,participants,lusa_51,cls_exp_temp0.3_nodelim_norole_nocot,the district of Guarda,,Pl_civil,fn,
qwen3_14b,participants,lusa_51,cls_exp_temp0.3_nodelim_norole_nocot,the Environmental Crimes and Administrative Offenses Investigation,,Org,fn,
qwen3_14b,participants,lusa_51,cls_exp_temp0.3_nodelim_norole_nocot,where,,Other,fn,
qwen3_14b,participants,lusa_51,cls_exp_temp0.3_nodelim_norole_nocot,the municipality of Seia,,Pl_civil,fn,
qwen3_14b,participants,lusa_51,cls_exp_temp0.3_nodelim_norole_nocot,The Territorial Command,,Org,fn,
qwen3_14b,participants,lusa_51,cls_exp_temp0.3_nodelim_norole_nocot,a 58-year-old,,Per,fn,
qwen3_14b,participants,lusa_51,cls_exp_temp0.3_nodelim_norole_nocot,inside,,Loc,fn,
qwen3_14b,participants,lusa_51,cls_exp_temp0.3_nodelim_norole_nocot,the note,,Obj,fn,
qwen3_14b,participants,lusa_51,cls_exp_temp0.3_nodelim_norole_nocot,which,,Org,fn,
qwen3_14b,participants,lusa_51,cls_exp_temp0.3_nodelim_norole_nocot,The man,,Per,fn,
qwen3_14b,participants,lusa_52,cls_exp_temp0.3_nodelim_norole_nocot,parliament,N/A,Loc,tp,
qwen3_14b,participants,lusa_52,cls_exp_temp0.3_nodelim_norole_nocot,the ministers,Per,Per,tp,
qwen3_14b,participants,lusa_52,cls_exp_temp0.3_nodelim_norole_nocot,the president of the Assembly of the Republic,N/A,Per,tp,
qwen3_14b,participants,lusa_52,cls_exp_temp0.3_nodelim_norole_nocot,António Costa,Per,Per,tp,
qwen3_14b,participants,lusa_52,cls_exp_temp0.3_nodelim_norole_nocot,Ferro Rodrigues,N/A,Per,tp,
qwen3_14b,participants,lusa_52,cls_exp_temp0.3_nodelim_norole_nocot,the head of Finance,N/A,Per,tp,
qwen3_14b,participants,lusa_52,cls_exp_temp0.3_nodelim_norole_nocot,Government members,N/A,,fp,
qwen3_14b,participants,lusa_52,cls_exp_temp0.3_nodelim_norole_nocot,João Pedro Matos Fernandes,Per,,fp,
qwen3_14b,participants,lusa_52,cls_exp_temp0.3_nodelim_norole_nocot,the Government,N/A,,fp,
qwen3_14b,participants,lusa_52,cls_exp_temp0.3_nodelim_norole_nocot,OE2021,N/A,,fp,
qwen3_14b,participants,lusa_52,cls_exp_temp0.3_nodelim_norole_nocot,the room,N/A,,fp,
qwen3_14b,participants,lusa_52,cls_exp_temp0.3_nodelim_norole_nocot,the State Budget for 2021,N/A,,fp,
qwen3_14b,participants,lusa_52,cls_exp_temp0.3_nodelim_norole_nocot,the members of the executive,N/A,,fp,
qwen3_14b,participants,lusa_52,cls_exp_temp0.3_nodelim_norole_nocot,Prime Minister,N/A,,fp,
qwen3_14b,participants,lusa_52,cls_exp_temp0.3_nodelim_norole_nocot,The second day of debate,N/A,,fp,
qwen3_14b,participants,lusa_52,cls_exp_temp0.3_nodelim_norole_nocot,the Assembly of the Republic,N/A,,fp,
qwen3_14b,participants,lusa_52,cls_exp_temp0.3_nodelim_norole_nocot,Deputies,N/A,,fp,
qwen3_14b,participants,lusa_52,cls_exp_temp0.3_nodelim_norole_nocot,Labor,N/A,,fp,
qwen3_14b,participants,lusa_52,cls_exp_temp0.3_nodelim_norole_nocot,hemicycle,N/A,,fp,
qwen3_14b,participants,lusa_52,cls_exp_temp0.3_nodelim_norole_nocot,deputies,N/A,,fp,
qwen3_14b,participants,lusa_52,cls_exp_temp0.3_nodelim_norole_nocot,Environment,N/A,,fp,
qwen3_14b,participants,lusa_52,cls_exp_temp0.3_nodelim_norole_nocot,Ana Gomes Godinho,Per,,fp,
qwen3_14b,participants,lusa_52,cls_exp_temp0.3_nodelim_norole_nocot,room,,Loc,fn,
qwen3_14b,participants,lusa_52,cls_exp_temp0.3_nodelim_norole_nocot,members,,Per,fn,
qwen3_14b,participants,lusa_52,cls_exp_temp0.3_nodelim_norole_nocot,bench,,Loc,fn,
qwen3_14b,participants,lusa_52,cls_exp_temp0.3_nodelim_norole_nocot,executive,,Per,fn,
qwen3_14b,participants,lusa_52,cls_exp_temp0.3_nodelim_norole_nocot,Government,,Org,fn,
qwen3_14b,participants,lusa_52,cls_exp_temp0.3_nodelim_norole_nocot,the chairs,,Obj,fn,
qwen3_14b,participants,lusa_52,cls_exp_temp0.3_nodelim_norole_nocot,the deputies,,Per,fn,
qwen3_14b,participants,lusa_52,cls_exp_temp0.3_nodelim_norole_nocot,"João Pedro Matos Fernandes, Environment",,Per,fn,
qwen3_14b,participants,lusa_52,cls_exp_temp0.3_nodelim_norole_nocot,State Budget for 2021,,Other,fn,
qwen3_14b,participants,lusa_52,cls_exp_temp0.3_nodelim_norole_nocot,the members,,Per,fn,
qwen3_14b,participants,lusa_52,cls_exp_temp0.3_nodelim_norole_nocot,"Ana Gomes Godinho, Labor",,Per,fn,
qwen3_14b,participants,lusa_52,cls_exp_temp0.3_nodelim_norole_nocot,the Prime Minister,,Per,fn,
qwen3_14b,participants,lusa_53,cls_exp_temp0.3_nodelim_norole_nocot,Air France-KLM,Org,Org,tp,
qwen3_14b,participants,lusa_53,cls_exp_temp0.3_nodelim_norole_nocot,The Dutch government,Org,Org,tp,
qwen3_14b,participants,lusa_53,cls_exp_temp0.3_nodelim_norole_nocot,the government,N/A,Org,tp,
qwen3_14b,participants,lusa_53,cls_exp_temp0.3_nodelim_norole_nocot,the union,N/A,Org,tp,
qwen3_14b,participants,lusa_53,cls_exp_temp0.3_nodelim_norole_nocot,KLM,Org,Org,tp,
qwen3_14b,participants,lusa_53,cls_exp_temp0.3_nodelim_norole_nocot,Dutch government,N/A,,fp,
qwen3_14b,participants,lusa_53,cls_exp_temp0.3_nodelim_norole_nocot,Finance Minister Wopke Hoekstra,Per,,fp,
qwen3_14b,participants,lusa_53,cls_exp_temp0.3_nodelim_norole_nocot,country's media,N/A,,fp,
qwen3_14b,participants,lusa_53,cls_exp_temp0.3_nodelim_norole_nocot,Dutch branch of Air France-KLM,Org,,fp,
qwen3_14b,participants,lusa_53,cls_exp_temp0.3_nodelim_norole_nocot,pilots,Per,,fp,
qwen3_14b,participants,lusa_53,cls_exp_temp0.3_nodelim_norole_nocot,VNV pilots' union,Org,,fp,
qwen3_14b,participants,lusa_53,cls_exp_temp0.3_nodelim_norole_nocot,France-Presse (AFP),N/A,,fp,
qwen3_14b,participants,lusa_53,cls_exp_temp0.3_nodelim_norole_nocot,15%,,Other,fn,
qwen3_14b,participants,lusa_53,cls_exp_temp0.3_nodelim_norole_nocot,3.4 billion euros,,Obj,fn,
qwen3_14b,participants,lusa_53,cls_exp_temp0.3_nodelim_norole_nocot,five thousand,,Other,fn,
qwen3_14b,participants,lusa_53,cls_exp_temp0.3_nodelim_norole_nocot,to news agency France-Presse (AFP),,Org,fn,
qwen3_14b,participants,lusa_53,cls_exp_temp0.3_nodelim_norole_nocot,after pilots,,Per,fn,
qwen3_14b,participants,lusa_53,cls_exp_temp0.3_nodelim_norole_nocot,KLM meanwhile announced that the,,Org,fn,
qwen3_14b,participants,lusa_53,cls_exp_temp0.3_nodelim_norole_nocot,Finance Minister ,,Per,fn,
qwen3_14b,participants,lusa_53,cls_exp_temp0.3_nodelim_norole_nocot,363 million,,Obj,fn,
qwen3_14b,participants,lusa_53,cls_exp_temp0.3_nodelim_norole_nocot,expenses,,Other,fn,
qwen3_14b,participants,lusa_53,cls_exp_temp0.3_nodelim_norole_nocot,several billion euros,,Obj,fn,
qwen3_14b,participants,lusa_53,cls_exp_temp0.3_nodelim_norole_nocot,the air carrier KLM,,Org,fn,
qwen3_14b,participants,lusa_53,cls_exp_temp0.3_nodelim_norole_nocot,the Dutch branch,,Org,fn,
qwen3_14b,participants,lusa_53,cls_exp_temp0.3_nodelim_norole_nocot,' union,,Org,fn,
qwen3_14b,participants,lusa_53,cls_exp_temp0.3_nodelim_norole_nocot,Wopke Hoekstra,,Per,fn,
qwen3_14b,participants,lusa_53,cls_exp_temp0.3_nodelim_norole_nocot,20%,,Other,fn,
qwen3_14b,participants,lusa_53,cls_exp_temp0.3_nodelim_norole_nocot,three thousand pilots,,Per,fn,
qwen3_14b,participants,lusa_53,cls_exp_temp0.3_nodelim_norole_nocot,the VNV pilots,,Per,fn,
qwen3_14b,participants,lusa_53,cls_exp_temp0.3_nodelim_norole_nocot,the country's media,,Org,fn,
qwen3_14b,participants,lusa_53,cls_exp_temp0.3_nodelim_norole_nocot,salary,,Other,fn,
qwen3_14b,participants,lusa_53,cls_exp_temp0.3_nodelim_norole_nocot,the country,,Loc,fn,
qwen3_14b,participants,lusa_53,cls_exp_temp0.3_nodelim_norole_nocot,1.6 billion euros,,Obj,fn,
qwen3_14b,participants,lusa_54,cls_exp_temp0.3_nodelim_norole_nocot,the same social network,N/A,Obj,tp,
qwen3_14b,participants,lusa_54,cls_exp_temp0.3_nodelim_norole_nocot,Two people,N/A,Per,tp,
qwen3_14b,participants,lusa_54,cls_exp_temp0.3_nodelim_norole_nocot,Trier,N/A,Pl_civil,tp,
qwen3_14b,participants,lusa_54,cls_exp_temp0.3_nodelim_norole_nocot,the Trier police,N/A,Org,tp,
qwen3_14b,participants,lusa_54,cls_exp_temp0.3_nodelim_norole_nocot,the people,N/A,Per,tp,
qwen3_14b,participants,lusa_54,cls_exp_temp0.3_nodelim_norole_nocot,Germany,N/A,Pl_country,tp,
qwen3_14b,participants,lusa_54,cls_exp_temp0.3_nodelim_norole_nocot,the vehicle,N/A,Obj,tp,
qwen3_14b,participants,lusa_54,cls_exp_temp0.3_nodelim_norole_nocot,people,N/A,Per,tp,
qwen3_14b,participants,lusa_54,cls_exp_temp0.3_nodelim_norole_nocot,The driver,N/A,Per,tp,
qwen3_14b,participants,lusa_54,cls_exp_temp0.3_nodelim_norole_nocot,a message,N/A,Other,tp,
qwen3_14b,participants,lusa_54,cls_exp_temp0.3_nodelim_norole_nocot,southwestern Germany,N/A,,fp,
qwen3_14b,participants,lusa_54,cls_exp_temp0.3_nodelim_norole_nocot,Portuguese government,N/A,,fp,
qwen3_14b,participants,lusa_54,cls_exp_temp0.3_nodelim_norole_nocot,local police,N/A,,fp,
qwen3_14b,participants,lusa_54,cls_exp_temp0.3_nodelim_norole_nocot,pedestrian zone,N/A,,fp,
qwen3_14b,participants,lusa_54,cls_exp_temp0.3_nodelim_norole_nocot,rescue teams,N/A,,fp,
qwen3_14b,participants,lusa_54,cls_exp_temp0.3_nodelim_norole_nocot,families of victims,N/A,,fp,
qwen3_14b,participants,lusa_54,cls_exp_temp0.3_nodelim_norole_nocot,city center,N/A,,fp,
qwen3_14b,participants,lusa_54,cls_exp_temp0.3_nodelim_norole_nocot,Police,N/A,,fp,
qwen3_14b,participants,lusa_54,cls_exp_temp0.3_nodelim_norole_nocot,vehicle,N/A,,fp,
qwen3_14b,participants,lusa_54,cls_exp_temp0.3_nodelim_norole_nocot,authorities of Germany,N/A,,fp,
qwen3_14b,participants,lusa_54,cls_exp_temp0.3_nodelim_norole_nocot,the same publication,N/A,,fp,
qwen3_14b,participants,lusa_54,cls_exp_temp0.3_nodelim_norole_nocot,the injured people,N/A,,fp,
qwen3_14b,participants,lusa_54,cls_exp_temp0.3_nodelim_norole_nocot,west,,Pl_region,fn,
qwen3_14b,participants,lusa_54,cls_exp_temp0.3_nodelim_norole_nocot,with Luxembourg,,Pl_country,fn,
qwen3_14b,participants,lusa_54,cls_exp_temp0.3_nodelim_norole_nocot,several,,Per,fn,
qwen3_14b,participants,lusa_54,cls_exp_temp0.3_nodelim_norole_nocot,that German city,,Pl_civil,fn,
qwen3_14b,participants,lusa_54,cls_exp_temp0.3_nodelim_norole_nocot,the injured,,Per,fn,
qwen3_14b,participants,lusa_54,cls_exp_temp0.3_nodelim_norole_nocot,the city of Trier,,Pl_civil,fn,
qwen3_14b,participants,lusa_54,cls_exp_temp0.3_nodelim_norole_nocot,Twitter,,Org,fn,
qwen3_14b,participants,lusa_54,cls_exp_temp0.3_nodelim_norole_nocot,Frankfurt,,Pl_civil,fn,
qwen3_14b,participants,lusa_54,cls_exp_temp0.3_nodelim_norole_nocot,authorities,,Org,fn,
qwen3_14b,participants,lusa_54,cls_exp_temp0.3_nodelim_norole_nocot,to local police,,Org,fn,
qwen3_14b,participants,lusa_54,cls_exp_temp0.3_nodelim_norole_nocot,the Ministry of Foreign Affairs,,Org,fn,
qwen3_14b,participants,lusa_54,cls_exp_temp0.3_nodelim_norole_nocot,German people and authorities,,Org,fn,
qwen3_14b,participants,lusa_54,cls_exp_temp0.3_nodelim_norole_nocot,the border,,Loc,fn,
qwen3_14b,participants,lusa_54,cls_exp_temp0.3_nodelim_norole_nocot,Police ,,Org,fn,
qwen3_14b,participants,lusa_54,cls_exp_temp0.3_nodelim_norole_nocot,the German people,,Per,fn,
qwen3_14b,participants,lusa_54,cls_exp_temp0.3_nodelim_norole_nocot,the border with Luxembourg,,Loc,fn,
qwen3_14b,participants,lusa_54,cls_exp_temp0.3_nodelim_norole_nocot,west of Frankfurt,,Pl_region,fn,
qwen3_14b,participants,lusa_54,cls_exp_temp0.3_nodelim_norole_nocot,a pedestrian zone,,Loc,fn,
qwen3_14b,participants,lusa_54,cls_exp_temp0.3_nodelim_norole_nocot,the Portuguese Government,,Org,fn,
qwen3_14b,participants,lusa_54,cls_exp_temp0.3_nodelim_norole_nocot,more details about the incident,,Other,fn,
qwen3_14b,participants,lusa_54,cls_exp_temp0.3_nodelim_norole_nocot,southwestern,,Pl_civil,fn,
qwen3_14b,participants,lusa_54,cls_exp_temp0.3_nodelim_norole_nocot,the city,,Pl_civil,fn,
qwen3_14b,participants,lusa_54,cls_exp_temp0.3_nodelim_norole_nocot,The Portuguese Government,,Org,fn,
qwen3_14b,participants,lusa_54,cls_exp_temp0.3_nodelim_norole_nocot,the German,,Loc,fn,
qwen3_14b,participants,lusa_54,cls_exp_temp0.3_nodelim_norole_nocot,the families,,Per,fn,
qwen3_14b,participants,lusa_54,cls_exp_temp0.3_nodelim_norole_nocot,and rescue teams asked people to avoid,,Org,fn,
qwen3_14b,participants,lusa_54,cls_exp_temp0.3_nodelim_norole_nocot,its,,Org,fn,
qwen3_14b,participants,lusa_54,cls_exp_temp0.3_nodelim_norole_nocot,the city center,,Pl_civil,fn,
qwen3_14b,participants,lusa_54,cls_exp_temp0.3_nodelim_norole_nocot,the official Twitter page of the Ministry of Foreign Affairs,,Obj,fn,
qwen3_14b,participants,lusa_54,cls_exp_temp0.3_nodelim_norole_nocot,the official,,Other,fn,
qwen3_14b,participants,lusa_54,cls_exp_temp0.3_nodelim_norole_nocot,a vehicle,,Obj,fn,
qwen3_14b,participants,lusa_54,cls_exp_temp0.3_nodelim_norole_nocot,the victims,,Per,fn,
qwen3_14b,participants,lusa_55,cls_exp_temp0.3_nodelim_norole_nocot,unprecedented rains,N/A,Nat,tp,
qwen3_14b,participants,lusa_55,cls_exp_temp0.3_nodelim_norole_nocot,More than 9.6 million people,Per,Per,tp,
qwen3_14b,participants,lusa_55,cls_exp_temp0.3_nodelim_norole_nocot,a wall,N/A,Other,tp,
qwen3_14b,participants,lusa_55,cls_exp_temp0.3_nodelim_norole_nocot,Around 550 people,N/A,Per,tp,
qwen3_14b,participants,lusa_55,cls_exp_temp0.3_nodelim_norole_nocot,millions,N/A,Per,tp,
qwen3_14b,participants,lusa_55,cls_exp_temp0.3_nodelim_norole_nocot,Nepal,N/A,Pl_country,tp,
qwen3_14b,participants,lusa_55,cls_exp_temp0.3_nodelim_norole_nocot,people,Per,Per,tp,
qwen3_14b,participants,lusa_55,cls_exp_temp0.3_nodelim_norole_nocot,low-lying areas,Loc,Pl_region,tp,
qwen3_14b,participants,lusa_55,cls_exp_temp0.3_nodelim_norole_nocot,boats,Obj,Obj,tp,
qwen3_14b,participants,lusa_55,cls_exp_temp0.3_nodelim_norole_nocot,authorities,Org,Org,tp,
qwen3_14b,participants,lusa_55,cls_exp_temp0.3_nodelim_norole_nocot,Hyderabad,Loc,Pl_civil,tp,
qwen3_14b,participants,lusa_55,cls_exp_temp0.3_nodelim_norole_nocot,India,N/A,Pl_country,tp,
qwen3_14b,participants,lusa_55,cls_exp_temp0.3_nodelim_norole_nocot,Heavy rain,N/A,Nat,tp,
qwen3_14b,participants,lusa_55,cls_exp_temp0.3_nodelim_norole_nocot,a neighboring house,N/A,Fac,tp,
qwen3_14b,participants,lusa_55,cls_exp_temp0.3_nodelim_norole_nocot,four other people,N/A,Per,tp,
qwen3_14b,participants,lusa_55,cls_exp_temp0.3_nodelim_norole_nocot,A house,N/A,Fac,tp,
qwen3_14b,participants,lusa_55,cls_exp_temp0.3_nodelim_norole_nocot,Bangladesh,N/A,Pl_country,tp,
qwen3_14b,participants,lusa_55,cls_exp_temp0.3_nodelim_norole_nocot,local police,N/A,,fp,
qwen3_14b,participants,lusa_55,cls_exp_temp0.3_nodelim_norole_nocot,city,Loc,,fp,
qwen3_14b,participants,lusa_55,cls_exp_temp0.3_nodelim_norole_nocot,eight people,N/A,,fp,
qwen3_14b,participants,lusa_55,cls_exp_temp0.3_nodelim_norole_nocot,severe flooding,N/A,,fp,
qwen3_14b,participants,lusa_55,cls_exp_temp0.3_nodelim_norole_nocot,South Asia,Loc,,fp,
qwen3_14b,participants,lusa_55,cls_exp_temp0.3_nodelim_norole_nocot,their homes,Loc,,fp,
qwen3_14b,participants,lusa_55,cls_exp_temp0.3_nodelim_norole_nocot,record,Obj,,fp,
qwen3_14b,participants,lusa_55,cls_exp_temp0.3_nodelim_norole_nocot,June,N/A,,fp,
qwen3_14b,participants,lusa_55,cls_exp_temp0.3_nodelim_norole_nocot,floods,N/A,,fp,
qwen3_14b,participants,lusa_55,cls_exp_temp0.3_nodelim_norole_nocot,the dead,N/A,,fp,
qwen3_14b,participants,lusa_55,cls_exp_temp0.3_nodelim_norole_nocot,southern Indian city,N/A,,fp,
qwen3_14b,participants,lusa_55,cls_exp_temp0.3_nodelim_norole_nocot,Asia,,Pl_region,fn,
qwen3_14b,participants,lusa_55,cls_exp_temp0.3_nodelim_norole_nocot,city of Hyderabad,,Pl_civil,fn,
qwen3_14b,participants,lusa_55,cls_exp_temp0.3_nodelim_norole_nocot,the city,,Pl_civil,fn,
qwen3_14b,participants,lusa_55,cls_exp_temp0.3_nodelim_norole_nocot,across South,,Pl_region,fn,
qwen3_14b,participants,lusa_55,cls_exp_temp0.3_nodelim_norole_nocot,at least eight people,,Per,fn,
qwen3_14b,participants,lusa_55,cls_exp_temp0.3_nodelim_norole_nocot,millions ,,Per,fn,
qwen3_14b,participants,lusa_55,cls_exp_temp0.3_nodelim_norole_nocot,where,,Pl_civil,fn,
qwen3_14b,participants,lusa_55,cls_exp_temp0.3_nodelim_norole_nocot,which,,Fac,fn,
qwen3_14b,participants,lusa_55,cls_exp_temp0.3_nodelim_norole_nocot,", local police",,Org,fn,
qwen3_14b,participants,lusa_55,cls_exp_temp0.3_nodelim_norole_nocot,homes,,Other,fn,
qwen3_14b,participants,lusa_55,cls_exp_temp0.3_nodelim_norole_nocot,a record,,Other,fn,
qwen3_14b,participants,lusa_55,cls_exp_temp0.3_nodelim_norole_nocot,dead,,Per,fn,
qwen3_14b,participants,lusa_55,cls_exp_temp0.3_nodelim_norole_nocot,the southern,,Pl_region,fn,
qwen3_14b,participants,lusa_55,cls_exp_temp0.3_nodelim_norole_nocot,southern Indian,,Pl_country,fn,
qwen3_14b,participants,lusa_56,cls_exp_temp0.3_nodelim_norole_nocot,AFP,Org,Org,tp,
qwen3_14b,participants,lusa_56,cls_exp_temp0.3_nodelim_norole_nocot,Soumaila Cissé,N/A,Per,tp,
qwen3_14b,participants,lusa_56,cls_exp_temp0.3_nodelim_norole_nocot,Agence France-Presse (AFP),N/A,Org,tp,
qwen3_14b,participants,lusa_56,cls_exp_temp0.3_nodelim_norole_nocot,jihadists,N/A,Per,tp,
qwen3_14b,participants,lusa_56,cls_exp_temp0.3_nodelim_norole_nocot,Covid-19,N/A,Nat,tp,
qwen3_14b,participants,lusa_56,cls_exp_temp0.3_nodelim_norole_nocot,200 released detainees,Per,Per,tp,
qwen3_14b,participants,lusa_56,cls_exp_temp0.3_nodelim_norole_nocot,two Italians,Per,Per,tp,
qwen3_14b,participants,lusa_56,cls_exp_temp0.3_nodelim_norole_nocot,He,Per,Per,tp,
qwen3_14b,participants,lusa_56,cls_exp_temp0.3_nodelim_norole_nocot,France,N/A,Loc,tp,
qwen3_14b,participants,lusa_56,cls_exp_temp0.3_nodelim_norole_nocot,a family member,N/A,Per,tp,
qwen3_14b,participants,lusa_56,cls_exp_temp0.3_nodelim_norole_nocot,Frenchwoman Sophie Pétronin,Per,Per,tp,
qwen3_14b,participants,lusa_56,cls_exp_temp0.3_nodelim_norole_nocot,his party,Org,,fp,
qwen3_14b,participants,lusa_56,cls_exp_temp0.3_nodelim_norole_nocot,Tumbuktu region,Loc,,fp,
qwen3_14b,participants,lusa_56,cls_exp_temp0.3_nodelim_norole_nocot,Mali's opposition,N/A,,fp,
qwen3_14b,participants,lusa_56,cls_exp_temp0.3_nodelim_norole_nocot,his family,Per,,fp,
qwen3_14b,participants,lusa_56,cls_exp_temp0.3_nodelim_norole_nocot,member of the Union for the Republic and Democracy (URD),Per,,fp,
qwen3_14b,participants,lusa_56,cls_exp_temp0.3_nodelim_norole_nocot,the new coronavirus,N/A,,fp,
qwen3_14b,participants,lusa_56,cls_exp_temp0.3_nodelim_norole_nocot,I,N/A,,fp,
qwen3_14b,participants,lusa_56,cls_exp_temp0.3_nodelim_norole_nocot,the Government of Mali,Org,,fp,
qwen3_14b,participants,lusa_56,cls_exp_temp0.3_nodelim_norole_nocot,Opponent of the Government of Mali,N/A,,fp,
qwen3_14b,participants,lusa_56,cls_exp_temp0.3_nodelim_norole_nocot,he,N/A,,fp,
qwen3_14b,participants,lusa_56,cls_exp_temp0.3_nodelim_norole_nocot,His wife,Per,,fp,
qwen3_14b,participants,lusa_56,cls_exp_temp0.3_nodelim_norole_nocot,The main opponent of the Government of Mali,N/A,,fp,
qwen3_14b,participants,lusa_56,cls_exp_temp0.3_nodelim_norole_nocot,Northwest,Loc,,fp,
qwen3_14b,participants,lusa_56,cls_exp_temp0.3_nodelim_norole_nocot,family,,Per,fn,
qwen3_14b,participants,lusa_56,cls_exp_temp0.3_nodelim_norole_nocot,his,,Per,fn,
qwen3_14b,participants,lusa_56,cls_exp_temp0.3_nodelim_norole_nocot,"the new coronavirus, his",,Per,fn,
qwen3_14b,participants,lusa_56,cls_exp_temp0.3_nodelim_norole_nocot,Mali,,Pl_civil,fn,
qwen3_14b,participants,lusa_56,cls_exp_temp0.3_nodelim_norole_nocot,wife,,Per,fn,
qwen3_14b,participants,lusa_56,cls_exp_temp0.3_nodelim_norole_nocot,a member,,Per,fn,
qwen3_14b,participants,lusa_56,cls_exp_temp0.3_nodelim_norole_nocot,the Union for the Republic and Democracy (URD),,Org,fn,
qwen3_14b,participants,lusa_56,cls_exp_temp0.3_nodelim_norole_nocot,His,,Per,fn,
qwen3_14b,participants,lusa_56,cls_exp_temp0.3_nodelim_norole_nocot,who,,Per,fn,
qwen3_14b,participants,lusa_56,cls_exp_temp0.3_nodelim_norole_nocot,The main opponent of the Government,,Per,fn,
qwen3_14b,participants,lusa_56,cls_exp_temp0.3_nodelim_norole_nocot,leader of Mali's opposition,,Per,fn,
qwen3_14b,participants,lusa_56,cls_exp_temp0.3_nodelim_norole_nocot,Malian,,Pl_civil,fn,
qwen3_14b,participants,lusa_56,cls_exp_temp0.3_nodelim_norole_nocot,second,,Other,fn,
qwen3_14b,participants,lusa_56,cls_exp_temp0.3_nodelim_norole_nocot,the Tumbuktu region (Northwest),,Pl_civil,fn,
qwen3_14b,participants,lusa_56,cls_exp_temp0.3_nodelim_norole_nocot,party,,Org,fn,
qwen3_14b,participants,lusa_56,cls_exp_temp0.3_nodelim_norole_nocot,where,,Loc,fn,
qwen3_14b,participants,lusa_56,cls_exp_temp0.3_nodelim_norole_nocot,computer engineer,,Per,fn,
qwen3_14b,participants,lusa_56,cls_exp_temp0.3_nodelim_norole_nocot,me,,Per,fn,
qwen3_14b,participants,lusa_56,cls_exp_temp0.3_nodelim_norole_nocot,opposition figure,,Per,fn,
qwen3_14b,participants,lusa_56,cls_exp_temp0.3_nodelim_norole_nocot,new coronavirus,,Nat,fn,
qwen3_14b,participants,lusa_57,cls_exp_temp0.3_nodelim_norole_nocot,Indonesia,N/A,Pl_country,tp,
qwen3_14b,participants,lusa_57,cls_exp_temp0.3_nodelim_norole_nocot,The radical group,N/A,Per,tp,
qwen3_14b,participants,lusa_57,cls_exp_temp0.3_nodelim_norole_nocot,Jakarta,N/A,Pl_capital,tp,
qwen3_14b,participants,lusa_57,cls_exp_temp0.3_nodelim_norole_nocot,journalists,N/A,Per,tp,
qwen3_14b,participants,lusa_57,cls_exp_temp0.3_nodelim_norole_nocot,The FPI,N/A,Org,tp,
qwen3_14b,participants,lusa_57,cls_exp_temp0.3_nodelim_norole_nocot,The Jakarta government,N/A,Org,tp,
qwen3_14b,participants,lusa_57,cls_exp_temp0.3_nodelim_norole_nocot,Islamic law (Sharia),N/A,Other,tp,
qwen3_14b,participants,lusa_57,cls_exp_temp0.3_nodelim_norole_nocot,the organization,N/A,Org,tp,
qwen3_14b,participants,lusa_57,cls_exp_temp0.3_nodelim_norole_nocot,Government,N/A,Org,tp,
qwen3_14b,participants,lusa_57,cls_exp_temp0.3_nodelim_norole_nocot,symbols,N/A,Other,tp,
qwen3_14b,participants,lusa_57,cls_exp_temp0.3_nodelim_norole_nocot,a Muslim group,Org,Per,tp,
qwen3_14b,participants,lusa_57,cls_exp_temp0.3_nodelim_norole_nocot,Western embassies,Fac,Org,tp,
qwen3_14b,participants,lusa_57,cls_exp_temp0.3_nodelim_norole_nocot,the population,N/A,Per,tp,
qwen3_14b,participants,lusa_57,cls_exp_temp0.3_nodelim_norole_nocot,a country with 230 million Muslims,N/A,,fp,
qwen3_14b,participants,lusa_57,cls_exp_temp0.3_nodelim_norole_nocot,Islamic Defense Front (FPI in Indonesian),N/A,,fp,
qwen3_14b,participants,lusa_57,cls_exp_temp0.3_nodelim_norole_nocot,the Christian governor of Jakarta,N/A,,fp,
qwen3_14b,participants,lusa_57,cls_exp_temp0.3_nodelim_norole_nocot,humanitarian and charitable missions,N/A,,fp,
qwen3_14b,participants,lusa_57,cls_exp_temp0.3_nodelim_norole_nocot,non-Islamic places of worship,Fac,,fp,
qwen3_14b,participants,lusa_57,cls_exp_temp0.3_nodelim_norole_nocot,authorities,N/A,,fp,
qwen3_14b,participants,lusa_57,cls_exp_temp0.3_nodelim_norole_nocot,Jakarta government,N/A,,fp,
qwen3_14b,participants,lusa_57,cls_exp_temp0.3_nodelim_norole_nocot,population,N/A,,fp,
qwen3_14b,participants,lusa_57,cls_exp_temp0.3_nodelim_norole_nocot,Security Minister Mohammad Mahfud,N/A,,fp,
qwen3_14b,participants,lusa_57,cls_exp_temp0.3_nodelim_norole_nocot,Indonesian radical Islamic group,N/A,,fp,
qwen3_14b,participants,lusa_57,cls_exp_temp0.3_nodelim_norole_nocot,Rizieg Shihab,N/A,,fp,
qwen3_14b,participants,lusa_57,cls_exp_temp0.3_nodelim_norole_nocot,FPI,N/A,,fp,
qwen3_14b,participants,lusa_57,cls_exp_temp0.3_nodelim_norole_nocot,Mohammad Mahfud,,Per,fn,
qwen3_14b,participants,lusa_57,cls_exp_temp0.3_nodelim_norole_nocot,The organization,,Org,fn,
qwen3_14b,participants,lusa_57,cls_exp_temp0.3_nodelim_norole_nocot,The organization's leader,,Per,fn,
qwen3_14b,participants,lusa_57,cls_exp_temp0.3_nodelim_norole_nocot,that the Islamic Defense Front (FPI in,,Org,fn,
qwen3_14b,participants,lusa_57,cls_exp_temp0.3_nodelim_norole_nocot,the Christian governor,,Per,fn,
qwen3_14b,participants,lusa_57,cls_exp_temp0.3_nodelim_norole_nocot,country,,Pl_country,fn,
qwen3_14b,participants,lusa_57,cls_exp_temp0.3_nodelim_norole_nocot,the country,,Pl_country,fn,
qwen3_14b,participants,lusa_57,cls_exp_temp0.3_nodelim_norole_nocot,Rizieg Shihab,,Per,fn,
qwen3_14b,participants,lusa_57,cls_exp_temp0.3_nodelim_norole_nocot,230 million Muslims,,Per,fn,
qwen3_14b,participants,lusa_57,cls_exp_temp0.3_nodelim_norole_nocot,non-Islamic places,,Loc,fn,
qwen3_14b,participants,lusa_57,cls_exp_temp0.3_nodelim_norole_nocot,the,,Org,fn,
qwen3_14b,participants,lusa_57,cls_exp_temp0.3_nodelim_norole_nocot,which,,Per,fn,
qwen3_14b,participants,lusa_57,cls_exp_temp0.3_nodelim_norole_nocot,Security Minister,,Per,fn,
qwen3_14b,participants,lusa_57,cls_exp_temp0.3_nodelim_norole_nocot,violate the restriction,,Other,fn,
qwen3_14b,participants,lusa_57,cls_exp_temp0.3_nodelim_norole_nocot,covid-19,,Nat,fn,
qwen3_14b,participants,lusa_57,cls_exp_temp0.3_nodelim_norole_nocot,curb the covid-19,,Nat,fn,
qwen3_14b,participants,lusa_57,cls_exp_temp0.3_nodelim_norole_nocot,over to,,Org,fn,
qwen3_14b,participants,lusa_58,cls_exp_temp0.3_nodelim_norole_nocot,the new Municipal Hospital of Cuanhama,Fac,Org,tp,
qwen3_14b,participants,lusa_58,cls_exp_temp0.3_nodelim_norole_nocot,Sílvia Lutucuta,Per,Per,tp,
qwen3_14b,participants,lusa_58,cls_exp_temp0.3_nodelim_norole_nocot,two people,Per,Per,tp,
qwen3_14b,participants,lusa_58,cls_exp_temp0.3_nodelim_norole_nocot,Angola,N/A,Pl_country,tp,
qwen3_14b,participants,lusa_58,cls_exp_temp0.3_nodelim_norole_nocot,Cuanhama,Loc,Pl_civil,tp,
qwen3_14b,participants,lusa_58,cls_exp_temp0.3_nodelim_norole_nocot,a newborn,N/A,Per,tp,
qwen3_14b,participants,lusa_58,cls_exp_temp0.3_nodelim_norole_nocot,the minister,N/A,Per,tp,
qwen3_14b,participants,lusa_58,cls_exp_temp0.3_nodelim_norole_nocot,southern province of Angola,N/A,,fp,
qwen3_14b,participants,lusa_58,cls_exp_temp0.3_nodelim_norole_nocot,a seriously ill patient,N/A,,fp,
qwen3_14b,participants,lusa_58,cls_exp_temp0.3_nodelim_norole_nocot,hospital,Fac,,fp,
qwen3_14b,participants,lusa_58,cls_exp_temp0.3_nodelim_norole_nocot,The Minister of Health of Angola,Per,,fp,
qwen3_14b,participants,lusa_58,cls_exp_temp0.3_nodelim_norole_nocot,Ministry of Health,N/A,,fp,
qwen3_14b,participants,lusa_58,cls_exp_temp0.3_nodelim_norole_nocot,General Hospital of Ondjiva,N/A,,fp,
qwen3_14b,participants,lusa_58,cls_exp_temp0.3_nodelim_norole_nocot,health centers,Fac,,fp,
qwen3_14b,participants,lusa_58,cls_exp_temp0.3_nodelim_norole_nocot,Cunene,N/A,,fp,
qwen3_14b,participants,lusa_58,cls_exp_temp0.3_nodelim_norole_nocot,General Hospital,Fac,,fp,
qwen3_14b,participants,lusa_58,cls_exp_temp0.3_nodelim_norole_nocot,frontline team,Per,,fp,
qwen3_14b,participants,lusa_58,cls_exp_temp0.3_nodelim_norole_nocot,hospital units,Fac,,fp,
qwen3_14b,participants,lusa_58,cls_exp_temp0.3_nodelim_norole_nocot,province of Cunene,Loc,,fp,
qwen3_14b,participants,lusa_58,cls_exp_temp0.3_nodelim_norole_nocot,patients,Per,,fp,
qwen3_14b,participants,lusa_58,cls_exp_temp0.3_nodelim_norole_nocot,Angolan government,Org,,fp,
qwen3_14b,participants,lusa_58,cls_exp_temp0.3_nodelim_norole_nocot,the operating room,,Loc,fn,
qwen3_14b,participants,lusa_58,cls_exp_temp0.3_nodelim_norole_nocot,the General Hospital in the province of Cunene,,Org,fn,
qwen3_14b,participants,lusa_58,cls_exp_temp0.3_nodelim_norole_nocot,a seriously ill,,Per,fn,
qwen3_14b,participants,lusa_58,cls_exp_temp0.3_nodelim_norole_nocot,that,,Per,fn,
qwen3_14b,participants,lusa_58,cls_exp_temp0.3_nodelim_norole_nocot,the General Hospital,,Fac,fn,
qwen3_14b,participants,lusa_58,cls_exp_temp0.3_nodelim_norole_nocot,worst,,Other,fn,
qwen3_14b,participants,lusa_58,cls_exp_temp0.3_nodelim_norole_nocot,the operating room areas,,Pl_region,fn,
qwen3_14b,participants,lusa_58,cls_exp_temp0.3_nodelim_norole_nocot,the other patients,,Per,fn,
qwen3_14b,participants,lusa_58,cls_exp_temp0.3_nodelim_norole_nocot,A note,,Obj,fn,
qwen3_14b,participants,lusa_58,cls_exp_temp0.3_nodelim_norole_nocot,that southern province,,Pl_civil,fn,
qwen3_14b,participants,lusa_58,cls_exp_temp0.3_nodelim_norole_nocot,a frontline team mobilized to avoid the,,Per,fn,
qwen3_14b,participants,lusa_58,cls_exp_temp0.3_nodelim_norole_nocot,the oxygen storage station,,Loc,fn,
qwen3_14b,participants,lusa_58,cls_exp_temp0.3_nodelim_norole_nocot,the death,,Pl_region,fn,
qwen3_14b,participants,lusa_58,cls_exp_temp0.3_nodelim_norole_nocot,other patients,,Per,fn,
qwen3_14b,participants,lusa_58,cls_exp_temp0.3_nodelim_norole_nocot,the province of Cunene,,Pl_civil,fn,
qwen3_14b,participants,lusa_58,cls_exp_temp0.3_nodelim_norole_nocot,All patients,,Per,fn,
qwen3_14b,participants,lusa_58,cls_exp_temp0.3_nodelim_norole_nocot,capital,,Pl_capital,fn,
qwen3_14b,participants,lusa_58,cls_exp_temp0.3_nodelim_norole_nocot,various health centers,,Org,fn,
qwen3_14b,participants,lusa_58,cls_exp_temp0.3_nodelim_norole_nocot,the Ministry of Health,,Org,fn,
qwen3_14b,participants,lusa_58,cls_exp_temp0.3_nodelim_norole_nocot,of Cunene,,Pl_civil,fn,
qwen3_14b,participants,lusa_58,cls_exp_temp0.3_nodelim_norole_nocot,the other,,Pl_civil,fn,
qwen3_14b,participants,lusa_58,cls_exp_temp0.3_nodelim_norole_nocot,oxygen,,Other,fn,
qwen3_14b,participants,lusa_58,cls_exp_temp0.3_nodelim_norole_nocot,the new Municipal Hospital,,Org,fn,
qwen3_14b,participants,lusa_58,cls_exp_temp0.3_nodelim_norole_nocot,Ondjiva,,Pl_civil,fn,
qwen3_14b,participants,lusa_58,cls_exp_temp0.3_nodelim_norole_nocot,The Minister of Health,,Per,fn,
qwen3_14b,participants,lusa_58,cls_exp_temp0.3_nodelim_norole_nocot,surgical wards,,Loc,fn,
qwen3_14b,participants,lusa_58,cls_exp_temp0.3_nodelim_norole_nocot,other hospital units,,Org,fn,
qwen3_14b,participants,lusa_58,cls_exp_temp0.3_nodelim_norole_nocot,that southern province of Angola,,Pl_civil,fn,
qwen3_14b,participants,lusa_59,cls_exp_temp0.3_nodelim_norole_nocot,Trofa,Loc,Pl_civil,tp,
qwen3_14b,participants,lusa_59,cls_exp_temp0.3_nodelim_norole_nocot,the victim,N/A,Per,tp,
qwen3_14b,participants,lusa_59,cls_exp_temp0.3_nodelim_norole_nocot,The detainee,Per,Per,tp,
qwen3_14b,participants,lusa_59,cls_exp_temp0.3_nodelim_norole_nocot,the statement,N/A,Obj,tp,
qwen3_14b,participants,lusa_59,cls_exp_temp0.3_nodelim_norole_nocot,the GNR,Org,Per,tp,
qwen3_14b,participants,lusa_59,cls_exp_temp0.3_nodelim_norole_nocot,the woman,N/A,Per,tp,
qwen3_14b,participants,lusa_59,cls_exp_temp0.3_nodelim_norole_nocot,Porto district,Loc,Pl_civil,tp,
qwen3_14b,participants,lusa_59,cls_exp_temp0.3_nodelim_norole_nocot,the attacker,N/A,Per,tp,
qwen3_14b,participants,lusa_59,cls_exp_temp0.3_nodelim_norole_nocot,the military,N/A,Per,tp,
qwen3_14b,participants,lusa_59,cls_exp_temp0.3_nodelim_norole_nocot,victim,N/A,Per,tp,
qwen3_14b,participants,lusa_59,cls_exp_temp0.3_nodelim_norole_nocot,the Trofa Territorial Post,N/A,Org,tp,
qwen3_14b,participants,lusa_59,cls_exp_temp0.3_nodelim_norole_nocot,A 60-year-old man,Per,Per,tp,
qwen3_14b,participants,lusa_59,cls_exp_temp0.3_nodelim_norole_nocot,his 59-year-old wife,N/A,Per,tp,
qwen3_14b,participants,lusa_59,cls_exp_temp0.3_nodelim_norole_nocot,Porto,N/A,,fp,
qwen3_14b,participants,lusa_59,cls_exp_temp0.3_nodelim_norole_nocot,GNR,N/A,,fp,
qwen3_14b,participants,lusa_59,cls_exp_temp0.3_nodelim_norole_nocot,the suspect,N/A,,fp,
qwen3_14b,participants,lusa_59,cls_exp_temp0.3_nodelim_norole_nocot,Trofa man,Per,,fp,
qwen3_14b,participants,lusa_59,cls_exp_temp0.3_nodelim_norole_nocot,NIAVE,N/A,,fp,
qwen3_14b,participants,lusa_59,cls_exp_temp0.3_nodelim_norole_nocot,Matosinhos Judicial Court,N/A,,fp,
qwen3_14b,participants,lusa_59,cls_exp_temp0.3_nodelim_norole_nocot,Center for Investigation and Support for Specific Victims,N/A,,fp,
qwen3_14b,participants,lusa_59,cls_exp_temp0.3_nodelim_norole_nocot,Matosinhos,,Pl_civil,fn,
qwen3_14b,participants,lusa_59,cls_exp_temp0.3_nodelim_norole_nocot,statement,,Obj,fn,
qwen3_14b,participants,lusa_59,cls_exp_temp0.3_nodelim_norole_nocot,"the ""suspect",,Per,fn,
qwen3_14b,participants,lusa_59,cls_exp_temp0.3_nodelim_norole_nocot,place of work,,Loc,fn,
qwen3_14b,participants,lusa_59,cls_exp_temp0.3_nodelim_norole_nocot,alcoholic beverages,,Other,fn,
qwen3_14b,participants,lusa_59,cls_exp_temp0.3_nodelim_norole_nocot,his,,Per,fn,
qwen3_14b,participants,lusa_59,cls_exp_temp0.3_nodelim_norole_nocot,where,,Loc,fn,
qwen3_14b,participants,lusa_59,cls_exp_temp0.3_nodelim_norole_nocot,", his 59-year-old wife",,Per,fn,
qwen3_14b,participants,lusa_59,cls_exp_temp0.3_nodelim_norole_nocot,the Trofa,,Pl_civil,fn,
qwen3_14b,participants,lusa_59,cls_exp_temp0.3_nodelim_norole_nocot,Judicial Court,,Org,fn,
qwen3_14b,participants,lusa_59,cls_exp_temp0.3_nodelim_norole_nocot,the Matosinhos Judicial Court,,Loc,fn,
qwen3_14b,participants,lusa_59,cls_exp_temp0.3_nodelim_norole_nocot,an unknown location,,Loc,fn,
qwen3_14b,participants,lusa_59,cls_exp_temp0.3_nodelim_norole_nocot,he,,Per,fn,
qwen3_14b,participants,lusa_59,cls_exp_temp0.3_nodelim_norole_nocot,the,,Pl_civil,fn,
qwen3_14b,participants,lusa_59,cls_exp_temp0.3_nodelim_norole_nocot,consumer ,,Per,fn,
qwen3_14b,participants,lusa_59,cls_exp_temp0.3_nodelim_norole_nocot,measure,,Other,fn,
qwen3_14b,participants,lusa_59,cls_exp_temp0.3_nodelim_norole_nocot,and Support for Specific Victims (NIAVE) in,,Org,fn,
qwen3_14b,participants,lusa_6,cls_exp_temp0.3_nodelim_norole_nocot,the district of Aveiro,N/A,Pl_civil,tp,
qwen3_14b,participants,lusa_6,cls_exp_temp0.3_nodelim_norole_nocot,16 people,N/A,Per,tp,
qwen3_14b,participants,lusa_6,cls_exp_temp0.3_nodelim_norole_nocot,that police force,N/A,Org,tp,
qwen3_14b,participants,lusa_6,cls_exp_temp0.3_nodelim_norole_nocot,the building,N/A,Fac,tp,
qwen3_14b,participants,lusa_6,cls_exp_temp0.3_nodelim_norole_nocot,the PSP,N/A,Org,tp,
qwen3_14b,participants,lusa_6,cls_exp_temp0.3_nodelim_norole_nocot,the alleged perpetrator,N/A,Per,tp,
qwen3_14b,participants,lusa_6,cls_exp_temp0.3_nodelim_norole_nocot,the said building,N/A,Fac,tp,
qwen3_14b,participants,lusa_6,cls_exp_temp0.3_nodelim_norole_nocot,the entrance hall,N/A,Fac,tp,
qwen3_14b,participants,lusa_6,cls_exp_temp0.3_nodelim_norole_nocot,Espinho,N/A,Pl_civil,tp,
qwen3_14b,participants,lusa_6,cls_exp_temp0.3_nodelim_norole_nocot,A 54-year-old man,N/A,Per,tp,
qwen3_14b,participants,lusa_6,cls_exp_temp0.3_nodelim_norole_nocot,in the district of Aveiro,N/A,,fp,
qwen3_14b,participants,lusa_6,cls_exp_temp0.3_nodelim_norole_nocot,residential building,N/A,,fp,
qwen3_14b,participants,lusa_6,cls_exp_temp0.3_nodelim_norole_nocot,Man,Per,,fp,
qwen3_14b,participants,lusa_6,cls_exp_temp0.3_nodelim_norole_nocot,police force,N/A,,fp,
qwen3_14b,participants,lusa_6,cls_exp_temp0.3_nodelim_norole_nocot,Espinho Volunteer Firefighters,N/A,,fp,
qwen3_14b,participants,lusa_6,cls_exp_temp0.3_nodelim_norole_nocot,site,N/A,,fp,
qwen3_14b,participants,lusa_6,cls_exp_temp0.3_nodelim_norole_nocot,medical assistance,N/A,,fp,
qwen3_14b,participants,lusa_6,cls_exp_temp0.3_nodelim_norole_nocot,his clothes,N/A,,fp,
qwen3_14b,participants,lusa_6,cls_exp_temp0.3_nodelim_norole_nocot,PSP,N/A,,fp,
qwen3_14b,participants,lusa_6,cls_exp_temp0.3_nodelim_norole_nocot,Aveiro,N/A,,fp,
qwen3_14b,participants,lusa_6,cls_exp_temp0.3_nodelim_norole_nocot,The fire,N/A,,fp,
qwen3_14b,participants,lusa_6,cls_exp_temp0.3_nodelim_norole_nocot,building,Fac,,fp,
qwen3_14b,participants,lusa_6,cls_exp_temp0.3_nodelim_norole_nocot,Judicial Police,N/A,,fp,
qwen3_14b,participants,lusa_6,cls_exp_temp0.3_nodelim_norole_nocot,hospital unit,N/A,,fp,
qwen3_14b,participants,lusa_6,cls_exp_temp0.3_nodelim_norole_nocot,arson,N/A,,fp,
qwen3_14b,participants,lusa_6,cls_exp_temp0.3_nodelim_norole_nocot,smoke inhalation,N/A,,fp,
qwen3_14b,participants,lusa_6,cls_exp_temp0.3_nodelim_norole_nocot,resident there,N/A,,fp,
qwen3_14b,participants,lusa_6,cls_exp_temp0.3_nodelim_norole_nocot,in Espinho,N/A,,fp,
qwen3_14b,participants,lusa_6,cls_exp_temp0.3_nodelim_norole_nocot,Volunteer Firefighters,,Org,fn,
qwen3_14b,participants,lusa_6,cls_exp_temp0.3_nodelim_norole_nocot,his,,Per,fn,
qwen3_14b,participants,lusa_6,cls_exp_temp0.3_nodelim_norole_nocot,the same note,,Obj,fn,
qwen3_14b,participants,lusa_6,cls_exp_temp0.3_nodelim_norole_nocot,PSP informed the Judicial Police,,Org,fn,
qwen3_14b,participants,lusa_6,cls_exp_temp0.3_nodelim_norole_nocot,In ,,Obj,fn,
qwen3_14b,participants,lusa_6,cls_exp_temp0.3_nodelim_norole_nocot,that,,Other,fn,
qwen3_14b,participants,lusa_6,cls_exp_temp0.3_nodelim_norole_nocot,The PSP,,Org,fn,
qwen3_14b,participants,lusa_6,cls_exp_temp0.3_nodelim_norole_nocot,significant material damage,,Other,fn,
qwen3_14b,participants,lusa_6,cls_exp_temp0.3_nodelim_norole_nocot,statement,,Obj,fn,
qwen3_14b,participants,lusa_6,cls_exp_temp0.3_nodelim_norole_nocot,the,,Fac,fn,
qwen3_14b,participants,lusa_6,cls_exp_temp0.3_nodelim_norole_nocot,them,,Obj,fn,
qwen3_14b,participants,lusa_6,cls_exp_temp0.3_nodelim_norole_nocot,a residential building,,Fac,fn,
qwen3_14b,participants,lusa_6,cls_exp_temp0.3_nodelim_norole_nocot,which,,Org,fn,
qwen3_14b,participants,lusa_6,cls_exp_temp0.3_nodelim_norole_nocot,the Espinho Volunteer Firefighters,,Org,fn,
qwen3_14b,participants,lusa_6,cls_exp_temp0.3_nodelim_norole_nocot,fire,,Nat,fn,
qwen3_14b,participants,lusa_6,cls_exp_temp0.3_nodelim_norole_nocot,some,,Obj,fn,
qwen3_14b,participants,lusa_6,cls_exp_temp0.3_nodelim_norole_nocot,16 injuries,,Per,fn,
qwen3_14b,participants,lusa_6,cls_exp_temp0.3_nodelim_norole_nocot,smoke,,Nat,fn,
qwen3_14b,participants,lusa_6,cls_exp_temp0.3_nodelim_norole_nocot,any hospital unit,,Fac,fn,
qwen3_14b,participants,lusa_6,cls_exp_temp0.3_nodelim_norole_nocot,there,,Fac,fn,
qwen3_14b,participants,lusa_61,cls_exp_temp0.3_nodelim_norole_nocot,Georgia,N/A,Loc,tp,
qwen3_14b,participants,lusa_61,cls_exp_temp0.3_nodelim_norole_nocot,authorities,N/A,Org,tp,
qwen3_14b,participants,lusa_61,cls_exp_temp0.3_nodelim_norole_nocot,an armed man,N/A,Per,tp,
qwen3_14b,participants,lusa_61,cls_exp_temp0.3_nodelim_norole_nocot,the area,Loc,Per,tp,
qwen3_14b,participants,lusa_61,cls_exp_temp0.3_nodelim_norole_nocot,The police,N/A,Org,tp,
qwen3_14b,participants,lusa_61,cls_exp_temp0.3_nodelim_norole_nocot,The Georgian Ministry of the Interior,N/A,Per,tp,
qwen3_14b,participants,lusa_61,cls_exp_temp0.3_nodelim_norole_nocot,the attacker,Per,Per,tp,
qwen3_14b,participants,lusa_61,cls_exp_temp0.3_nodelim_norole_nocot,the ministry,N/A,Org,tp,
qwen3_14b,participants,lusa_61,cls_exp_temp0.3_nodelim_norole_nocot,the bank branch,Fac,Fac,tp,
qwen3_14b,participants,lusa_61,cls_exp_temp0.3_nodelim_norole_nocot,a bank,N/A,Org,tp,
qwen3_14b,participants,lusa_61,cls_exp_temp0.3_nodelim_norole_nocot,19 people,N/A,Per,tp,
qwen3_14b,participants,lusa_61,cls_exp_temp0.3_nodelim_norole_nocot,The television channel,N/A,Org,tp,
qwen3_14b,participants,lusa_61,cls_exp_temp0.3_nodelim_norole_nocot,this former Soviet republic,N/A,Loc,tp,
qwen3_14b,participants,lusa_61,cls_exp_temp0.3_nodelim_norole_nocot,a video,N/A,Other,tp,
qwen3_14b,participants,lusa_61,cls_exp_temp0.3_nodelim_norole_nocot,the kidnapper,N/A,Per,tp,
qwen3_14b,participants,lusa_61,cls_exp_temp0.3_nodelim_norole_nocot,people,N/A,Per,tp,
qwen3_14b,participants,lusa_61,cls_exp_temp0.3_nodelim_norole_nocot,a man,N/A,Per,tp,
qwen3_14b,participants,lusa_61,cls_exp_temp0.3_nodelim_norole_nocot,a shotgun,N/A,Obj,tp,
qwen3_14b,participants,lusa_61,cls_exp_temp0.3_nodelim_norole_nocot,a room,N/A,Fac,tp,
qwen3_14b,participants,lusa_61,cls_exp_temp0.3_nodelim_norole_nocot,banking facilities,N/A,Fac,tp,
qwen3_14b,participants,lusa_61,cls_exp_temp0.3_nodelim_norole_nocot,Mtavari TV,N/A,Org,tp,
qwen3_14b,participants,lusa_61,cls_exp_temp0.3_nodelim_norole_nocot,hostages,N/A,,fp,
qwen3_14b,participants,lusa_61,cls_exp_temp0.3_nodelim_norole_nocot,military uniform,N/A,,fp,
qwen3_14b,participants,lusa_61,cls_exp_temp0.3_nodelim_norole_nocot,the bank,N/A,,fp,
qwen3_14b,participants,lusa_61,cls_exp_temp0.3_nodelim_norole_nocot,Georgian state television,N/A,,fp,
qwen3_14b,participants,lusa_61,cls_exp_temp0.3_nodelim_norole_nocot,Gunman,Per,,fp,
qwen3_14b,participants,lusa_61,cls_exp_temp0.3_nodelim_norole_nocot,the city of Zugdidi,N/A,,fp,
qwen3_14b,participants,lusa_61,cls_exp_temp0.3_nodelim_norole_nocot,western region,N/A,,fp,
qwen3_14b,participants,lusa_61,cls_exp_temp0.3_nodelim_norole_nocot,Zugdidi,N/A,,fp,
qwen3_14b,participants,lusa_61,cls_exp_temp0.3_nodelim_norole_nocot,the hostages,,Per,fn,
qwen3_14b,participants,lusa_61,cls_exp_temp0.3_nodelim_norole_nocot,Georgian,,Pl_country,fn,
qwen3_14b,participants,lusa_61,cls_exp_temp0.3_nodelim_norole_nocot,several hostages,,Per,fn,
qwen3_14b,participants,lusa_61,cls_exp_temp0.3_nodelim_norole_nocot,that,,Per,fn,
qwen3_14b,participants,lusa_61,cls_exp_temp0.3_nodelim_norole_nocot,face,,Other,fn,
qwen3_14b,participants,lusa_61,cls_exp_temp0.3_nodelim_norole_nocot,a statement,,Obj,fn,
qwen3_14b,participants,lusa_61,cls_exp_temp0.3_nodelim_norole_nocot,what,,Per,fn,
qwen3_14b,participants,lusa_61,cls_exp_temp0.3_nodelim_norole_nocot,"the bank,",,Org,fn,
qwen3_14b,participants,lusa_61,cls_exp_temp0.3_nodelim_norole_nocot,a hand grenade,,Obj,fn,
qwen3_14b,participants,lusa_61,cls_exp_temp0.3_nodelim_norole_nocot,state television,,Org,fn,
qwen3_14b,participants,lusa_61,cls_exp_temp0.3_nodelim_norole_nocot,the floor,,Loc,fn,
qwen3_14b,participants,lusa_61,cls_exp_temp0.3_nodelim_norole_nocot,"hostages, the number",,Other,fn,
qwen3_14b,participants,lusa_61,cls_exp_temp0.3_nodelim_norole_nocot,cash,,Obj,fn,
qwen3_14b,participants,lusa_61,cls_exp_temp0.3_nodelim_norole_nocot,a military uniform,,Other,fn,
qwen3_14b,participants,lusa_61,cls_exp_temp0.3_nodelim_norole_nocot,the city of Zugdidi (western region),,Loc,fn,
qwen3_14b,participants,lusa_61,cls_exp_temp0.3_nodelim_norole_nocot,hostage,,Per,fn,
qwen3_14b,participants,lusa_61,cls_exp_temp0.3_nodelim_norole_nocot,"500,000 (about 420,000 euros)",,Obj,fn,
qwen3_14b,participants,lusa_61,cls_exp_temp0.3_nodelim_norole_nocot,showing,,Other,fn,
qwen3_14b,participants,lusa_61,cls_exp_temp0.3_nodelim_norole_nocot,where,,Pl_region,fn,
qwen3_14b,participants,lusa_61,cls_exp_temp0.3_nodelim_norole_nocot,the ,,Fac,fn,
qwen3_14b,participants,lusa_61,cls_exp_temp0.3_nodelim_norole_nocot,The ,,Per,fn,
qwen3_14b,participants,lusa_61,cls_exp_temp0.3_nodelim_norole_nocot,how many people,,Per,fn,
qwen3_14b,participants,lusa_61,cls_exp_temp0.3_nodelim_norole_nocot,one,,Per,fn,
qwen3_14b,participants,lusa_62,cls_exp_temp0.3_nodelim_norole_nocot,district of Viana do Castelo,Loc,Loc,tp,
qwen3_14b,participants,lusa_62,cls_exp_temp0.3_nodelim_norole_nocot,five vehicles,N/A,Obj,tp,
qwen3_14b,participants,lusa_62,cls_exp_temp0.3_nodelim_norole_nocot,the National Institute of Medical Emergency (INEM),N/A,Loc,tp,
qwen3_14b,participants,lusa_62,cls_exp_temp0.3_nodelim_norole_nocot,A 59-year-old man,Per,Per,tp,
qwen3_14b,participants,lusa_62,cls_exp_temp0.3_nodelim_norole_nocot,the man,Per,Per,tp,
qwen3_14b,participants,lusa_62,cls_exp_temp0.3_nodelim_norole_nocot,Monção,N/A,Loc,tp,
qwen3_14b,participants,lusa_62,cls_exp_temp0.3_nodelim_norole_nocot,INEM,N/A,Org,tp,
qwen3_14b,participants,lusa_62,cls_exp_temp0.3_nodelim_norole_nocot,Viana do Castelo,N/A,Pl_civil,tp,
qwen3_14b,participants,lusa_62,cls_exp_temp0.3_nodelim_norole_nocot,two ambulances,N/A,Obj,tp,
qwen3_14b,participants,lusa_62,cls_exp_temp0.3_nodelim_norole_nocot,a team of psychologists,N/A,Per,tp,
qwen3_14b,participants,lusa_62,cls_exp_temp0.3_nodelim_norole_nocot,a source,N/A,Per,tp,
qwen3_14b,participants,lusa_62,cls_exp_temp0.3_nodelim_norole_nocot,Valença,N/A,Loc,tp,
qwen3_14b,participants,lusa_62,cls_exp_temp0.3_nodelim_norole_nocot,parish of Tangil,Loc,Pl_civil,tp,
qwen3_14b,participants,lusa_62,cls_exp_temp0.3_nodelim_norole_nocot,Melgaço,N/A,Pl_civil,tp,
qwen3_14b,participants,lusa_62,cls_exp_temp0.3_nodelim_norole_nocot,a tree,Obj,Nat,tp,
qwen3_14b,participants,lusa_62,cls_exp_temp0.3_nodelim_norole_nocot,the Immediate Life Support (SIV) ambulance,N/A,Obj,tp,
qwen3_14b,participants,lusa_62,cls_exp_temp0.3_nodelim_norole_nocot,the source,Per,,fp,
qwen3_14b,participants,lusa_62,cls_exp_temp0.3_nodelim_norole_nocot,Barreiro,Loc,,fp,
qwen3_14b,participants,lusa_62,cls_exp_temp0.3_nodelim_norole_nocot,the District Relief Operations Command (CDOS),N/A,,fp,
qwen3_14b,participants,lusa_62,cls_exp_temp0.3_nodelim_norole_nocot,Man,Per,,fp,
qwen3_14b,participants,lusa_62,cls_exp_temp0.3_nodelim_norole_nocot,the Monção and Valença Fire Department,N/A,,fp,
qwen3_14b,participants,lusa_62,cls_exp_temp0.3_nodelim_norole_nocot,air transport,N/A,,fp,
qwen3_14b,participants,lusa_62,cls_exp_temp0.3_nodelim_norole_nocot,the helicopter doctor,N/A,,fp,
qwen3_14b,participants,lusa_62,cls_exp_temp0.3_nodelim_norole_nocot,16 firefighters,N/A,,fp,
qwen3_14b,participants,lusa_62,cls_exp_temp0.3_nodelim_norole_nocot,An INEM source,N/A,,fp,
qwen3_14b,participants,lusa_62,cls_exp_temp0.3_nodelim_norole_nocot,tree,N/A,,fp,
qwen3_14b,participants,lusa_62,cls_exp_temp0.3_nodelim_norole_nocot,Lusa,N/A,,fp,
qwen3_14b,participants,lusa_62,cls_exp_temp0.3_nodelim_norole_nocot,civil protection source,Org,,fp,
qwen3_14b,participants,lusa_62,cls_exp_temp0.3_nodelim_norole_nocot,two injured people,N/A,,fp,
qwen3_14b,participants,lusa_62,cls_exp_temp0.3_nodelim_norole_nocot,that,,Nat,fn,
qwen3_14b,participants,lusa_62,cls_exp_temp0.3_nodelim_norole_nocot,doctor,,Per,fn,
qwen3_14b,participants,lusa_62,cls_exp_temp0.3_nodelim_norole_nocot,CDOS,,Org,fn,
qwen3_14b,participants,lusa_62,cls_exp_temp0.3_nodelim_norole_nocot,fell,,Other,fn,
qwen3_14b,participants,lusa_62,cls_exp_temp0.3_nodelim_norole_nocot,the scene,,Org,fn,
qwen3_14b,participants,lusa_62,cls_exp_temp0.3_nodelim_norole_nocot,The source,,Per,fn,
qwen3_14b,participants,lusa_62,cls_exp_temp0.3_nodelim_norole_nocot,the,,Org,fn,
qwen3_14b,participants,lusa_62,cls_exp_temp0.3_nodelim_norole_nocot,the helicopter,,Obj,fn,
qwen3_14b,participants,lusa_62,cls_exp_temp0.3_nodelim_norole_nocot,the District Relief Operations Command (CDOS) of Viana do Castelo,,Org,fn,
qwen3_14b,participants,lusa_62,cls_exp_temp0.3_nodelim_norole_nocot,by Lusa,,Org,fn,
qwen3_14b,participants,lusa_62,cls_exp_temp0.3_nodelim_norole_nocot,civil protection,,Org,fn,
qwen3_14b,participants,lusa_62,cls_exp_temp0.3_nodelim_norole_nocot,A total of 16 firefighters,,Per,fn,
qwen3_14b,participants,lusa_62,cls_exp_temp0.3_nodelim_norole_nocot,source,,Per,fn,
qwen3_14b,participants,lusa_62,cls_exp_temp0.3_nodelim_norole_nocot,the tree,,Nat,fn,
qwen3_14b,participants,lusa_62,cls_exp_temp0.3_nodelim_norole_nocot,two injured,,Per,fn,
qwen3_14b,participants,lusa_62,cls_exp_temp0.3_nodelim_norole_nocot,the ,,Obj,fn,
qwen3_14b,participants,lusa_62,cls_exp_temp0.3_nodelim_norole_nocot,him,,Per,fn,
qwen3_14b,participants,lusa_62,cls_exp_temp0.3_nodelim_norole_nocot,"it, in Barreiro",,Pl_civil,fn,
qwen3_14b,participants,lusa_62,cls_exp_temp0.3_nodelim_norole_nocot,the District Relief Operations Command,,Org,fn,
qwen3_14b,participants,lusa_63,cls_exp_temp0.3_nodelim_norole_nocot,A 48-year-old man,Per,Per,tp,
qwen3_14b,participants,lusa_63,cls_exp_temp0.3_nodelim_norole_nocot,the driver,N/A,Per,tp,
qwen3_14b,participants,lusa_63,cls_exp_temp0.3_nodelim_norole_nocot,two light vehicles,Obj,Obj,tp,
qwen3_14b,participants,lusa_63,cls_exp_temp0.3_nodelim_norole_nocot,Braga,Loc,Pl_civil,tp,
qwen3_14b,participants,lusa_63,cls_exp_temp0.3_nodelim_norole_nocot,Barcelos,Loc,,fp,
qwen3_14b,participants,lusa_63,cls_exp_temp0.3_nodelim_norole_nocot,a slightly injured person,N/A,,fp,
qwen3_14b,participants,lusa_63,cls_exp_temp0.3_nodelim_norole_nocot,District Relief Operations Command (CDOS),Org,,fp,
qwen3_14b,participants,lusa_63,cls_exp_temp0.3_nodelim_norole_nocot,car collision,N/A,,fp,
qwen3_14b,participants,lusa_63,cls_exp_temp0.3_nodelim_norole_nocot,Viatodos Volunteer Fire Department,N/A,,fp,
qwen3_14b,participants,lusa_63,cls_exp_temp0.3_nodelim_norole_nocot,municipality of Barcelos,Loc,,fp,
qwen3_14b,participants,lusa_63,cls_exp_temp0.3_nodelim_norole_nocot,Braga CDOS,N/A,,fp,
qwen3_14b,participants,lusa_63,cls_exp_temp0.3_nodelim_norole_nocot,48-year-old man,Per,,fp,
qwen3_14b,participants,lusa_63,cls_exp_temp0.3_nodelim_norole_nocot,parish of Chorente,Loc,,fp,
qwen3_14b,participants,lusa_63,cls_exp_temp0.3_nodelim_norole_nocot,a source,N/A,,fp,
qwen3_14b,participants,lusa_63,cls_exp_temp0.3_nodelim_norole_nocot,Barcelos Hospital,N/A,,fp,
qwen3_14b,participants,lusa_63,cls_exp_temp0.3_nodelim_norole_nocot,The fatal victim,,Per,fn,
qwen3_14b,participants,lusa_63,cls_exp_temp0.3_nodelim_norole_nocot,CDOS,,Org,fn,
qwen3_14b,participants,lusa_63,cls_exp_temp0.3_nodelim_norole_nocot,municipality of Barcelos (Braga),,Loc,fn,
qwen3_14b,participants,lusa_63,cls_exp_temp0.3_nodelim_norole_nocot,source,,Per,fn,
qwen3_14b,participants,lusa_63,cls_exp_temp0.3_nodelim_norole_nocot,one,,Obj,fn,
qwen3_14b,participants,lusa_63,cls_exp_temp0.3_nodelim_norole_nocot,the Viatodos Volunteer Fire,,Org,fn,
qwen3_14b,participants,lusa_63,cls_exp_temp0.3_nodelim_norole_nocot,"a slightly injured person was also reported, around 20 years old",,Per,fn,
qwen3_14b,participants,lusa_63,cls_exp_temp0.3_nodelim_norole_nocot,the parish of Chorente,,Loc,fn,
qwen3_14b,participants,lusa_63,cls_exp_temp0.3_nodelim_norole_nocot,the Braga CDOS,,Org,fn,
qwen3_14b,participants,lusa_63,cls_exp_temp0.3_nodelim_norole_nocot,the vehicles,,Obj,fn,
qwen3_14b,participants,lusa_63,cls_exp_temp0.3_nodelim_norole_nocot,the two cars,,Obj,fn,
qwen3_14b,participants,lusa_63,cls_exp_temp0.3_nodelim_norole_nocot,the District Relief Operations Command,,Org,fn,
qwen3_14b,participants,lusa_63,cls_exp_temp0.3_nodelim_norole_nocot,to Barcelos Hospital,,Loc,fn,
qwen3_14b,participants,lusa_63,cls_exp_temp0.3_nodelim_norole_nocot,Viatodos,,Pl_civil,fn,
qwen3_14b,participants,lusa_63,cls_exp_temp0.3_nodelim_norole_nocot,Volunteer Fire,,Org,fn,
qwen3_14b,participants,lusa_63,cls_exp_temp0.3_nodelim_norole_nocot,District Relief Operations Command (CDOS) of Braga,,Org,fn,
qwen3_14b,participants,lusa_64,cls_exp_temp0.3_nodelim_norole_nocot,Bissau,Loc,Pl_country,tp,
qwen3_14b,participants,lusa_64,cls_exp_temp0.3_nodelim_norole_nocot,Osvaldo Vieira airport,N/A,Fac,tp,
qwen3_14b,participants,lusa_64,cls_exp_temp0.3_nodelim_norole_nocot,the man,N/A,Per,tp,
qwen3_14b,participants,lusa_64,cls_exp_temp0.3_nodelim_norole_nocot,Lisbon,N/A,Pl_capital,tp,
qwen3_14b,participants,lusa_64,cls_exp_temp0.3_nodelim_norole_nocot,the PJ,N/A,Org,tp,
qwen3_14b,participants,lusa_64,cls_exp_temp0.3_nodelim_norole_nocot,Osvaldo Vieira international airport,Fac,Fac,tp,
qwen3_14b,participants,lusa_64,cls_exp_temp0.3_nodelim_norole_nocot,the police force,N/A,Org,tp,
qwen3_14b,participants,lusa_64,cls_exp_temp0.3_nodelim_norole_nocot,a Portuguese-Guinean citizen,Per,Per,tp,
qwen3_14b,participants,lusa_64,cls_exp_temp0.3_nodelim_norole_nocot,three men,N/A,Per,tp,
qwen3_14b,participants,lusa_64,cls_exp_temp0.3_nodelim_norole_nocot,the drug,Obj,Obj,tp,
qwen3_14b,participants,lusa_64,cls_exp_temp0.3_nodelim_norole_nocot,a man,N/A,Per,tp,
qwen3_14b,participants,lusa_64,cls_exp_temp0.3_nodelim_norole_nocot,The Judicial Police of Guinea-Bissau,N/A,Org,tp,
qwen3_14b,participants,lusa_64,cls_exp_temp0.3_nodelim_norole_nocot,the airport,N/A,Fac,tp,
qwen3_14b,participants,lusa_64,cls_exp_temp0.3_nodelim_norole_nocot,three kilos of cocaine,N/A,,fp,
qwen3_14b,participants,lusa_64,cls_exp_temp0.3_nodelim_norole_nocot,airport,N/A,,fp,
qwen3_14b,participants,lusa_64,cls_exp_temp0.3_nodelim_norole_nocot,a kilogram of cocaine,N/A,,fp,
qwen3_14b,participants,lusa_64,cls_exp_temp0.3_nodelim_norole_nocot,three kilograms of cocaine,N/A,,fp,
qwen3_14b,participants,lusa_64,cls_exp_temp0.3_nodelim_norole_nocot,another Portuguese-Guinean citizen,N/A,,fp,
qwen3_14b,participants,lusa_64,cls_exp_temp0.3_nodelim_norole_nocot,Guinea-Bissau PJ,N/A,,fp,
qwen3_14b,participants,lusa_64,cls_exp_temp0.3_nodelim_norole_nocot,flight to Lisbon,N/A,,fp,
qwen3_14b,participants,lusa_64,cls_exp_temp0.3_nodelim_norole_nocot,a statement,N/A,,fp,
qwen3_14b,participants,lusa_64,cls_exp_temp0.3_nodelim_norole_nocot,man,N/A,,fp,
qwen3_14b,participants,lusa_64,cls_exp_temp0.3_nodelim_norole_nocot,Public Prosecutor's Office,N/A,,fp,
qwen3_14b,participants,lusa_64,cls_exp_temp0.3_nodelim_norole_nocot,PJ,N/A,,fp,
qwen3_14b,participants,lusa_64,cls_exp_temp0.3_nodelim_norole_nocot,of Guinea-Bissau,,Pl_country,fn,
qwen3_14b,participants,lusa_64,cls_exp_temp0.3_nodelim_norole_nocot,The Judicial Police,,Org,fn,
qwen3_14b,participants,lusa_64,cls_exp_temp0.3_nodelim_norole_nocot,statement,,Obj,fn,
qwen3_14b,participants,lusa_64,cls_exp_temp0.3_nodelim_norole_nocot,waist,,Other,fn,
qwen3_14b,participants,lusa_64,cls_exp_temp0.3_nodelim_norole_nocot,the statement,,Obj,fn,
qwen3_14b,participants,lusa_64,cls_exp_temp0.3_nodelim_norole_nocot,cocaine,,Obj,fn,
qwen3_14b,participants,lusa_64,cls_exp_temp0.3_nodelim_norole_nocot,three kilograms,,Other,fn,
qwen3_14b,participants,lusa_64,cls_exp_temp0.3_nodelim_norole_nocot,drugs,,Obj,fn,
qwen3_14b,participants,lusa_64,cls_exp_temp0.3_nodelim_norole_nocot,"another Portuguese-Guinean citizen, aged 22",,Per,fn,
qwen3_14b,participants,lusa_64,cls_exp_temp0.3_nodelim_norole_nocot,"the man, aged 47",,Per,fn,
qwen3_14b,participants,lusa_64,cls_exp_temp0.3_nodelim_norole_nocot,The PJ,,Org,fn,
qwen3_14b,participants,lusa_64,cls_exp_temp0.3_nodelim_norole_nocot,inside,,Fac,fn,
qwen3_14b,participants,lusa_64,cls_exp_temp0.3_nodelim_norole_nocot,to ,,Per,fn,
qwen3_14b,participants,lusa_64,cls_exp_temp0.3_nodelim_norole_nocot,a kilogram,,Other,fn,
qwen3_14b,participants,lusa_64,cls_exp_temp0.3_nodelim_norole_nocot,the Public,,Org,fn,
qwen3_14b,participants,lusa_65,cls_exp_temp0.3_nodelim_norole_nocot,the man,N/A,Per,tp,
qwen3_14b,participants,lusa_65,cls_exp_temp0.3_nodelim_norole_nocot,the source,N/A,Per,tp,
qwen3_14b,participants,lusa_65,cls_exp_temp0.3_nodelim_norole_nocot,Civil Protection,Org,Org,tp,
qwen3_14b,participants,lusa_65,cls_exp_temp0.3_nodelim_norole_nocot,Arcozelo,Loc,Loc,tp,
qwen3_14b,participants,lusa_65,cls_exp_temp0.3_nodelim_norole_nocot,Vila Nova de Gaia/Espinho Hospital Center,N/A,Org,tp,
qwen3_14b,participants,lusa_65,cls_exp_temp0.3_nodelim_norole_nocot,A 25-year-old man,Per,Per,tp,
qwen3_14b,participants,lusa_65,cls_exp_temp0.3_nodelim_norole_nocot,Aguda Firefighters,N/A,Org,tp,
qwen3_14b,participants,lusa_65,cls_exp_temp0.3_nodelim_norole_nocot,Vila Nova de Gaia,Loc,Loc,tp,
qwen3_14b,participants,lusa_65,cls_exp_temp0.3_nodelim_norole_nocot,Lusa.,Org,,fp,
qwen3_14b,participants,lusa_65,cls_exp_temp0.3_nodelim_norole_nocot,Sapadores,Org,,fp,
qwen3_14b,participants,lusa_65,cls_exp_temp0.3_nodelim_norole_nocot,his house,Obj,,fp,
qwen3_14b,participants,lusa_65,cls_exp_temp0.3_nodelim_norole_nocot,limbs,N/A,,fp,
qwen3_14b,participants,lusa_65,cls_exp_temp0.3_nodelim_norole_nocot,25-year-old man,Per,,fp,
qwen3_14b,participants,lusa_65,cls_exp_temp0.3_nodelim_norole_nocot,The fire,N/A,,fp,
qwen3_14b,participants,lusa_65,cls_exp_temp0.3_nodelim_norole_nocot,Vila Nova de Gaia Firefighters,N/A,,fp,
qwen3_14b,participants,lusa_65,cls_exp_temp0.3_nodelim_norole_nocot,house fire,N/A,,fp,
qwen3_14b,participants,lusa_65,cls_exp_temp0.3_nodelim_norole_nocot,a local Sapadores source,Per,,fp,
qwen3_14b,participants,lusa_65,cls_exp_temp0.3_nodelim_norole_nocot,the fire that partially consumed the house,N/A,,fp,
qwen3_14b,participants,lusa_65,cls_exp_temp0.3_nodelim_norole_nocot,8:51 am,N/A,,fp,
qwen3_14b,participants,lusa_65,cls_exp_temp0.3_nodelim_norole_nocot,the house,Fac,,fp,
qwen3_14b,participants,lusa_65,cls_exp_temp0.3_nodelim_norole_nocot,Vila Nova de Gaia Firefighters and Aguda Firefighters were fighting the,,Org,fn,
qwen3_14b,participants,lusa_65,cls_exp_temp0.3_nodelim_norole_nocot,local Sapadores,,Org,fn,
qwen3_14b,participants,lusa_65,cls_exp_temp0.3_nodelim_norole_nocot,source,,Per,fn,
qwen3_14b,participants,lusa_65,cls_exp_temp0.3_nodelim_norole_nocot,house,,Loc,fn,
qwen3_14b,participants,lusa_65,cls_exp_temp0.3_nodelim_norole_nocot,consumed the,,Loc,fn,
qwen3_14b,participants,lusa_65,cls_exp_temp0.3_nodelim_norole_nocot,his,,Per,fn,
qwen3_14b,participants,lusa_65,cls_exp_temp0.3_nodelim_norole_nocot,that,,Nat,fn,
qwen3_14b,participants,lusa_65,cls_exp_temp0.3_nodelim_norole_nocot,the scene,,Loc,fn,
qwen3_14b,participants,lusa_65,cls_exp_temp0.3_nodelim_norole_nocot,kitchen,,Loc,fn,
qwen3_14b,participants,lusa_65,cls_exp_temp0.3_nodelim_norole_nocot,upper and lower limbs,,Other,fn,
qwen3_14b,participants,lusa_65,cls_exp_temp0.3_nodelim_norole_nocot,Lusa,,Org,fn,
qwen3_14b,participants,lusa_65,cls_exp_temp0.3_nodelim_norole_nocot,flames,,Nat,fn,
qwen3_14b,participants,lusa_66,cls_exp_temp0.3_nodelim_norole_nocot,the Porto District Attorney General's Office,N/A,Org,tp,
qwen3_14b,participants,lusa_66,cls_exp_temp0.3_nodelim_norole_nocot,the victim,Per,Per,tp,
qwen3_14b,participants,lusa_66,cls_exp_temp0.3_nodelim_norole_nocot,Amares,N/A,Loc,tp,
qwen3_14b,participants,lusa_66,cls_exp_temp0.3_nodelim_norole_nocot,MP,N/A,Org,tp,
qwen3_14b,participants,lusa_66,cls_exp_temp0.3_nodelim_norole_nocot,The Public Prosecutor's Office (MP) of Braga,N/A,Org,tp,
qwen3_14b,participants,lusa_66,cls_exp_temp0.3_nodelim_norole_nocot,the MP,Per,Org,tp,
qwen3_14b,participants,lusa_66,cls_exp_temp0.3_nodelim_norole_nocot,the defendant,Per,Per,tp,
qwen3_14b,participants,lusa_66,cls_exp_temp0.3_nodelim_norole_nocot,partner,N/A,Per,tp,
qwen3_14b,participants,lusa_66,cls_exp_temp0.3_nodelim_norole_nocot,that prosecutor's office,Org,Org,tp,
qwen3_14b,participants,lusa_66,cls_exp_temp0.3_nodelim_norole_nocot,Braga,N/A,Pl_civil,tp,
qwen3_14b,participants,lusa_66,cls_exp_temp0.3_nodelim_norole_nocot,a man,N/A,Per,tp,
qwen3_14b,participants,lusa_66,cls_exp_temp0.3_nodelim_norole_nocot,Porto,N/A,,fp,
qwen3_14b,participants,lusa_66,cls_exp_temp0.3_nodelim_norole_nocot,defendant,N/A,,fp,
qwen3_14b,participants,lusa_66,cls_exp_temp0.3_nodelim_norole_nocot,prosecutor's office,Org,,fp,
qwen3_14b,participants,lusa_66,cls_exp_temp0.3_nodelim_norole_nocot,man,N/A,,fp,
qwen3_14b,participants,lusa_66,cls_exp_temp0.3_nodelim_norole_nocot,his partner's daughter,Per,,fp,
qwen3_14b,participants,lusa_66,cls_exp_temp0.3_nodelim_norole_nocot,children,,Per,fn,
qwen3_14b,participants,lusa_66,cls_exp_temp0.3_nodelim_norole_nocot,the moments,,Other,fn,
qwen3_14b,participants,lusa_66,cls_exp_temp0.3_nodelim_norole_nocot,10 years,,Other,fn,
qwen3_14b,participants,lusa_66,cls_exp_temp0.3_nodelim_norole_nocot,'s ,,Org,fn,
qwen3_14b,participants,lusa_66,cls_exp_temp0.3_nodelim_norole_nocot,page,,Other,fn,
qwen3_14b,participants,lusa_66,cls_exp_temp0.3_nodelim_norole_nocot,the Porto,,Pl_civil,fn,
qwen3_14b,participants,lusa_66,cls_exp_temp0.3_nodelim_norole_nocot,District Attorney General's Office,,Org,fn,
qwen3_14b,participants,lusa_66,cls_exp_temp0.3_nodelim_norole_nocot,her,,Per,fn,
qwen3_14b,participants,lusa_66,cls_exp_temp0.3_nodelim_norole_nocot,his,,Per,fn,
qwen3_14b,participants,lusa_66,cls_exp_temp0.3_nodelim_norole_nocot,The MP,,Org,fn,
qwen3_14b,participants,lusa_66,cls_exp_temp0.3_nodelim_norole_nocot,the ,,Per,fn,
qwen3_14b,participants,lusa_66,cls_exp_temp0.3_nodelim_norole_nocot,The indictment,,Other,fn,
qwen3_14b,participants,lusa_66,cls_exp_temp0.3_nodelim_norole_nocot,The Public Prosecutor's Office,,Org,fn,
qwen3_14b,participants,lusa_66,cls_exp_temp0.3_nodelim_norole_nocot,daughter,,Per,fn,
qwen3_14b,participants,lusa_66,cls_exp_temp0.3_nodelim_norole_nocot,note,,Obj,fn,
qwen3_14b,participants,lusa_66,cls_exp_temp0.3_nodelim_norole_nocot,The ,,Per,fn,
qwen3_14b,participants,lusa_68,cls_exp_temp0.3_nodelim_norole_nocot,district of Vila Real,Loc,Pl_civil,tp,
qwen3_14b,participants,lusa_68,cls_exp_temp0.3_nodelim_norole_nocot,GNR,N/A,Org,tp,
qwen3_14b,participants,lusa_68,cls_exp_temp0.3_nodelim_norole_nocot,An 84-year-old man,Per,Per,tp,
qwen3_14b,participants,lusa_68,cls_exp_temp0.3_nodelim_norole_nocot,INEM,N/A,Org,tp,
qwen3_14b,participants,lusa_68,cls_exp_temp0.3_nodelim_norole_nocot,Vasco Correia,N/A,Per,tp,
qwen3_14b,participants,lusa_68,cls_exp_temp0.3_nodelim_norole_nocot,Vila Maior,Loc,Pl_civil,tp,
qwen3_14b,participants,lusa_68,cls_exp_temp0.3_nodelim_norole_nocot,Santa Marta de Penaguião,N/A,Pl_civil,tp,
qwen3_14b,participants,lusa_68,cls_exp_temp0.3_nodelim_norole_nocot,municipality of Santa Marta de Penaguião,Loc,Pl_civil,tp,
qwen3_14b,participants,lusa_68,cls_exp_temp0.3_nodelim_norole_nocot,three vehicles,N/A,Obj,tp,
qwen3_14b,participants,lusa_68,cls_exp_temp0.3_nodelim_norole_nocot,six firefighters from Santa Marta de Penaguião,N/A,,fp,
qwen3_14b,participants,lusa_68,cls_exp_temp0.3_nodelim_norole_nocot,84-year-old man,Per,,fp,
qwen3_14b,participants,lusa_68,cls_exp_temp0.3_nodelim_norole_nocot,a GNR source,Per,,fp,
qwen3_14b,participants,lusa_68,cls_exp_temp0.3_nodelim_norole_nocot,the Santa Marta de Penaguião fire commander,N/A,,fp,
qwen3_14b,participants,lusa_68,cls_exp_temp0.3_nodelim_norole_nocot,Emergency and Resuscitation Medical Vehicle (VMER) team,N/A,,fp,
qwen3_14b,participants,lusa_68,cls_exp_temp0.3_nodelim_norole_nocot,source,,Per,fn,
qwen3_14b,participants,lusa_68,cls_exp_temp0.3_nodelim_norole_nocot,firefighters from Santa Marta de Penaguião,,Org,fn,
qwen3_14b,participants,lusa_68,cls_exp_temp0.3_nodelim_norole_nocot,the Emergency and Resuscitation Medical Vehicle (VMER),,Obj,fn,
qwen3_14b,participants,lusa_68,cls_exp_temp0.3_nodelim_norole_nocot,the GNR,,Org,fn,
qwen3_14b,participants,lusa_68,cls_exp_temp0.3_nodelim_norole_nocot,a small car,,Obj,fn,
qwen3_14b,participants,lusa_68,cls_exp_temp0.3_nodelim_norole_nocot,the scene,,Org,fn,
qwen3_14b,participants,lusa_68,cls_exp_temp0.3_nodelim_norole_nocot,the ,,Org,fn,
qwen3_14b,participants,lusa_68,cls_exp_temp0.3_nodelim_norole_nocot,at ,,Per,fn,
qwen3_14b,participants,lusa_68,cls_exp_temp0.3_nodelim_norole_nocot,a GNR,,Org,fn,
qwen3_14b,participants,lusa_68,cls_exp_temp0.3_nodelim_norole_nocot,the Santa Marta de Penaguião,,Org,fn,
qwen3_14b,participants,lusa_68,cls_exp_temp0.3_nodelim_norole_nocot,) team,,Per,fn,
qwen3_14b,participants,lusa_68,cls_exp_temp0.3_nodelim_norole_nocot,with,,Org,fn,
qwen3_14b,participants,lusa_68,cls_exp_temp0.3_nodelim_norole_nocot,commander,,Per,fn,
qwen3_14b,participants,lusa_69,cls_exp_temp0.3_nodelim_norole_nocot,source,N/A,Per,tp,
qwen3_14b,participants,lusa_69,cls_exp_temp0.3_nodelim_norole_nocot,Porto,N/A,Pl_civil,tp,
qwen3_14b,participants,lusa_69,cls_exp_temp0.3_nodelim_norole_nocot,gasoline,N/A,Obj,tp,
qwen3_14b,participants,lusa_69,cls_exp_temp0.3_nodelim_norole_nocot,A man,Per,Per,tp,
qwen3_14b,participants,lusa_69,cls_exp_temp0.3_nodelim_norole_nocot,Lusa,N/A,Org,tp,
qwen3_14b,participants,lusa_69,cls_exp_temp0.3_nodelim_norole_nocot,Vila Nova de Famalicão,N/A,Pl_civil,tp,
qwen3_14b,participants,lusa_69,cls_exp_temp0.3_nodelim_norole_nocot,The 58-year-old man,N/A,Per,tp,
qwen3_14b,participants,lusa_69,cls_exp_temp0.3_nodelim_norole_nocot,Vale de S.,N/A,,fp,
qwen3_14b,participants,lusa_69,cls_exp_temp0.3_nodelim_norole_nocot,Man,Per,,fp,
qwen3_14b,participants,lusa_69,cls_exp_temp0.3_nodelim_norole_nocot,cause of the accident,N/A,,fp,
qwen3_14b,participants,lusa_69,cls_exp_temp0.3_nodelim_norole_nocot,victim,N/A,,fp,
qwen3_14b,participants,lusa_69,cls_exp_temp0.3_nodelim_norole_nocot,handling of gasoline,N/A,,fp,
qwen3_14b,participants,lusa_69,cls_exp_temp0.3_nodelim_norole_nocot,Famalicenses Volunteer Firefighters,N/A,,fp,
qwen3_14b,participants,lusa_69,cls_exp_temp0.3_nodelim_norole_nocot,Famalicão,Loc,,fp,
qwen3_14b,participants,lusa_69,cls_exp_temp0.3_nodelim_norole_nocot,Martinho,N/A,,fp,
qwen3_14b,participants,lusa_69,cls_exp_temp0.3_nodelim_norole_nocot,local fire department,N/A,,fp,
qwen3_14b,participants,lusa_69,cls_exp_temp0.3_nodelim_norole_nocot,Hospital de São João,N/A,,fp,
qwen3_14b,participants,lusa_69,cls_exp_temp0.3_nodelim_norole_nocot,the district of Braga,,Loc,fn,
qwen3_14b,participants,lusa_69,cls_exp_temp0.3_nodelim_norole_nocot,the victim,,Per,fn,
qwen3_14b,participants,lusa_69,cls_exp_temp0.3_nodelim_norole_nocot,the Emergency and Resuscitation Medical Vehicle (VMER),,Obj,fn,
qwen3_14b,participants,lusa_69,cls_exp_temp0.3_nodelim_norole_nocot,his face,,Other,fn,
qwen3_14b,participants,lusa_69,cls_exp_temp0.3_nodelim_norole_nocot,Famalicão Hospital,,Org,fn,
qwen3_14b,participants,lusa_69,cls_exp_temp0.3_nodelim_norole_nocot,to Hospital de São João,,Fac,fn,
qwen3_14b,participants,lusa_69,cls_exp_temp0.3_nodelim_norole_nocot,the Famalicenses Volunteer Firefighters,,Org,fn,
qwen3_14b,participants,lusa_69,cls_exp_temp0.3_nodelim_norole_nocot,Vale de S. Martinho,,Pl_civil,fn,
qwen3_14b,participants,lusa_69,cls_exp_temp0.3_nodelim_norole_nocot,to Hospital,,Fac,fn,
qwen3_14b,participants,lusa_69,cls_exp_temp0.3_nodelim_norole_nocot,upper limbs,,Other,fn,
qwen3_14b,participants,lusa_69,cls_exp_temp0.3_nodelim_norole_nocot,to a local fire,,Org,fn,
qwen3_14b,participants,lusa_7,cls_exp_temp0.3_nodelim_norole_nocot,Sonora,N/A,Pl_state,tp,
qwen3_14b,participants,lusa_7,cls_exp_temp0.3_nodelim_norole_nocot,the man,Per,Per,tp,
qwen3_14b,participants,lusa_7,cls_exp_temp0.3_nodelim_norole_nocot,his children,Per,Per,tp,
qwen3_14b,participants,lusa_7,cls_exp_temp0.3_nodelim_norole_nocot,The suspect,Per,Per,tp,
qwen3_14b,participants,lusa_7,cls_exp_temp0.3_nodelim_norole_nocot,northern Mexico,Loc,Pl_country,tp,
qwen3_14b,participants,lusa_7,cls_exp_temp0.3_nodelim_norole_nocot,his father,N/A,Per,tp,
qwen3_14b,participants,lusa_7,cls_exp_temp0.3_nodelim_norole_nocot,Hidalgo,Loc,Pl_civil,tp,
qwen3_14b,participants,lusa_7,cls_exp_temp0.3_nodelim_norole_nocot,A man,Per,Per,tp,
qwen3_14b,participants,lusa_7,cls_exp_temp0.3_nodelim_norole_nocot,the boys,N/A,Per,tp,
qwen3_14b,participants,lusa_7,cls_exp_temp0.3_nodelim_norole_nocot,the police,N/A,Org,tp,
qwen3_14b,participants,lusa_7,cls_exp_temp0.3_nodelim_norole_nocot,the children's grandfather,N/A,Per,tp,
qwen3_14b,participants,lusa_7,cls_exp_temp0.3_nodelim_norole_nocot,the children's mother,Per,Per,tp,
qwen3_14b,participants,lusa_7,cls_exp_temp0.3_nodelim_norole_nocot,his wife,Per,,fp,
qwen3_14b,participants,lusa_7,cls_exp_temp0.3_nodelim_norole_nocot,children,Per,,fp,
qwen3_14b,participants,lusa_7,cls_exp_temp0.3_nodelim_norole_nocot,Prosecutors,Per,,fp,
qwen3_14b,participants,lusa_7,cls_exp_temp0.3_nodelim_norole_nocot,her children,Per,,fp,
qwen3_14b,participants,lusa_7,cls_exp_temp0.3_nodelim_norole_nocot,Father,Per,,fp,
qwen3_14b,participants,lusa_7,cls_exp_temp0.3_nodelim_norole_nocot,Mexico,Loc,,fp,
qwen3_14b,participants,lusa_7,cls_exp_temp0.3_nodelim_norole_nocot,Sunday,N/A,,fp,
qwen3_14b,participants,lusa_7,cls_exp_temp0.3_nodelim_norole_nocot,the deaths,N/A,,fp,
qwen3_14b,participants,lusa_7,cls_exp_temp0.3_nodelim_norole_nocot,wife,Per,,fp,
qwen3_14b,participants,lusa_7,cls_exp_temp0.3_nodelim_norole_nocot,prosecutors' office,N/A,,fp,
qwen3_14b,participants,lusa_7,cls_exp_temp0.3_nodelim_norole_nocot,to Sonora,Loc,,fp,
qwen3_14b,participants,lusa_7,cls_exp_temp0.3_nodelim_norole_nocot,his three children,Per,,fp,
qwen3_14b,participants,lusa_7,cls_exp_temp0.3_nodelim_norole_nocot,to be charged,N/A,,fp,
qwen3_14b,participants,lusa_7,cls_exp_temp0.3_nodelim_norole_nocot,prosecutors,Org,,fp,
qwen3_14b,participants,lusa_7,cls_exp_temp0.3_nodelim_norole_nocot,the office,Org,,fp,
qwen3_14b,participants,lusa_7,cls_exp_temp0.3_nodelim_norole_nocot,"mother, prosecutors",,Per,fn,
qwen3_14b,participants,lusa_7,cls_exp_temp0.3_nodelim_norole_nocot,statement,,Obj,fn,
qwen3_14b,participants,lusa_7,cls_exp_temp0.3_nodelim_norole_nocot,her,,Per,fn,
qwen3_14b,participants,lusa_7,cls_exp_temp0.3_nodelim_norole_nocot,mother,,Per,fn,
qwen3_14b,participants,lusa_7,cls_exp_temp0.3_nodelim_norole_nocot,revenge,,Per,fn,
qwen3_14b,participants,lusa_7,cls_exp_temp0.3_nodelim_norole_nocot,where,,Pl_civil,fn,
qwen3_14b,participants,lusa_7,cls_exp_temp0.3_nodelim_norole_nocot,three children,,Per,fn,
qwen3_14b,participants,lusa_7,cls_exp_temp0.3_nodelim_norole_nocot,against his wife,,Per,fn,
qwen3_14b,participants,lusa_7,cls_exp_temp0.3_nodelim_norole_nocot,argued with the,,Per,fn,
qwen3_14b,participants,lusa_7,cls_exp_temp0.3_nodelim_norole_nocot,The prosecutors' office,,Org,fn,
qwen3_14b,participants,lusa_7,cls_exp_temp0.3_nodelim_norole_nocot,"3,7 and 8 years",,Other,fn,
qwen3_14b,participants,lusa_7,cls_exp_temp0.3_nodelim_norole_nocot,in ,,Org,fn,
qwen3_14b,participants,lusa_7,cls_exp_temp0.3_nodelim_norole_nocot,the,,Pl_civil,fn,
qwen3_14b,participants,lusa_7,cls_exp_temp0.3_nodelim_norole_nocot,The prosecutors,,Per,fn,
qwen3_14b,participants,lusa_7,cls_exp_temp0.3_nodelim_norole_nocot,the children,,Per,fn,
qwen3_14b,participants,lusa_7,cls_exp_temp0.3_nodelim_norole_nocot,northern state of Sonora said the,,Pl_state,fn,
qwen3_14b,participants,lusa_70,cls_exp_temp0.3_nodelim_norole_nocot,the victim,N/A,Per,tp,
qwen3_14b,participants,lusa_70,cls_exp_temp0.3_nodelim_norole_nocot,The detainee,N/A,Per,tp,
qwen3_14b,participants,lusa_70,cls_exp_temp0.3_nodelim_norole_nocot,futile reasons,N/A,Other,tp,
qwen3_14b,participants,lusa_70,cls_exp_temp0.3_nodelim_norole_nocot,the Penafiel man,N/A,Per,tp,
qwen3_14b,participants,lusa_70,cls_exp_temp0.3_nodelim_norole_nocot,Penafiel,N/A,Pl_civil,tp,
qwen3_14b,participants,lusa_70,cls_exp_temp0.3_nodelim_norole_nocot,The Judiciary Police (PJ),N/A,Org,tp,
qwen3_14b,participants,lusa_70,cls_exp_temp0.3_nodelim_norole_nocot,The GNR,N/A,Org,tp,
qwen3_14b,participants,lusa_70,cls_exp_temp0.3_nodelim_norole_nocot,the Northern Directorate,N/A,Org,tp,
qwen3_14b,participants,lusa_70,cls_exp_temp0.3_nodelim_norole_nocot,the scene,N/A,Loc,tp,
qwen3_14b,participants,lusa_70,cls_exp_temp0.3_nodelim_norole_nocot,that corporation,N/A,Org,tp,
qwen3_14b,participants,lusa_70,cls_exp_temp0.3_nodelim_norole_nocot,the defendant,N/A,Per,tp,
qwen3_14b,participants,lusa_70,cls_exp_temp0.3_nodelim_norole_nocot,the first police force,N/A,Org,tp,
qwen3_14b,participants,lusa_70,cls_exp_temp0.3_nodelim_norole_nocot,his wife,N/A,,fp,
qwen3_14b,participants,lusa_70,cls_exp_temp0.3_nodelim_norole_nocot,the PJ's Northern Directorate,N/A,,fp,
qwen3_14b,participants,lusa_70,cls_exp_temp0.3_nodelim_norole_nocot,Emergency services,N/A,,fp,
qwen3_14b,participants,lusa_70,cls_exp_temp0.3_nodelim_norole_nocot,PJ's Northern Directorate,N/A,,fp,
qwen3_14b,participants,lusa_70,cls_exp_temp0.3_nodelim_norole_nocot,man from Penafiel,N/A,,fp,
qwen3_14b,participants,lusa_70,cls_exp_temp0.3_nodelim_norole_nocot,the scene of the crime,N/A,,fp,
qwen3_14b,participants,lusa_70,cls_exp_temp0.3_nodelim_norole_nocot,the police force,N/A,,fp,
qwen3_14b,participants,lusa_70,cls_exp_temp0.3_nodelim_norole_nocot,defendant,N/A,,fp,
qwen3_14b,participants,lusa_70,cls_exp_temp0.3_nodelim_norole_nocot,wife,N/A,,fp,
qwen3_14b,participants,lusa_70,cls_exp_temp0.3_nodelim_norole_nocot,cardiorespiratory arrest,N/A,,fp,
qwen3_14b,participants,lusa_70,cls_exp_temp0.3_nodelim_norole_nocot,the judicial authority,N/A,,fp,
qwen3_14b,participants,lusa_70,cls_exp_temp0.3_nodelim_norole_nocot,the motivation,N/A,,fp,
qwen3_14b,participants,lusa_70,cls_exp_temp0.3_nodelim_norole_nocot,victim,N/A,,fp,
qwen3_14b,participants,lusa_70,cls_exp_temp0.3_nodelim_norole_nocot,man,N/A,,fp,
qwen3_14b,participants,lusa_70,cls_exp_temp0.3_nodelim_norole_nocot,the 74-year-old victim,N/A,,fp,
qwen3_14b,participants,lusa_70,cls_exp_temp0.3_nodelim_norole_nocot,the alleged killer,N/A,,fp,
qwen3_14b,participants,lusa_70,cls_exp_temp0.3_nodelim_norole_nocot,bladed weapon,N/A,,fp,
qwen3_14b,participants,lusa_70,cls_exp_temp0.3_nodelim_norole_nocot,PJ,N/A,,fp,
qwen3_14b,participants,lusa_70,cls_exp_temp0.3_nodelim_norole_nocot,"the alleged killer, aged 72",,Per,fn,
qwen3_14b,participants,lusa_70,cls_exp_temp0.3_nodelim_norole_nocot,the parish of Duas Igrejas,,Pl_civil,fn,
qwen3_14b,participants,lusa_70,cls_exp_temp0.3_nodelim_norole_nocot,that,,Org,fn,
qwen3_14b,participants,lusa_70,cls_exp_temp0.3_nodelim_norole_nocot,a bladed weapon,,Obj,fn,
qwen3_14b,participants,lusa_70,cls_exp_temp0.3_nodelim_norole_nocot,the crime,,Loc,fn,
qwen3_14b,participants,lusa_70,cls_exp_temp0.3_nodelim_norole_nocot,a construction worker,,Per,fn,
qwen3_14b,participants,lusa_70,cls_exp_temp0.3_nodelim_norole_nocot,statement,,Obj,fn,
qwen3_14b,participants,lusa_70,cls_exp_temp0.3_nodelim_norole_nocot,the PJ,,Org,fn,
qwen3_14b,participants,lusa_70,cls_exp_temp0.3_nodelim_norole_nocot,the 74-year-old victim in,,Per,fn,
qwen3_14b,participants,lusa_70,cls_exp_temp0.3_nodelim_norole_nocot,whom,,Per,fn,
qwen3_14b,participants,lusa_70,cls_exp_temp0.3_nodelim_norole_nocot,the,,Per,fn,
qwen3_14b,participants,lusa_70,cls_exp_temp0.3_nodelim_norole_nocot,the elements,,Other,fn,
qwen3_14b,participants,lusa_70,cls_exp_temp0.3_nodelim_norole_nocot,found the ,,Org,fn,
qwen3_14b,participants,lusa_70,cls_exp_temp0.3_nodelim_norole_nocot,the PJ’s Northern Directorate,,Org,fn,
qwen3_14b,participants,lusa_70,cls_exp_temp0.3_nodelim_norole_nocot,the Northern,,Pl_region,fn,
qwen3_14b,participants,lusa_70,cls_exp_temp0.3_nodelim_norole_nocot,coercive measures,,Other,fn,
qwen3_14b,participants,lusa_70,cls_exp_temp0.3_nodelim_norole_nocot,the district of Porto,,Pl_civil,fn,
qwen3_14b,participants,lusa_70,cls_exp_temp0.3_nodelim_norole_nocot,municipality of Penafiel,,Pl_civil,fn,
qwen3_14b,participants,lusa_70,cls_exp_temp0.3_nodelim_norole_nocot,the PJ’s Northern,,Pl_region,fn,
qwen3_14b,participants,lusa_71,cls_exp_temp0.3_nodelim_norole_nocot,Rádio Renascença,Org,Org,tp,
qwen3_14b,participants,lusa_71,cls_exp_temp0.3_nodelim_norole_nocot,Lisbon,N/A,Pl_capital,tp,
qwen3_14b,participants,lusa_71,cls_exp_temp0.3_nodelim_norole_nocot,the man,Per,Per,tp,
qwen3_14b,participants,lusa_71,cls_exp_temp0.3_nodelim_norole_nocot,the parish of São Domingos de Benfica,Loc,Pl_civil,tp,
qwen3_14b,participants,lusa_71,cls_exp_temp0.3_nodelim_norole_nocot,the car,Obj,Obj,tp,
qwen3_14b,participants,lusa_71,cls_exp_temp0.3_nodelim_norole_nocot,The police,N/A,Org,tp,
qwen3_14b,participants,lusa_71,cls_exp_temp0.3_nodelim_norole_nocot,Cometlis,N/A,Org,tp,
qwen3_14b,participants,lusa_71,cls_exp_temp0.3_nodelim_norole_nocot,the PSP,N/A,Org,tp,
qwen3_14b,participants,lusa_71,cls_exp_temp0.3_nodelim_norole_nocot,this man,N/A,Per,tp,
qwen3_14b,participants,lusa_71,cls_exp_temp0.3_nodelim_norole_nocot,the Lisbon Metropolitan Command (Cometlis),N/A,Org,tp,
qwen3_14b,participants,lusa_71,cls_exp_temp0.3_nodelim_norole_nocot,A man,N/A,Per,tp,
qwen3_14b,participants,lusa_71,cls_exp_temp0.3_nodelim_norole_nocot,a car,N/A,Obj,tp,
qwen3_14b,participants,lusa_71,cls_exp_temp0.3_nodelim_norole_nocot,a man,Per,Per,tp,
qwen3_14b,participants,lusa_71,cls_exp_temp0.3_nodelim_norole_nocot,the police,N/A,Org,tp,
qwen3_14b,participants,lusa_71,cls_exp_temp0.3_nodelim_norole_nocot,a vehicle,Obj,Obj,tp,
qwen3_14b,participants,lusa_71,cls_exp_temp0.3_nodelim_norole_nocot,the lawn,Loc,,fp,
qwen3_14b,participants,lusa_71,cls_exp_temp0.3_nodelim_norole_nocot,Man,N/A,,fp,
qwen3_14b,participants,lusa_71,cls_exp_temp0.3_nodelim_norole_nocot,the arrest,Obj,,fp,
qwen3_14b,participants,lusa_71,cls_exp_temp0.3_nodelim_norole_nocot,this infraction,Obj,,fp,
qwen3_14b,participants,lusa_71,cls_exp_temp0.3_nodelim_norole_nocot,PSP,Org,,fp,
qwen3_14b,participants,lusa_71,cls_exp_temp0.3_nodelim_norole_nocot,the facilities,N/A,,fp,
qwen3_14b,participants,lusa_71,cls_exp_temp0.3_nodelim_norole_nocot,the driver,N/A,,fp,
qwen3_14b,participants,lusa_71,cls_exp_temp0.3_nodelim_norole_nocot,Benfica stadium facilities,N/A,,fp,
qwen3_14b,participants,lusa_71,cls_exp_temp0.3_nodelim_norole_nocot,a source,N/A,,fp,
qwen3_14b,participants,lusa_71,cls_exp_temp0.3_nodelim_norole_nocot,the Estádio da Luz,N/A,,fp,
qwen3_14b,participants,lusa_71,cls_exp_temp0.3_nodelim_norole_nocot,the Lusa agency,N/A,,fp,
qwen3_14b,participants,lusa_71,cls_exp_temp0.3_nodelim_norole_nocot,The driver,Per,,fp,
qwen3_14b,participants,lusa_71,cls_exp_temp0.3_nodelim_norole_nocot,Estádio da Luz,Fac,,fp,
qwen3_14b,participants,lusa_71,cls_exp_temp0.3_nodelim_norole_nocot,Estádio da Luz facilities,N/A,,fp,
qwen3_14b,participants,lusa_71,cls_exp_temp0.3_nodelim_norole_nocot,car,N/A,,fp,
qwen3_14b,participants,lusa_71,cls_exp_temp0.3_nodelim_norole_nocot,arrest,N/A,,fp,
qwen3_14b,participants,lusa_71,cls_exp_temp0.3_nodelim_norole_nocot,The news,,Other,fn,
qwen3_14b,participants,lusa_71,cls_exp_temp0.3_nodelim_norole_nocot,how,,Loc,fn,
qwen3_14b,participants,lusa_71,cls_exp_temp0.3_nodelim_norole_nocot,source,,Per,fn,
qwen3_14b,participants,lusa_71,cls_exp_temp0.3_nodelim_norole_nocot,” the ,,Fac,fn,
qwen3_14b,participants,lusa_71,cls_exp_temp0.3_nodelim_norole_nocot,stadium facilities,,Fac,fn,
qwen3_14b,participants,lusa_71,cls_exp_temp0.3_nodelim_norole_nocot,lawn,,Other,fn,
qwen3_14b,participants,lusa_71,cls_exp_temp0.3_nodelim_norole_nocot,information,,Other,fn,
qwen3_14b,participants,lusa_71,cls_exp_temp0.3_nodelim_norole_nocot,confirm how far the,,Per,fn,
qwen3_14b,participants,lusa_71,cls_exp_temp0.3_nodelim_norole_nocot,the facilities of the Estádio da Luz,,Fac,fn,
qwen3_14b,participants,lusa_71,cls_exp_temp0.3_nodelim_norole_nocot,that,,Org,fn,
qwen3_14b,participants,lusa_71,cls_exp_temp0.3_nodelim_norole_nocot,Benfica,,Org,fn,
qwen3_14b,participants,lusa_71,cls_exp_temp0.3_nodelim_norole_nocot,Metropolitan Command,,Org,fn,
qwen3_14b,participants,lusa_71,cls_exp_temp0.3_nodelim_norole_nocot,Lusa agency,,Org,fn,
qwen3_14b,participants,lusa_71,cls_exp_temp0.3_nodelim_norole_nocot,The ,,Per,fn,
qwen3_14b,participants,lusa_72,cls_exp_temp0.3_nodelim_norole_nocot,the man,Per,Per,tp,
qwen3_14b,participants,lusa_72,cls_exp_temp0.3_nodelim_norole_nocot,the scene,N/A,Loc,tp,
qwen3_14b,participants,lusa_72,cls_exp_temp0.3_nodelim_norole_nocot,Viseu,Loc,Pl_civil,tp,
qwen3_14b,participants,lusa_72,cls_exp_temp0.3_nodelim_norole_nocot,a river,N/A,Nat,tp,
qwen3_14b,participants,lusa_72,cls_exp_temp0.3_nodelim_norole_nocot,municipality of Tondela,N/A,Loc,tp,
qwen3_14b,participants,lusa_72,cls_exp_temp0.3_nodelim_norole_nocot,Lusa agency,N/A,Org,tp,
qwen3_14b,participants,lusa_72,cls_exp_temp0.3_nodelim_norole_nocot,four vehicles,N/A,Obj,tp,
qwen3_14b,participants,lusa_72,cls_exp_temp0.3_nodelim_norole_nocot,A 54-year-old man,N/A,Per,tp,
qwen3_14b,participants,lusa_72,cls_exp_temp0.3_nodelim_norole_nocot,Tondela,N/A,,fp,
qwen3_14b,participants,lusa_72,cls_exp_temp0.3_nodelim_norole_nocot,Viseu District Relief Operations Command,N/A,,fp,
qwen3_14b,participants,lusa_72,cls_exp_temp0.3_nodelim_norole_nocot,village of Fráguas,N/A,,fp,
qwen3_14b,participants,lusa_72,cls_exp_temp0.3_nodelim_norole_nocot,GNR,N/A,,fp,
qwen3_14b,participants,lusa_72,cls_exp_temp0.3_nodelim_norole_nocot,We,Per,,fp,
qwen3_14b,participants,lusa_72,cls_exp_temp0.3_nodelim_norole_nocot,Man,Per,,fp,
qwen3_14b,participants,lusa_72,cls_exp_temp0.3_nodelim_norole_nocot,he,Per,,fp,
qwen3_14b,participants,lusa_72,cls_exp_temp0.3_nodelim_norole_nocot,Fráguas,N/A,,fp,
qwen3_14b,participants,lusa_72,cls_exp_temp0.3_nodelim_norole_nocot,river,N/A,,fp,
qwen3_14b,participants,lusa_72,cls_exp_temp0.3_nodelim_norole_nocot,Viseu GNR Territorial Command,Org,,fp,
qwen3_14b,participants,lusa_72,cls_exp_temp0.3_nodelim_norole_nocot,the Lusa agency,N/A,,fp,
qwen3_14b,participants,lusa_72,cls_exp_temp0.3_nodelim_norole_nocot,a village,Loc,,fp,
qwen3_14b,participants,lusa_72,cls_exp_temp0.3_nodelim_norole_nocot,a GNR source,N/A,,fp,
qwen3_14b,participants,lusa_72,cls_exp_temp0.3_nodelim_norole_nocot,nine operatives,N/A,,fp,
qwen3_14b,participants,lusa_72,cls_exp_temp0.3_nodelim_norole_nocot,a source,Per,,fp,
qwen3_14b,participants,lusa_72,cls_exp_temp0.3_nodelim_norole_nocot,man,N/A,,fp,
qwen3_14b,participants,lusa_72,cls_exp_temp0.3_nodelim_norole_nocot,"Territorial Command, the man had",,Org,fn,
qwen3_14b,participants,lusa_72,cls_exp_temp0.3_nodelim_norole_nocot,source,,Per,fn,
qwen3_14b,participants,lusa_72,cls_exp_temp0.3_nodelim_norole_nocot,the village of Fráguas,,Pl_civil,fn,
qwen3_14b,participants,lusa_72,cls_exp_temp0.3_nodelim_norole_nocot,operatives,,Per,fn,
qwen3_14b,participants,lusa_72,cls_exp_temp0.3_nodelim_norole_nocot,the river,,Nat,fn,
qwen3_14b,participants,lusa_72,cls_exp_temp0.3_nodelim_norole_nocot,Territorial Command,,Org,fn,
qwen3_14b,participants,lusa_72,cls_exp_temp0.3_nodelim_norole_nocot,the same,,Loc,fn,
qwen3_14b,participants,lusa_72,cls_exp_temp0.3_nodelim_norole_nocot,around two meters,,Other,fn,
qwen3_14b,participants,lusa_72,cls_exp_temp0.3_nodelim_norole_nocot,the National Institute of Legal Medicine,,Org,fn,
qwen3_14b,participants,lusa_72,cls_exp_temp0.3_nodelim_norole_nocot,the Viseu District Relief Operations Command,,Org,fn,
qwen3_14b,participants,lusa_72,cls_exp_temp0.3_nodelim_norole_nocot,the,,Org,fn,
qwen3_14b,participants,lusa_72,cls_exp_temp0.3_nodelim_norole_nocot,the body,,Other,fn,
qwen3_14b,participants,lusa_72,cls_exp_temp0.3_nodelim_norole_nocot,the same source,,Per,fn,
qwen3_14b,participants,lusa_72,cls_exp_temp0.3_nodelim_norole_nocot,the context,,Other,fn,
qwen3_14b,participants,lusa_73,cls_exp_temp0.3_nodelim_norole_nocot,two operatives,N/A,Per,tp,
qwen3_14b,participants,lusa_73,cls_exp_temp0.3_nodelim_norole_nocot,the man,N/A,Per,tp,
qwen3_14b,participants,lusa_73,cls_exp_temp0.3_nodelim_norole_nocot,Carlos Lima,N/A,Per,tp,
qwen3_14b,participants,lusa_73,cls_exp_temp0.3_nodelim_norole_nocot,Ponte de Lima,N/A,Pl_civil,tp,
qwen3_14b,participants,lusa_73,cls_exp_temp0.3_nodelim_norole_nocot,the SIV,N/A,Obj,tp,
qwen3_14b,participants,lusa_73,cls_exp_temp0.3_nodelim_norole_nocot,the GNR,N/A,Org,tp,
qwen3_14b,participants,lusa_73,cls_exp_temp0.3_nodelim_norole_nocot,the hospital,N/A,Org,tp,
qwen3_14b,participants,lusa_73,cls_exp_temp0.3_nodelim_norole_nocot,the Lusa agency,N/A,Org,tp,
qwen3_14b,participants,lusa_73,cls_exp_temp0.3_nodelim_norole_nocot,the Viana do Castelo Emergency Medical Vehicle (VMER),N/A,Obj,tp,
qwen3_14b,participants,lusa_73,cls_exp_temp0.3_nodelim_norole_nocot,Braga,N/A,Pl_civil,tp,
qwen3_14b,participants,lusa_73,cls_exp_temp0.3_nodelim_norole_nocot,A 60-year-old man,N/A,Per,tp,
qwen3_14b,participants,lusa_73,cls_exp_temp0.3_nodelim_norole_nocot,district of Viana do Castelo,N/A,,fp,
qwen3_14b,participants,lusa_73,cls_exp_temp0.3_nodelim_norole_nocot,District Relief Operations Command (CDOS),N/A,,fp,
qwen3_14b,participants,lusa_73,cls_exp_temp0.3_nodelim_norole_nocot,Man,Per,,fp,
qwen3_14b,participants,lusa_73,cls_exp_temp0.3_nodelim_norole_nocot,a fire engine,N/A,,fp,
qwen3_14b,participants,lusa_73,cls_exp_temp0.3_nodelim_norole_nocot,scaffolding,Obj,,fp,
qwen3_14b,participants,lusa_73,cls_exp_temp0.3_nodelim_norole_nocot,"Lusa,",N/A,,fp,
qwen3_14b,participants,lusa_73,cls_exp_temp0.3_nodelim_norole_nocot,local fire commander,N/A,,fp,
qwen3_14b,participants,lusa_73,cls_exp_temp0.3_nodelim_norole_nocot,a source,N/A,,fp,
qwen3_14b,participants,lusa_73,cls_exp_temp0.3_nodelim_norole_nocot,Immediate Life Support (SIV) ambulance,N/A,,fp,
qwen3_14b,participants,lusa_73,cls_exp_temp0.3_nodelim_norole_nocot,Fire Commander of Ponte de Lima,N/A,,fp,
qwen3_14b,participants,lusa_73,cls_exp_temp0.3_nodelim_norole_nocot,construction site,N/A,,fp,
qwen3_14b,participants,lusa_73,cls_exp_temp0.3_nodelim_norole_nocot,scaffold,N/A,,fp,
qwen3_14b,participants,lusa_73,cls_exp_temp0.3_nodelim_norole_nocot,parish of Ribeira,N/A,,fp,
qwen3_14b,participants,lusa_73,cls_exp_temp0.3_nodelim_norole_nocot,the parish of Ribeira,,Pl_civil,fn,
qwen3_14b,participants,lusa_73,cls_exp_temp0.3_nodelim_norole_nocot,Lusa,,Org,fn,
qwen3_14b,participants,lusa_73,cls_exp_temp0.3_nodelim_norole_nocot,the Immediate Life Support (SIV) ambulance,,Obj,fn,
qwen3_14b,participants,lusa_73,cls_exp_temp0.3_nodelim_norole_nocot,the District Relief Operations Command (CDOS),,Org,fn,
qwen3_14b,participants,lusa_73,cls_exp_temp0.3_nodelim_norole_nocot,the scene,,Org,fn,
qwen3_14b,participants,lusa_73,cls_exp_temp0.3_nodelim_norole_nocot,the hospital in Braga,,Org,fn,
qwen3_14b,participants,lusa_73,cls_exp_temp0.3_nodelim_norole_nocot,"""three to four meters"" high",,Other,fn,
qwen3_14b,participants,lusa_73,cls_exp_temp0.3_nodelim_norole_nocot,Viana do Castelo,,Pl_civil,fn,
qwen3_14b,participants,lusa_73,cls_exp_temp0.3_nodelim_norole_nocot,source,,Per,fn,
qwen3_14b,participants,lusa_73,cls_exp_temp0.3_nodelim_norole_nocot,A ,,Other,fn,
qwen3_14b,participants,lusa_73,cls_exp_temp0.3_nodelim_norole_nocot,the Fire,,Org,fn,
qwen3_14b,participants,lusa_73,cls_exp_temp0.3_nodelim_norole_nocot,the district of Viana do Castelo,,Pl_civil,fn,
qwen3_14b,participants,lusa_73,cls_exp_temp0.3_nodelim_norole_nocot,the Fire Commander,,Per,fn,
qwen3_14b,participants,lusa_73,cls_exp_temp0.3_nodelim_norole_nocot,"Ponte de Lima, in the",,Org,fn,
qwen3_14b,participants,lusa_73,cls_exp_temp0.3_nodelim_norole_nocot,Vehicle,,Obj,fn,
qwen3_14b,participants,lusa_73,cls_exp_temp0.3_nodelim_norole_nocot,a scaffold,,Obj,fn,
qwen3_14b,participants,lusa_73,cls_exp_temp0.3_nodelim_norole_nocot,the local fire commander,,Per,fn,
qwen3_14b,participants,lusa_73,cls_exp_temp0.3_nodelim_norole_nocot,the local fire,,Org,fn,
qwen3_14b,participants,lusa_73,cls_exp_temp0.3_nodelim_norole_nocot,work,,Other,fn,
qwen3_14b,participants,lusa_74,cls_exp_temp0.3_nodelim_norole_nocot,the man,N/A,Per,tp,
qwen3_14b,participants,lusa_74,cls_exp_temp0.3_nodelim_norole_nocot,A 33-year-old man,N/A,Per,tp,
qwen3_14b,participants,lusa_74,cls_exp_temp0.3_nodelim_norole_nocot,his mother,N/A,Per,tp,
qwen3_14b,participants,lusa_74,cls_exp_temp0.3_nodelim_norole_nocot,Porto's GNR,N/A,Org,tp,
qwen3_14b,participants,lusa_74,cls_exp_temp0.3_nodelim_norole_nocot,the defendant,N/A,Per,tp,
qwen3_14b,participants,lusa_74,cls_exp_temp0.3_nodelim_norole_nocot,the military,N/A,Per,tp,
qwen3_14b,participants,lusa_74,cls_exp_temp0.3_nodelim_norole_nocot,Valongo,N/A,Loc,tp,
qwen3_14b,participants,lusa_74,cls_exp_temp0.3_nodelim_norole_nocot,the person arrested,N/A,,fp,
qwen3_14b,participants,lusa_74,cls_exp_temp0.3_nodelim_norole_nocot,GNR,N/A,,fp,
qwen3_14b,participants,lusa_74,cls_exp_temp0.3_nodelim_norole_nocot,police force,N/A,,fp,
qwen3_14b,participants,lusa_74,cls_exp_temp0.3_nodelim_norole_nocot,Man,Per,,fp,
qwen3_14b,participants,lusa_74,cls_exp_temp0.3_nodelim_norole_nocot,arrest warrant,N/A,,fp,
qwen3_14b,participants,lusa_74,cls_exp_temp0.3_nodelim_norole_nocot,the mother,N/A,,fp,
qwen3_14b,participants,lusa_74,cls_exp_temp0.3_nodelim_norole_nocot,his 57-year-old mother,N/A,,fp,
qwen3_14b,participants,lusa_74,cls_exp_temp0.3_nodelim_norole_nocot,the residence,N/A,,fp,
qwen3_14b,participants,lusa_74,cls_exp_temp0.3_nodelim_norole_nocot,the place where he lived,N/A,,fp,
qwen3_14b,participants,lusa_74,cls_exp_temp0.3_nodelim_norole_nocot,his,,Per,fn,
qwen3_14b,participants,lusa_74,cls_exp_temp0.3_nodelim_norole_nocot,property,,Obj,fn,
qwen3_14b,participants,lusa_74,cls_exp_temp0.3_nodelim_norole_nocot,In ,,Per,fn,
qwen3_14b,participants,lusa_74,cls_exp_temp0.3_nodelim_norole_nocot,food,,Obj,fn,
qwen3_14b,participants,lusa_74,cls_exp_temp0.3_nodelim_norole_nocot,with his mother,,Per,fn,
qwen3_14b,participants,lusa_74,cls_exp_temp0.3_nodelim_norole_nocot,statement,,Obj,fn,
qwen3_14b,participants,lusa_74,cls_exp_temp0.3_nodelim_norole_nocot,the GNR,,Org,fn,
qwen3_14b,participants,lusa_74,cls_exp_temp0.3_nodelim_norole_nocot,this police force,,Org,fn,
qwen3_14b,participants,lusa_74,cls_exp_temp0.3_nodelim_norole_nocot,old mother,,Per,fn,
qwen3_14b,participants,lusa_74,cls_exp_temp0.3_nodelim_norole_nocot,the,,Per,fn,
qwen3_14b,participants,lusa_74,cls_exp_temp0.3_nodelim_norole_nocot,whom,,Per,fn,
qwen3_14b,participants,lusa_74,cls_exp_temp0.3_nodelim_norole_nocot,this,,Per,fn,
qwen3_14b,participants,lusa_74,cls_exp_temp0.3_nodelim_norole_nocot,the place,,Loc,fn,
qwen3_14b,participants,lusa_74,cls_exp_temp0.3_nodelim_norole_nocot,where,,Loc,fn,
qwen3_14b,participants,lusa_74,cls_exp_temp0.3_nodelim_norole_nocot,coercive measures,,Other,fn,
qwen3_14b,participants,lusa_74,cls_exp_temp0.3_nodelim_norole_nocot,him,,Per,fn,
qwen3_14b,participants,lusa_74,cls_exp_temp0.3_nodelim_norole_nocot,residence,,Loc,fn,
qwen3_14b,participants,lusa_74,cls_exp_temp0.3_nodelim_norole_nocot,drug,,Obj,fn,
qwen3_14b,participants,lusa_74,cls_exp_temp0.3_nodelim_norole_nocot,money,,Obj,fn,
qwen3_14b,participants,lusa_75,cls_exp_temp0.3_nodelim_norole_nocot,the man,N/A,Per,tp,
qwen3_14b,participants,lusa_75,cls_exp_temp0.3_nodelim_norole_nocot,source,N/A,Per,tp,
qwen3_14b,participants,lusa_75,cls_exp_temp0.3_nodelim_norole_nocot,GNR,N/A,Org,tp,
qwen3_14b,participants,lusa_75,cls_exp_temp0.3_nodelim_norole_nocot,that location,N/A,Loc,tp,
qwen3_14b,participants,lusa_75,cls_exp_temp0.3_nodelim_norole_nocot,Carreiras,N/A,Loc,tp,
qwen3_14b,participants,lusa_75,cls_exp_temp0.3_nodelim_norole_nocot,A 61-year-old man,Per,Per,tp,
qwen3_14b,participants,lusa_75,cls_exp_temp0.3_nodelim_norole_nocot,The GNR soldiers,N/A,Per,tp,
qwen3_14b,participants,lusa_75,cls_exp_temp0.3_nodelim_norole_nocot,the security force source,N/A,Per,tp,
qwen3_14b,participants,lusa_75,cls_exp_temp0.3_nodelim_norole_nocot,Portalegre hospital,N/A,Org,tp,
qwen3_14b,participants,lusa_75,cls_exp_temp0.3_nodelim_norole_nocot,the body,N/A,Other,tp,
qwen3_14b,participants,lusa_75,cls_exp_temp0.3_nodelim_norole_nocot,the same source,N/A,Per,tp,
qwen3_14b,participants,lusa_75,cls_exp_temp0.3_nodelim_norole_nocot,car,Obj,Obj,tp,
qwen3_14b,participants,lusa_75,cls_exp_temp0.3_nodelim_norole_nocot,guard source,N/A,,fp,
qwen3_14b,participants,lusa_75,cls_exp_temp0.3_nodelim_norole_nocot,Lusa.,Org,,fp,
qwen3_14b,participants,lusa_75,cls_exp_temp0.3_nodelim_norole_nocot,District Relief Operations Command (CDOS),N/A,,fp,
qwen3_14b,participants,lusa_75,cls_exp_temp0.3_nodelim_norole_nocot,the Judiciary Police,N/A,,fp,
qwen3_14b,participants,lusa_75,cls_exp_temp0.3_nodelim_norole_nocot,members of the public,N/A,,fp,
qwen3_14b,participants,lusa_75,cls_exp_temp0.3_nodelim_norole_nocot,a source,N/A,,fp,
qwen3_14b,participants,lusa_75,cls_exp_temp0.3_nodelim_norole_nocot,61-year-old man,Per,,fp,
qwen3_14b,participants,lusa_75,cls_exp_temp0.3_nodelim_norole_nocot,Forensic Medicine service,N/A,,fp,
qwen3_14b,participants,lusa_75,cls_exp_temp0.3_nodelim_norole_nocot,a GNR source,Org,,fp,
qwen3_14b,participants,lusa_75,cls_exp_temp0.3_nodelim_norole_nocot,the municipality of Portalegre,Loc,,fp,
qwen3_14b,participants,lusa_75,cls_exp_temp0.3_nodelim_norole_nocot,Portalegre,N/A,,fp,
qwen3_14b,participants,lusa_75,cls_exp_temp0.3_nodelim_norole_nocot,his vehicle,N/A,,fp,
qwen3_14b,participants,lusa_75,cls_exp_temp0.3_nodelim_norole_nocot,the Forensic Medicine service,,Org,fn,
qwen3_14b,participants,lusa_75,cls_exp_temp0.3_nodelim_norole_nocot,the GNR,,Org,fn,
qwen3_14b,participants,lusa_75,cls_exp_temp0.3_nodelim_norole_nocot,District Relief Operations Command (CDOS) of Portalegre,,Org,fn,
qwen3_14b,participants,lusa_75,cls_exp_temp0.3_nodelim_norole_nocot,his,,Per,fn,
qwen3_14b,participants,lusa_75,cls_exp_temp0.3_nodelim_norole_nocot,public,,Per,fn,
qwen3_14b,participants,lusa_75,cls_exp_temp0.3_nodelim_norole_nocot,that,,Org,fn,
qwen3_14b,participants,lusa_75,cls_exp_temp0.3_nodelim_norole_nocot,municipality of Portalegre,,Loc,fn,
qwen3_14b,participants,lusa_75,cls_exp_temp0.3_nodelim_norole_nocot,security force,,Org,fn,
qwen3_14b,participants,lusa_75,cls_exp_temp0.3_nodelim_norole_nocot,the scene,,Loc,fn,
qwen3_14b,participants,lusa_75,cls_exp_temp0.3_nodelim_norole_nocot,vehicle,,Obj,fn,
qwen3_14b,participants,lusa_75,cls_exp_temp0.3_nodelim_norole_nocot,Judiciary Police,,Org,fn,
qwen3_14b,participants,lusa_75,cls_exp_temp0.3_nodelim_norole_nocot,inside,,Other,fn,
qwen3_14b,participants,lusa_75,cls_exp_temp0.3_nodelim_norole_nocot,source told Lusa,,Org,fn,
qwen3_14b,participants,lusa_75,cls_exp_temp0.3_nodelim_norole_nocot,guard,,Org,fn,
qwen3_14b,participants,lusa_75,cls_exp_temp0.3_nodelim_norole_nocot,the guard source,,Per,fn,
qwen3_14b,participants,lusa_75,cls_exp_temp0.3_nodelim_norole_nocot,the case,,Other,fn,
qwen3_14b,participants,lusa_76,cls_exp_temp0.3_nodelim_norole_nocot,two US citizens,N/A,Per,tp,
qwen3_14b,participants,lusa_76,cls_exp_temp0.3_nodelim_norole_nocot,those two citizens,N/A,Per,tp,
qwen3_14b,participants,lusa_76,cls_exp_temp0.3_nodelim_norole_nocot,Kash Patel,N/A,Per,tp,
qwen3_14b,participants,lusa_76,cls_exp_temp0.3_nodelim_norole_nocot,prisons,N/A,Loc,tp,
qwen3_14b,participants,lusa_76,cls_exp_temp0.3_nodelim_norole_nocot,Donald Trump,N/A,Per,tp,
qwen3_14b,participants,lusa_76,cls_exp_temp0.3_nodelim_norole_nocot,Damascus,N/A,Loc,tp,
qwen3_14b,participants,lusa_76,cls_exp_temp0.3_nodelim_norole_nocot,Trump,Per,Per,tp,
qwen3_14b,participants,lusa_76,cls_exp_temp0.3_nodelim_norole_nocot,A White House official,N/A,Per,tp,
qwen3_14b,participants,lusa_76,cls_exp_temp0.3_nodelim_norole_nocot,high-level US leaders,N/A,Per,tp,
qwen3_14b,participants,lusa_76,cls_exp_temp0.3_nodelim_norole_nocot,the State of Virginia,Loc,Loc,tp,
qwen3_14b,participants,lusa_76,cls_exp_temp0.3_nodelim_norole_nocot,Majd Kamalmaz,Per,Per,tp,
qwen3_14b,participants,lusa_76,cls_exp_temp0.3_nodelim_norole_nocot,journalist Austin Tice,N/A,Per,tp,
qwen3_14b,participants,lusa_76,cls_exp_temp0.3_nodelim_norole_nocot,Syria,N/A,Loc,tp,
qwen3_14b,participants,lusa_76,cls_exp_temp0.3_nodelim_norole_nocot,the Wall Street Journal,N/A,Org,tp,
qwen3_14b,participants,lusa_76,cls_exp_temp0.3_nodelim_norole_nocot,Tice,Per,Per,tp,
qwen3_14b,participants,lusa_76,cls_exp_temp0.3_nodelim_norole_nocot,the Associated Press (AP),N/A,Org,tp,
qwen3_14b,participants,lusa_76,cls_exp_temp0.3_nodelim_norole_nocot,the AP,N/A,Org,tp,
qwen3_14b,participants,lusa_76,cls_exp_temp0.3_nodelim_norole_nocot,the ambassador,N/A,Per,tp,
qwen3_14b,participants,lusa_76,cls_exp_temp0.3_nodelim_norole_nocot,the country,N/A,Loc,tp,
qwen3_14b,participants,lusa_76,cls_exp_temp0.3_nodelim_norole_nocot,release of two US citizens,N/A,,fp,
qwen3_14b,participants,lusa_76,cls_exp_temp0.3_nodelim_norole_nocot,a high-level US official,Per,,fp,
qwen3_14b,participants,lusa_76,cls_exp_temp0.3_nodelim_norole_nocot,secret visit,N/A,,fp,
qwen3_14b,participants,lusa_76,cls_exp_temp0.3_nodelim_norole_nocot,one of whom was journalist Austin Tice,N/A,,fp,
qwen3_14b,participants,lusa_76,cls_exp_temp0.3_nodelim_norole_nocot,White House,N/A,,fp,
qwen3_14b,participants,lusa_76,cls_exp_temp0.3_nodelim_norole_nocot,White House leader,Per,,fp,
qwen3_14b,participants,lusa_76,cls_exp_temp0.3_nodelim_norole_nocot,civil war,N/A,,fp,
qwen3_14b,participants,lusa_76,cls_exp_temp0.3_nodelim_norole_nocot,Texas,Loc,,fp,
qwen3_14b,participants,lusa_76,cls_exp_temp0.3_nodelim_norole_nocot,high-level talks,N/A,,fp,
qwen3_14b,participants,lusa_76,cls_exp_temp0.3_nodelim_norole_nocot,to Syria,Loc,,fp,
qwen3_14b,participants,lusa_76,cls_exp_temp0.3_nodelim_norole_nocot,US citizens,Per,,fp,
qwen3_14b,participants,lusa_76,cls_exp_temp0.3_nodelim_norole_nocot,an advisor to Donald Trump,N/A,,fp,
qwen3_14b,participants,lusa_76,cls_exp_temp0.3_nodelim_norole_nocot,Damascus regime,N/A,,fp,
qwen3_14b,participants,lusa_76,cls_exp_temp0.3_nodelim_norole_nocot,Austin Tice,N/A,,fp,
qwen3_14b,participants,lusa_76,cls_exp_temp0.3_nodelim_norole_nocot,US,N/A,,fp,
qwen3_14b,participants,lusa_76,cls_exp_temp0.3_nodelim_norole_nocot,He,N/A,,fp,
qwen3_14b,participants,lusa_76,cls_exp_temp0.3_nodelim_norole_nocot,US embassy,N/A,,fp,
qwen3_14b,participants,lusa_76,cls_exp_temp0.3_nodelim_norole_nocot,one,,Loc,fn,
qwen3_14b,participants,lusa_76,cls_exp_temp0.3_nodelim_norole_nocot,who,,Per,fn,
qwen3_14b,participants,lusa_76,cls_exp_temp0.3_nodelim_norole_nocot,information,,Other,fn,
qwen3_14b,participants,lusa_76,cls_exp_temp0.3_nodelim_norole_nocot,a Texas journalist,,Per,fn,
qwen3_14b,participants,lusa_76,cls_exp_temp0.3_nodelim_norole_nocot,-old clinical psychologist,,Per,fn,
qwen3_14b,participants,lusa_76,cls_exp_temp0.3_nodelim_norole_nocot,whom ,,Per,fn,
qwen3_14b,participants,lusa_76,cls_exp_temp0.3_nodelim_norole_nocot,an advisor,,Per,fn,
qwen3_14b,participants,lusa_76,cls_exp_temp0.3_nodelim_norole_nocot,A White House,,Org,fn,
qwen3_14b,participants,lusa_76,cls_exp_temp0.3_nodelim_norole_nocot,the US embassy,,Org,fn,
qwen3_14b,participants,lusa_76,cls_exp_temp0.3_nodelim_norole_nocot,other missing,,Per,fn,
qwen3_14b,participants,lusa_76,cls_exp_temp0.3_nodelim_norole_nocot,the US,,Loc,fn,
qwen3_14b,participants,lusa_76,cls_exp_temp0.3_nodelim_norole_nocot,the,,Loc,fn,
qwen3_14b,participants,lusa_76,cls_exp_temp0.3_nodelim_norole_nocot,a high-level,,Per,fn,
qwen3_14b,participants,lusa_76,cls_exp_temp0.3_nodelim_norole_nocot,a Texas,,Loc,fn,
qwen3_14b,participants,lusa_78,cls_exp_temp0.3_nodelim_norole_nocot,the victim,N/A,Per,tp,
qwen3_14b,participants,lusa_78,cls_exp_temp0.3_nodelim_norole_nocot,his friend,N/A,Per,tp,
qwen3_14b,participants,lusa_78,cls_exp_temp0.3_nodelim_norole_nocot,her,N/A,Per,tp,
qwen3_14b,participants,lusa_78,cls_exp_temp0.3_nodelim_norole_nocot,the woman,N/A,Per,tp,
qwen3_14b,participants,lusa_78,cls_exp_temp0.3_nodelim_norole_nocot,the Regional Prosecutor's Office,N/A,Org,tp,
qwen3_14b,participants,lusa_78,cls_exp_temp0.3_nodelim_norole_nocot,the defendant,N/A,Per,tp,
qwen3_14b,participants,lusa_78,cls_exp_temp0.3_nodelim_norole_nocot,The Guimarães court,N/A,Org,tp,
qwen3_14b,participants,lusa_78,cls_exp_temp0.3_nodelim_norole_nocot,a man,N/A,Per,tp,
qwen3_14b,participants,lusa_78,cls_exp_temp0.3_nodelim_norole_nocot,Guimarães,N/A,Loc,tp,
qwen3_14b,participants,lusa_78,cls_exp_temp0.3_nodelim_norole_nocot,The court,N/A,Org,tp,
qwen3_14b,participants,lusa_78,cls_exp_temp0.3_nodelim_norole_nocot,He,N/A,Per,tp,
qwen3_14b,participants,lusa_78,cls_exp_temp0.3_nodelim_norole_nocot,a possible decision of up to five years in prison,N/A,,fp,
qwen3_14b,participants,lusa_78,cls_exp_temp0.3_nodelim_norole_nocot,prison,N/A,,fp,
qwen3_14b,participants,lusa_78,cls_exp_temp0.3_nodelim_norole_nocot,Regional Prosecutor's Office,N/A,,fp,
qwen3_14b,participants,lusa_78,cls_exp_temp0.3_nodelim_norole_nocot,the sentence,N/A,,fp,
qwen3_14b,participants,lusa_78,cls_exp_temp0.3_nodelim_norole_nocot,the criminal record of the defendant,N/A,,fp,
qwen3_14b,participants,lusa_78,cls_exp_temp0.3_nodelim_norole_nocot,the personality alienated from the legal obligation,N/A,,fp,
qwen3_14b,participants,lusa_78,cls_exp_temp0.3_nodelim_norole_nocot,Guimarães Court,N/A,,fp,
qwen3_14b,participants,lusa_78,cls_exp_temp0.3_nodelim_norole_nocot,the unstructured life he presented,N/A,,fp,
qwen3_14b,participants,lusa_78,cls_exp_temp0.3_nodelim_norole_nocot,its website.,N/A,,fp,
qwen3_14b,participants,lusa_78,cls_exp_temp0.3_nodelim_norole_nocot,he,N/A,,fp,
qwen3_14b,participants,lusa_78,cls_exp_temp0.3_nodelim_norole_nocot,a parish of Guimarães,N/A,,fp,
qwen3_14b,participants,lusa_78,cls_exp_temp0.3_nodelim_norole_nocot,man,N/A,,fp,
qwen3_14b,participants,lusa_78,cls_exp_temp0.3_nodelim_norole_nocot,the court,N/A,,fp,
qwen3_14b,participants,lusa_78,cls_exp_temp0.3_nodelim_norole_nocot,Regional Prosecutor's Office do Porto,N/A,,fp,
qwen3_14b,participants,lusa_78,cls_exp_temp0.3_nodelim_norole_nocot,",",,Per,fn,
qwen3_14b,participants,lusa_78,cls_exp_temp0.3_nodelim_norole_nocot,house,,Loc,fn,
qwen3_14b,participants,lusa_78,cls_exp_temp0.3_nodelim_norole_nocot,on its website,,Other,fn,
qwen3_14b,participants,lusa_78,cls_exp_temp0.3_nodelim_norole_nocot,his,,Org,fn,
qwen3_14b,participants,lusa_78,cls_exp_temp0.3_nodelim_norole_nocot,him,,Per,fn,
qwen3_14b,participants,lusa_78,cls_exp_temp0.3_nodelim_norole_nocot,a friend,,Per,fn,
qwen3_14b,participants,lusa_78,cls_exp_temp0.3_nodelim_norole_nocot,that,,Obj,fn,
qwen3_14b,participants,lusa_78,cls_exp_temp0.3_nodelim_norole_nocot,was,,Per,fn,
qwen3_14b,participants,lusa_78,cls_exp_temp0.3_nodelim_norole_nocot,a parish,,Loc,fn,
qwen3_14b,participants,lusa_78,cls_exp_temp0.3_nodelim_norole_nocot,the personality,,Other,fn,
qwen3_14b,participants,lusa_78,cls_exp_temp0.3_nodelim_norole_nocot,the,,Per,fn,
qwen3_14b,participants,lusa_78,cls_exp_temp0.3_nodelim_norole_nocot,and held her arms,,Other,fn,
qwen3_14b,participants,lusa_78,cls_exp_temp0.3_nodelim_norole_nocot,The ,,Other,fn,
qwen3_14b,participants,lusa_78,cls_exp_temp0.3_nodelim_norole_nocot,clothes,,Obj,fn,
qwen3_14b,participants,lusa_78,cls_exp_temp0.3_nodelim_norole_nocot,home,,Loc,fn,
qwen3_14b,participants,lusa_8,cls_exp_temp0.3_nodelim_norole_nocot,that mammal,N/A,Nat,tp,
qwen3_14b,participants,lusa_8,cls_exp_temp0.3_nodelim_norole_nocot,Angolan province of Bié,Loc,Pl_civil,tp,
qwen3_14b,participants,lusa_8,cls_exp_temp0.3_nodelim_norole_nocot,the peasants,Per,Per,tp,
qwen3_14b,participants,lusa_8,cls_exp_temp0.3_nodelim_norole_nocot,eight people,Per,Per,tp,
qwen3_14b,participants,lusa_8,cls_exp_temp0.3_nodelim_norole_nocot,a hippopotamus,N/A,Nat,tp,
qwen3_14b,participants,lusa_8,cls_exp_temp0.3_nodelim_norole_nocot,Muinha,N/A,Pl_civil,tp,
qwen3_14b,participants,lusa_8,cls_exp_temp0.3_nodelim_norole_nocot,Three people,Per,Per,tp,
qwen3_14b,participants,lusa_8,cls_exp_temp0.3_nodelim_norole_nocot,public radio,Org,Org,tp,
qwen3_14b,participants,lusa_8,cls_exp_temp0.3_nodelim_norole_nocot,the river,N/A,Pl_water,tp,
qwen3_14b,participants,lusa_8,cls_exp_temp0.3_nodelim_norole_nocot,a child,Per,Per,tp,
qwen3_14b,participants,lusa_8,cls_exp_temp0.3_nodelim_norole_nocot,the municipality of Camacupa,Loc,Pl_civil,tp,
qwen3_14b,participants,lusa_8,cls_exp_temp0.3_nodelim_norole_nocot,Baptista Sambango,N/A,Per,tp,
qwen3_14b,participants,lusa_8,cls_exp_temp0.3_nodelim_norole_nocot,the municipal administrator,N/A,Per,tp,
qwen3_14b,participants,lusa_8,cls_exp_temp0.3_nodelim_norole_nocot,the population,N/A,Per,tp,
qwen3_14b,participants,lusa_8,cls_exp_temp0.3_nodelim_norole_nocot,the dead,Per,Per,tp,
qwen3_14b,participants,lusa_8,cls_exp_temp0.3_nodelim_norole_nocot,The communal administrator of Muinha,N/A,,fp,
qwen3_14b,participants,lusa_8,cls_exp_temp0.3_nodelim_norole_nocot,one of the survivors,Per,,fp,
qwen3_14b,participants,lusa_8,cls_exp_temp0.3_nodelim_norole_nocot,the Angolan province of Bié,Loc,,fp,
qwen3_14b,participants,lusa_8,cls_exp_temp0.3_nodelim_norole_nocot,hippopotamus attack,N/A,,fp,
qwen3_14b,participants,lusa_8,cls_exp_temp0.3_nodelim_norole_nocot,Kwanza River,Loc,,fp,
qwen3_14b,participants,lusa_8,cls_exp_temp0.3_nodelim_norole_nocot,river,N/A,,fp,
qwen3_14b,participants,lusa_8,cls_exp_temp0.3_nodelim_norole_nocot,bridge,N/A,,fp,
qwen3_14b,participants,lusa_8,cls_exp_temp0.3_nodelim_norole_nocot,the artisanal boat,Obj,,fp,
qwen3_14b,participants,lusa_8,cls_exp_temp0.3_nodelim_norole_nocot,Sunday night,N/A,,fp,
qwen3_14b,participants,lusa_8,cls_exp_temp0.3_nodelim_norole_nocot,the attack,N/A,,fp,
qwen3_14b,participants,lusa_8,cls_exp_temp0.3_nodelim_norole_nocot,hippopotamus,N/A,,fp,
qwen3_14b,participants,lusa_8,cls_exp_temp0.3_nodelim_norole_nocot,Bié,Loc,,fp,
qwen3_14b,participants,lusa_8,cls_exp_temp0.3_nodelim_norole_nocot,Three dead,N/A,,fp,
qwen3_14b,participants,lusa_8,cls_exp_temp0.3_nodelim_norole_nocot,The communal administrator,,Per,fn,
qwen3_14b,participants,lusa_8,cls_exp_temp0.3_nodelim_norole_nocot,one,,Per,fn,
qwen3_14b,participants,lusa_8,cls_exp_temp0.3_nodelim_norole_nocot,body,,Other,fn,
qwen3_14b,participants,lusa_8,cls_exp_temp0.3_nodelim_norole_nocot,the survivors,,Per,fn,
qwen3_14b,participants,lusa_8,cls_exp_temp0.3_nodelim_norole_nocot,the artisanal,,Veh,fn,
qwen3_14b,participants,lusa_8,cls_exp_temp0.3_nodelim_norole_nocot,the size of the river,,Other,fn,
qwen3_14b,participants,lusa_8,cls_exp_temp0.3_nodelim_norole_nocot,a bridge,,Path,fn,
qwen3_14b,participants,lusa_8,cls_exp_temp0.3_nodelim_norole_nocot,the Kwanza River,,Pl_water,fn,
qwen3_14b,participants,lusa_8,cls_exp_temp0.3_nodelim_norole_nocot,the fields,,Loc,fn,
qwen3_14b,participants,lusa_8,cls_exp_temp0.3_nodelim_norole_nocot,whose,,Per,fn,
qwen3_14b,participants,lusa_8,cls_exp_temp0.3_nodelim_norole_nocot,The ,,Other,fn,
qwen3_14b,participants,lusa_81,cls_exp_temp0.3_nodelim_norole_nocot,the military,N/A,Per,tp,
qwen3_14b,participants,lusa_81,cls_exp_temp0.3_nodelim_norole_nocot,statement,N/A,Obj,tp,
qwen3_14b,participants,lusa_81,cls_exp_temp0.3_nodelim_norole_nocot,the Guard,Org,Org,tp,
qwen3_14b,participants,lusa_81,cls_exp_temp0.3_nodelim_norole_nocot,Paredes,N/A,Loc,tp,
qwen3_14b,participants,lusa_81,cls_exp_temp0.3_nodelim_norole_nocot,two home searches and one non-home search,N/A,,fp,
qwen3_14b,participants,lusa_81,cls_exp_temp0.3_nodelim_norole_nocot,GNR,N/A,,fp,
qwen3_14b,participants,lusa_81,cls_exp_temp0.3_nodelim_norole_nocot,Man,Per,,fp,
qwen3_14b,participants,lusa_81,cls_exp_temp0.3_nodelim_norole_nocot,A 25-year-old man,N/A,,fp,
qwen3_14b,participants,lusa_81,cls_exp_temp0.3_nodelim_norole_nocot,replica firearm,N/A,,fp,
qwen3_14b,participants,lusa_81,cls_exp_temp0.3_nodelim_norole_nocot,seizure of a replica firearm and an extendable baton,N/A,,fp,
qwen3_14b,participants,lusa_81,cls_exp_temp0.3_nodelim_norole_nocot,prohibited weapons,Obj,,fp,
qwen3_14b,participants,lusa_81,cls_exp_temp0.3_nodelim_norole_nocot,the detainee,Per,,fp,
qwen3_14b,participants,lusa_81,cls_exp_temp0.3_nodelim_norole_nocot,extendable baton,N/A,,fp,
qwen3_14b,participants,lusa_81,cls_exp_temp0.3_nodelim_norole_nocot,Paredes Judicial Court,Fac,,fp,
qwen3_14b,participants,lusa_81,cls_exp_temp0.3_nodelim_norole_nocot,an extendable baton,,Obj,fn,
qwen3_14b,participants,lusa_81,cls_exp_temp0.3_nodelim_norole_nocot,an extendable,,Obj,fn,
qwen3_14b,participants,lusa_81,cls_exp_temp0.3_nodelim_norole_nocot,The detainee,,Per,fn,
qwen3_14b,participants,lusa_81,cls_exp_temp0.3_nodelim_norole_nocot,the document,,Obj,fn,
qwen3_14b,participants,lusa_81,cls_exp_temp0.3_nodelim_norole_nocot,the GNR,,Org,fn,
qwen3_14b,participants,lusa_81,cls_exp_temp0.3_nodelim_norole_nocot,his,,Per,fn,
qwen3_14b,participants,lusa_81,cls_exp_temp0.3_nodelim_norole_nocot,Criminal Investigation Center (NIC) of Penafiel,,Org,fn,
qwen3_14b,participants,lusa_81,cls_exp_temp0.3_nodelim_norole_nocot,the Paredes Judicial Court,,Org,fn,
qwen3_14b,participants,lusa_81,cls_exp_temp0.3_nodelim_norole_nocot,a replica firearm,,Obj,fn,
qwen3_14b,participants,lusa_81,cls_exp_temp0.3_nodelim_norole_nocot,prohibited weapon,,Obj,fn,
qwen3_14b,participants,lusa_81,cls_exp_temp0.3_nodelim_norole_nocot,"A 25-year-old man, with",,Per,fn,
qwen3_14b,participants,lusa_82,cls_exp_temp0.3_nodelim_norole_nocot,the maritime authority,Org,Org,tp,
qwen3_14b,participants,lusa_82,cls_exp_temp0.3_nodelim_norole_nocot,The Maritime Police,N/A,Org,tp,
qwen3_14b,participants,lusa_82,cls_exp_temp0.3_nodelim_norole_nocot,the water,N/A,Nat,tp,
qwen3_14b,participants,lusa_82,cls_exp_temp0.3_nodelim_norole_nocot,Maritime Police,N/A,Org,tp,
qwen3_14b,participants,lusa_82,cls_exp_temp0.3_nodelim_norole_nocot,the Firefighters,Org,Org,tp,
qwen3_14b,participants,lusa_82,cls_exp_temp0.3_nodelim_norole_nocot,Lusa,N/A,Org,tp,
qwen3_14b,participants,lusa_82,cls_exp_temp0.3_nodelim_norole_nocot,Rui Santos Amaral,Per,Per,tp,
qwen3_14b,participants,lusa_82,cls_exp_temp0.3_nodelim_norole_nocot,Vila Nova de Gaia,N/A,Loc,tp,
qwen3_14b,participants,lusa_82,cls_exp_temp0.3_nodelim_norole_nocot,The Sapadores,Org,,fp,
qwen3_14b,participants,lusa_82,cls_exp_temp0.3_nodelim_norole_nocot,Coimbrões,Loc,,fp,
qwen3_14b,participants,lusa_82,cls_exp_temp0.3_nodelim_norole_nocot,Santa Marinha floating pier,Fac,,fp,
qwen3_14b,participants,lusa_82,cls_exp_temp0.3_nodelim_norole_nocot,the Judiciary Police,N/A,,fp,
qwen3_14b,participants,lusa_82,cls_exp_temp0.3_nodelim_norole_nocot,members of the public,N/A,,fp,
qwen3_14b,participants,lusa_82,cls_exp_temp0.3_nodelim_norole_nocot,investigations,N/A,,fp,
qwen3_14b,participants,lusa_82,cls_exp_temp0.3_nodelim_norole_nocot,the arrival,N/A,,fp,
qwen3_14b,participants,lusa_82,cls_exp_temp0.3_nodelim_norole_nocot,the corpse of a man,N/A,,fp,
qwen3_14b,participants,lusa_82,cls_exp_temp0.3_nodelim_norole_nocot,the commander of the Porto captaincy,N/A,,fp,
qwen3_14b,participants,lusa_82,cls_exp_temp0.3_nodelim_norole_nocot,the body,N/A,,fp,
qwen3_14b,participants,lusa_82,cls_exp_temp0.3_nodelim_norole_nocot,the body of a man,Obj,,fp,
qwen3_14b,participants,lusa_82,cls_exp_temp0.3_nodelim_norole_nocot,Body of man,Obj,,fp,
qwen3_14b,participants,lusa_82,cls_exp_temp0.3_nodelim_norole_nocot,Douro River,N/A,,fp,
qwen3_14b,participants,lusa_82,cls_exp_temp0.3_nodelim_norole_nocot,the Santa Marinha floating pier,,Loc,fn,
qwen3_14b,participants,lusa_82,cls_exp_temp0.3_nodelim_norole_nocot,a man aged around 60,,Per,fn,
qwen3_14b,participants,lusa_82,cls_exp_temp0.3_nodelim_norole_nocot,The Sapadores from Vila Nova de Gaia,,Org,fn,
qwen3_14b,participants,lusa_82,cls_exp_temp0.3_nodelim_norole_nocot,the “body,,Other,fn,
qwen3_14b,participants,lusa_82,cls_exp_temp0.3_nodelim_norole_nocot,who,,Per,fn,
qwen3_14b,participants,lusa_82,cls_exp_temp0.3_nodelim_norole_nocot,the Douro River,,Nat,fn,
qwen3_14b,participants,lusa_82,cls_exp_temp0.3_nodelim_norole_nocot,public,,Per,fn,
qwen3_14b,participants,lusa_82,cls_exp_temp0.3_nodelim_norole_nocot,the scene,,Loc,fn,
qwen3_14b,participants,lusa_82,cls_exp_temp0.3_nodelim_norole_nocot,Porto captaincy,,Org,fn,
qwen3_14b,participants,lusa_82,cls_exp_temp0.3_nodelim_norole_nocot,the commander,,Per,fn,
qwen3_14b,participants,lusa_82,cls_exp_temp0.3_nodelim_norole_nocot,The corpse,,Other,fn,
qwen3_14b,participants,lusa_82,cls_exp_temp0.3_nodelim_norole_nocot,Judiciary Police,,Org,fn,
qwen3_14b,participants,lusa_82,cls_exp_temp0.3_nodelim_norole_nocot,a man,,Per,fn,
qwen3_14b,participants,lusa_82,cls_exp_temp0.3_nodelim_norole_nocot,The ,,Other,fn,
qwen3_14b,participants,lusa_84,cls_exp_temp0.3_nodelim_norole_nocot,the man,Per,Per,tp,
qwen3_14b,participants,lusa_84,cls_exp_temp0.3_nodelim_norole_nocot,the tree,N/A,Nat,tp,
qwen3_14b,participants,lusa_84,cls_exp_temp0.3_nodelim_norole_nocot,A man aged around 50,N/A,Per,tp,
qwen3_14b,participants,lusa_84,cls_exp_temp0.3_nodelim_norole_nocot,The GNR,N/A,Org,tp,
qwen3_14b,participants,lusa_84,cls_exp_temp0.3_nodelim_norole_nocot,Milhazes,N/A,Loc,tp,
qwen3_14b,participants,lusa_84,cls_exp_temp0.3_nodelim_norole_nocot,the municipality of Barcelos,N/A,Loc,tp,
qwen3_14b,participants,lusa_84,cls_exp_temp0.3_nodelim_norole_nocot,a large tree,N/A,Nat,tp,
qwen3_14b,participants,lusa_84,cls_exp_temp0.3_nodelim_norole_nocot,Barcelos,Loc,,fp,
qwen3_14b,participants,lusa_84,cls_exp_temp0.3_nodelim_norole_nocot,Barcelinhos Volunteer Firefighters,N/A,,fp,
qwen3_14b,participants,lusa_84,cls_exp_temp0.3_nodelim_norole_nocot,Man,Per,,fp,
qwen3_14b,participants,lusa_84,cls_exp_temp0.3_nodelim_norole_nocot,a source,N/A,,fp,
qwen3_14b,participants,lusa_84,cls_exp_temp0.3_nodelim_norole_nocot,emergency and resuscitation medical vehicle,N/A,,fp,
qwen3_14b,participants,lusa_84,cls_exp_temp0.3_nodelim_norole_nocot,Braga District Relief Operations Command,N/A,,fp,
qwen3_14b,participants,lusa_84,cls_exp_temp0.3_nodelim_norole_nocot,large tree,N/A,,fp,
qwen3_14b,participants,lusa_84,cls_exp_temp0.3_nodelim_norole_nocot,the Barcelinhos Volunteer Firefighters,,Org,fn,
qwen3_14b,participants,lusa_84,cls_exp_temp0.3_nodelim_norole_nocot,source,,Per,fn,
qwen3_14b,participants,lusa_84,cls_exp_temp0.3_nodelim_norole_nocot,the source,,Per,fn,
qwen3_14b,participants,lusa_84,cls_exp_temp0.3_nodelim_norole_nocot,the Braga District Relief Operations Command,,Org,fn,
qwen3_14b,participants,lusa_84,cls_exp_temp0.3_nodelim_norole_nocot,the scene,,Loc,fn,
qwen3_14b,participants,lusa_84,cls_exp_temp0.3_nodelim_norole_nocot,the first information,,Other,fn,
qwen3_14b,participants,lusa_84,cls_exp_temp0.3_nodelim_norole_nocot,an emergency and resuscitation medical vehicle,,Obj,fn,
qwen3_14b,participants,lusa_84,cls_exp_temp0.3_nodelim_norole_nocot,the,,Nat,fn,
qwen3_14b,participants,lusa_84,cls_exp_temp0.3_nodelim_norole_nocot,initial information,,Other,fn,
qwen3_14b,participants,lusa_85,cls_exp_temp0.3_nodelim_norole_nocot,sources,N/A,Per,tp,
qwen3_14b,participants,lusa_85,cls_exp_temp0.3_nodelim_norole_nocot,the man,N/A,Per,tp,
qwen3_14b,participants,lusa_85,cls_exp_temp0.3_nodelim_norole_nocot,The same sources,N/A,Per,tp,
qwen3_14b,participants,lusa_85,cls_exp_temp0.3_nodelim_norole_nocot,the Bica area,Loc,Loc,tp,
qwen3_14b,participants,lusa_85,cls_exp_temp0.3_nodelim_norole_nocot,Civil Protection,Org,Org,tp,
qwen3_14b,participants,lusa_85,cls_exp_temp0.3_nodelim_norole_nocot,vehicles,N/A,Obj,tp,
qwen3_14b,participants,lusa_85,cls_exp_temp0.3_nodelim_norole_nocot,A 61-year-old man,Per,Per,tp,
qwen3_14b,participants,lusa_85,cls_exp_temp0.3_nodelim_norole_nocot,the Portalegre hospital,N/A,Org,tp,
qwen3_14b,participants,lusa_85,cls_exp_temp0.3_nodelim_norole_nocot,the doctor,N/A,Per,tp,
qwen3_14b,participants,lusa_85,cls_exp_temp0.3_nodelim_norole_nocot,the parish of Beirã,N/A,Loc,tp,
qwen3_14b,participants,lusa_85,cls_exp_temp0.3_nodelim_norole_nocot,VMER,N/A,Obj,tp,
qwen3_14b,participants,lusa_85,cls_exp_temp0.3_nodelim_norole_nocot,Municipal Road 524,Fac,Loc,tp,
qwen3_14b,participants,lusa_85,cls_exp_temp0.3_nodelim_norole_nocot,Lusa agency,N/A,Org,tp,
qwen3_14b,participants,lusa_85,cls_exp_temp0.3_nodelim_norole_nocot,the man's body,N/A,Other,tp,
qwen3_14b,participants,lusa_85,cls_exp_temp0.3_nodelim_norole_nocot,district of Portalegre,Loc,Loc,tp,
qwen3_14b,participants,lusa_85,cls_exp_temp0.3_nodelim_norole_nocot,the municipality of Marvão,Loc,Loc,tp,
qwen3_14b,participants,lusa_85,cls_exp_temp0.3_nodelim_norole_nocot,GNR,N/A,,fp,
qwen3_14b,participants,lusa_85,cls_exp_temp0.3_nodelim_norole_nocot,District Relief Operations Command (CDOS),N/A,,fp,
qwen3_14b,participants,lusa_85,cls_exp_temp0.3_nodelim_norole_nocot,Firefighters,N/A,,fp,
qwen3_14b,participants,lusa_85,cls_exp_temp0.3_nodelim_norole_nocot,Marvão corporation,N/A,,fp,
qwen3_14b,participants,lusa_85,cls_exp_temp0.3_nodelim_norole_nocot,Marvão,Loc,,fp,
qwen3_14b,participants,lusa_85,cls_exp_temp0.3_nodelim_norole_nocot,Portalegre hospital,N/A,,fp,
qwen3_14b,participants,lusa_85,cls_exp_temp0.3_nodelim_norole_nocot,emergency and resuscitation medical vehicle,N/A,,fp,
qwen3_14b,participants,lusa_85,cls_exp_temp0.3_nodelim_norole_nocot,a source,N/A,,fp,
qwen3_14b,participants,lusa_85,cls_exp_temp0.3_nodelim_norole_nocot,61-year-old man,Per,,fp,
qwen3_14b,participants,lusa_85,cls_exp_temp0.3_nodelim_norole_nocot,passenger vehicle,N/A,,fp,
qwen3_14b,participants,lusa_85,cls_exp_temp0.3_nodelim_norole_nocot,the car he was driving,Obj,,fp,
qwen3_14b,participants,lusa_85,cls_exp_temp0.3_nodelim_norole_nocot,Portalegre,N/A,,fp,
qwen3_14b,participants,lusa_85,cls_exp_temp0.3_nodelim_norole_nocot,Forensic Medicine service,N/A,,fp,
qwen3_14b,participants,lusa_85,cls_exp_temp0.3_nodelim_norole_nocot,CDOS,,Org,fn,
qwen3_14b,participants,lusa_85,cls_exp_temp0.3_nodelim_norole_nocot,mobilized,,Per,fn,
qwen3_14b,participants,lusa_85,cls_exp_temp0.3_nodelim_norole_nocot,source,,Per,fn,
qwen3_14b,participants,lusa_85,cls_exp_temp0.3_nodelim_norole_nocot,the Forensic Medicine service,,Org,fn,
qwen3_14b,participants,lusa_85,cls_exp_temp0.3_nodelim_norole_nocot,the GNR,,Org,fn,
qwen3_14b,participants,lusa_85,cls_exp_temp0.3_nodelim_norole_nocot,the District Relief Operations Command (CDOS) of Portalegre,,Org,fn,
qwen3_14b,participants,lusa_85,cls_exp_temp0.3_nodelim_norole_nocot,he,,Obj,fn,
qwen3_14b,participants,lusa_85,cls_exp_temp0.3_nodelim_norole_nocot,the scene,,Loc,fn,
qwen3_14b,participants,lusa_85,cls_exp_temp0.3_nodelim_norole_nocot,the ,,Obj,fn,
qwen3_14b,participants,lusa_85,cls_exp_temp0.3_nodelim_norole_nocot,the passenger vehicle,,Obj,fn,
qwen3_14b,participants,lusa_85,cls_exp_temp0.3_nodelim_norole_nocot,the emergency and resuscitation medical vehicle (VMER),,Obj,fn,
qwen3_14b,participants,lusa_85,cls_exp_temp0.3_nodelim_norole_nocot,the,,Org,fn,
qwen3_14b,participants,lusa_85,cls_exp_temp0.3_nodelim_norole_nocot,a total of eight elements,,Per,fn,
qwen3_14b,participants,lusa_85,cls_exp_temp0.3_nodelim_norole_nocot,four vehicles,,Obj,fn,
qwen3_14b,participants,lusa_85,cls_exp_temp0.3_nodelim_norole_nocot,the Marvão corporation,,Org,fn,
qwen3_14b,participants,lusa_87,cls_exp_temp0.3_nodelim_norole_nocot,house,N/A,Loc,tp,
qwen3_14b,participants,lusa_87,cls_exp_temp0.3_nodelim_norole_nocot,Câmara de Lobos,N/A,Loc,tp,
qwen3_14b,participants,lusa_87,cls_exp_temp0.3_nodelim_norole_nocot,Leonel Correia da Silva,N/A,Per,tp,
qwen3_14b,participants,lusa_87,cls_exp_temp0.3_nodelim_norole_nocot,Lusa agency,N/A,Org,tp,
qwen3_14b,participants,lusa_87,cls_exp_temp0.3_nodelim_norole_nocot,The mayor,N/A,Per,tp,
qwen3_14b,participants,lusa_87,cls_exp_temp0.3_nodelim_norole_nocot,the house,N/A,Other,tp,
qwen3_14b,participants,lusa_87,cls_exp_temp0.3_nodelim_norole_nocot,Câmara de Lobos firefighters,N/A,Org,tp,
qwen3_14b,participants,lusa_87,cls_exp_temp0.3_nodelim_norole_nocot,councilor of Câmara de Lobos,N/A,,fp,
qwen3_14b,participants,lusa_87,cls_exp_temp0.3_nodelim_norole_nocot,the fire,N/A,,fp,
qwen3_14b,participants,lusa_87,cls_exp_temp0.3_nodelim_norole_nocot,damage,N/A,,fp,
qwen3_14b,participants,lusa_87,cls_exp_temp0.3_nodelim_norole_nocot,source,,Per,fn,
qwen3_14b,participants,lusa_87,cls_exp_temp0.3_nodelim_norole_nocot,"the house, with arson",,Other,fn,
qwen3_14b,participants,lusa_87,cls_exp_temp0.3_nodelim_norole_nocot,the municipality of Câmara de Lobos,,Loc,fn,
qwen3_14b,participants,lusa_87,cls_exp_temp0.3_nodelim_norole_nocot,a house,,Other,fn,
qwen3_14b,participants,lusa_87,cls_exp_temp0.3_nodelim_norole_nocot,the municipality,,Org,fn,
qwen3_14b,participants,lusa_87,cls_exp_temp0.3_nodelim_norole_nocot,that,,Other,fn,
qwen3_14b,participants,lusa_87,cls_exp_temp0.3_nodelim_norole_nocot,the councilor,,Per,fn,
qwen3_14b,participants,lusa_87,cls_exp_temp0.3_nodelim_norole_nocot,the Jardim da Serra parish,,Loc,fn,
qwen3_14b,participants,lusa_87,cls_exp_temp0.3_nodelim_norole_nocot,the councilor of Câmara de Lobos,,Org,fn,
qwen3_14b,participants,lusa_88,cls_exp_temp0.3_nodelim_norole_nocot,the city of Maputo,N/A,Loc,tp,
qwen3_14b,participants,lusa_88,cls_exp_temp0.3_nodelim_norole_nocot,The Police of the Republic of Mozambique (PRM),N/A,Org,tp,
qwen3_14b,participants,lusa_88,cls_exp_temp0.3_nodelim_norole_nocot,a man,N/A,Per,tp,
qwen3_14b,participants,lusa_88,cls_exp_temp0.3_nodelim_norole_nocot,people,N/A,Per,tp,
qwen3_14b,participants,lusa_88,cls_exp_temp0.3_nodelim_norole_nocot,Leonel Muchine,N/A,Per,tp,
qwen3_14b,participants,lusa_88,cls_exp_temp0.3_nodelim_norole_nocot,the corporation's spokesperson,N/A,Per,tp,
qwen3_14b,participants,lusa_88,cls_exp_temp0.3_nodelim_norole_nocot,Covid-19,N/A,,fp,
qwen3_14b,participants,lusa_88,cls_exp_temp0.3_nodelim_norole_nocot,his accomplice,Per,,fp,
qwen3_14b,participants,lusa_88,cls_exp_temp0.3_nodelim_norole_nocot,authorities,N/A,,fp,
qwen3_14b,participants,lusa_88,cls_exp_temp0.3_nodelim_norole_nocot,man,N/A,,fp,
qwen3_14b,participants,lusa_88,cls_exp_temp0.3_nodelim_norole_nocot,Filipe Nyusi,N/A,,fp,
qwen3_14b,participants,lusa_88,cls_exp_temp0.3_nodelim_norole_nocot,Covid-19 test,N/A,,fp,
qwen3_14b,participants,lusa_88,cls_exp_temp0.3_nodelim_norole_nocot,another individual,N/A,,fp,
qwen3_14b,participants,lusa_88,cls_exp_temp0.3_nodelim_norole_nocot,the head of state,N/A,,fp,
qwen3_14b,participants,lusa_88,cls_exp_temp0.3_nodelim_norole_nocot,negative test,Obj,,fp,
qwen3_14b,participants,lusa_88,cls_exp_temp0.3_nodelim_norole_nocot,tourism,N/A,,fp,
qwen3_14b,participants,lusa_88,cls_exp_temp0.3_nodelim_norole_nocot,the police spokesperson.,Per,,fp,
qwen3_14b,participants,lusa_88,cls_exp_temp0.3_nodelim_norole_nocot,Mozambican police,N/A,,fp,
qwen3_14b,participants,lusa_88,cls_exp_temp0.3_nodelim_norole_nocot,Maputo,N/A,,fp,
qwen3_14b,participants,lusa_88,cls_exp_temp0.3_nodelim_norole_nocot,spokesman,N/A,,fp,
qwen3_14b,participants,lusa_88,cls_exp_temp0.3_nodelim_norole_nocot,October 29,N/A,,fp,
qwen3_14b,participants,lusa_88,cls_exp_temp0.3_nodelim_norole_nocot,individual,N/A,,fp,
qwen3_14b,participants,lusa_88,cls_exp_temp0.3_nodelim_norole_nocot,The accused,N/A,,fp,
qwen3_14b,participants,lusa_88,cls_exp_temp0.3_nodelim_norole_nocot,the country,Loc,,fp,
qwen3_14b,participants,lusa_88,cls_exp_temp0.3_nodelim_norole_nocot,A negative Covid-19 test,N/A,,fp,
qwen3_14b,participants,lusa_88,cls_exp_temp0.3_nodelim_norole_nocot,fake tests,N/A,,fp,
qwen3_14b,participants,lusa_88,cls_exp_temp0.3_nodelim_norole_nocot,this individual,,Per,fn,
qwen3_14b,participants,lusa_88,cls_exp_temp0.3_nodelim_norole_nocot,the Mozambican police,,Org,fn,
qwen3_14b,participants,lusa_88,cls_exp_temp0.3_nodelim_norole_nocot,the corporation,,Org,fn,
qwen3_14b,participants,lusa_88,cls_exp_temp0.3_nodelim_norole_nocot,spokesman for the,,Per,fn,
qwen3_14b,participants,lusa_88,cls_exp_temp0.3_nodelim_norole_nocot,we,,Per,fn,
qwen3_14b,participants,lusa_89,cls_exp_temp0.3_nodelim_norole_nocot,Australia,Loc,Loc,tp,
qwen3_14b,participants,lusa_89,cls_exp_temp0.3_nodelim_norole_nocot,The victim,N/A,Per,tp,
qwen3_14b,participants,lusa_89,cls_exp_temp0.3_nodelim_norole_nocot,northwestern Australia,Loc,Loc,tp,
qwen3_14b,participants,lusa_89,cls_exp_temp0.3_nodelim_norole_nocot,The 55-year-old man,Per,Per,tp,
qwen3_14b,participants,lusa_89,cls_exp_temp0.3_nodelim_norole_nocot,The police,N/A,Org,tp,
qwen3_14b,participants,lusa_89,cls_exp_temp0.3_nodelim_norole_nocot,a shark,N/A,Nat,tp,
qwen3_14b,participants,lusa_89,cls_exp_temp0.3_nodelim_norole_nocot,shark,N/A,Nat,tp,
qwen3_14b,participants,lusa_89,cls_exp_temp0.3_nodelim_norole_nocot,the Indian Ocean,N/A,Nat,tp,
qwen3_14b,participants,lusa_89,cls_exp_temp0.3_nodelim_norole_nocot,A man,N/A,Per,tp,
qwen3_14b,participants,lusa_89,cls_exp_temp0.3_nodelim_norole_nocot,police,N/A,Org,tp,
qwen3_14b,participants,lusa_89,cls_exp_temp0.3_nodelim_norole_nocot,the beach,Loc,Loc,tp,
qwen3_14b,participants,lusa_89,cls_exp_temp0.3_nodelim_norole_nocot,a beach,N/A,Loc,tp,
qwen3_14b,participants,lusa_89,cls_exp_temp0.3_nodelim_norole_nocot,the shark,N/A,Nat,tp,
qwen3_14b,participants,lusa_89,cls_exp_temp0.3_nodelim_norole_nocot,international agencies,N/A,Org,tp,
qwen3_14b,participants,lusa_89,cls_exp_temp0.3_nodelim_norole_nocot,the tourist beach of Cable,Loc,,fp,
qwen3_14b,participants,lusa_89,cls_exp_temp0.3_nodelim_norole_nocot,Man,Per,,fp,
qwen3_14b,participants,lusa_89,cls_exp_temp0.3_nodelim_norole_nocot,paramedics,N/A,,fp,
qwen3_14b,participants,lusa_89,cls_exp_temp0.3_nodelim_norole_nocot,northwest Australia,Loc,,fp,
qwen3_14b,participants,lusa_89,cls_exp_temp0.3_nodelim_norole_nocot,the western coast of Australia,N/A,,fp,
qwen3_14b,participants,lusa_89,cls_exp_temp0.3_nodelim_norole_nocot,beach,Loc,,fp,
qwen3_14b,participants,lusa_89,cls_exp_temp0.3_nodelim_norole_nocot,shark attacks,N/A,,fp,
qwen3_14b,participants,lusa_89,cls_exp_temp0.3_nodelim_norole_nocot,the attack,N/A,,fp,
qwen3_14b,participants,lusa_89,cls_exp_temp0.3_nodelim_norole_nocot,the area,Loc,,fp,
qwen3_14b,participants,lusa_89,cls_exp_temp0.3_nodelim_norole_nocot,the tourist beach,,Loc,fn,
qwen3_14b,participants,lusa_89,cls_exp_temp0.3_nodelim_norole_nocot,then paramedics,,Per,fn,
qwen3_14b,participants,lusa_89,cls_exp_temp0.3_nodelim_norole_nocot,the water,,Nat,fn,
qwen3_14b,participants,lusa_89,cls_exp_temp0.3_nodelim_norole_nocot,nine people,,Per,fn,
qwen3_14b,participants,lusa_89,cls_exp_temp0.3_nodelim_norole_nocot,The number,,Other,fn,
qwen3_14b,participants,lusa_89,cls_exp_temp0.3_nodelim_norole_nocot,no,,Per,fn,
qwen3_14b,participants,lusa_89,cls_exp_temp0.3_nodelim_norole_nocot,"2,210 adult white sharks",,Nat,fn,
qwen3_14b,participants,lusa_89,cls_exp_temp0.3_nodelim_norole_nocot,the thigh,,Other,fn,
qwen3_14b,participants,lusa_89,cls_exp_temp0.3_nodelim_norole_nocot,the scene,,Loc,fn,
qwen3_14b,participants,lusa_89,cls_exp_temp0.3_nodelim_norole_nocot,eight,,Other,fn,
qwen3_14b,participants,lusa_89,cls_exp_temp0.3_nodelim_norole_nocot,his hand,,Other,fn,
qwen3_14b,participants,lusa_89,cls_exp_temp0.3_nodelim_norole_nocot,the,,Loc,fn,
qwen3_14b,participants,lusa_89,cls_exp_temp0.3_nodelim_norole_nocot,the government scientific agency CSIRO,,Org,fn,
qwen3_14b,participants,lusa_89,cls_exp_temp0.3_nodelim_norole_nocot,studies,,Obj,fn,
qwen3_14b,participants,lusa_89,cls_exp_temp0.3_nodelim_norole_nocot,the western coast,,Loc,fn,
qwen3_14b,participants,lusa_89,cls_exp_temp0.3_nodelim_norole_nocot,which,,Nat,fn,
qwen3_14b,participants,lusa_89,cls_exp_temp0.3_nodelim_norole_nocot,22 kilometers of white sand,,Nat,fn,
qwen3_14b,participants,lusa_89,cls_exp_temp0.3_nodelim_norole_nocot,27,,Other,fn,
qwen3_14b,participants,lusa_89,cls_exp_temp0.3_nodelim_norole_nocot,him,,Per,fn,
qwen3_14b,participants,lusa_89,cls_exp_temp0.3_nodelim_norole_nocot,remained,,Nat,fn,
qwen3_14b,participants,lusa_89,cls_exp_temp0.3_nodelim_norole_nocot,its,,Loc,fn,
qwen3_14b,participants,lusa_89,cls_exp_temp0.3_nodelim_norole_nocot,the country,,Loc,fn,
qwen3_14b,participants,lusa_9,cls_exp_temp0.3_nodelim_norole_nocot,the press release,N/A,Obj,tp,
qwen3_14b,participants,lusa_9,cls_exp_temp0.3_nodelim_norole_nocot,the man,N/A,Per,tp,
qwen3_14b,participants,lusa_9,cls_exp_temp0.3_nodelim_norole_nocot,The detainee,N/A,Per,tp,
qwen3_14b,participants,lusa_9,cls_exp_temp0.3_nodelim_norole_nocot,GNR,N/A,Obj,tp,
qwen3_14b,participants,lusa_9,cls_exp_temp0.3_nodelim_norole_nocot,that police force,N/A,Org,tp,
qwen3_14b,participants,lusa_9,cls_exp_temp0.3_nodelim_norole_nocot,the GNR,N/A,Org,tp,
qwen3_14b,participants,lusa_9,cls_exp_temp0.3_nodelim_norole_nocot,A 38-year-old man,N/A,Per,tp,
qwen3_14b,participants,lusa_9,cls_exp_temp0.3_nodelim_norole_nocot,Vila do Conde,N/A,Pl_civil,tp,
qwen3_14b,participants,lusa_9,cls_exp_temp0.3_nodelim_norole_nocot,the vehicle,N/A,Veh,tp,
qwen3_14b,participants,lusa_9,cls_exp_temp0.3_nodelim_norole_nocot,The Guard,N/A,Org,tp,
qwen3_14b,participants,lusa_9,cls_exp_temp0.3_nodelim_norole_nocot,the suspect,N/A,Per,tp,
qwen3_14b,participants,lusa_9,cls_exp_temp0.3_nodelim_norole_nocot,Porto Prison,N/A,,fp,
qwen3_14b,participants,lusa_9,cls_exp_temp0.3_nodelim_norole_nocot,prison,N/A,,fp,
qwen3_14b,participants,lusa_9,cls_exp_temp0.3_nodelim_norole_nocot,cocaine,N/A,,fp,
qwen3_14b,participants,lusa_9,cls_exp_temp0.3_nodelim_norole_nocot,the arrest,N/A,,fp,
qwen3_14b,participants,lusa_9,cls_exp_temp0.3_nodelim_norole_nocot,warrant,N/A,,fp,
qwen3_14b,participants,lusa_9,cls_exp_temp0.3_nodelim_norole_nocot,heroin,N/A,,fp,
qwen3_14b,participants,lusa_9,cls_exp_temp0.3_nodelim_norole_nocot,the Judicial Court of Vila do Conde,N/A,,fp,
qwen3_14b,participants,lusa_9,cls_exp_temp0.3_nodelim_norole_nocot,drugs,N/A,,fp,
qwen3_14b,participants,lusa_9,cls_exp_temp0.3_nodelim_norole_nocot,Judicial Court of Vila do Conde,N/A,,fp,
qwen3_14b,participants,lusa_9,cls_exp_temp0.3_nodelim_norole_nocot,robbery,,Obj,fn,
qwen3_14b,participants,lusa_9,cls_exp_temp0.3_nodelim_norole_nocot,statement,,Obj,fn,
qwen3_14b,participants,lusa_9,cls_exp_temp0.3_nodelim_norole_nocot,the Porto,,Pl_civil,fn,
qwen3_14b,participants,lusa_9,cls_exp_temp0.3_nodelim_norole_nocot,the Porto Prison and,,Fac,fn,
qwen3_14b,participants,lusa_9,cls_exp_temp0.3_nodelim_norole_nocot,a sentence,,Other,fn,
qwen3_14b,participants,lusa_9,cls_exp_temp0.3_nodelim_norole_nocot,the Judicial Court,,Org,fn,
qwen3_14b,participants,lusa_9,cls_exp_temp0.3_nodelim_norole_nocot,12 doses of heroin,,Other,fn,
qwen3_14b,participants,lusa_9,cls_exp_temp0.3_nodelim_norole_nocot,a prison,,Fac,fn,
qwen3_14b,participants,lusa_9,cls_exp_temp0.3_nodelim_norole_nocot,the Judicial Court of,,Org,fn,
qwen3_14b,participants,lusa_9,cls_exp_temp0.3_nodelim_norole_nocot,the facts,,Other,fn,
qwen3_14b,participants,lusa_9,cls_exp_temp0.3_nodelim_norole_nocot,to the Judicial Court,,Org,fn,
qwen3_14b,participants,lusa_9,cls_exp_temp0.3_nodelim_norole_nocot,nine doses of cocaine,,Other,fn,
qwen3_14b,participants,lusa_9,cls_exp_temp0.3_nodelim_norole_nocot,The ,,Fac,fn,
qwen3_14b,participants,lusa_90,cls_exp_temp0.3_nodelim_norole_nocot,their common daughter,Per,Per,tp,
qwen3_14b,participants,lusa_90,cls_exp_temp0.3_nodelim_norole_nocot,the victim,N/A,Per,tp,
qwen3_14b,participants,lusa_90,cls_exp_temp0.3_nodelim_norole_nocot,Amarante,Loc,Loc,tp,
qwen3_14b,participants,lusa_90,cls_exp_temp0.3_nodelim_norole_nocot,the GNR,N/A,Org,tp,
qwen3_14b,participants,lusa_90,cls_exp_temp0.3_nodelim_norole_nocot,Penafiel,N/A,Loc,tp,
qwen3_14b,participants,lusa_90,cls_exp_temp0.3_nodelim_norole_nocot,The Criminal Instruction Court,N/A,Org,tp,
qwen3_14b,participants,lusa_90,cls_exp_temp0.3_nodelim_norole_nocot,the defendant,N/A,Per,tp,
qwen3_14b,participants,lusa_90,cls_exp_temp0.3_nodelim_norole_nocot,A man,Per,Per,tp,
qwen3_14b,participants,lusa_90,cls_exp_temp0.3_nodelim_norole_nocot,other family members,Per,Per,tp,
qwen3_14b,participants,lusa_90,cls_exp_temp0.3_nodelim_norole_nocot,the 47-year-old man,N/A,Per,tp,
qwen3_14b,participants,lusa_90,cls_exp_temp0.3_nodelim_norole_nocot,his wife,Per,,fp,
qwen3_14b,participants,lusa_90,cls_exp_temp0.3_nodelim_norole_nocot,GNR,Org,,fp,
qwen3_14b,participants,lusa_90,cls_exp_temp0.3_nodelim_norole_nocot,police force,N/A,,fp,
qwen3_14b,participants,lusa_90,cls_exp_temp0.3_nodelim_norole_nocot,him,N/A,,fp,
qwen3_14b,participants,lusa_90,cls_exp_temp0.3_nodelim_norole_nocot,refugee victim,Per,,fp,
qwen3_14b,participants,lusa_90,cls_exp_temp0.3_nodelim_norole_nocot,his 46-year-old wife,N/A,,fp,
qwen3_14b,participants,lusa_90,cls_exp_temp0.3_nodelim_norole_nocot,Man from Amarante,Per,,fp,
qwen3_14b,participants,lusa_90,cls_exp_temp0.3_nodelim_norole_nocot,their youngest daughter,N/A,,fp,
qwen3_14b,participants,lusa_90,cls_exp_temp0.3_nodelim_norole_nocot,Criminal Investigation Court,N/A,,fp,
qwen3_14b,participants,lusa_90,cls_exp_temp0.3_nodelim_norole_nocot,her daughter,Per,,fp,
qwen3_14b,participants,lusa_90,cls_exp_temp0.3_nodelim_norole_nocot,family,,Per,fn,
qwen3_14b,participants,lusa_90,cls_exp_temp0.3_nodelim_norole_nocot,his,,Per,fn,
qwen3_14b,participants,lusa_90,cls_exp_temp0.3_nodelim_norole_nocot,their,,Per,fn,
qwen3_14b,participants,lusa_90,cls_exp_temp0.3_nodelim_norole_nocot,that,,Per,fn,
qwen3_14b,participants,lusa_90,cls_exp_temp0.3_nodelim_norole_nocot,wife,,Per,fn,
qwen3_14b,participants,lusa_90,cls_exp_temp0.3_nodelim_norole_nocot,youngest daughter,,Per,fn,
qwen3_14b,participants,lusa_90,cls_exp_temp0.3_nodelim_norole_nocot,home,,Loc,fn,
qwen3_14b,participants,lusa_90,cls_exp_temp0.3_nodelim_norole_nocot,statement,,Obj,fn,
qwen3_14b,participants,lusa_90,cls_exp_temp0.3_nodelim_norole_nocot,the statement,,Obj,fn,
qwen3_14b,participants,lusa_90,cls_exp_temp0.3_nodelim_norole_nocot,that police force,,Org,fn,
qwen3_14b,participants,lusa_90,cls_exp_temp0.3_nodelim_norole_nocot,who,,Per,fn,
qwen3_14b,participants,lusa_90,cls_exp_temp0.3_nodelim_norole_nocot,the,,Per,fn,
qwen3_14b,participants,lusa_90,cls_exp_temp0.3_nodelim_norole_nocot,the coercive measures,,Other,fn,
qwen3_14b,participants,lusa_90,cls_exp_temp0.3_nodelim_norole_nocot,the victim and her daughter,,Per,fn,
qwen3_14b,participants,lusa_90,cls_exp_temp0.3_nodelim_norole_nocot,46-year-old wife,,Per,fn,
qwen3_14b,participants,lusa_90,cls_exp_temp0.3_nodelim_norole_nocot,a radius of 500 meters,,Other,fn,
qwen3_14b,participants,lusa_90,cls_exp_temp0.3_nodelim_norole_nocot,the Criminal Investigation Court,,Org,fn,
qwen3_14b,participants,lusa_90,cls_exp_temp0.3_nodelim_norole_nocot,their residence,,Loc,fn,
qwen3_14b,participants,lusa_90,cls_exp_temp0.3_nodelim_norole_nocot,any form or means,,Other,fn,
qwen3_14b,participants,lusa_90,cls_exp_temp0.3_nodelim_norole_nocot,approaching,,Per,fn,
qwen3_14b,participants,lusa_90,cls_exp_temp0.3_nodelim_norole_nocot,alcoholic beverages,,Obj,fn,
qwen3_14b,participants,lusa_90,cls_exp_temp0.3_nodelim_norole_nocot,the residence,,Loc,fn,
qwen3_14b,participants,lusa_90,cls_exp_temp0.3_nodelim_norole_nocot,electronic bracelet,,Obj,fn,
qwen3_14b,participants,lusa_91,cls_exp_temp0.3_nodelim_norole_nocot,statement,Obj,Obj,tp,
qwen3_14b,participants,lusa_91,cls_exp_temp0.3_nodelim_norole_nocot,ex-partner,Per,Per,tp,
qwen3_14b,participants,lusa_91,cls_exp_temp0.3_nodelim_norole_nocot,the victim,Per,Per,tp,
qwen3_14b,participants,lusa_91,cls_exp_temp0.3_nodelim_norole_nocot,Man,Per,Per,tp,
qwen3_14b,participants,lusa_91,cls_exp_temp0.3_nodelim_norole_nocot,the GNR,N/A,Org,tp,
qwen3_14b,participants,lusa_91,cls_exp_temp0.3_nodelim_norole_nocot,this police force,Org,Org,tp,
qwen3_14b,participants,lusa_91,cls_exp_temp0.3_nodelim_norole_nocot,electronic bracelet,Obj,Obj,tp,
qwen3_14b,participants,lusa_91,cls_exp_temp0.3_nodelim_norole_nocot,the same places,Loc,Loc,tp,
qwen3_14b,participants,lusa_91,cls_exp_temp0.3_nodelim_norole_nocot,vehicle,N/A,Obj,tp,
qwen3_14b,participants,lusa_91,cls_exp_temp0.3_nodelim_norole_nocot,Gaia,Loc,Loc,tp,
qwen3_14b,participants,lusa_91,cls_exp_temp0.3_nodelim_norole_nocot,Vila Nova de Gaia,N/A,Loc,tp,
qwen3_14b,participants,lusa_91,cls_exp_temp0.3_nodelim_norole_nocot,the detainee,Per,Per,tp,
qwen3_14b,participants,lusa_91,cls_exp_temp0.3_nodelim_norole_nocot,the suspect,Per,Per,tp,
qwen3_14b,participants,lusa_91,cls_exp_temp0.3_nodelim_norole_nocot,A 28-year-old man,N/A,,fp,
qwen3_14b,participants,lusa_91,cls_exp_temp0.3_nodelim_norole_nocot,the victim's vehicle,N/A,,fp,
qwen3_14b,participants,lusa_91,cls_exp_temp0.3_nodelim_norole_nocot,he,N/A,,fp,
qwen3_14b,participants,lusa_91,cls_exp_temp0.3_nodelim_norole_nocot,his ex-partner,N/A,,fp,
qwen3_14b,participants,lusa_91,cls_exp_temp0.3_nodelim_norole_nocot,GNR military,Org,,fp,
qwen3_14b,participants,lusa_91,cls_exp_temp0.3_nodelim_norole_nocot,the 30-year-old victim,Per,,fp,
qwen3_14b,participants,lusa_91,cls_exp_temp0.3_nodelim_norole_nocot,from,,Per,fn,
qwen3_14b,participants,lusa_91,cls_exp_temp0.3_nodelim_norole_nocot,the GNR military,,Per,fn,
qwen3_14b,participants,lusa_91,cls_exp_temp0.3_nodelim_norole_nocot,"old victim, he",,Per,fn,
qwen3_14b,participants,lusa_91,cls_exp_temp0.3_nodelim_norole_nocot,her,,Per,fn,
qwen3_14b,participants,lusa_91,cls_exp_temp0.3_nodelim_norole_nocot,his,,Per,fn,
qwen3_14b,participants,lusa_91,cls_exp_temp0.3_nodelim_norole_nocot,a radius of 800 meters,,Other,fn,
qwen3_14b,participants,lusa_91,cls_exp_temp0.3_nodelim_norole_nocot,"A 28-year-old man, with",,Per,fn,
qwen3_14b,participants,lusa_91,cls_exp_temp0.3_nodelim_norole_nocot,drug,,Obj,fn,
qwen3_14b,participants,lusa_91,cls_exp_temp0.3_nodelim_norole_nocot,any means,,Other,fn,
qwen3_14b,participants,lusa_92,cls_exp_temp0.3_nodelim_norole_nocot,the victim,N/A,Per,tp,
qwen3_14b,participants,lusa_92,cls_exp_temp0.3_nodelim_norole_nocot,the source,N/A,Per,tp,
qwen3_14b,participants,lusa_92,cls_exp_temp0.3_nodelim_norole_nocot,Man,Per,Per,tp,
qwen3_14b,participants,lusa_92,cls_exp_temp0.3_nodelim_norole_nocot,Jesufrei,Loc,Pl_civil,tp,
qwen3_14b,participants,lusa_92,cls_exp_temp0.3_nodelim_norole_nocot,A man,Per,Per,tp,
qwen3_14b,participants,lusa_92,cls_exp_temp0.3_nodelim_norole_nocot,Vila Nova de Famalicão,Loc,Pl_civil,tp,
qwen3_14b,participants,lusa_92,cls_exp_temp0.3_nodelim_norole_nocot,Famalicão,Loc,Pl_civil,tp,
qwen3_14b,participants,lusa_92,cls_exp_temp0.3_nodelim_norole_nocot,three vehicles,N/A,Obj,tp,
qwen3_14b,participants,lusa_92,cls_exp_temp0.3_nodelim_norole_nocot,a roof,Obj,Obj,tp,
qwen3_14b,participants,lusa_92,cls_exp_temp0.3_nodelim_norole_nocot,GNR,N/A,,fp,
qwen3_14b,participants,lusa_92,cls_exp_temp0.3_nodelim_norole_nocot,eight meters,N/A,,fp,
qwen3_14b,participants,lusa_92,cls_exp_temp0.3_nodelim_norole_nocot,firefighters,N/A,,fp,
qwen3_14b,participants,lusa_92,cls_exp_temp0.3_nodelim_norole_nocot,emergency and resuscitation medical vehicle (VMER),N/A,,fp,
qwen3_14b,participants,lusa_92,cls_exp_temp0.3_nodelim_norole_nocot,a source,Per,,fp,
qwen3_14b,participants,lusa_92,cls_exp_temp0.3_nodelim_norole_nocot,six men,N/A,,fp,
qwen3_14b,participants,lusa_92,cls_exp_temp0.3_nodelim_norole_nocot,He,N/A,,fp,
qwen3_14b,participants,lusa_92,cls_exp_temp0.3_nodelim_norole_nocot,Braga District Relief Operations Command,Org,,fp,
qwen3_14b,participants,lusa_92,cls_exp_temp0.3_nodelim_norole_nocot,District Relief Operations Command,,Org,fn,
qwen3_14b,participants,lusa_92,cls_exp_temp0.3_nodelim_norole_nocot,the roof,,Obj,fn,
qwen3_14b,participants,lusa_92,cls_exp_temp0.3_nodelim_norole_nocot,source,,Per,fn,
qwen3_14b,participants,lusa_92,cls_exp_temp0.3_nodelim_norole_nocot,where,,Obj,fn,
qwen3_14b,participants,lusa_92,cls_exp_temp0.3_nodelim_norole_nocot,The GNR,,Org,fn,
qwen3_14b,participants,lusa_92,cls_exp_temp0.3_nodelim_norole_nocot,the Braga District Relief Operations Command,,Org,fn,
qwen3_14b,participants,lusa_92,cls_exp_temp0.3_nodelim_norole_nocot,men ,,Org,fn,
qwen3_14b,participants,lusa_92,cls_exp_temp0.3_nodelim_norole_nocot,the scene,,Pl_civil,fn,
qwen3_14b,participants,lusa_92,cls_exp_temp0.3_nodelim_norole_nocot,around eight meters in height,,Other,fn,
qwen3_14b,participants,lusa_92,cls_exp_temp0.3_nodelim_norole_nocot,between 60 and 65 years old,,Other,fn,
qwen3_14b,participants,lusa_92,cls_exp_temp0.3_nodelim_norole_nocot,Braga,,Pl_civil,fn,
qwen3_14b,participants,lusa_92,cls_exp_temp0.3_nodelim_norole_nocot,an emergency and resuscitation medical vehicle (VMER),,Obj,fn,
qwen3_14b,participants,lusa_92,cls_exp_temp0.3_nodelim_norole_nocot,", totaling six men",,Per,fn,
qwen3_14b,participants,lusa_93,cls_exp_temp0.3_nodelim_norole_nocot,the man,N/A,Per,tp,
qwen3_14b,participants,lusa_93,cls_exp_temp0.3_nodelim_norole_nocot,the source,N/A,Org,tp,
qwen3_14b,participants,lusa_93,cls_exp_temp0.3_nodelim_norole_nocot,Man,Per,Per,tp,
qwen3_14b,participants,lusa_93,cls_exp_temp0.3_nodelim_norole_nocot,the Mirandela area,Loc,Loc,tp,
qwen3_14b,participants,lusa_93,cls_exp_temp0.3_nodelim_norole_nocot,the GNR,Org,Org,tp,
qwen3_14b,participants,lusa_93,cls_exp_temp0.3_nodelim_norole_nocot,The body,Obj,Per,tp,
qwen3_14b,participants,lusa_93,cls_exp_temp0.3_nodelim_norole_nocot,the river,N/A,Nat,tp,
qwen3_14b,participants,lusa_93,cls_exp_temp0.3_nodelim_norole_nocot,authorities,Per,Org,tp,
qwen3_14b,participants,lusa_93,cls_exp_temp0.3_nodelim_norole_nocot,the area,N/A,Loc,tp,
qwen3_14b,participants,lusa_93,cls_exp_temp0.3_nodelim_norole_nocot,the Valverde da Gestosa area,Loc,Loc,tp,
qwen3_14b,participants,lusa_93,cls_exp_temp0.3_nodelim_norole_nocot,Lusa,N/A,Org,tp,
qwen3_14b,participants,lusa_93,cls_exp_temp0.3_nodelim_norole_nocot,Judiciary Police,N/A,Org,tp,
qwen3_14b,participants,lusa_93,cls_exp_temp0.3_nodelim_norole_nocot,the fisherman's belongings,Obj,Obj,tp,
qwen3_14b,participants,lusa_93,cls_exp_temp0.3_nodelim_norole_nocot,A 32-year-old man,Per,Per,tp,
qwen3_14b,participants,lusa_93,cls_exp_temp0.3_nodelim_norole_nocot,the Tua River,N/A,Nat,tp,
qwen3_14b,participants,lusa_93,cls_exp_temp0.3_nodelim_norole_nocot,that security force,N/A,Org,tp,
qwen3_14b,participants,lusa_93,cls_exp_temp0.3_nodelim_norole_nocot,the place,Loc,,fp,
qwen3_14b,participants,lusa_93,cls_exp_temp0.3_nodelim_norole_nocot,Mirandela,Loc,,fp,
qwen3_14b,participants,lusa_93,cls_exp_temp0.3_nodelim_norole_nocot,after midnight,N/A,,fp,
qwen3_14b,participants,lusa_93,cls_exp_temp0.3_nodelim_norole_nocot,the river near the place,,Loc,fn,
qwen3_14b,participants,lusa_93,cls_exp_temp0.3_nodelim_norole_nocot,the fisherman,,Per,fn,
qwen3_14b,participants,lusa_93,cls_exp_temp0.3_nodelim_norole_nocot,information,,Other,fn,
qwen3_14b,participants,lusa_93,cls_exp_temp0.3_nodelim_norole_nocot,the Tua,,Nat,fn,
qwen3_14b,participants,lusa_93,cls_exp_temp0.3_nodelim_norole_nocot,where,,Loc,fn,
qwen3_14b,participants,lusa_93,cls_exp_temp0.3_nodelim_norole_nocot,in Mirandela,,Loc,fn,
qwen3_14b,participants,lusa_93,cls_exp_temp0.3_nodelim_norole_nocot,home,,Loc,fn,
qwen3_14b,participants,lusa_94,cls_exp_temp0.3_nodelim_norole_nocot,Santa Maria da Feira,N/A,Loc,tp,
qwen3_14b,participants,lusa_94,cls_exp_temp0.3_nodelim_norole_nocot,the man,Per,Per,tp,
qwen3_14b,participants,lusa_94,cls_exp_temp0.3_nodelim_norole_nocot,the source,N/A,Per,tp,
qwen3_14b,participants,lusa_94,cls_exp_temp0.3_nodelim_norole_nocot,a well around 25 meters deep,N/A,Obj,tp,
qwen3_14b,participants,lusa_94,cls_exp_temp0.3_nodelim_norole_nocot,Man,Per,Per,tp,
qwen3_14b,participants,lusa_94,cls_exp_temp0.3_nodelim_norole_nocot,the water,N/A,Nat,tp,
qwen3_14b,participants,lusa_94,cls_exp_temp0.3_nodelim_norole_nocot,firefighters,Per,Per,tp,
qwen3_14b,participants,lusa_94,cls_exp_temp0.3_nodelim_norole_nocot,Romariz,N/A,Loc,tp,
qwen3_14b,participants,lusa_94,cls_exp_temp0.3_nodelim_norole_nocot,ropes,Obj,Obj,tp,
qwen3_14b,participants,lusa_94,cls_exp_temp0.3_nodelim_norole_nocot,a 25-meter well,Obj,Obj,tp,
qwen3_14b,participants,lusa_94,cls_exp_temp0.3_nodelim_norole_nocot,the lid,N/A,Obj,tp,
qwen3_14b,participants,lusa_94,cls_exp_temp0.3_nodelim_norole_nocot,A man aged around 60,N/A,Per,tp,
qwen3_14b,participants,lusa_94,cls_exp_temp0.3_nodelim_norole_nocot,the well,N/A,Obj,tp,
qwen3_14b,participants,lusa_94,cls_exp_temp0.3_nodelim_norole_nocot,Lusa.,N/A,,fp,
qwen3_14b,participants,lusa_94,cls_exp_temp0.3_nodelim_norole_nocot,Santa Maria da Feira hospital,Fac,,fp,
qwen3_14b,participants,lusa_94,cls_exp_temp0.3_nodelim_norole_nocot,the depth covered by the water,N/A,,fp,
qwen3_14b,participants,lusa_94,cls_exp_temp0.3_nodelim_norole_nocot,wide-angle team,Obj,,fp,
qwen3_14b,participants,lusa_94,cls_exp_temp0.3_nodelim_norole_nocot,transport,N/A,,fp,
qwen3_14b,participants,lusa_94,cls_exp_temp0.3_nodelim_norole_nocot,the Arrifana Fire Department,N/A,,fp,
qwen3_14b,participants,lusa_94,cls_exp_temp0.3_nodelim_norole_nocot,a neighbor's property,N/A,,fp,
qwen3_14b,participants,lusa_94,cls_exp_temp0.3_nodelim_norole_nocot,hypothermia,N/A,,fp,
qwen3_14b,participants,lusa_94,cls_exp_temp0.3_nodelim_norole_nocot,a source,N/A,,fp,
qwen3_14b,participants,lusa_94,cls_exp_temp0.3_nodelim_norole_nocot,GNR of Santa Maria da Feira,N/A,,fp,
qwen3_14b,participants,lusa_94,cls_exp_temp0.3_nodelim_norole_nocot,the depth,N/A,,fp,
qwen3_14b,participants,lusa_94,cls_exp_temp0.3_nodelim_norole_nocot,the lid of the well,N/A,,fp,
qwen3_14b,participants,lusa_94,cls_exp_temp0.3_nodelim_norole_nocot,the Santa Maria da Feira hospital,,Loc,fn,
qwen3_14b,participants,lusa_94,cls_exp_temp0.3_nodelim_norole_nocot,source,,Per,fn,
qwen3_14b,participants,lusa_94,cls_exp_temp0.3_nodelim_norole_nocot,a wide-angle team,,Per,fn,
qwen3_14b,participants,lusa_94,cls_exp_temp0.3_nodelim_norole_nocot,property,,Other,fn,
qwen3_14b,participants,lusa_94,cls_exp_temp0.3_nodelim_norole_nocot,The GNR,,Org,fn,
qwen3_14b,participants,lusa_94,cls_exp_temp0.3_nodelim_norole_nocot,the Arrifana Fire,,Org,fn,
qwen3_14b,participants,lusa_94,cls_exp_temp0.3_nodelim_norole_nocot,a neighbor,,Per,fn,
qwen3_14b,participants,lusa_94,cls_exp_temp0.3_nodelim_norole_nocot,depth,,Other,fn,
qwen3_14b,participants,lusa_94,cls_exp_temp0.3_nodelim_norole_nocot,the scene,,Loc,fn,
qwen3_14b,participants,lusa_94,cls_exp_temp0.3_nodelim_norole_nocot,on top,,Obj,fn,
qwen3_14b,participants,lusa_94,cls_exp_temp0.3_nodelim_norole_nocot,Lusa,,Org,fn,
qwen3_14b,participants,lusa_95,cls_exp_temp0.3_nodelim_norole_nocot,Lisbon,N/A,Pl_capital,tp,
qwen3_14b,participants,lusa_95,cls_exp_temp0.3_nodelim_norole_nocot,Man,Per,Per,tp,
qwen3_14b,participants,lusa_95,cls_exp_temp0.3_nodelim_norole_nocot,Cartaxo,N/A,Pl_civil,tp,
qwen3_14b,participants,lusa_95,cls_exp_temp0.3_nodelim_norole_nocot,Reguengo,N/A,Pl_civil,tp,
qwen3_14b,participants,lusa_95,cls_exp_temp0.3_nodelim_norole_nocot,the district of Santarém,N/A,Pl_civil,tp,
qwen3_14b,participants,lusa_95,cls_exp_temp0.3_nodelim_norole_nocot,the other victim,N/A,Per,tp,
qwen3_14b,participants,lusa_95,cls_exp_temp0.3_nodelim_norole_nocot,the same source,N/A,Per,tp,
qwen3_14b,participants,lusa_95,cls_exp_temp0.3_nodelim_norole_nocot,the victims,N/A,Per,tp,
qwen3_14b,participants,lusa_95,cls_exp_temp0.3_nodelim_norole_nocot,District Relief Operations Command,N/A,,fp,
qwen3_14b,participants,lusa_95,cls_exp_temp0.3_nodelim_norole_nocot,light vehicle,N/A,,fp,
qwen3_14b,participants,lusa_95,cls_exp_temp0.3_nodelim_norole_nocot,the seriously injured person,N/A,,fp,
qwen3_14b,participants,lusa_95,cls_exp_temp0.3_nodelim_norole_nocot,the website of the National Emergency and Civil Protection Authority,Obj,,fp,
qwen3_14b,participants,lusa_95,cls_exp_temp0.3_nodelim_norole_nocot,Valada,N/A,,fp,
qwen3_14b,participants,lusa_95,cls_exp_temp0.3_nodelim_norole_nocot,A road accident,N/A,,fp,
qwen3_14b,participants,lusa_95,cls_exp_temp0.3_nodelim_norole_nocot,vehicles,Obj,,fp,
qwen3_14b,participants,lusa_95,cls_exp_temp0.3_nodelim_norole_nocot,operatives,Per,,fp,
qwen3_14b,participants,lusa_95,cls_exp_temp0.3_nodelim_norole_nocot,site,Loc,,fp,
qwen3_14b,participants,lusa_95,cls_exp_temp0.3_nodelim_norole_nocot,two men,N/A,,fp,
qwen3_14b,participants,lusa_95,cls_exp_temp0.3_nodelim_norole_nocot,Santarém GNR,N/A,,fp,
qwen3_14b,participants,lusa_95,cls_exp_temp0.3_nodelim_norole_nocot,Hospital de São José,N/A,,fp,
qwen3_14b,participants,lusa_95,cls_exp_temp0.3_nodelim_norole_nocot,a source,N/A,,fp,
qwen3_14b,participants,lusa_95,cls_exp_temp0.3_nodelim_norole_nocot,the Lusa agency,N/A,,fp,
qwen3_14b,participants,lusa_95,cls_exp_temp0.3_nodelim_norole_nocot,Estrada Nacional 2-3,N/A,,fp,
qwen3_14b,participants,lusa_95,cls_exp_temp0.3_nodelim_norole_nocot,National Emergency and Civil Protection Authority,Org,,fp,
qwen3_14b,participants,lusa_95,cls_exp_temp0.3_nodelim_norole_nocot,that,,Org,fn,
qwen3_14b,participants,lusa_95,cls_exp_temp0.3_nodelim_norole_nocot,Nacional 2-3,,Pl_civil,fn,
qwen3_14b,participants,lusa_95,cls_exp_temp0.3_nodelim_norole_nocot,one seriously injured,,Per,fn,
qwen3_14b,participants,lusa_95,cls_exp_temp0.3_nodelim_norole_nocot,in Cartaxo,,Loc,fn,
qwen3_14b,participants,lusa_95,cls_exp_temp0.3_nodelim_norole_nocot,the seriously injured,,Per,fn,
qwen3_14b,participants,lusa_95,cls_exp_temp0.3_nodelim_norole_nocot,a light vehicle,,Obj,fn,
qwen3_14b,participants,lusa_95,cls_exp_temp0.3_nodelim_norole_nocot,who,,Per,fn,
qwen3_14b,participants,lusa_95,cls_exp_temp0.3_nodelim_norole_nocot,the parish of Valada,,Pl_civil,fn,
qwen3_14b,participants,lusa_95,cls_exp_temp0.3_nodelim_norole_nocot,the National Emergency and Civil Protection Authority,,Org,fn,
qwen3_14b,participants,lusa_95,cls_exp_temp0.3_nodelim_norole_nocot,the scene,,Pl_civil,fn,
qwen3_14b,participants,lusa_95,cls_exp_temp0.3_nodelim_norole_nocot,"two men, between 30 and 40 years old",,Per,fn,
qwen3_14b,participants,lusa_95,cls_exp_temp0.3_nodelim_norole_nocot,13 operatives,,Per,fn,
qwen3_14b,participants,lusa_95,cls_exp_temp0.3_nodelim_norole_nocot,the,,Loc,fn,
qwen3_14b,participants,lusa_95,cls_exp_temp0.3_nodelim_norole_nocot,the Santarém GNR,,Org,fn,
qwen3_14b,participants,lusa_95,cls_exp_temp0.3_nodelim_norole_nocot,one dead,,Per,fn,
qwen3_14b,participants,lusa_95,cls_exp_temp0.3_nodelim_norole_nocot,the Hospital de São José,,Fac,fn,
qwen3_14b,participants,lusa_95,cls_exp_temp0.3_nodelim_norole_nocot,five vehicles,,Obj,fn,
qwen3_14b,participants,lusa_95,cls_exp_temp0.3_nodelim_norole_nocot,source,,Per,fn,
qwen3_14b,participants,lusa_95,cls_exp_temp0.3_nodelim_norole_nocot,Lusa agency,,Org,fn,
qwen3_14b,participants,lusa_95,cls_exp_temp0.3_nodelim_norole_nocot,The ,,Other,fn,
qwen3_14b,participants,lusa_95,cls_exp_temp0.3_nodelim_norole_nocot,the website,,Other,fn,
qwen3_14b,participants,lusa_95,cls_exp_temp0.3_nodelim_norole_nocot,the District Relief Operations Command,,Org,fn,
qwen3_14b,participants,lusa_95,cls_exp_temp0.3_nodelim_norole_nocot,Santarém,,Pl_civil,fn,
qwen3_14b,participants,lusa_98,cls_exp_temp0.3_nodelim_norole_nocot,the victim,N/A,Per,tp,
qwen3_14b,participants,lusa_98,cls_exp_temp0.3_nodelim_norole_nocot,the source,N/A,Per,tp,
qwen3_14b,participants,lusa_98,cls_exp_temp0.3_nodelim_norole_nocot,the body,N/A,Other,tp,
qwen3_14b,participants,lusa_98,cls_exp_temp0.3_nodelim_norole_nocot,The detainees,Per,Per,tp,
qwen3_14b,participants,lusa_98,cls_exp_temp0.3_nodelim_norole_nocot,The Judiciary Police (PJ),N/A,Org,tp,
qwen3_14b,participants,lusa_98,cls_exp_temp0.3_nodelim_norole_nocot,a couple,N/A,Per,tp,
qwen3_14b,participants,lusa_98,cls_exp_temp0.3_nodelim_norole_nocot,Dume,N/A,Loc,tp,
qwen3_14b,participants,lusa_98,cls_exp_temp0.3_nodelim_norole_nocot,the suspects,N/A,Per,tp,
qwen3_14b,participants,lusa_98,cls_exp_temp0.3_nodelim_norole_nocot,her house,Obj,Other,tp,
qwen3_14b,participants,lusa_98,cls_exp_temp0.3_nodelim_norole_nocot,Braga,N/A,Loc,tp,
qwen3_14b,participants,lusa_98,cls_exp_temp0.3_nodelim_norole_nocot,a 69-year-old woman,N/A,Per,tp,
qwen3_14b,participants,lusa_98,cls_exp_temp0.3_nodelim_norole_nocot,the house,N/A,Other,tp,
qwen3_14b,participants,lusa_98,cls_exp_temp0.3_nodelim_norole_nocot,PJ,Org,Org,tp,
qwen3_14b,participants,lusa_98,cls_exp_temp0.3_nodelim_norole_nocot,couple,Per,Per,tp,
qwen3_14b,participants,lusa_98,cls_exp_temp0.3_nodelim_norole_nocot,the assets,N/A,,fp,
qwen3_14b,participants,lusa_98,cls_exp_temp0.3_nodelim_norole_nocot,the city of Braga.,Loc,,fp,
qwen3_14b,participants,lusa_98,cls_exp_temp0.3_nodelim_norole_nocot,the path,N/A,,fp,
qwen3_14b,participants,lusa_98,cls_exp_temp0.3_nodelim_norole_nocot,the male member of the couple,N/A,,fp,
qwen3_14b,participants,lusa_98,cls_exp_temp0.3_nodelim_norole_nocot,They,N/A,,fp,
qwen3_14b,participants,lusa_98,cls_exp_temp0.3_nodelim_norole_nocot,he,Per,,fp,
qwen3_14b,participants,lusa_98,cls_exp_temp0.3_nodelim_norole_nocot,a source,N/A,,fp,
qwen3_14b,participants,lusa_98,cls_exp_temp0.3_nodelim_norole_nocot,woman,Per,,fp,
qwen3_14b,participants,lusa_98,cls_exp_temp0.3_nodelim_norole_nocot,Lusa,N/A,,fp,
qwen3_14b,participants,lusa_98,cls_exp_temp0.3_nodelim_norole_nocot,she,Per,,fp,
qwen3_14b,participants,lusa_98,cls_exp_temp0.3_nodelim_norole_nocot,court,N/A,,fp,
qwen3_14b,participants,lusa_98,cls_exp_temp0.3_nodelim_norole_nocot,The victim,N/A,,fp,
qwen3_14b,participants,lusa_98,cls_exp_temp0.3_nodelim_norole_nocot,she is 48 years old,,Per,fn,
qwen3_14b,participants,lusa_98,cls_exp_temp0.3_nodelim_norole_nocot,in Braga,,Loc,fn,
qwen3_14b,participants,lusa_98,cls_exp_temp0.3_nodelim_norole_nocot,that,,Other,fn,
qwen3_14b,participants,lusa_98,cls_exp_temp0.3_nodelim_norole_nocot,told Lusa,,Org,fn,
qwen3_14b,participants,lusa_98,cls_exp_temp0.3_nodelim_norole_nocot,in an urban parish,,Loc,fn,
qwen3_14b,participants,lusa_98,cls_exp_temp0.3_nodelim_norole_nocot,assets,,Other,fn,
qwen3_14b,participants,lusa_98,cls_exp_temp0.3_nodelim_norole_nocot,a woman,,Per,fn,
qwen3_14b,participants,lusa_98,cls_exp_temp0.3_nodelim_norole_nocot,The objective,,Other,fn,
qwen3_14b,participants,lusa_98,cls_exp_temp0.3_nodelim_norole_nocot,with,,Per,fn,
qwen3_14b,participants,lusa_98,cls_exp_temp0.3_nodelim_norole_nocot,in the same municipality,,Loc,fn,
qwen3_14b,participants,lusa_98,cls_exp_temp0.3_nodelim_norole_nocot,source,,Per,fn,
qwen3_14b,participants,lusa_98,cls_exp_temp0.3_nodelim_norole_nocot,her,,Per,fn,
qwen3_14b,participants,lusa_98,cls_exp_temp0.3_nodelim_norole_nocot,where,,Loc,fn,
qwen3_14b,participants,lusa_98,cls_exp_temp0.3_nodelim_norole_nocot,the male member,,Per,fn,
qwen3_14b,participants,lusa_98,cls_exp_temp0.3_nodelim_norole_nocot,that ,,Org,fn,
qwen3_14b,participants,lusa_98,cls_exp_temp0.3_nodelim_norole_nocot,"The victim, aged 69",,Per,fn,
qwen3_14b,participants,lusa_98,cls_exp_temp0.3_nodelim_norole_nocot,him,,Per,fn,
qwen3_14b,participants,lusa_98,cls_exp_temp0.3_nodelim_norole_nocot,on a path,,Loc,fn,
qwen3_14b,participants,lusa_98,cls_exp_temp0.3_nodelim_norole_nocot,the respective coercive measures,,Other,fn,
qwen3_14b,participants,lusa_98,cls_exp_temp0.3_nodelim_norole_nocot,the couple,,Per,fn,
qwen3_14b,participants,lusa_98,cls_exp_temp0.3_nodelim_norole_nocot,he is 61 years old,,Per,fn,
qwen3_14b,participants,lusa_98,cls_exp_temp0.3_nodelim_norole_nocot,in the city of Braga,,Loc,fn,
qwen3_14b,participants,lusa_99,cls_exp_temp0.3_nodelim_norole_nocot,Four operatives,N/A,Per,tp,
qwen3_14b,participants,lusa_99,cls_exp_temp0.3_nodelim_norole_nocot,the victim,Per,Per,tp,
qwen3_14b,participants,lusa_99,cls_exp_temp0.3_nodelim_norole_nocot,Man,Per,Per,tp,
qwen3_14b,participants,lusa_99,cls_exp_temp0.3_nodelim_norole_nocot,A 66-year-old man,N/A,Per,tp,
qwen3_14b,participants,lusa_99,cls_exp_temp0.3_nodelim_norole_nocot,the District Relief Operations Command,N/A,Org,tp,
qwen3_14b,participants,lusa_99,cls_exp_temp0.3_nodelim_norole_nocot,the Lusa agency,N/A,Org,tp,
qwen3_14b,participants,lusa_99,cls_exp_temp0.3_nodelim_norole_nocot,the same source,N/A,Per,tp,
qwen3_14b,participants,lusa_99,cls_exp_temp0.3_nodelim_norole_nocot,two vehicles,N/A,Obj,tp,
qwen3_14b,participants,lusa_99,cls_exp_temp0.3_nodelim_norole_nocot,Coimbra Hospital and University Center,N/A,,fp,
qwen3_14b,participants,lusa_99,cls_exp_temp0.3_nodelim_norole_nocot,Castelo Branco,N/A,,fp,
qwen3_14b,participants,lusa_99,cls_exp_temp0.3_nodelim_norole_nocot,a source,N/A,,fp,
qwen3_14b,participants,lusa_99,cls_exp_temp0.3_nodelim_norole_nocot,Oleiros,N/A,,fp,
qwen3_14b,participants,lusa_99,cls_exp_temp0.3_nodelim_norole_nocot,to the scene,,Loc,fn,
qwen3_14b,participants,lusa_99,cls_exp_temp0.3_nodelim_norole_nocot,source,,Per,fn,
qwen3_14b,participants,lusa_99,cls_exp_temp0.3_nodelim_norole_nocot,a house,,Loc,fn,
qwen3_14b,participants,lusa_99,cls_exp_temp0.3_nodelim_norole_nocot,in Oleiros,,Loc,fn,
qwen3_14b,participants,lusa_99,cls_exp_temp0.3_nodelim_norole_nocot,in the district of Castelo Branco,,Loc,fn,
qwen3_14b,participants,lusa_99,cls_exp_temp0.3_nodelim_norole_nocot,the ,,Org,fn,
qwen3_14b,participants,lusa_99,cls_exp_temp0.3_nodelim_norole_nocot,the Coimbra Hospital and University Center,,Loc,fn,
qwen3_14b,participants,lusa_99,cls_exp_temp0.3_nodelim_norole_nocot,inside,,Loc,fn,
