model,template,entity,precision,recall,f1,f1_r
gemini,ext,participants,0.31007751937984496,0.07339449541284404,0.11869436201780414,0.5928776518019385
gemini,ext_def,participants,0.296551724137931,0.07889908256880734,0.1246376811594203,0.5983239263157738
gemini,cls,participants,0.2879177377892031,0.20550458715596331,0.2398286937901499,0.6556383527166136
gemini,cls_def,participants,0.40524781341107874,0.25504587155963304,0.31306306306306314,0.6808574228280813
gemini,ext_def_exp,participants,0.542,0.4972477064220184,0.5186602870813397,0.6604517312030611
gemini,cls_exp,participants,0.5066889632107023,0.5559633027522936,0.5301837270341206,0.624792558168907
gemini,ext_exp,participants,0.5148514851485149,0.5724770642201835,0.5421372719374458,0.5855382277874945
gemini,cls_def_exp,participants,0.5333333333333333,0.5577981651376147,0.5452914798206279,0.6371012787356214
