model,language,entity,template,variation,doc_id,sentence_id,stage,item,label,confidence
qwen3_14b,portuguese,participants,sent_def_exp,temp0.3_nodelim_norole_nocot,lusa_1,1,detection,,yes,0.95
qwen3_14b,portuguese,participants,ext_def_exp,temp0.3_nodelim_norole_nocot,lusa_1,1,extraction,A GNR,,
qwen3_14b,portuguese,participants,ext_def_exp,temp0.3_nodelim_norole_nocot,lusa_1,1,extraction,uma festa ilegal,,
qwen3_14b,portuguese,participants,ext_def_exp,temp0.3_nodelim_norole_nocot,lusa_1,1,extraction,um bar,,
qwen3_14b,portuguese,participants,ext_def_exp,temp0.3_nodelim_norole_nocot,lusa_1,1,extraction,Corotelo,,
qwen3_14b,portuguese,participants,ext_def_exp,temp0.3_nodelim_norole_nocot,lusa_1,1,extraction,São Brás de Alportel,,
qwen3_14b,portuguese,participants,ext_def_exp,temp0.3_nodelim_norole_nocot,lusa_1,1,extraction,50 pessoas,,
qwen3_14b,portuguese,participants,ext_def_exp,temp0.3_nodelim_norole_nocot,lusa_1,1,extraction,o concelho de São Brás de Alportel,,
qwen3_14b,portuguese,participants,ext_def_exp,temp0.3_nodelim_norole_nocot,lusa_1,1,extraction,num bar,,
qwen3_14b,portuguese,participants,ext_def_exp,temp0.3_nodelim_norole_nocot,lusa_1,1,extraction,Corotelo,,
qwen3_14b,portuguese,participants,ext_def_exp,temp0.3_nodelim_norole_nocot,lusa_1,1,extraction,São Brás de Alportel,,
qwen3_14b,portuguese,participants,ext_def_exp,temp0.3_nodelim_norole_nocot,lusa_1,1,extraction,50 pessoas,,
qwen3_14b,portuguese,participants,ext_def_exp,temp0.3_nodelim_norole_nocot,lusa_1,1,extraction,o concelho de São Brás de Alportel,,
qwen3_14b,portuguese,participants,ext_def_exp,temp0.3_nodelim_norole_nocot,lusa_1,1,extraction,num bar,,
qwen3_14b,portuguese,participants,ext_def_exp,temp0.3_nodelim_norole_nocot,lusa_1,1,extraction,Corotelo,,
qwen3_14b,portuguese,participants,ext_def_exp,temp0.3_nodelim_norole_nocot,lusa_1,1,extraction,São Brás de Alportel,,
qwen3_14b,portuguese,participants,ext_def_exp,temp0.3_nodelim_norole_nocot,lusa_1,1,extraction,50 pessoas,,
qwen3_14b,portuguese,participants,ext_def_exp,temp0.3_nodelim_norole_nocot,lusa_1,1,extraction,o concelho de São Brás de Alportel,,
qwen3_14b,portuguese,participants,ext_def_exp,temp0.3_nodelim_norole_nocot,lusa_1,1,extraction,num bar,,
qwen3_14b,portuguese,participants,ext_def_exp,temp0.3_nodelim_norole_nocot,lusa_1,1,extraction,Corotelo,,
qwen3_14b,portuguese,participants,ext_def_exp,temp0.3_nodelim_norole_nocot,lusa_1,1,extraction,São Brás de Alportel,,
qwen3_14b,portuguese,participants,ext_def_exp,temp0.3_nodelim_norole_nocot,lusa_1,1,extraction,50 pessoas,,
qwen3_14b,portuguese,participants,ext_def_exp,temp0.3_nodelim_norole_nocot,lusa_1,1,extraction,o concelho de São Brás de Alportel,,
qwen3_14b,portuguese,participants,ext_def_exp,temp0.3_nodelim_norole_nocot,lusa_1,1,extraction,num bar,,
qwen3_14b,portuguese,participants,ext_def_exp,temp0.3_nodelim_norole_nocot,lusa_1,1,extraction,Corotelo,,
qwen3_14b,portuguese,participants,ext_def_exp,temp0.3_nodelim_norole_nocot,lusa_1,1,extraction,São Brás de Alportel,,
qwen3_14b,portuguese,participants,ext_def_exp,temp0.3_nodelim_norole_nocot,lusa_1,1,extraction,50 pessoas,,
qwen3_14b,portuguese,participants,ext_def_exp,temp0.3_nodelim_norole_nocot,lusa_1,1,extraction,o concelho de São Brás de Alportel,,
qwen3_14b,portuguese,participants,ext_def_exp,temp0.3_nodelim_norole_nocot,lusa_1,1,extraction,num bar,,
qwen3_14b,portuguese,participants,ext_def_exp,temp0.3_nodelim_norole_nocot,lusa_1,1,extraction,Corotelo,,
qwen3_14b,portuguese,participants,ext_def_exp,temp0.3_nodelim_norole_nocot,lusa_1,1,extraction,São Brás de Alportel,,
qwen3_14b,portuguese,participants,ext_def_exp,temp0.3_nodelim_norole_nocot,lusa_1,1,extraction,50 pessoas,,
qwen3_14b,portuguese,participants,ext_def_exp,temp0.3_nodelim_norole_nocot,lusa_1,1,extraction,o concelho de São Brás de Alportel,,
qwen3_14b,portuguese,participants,ext_def_exp,temp0.3_nodelim_norole_nocot,lusa_1,1,extraction,num bar,,
qwen3_14b,portuguese,participants,ext_def_exp,temp0.3_nodelim_norole_nocot,lusa_1,1,extraction,Corotelo,,
qwen3_14b,portuguese,participants,ext_def_exp,temp0.3_nodelim_norole_nocot,lusa_1,1,extraction,São Brás de Alportel,,
qwen3_14b,portuguese,participants,ext_def_exp,temp0.3_nodelim_norole_nocot,lusa_1,1,extraction,50 pessoas,,
qwen3_14b,portuguese,participants,ext_def_exp,temp0.3_nodelim_norole_nocot,lusa_1,1,extraction,o concelho de São Brás de Alportel,,
qwen3_14b,portuguese,participants,ext_def_exp,temp0.3_nodelim_norole_nocot,lusa_1,1,extraction,num bar,,
qwen3_14b,portuguese,participants,ext_def_exp,temp0.3_nodelim_norole_nocot,lusa_1,1,extraction,Corotelo,,
qwen3_14b,portuguese,participants,ext_def_exp,temp0.3_nodelim_norole_nocot,lusa_1,1,extraction,São Brás de Alportel,,
qwen3_14b,portuguese,participants,ext_def_exp,temp0.3_nodelim_norole_nocot,lusa_1,1,extraction,50 pessoas,,
qwen3_14b,portuguese,participants,ext_def_exp,temp0.3_nodelim_norole_nocot,lusa_1,1,extraction,o concelho de São Brás de Alportel,,
qwen3_14b,portuguese,participants,ext_def_exp,temp0.3_nodelim_norole_nocot,lusa_1,1,extraction,num bar,,
qwen3_14b,portuguese,participants,ext_def_exp,temp0.3_nodelim_norole_nocot,lusa_1,1,extraction,Corotelo,,
qwen3_14b,portuguese,participants,ext_def_exp,temp0.3_nodelim_norole_nocot,lusa_1,1,extraction,São Brás de Alportel,,
qwen3_14b,portuguese,participants,ext_def_exp,temp0.3_nodelim_norole_nocot,lusa_1,1,extraction,50 pessoas,,
qwen3_14b,portuguese,participants,ext_def_exp,temp0.3_nodelim_norole_nocot,lusa_1,1,extraction,o concelho de São Brás de Alportel,,
qwen3_14b,portuguese,participants,ext_def_exp,temp0.3_nodelim_norole_nocot,lusa_1,1,extraction,num bar,,
qwen3_14b,portuguese,participants,ext_def_exp,temp0.3_nodelim_norole_nocot,lusa_1,1,extraction,Corotelo,,
qwen3_14b,portuguese,participants,ext_def_exp,temp0.3_nodelim_norole_nocot,lusa_1,1,extraction,São Brás de Alportel,,
qwen3_14b,portuguese,participants,ext_def_exp,temp0.3_nodelim_norole_nocot,lusa_1,1,extraction,50 pessoas,,
qwen3_14b,portuguese,participants,ext_def_exp,temp0.3_nodelim_norole_nocot,lusa_1,1,extraction,o concelho de São Brás de Alportel,,
qwen3_14b,portuguese,participants,ext_def_exp,temp0.3_nodelim_norole_nocot,lusa_1,1,extraction,num bar,,
qwen3_14b,portuguese,participants,ext_def_exp,temp0.3_nodelim_norole_nocot,lusa_1,1,extraction,Corotelo,,
qwen3_14b,portuguese,participants,ext_def_exp,temp0.3_nodelim_norole_nocot,lusa_1,1,extraction,São Brás de Alportel,,
qwen3_14b,portuguese,participants,ext_def_exp,temp0.3_nodelim_norole_nocot,lusa_1,1,extraction,50 pessoas,,
qwen3_14b,portuguese,participants,ext_def_exp,temp0.3_nodelim_norole_nocot,lusa_1,1,extraction,o concelho de São Brás de Alportel,,
qwen3_14b,portuguese,participants,ext_def_exp,temp0.3_nodelim_norole_nocot,lusa_1,1,extraction,num bar,,
qwen3_14b,portuguese,participants,ext_def_exp,temp0.3_nodelim_norole_nocot,lusa_1,1,extraction,Corotelo,,
qwen3_14b,portuguese,participants,ext_def_exp,temp0.3_nodelim_norole_nocot,lusa_1,1,extraction,São Brás de Alportel,,
qwen3_14b,portuguese,participants,ext_def_exp,temp0.3_nodelim_norole_nocot,lusa_1,1,extraction,50 pessoas,,
qwen3_14b,portuguese,participants,ext_def_exp,temp0.3_nodelim_norole_nocot,lusa_1,1,extraction,o concelho de São Brás de Alportel,,
qwen3_14b,portuguese,participants,ext_def_exp,temp0.3_nodelim_norole_nocot,lusa_1,1,extraction,num bar,,
qwen3_14b,portuguese,participants,ext_def_exp,temp0.3_nodelim_norole_nocot,lusa_1,1,extraction,Corotelo,,
qwen3_14b,portuguese,participants,ext_def_exp,temp0.3_nodelim_norole_nocot,lusa_1,1,extraction,São Brás de Alportel,,
qwen3_14b,portuguese,participants,ext_def_exp,temp0.3_nodelim_norole_nocot,lusa_1,1,extraction,50 pessoas,,
qwen3_14b,portuguese,participants,ext_def_exp,temp0.3_nodelim_norole_nocot,lusa_1,1,extraction,o concelho de São Brás de Alportel,,
qwen3_14b,portuguese,participants,ext_def_exp,temp0.3_nodelim_norole_nocot,lusa_1,1,extraction,num bar,,
qwen3_14b,portuguese,participants,ext_def_exp,temp0.3_nodelim_norole_nocot,lusa_1,1,extraction,Corotelo,,
qwen3_14b,portuguese,participants,ext_def_exp,temp0.3_nodelim_norole_nocot,lusa_1,1,extraction,São Brás de Alportel,,
qwen3_14b,portuguese,participants,ext_def_exp,temp0.3_nodelim_norole_nocot,lusa_1,1,extraction,50 pessoas,,
qwen3_14b,portuguese,participants,ext_def_exp,temp0.3_nodelim_norole_nocot,lusa_1,1,extraction,o concelho de São Brás de Alportel,,
qwen3_14b,portuguese,participants,ext_def_exp,temp0.3_nodelim_norole_nocot,lusa_1,1,extraction,num bar,,
qwen3_14b,portuguese,participants,ext_def_exp,temp0.3_nodelim_norole_nocot,lusa_1,1,extraction,Corotelo,,
qwen3_14b,portuguese,participants,ext_def_exp,temp0.3_nodelim_norole_nocot,lusa_1,1,extraction,São Brás de Alportel,,
qwen3_14b,portuguese,participants,ext_def_exp,temp0.3_nodelim_norole_nocot,lusa_1,1,extraction,50 pessoas,,
qwen3_14b,portuguese,participants,ext_def_exp,temp0.3_nodelim_norole_nocot,lusa_1,1,extraction,o concelho de São Brás de Alportel,,
qwen3_14b,portuguese,participants,ext_def_exp,temp0.3_nodelim_norole_nocot,lusa_1,1,extraction,num bar,,
qwen3_14b,portuguese,participants,ext_def_exp,temp0.3_nodelim_norole_nocot,lusa_1,1,extraction,Corotelo,,
qwen3_14b,portuguese,participants,ext_def_exp,temp0.3_nodelim_norole_nocot,lusa_1,1,extraction,São Brás de Alportel,,
qwen3_14b,portuguese,participants,ext_def_exp,temp0.3_nodelim_norole_nocot,lusa_1,1,extraction,50 pessoas,,
qwen3_14b,portuguese,participants,ext_def_exp,temp0.3_nodelim_norole_nocot,lusa_1,1,extraction,o concelho de São Brás de Alportel,,
qwen3_14b,portuguese,participants,ext_def_exp,temp0.3_nodelim_norole_nocot,lusa_1,1,extraction,num bar,,
qwen3_14b,portuguese,participants,ext_def_exp,temp0.3_nodelim_norole_nocot,lusa_1,1,extraction,Corotelo,,
qwen3_14b,portuguese,participants,ext_def_exp,temp0.3_nodelim_norole_nocot,lusa_1,1,extraction,São Brás de Alportel,,
qwen3_14b,portuguese,participants,ext_def_exp,temp0.3_nodelim_norole_nocot,lusa_1,1,extraction,50 pessoas,,
qwen3_14b,portuguese,participants,ext_def_exp,temp0.3_nodelim_norole_nocot,lusa_1,1,extraction,o concelho de São Brás de Alportel,,
qwen3_14b,portuguese,participants,ext_def_exp,temp0.3_nodelim_norole_nocot,lusa_1,1,extraction,num bar,,
qwen3_14b,portuguese,participants,ext_def_exp,temp0.3_nodelim_norole_nocot,lusa_1,1,extraction,Corotelo,,
qwen3_14b,portuguese,participants,ext_def_exp,temp0.3_nodelim_norole_nocot,lusa_1,1,extraction,São Brás de Alportel,,
qwen3_14b,portuguese,participants,ext_def_exp,temp0.3_nodelim_norole_nocot,lusa_1,1,extraction,50 pessoas,,
qwen3_14b,portuguese,participants,ext_def_exp,temp0.3_nodelim_norole_nocot,lusa_1,1,extraction,o concelho de São Brás de Alportel,,
qwen3_14b,portuguese,participants,ext_def_exp,temp0.3_nodelim_norole_nocot,lusa_1,1,extraction,num bar,,
qwen3_14b,portuguese,participants,ext_def_exp,temp0.3_nodelim_norole_nocot,lusa_1,1,extraction,Corotelo,,
qwen3_14b,portuguese,participants,ext_def_exp,temp0.3_nodelim_norole_nocot,lusa_1,1,extraction,São Brás de Alportel,,
qwen3_14b,portuguese,participants,ext_def_exp,temp0.3_nodelim_norole_nocot,lusa_1,1,extraction,50 pessoas,,
qwen3_14b,portuguese,participants,ext_def_exp,temp0.3_nodelim_norole_nocot,lusa_1,1,extraction,o concelho de São Brás de Alportel,,
qwen3_14b,portuguese,participants,ext_def_exp,temp0.3_nodelim_norole_nocot,lusa_1,1,extraction,num bar,,
qwen3_14b,portuguese,participants,ext_def_exp,temp0.3_nodelim_norole_nocot,lusa_1,1,extraction,Corotelo,,
qwen3_14b,portuguese,participants,ext_def_exp,temp0.3_nodelim_norole_nocot,lusa_1,1,extraction,São Brás de Alportel,,
qwen3_14b,portuguese,participants,ext_def_exp,temp0.3_nodelim_norole_nocot,lusa_1,1,extraction,50 pessoas,,
qwen3_14b,portuguese,participants,ext_def_exp,temp0.3_nodelim_norole_nocot,lusa_1,1,extraction,o concelho de São Brás de Alportel,,
qwen3_14b,portuguese,participants,ext_def_exp,temp0.3_nodelim_norole_nocot,lusa_1,1,extraction,num bar,,
qwen3_14b,portuguese,participants,ext_def_exp,temp0.3_nodelim_norole_nocot,lusa_1,1,extraction,Corotelo,,
qwen3_14b,portuguese,participants,ext_def_exp,temp0.3_nodelim_norole_nocot,lusa_1,1,extraction,São Brás de Alportel,,
qwen3_14b,portuguese,participants,ext_def_exp,temp0.3_nodelim_norole_nocot,lusa_1,1,extraction,50 pessoas,,
qwen3_14b,portuguese,participants,ext_def_exp,temp0.3_nodelim_norole_nocot,lusa_1,1,extraction,o concelho de São Brás de Alportel,,
qwen3_14b,portuguese,participants,ext_def_exp,temp0.3_nodelim_norole_nocot,lusa_1,1,extraction,num bar,,
qwen3_14b,portuguese,participants,ext_def_exp,temp0.3_nodelim_norole_nocot,lusa_1,1,extraction,Corotelo,,
qwen3_14b,portuguese,participants,ext_def_exp,temp0.3_nodelim_norole_nocot,lusa_1,1,extraction,São Brás de Alportel,,
qwen3_14b,portuguese,participants,ext_def_exp,temp0.3_nodelim_norole_nocot,lusa_1,1,extraction,50 pessoas,,
qwen3_14b,portuguese,participants,ext_def_exp,temp0.3_nodelim_norole_nocot,lusa_1,1,extraction,o concelho de São Brás de Alportel,,
qwen3_14b,portuguese,participants,ext_def_exp,temp0.3_nodelim_norole_nocot,lusa_1,1,extraction,num bar,,
qwen3_14b,portuguese,participants,ext_def_exp,temp0.3_nodelim_norole_nocot,lusa_1,1,extraction,Corotelo,,
qwen3_14b,portuguese,participants,ext_def_exp,temp0.3_nodelim_norole_nocot,lusa_1,1,extraction,São Brás de Alportel,,
qwen3_14b,portuguese,participants,ext_def_exp,temp0.3_nodelim_norole_nocot,lusa_1,1,extraction,50 pessoas,,
qwen3_14b,portuguese,participants,ext_def_exp,temp0.3_nodelim_norole_nocot,lusa_1,1,extraction,o concelho de São Brás de Alportel,,
qwen3_14b,portuguese,participants,ext_def_exp,temp0.3_nodelim_norole_nocot,lusa_1,1,extraction,num bar,,
qwen3_14b,portuguese,participants,ext_def_exp,temp0.3_nodelim_norole_nocot,lusa_1,1,extraction,Corotelo,,
qwen3_14b,portuguese,participants,ext_def_exp,temp0.3_nodelim_norole_nocot,lusa_1,1,extraction,São Brás de Alportel,,
qwen3_14b,portuguese,participants,ext_def_exp,temp0.3_nodelim_norole_nocot,lusa_1,1,extraction,50 pessoas,,
qwen3_14b,portuguese,participants,ext_def_exp,temp0.3_nodelim_norole_nocot,lusa_1,1,extraction,o concelho de São Brás de Alportel,,
qwen3_14b,portuguese,participants,ext_def_exp,temp0.3_nodelim_norole_nocot,lusa_1,1,extraction,num bar,,
qwen3_14b,portuguese,participants,ext_def_exp,temp0.3_nodelim_norole_nocot,lusa_1,1,extraction,Corotelo,,
qwen3_14b,portuguese,participants,ext_def_exp,temp0.3_nodelim_norole_nocot,lusa_1,1,extraction,São Brás de Alportel,,
qwen3_14b,portuguese,participants,ext_def_exp,temp0.3_nodelim_norole_nocot,lusa_1,1,extraction,50 pessoas,,
qwen3_14b,portuguese,participants,ext_def_exp,temp0.3_nodelim_norole_nocot,lusa_1,1,extraction,o concelho de São Brás de Alportel,,
qwen3_14b,portuguese,participants,ext_def_exp,temp0.3_nodelim_norole_nocot,lusa_1,1,extraction,num bar,,
qwen3_14b,portuguese,participants,ext_def_exp,temp0.3_nodelim_norole_nocot,lusa_1,1,extraction,Corotelo,,
qwen3_14b,portuguese,participants,ext_def_exp,temp0.3_nodelim_norole_nocot,lusa_1,1,extraction,São Brás de Alportel,,
qwen3_14b,portuguese,participants,ext_def_exp,temp0.3_nodelim_norole_nocot,lusa_1,1,extraction,50 pessoas,,
qwen3_14b,portuguese,participants,ext_def_exp,temp0.3_nodelim_norole_nocot,lusa_1,1,extraction,o concelho de São Brás de Alportel,,
qwen3_14b,portuguese,participants,ext_def_exp,temp0.3_nodelim_norole_nocot,lusa_1,1,extraction,num bar,,
qwen3_14b,portuguese,participants,ext_def_exp,temp0.3_nodelim_norole_nocot,lusa_1,1,extraction,Corotelo,,
qwen3_14b,portuguese,participants,ext_def_exp,temp0.3_nodelim_norole_nocot,lusa_1,1,extraction,São Brás de Alportel,,
qwen3_14b,portuguese,participants,ext_def_exp,temp0.3_nodelim_norole_nocot,lusa_1,1,extraction,50 pessoas,,
qwen3_14b,portuguese,participants,ext_def_exp,temp0.3_nodelim_norole_nocot,lusa_1,1,extraction,o concelho de São Brás de Alportel,,
qwen3_14b,portuguese,participants,ext_def_exp,temp0.3_nodelim_norole_nocot,lusa_1,1,extraction,num bar,,
qwen3_14b,portuguese,participants,ext_def_exp,temp0.3_nodelim_norole_nocot,lusa_1,1,extraction,Corotelo,,
qwen3_14b,portuguese,participants,ext_def_exp,temp0.3_nodelim_norole_nocot,lusa_1,1,extraction,São Brás de Alportel,,
qwen3_14b,portuguese,participants,ext_def_exp,temp0.3_nodelim_norole_nocot,lusa_1,1,extraction,50 pessoas,,
qwen3_14b,portuguese,participants,ext_def_exp,temp0.3_nodelim_norole_nocot,lusa_1,1,extraction,o concelho de São Brás de Alportel,,
qwen3_14b,portuguese,participants,ext_def_exp,temp0.3_nodelim_norole_nocot,lusa_1,1,extraction,num bar,,
qwen3_14b,portuguese,participants,ext_def_exp,temp0.3_nodelim_norole_nocot,lusa_1,1,extraction,Corotelo,,
qwen3_14b,portuguese,participants,ext_def_exp,temp0.3_nodelim_norole_nocot,lusa_1,1,extraction,São Brás de Alportel,,
qwen3_14b,portuguese,participants,ext_def_exp,temp0.3_nodelim_norole_nocot,lusa_1,1,extraction,50 pessoas,,
qwen3_14b,portuguese,participants,ext_def_exp,temp0.3_nodelim_norole_nocot,lusa_1,1,extraction,o concelho de São Brás de Alportel,,
qwen3_14b,portuguese,participants,ext_def_exp,temp0.3_nodelim_norole_nocot,lusa_1,1,extraction,num bar,,
qwen3_14b,portuguese,participants,ext_def_exp,temp0.3_nodelim_norole_nocot,lusa_1,1,extraction,Corotelo,,
qwen3_14b,portuguese,participants,ext_def_exp,temp0.3_nodelim_norole_nocot,lusa_1,1,extraction,São Brás de Alportel,,
qwen3_14b,portuguese,participants,ext_def_exp,temp0.3_nodelim_norole_nocot,lusa_1,1,extraction,50 pessoas,,
qwen3_14b,portuguese,participants,ext_def_exp,temp0.3_nodelim_norole_nocot,lusa_1,1,extraction,o concelho de São Brás de Alportel,,
qwen3_14b,portuguese,participants,ext_def_exp,temp0.3_nodelim_norole_nocot,lusa_1,1,extraction,num bar,,
qwen3_14b,portuguese,participants,ext_def_exp,temp0.3_nodelim_norole_nocot,lusa_1,1,extraction,Corotelo,,
qwen3_14b,portuguese,participants,ext_def_exp,temp0.3_nodelim_norole_nocot,lusa_1,1,extraction,São Brás de Alportel,,
qwen3_14b,portuguese,participants,ext_def_exp,temp0.3_nodelim_norole_nocot,lusa_1,1,extraction,50 pessoas,,
qwen3_14b,portuguese,participants,ext_def_exp,temp0.3_nodelim_norole_nocot,lusa_1,1,extraction,o concelho de São Brás de Alportel,,
qwen3_14b,portuguese,participants,ext_def_exp,temp0.3_nodelim_norole_nocot,lusa_1,1,extraction,num bar,,
qwen3_14b,portuguese,participants,ext_def_exp,temp0.3_nodelim_norole_nocot,lusa_1,1,extraction,Corotelo,,
qwen3_14b,portuguese,participants,ext_def_exp,temp0.3_nodelim_norole_nocot,lusa_1,1,extraction,São Brás de Alportel,,
qwen3_14b,portuguese,participants,ext_def_exp,temp0.3_nodelim_norole_nocot,lusa_1,1,extraction,50 pessoas,,
qwen3_14b,portuguese,participants,ext_def_exp,temp0.3_nodelim_norole_nocot,lusa_1,1,extraction,o concelho de São Brás de Alportel,,
qwen3_14b,portuguese,participants,ext_def_exp,temp0.3_nodelim_norole_nocot,lusa_1,1,extraction,num bar,,
qwen3_14b,portuguese,participants,ext_def_exp,temp0.3_nodelim_norole_nocot,lusa_1,1,extraction,Corotelo,,
qwen3_14b,portuguese,participants,ext_def_exp,temp0.3_nodelim_norole_nocot,lusa_1,1,extraction,São Brás de Alportel,,
qwen3_14b,portuguese,participants,ext_def_exp,temp0.3_nodelim_norole_nocot,lusa_1,1,extraction,50 pessoas,,
qwen3_14b,portuguese,participants,ext_def_exp,temp0.3_nodelim_norole_nocot,lusa_1,1,extraction,o concelho de São Brás de Alportel,,
qwen3_14b,portuguese,participants,ext_def_exp,temp0.3_nodelim_norole_nocot,lusa_1,1,extraction,num bar,,
qwen3_14b,portuguese,participants,ext_def_exp,temp0.3_nodelim_norole_nocot,lusa_1,1,extraction,Corotelo,,
qwen3_14b,portuguese,participants,ext_def_exp,temp0.3_nodelim_norole_nocot,lusa_1,1,extraction,São Brás de Alportel,,
qwen3_14b,portuguese,participants,ext_def_exp,temp0.3_nodelim_norole_nocot,lusa_1,1,extraction,50 pessoas,,
qwen3_14b,portuguese,participants,ext_def_exp,temp0.3_nodelim_norole_nocot,lusa_1,1,extraction,o concelho de São Brás de Alportel,,
qwen3_14b,portuguese,participants,ext_def_exp,temp0.3_nodelim_norole_nocot,lusa_1,1,extraction,num bar,,
qwen3_14b,portuguese,participants,ext_def_exp,temp0.3_nodelim_norole_nocot,lusa_1,1,extraction,Corotelo,,
qwen3_14b,portuguese,participants,ext_def_exp,temp0.3_nodelim_norole_nocot,lusa_1,1,extraction,São Brás de Alportel,,
qwen3_14b,portuguese,participants,ext_def_exp,temp0.3_nodelim_norole_nocot,lusa_1,1,extraction,50 pessoas,,
qwen3_14b,portuguese,participants,ext_def_exp,temp0.3_nodelim_norole_nocot,lusa_1,1,extraction,o concelho de São Brás de Alportel,,
qwen3_14b,portuguese,participants,ext_def_exp,temp0.3_nodelim_norole_nocot,lusa_1,1,extraction,num bar,,
qwen3_14b,portuguese,participants,ext_def_exp,temp0.3_nodelim_norole_nocot,lusa_1,1,extraction,Corotelo,,
qwen3_14b,portuguese,participants,ext_def_exp,temp0.3_nodelim_norole_nocot,lusa_1,1,extraction,São Brás de Alportel,,
qwen3_14b,portuguese,participants,ext_def_exp,temp0.3_nodelim_norole_nocot,lusa_1,1,extraction,50 pessoas,,
qwen3_14b,portuguese,participants,ext_def_exp,temp0.3_nodelim_norole_nocot,lusa_1,1,extraction,o concelho de São Brás de Alportel,,
qwen3_14b,portuguese,participants,ext_def_exp,temp0.3_nodelim_norole_nocot,lusa_1,1,extraction,num bar,,
qwen3_14b,portuguese,participants,ext_def_exp,temp0.3_nodelim_norole_nocot,lusa_1,1,extraction,Corotelo,,
qwen3_14b,portuguese,participants,ext_def_exp,temp0.3_nodelim_norole_nocot,lusa_1,1,extraction,São Brás de Alportel,,
qwen3_14b,portuguese,participants,ext_def_exp,temp0.3_nodelim_norole_nocot,lusa_1,1,extraction,50 pessoas,,
qwen3_14b,portuguese,participants,ext_def_exp,temp0.3_nodelim_norole_nocot,lusa_1,1,extraction,o concelho de São Brás de Alportel,,
qwen3_14b,portuguese,participants,ext_def_exp,temp0.3_nodelim_norole_nocot,lusa_1,1,extraction,num bar,,
qwen3_14b,portuguese,participants,ext_def_exp,temp0.3_nodelim_norole_nocot,lusa_1,1,extraction,Corotelo,,
qwen3_14b,portuguese,participants,ext_def_exp,temp0.3_nodelim_norole_nocot,lusa_1,1,extraction,São Brás de Alportel,,
qwen3_14b,portuguese,participants,ext_def_exp,temp0.3_nodelim_norole_nocot,lusa_1,1,extraction,50 pessoas,,
qwen3_14b,portuguese,participants,ext_def_exp,temp0.3_nodelim_norole_nocot,lusa_1,1,extraction,o concelho de São Brás de Alportel,,
qwen3_14b,portuguese,participants,ext_def_exp,temp0.3_nodelim_norole_nocot,lusa_1,1,extraction,num bar,,
qwen3_14b,portuguese,participants,ext_def_exp,temp0.3_nodelim_norole_nocot,lusa_1,1,extraction,Corotelo,,
qwen3_14b,portuguese,participants,ext_def_exp,temp0.3_nodelim_norole_nocot,lusa_1,1,extraction,São Brás de Alportel,,
qwen3_14b,portuguese,participants,ext_def_exp,temp0.3_nodelim_norole_nocot,lusa_1,1,extraction,50 pessoas,,
qwen3_14b,portuguese,participants,ext_def_exp,temp0.3_nodelim_norole_nocot,lusa_1,1,extraction,o concelho de São Brás de Alportel,,
qwen3_14b,portuguese,participants,ext_def_exp,temp0.3_nodelim_norole_nocot,lusa_1,1,extraction,num bar,,
qwen3_14b,portuguese,participants,ext_def_exp,temp0.3_nodelim_norole_nocot,lusa_1,1,extraction,Corotelo,,
qwen3_14b,portuguese,participants,ext_def_exp,temp0.3_nodelim_norole_nocot,lusa_1,1,extraction,São Brás de Alportel,,
qwen3_14b,portuguese,participants,ext_def_exp,temp0.3_nodelim_norole_nocot,lusa_1,1,extraction,50 pessoas,,
qwen3_14b,portuguese,participants,ext_def_exp,temp0.3_nodelim_norole_nocot,lusa_1,1,extraction,o concelho de São Brás de Alportel,,
qwen3_14b,portuguese,participants,ext_def_exp,temp0.3_nodelim_norole_nocot,lusa_1,1,extraction,num bar,,
qwen3_14b,portuguese,participants,ext_def_exp,temp0.3_nodelim_norole_nocot,lusa_1,1,extraction,Corotelo,,
qwen3_14b,portuguese,participants,ext_def_exp,temp0.3_nodelim_norole_nocot,lusa_1,1,extraction,São Brás de Alportel,,
qwen3_14b,portuguese,participants,ext_def_exp,temp0.3_nodelim_norole_nocot,lusa_1,1,extraction,50 pessoas,,
qwen3_14b,portuguese,participants,ext_def_exp,temp0.3_nodelim_norole_nocot,lusa_1,1,extraction,o concelho de São Brás de Alportel,,
qwen3_14b,portuguese,participants,ext_def_exp,temp0.3_nodelim_norole_nocot,lusa_1,1,extraction,num bar,,
qwen3_14b,portuguese,participants,ext_def_exp,temp0.3_nodelim_norole_nocot,lusa_1,1,extraction,Corotelo,,
qwen3_14b,portuguese,participants,ext_def_exp,temp0.3_nodelim_norole_nocot,lusa_1,1,extraction,São Brás de Alportel,,
qwen3_14b,portuguese,participants,ext_def_exp,temp0.3_nodelim_norole_nocot,lusa_1,1,extraction,50 pessoas,,
qwen3_14b,portuguese,participants,ext_def_exp,temp0.3_nodelim_norole_nocot,lusa_1,1,extraction,o concelho de São Brás de Alportel,,
qwen3_14b,portuguese,participants,ext_def_exp,temp0.3_nodelim_norole_nocot,lusa_1,1,extraction,num bar,,
qwen3_14b,portuguese,participants,ext_def_exp,temp0.3_nodelim_norole_nocot,lusa_1,1,extraction,Corotelo,,
qwen3_14b,portuguese,participants,ext_def_exp,temp0.3_nodelim_norole_nocot,lusa_1,1,extraction,São Brás de Alportel,,
qwen3_14b,portuguese,participants,ext_def_exp,temp0.3_nodelim_norole_nocot,lusa_1,1,extraction,50 pessoas,,
qwen3_14b,portuguese,participants,ext_def_exp,temp0.3_nodelim_norole_nocot,lusa_1,1,extraction,o concelho de São Brás de Alportel,,
qwen3_14b,portuguese,participants,ext_def_exp,temp0.3_nodelim_norole_nocot,lusa_1,1,extraction,num bar,,
qwen3_14b,portuguese,participants,ext_def_exp,temp0.3_nodelim_norole_nocot,lusa_1,1,extraction,Corotelo,,
qwen3_14b,portuguese,participants,ext_def_exp,temp0.3_nodelim_norole_nocot,lusa_1,1,extraction,São Brás de Alportel,,
qwen3_14b,portuguese,participants,ext_def_exp,temp0.3_nodelim_norole_nocot,lusa_1,1,extraction,50 pessoas,,
qwen3_14b,portuguese,participants,ext_def_exp,temp0.3_nodelim_norole_nocot,lusa_1,1,extraction,o concelho de São Brás de Alportel,,
qwen3_14b,portuguese,participants,ext_def_exp,temp0.3_nodelim_norole_nocot,lusa_1,1,extraction,num bar,,
qwen3_14b,portuguese,participants,ext_def_exp,temp0.3_nodelim_norole_nocot,lusa_1,1,extraction,Corotelo,,
qwen3_14b,portuguese,participants,ext_def_exp,temp0.3_nodelim_norole_nocot,lusa_1,1,extraction,São Brás de Alportel,,
qwen3_14b,portuguese,participants,ext_def_exp,temp0.3_nodelim_norole_nocot,lusa_1,1,extraction,50 pessoas,,
qwen3_14b,portuguese,participants,ext_def_exp,temp0.3_nodelim_norole_nocot,lusa_1,1,extraction,o concelho de São Brás de Alportel,,
qwen3_14b,portuguese,participants,ext_def_exp,temp0.3_nodelim_norole_nocot,lusa_1,1,extraction,num bar,,
qwen3_14b,portuguese,participants,ext_def_exp,temp0.3_nodelim_norole_nocot,lusa_1,1,extraction,Corotelo,,
qwen3_14b,portuguese,participants,ext_def_exp,temp0.3_nodelim_norole_nocot,lusa_1,1,extraction,São Brás de Alportel,,
qwen3_14b,portuguese,participants,ext_def_exp,temp0.3_nodelim_norole_nocot,lusa_1,1,extraction,50 pessoas,,
qwen3_14b,portuguese,participants,ext_def_exp,temp0.3_nodelim_norole_nocot,lusa_1,1,extraction,o concelho de São Brás de Alportel,,
qwen3_14b,portuguese,participants,ext_def_exp,temp0.3_nodelim_norole_nocot,lusa_1,1,extraction,num bar,,
qwen3_14b,portuguese,participants,ext_def_exp,temp0.3_nodelim_norole_nocot,lusa_1,1,extraction,Corotelo,,
qwen3_14b,portuguese,participants,ext_def_exp,temp0.3_nodelim_norole_nocot,lusa_1,1,extraction,São Brás de Alportel,,
qwen3_14b,portuguese,participants,ext_def_exp,temp0.3_nodelim_norole_nocot,lusa_1,1,extraction,50 pessoas,,
qwen3_14b,portuguese,participants,ext_def_exp,temp0.3_nodelim_norole_nocot,lusa_1,1,extraction,o concelho de São Brás de Alportel,,
qwen3_14b,portuguese,participants,ext_def_exp,temp0.3_nodelim_norole_nocot,lusa_1,1,extraction,num bar,,
qwen3_14b,portuguese,participants,ext_def_exp,temp0.3_nodelim_norole_nocot,lusa_1,1,extraction,Corotelo,,
qwen3_14b,portuguese,participants,ext_def_exp,temp0.3_nodelim_norole_nocot,lusa_1,1,extraction,São Brás de Alportel,,
qwen3_14b,portuguese,participants,ext_def_exp,temp0.3_nodelim_norole_nocot,lusa_1,1,extraction,50 pessoas,,
qwen3_14b,portuguese,participants,ext_def_exp,temp0.3_nodelim_norole_nocot,lusa_1,1,extraction,o concelho de São Brás de Alportel,,
qwen3_14b,portuguese,participants,ext_def_exp,temp0.3_nodelim_norole_nocot,lusa_1,1,extraction,num bar,,
qwen3_14b,portuguese,participants,ext_def_exp,temp0.3_nodelim_norole_nocot,lusa_1,1,extraction,Corotelo,,
qwen3_14b,portuguese,participants,ext_def_exp,temp0.3_nodelim_norole_nocot,lusa_1,1,extraction,São Brás de Alportel,,
qwen3_14b,portuguese,participants,ext_def_exp,temp0.3_nodelim_norole_nocot,lusa_1,1,extraction,50 pessoas,,
qwen3_14b,portuguese,participants,ext_def_exp,temp0.3_nodelim_norole_nocot,lusa_1,1,extraction,o concelho de São Brás de Alportel,,
qwen3_14b,portuguese,participants,ext_def_exp,temp0.3_nodelim_norole_nocot,lusa_1,1,extraction,num bar,,
qwen3_14b,portuguese,participants,ext_def_exp,temp0.3_nodelim_norole_nocot,lusa_1,1,extraction,Corotelo,,
qwen3_14b,portuguese,participants,ext_def_exp,temp0.3_nodelim_norole_nocot,lusa_1,1,extraction,São Brás de Alportel,,
qwen3_14b,portuguese,participants,ext_def_exp,temp0.3_nodelim_norole_nocot,lusa_1,1,extraction,50 pessoas,,
qwen3_14b,portuguese,participants,ext_def_exp,temp0.3_nodelim_norole_nocot,lusa_1,1,extraction,o concelho de São Brás de Alportel,,
qwen3_14b,portuguese,participants,ext_def_exp,temp0.3_nodelim_norole_nocot,lusa_1,1,extraction,num bar,,
qwen3_14b,portuguese,participants,ext_def_exp,temp0.3_nodelim_norole_nocot,lusa_1,1,extraction,Corotelo,,
qwen3_14b,portuguese,participants,ext_def_exp,temp0.3_nodelim_norole_nocot,lusa_1,1,extraction,São Brás de Alportel,,
qwen3_14b,portuguese,participants,ext_def_exp,temp0.3_nodelim_norole_nocot,lusa_1,1,extraction,50 pessoas,,
qwen3_14b,portuguese,participants,ext_def_exp,temp0.3_nodelim_norole_nocot,lusa_1,1,extraction,o concelho de São Brás de Alportel,,
qwen3_14b,portuguese,participants,ext_def_exp,temp0.3_nodelim_norole_nocot,lusa_1,1,extraction,num bar,,
qwen3_14b,portuguese,participants,ext_def_exp,temp0.3_nodelim_norole_nocot,lusa_1,1,extraction,Corotelo,,
qwen3_14b,portuguese,participants,ext_def_exp,temp0.3_nodelim_norole_nocot,lusa_1,1,extraction,São Brás de Alportel,,
qwen3_14b,portuguese,participants,ext_def_exp,temp0.3_nodelim_norole_nocot,lusa_1,1,extraction,50 pessoas,,
qwen3_14b,portuguese,participants,ext_def_exp,temp0.3_nodelim_norole_nocot,lusa_1,1,extraction,o concelho de São Brás de Alportel,,
qwen3_14b,portuguese,participants,ext_def_exp,temp0.3_nodelim_norole_nocot,lusa_1,1,extraction,num bar,,
qwen3_14b,portuguese,participants,ext_def_exp,temp0.3_nodelim_norole_nocot,lusa_1,1,extraction,Corotelo,,
qwen3_14b,portuguese,participants,ext_def_exp,temp0.3_nodelim_norole_nocot,lusa_1,1,extraction,São Brás de Alportel,,
qwen3_14b,portuguese,participants,ext_def_exp,temp0.3_nodelim_norole_nocot,lusa_1,1,extraction,50 pessoas,,
qwen3_14b,portuguese,participants,ext_def_exp,temp0.3_nodelim_norole_nocot,lusa_1,1,extraction,o concelho de São Brás de Alportel,,
qwen3_14b,portuguese,participants,ext_def_exp,temp0.3_nodelim_norole_nocot,lusa_1,1,extraction,num bar,,
qwen3_14b,portuguese,participants,ext_def_exp,temp0.3_nodelim_norole_nocot,lusa_1,1,extraction,Corotelo,,
qwen3_14b,portuguese,participants,ext_def_exp,temp0.3_nodelim_norole_nocot,lusa_1,1,extraction,São Brás de Alportel,,
qwen3_14b,portuguese,participants,ext_def_exp,temp0.3_nodelim_norole_nocot,lusa_1,1,extraction,50 pessoas,,
qwen3_14b,portuguese,participants,ext_def_exp,temp0.3_nodelim_norole_nocot,lusa_1,1,extraction,o concelho de São Brás de Alportel,,
qwen3_14b,portuguese,participants,ext_def_exp,temp0.3_nodelim_norole_nocot,lusa_1,1,extraction,num bar,,
qwen3_14b,portuguese,participants,ext_def_exp,temp0.3_nodelim_norole_nocot,lusa_1,1,extraction,Corotelo,,
qwen3_14b,portuguese,participants,ext_def_exp,temp0.3_nodelim_norole_nocot,lusa_1,1,extraction,São Brás de Alportel,,
qwen3_14b,portuguese,participants,ext_def_exp,temp0.3_nodelim_norole_nocot,lusa_1,1,extraction,50 pessoas,,
qwen3_14b,portuguese,participants,ext_def_exp,temp0.3_nodelim_norole_nocot,lusa_1,1,extraction,o concelho de São Brás de Alportel,,
qwen3_14b,portuguese,participants,ext_def_exp,temp0.3_nodelim_norole_nocot,lusa_1,1,extraction,num bar,,
qwen3_14b,portuguese,participants,ext_def_exp,temp0.3_nodelim_norole_nocot,lusa_1,1,extraction,Corotelo,,
qwen3_14b,portuguese,participants,ext_def_exp,temp0.3_nodelim_norole_nocot,lusa_1,1,extraction,São Brás de Alportel,,
qwen3_14b,portuguese,participants,ext_def_exp,temp0.3_nodelim_norole_nocot,lusa_1,1,extraction,50 pessoas,,
qwen3_14b,portuguese,participants,ext_def_exp,temp0.3_nodelim_norole_nocot,lusa_1,1,extraction,o concelho de São Brás de Alportel,,
qwen3_14b,portuguese,participants,ext_def_exp,temp0.3_nodelim_norole_nocot,lusa_1,1,extraction,num bar,,
qwen3_14b,portuguese,participants,ext_def_exp,temp0.3_nodelim_norole_nocot,lusa_1,1,extraction,Corotelo,,
qwen3_14b,portuguese,participants,ext_def_exp,temp0.3_nodelim_norole_nocot,lusa_1,1,extraction,São Brás de Alportel,,
qwen3_14b,portuguese,participants,ext_def_exp,temp0.3_nodelim_norole_nocot,lusa_1,1,extraction,50 pessoas,,
qwen3_14b,portuguese,participants,ext_def_exp,temp0.3_nodelim_norole_nocot,lusa_1,1,extraction,o concelho de São Brás de Alportel,,
qwen3_14b,portuguese,participants,ext_def_exp,temp0.3_nodelim_norole_nocot,lusa_1,1,extraction,num bar,,
qwen3_14b,portuguese,participants,ext_def_exp,temp0.3_nodelim_norole_nocot,lusa_1,1,extraction,Corotelo,,
qwen3_14b,portuguese,participants,ext_def_exp,temp0.3_nodelim_norole_nocot,lusa_1,1,extraction,São Brás de Alportel,,
qwen3_14b,portuguese,participants,ext_def_exp,temp0.3_nodelim_norole_nocot,lusa_1,1,extraction,50 pessoas,,
qwen3_14b,portuguese,participants,ext_def_exp,temp0.3_nodelim_norole_nocot,lusa_1,1,extraction,o concelho de São Brás de Alportel,,
qwen3_14b,portuguese,participants,ext_def_exp,temp0.3_nodelim_norole_nocot,lusa_1,1,extraction,num bar,,
qwen3_14b,portuguese,participants,ext_def_exp,temp0.3_nodelim_norole_nocot,lusa_1,1,extraction,Corotelo,,
qwen3_14b,portuguese,participants,ext_def_exp,temp0.3_nodelim_norole_nocot,lusa_1,1,extraction,São Brás de Alportel,,
qwen3_14b,portuguese,participants,ext_def_exp,temp0.3_nodelim_norole_nocot,lusa_1,1,extraction,50 pessoas,,
qwen3_14b,portuguese,participants,ext_def_exp,temp0.3_nodelim_norole_nocot,lusa_1,1,extraction,o concelho de São Brás de Alportel,,
qwen3_14b,portuguese,participants,ext_def_exp,temp0.3_nodelim_norole_nocot,lusa_1,1,extraction,num bar,,
qwen3_14b,portuguese,participants,ext_def_exp,temp0.3_nodelim_norole_nocot,lusa_1,1,extraction,Corotelo,,
qwen3_14b,portuguese,participants,ext_def_exp,temp0.3_nodelim_norole_nocot,lusa_1,1,extraction,São Brás de Alportel,,
qwen3_14b,portuguese,participants,ext_def_exp,temp0.3_nodelim_norole_nocot,lusa_1,1,extraction,50 pessoas,,
qwen3_14b,portuguese,participants,ext_def_exp,temp0.3_nodelim_norole_nocot,lusa_1,1,extraction,o concelho de São Brás de Alportel,,
qwen3_14b,portuguese,participants,ext_def_exp,temp0.3_nodelim_norole_nocot,lusa_1,1,extraction,num bar,,
qwen3_14b,portuguese,participants,ext_def_exp,temp0.3_nodelim_norole_nocot,lusa_1,1,extraction,Corotelo,,
qwen3_14b,portuguese,participants,ext_def_exp,temp0.3_nodelim_norole_nocot,lusa_1,1,extraction,São Brás de Alportel,,
qwen3_14b,portuguese,participants,ext_def_exp,temp0.3_nodelim_norole_nocot,lusa_1,1,extraction,50 pessoas,,
qwen3_14b,portuguese,participants,ext_def_exp,temp0.3_nodelim_norole_nocot,lusa_1,1,extraction,o concelho de São Brás de Alportel,,
qwen3_14b,portuguese,participants,ext_def_exp,temp0.3_nodelim_norole_nocot,lusa_1,1,extraction,num bar,,
qwen3_14b,portuguese,participants,ext_def_exp,temp0.3_nodelim_norole_nocot,lusa_1,1,extraction,Corotelo,,
qwen3_14b,portuguese,participants,ext_def_exp,temp0.3_nodelim_norole_nocot,lusa_1,1,extraction,São Brás de Alportel,,
qwen3_14b,portuguese,participants,ext_def_exp,temp0.3_nodelim_norole_nocot,lusa_1,1,extraction,50 pessoas,,
qwen3_14b,portuguese,participants,ext_def_exp,temp0.3_nodelim_norole_nocot,lusa_1,1,extraction,o concelho de São Brás de Alportel,,
qwen3_14b,portuguese,participants,ext_def_exp,temp0.3_nodelim_norole_nocot,lusa_1,1,extraction,num bar,,
qwen3_14b,portuguese,participants,ext_def_exp,temp0.3_nodelim_norole_nocot,lusa_1,1,extraction,Corotelo,,
qwen3_14b,portuguese,participants,ext_def_exp,temp0.3_nodelim_norole_nocot,lusa_1,1,extraction,São Brás de Alportel,,
qwen3_14b,portuguese,participants,ext_def_exp,temp0.3_nodelim_norole_nocot,lusa_1,1,extraction,50 pessoas,,
qwen3_14b,portuguese,participants,ext_def_exp,temp0.3_nodelim_norole_nocot,lusa_1,1,extraction,o concelho de São Brás de Alportel,,
qwen3_14b,portuguese,participants,ext_def_exp,temp0.3_nodelim_norole_nocot,lusa_1,1,extraction,num bar,,
qwen3_14b,portuguese,participants,ext_def_exp,temp0.3_nodelim_norole_nocot,lusa_1,1,extraction,Corotelo,,
qwen3_14b,portuguese,participants,ext_def_exp,temp0.3_nodelim_norole_nocot,lusa_1,1,extraction,São Brás de Alportel,,
qwen3_14b,portuguese,participants,ext_def_exp,temp0.3_nodelim_norole_nocot,lusa_1,1,extraction,50 pessoas,,
qwen3_14b,portuguese,participants,ext_def_exp,temp0.3_nodelim_norole_nocot,lusa_1,1,extraction,o concelho de São Brás de Alportel,,
qwen3_14b,portuguese,participants,ext_def_exp,temp0.3_nodelim_norole_nocot,lusa_1,1,extraction,num bar,,
qwen3_14b,portuguese,participants,ext_def_exp,temp0.3_nodelim_norole_nocot,lusa_1,1,extraction,Corotelo,,
qwen3_14b,portuguese,participants,ext_def_exp,temp0.3_nodelim_norole_nocot,lusa_1,1,extraction,São Brás de Alportel,,
qwen3_14b,portuguese,participants,ext_def_exp,temp0.3_nodelim_norole_nocot,lusa_1,1,extraction,50 pessoas,,
qwen3_14b,portuguese,participants,ext_def_exp,temp0.3_nodelim_norole_nocot,lusa_1,1,extraction,o concelho de São Brás de Alportel,,
qwen3_14b,portuguese,participants,ext_def_exp,temp0.3_nodelim_norole_nocot,lusa_1,1,extraction,num bar,,
qwen3_14b,portuguese,participants,ext_def_exp,temp0.3_nodelim_norole_nocot,lusa_1,1,extraction,Corotelo,,
qwen3_14b,portuguese,participants,ext_def_exp,temp0.3_nodelim_norole_nocot,lusa_1,1,extraction,São Brás de Alportel,,
qwen3_14b,portuguese,participants,ext_def_exp,temp0.3_nodelim_norole_nocot,lusa_1,1,extraction,50 pessoas,,
qwen3_14b,portuguese,participants,ext_def_exp,temp0.3_nodelim_norole_nocot,lusa_1,1,extraction,o concelho de São Brás de Alportel,,
qwen3_14b,portuguese,participants,ext_def_exp,temp0.3_nodelim_norole_nocot,lusa_1,1,extraction,num bar,,
qwen3_14b,portuguese,participants,ext_def_exp,temp0.3_nodelim_norole_nocot,lusa_1,1,extraction,Corotelo,,
qwen3_14b,portuguese,participants,ext_def_exp,temp0.3_nodelim_norole_nocot,lusa_1,1,extraction,São Brás de Alportel,,
qwen3_14b,portuguese,participants,ext_def_exp,temp0.3_nodelim_norole_nocot,lusa_1,1,extraction,50 pessoas,,
qwen3_14b,portuguese,participants,ext_def_exp,temp0.3_nodelim_norole_nocot,lusa_1,1,extraction,o concelho de São Brás de Alportel,,
qwen3_14b,portuguese,participants,ext_def_exp,temp0.3_nodelim_norole_nocot,lusa_1,1,extraction,num bar,,
qwen3_14b,portuguese,participants,ext_def_exp,temp0.3_nodelim_norole_nocot,lusa_1,1,extraction,Corotelo,,
qwen3_14b,portuguese,participants,ext_def_exp,temp0.3_nodelim_norole_nocot,lusa_1,1,extraction,São Brás de Alportel,,
qwen3_14b,portuguese,participants,ext_def_exp,temp0.3_nodelim_norole_nocot,lusa_1,1,extraction,50 pessoas,,
qwen3_14b,portuguese,participants,ext_def_exp,temp0.3_nodelim_norole_nocot,lusa_1,1,extraction,o concelho de São Brás de Alportel,,
qwen3_14b,portuguese,participants,ext_def_exp,temp0.3_nodelim_norole_nocot,lusa_1,1,extraction,num bar,,
qwen3_14b,portuguese,participants,ext_def_exp,temp0.3_nodelim_norole_nocot,lusa_1,1,extraction,Corotelo,,
qwen3_14b,portuguese,participants,ext_def_exp,temp0.3_nodelim_norole_nocot,lusa_1,1,extraction,São Brás de Alportel,,
qwen3_14b,portuguese,participants,ext_def_exp,temp0.3_nodelim_norole_nocot,lusa_1,1,extraction,50 pessoas,,
qwen3_14b,portuguese,participants,ext_def_exp,temp0.3_nodelim_norole_nocot,lusa_1,1,extraction,o concelho de São Brás de Alportel,,
qwen3_14b,portuguese,participants,ext_def_exp,temp0.3_nodelim_norole_nocot,lusa_1,1,extraction,num bar,,
qwen3_14b,portuguese,participants,ext_def_exp,temp0.3_nodelim_norole_nocot,lusa_1,1,extraction,Corotelo,,
qwen3_14b,portuguese,participants,ext_def_exp,temp0.3_nodelim_norole_nocot,lusa_1,1,extraction,São Brás de Alportel,,
qwen3_14b,portuguese,participants,ext_def_exp,temp0.3_nodelim_norole_nocot,lusa_1,1,extraction,50 pessoas,,
qwen3_14b,portuguese,participants,ext_def_exp,temp0.3_nodelim_norole_nocot,lusa_1,1,extraction,o concelho de São Brás de Alportel,,
qwen3_14b,portuguese,participants,ext_def_exp,temp0.3_nodelim_norole_nocot,lusa_1,1,extraction,num bar,,
qwen3_14b,portuguese,participants,ext_def_exp,temp0.3_nodelim_norole_nocot,lusa_1,1,extraction,Corotelo,,
qwen3_14b,portuguese,participants,ext_def_exp,temp0.3_nodelim_norole_nocot,lusa_1,1,extraction,São Brás de Alportel,,
qwen3_14b,portuguese,participants,ext_def_exp,temp0.3_nodelim_norole_nocot,lusa_1,1,extraction,50 pessoas,,
qwen3_14b,portuguese,participants,ext_def_exp,temp0.3_nodelim_norole_nocot,lusa_1,1,extraction,o concelho de São Brás de Alportel,,
qwen3_14b,portuguese,participants,ext_def_exp,temp0.3_nodelim_norole_nocot,lusa_1,1,extraction,num bar,,
qwen3_14b,portuguese,participants,ext_def_exp,temp0.3_nodelim_norole_nocot,lusa_1,1,extraction,Corotelo,,
qwen3_14b,portuguese,participants,ext_def_exp,temp0.3_nodelim_norole_nocot,lusa_1,1,extraction,São Brás de Alportel,,
qwen3_14b,portuguese,participants,ext_def_exp,temp0.3_nodelim_norole_nocot,lusa_1,1,extraction,50 pessoas,,
qwen3_14b,portuguese,participants,ext_def_exp,temp0.3_nodelim_norole_nocot,lusa_1,1,extraction,o concelho de São Brás de Alportel,,
qwen3_14b,portuguese,participants,ext_def_exp,temp0.3_nodelim_norole_nocot,lusa_1,1,extraction,num bar,,
qwen3_14b,portuguese,participants,ext_def_exp,temp0.3_nodelim_norole_nocot,lusa_1,1,extraction,Corotelo,,
qwen3_14b,portuguese,participants,ext_def_exp,temp0.3_nodelim_norole_nocot,lusa_1,1,extraction,São Brás de Alportel,,
qwen3_14b,portuguese,participants,ext_def_exp,temp0.3_nodelim_norole_nocot,lusa_1,1,extraction,50 pessoas,,
qwen3_14b,portuguese,participants,ext_def_exp,temp0.3_nodelim_norole_nocot,lusa_1,1,extraction,o concelho de São Brás de Alportel,,
qwen3_14b,portuguese,participants,ext_def_exp,temp0.3_nodelim_norole_nocot,lusa_1,1,extraction,num bar,,
qwen3_14b,portuguese,participants,ext_def_exp,temp0.3_nodelim_norole_nocot,lusa_1,1,extraction,Corotelo,,
qwen3_14b,portuguese,participants,ext_def_exp,temp0.3_nodelim_norole_nocot,lusa_1,1,extraction,São Brás de Alportel,,
qwen3_14b,portuguese,participants,ext_def_exp,temp0.3_nodelim_norole_nocot,lusa_1,1,extraction,50 pessoas,,
qwen3_14b,portuguese,participants,ext_def_exp,temp0.3_nodelim_norole_nocot,lusa_1,1,extraction,o concelho de São Brás de Alportel,,
qwen3_14b,portuguese,participants,ext_def_exp,temp0.3_nodelim_norole_nocot,lusa_1,1,extraction,num bar,,
qwen3_14b,portuguese,participants,ext_def_exp,temp0.3_nodelim_norole_nocot,lusa_1,1,extraction,Corotelo,,
qwen3_14b,portuguese,participants,ext_def_exp,temp0.3_nodelim_norole_nocot,lusa_1,1,extraction,São Brás de Alportel,,
qwen3_14b,portuguese,participants,ext_def_exp,temp0.3_nodelim_norole_nocot,lusa_1,1,extraction,50 pessoas,,
qwen3_14b,portuguese,participants,ext_def_exp,temp0.3_nodelim_norole_nocot,lusa_1,1,extraction,o concelho de São Brás de Alportel,,
qwen3_14b,portuguese,participants,ext_def_exp,temp0.3_nodelim_norole_nocot,lusa_1,1,extraction,num bar,,
qwen3_14b,portuguese,participants,ext_def_exp,temp0.3_nodelim_norole_nocot,lusa_1,1,extraction,Corotelo,,
qwen3_14b,portuguese,participants,ext_def_exp,temp0.3_nodelim_norole_nocot,lusa_1,1,extraction,São Brás de Alportel,,
qwen3_14b,portuguese,participants,ext_def_exp,temp0.3_nodelim_norole_nocot,lusa_1,1,extraction,50 pessoas,,
qwen3_14b,portuguese,participants,ext_def_exp,temp0.3_nodelim_norole_nocot,lusa_1,1,extraction,o concelho de São Brás de Alportel,,
qwen3_14b,portuguese,participants,ext_def_exp,temp0.3_nodelim_norole_nocot,lusa_1,1,extraction,num bar,,
qwen3_14b,portuguese,participants,ext_def_exp,temp0.3_nodelim_norole_nocot,lusa_1,1,extraction,Corotelo,,
qwen3_14b,portuguese,participants,ext_def_exp,temp0.3_nodelim_norole_nocot,lusa_1,1,extraction,São Brás de Alportel,,
qwen3_14b,portuguese,participants,ext_def_exp,temp0.3_nodelim_norole_nocot,lusa_1,1,extraction,50 pessoas,,
qwen3_14b,portuguese,participants,ext_def_exp,temp0.3_nodelim_norole_nocot,lusa_1,1,extraction,o concelho de São Brás de Alportel,,
qwen3_14b,portuguese,participants,ext_def_exp,temp0.3_nodelim_norole_nocot,lusa_1,1,extraction,num bar,,
qwen3_14b,portuguese,participants,ext_def_exp,temp0.3_nodelim_norole_nocot,lusa_1,1,extraction,Corotelo,,
qwen3_14b,portuguese,participants,ext_def_exp,temp0.3_nodelim_norole_nocot,lusa_1,1,extraction,São Brás de Alportel,,
qwen3_14b,portuguese,participants,ext_def_exp,temp0.3_nodelim_norole_nocot,lusa_1,1,extraction,50 pessoas,,
qwen3_14b,portuguese,participants,ext_def_exp,temp0.3_nodelim_norole_nocot,lusa_1,1,extraction,o concelho de São Brás de Alportel,,
qwen3_14b,portuguese,participants,ext_def_exp,temp0.3_nodelim_norole_nocot,lusa_1,1,extraction,num bar,,
qwen3_14b,portuguese,participants,ext_def_exp,temp0.3_nodelim_norole_nocot,lusa_1,1,extraction,Corotelo,,
qwen3_14b,portuguese,participants,ext_def_exp,temp0.3_nodelim_norole_nocot,lusa_1,1,extraction,São Brás de Alportel,,
qwen3_14b,portuguese,participants,ext_def_exp,temp0.3_nodelim_norole_nocot,lusa_1,1,extraction,50 pessoas,,
qwen3_14b,portuguese,participants,ext_def_exp,temp0.3_nodelim_norole_nocot,lusa_1,1,extraction,o concelho de São Brás de Alportel,,
qwen3_14b,portuguese,participants,ext_def_exp,temp0.3_nodelim_norole_nocot,lusa_1,1,extraction,num bar,,
qwen3_14b,portuguese,participants,ext_def_exp,temp0.3_nodelim_norole_nocot,lusa_1,1,extraction,Corotelo,,
qwen3_14b,portuguese,participants,ext_def_exp,temp0.3_nodelim_norole_nocot,lusa_1,1,extraction,São Brás de Alportel,,
qwen3_14b,portuguese,participants,ext_def_exp,temp0.3_nodelim_norole_nocot,lusa_1,1,extraction,50 pessoas,,
qwen3_14b,portuguese,participants,ext_def_exp,temp0.3_nodelim_norole_nocot,lusa_1,1,extraction,o concelho de São Brás de Alportel,,
qwen3_14b,portuguese,participants,ext_def_exp,temp0.3_nodelim_norole_nocot,lusa_1,1,extraction,num bar,,
qwen3_14b,portuguese,participants,ext_def_exp,temp0.3_nodelim_norole_nocot,lusa_1,1,extraction,Corotelo,,
qwen3_14b,portuguese,participants,ext_def_exp,temp0.3_nodelim_norole_nocot,lusa_1,1,extraction,São Brás de Alportel,,
qwen3_14b,portuguese,participants,ext_def_exp,temp0.3_nodelim_norole_nocot,lusa_1,1,extraction,50 pessoas,,
qwen3_14b,portuguese,participants,ext_def_exp,temp0.3_nodelim_norole_nocot,lusa_1,1,extraction,o concelho de São Brás de Alportel,,
qwen3_14b,portuguese,participants,ext_def_exp,temp0.3_nodelim_norole_nocot,lusa_1,1,extraction,num bar,,
qwen3_14b,portuguese,participants,ext_def_exp,temp0.3_nodelim_norole_nocot,lusa_1,1,extraction,Corotelo,,
qwen3_14b,portuguese,participants,ext_def_exp,temp0.3_nodelim_norole_nocot,lusa_1,1,extraction,São Brás de Alportel,,
qwen3_14b,portuguese,participants,ext_def_exp,temp0.3_nodelim_norole_nocot,lusa_1,1,extraction,50 pessoas,,
qwen3_14b,portuguese,participants,ext_def_exp,temp0.3_nodelim_norole_nocot,lusa_1,1,extraction,o concelho de São Brás de Alportel,,
qwen3_14b,portuguese,participants,ext_def_exp,temp0.3_nodelim_norole_nocot,lusa_1,1,extraction,num bar,,
qwen3_14b,portuguese,participants,ext_def_exp,temp0.3_nodelim_norole_nocot,lusa_1,1,extraction,Corotelo,,
qwen3_14b,portuguese,participants,ext_def_exp,temp0.3_nodelim_norole_nocot,lusa_1,1,extraction,São Brás de Alportel,,
qwen3_14b,portuguese,participants,ext_def_exp,temp0.3_nodelim_norole_nocot,lusa_1,1,extraction,50 pessoas,,
qwen3_14b,portuguese,participants,ext_def_exp,temp0.3_nodelim_norole_nocot,lusa_1,1,extraction,o concelho de São Brás de Alportel,,
qwen3_14b,portuguese,participants,ext_def_exp,temp0.3_nodelim_norole_nocot,lusa_1,1,extraction,num bar,,
qwen3_14b,portuguese,participants,ext_def_exp,temp0.3_nodelim_norole_nocot,lusa_1,1,extraction,Corotelo,,
qwen3_14b,portuguese,participants,ext_def_exp,temp0.3_nodelim_norole_nocot,lusa_1,1,extraction,São Brás de Alportel,,
qwen3_14b,portuguese,participants,ext_def_exp,temp0.3_nodelim_norole_nocot,lusa_1,1,extraction,50 pessoas,,
qwen3_14b,portuguese,participants,ext_def_exp,temp0.3_nodelim_norole_nocot,lusa_1,1,extraction,o concelho de São Brás de Alportel,,
qwen3_14b,portuguese,participants,ext_def_exp,temp0.3_nodelim_norole_nocot,lusa_1,1,extraction,num bar,,
qwen3_14b,portuguese,participants,ext_def_exp,temp0.3_nodelim_norole_nocot,lusa_1,1,extraction,Corotelo,,
qwen3_14b,portuguese,participants,ext_def_exp,temp0.3_nodelim_norole_nocot,lusa_1,1,extraction,São Brás de Alportel,,
qwen3_14b,portuguese,participants,ext_def_exp,temp0.3_nodelim_norole_nocot,lusa_1,1,extraction,50 pessoas,,
qwen3_14b,portuguese,participants,ext_def_exp,temp0.3_nodelim_norole_nocot,lusa_1,1,extraction,o concelho de São Brás de Alportel,,
qwen3_14b,portuguese,participants,ext_def_exp,temp0.3_nodelim_norole_nocot,lusa_1,1,extraction,num bar,,
qwen3_14b,portuguese,participants,ext_def_exp,temp0.3_nodelim_norole_nocot,lusa_1,1,extraction,Corotelo,,
qwen3_14b,portuguese,participants,ext_def_exp,temp0.3_nodelim_norole_nocot,lusa_1,1,extraction,São Brás de Alportel,,
qwen3_14b,portuguese,participants,ext_def_exp,temp0.3_nodelim_norole_nocot,lusa_1,1,extraction,50 pessoas,,
qwen3_14b,portuguese,participants,ext_def_exp,temp0.3_nodelim_norole_nocot,lusa_1,1,extraction,o concelho de São Brás de Alportel,,
qwen3_14b,portuguese,participants,ext_def_exp,temp0.3_nodelim_norole_nocot,lusa_1,1,extraction,num bar,,
qwen3_14b,portuguese,participants,ext_def_exp,temp0.3_nodelim_norole_nocot,lusa_1,1,extraction,Corotelo,,
qwen3_14b,portuguese,participants,ext_def_exp,temp0.3_nodelim_norole_nocot,lusa_1,1,extraction,São Brás de Alportel,,
qwen3_14b,portuguese,participants,ext_def_exp,temp0.3_nodelim_norole_nocot,lusa_1,1,extraction,50 pessoas,,
qwen3_14b,portuguese,participants,ext_def_exp,temp0.3_nodelim_norole_nocot,lusa_1,1,extraction,o concelho de São Brás de Alportel,,
qwen3_14b,portuguese,participants,ext_def_exp,temp0.3_nodelim_norole_nocot,lusa_1,1,extraction,num bar,,
qwen3_14b,portuguese,participants,ext_def_exp,temp0.3_nodelim_norole_nocot,lusa_1,1,extraction,Corotelo,,
qwen3_14b,portuguese,participants,ext_def_exp,temp0.3_nodelim_norole_nocot,lusa_1,1,extraction,São Brás de Alportel,,
qwen3_14b,portuguese,participants,ext_def_exp,temp0.3_nodelim_norole_nocot,lusa_1,1,extraction,50 pessoas,,
qwen3_14b,portuguese,participants,ext_def_exp,temp0.3_nodelim_norole_nocot,lusa_1,1,extraction,o concelho de São Brás de Alportel,,
qwen3_14b,portuguese,participants,ext_def_exp,temp0.3_nodelim_norole_nocot,lusa_1,1,extraction,num bar,,
qwen3_14b,portuguese,participants,ext_def_exp,temp0.3_nodelim_norole_nocot,lusa_1,1,extraction,Corotelo,,
qwen3_14b,portuguese,participants,ext_def_exp,temp0.3_nodelim_norole_nocot,lusa_1,1,extraction,São Brás de Alportel,,
qwen3_14b,portuguese,participants,ext_def_exp,temp0.3_nodelim_norole_nocot,lusa_1,1,extraction,50 pessoas,,
qwen3_14b,portuguese,participants,ext_def_exp,temp0.3_nodelim_norole_nocot,lusa_1,1,extraction,o concelho de São Brás de Alportel,,
qwen3_14b,portuguese,participants,ext_def_exp,temp0.3_nodelim_norole_nocot,lusa_1,1,extraction,num bar,,
qwen3_14b,portuguese,participants,ext_def_exp,temp0.3_nodelim_norole_nocot,lusa_1,1,extraction,Corotelo,,
qwen3_14b,portuguese,participants,ext_def_exp,temp0.3_nodelim_norole_nocot,lusa_1,1,extraction,São Brás de Alportel,,
qwen3_14b,portuguese,participants,ext_def_exp,temp0.3_nodelim_norole_nocot,lusa_1,1,extraction,50 pessoas,,
qwen3_14b,portuguese,participants,ext_def_exp,temp0.3_nodelim_norole_nocot,lusa_1,1,extraction,o concelho de São Brás de Alportel,,
qwen3_14b,portuguese,participants,ext_def_exp,temp0.3_nodelim_norole_nocot,lusa_1,1,extraction,num bar,,
qwen3_14b,portuguese,participants,ext_def_exp,temp0.3_nodelim_norole_nocot,lusa_1,1,extraction,Corotelo,,
qwen3_14b,portuguese,participants,ext_def_exp,temp0.3_nodelim_norole_nocot,lusa_1,1,extraction,São Brás de Alportel,,
qwen3_14b,portuguese,participants,ext_def_exp,temp0.3_nodelim_norole_nocot,lusa_1,1,extraction,50 pessoas,,
qwen3_14b,portuguese,participants,ext_def_exp,temp0.3_nodelim_norole_nocot,lusa_1,1,extraction,o concelho de São Brás de Alportel,,
qwen3_14b,portuguese,participants,ext_def_exp,temp0.3_nodelim_norole_nocot,lusa_1,1,extraction,num bar,,
qwen3_14b,portuguese,participants,ext_def_exp,temp0.3_nodelim_norole_nocot,lusa_1,1,extraction,Corotelo,,
qwen3_14b,portuguese,participants,ext_def_exp,temp0.3_nodelim_norole_nocot,lusa_1,1,extraction,São Brás de Alportel,,
qwen3_14b,portuguese,participants,ext_def_exp,temp0.3_nodelim_norole_nocot,lusa_1,1,extraction,50 pessoas,,
qwen3_14b,portuguese,participants,ext_def_exp,temp0.3_nodelim_norole_nocot,lusa_1,1,extraction,o concelho de São Brás de Alportel,,
qwen3_14b,portuguese,participants,ext_def_exp,temp0.3_nodelim_norole_nocot,lusa_1,1,extraction,num bar,,
qwen3_14b,portuguese,participants,ext_def_exp,temp0.3_nodelim_norole_nocot,lusa_1,1,extraction,Corotelo,,
qwen3_14b,portuguese,participants,ext_def_exp,temp0.3_nodelim_norole_nocot,lusa_1,1,extraction,São Brás de Alportel,,
qwen3_14b,portuguese,participants,ext_def_exp,temp0.3_nodelim_norole_nocot,lusa_1,1,extraction,50 pessoas,,
qwen3_14b,portuguese,participants,ext_def_exp,temp0.3_nodelim_norole_nocot,lusa_1,1,extraction,o concelho de São Brás de Alportel,,
qwen3_14b,portuguese,participants,ext_def_exp,temp0.3_nodelim_norole_nocot,lusa_1,1,extraction,num bar,,
qwen3_14b,portuguese,participants,ext_def_exp,temp0.3_nodelim_norole_nocot,lusa_1,1,extraction,Corotelo,,
qwen3_14b,portuguese,participants,ext_def_exp,temp0.3_nodelim_norole_nocot,lusa_1,1,extraction,São Brás de Alportel,,
qwen3_14b,portuguese,participants,ext_def_exp,temp0.3_nodelim_norole_nocot,lusa_1,1,extraction,50 pessoas,,
qwen3_14b,portuguese,participants,ext_def_exp,temp0.3_nodelim_norole_nocot,lusa_1,1,extraction,o concelho de São Brás de Alportel,,
qwen3_14b,portuguese,participants,ext_def_exp,temp0.3_nodelim_norole_nocot,lusa_1,1,extraction,num bar,,
qwen3_14b,portuguese,participants,ext_def_exp,temp0.3_nodelim_norole_nocot,lusa_1,1,extraction,Corotelo,,
qwen3_14b,portuguese,participants,ext_def_exp,temp0.3_nodelim_norole_nocot,lusa_1,1,extraction,São Brás de Alportel,,
qwen3_14b,portuguese,participants,ext_def_exp,temp0.3_nodelim_norole_nocot,lusa_1,1,extraction,50 pessoas,,
qwen3_14b,portuguese,participants,ext_def_exp,temp0.3_nodelim_norole_nocot,lusa_1,1,extraction,o concelho de São Brás de Alportel,,
qwen3_14b,portuguese,participants,ext_def_exp,temp0.3_nodelim_norole_nocot,lusa_1,1,extraction,num bar,,
qwen3_14b,portuguese,participants,ext_def_exp,temp0.3_nodelim_norole_nocot,lusa_1,1,extraction,Corotelo,,
qwen3_14b,portuguese,participants,ext_def_exp,temp0.3_nodelim_norole_nocot,lusa_1,1,extraction,São Brás de Alportel,,
qwen3_14b,portuguese,participants,ext_def_exp,temp0.3_nodelim_norole_nocot,lusa_1,1,extraction,50 pessoas,,
qwen3_14b,portuguese,participants,ext_def_exp,temp0.3_nodelim_norole_nocot,lusa_1,1,extraction,o concelho de São Brás de Alportel,,
qwen3_14b,portuguese,participants,ext_def_exp,temp0.3_nodelim_norole_nocot,lusa_1,1,extraction,num bar,,
qwen3_14b,portuguese,participants,ext_def_exp,temp0.3_nodelim_norole_nocot,lusa_1,1,extraction,Corotelo,,
qwen3_14b,portuguese,participants,ext_def_exp,temp0.3_nodelim_norole_nocot,lusa_1,1,extraction,São Brás de Alportel,,
qwen3_14b,portuguese,participants,ext_def_exp,temp0.3_nodelim_norole_nocot,lusa_1,1,extraction,50 pessoas,,
qwen3_14b,portuguese,participants,ext_def_exp,temp0.3_nodelim_norole_nocot,lusa_1,1,extraction,o concelho de São Brás de Alportel,,
qwen3_14b,portuguese,participants,ext_def_exp,temp0.3_nodelim_norole_nocot,lusa_1,1,extraction,num bar,,
qwen3_14b,portuguese,participants,ext_def_exp,temp0.3_nodelim_norole_nocot,lusa_1,1,extraction,Corotelo,,
qwen3_14b,portuguese,participants,ext_def_exp,temp0.3_nodelim_norole_nocot,lusa_1,1,extraction,São Brás de Alportel,,
qwen3_14b,portuguese,participants,ext_def_exp,temp0.3_nodelim_norole_nocot,lusa_1,1,extraction,50 pessoas,,
qwen3_14b,portuguese,participants,ext_def_exp,temp0.3_nodelim_norole_nocot,lusa_1,1,extraction,o concelho de São Brás de Alportel,,
qwen3_14b,portuguese,participants,ext_def_exp,temp0.3_nodelim_norole_nocot,lusa_1,1,extraction,num bar,,
qwen3_14b,portuguese,participants,ext_def_exp,temp0.3_nodelim_norole_nocot,lusa_1,1,extraction,Corotelo,,
qwen3_14b,portuguese,participants,ext_def_exp,temp0.3_nodelim_norole_nocot,lusa_1,1,extraction,São Brás de Alportel,,
qwen3_14b,portuguese,participants,ext_def_exp,temp0.3_nodelim_norole_nocot,lusa_1,1,extraction,50 pessoas,,
qwen3_14b,portuguese,participants,ext_def_exp,temp0.3_nodelim_norole_nocot,lusa_1,1,extraction,o concelho de São Brás de Alportel,,
qwen3_14b,portuguese,participants,ext_def_exp,temp0.3_nodelim_norole_nocot,lusa_1,1,extraction,num bar,,
qwen3_14b,portuguese,participants,ext_def_exp,temp0.3_nodelim_norole_nocot,lusa_1,1,extraction,Corotelo,,
qwen3_14b,portuguese,participants,ext_def_exp,temp0.3_nodelim_norole_nocot,lusa_1,1,extraction,São Brás de Alportel,,
qwen3_14b,portuguese,participants,ext_def_exp,temp0.3_nodelim_norole_nocot,lusa_1,1,extraction,50 pessoas,,
qwen3_14b,portuguese,participants,ext_def_exp,temp0.3_nodelim_norole_nocot,lusa_1,1,extraction,o concelho de São Brás de Alportel,,
qwen3_14b,portuguese,participants,ext_def_exp,temp0.3_nodelim_norole_nocot,lusa_1,1,extraction,num bar,,
qwen3_14b,portuguese,participants,ext_def_exp,temp0.3_nodelim_norole_nocot,lusa_1,1,extraction,Corotelo,,
qwen3_14b,portuguese,participants,ext_def_exp,temp0.3_nodelim_norole_nocot,lusa_1,1,extraction,São Brás de Alportel,,
qwen3_14b,portuguese,participants,ext_def_exp,temp0.3_nodelim_norole_nocot,lusa_1,1,extraction,50 pessoas,,
qwen3_14b,portuguese,participants,ext_def_exp,temp0.3_nodelim_norole_nocot,lusa_1,1,extraction,o concelho de São Brás de Alportel,,
qwen3_14b,portuguese,participants,ext_def_exp,temp0.3_nodelim_norole_nocot,lusa_1,1,extraction,num bar,,
qwen3_14b,portuguese,participants,ext_def_exp,temp0.3_nodelim_norole_nocot,lusa_1,1,extraction,Corotelo,,
qwen3_14b,portuguese,participants,ext_def_exp,temp0.3_nodelim_norole_nocot,lusa_1,1,extraction,São Brás de Alportel,,
qwen3_14b,portuguese,participants,ext_def_exp,temp0.3_nodelim_norole_nocot,lusa_1,1,extraction,50 pessoas,,
qwen3_14b,portuguese,participants,ext_def_exp,temp0.3_nodelim_norole_nocot,lusa_1,1,extraction,o concelho de São Brás de Alportel,,
qwen3_14b,portuguese,participants,ext_def_exp,temp0.3_nodelim_norole_nocot,lusa_1,1,extraction,num bar,,
qwen3_14b,portuguese,participants,ext_def_exp,temp0.3_nodelim_norole_nocot,lusa_1,1,extraction,Corotelo,,
qwen3_14b,portuguese,participants,ext_def_exp,temp0.3_nodelim_norole_nocot,lusa_1,1,extraction,São Brás de Alportel,,
qwen3_14b,portuguese,participants,ext_def_exp,temp0.3_nodelim_norole_nocot,lusa_1,1,extraction,50 pessoas,,
qwen3_14b,portuguese,participants,ext_def_exp,temp0.3_nodelim_norole_nocot,lusa_1,1,extraction,o concelho de São Brás de Alportel,,
qwen3_14b,portuguese,participants,ext_def_exp,temp0.3_nodelim_norole_nocot,lusa_1,1,extraction,num bar,,
qwen3_14b,portuguese,participants,ext_def_exp,temp0.3_nodelim_norole_nocot,lusa_1,1,extraction,Corotelo,,
qwen3_14b,portuguese,participants,ext_def_exp,temp0.3_nodelim_norole_nocot,lusa_1,1,extraction,São Brás de Alportel,,
qwen3_14b,portuguese,participants,ext_def_exp,temp0.3_nodelim_norole_nocot,lusa_1,1,extraction,50 pessoas,,
qwen3_14b,portuguese,participants,ext_def_exp,temp0.3_nodelim_norole_nocot,lusa_1,1,extraction,o concelho de São Brás de Alportel,,
qwen3_14b,portuguese,participants,ext_def_exp,temp0.3_nodelim_norole_nocot,lusa_1,1,extraction,num bar,,
qwen3_14b,portuguese,participants,ext_def_exp,temp0.3_nodelim_norole_nocot,lusa_1,1,extraction,Corotelo,,
qwen3_14b,portuguese,participants,ext_def_exp,temp0.3_nodelim_norole_nocot,lusa_1,1,extraction,São Brás de Alportel,,
qwen3_14b,portuguese,participants,ext_def_exp,temp0.3_nodelim_norole_nocot,lusa_1,1,extraction,50 pessoas,,
qwen3_14b,portuguese,participants,ext_def_exp,temp0.3_nodelim_norole_nocot,lusa_1,1,extraction,o concelho de São Brás de Alportel,,
qwen3_14b,portuguese,participants,ext_def_exp,temp0.3_nodelim_norole_nocot,lusa_1,1,extraction,num bar,,
qwen3_14b,portuguese,participants,ext_def_exp,temp0.3_nodelim_norole_nocot,lusa_1,1,extraction,Corotelo,,
qwen3_14b,portuguese,participants,ext_def_exp,temp0.3_nodelim_norole_nocot,lusa_1,1,extraction,São Brás de Alportel,,
qwen3_14b,portuguese,participants,ext_def_exp,temp0.3_nodelim_norole_nocot,lusa_1,1,extraction,50 pessoas,,
qwen3_14b,portuguese,participants,ext_def_exp,temp0.3_nodelim_norole_nocot,lusa_1,1,extraction,o concelho de São Brás de Alportel,,
qwen3_14b,portuguese,participants,ext_def_exp,temp0.3_nodelim_norole_nocot,lusa_1,1,extraction,num bar,,
qwen3_14b,portuguese,participants,ext_def_exp,temp0.3_nodelim_norole_nocot,lusa_1,1,extraction,Corotelo,,
qwen3_14b,portuguese,participants,ext_def_exp,temp0.3_nodelim_norole_nocot,lusa_1,1,extraction,São Brás de Alportel,,
qwen3_14b,portuguese,participants,ext_def_exp,temp0.3_nodelim_norole_nocot,lusa_1,1,extraction,50 pessoas,,
qwen3_14b,portuguese,participants,ext_def_exp,temp0.3_nodelim_norole_nocot,lusa_1,1,extraction,o concelho de São Brás de Alportel,,
qwen3_14b,portuguese,participants,ext_def_exp,temp0.3_nodelim_norole_nocot,lusa_1,1,extraction,num bar,,
qwen3_14b,portuguese,participants,ext_def_exp,temp0.3_nodelim_norole_nocot,lusa_1,1,extraction,Corotelo,,
qwen3_14b,portuguese,participants,ext_def_exp,temp0.3_nodelim_norole_nocot,lusa_1,1,extraction,São Brás de Alportel,,
qwen3_14b,portuguese,participants,ext_def_exp,temp0.3_nodelim_norole_nocot,lusa_1,1,extraction,50 pessoas,,
qwen3_14b,portuguese,participants,ext_def_exp,temp0.3_nodelim_norole_nocot,lusa_1,1,extraction,o concelho de São Brás de Alportel,,
qwen3_14b,portuguese,participants,ext_def_exp,temp0.3_nodelim_norole_nocot,lusa_1,1,extraction,num bar,,
qwen3_14b,portuguese,participants,ext_def_exp,temp0.3_nodelim_norole_nocot,lusa_1,1,extraction,Corotelo,,
qwen3_14b,portuguese,participants,ext_def_exp,temp0.3_nodelim_norole_nocot,lusa_1,1,extraction,São Brás de Alportel,,
qwen3_14b,portuguese,participants,ext_def_exp,temp0.3_nodelim_norole_nocot,lusa_1,1,extraction,50 pessoas,,
qwen3_14b,portuguese,participants,ext_def_exp,temp0.3_nodelim_norole_nocot,lusa_1,1,extraction,o concelho de São Brás de Alportel,,
qwen3_14b,portuguese,participants,ext_def_exp,temp0.3_nodelim_norole_nocot,lusa_1,1,extraction,num bar,,
qwen3_14b,portuguese,participants,ext_def_exp,temp0.3_nodelim_norole_nocot,lusa_1,1,extraction,Corotelo,,
qwen3_14b,portuguese,participants,ext_def_exp,temp0.3_nodelim_norole_nocot,lusa_1,1,extraction,São Brás de Alportel,,
qwen3_14b,portuguese,participants,ext_def_exp,temp0.3_nodelim_norole_nocot,lusa_1,1,extraction,50 pessoas,,
qwen3_14b,portuguese,participants,ext_def_exp,temp0.3_nodelim_norole_nocot,lusa_1,1,extraction,o concelho de São Brás de Alportel,,
qwen3_14b,portuguese,participants,ext_def_exp,temp0.3_nodelim_norole_nocot,lusa_1,1,extraction,num bar,,
qwen3_14b,portuguese,participants,ext_def_exp,temp0.3_nodelim_norole_nocot,lusa_1,1,extraction,Corotelo,,
qwen3_14b,portuguese,participants,ext_def_exp,temp0.3_nodelim_norole_nocot,lusa_1,1,extraction,São Brás de Alportel,,
qwen3_14b,portuguese,participants,ext_def_exp,temp0.3_nodelim_norole_nocot,lusa_1,1,extraction,50 pessoas,,
qwen3_14b,portuguese,participants,ext_def_exp,temp0.3_nodelim_norole_nocot,lusa_1,1,extraction,o concelho de São Brás de Alportel,,
qwen3_14b,portuguese,participants,ext_def_exp,temp0.3_nodelim_norole_nocot,lusa_1,1,extraction,num bar,,
qwen3_14b,portuguese,participants,ext_def_exp,temp0.3_nodelim_norole_nocot,lusa_1,1,extraction,Corotelo,,
qwen3_14b,portuguese,participants,ext_def_exp,temp0.3_nodelim_norole_nocot,lusa_1,1,extraction,São Brás de Alportel,,
qwen3_14b,portuguese,participants,ext_def_exp,temp0.3_nodelim_norole_nocot,lusa_1,1,extraction,50 pessoas,,
qwen3_14b,portuguese,participants,ext_def_exp,temp0.3_nodelim_norole_nocot,lusa_1,1,extraction,o concelho de São Brás de Alportel,,
qwen3_14b,portuguese,participants,ext_def_exp,temp0.3_nodelim_norole_nocot,lusa_1,1,extraction,num bar,,
qwen3_14b,portuguese,participants,ext_def_exp,temp0.3_nodelim_norole_nocot,lusa_1,1,extraction,Corotelo,,
qwen3_14b,portuguese,participants,ext_def_exp,temp0.3_nodelim_norole_nocot,lusa_1,1,extraction,São Brás de Alportel,,
qwen3_14b,portuguese,participants,ext_def_exp,temp0.3_nodelim_norole_nocot,lusa_1,1,extraction,50 pessoas,,
qwen3_14b,portuguese,participants,ext_def_exp,temp0.3_nodelim_norole_nocot,lusa_1,1,extraction,o concelho de São Brás de Alportel,,
qwen3_14b,portuguese,participants,ext_def_exp,temp0.3_nodelim_norole_nocot,lusa_1,1,extraction,num bar,,
qwen3_14b,portuguese,participants,ext_def_exp,temp0.3_nodelim_norole_nocot,lusa_1,1,extraction,Corotelo,,
qwen3_14b,portuguese,participants,ext_def_exp,temp0.3_nodelim_norole_nocot,lusa_1,1,extraction,São Brás de Alportel,,
qwen3_14b,portuguese,participants,ext_def_exp,temp0.3_nodelim_norole_nocot,lusa_1,1,extraction,50 pessoas,,
qwen3_14b,portuguese,participants,ext_def_exp,temp0.3_nodelim_norole_nocot,lusa_1,1,extraction,o concelho de São Brás de Alportel,,
qwen3_14b,portuguese,participants,ext_def_exp,temp0.3_nodelim_norole_nocot,lusa_1,1,extraction,num bar,,
qwen3_14b,portuguese,participants,ext_def_exp,temp0.3_nodelim_norole_nocot,lusa_1,1,extraction,Corotelo,,
qwen3_14b,portuguese,participants,ext_def_exp,temp0.3_nodelim_norole_nocot,lusa_1,1,extraction,São Brás de Alportel,,
qwen3_14b,portuguese,participants,ext_def_exp,temp0.3_nodelim_norole_nocot,lusa_1,1,extraction,50 pessoas,,
qwen3_14b,portuguese,participants,ext_def_exp,temp0.3_nodelim_norole_nocot,lusa_1,1,extraction,o concelho de São Brás de Alportel,,
qwen3_14b,portuguese,participants,ext_def_exp,temp0.3_nodelim_norole_nocot,lusa_1,1,extraction,num bar,,
qwen3_14b,portuguese,participants,ext_def_exp,temp0.3_nodelim_norole_nocot,lusa_1,1,extraction,Corotelo,,
qwen3_14b,portuguese,participants,ext_def_exp,temp0.3_nodelim_norole_nocot,lusa_1,1,extraction,São Brás de Alportel,,
qwen3_14b,portuguese,participants,ext_def_exp,temp0.3_nodelim_norole_nocot,lusa_1,1,extraction,50 pessoas,,
qwen3_14b,portuguese,participants,ext_def_exp,temp0.3_nodelim_norole_nocot,lusa_1,1,extraction,o concelho de São Brás de Alportel,,
qwen3_14b,portuguese,participants,ext_def_exp,temp0.3_nodelim_norole_nocot,lusa_1,1,extraction,num bar,,
qwen3_14b,portuguese,participants,ext_def_exp,temp0.3_nodelim_norole_nocot,lusa_1,1,extraction,Corotelo,,
qwen3_14b,portuguese,participants,ext_def_exp,temp0.3_nodelim_norole_nocot,lusa_1,1,extraction,São Brás de Alportel,,
qwen3_14b,portuguese,participants,ext_def_exp,temp0.3_nodelim_norole_nocot,lusa_1,1,extraction,50 pessoas,,
qwen3_14b,portuguese,participants,ext_def_exp,temp0.3_nodelim_norole_nocot,lusa_1,1,extraction,o concelho de São Brás de Alportel,,
qwen3_14b,portuguese,participants,ext_def_exp,temp0.3_nodelim_norole_nocot,lusa_1,1,extraction,num bar,,
qwen3_14b,portuguese,participants,ext_def_exp,temp0.3_nodelim_norole_nocot,lusa_1,1,extraction,Corotelo,,
qwen3_14b,portuguese,participants,ext_def_exp,temp0.3_nodelim_norole_nocot,lusa_1,1,extraction,São Brás de Alportel,,
qwen3_14b,portuguese,participants,ext_def_exp,temp0.3_nodelim_norole_nocot,lusa_1,1,extraction,50 pessoas,,
qwen3_14b,portuguese,participants,ext_def_exp,temp0.3_nodelim_norole_nocot,lusa_1,1,extraction,o concelho de São Brás de Alportel,,
qwen3_14b,portuguese,participants,ext_def_exp,temp0.3_nodelim_norole_nocot,lusa_1,1,extraction,num bar,,
qwen3_14b,portuguese,participants,ext_def_exp,temp0.3_nodelim_norole_nocot,lusa_1,1,extraction,Corotelo,,
qwen3_14b,portuguese,participants,ext_def_exp,temp0.3_nodelim_norole_nocot,lusa_1,1,extraction,São Brás de Alportel,,
qwen3_14b,portuguese,participants,ext_def_exp,temp0.3_nodelim_norole_nocot,lusa_1,1,extraction,50 pessoas,,
qwen3_14b,portuguese,participants,ext_def_exp,temp0.3_nodelim_norole_nocot,lusa_1,1,extraction,o concelho de São Brás de Alportel,,
qwen3_14b,portuguese,participants,ext_def_exp,temp0.3_nodelim_norole_nocot,lusa_1,1,extraction,num bar,,
qwen3_14b,portuguese,participants,ext_def_exp,temp0.3_nodelim_norole_nocot,lusa_1,1,extraction,Corotelo,,
qwen3_14b,portuguese,participants,ext_def_exp,temp0.3_nodelim_norole_nocot,lusa_1,1,extraction,São Brás de Alportel,,
qwen3_14b,portuguese,participants,ext_def_exp,temp0.3_nodelim_norole_nocot,lusa_1,1,extraction,50 pessoas,,
qwen3_14b,portuguese,participants,ext_def_exp,temp0.3_nodelim_norole_nocot,lusa_1,1,extraction,o concelho de São Brás de Alportel,,
qwen3_14b,portuguese,participants,ext_def_exp,temp0.3_nodelim_norole_nocot,lusa_1,1,extraction,num bar,,
qwen3_14b,portuguese,participants,ext_def_exp,temp0.3_nodelim_norole_nocot,lusa_1,1,extraction,Corotelo,,
qwen3_14b,portuguese,participants,ext_def_exp,temp0.3_nodelim_norole_nocot,lusa_1,1,extraction,São Brás de Alportel,,
qwen3_14b,portuguese,participants,ext_def_exp,temp0.3_nodelim_norole_nocot,lusa_1,1,extraction,50 pessoas,,
qwen3_14b,portuguese,participants,ext_def_exp,temp0.3_nodelim_norole_nocot,lusa_1,1,extraction,o concelho de São Brás de Alportel,,
qwen3_14b,portuguese,participants,ext_def_exp,temp0.3_nodelim_norole_nocot,lusa_1,1,extraction,num bar,,
qwen3_14b,portuguese,participants,ext_def_exp,temp0.3_nodelim_norole_nocot,lusa_1,1,extraction,Corotelo,,
qwen3_14b,portuguese,participants,ext_def_exp,temp0.3_nodelim_norole_nocot,lusa_1,1,extraction,São Brás de Alportel,,
qwen3_14b,portuguese,participants,ext_def_exp,temp0.3_nodelim_norole_nocot,lusa_1,1,extraction,50 pessoas,,
qwen3_14b,portuguese,participants,ext_def_exp,temp0.3_nodelim_norole_nocot,lusa_1,1,extraction,o concelho de São Brás de Alportel,,
qwen3_14b,portuguese,participants,ext_def_exp,temp0.3_nodelim_norole_nocot,lusa_1,1,extraction,num bar,,
qwen3_14b,portuguese,participants,ext_def_exp,temp0.3_nodelim_norole_nocot,lusa_1,1,extraction,Corotelo,,
qwen3_14b,portuguese,participants,ext_def_exp,temp0.3_nodelim_norole_nocot,lusa_1,1,extraction,São Brás de Alportel,,
qwen3_14b,portuguese,participants,ext_def_exp,temp0.3_nodelim_norole_nocot,lusa_1,1,extraction,50 pessoas,,
qwen3_14b,portuguese,participants,ext_def_exp,temp0.3_nodelim_norole_nocot,lusa_1,1,extraction,o concelho de São Brás de Alportel,,
qwen3_14b,portuguese,participants,ext_def_exp,temp0.3_nodelim_norole_nocot,lusa_1,1,extraction,num bar,,
qwen3_14b,portuguese,participants,ext_def_exp,temp0.3_nodelim_norole_nocot,lusa_1,1,extraction,Corotelo,,
qwen3_14b,portuguese,participants,ext_def_exp,temp0.3_nodelim_norole_nocot,lusa_1,1,extraction,São Brás de Alportel,,
qwen3_14b,portuguese,participants,ext_def_exp,temp0.3_nodelim_norole_nocot,lusa_1,1,extraction,50 pessoas,,
qwen3_14b,portuguese,participants,ext_def_exp,temp0.3_nodelim_norole_nocot,lusa_1,1,extraction,o concelho de São Brás de Alportel,,
qwen3_14b,portuguese,participants,ext_def_exp,temp0.3_nodelim_norole_nocot,lusa_1,1,extraction,num bar,,
qwen3_14b,portuguese,participants,ext_def_exp,temp0.3_nodelim_norole_nocot,lusa_1,1,extraction,Corotelo,,
qwen3_14b,portuguese,participants,ext_def_exp,temp0.3_nodelim_norole_nocot,lusa_1,1,extraction,São Brás de Alportel,,
qwen3_14b,portuguese,participants,ext_def_exp,temp0.3_nodelim_norole_nocot,lusa_1,1,extraction,50 pessoas,,
qwen3_14b,portuguese,participants,ext_def_exp,temp0.3_nodelim_norole_nocot,lusa_1,1,extraction,o concelho de São Brás de Alportel,,
qwen3_14b,portuguese,participants,ext_def_exp,temp0.3_nodelim_norole_nocot,lusa_1,1,extraction,num bar,,
qwen3_14b,portuguese,participants,ext_def_exp,temp0.3_nodelim_norole_nocot,lusa_1,1,extraction,Corotelo,,
qwen3_14b,portuguese,participants,ext_def_exp,temp0.3_nodelim_norole_nocot,lusa_1,1,extraction,São Brás de Alportel,,
qwen3_14b,portuguese,participants,ext_def_exp,temp0.3_nodelim_norole_nocot,lusa_1,1,extraction,50 pessoas,,
qwen3_14b,portuguese,participants,ext_def_exp,temp0.3_nodelim_norole_nocot,lusa_1,1,extraction,o concelho de São Brás de Alportel,,
qwen3_14b,portuguese,participants,ext_def_exp,temp0.3_nodelim_norole_nocot,lusa_1,1,extraction,num bar,,
qwen3_14b,portuguese,participants,ext_def_exp,temp0.3_nodelim_norole_nocot,lusa_1,1,extraction,Corotelo,,
qwen3_14b,portuguese,participants,ext_def_exp,temp0.3_nodelim_norole_nocot,lusa_1,1,extraction,São Brás de Alportel,,
qwen3_14b,portuguese,participants,ext_def_exp,temp0.3_nodelim_norole_nocot,lusa_1,1,extraction,50 pessoas,,
qwen3_14b,portuguese,participants,ext_def_exp,temp0.3_nodelim_norole_nocot,lusa_1,1,extraction,o concelho de São Brás de Alportel,,
qwen3_14b,portuguese,participants,ext_def_exp,temp0.3_nodelim_norole_nocot,lusa_1,1,extraction,num bar,,
qwen3_14b,portuguese,participants,ext_def_exp,temp0.3_nodelim_norole_nocot,lusa_1,1,extraction,Corotelo,,
qwen3_14b,portuguese,participants,ext_def_exp,temp0.3_nodelim_norole_nocot,lusa_1,1,extraction,São Brás de Alportel,,
qwen3_14b,portuguese,participants,ext_def_exp,temp0.3_nodelim_norole_nocot,lusa_1,1,extraction,50 pessoas,,
qwen3_14b,portuguese,participants,ext_def_exp,temp0.3_nodelim_norole_nocot,lusa_1,1,extraction,o concelho de São Brás de Alportel,,
qwen3_14b,portuguese,participants,ext_def_exp,temp0.3_nodelim_norole_nocot,lusa_1,1,extraction,num bar,,
qwen3_14b,portuguese,participants,ext_def_exp,temp0.3_nodelim_norole_nocot,lusa_1,1,extraction,Corotelo,,
qwen3_14b,portuguese,participants,ext_def_exp,temp0.3_nodelim_norole_nocot,lusa_1,1,extraction,São Brás de Alportel,,
qwen3_14b,portuguese,participants,ext_def_exp,temp0.3_nodelim_norole_nocot,lusa_1,1,extraction,50 pessoas,,
qwen3_14b,portuguese,participants,ext_def_exp,temp0.3_nodelim_norole_nocot,lusa_1,1,extraction,o concelho de São Brás de Alportel,,
qwen3_14b,portuguese,participants,ext_def_exp,temp0.3_nodelim_norole_nocot,lusa_1,1,extraction,num bar,,
qwen3_14b,portuguese,participants,ext_def_exp,temp0.3_nodelim_norole_nocot,lusa_1,1,extraction,Corotelo,,
qwen3_14b,portuguese,participants,ext_def_exp,temp0.3_nodelim_norole_nocot,lusa_1,1,extraction,São Brás de Alportel,,
qwen3_14b,portuguese,participants,ext_def_exp,temp0.3_nodelim_norole_nocot,lusa_1,1,extraction,50 pessoas,,
qwen3_14b,portuguese,participants,ext_def_exp,temp0.3_nodelim_norole_nocot,lusa_1,1,extraction,o concelho de São Brás de Alportel,,
qwen3_14b,portuguese,participants,ext_def_exp,temp0.3_nodelim_norole_nocot,lusa_1,1,extraction,num bar,,
qwen3_14b,portuguese,participants,ext_def_exp,temp0.3_nodelim_norole_nocot,lusa_1,1,extraction,Corotelo,,
qwen3_14b,portuguese,participants,ext_def_exp,temp0.3_nodelim_norole_nocot,lusa_1,1,extraction,São Brás de Alportel,,
qwen3_14b,portuguese,participants,ext_def_exp,temp0.3_nodelim_norole_nocot,lusa_1,1,extraction,50 pessoas,,
qwen3_14b,portuguese,participants,ext_def_exp,temp0.3_nodelim_norole_nocot,lusa_1,1,extraction,o concelho de São Brás de Alportel,,
qwen3_14b,portuguese,participants,ext_def_exp,temp0.3_nodelim_norole_nocot,lusa_1,1,extraction,num bar,,
qwen3_14b,portuguese,participants,ext_def_exp,temp0.3_nodelim_norole_nocot,lusa_1,1,extraction,Corotelo,,
qwen3_14b,portuguese,participants,ext_def_exp,temp0.3_nodelim_norole_nocot,lusa_1,1,extraction,São Brás de Alportel,,
qwen3_14b,portuguese,participants,ext_def_exp,temp0.3_nodelim_norole_nocot,lusa_1,1,extraction,50 pessoas,,
qwen3_14b,portuguese,participants,ext_def_exp,temp0.3_nodelim_norole_nocot,lusa_1,1,extraction,o concelho de São Brás de Alportel,,
qwen3_14b,portuguese,participants,ext_def_exp,temp0.3_nodelim_norole_nocot,lusa_1,1,extraction,num bar,,
qwen3_14b,portuguese,participants,ext_def_exp,temp0.3_nodelim_norole_nocot,lusa_1,1,extraction,Corotelo,,
qwen3_14b,portuguese,participants,ext_def_exp,temp0.3_nodelim_norole_nocot,lusa_1,1,extraction,São Brás de Alportel,,
qwen3_14b,portuguese,participants,ext_def_exp,temp0.3_nodelim_norole_nocot,lusa_1,1,extraction,50 pessoas,,
qwen3_14b,portuguese,participants,ext_def_exp,temp0.3_nodelim_norole_nocot,lusa_1,1,extraction,o concelho de São Brás de Alportel,,
qwen3_14b,portuguese,participants,ext_def_exp,temp0.3_nodelim_norole_nocot,lusa_1,1,extraction,num bar,,
qwen3_14b,portuguese,participants,ext_def_exp,temp0.3_nodelim_norole_nocot,lusa_1,1,extraction,Corotelo,,
qwen3_14b,portuguese,participants,ext_def_exp,temp0.3_nodelim_norole_nocot,lusa_1,1,extraction,São Brás de Alportel,,
qwen3_14b,portuguese,participants,ext_def_exp,temp0.3_nodelim_norole_nocot,lusa_1,1,extraction,50 pessoas,,
qwen3_14b,portuguese,participants,ext_def_exp,temp0.3_nodelim_norole_nocot,lusa_1,1,extraction,o concelho de São Brás de Alportel,,
qwen3_14b,portuguese,participants,ext_def_exp,temp0.3_nodelim_norole_nocot,lusa_1,1,extraction,num bar,,
qwen3_14b,portuguese,participants,ext_def_exp,temp0.3_nodelim_norole_nocot,lusa_1,1,extraction,Corotelo,,
qwen3_14b,portuguese,participants,ext_def_exp,temp0.3_nodelim_norole_nocot,lusa_1,1,extraction,São Brás de Alportel,,
qwen3_14b,portuguese,participants,ext_def_exp,temp0.3_nodelim_norole_nocot,lusa_1,1,extraction,50 pessoas,,
qwen3_14b,portuguese,participants,ext_def_exp,temp0.3_nodelim_norole_nocot,lusa_1,1,extraction,o concelho de São Brás de Alportel,,
qwen3_14b,portuguese,participants,ext_def_exp,temp0.3_nodelim_norole_nocot,lusa_1,1,extraction,num bar,,
qwen3_14b,portuguese,participants,ext_def_exp,temp0.3_nodelim_norole_nocot,lusa_1,1,extraction,Corotelo,,
qwen3_14b,portuguese,participants,ext_def_exp,temp0.3_nodelim_norole_nocot,lusa_1,1,extraction,São Brás de Alportel,,
qwen3_14b,portuguese,participants,ext_def_exp,temp0.3_nodelim_norole_nocot,lusa_1,1,extraction,50 pessoas,,
qwen3_14b,portuguese,participants,ext_def_exp,temp0.3_nodelim_norole_nocot,lusa_1,1,extraction,o concelho de São Brás de Alportel,,
qwen3_14b,portuguese,participants,ext_def_exp,temp0.3_nodelim_norole_nocot,lusa_1,1,extraction,num bar,,
qwen3_14b,portuguese,participants,ext_def_exp,temp0.3_nodelim_norole_nocot,lusa_1,1,extraction,Corotelo,,
qwen3_14b,portuguese,participants,ext_def_exp,temp0.3_nodelim_norole_nocot,lusa_1,1,extraction,São Brás de Alportel,,
qwen3_14b,portuguese,participants,ext_def_exp,temp0.3_nodelim_norole_nocot,lusa_1,1,extraction,50 pessoas,,
qwen3_14b,portuguese,participants,ext_def_exp,temp0.3_nodelim_norole_nocot,lusa_1,1,extraction,o concelho de São Brás de Alportel,,
qwen3_14b,portuguese,participants,ext_def_exp,temp0.3_nodelim_norole_nocot,lusa_1,1,extraction,num bar,,
qwen3_14b,portuguese,participants,ext_def_exp,temp0.3_nodelim_norole_nocot,lusa_1,1,extraction,Corotelo,,
qwen3_14b,portuguese,participants,ext_def_exp,temp0.3_nodelim_norole_nocot,lusa_1,1,extraction,São Brás de Alportel,,
qwen3_14b,portuguese,participants,ext_def_exp,temp0.3_nodelim_norole_nocot,lusa_1,1,extraction,50 pessoas,,
qwen3_14b,portuguese,participants,ext_def_exp,temp0.3_nodelim_norole_nocot,lusa_1,1,extraction,o concelho de São Brás de Alportel,,
qwen3_14b,portuguese,participants,ext_def_exp,temp0.3_nodelim_norole_nocot,lusa_1,1,extraction,num bar,,
qwen3_14b,portuguese,participants,ext_def_exp,temp0.3_nodelim_norole_nocot,lusa_1,1,extraction,Corotelo,,
qwen3_14b,portuguese,participants,ext_def_exp,temp0.3_nodelim_norole_nocot,lusa_1,1,extraction,São Brás de Alportel,,
qwen3_14b,portuguese,participants,ext_def_exp,temp0.3_nodelim_norole_nocot,lusa_1,1,extraction,50 pessoas,,
qwen3_14b,portuguese,participants,ext_def_exp,temp0.3_nodelim_norole_nocot,lusa_1,1,extraction,o concelho de São Brás de Alportel,,
qwen3_14b,portuguese,participants,ext_def_exp,temp0.3_nodelim_norole_nocot,lusa_1,1,extraction,num bar,,
qwen3_14b,portuguese,participants,ext_def_exp,temp0.3_nodelim_norole_nocot,lusa_1,1,extraction,Corotelo,,
qwen3_14b,portuguese,participants,ext_def_exp,temp0.3_nodelim_norole_nocot,lusa_1,1,extraction,São Brás de Alportel,,
qwen3_14b,portuguese,participants,ext_def_exp,temp0.3_nodelim_norole_nocot,lusa_1,1,extraction,50 pessoas,,
qwen3_14b,portuguese,participants,ext_def_exp,temp0.3_nodelim_norole_nocot,lusa_1,1,extraction,o concelho de São Brás de Alportel,,
qwen3_14b,portuguese,participants,ext_def_exp,temp0.3_nodelim_norole_nocot,lusa_1,1,extraction,num bar,,
qwen3_14b,portuguese,participants,ext_def_exp,temp0.3_nodelim_norole_nocot,lusa_1,1,extraction,Corotelo,,
qwen3_14b,portuguese,participants,ext_def_exp,temp0.3_nodelim_norole_nocot,lusa_1,1,extraction,São Brás de Alportel,,
qwen3_14b,portuguese,participants,ext_def_exp,temp0.3_nodelim_norole_nocot,lusa_1,1,extraction,50 pessoas,,
qwen3_14b,portuguese,participants,ext_def_exp,temp0.3_nodelim_norole_nocot,lusa_1,1,extraction,o concelho de São Brás de Alportel,,
qwen3_14b,portuguese,participants,ext_def_exp,temp0.3_nodelim_norole_nocot,lusa_1,1,extraction,num bar,,
qwen3_14b,portuguese,participants,ext_def_exp,temp0.3_nodelim_norole_nocot,lusa_1,1,extraction,Corotelo,,
qwen3_14b,portuguese,participants,ext_def_exp,temp0.3_nodelim_norole_nocot,lusa_1,1,extraction,São Brás de Alportel,,
qwen3_14b,portuguese,participants,ext_def_exp,temp0.3_nodelim_norole_nocot,lusa_1,1,extraction,50 pessoas,,
qwen3_14b,portuguese,participants,ext_def_exp,temp0.3_nodelim_norole_nocot,lusa_1,1,extraction,o concelho de São Brás de Alportel,,
qwen3_14b,portuguese,participants,ext_def_exp,temp0.3_nodelim_norole_nocot,lusa_1,1,extraction,num bar,,
qwen3_14b,portuguese,participants,ext_def_exp,temp0.3_nodelim_norole_nocot,lusa_1,1,extraction,Corotelo,,
qwen3_14b,portuguese,participants,ext_def_exp,temp0.3_nodelim_norole_nocot,lusa_1,1,extraction,São Brás de Alportel,,
qwen3_14b,portuguese,participants,ext_def_exp,temp0.3_nodelim_norole_nocot,lusa_1,1,extraction,50 pessoas,,
qwen3_14b,portuguese,participants,ext_def_exp,temp0.3_nodelim_norole_nocot,lusa_1,1,extraction,o concelho de São Brás de Alportel,,
qwen3_14b,portuguese,participants,ext_def_exp,temp0.3_nodelim_norole_nocot,lusa_1,1,extraction,num bar,,
qwen3_14b,portuguese,participants,ext_def_exp,temp0.3_nodelim_norole_nocot,lusa_1,1,extraction,Corotelo,,
qwen3_14b,portuguese,participants,ext_def_exp,temp0.3_nodelim_norole_nocot,lusa_1,1,extraction,São Brás de Alportel,,
qwen3_14b,portuguese,participants,ext_def_exp,temp0.3_nodelim_norole_nocot,lusa_1,1,extraction,50 pessoas,,
qwen3_14b,portuguese,participants,ext_def_exp,temp0.3_nodelim_norole_nocot,lusa_1,1,extraction,o concelho de São Brás de Alportel,,
qwen3_14b,portuguese,participants,ext_def_exp,temp0.3_nodelim_norole_nocot,lusa_1,1,extraction,num bar,,
qwen3_14b,portuguese,participants,ext_def_exp,temp0.3_nodelim_norole_nocot,lusa_1,1,extraction,Corotelo,,
qwen3_14b,portuguese,participants,ext_def_exp,temp0.3_nodelim_norole_nocot,lusa_1,1,extraction,São Brás de Alportel,,
qwen3_14b,portuguese,participants,ext_def_exp,temp0.3_nodelim_norole_nocot,lusa_1,1,extraction,50 pessoas,,
qwen3_14b,portuguese,participants,ext_def_exp,temp0.3_nodelim_norole_nocot,lusa_1,1,extraction,o concelho de São Brás de Alportel,,
qwen3_14b,portuguese,participants,ext_def_exp,temp0.3_nodelim_norole_nocot,lusa_1,1,extraction,num bar,,
qwen3_14b,portuguese,participants,ext_def_exp,temp0.3_nodelim_norole_nocot,lusa_1,1,extraction,Corotelo,,
qwen3_14b,portuguese,participants,ext_def_exp,temp0.3_nodelim_norole_nocot,lusa_1,1,extraction,São Brás de Alportel,,
qwen3_14b,portuguese,participants,ext_def_exp,temp0.3_nodelim_norole_nocot,lusa_1,1,extraction,50 pessoas,,
qwen3_14b,portuguese,participants,ext_def_exp,temp0.3_nodelim_norole_nocot,lusa_1,1,extraction,o concelho de São Brás de Alportel,,
qwen3_14b,portuguese,participants,ext_def_exp,temp0.3_nodelim_norole_nocot,lusa_1,1,extraction,num bar,,
qwen3_14b,portuguese,participants,ext_def_exp,temp0.3_nodelim_norole_nocot,lusa_1,1,extraction,Corotelo,,
qwen3_14b,portuguese,participants,ext_def_exp,temp0.3_nodelim_norole_nocot,lusa_1,1,extraction,São Brás de Alportel,,
qwen3_14b,portuguese,participants,ext_def_exp,temp0.3_nodelim_norole_nocot,lusa_1,1,extraction,50 pessoas,,
qwen3_14b,portuguese,participants,ext_def_exp,temp0.3_nodelim_norole_nocot,lusa_1,1,extraction,o concelho de São Brás de Alportel,,
qwen3_14b,portuguese,participants,ext_def_exp,temp0.3_nodelim_norole_nocot,lusa_1,1,extraction,num bar,,
qwen3_14b,portuguese,participants,ext_def_exp,temp0.3_nodelim_norole_nocot,lusa_1,1,extraction,Corotelo,,
qwen3_14b,portuguese,participants,ext_def_exp,temp0.3_nodelim_norole_nocot,lusa_1,1,extraction,São Brás de Alportel,,
qwen3_14b,portuguese,participants,ext_def_exp,temp0.3_nodelim_norole_nocot,lusa_1,1,extraction,50 pessoas,,
qwen3_14b,portuguese,participants,ext_def_exp,temp0.3_nodelim_norole_nocot,lusa_1,1,extraction,o concelho de São Brás de Alportel,,
qwen3_14b,portuguese,participants,ext_def_exp,temp0.3_nodelim_norole_nocot,lusa_1,1,extraction,num bar,,
qwen3_14b,portuguese,participants,ext_def_exp,temp0.3_nodelim_norole_nocot,lusa_1,1,extraction,Corotelo,,
qwen3_14b,portuguese,participants,ext_def_exp,temp0.3_nodelim_norole_nocot,lusa_1,1,extraction,São Brás de Alportel,,
qwen3_14b,portuguese,participants,ext_def_exp,temp0.3_nodelim_norole_nocot,lusa_1,1,extraction,50 pessoas,,
qwen3_14b,portuguese,participants,ext_def_exp,temp0.3_nodelim_norole_nocot,lusa_1,1,extraction,o concelho de São Brás de Alportel,,
qwen3_14b,portuguese,participants,ext_def_exp,temp0.3_nodelim_norole_nocot,lusa_1,1,extraction,num bar,,
qwen3_14b,portuguese,participants,ext_def_exp,temp0.3_nodelim_norole_nocot,lusa_1,1,extraction,Corotelo,,
qwen3_14b,portuguese,participants,ext_def_exp,temp0.3_nodelim_norole_nocot,lusa_1,1,extraction,São Brás de Alportel,,
qwen3_14b,portuguese,participants,ext_def_exp,temp0.3_nodelim_norole_nocot,lusa_1,1,extraction,50 pessoas,,
qwen3_14b,portuguese,participants,ext_def_exp,temp0.3_nodelim_norole_nocot,lusa_1,1,extraction,o concelho de São Brás de Alportel,,
qwen3_14b,portuguese,participants,ext_def_exp,temp0.3_nodelim_norole_nocot,lusa_1,1,extraction,num bar,,
qwen3_14b,portuguese,participants,ext_def_exp,temp0.3_nodelim_norole_nocot,lusa_1,1,extraction,Corotelo,,
qwen3_14b,portuguese,participants,ext_def_exp,temp0.3_nodelim_norole_nocot,lusa_1,1,extraction,São Brás de Alportel,,
qwen3_14b,portuguese,participants,ext_def_exp,temp0.3_nodelim_norole_nocot,lusa_1,1,extraction,50 pessoas,,
qwen3_14b,portuguese,participants,ext_def_exp,temp0.3_nodelim_norole_nocot,lusa_1,1,extraction,o concelho de São Brás de Alportel,,
qwen3_14b,portuguese,participants,ext_def_exp,temp0.3_nodelim_norole_nocot,lusa_1,1,extraction,num bar,,
qwen3_14b,portuguese,participants,ext_def_exp,temp0.3_nodelim_norole_nocot,lusa_1,1,extraction,Corotelo,,
qwen3_14b,portuguese,participants,ext_def_exp,temp0.3_nodelim_norole_nocot,lusa_1,1,extraction,São Brás de Alportel,,
qwen3_14b,portuguese,participants,ext_def_exp,temp0.3_nodelim_norole_nocot,lusa_1,1,extraction,50 pessoas,,
qwen3_14b,portuguese,participants,ext_def_exp,temp0.3_nodelim_norole_nocot,lusa_1,1,extraction,o concelho de São Brás de Alportel,,
qwen3_14b,portuguese,participants,ext_def_exp,temp0.3_nodelim_norole_nocot,lusa_1,1,extraction,num bar,,
qwen3_14b,portuguese,participants,ext_def_exp,temp0.3_nodelim_norole_nocot,lusa_1,1,extraction,Corotelo,,
qwen3_14b,portuguese,participants,ext_def_exp,temp0.3_nodelim_norole_nocot,lusa_1,1,extraction,São Brás de Alportel,,
qwen3_14b,portuguese,participants,ext_def_exp,temp0.3_nodelim_norole_nocot,lusa_1,1,extraction,50 pessoas,,
qwen3_14b,portuguese,participants,ext_def_exp,temp0.3_nodelim_norole_nocot,lusa_1,1,extraction,o concelho de São Brás de Alportel,,
qwen3_14b,portuguese,participants,ext_def_exp,temp0.3_nodelim_norole_nocot,lusa_1,1,extraction,num bar,,
qwen3_14b,portuguese,participants,ext_def_exp,temp0.3_nodelim_norole_nocot,lusa_1,1,extraction,Corotelo,,
qwen3_14b,portuguese,participants,ext_def_exp,temp0.3_nodelim_norole_nocot,lusa_1,1,extraction,São Brás de Alportel,,
qwen3_14b,portuguese,participants,ext_def_exp,temp0.3_nodelim_norole_nocot,lusa_1,1,extraction,50 pessoas,,
qwen3_14b,portuguese,participants,ext_def_exp,temp0.3_nodelim_norole_nocot,lusa_1,1,extraction,o concelho de São Brás de Alportel,,
qwen3_14b,portuguese,participants,ext_def_exp,temp0.3_nodelim_norole_nocot,lusa_1,1,extraction,num bar,,
qwen3_14b,portuguese,participants,ext_def_exp,temp0.3_nodelim_norole_nocot,lusa_1,1,extraction,Corotelo,,
qwen3_14b,portuguese,participants,ext_def_exp,temp0.3_nodelim_norole_nocot,lusa_1,1,extraction,São Brás de Alportel,,
qwen3_14b,portuguese,participants,ext_def_exp,temp0.3_nodelim_norole_nocot,lusa_1,1,extraction,50 pessoas,,
qwen3_14b,portuguese,participants,ext_def_exp,temp0.3_nodelim_norole_nocot,lusa_1,1,extraction,o concelho de São Brás de Alportel,,
qwen3_14b,portuguese,participants,ext_def_exp,temp0.3_nodelim_norole_nocot,lusa_1,1,extraction,num bar,,
qwen3_14b,portuguese,participants,ext_def_exp,temp0.3_nodelim_norole_nocot,lusa_1,1,extraction,Corotelo,,
qwen3_14b,portuguese,participants,ext_def_exp,temp0.3_nodelim_norole_nocot,lusa_1,1,extraction,São Brás de Alportel,,
qwen3_14b,portuguese,participants,ext_def_exp,temp0.3_nodelim_norole_nocot,lusa_1,1,extraction,50 pessoas,,
qwen3_14b,portuguese,participants,ext_def_exp,temp0.3_nodelim_norole_nocot,lusa_1,1,extraction,o concelho de São Brás de Alportel,,
qwen3_14b,portuguese,participants,ext_def_exp,temp0.3_nodelim_norole_nocot,lusa_1,1,extraction,num bar,,
qwen3_14b,portuguese,participants,ext_def_exp,temp0.3_nodelim_norole_nocot,lusa_1,1,extraction,Corotelo,,
qwen3_14b,portuguese,participants,ext_def_exp,temp0.3_nodelim_norole_nocot,lusa_1,1,extraction,São Brás de Alportel,,
qwen3_14b,portuguese,participants,ext_def_exp,temp0.3_nodelim_norole_nocot,lusa_1,1,extraction,50 pessoas,,
qwen3_14b,portuguese,participants,ext_def_exp,temp0.3_nodelim_norole_nocot,lusa_1,1,extraction,o concelho de São Brás de Alportel,,
qwen3_14b,portuguese,participants,ext_def_exp,temp0.3_nodelim_norole_nocot,lusa_1,1,extraction,num bar,,
qwen3_14b,portuguese,participants,ext_def_exp,temp0.3_nodelim_norole_nocot,lusa_1,1,extraction,Corotelo,,
qwen3_14b,portuguese,participants,ext_def_exp,temp0.3_nodelim_norole_nocot,lusa_1,1,extraction,São Brás de Alportel,,
qwen3_14b,portuguese,participants,ext_def_exp,temp0.3_nodelim_norole_nocot,lusa_1,1,extraction,50 pessoas,,
qwen3_14b,portuguese,participants,ext_def_exp,temp0.3_nodelim_norole_nocot,lusa_1,1,extraction,o concelho de São Brás de Alportel,,
qwen3_14b,portuguese,participants,ext_def_exp,temp0.3_nodelim_norole_nocot,lusa_1,1,extraction,num bar,,
qwen3_14b,portuguese,participants,ext_def_exp,temp0.3_nodelim_norole_nocot,lusa_1,1,extraction,Corotelo,,
qwen3_14b,portuguese,participants,ext_def_exp,temp0.3_nodelim_norole_nocot,lusa_1,1,extraction,São Brás de Alportel,,
qwen3_14b,portuguese,participants,ext_def_exp,temp0.3_nodelim_norole_nocot,lusa_1,1,extraction,50 pessoas,,
qwen3_14b,portuguese,participants,ext_def_exp,temp0.3_nodelim_norole_nocot,lusa_1,1,extraction,o concelho de São Brás de Alportel,,
qwen3_14b,portuguese,participants,ext_def_exp,temp0.3_nodelim_norole_nocot,lusa_1,1,extraction,num bar,,
qwen3_14b,portuguese,participants,ext_def_exp,temp0.3_nodelim_norole_nocot,lusa_1,1,extraction,Corotelo,,
qwen3_14b,portuguese,participants,ext_def_exp,temp0.3_nodelim_norole_nocot,lusa_1,1,extraction,São Brás de Alportel,,
qwen3_14b,portuguese,participants,ext_def_exp,temp0.3_nodelim_norole_nocot,lusa_1,1,extraction,50 pessoas,,
qwen3_14b,portuguese,participants,ext_def_exp,temp0.3_nodelim_norole_nocot,lusa_1,1,extraction,o concelho de São Brás de Alportel,,
qwen3_14b,portuguese,participants,ext_def_exp,temp0.3_nodelim_norole_nocot,lusa_1,1,extraction,num bar,,
qwen3_14b,portuguese,participants,ext_def_exp,temp0.3_nodelim_norole_nocot,lusa_1,1,extraction,Corotelo,,
qwen3_14b,portuguese,participants,ext_def_exp,temp0.3_nodelim_norole_nocot,lusa_1,1,extraction,São Brás de Alportel,,
qwen3_14b,portuguese,participants,ext_def_exp,temp0.3_nodelim_norole_nocot,lusa_1,1,extraction,50 pessoas,,
qwen3_14b,portuguese,participants,ext_def_exp,temp0.3_nodelim_norole_nocot,lusa_1,1,extraction,o concelho de São Brás de Alportel,,
qwen3_14b,portuguese,participants,ext_def_exp,temp0.3_nodelim_norole_nocot,lusa_1,1,extraction,num bar,,
qwen3_14b,portuguese,participants,ext_def_exp,temp0.3_nodelim_norole_nocot,lusa_1,1,extraction,Corotelo,,
qwen3_14b,portuguese,participants,ext_def_exp,temp0.3_nodelim_norole_nocot,lusa_1,1,extraction,São Brás de Alportel,,
qwen3_14b,portuguese,participants,ext_def_exp,temp0.3_nodelim_norole_nocot,lusa_1,1,extraction,50 pessoas,,
qwen3_14b,portuguese,participants,ext_def_exp,temp0.3_nodelim_norole_nocot,lusa_1,1,extraction,o concelho de São Brás de Alportel,,
qwen3_14b,portuguese,participants,ext_def_exp,temp0.3_nodelim_norole_nocot,lusa_1,1,extraction,num bar,,
qwen3_14b,portuguese,participants,ext_def_exp,temp0.3_nodelim_norole_nocot,lusa_1,1,extraction,Corotelo,,
qwen3_14b,portuguese,participants,ext_def_exp,temp0.3_nodelim_norole_nocot,lusa_1,1,extraction,São Brás de Alportel,,
qwen3_14b,portuguese,participants,ext_def_exp,temp0.3_nodelim_norole_nocot,lusa_1,1,extraction,50 pessoas,,
qwen3_14b,portuguese,participants,ext_def_exp,temp0.3_nodelim_norole_nocot,lusa_1,1,extraction,o concelho de São Brás de Alportel,,
qwen3_14b,portuguese,participants,ext_def_exp,temp0.3_nodelim_norole_nocot,lusa_1,1,extraction,num bar,,
qwen3_14b,portuguese,participants,ext_def_exp,temp0.3_nodelim_norole_nocot,lusa_1,1,extraction,Corotelo,,
qwen3_14b,portuguese,participants,ext_def_exp,temp0.3_nodelim_norole_nocot,lusa_1,1,extraction,São Brás de Alportel,,
qwen3_14b,portuguese,participants,ext_def_exp,temp0.3_nodelim_norole_nocot,lusa_1,1,extraction,50 pessoas,,
qwen3_14b,portuguese,participants,ext_def_exp,temp0.3_nodelim_norole_nocot,lusa_1,1,extraction,o concelho de São Brás de Alportel,,
qwen3_14b,portuguese,participants,ext_def_exp,temp0.3_nodelim_norole_nocot,lusa_1,1,extraction,num bar,,
qwen3_14b,portuguese,participants,ext_def_exp,temp0.3_nodelim_norole_nocot,lusa_1,1,extraction,Corotelo,,
qwen3_14b,portuguese,participants,ext_def_exp,temp0.3_nodelim_norole_nocot,lusa_1,1,extraction,São Brás de Alportel,,
qwen3_14b,portuguese,participants,ext_def_exp,temp0.3_nodelim_norole_nocot,lusa_1,1,extraction,50 pessoas,,
qwen3_14b,portuguese,participants,ext_def_exp,temp0.3_nodelim_norole_nocot,lusa_1,1,extraction,o concelho de São Brás de Alportel,,
qwen3_14b,portuguese,participants,ext_def_exp,temp0.3_nodelim_norole_nocot,lusa_1,1,extraction,num bar,,
qwen3_14b,portuguese,participants,ext_def_exp,temp0.3_nodelim_norole_nocot,lusa_1,1,extraction,Corotelo,,
qwen3_14b,portuguese,participants,ext_def_exp,temp0.3_nodelim_norole_nocot,lusa_1,1,extraction,São Brás de Alportel,,
qwen3_14b,portuguese,participants,ext_def_exp,temp0.3_nodelim_norole_nocot,lusa_1,1,extraction,50 pessoas,,
qwen3_14b,portuguese,participants,ext_def_exp,temp0.3_nodelim_norole_nocot,lusa_1,1,extraction,o concelho de São Brás de Alportel,,
qwen3_14b,portuguese,participants,ext_def_exp,temp0.3_nodelim_norole_nocot,lusa_1,1,extraction,num bar,,
qwen3_14b,portuguese,participants,ext_def_exp,temp0.3_nodelim_norole_nocot,lusa_1,1,extraction,Corotelo,,
qwen3_14b,portuguese,participants,ext_def_exp,temp0.3_nodelim_norole_nocot,lusa_1,1,extraction,São Brás de Alportel,,
qwen3_14b,portuguese,participants,ext_def_exp,temp0.3_nodelim_norole_nocot,lusa_1,1,extraction,50 pessoas,,
qwen3_14b,portuguese,participants,ext_def_exp,temp0.3_nodelim_norole_nocot,lusa_1,1,extraction,o concelho de São Brás de Alportel,,
qwen3_14b,portuguese,participants,ext_def_exp,temp0.3_nodelim_norole_nocot,lusa_1,1,extraction,num bar,,
qwen3_14b,portuguese,participants,ext_def_exp,temp0.3_nodelim_norole_nocot,lusa_1,1,extraction,Corotelo,,
qwen3_14b,portuguese,participants,ext_def_exp,temp0.3_nodelim_norole_nocot,lusa_1,1,extraction,São Brás de Alportel,,
qwen3_14b,portuguese,participants,ext_def_exp,temp0.3_nodelim_norole_nocot,lusa_1,1,extraction,50 pessoas,,
qwen3_14b,portuguese,participants,ext_def_exp,temp0.3_nodelim_norole_nocot,lusa_1,1,extraction,o concelho de São Brás de Alportel,,
qwen3_14b,portuguese,participants,ext_def_exp,temp0.3_nodelim_norole_nocot,lusa_1,1,extraction,num bar,,
qwen3_14b,portuguese,participants,ext_def_exp,temp0.3_nodelim_norole_nocot,lusa_1,1,extraction,Corotelo,,
qwen3_14b,portuguese,participants,ext_def_exp,temp0.3_nodelim_norole_nocot,lusa_1,1,extraction,São Brás de Alportel,,
qwen3_14b,portuguese,participants,ext_def_exp,temp0.3_nodelim_norole_nocot,lusa_1,1,extraction,50 pessoas,,
qwen3_14b,portuguese,participants,ext_def_exp,temp0.3_nodelim_norole_nocot,lusa_1,1,extraction,o concelho de São Brás de Alportel,,
qwen3_14b,portuguese,participants,ext_def_exp,temp0.3_nodelim_norole_nocot,lusa_1,1,extraction,num bar,,
qwen3_14b,portuguese,participants,ext_def_exp,temp0.3_nodelim_norole_nocot,lusa_1,1,extraction,Corotelo,,
qwen3_14b,portuguese,participants,ext_def_exp,temp0.3_nodelim_norole_nocot,lusa_1,1,extraction,São Brás de Alportel,,
qwen3_14b,portuguese,participants,ext_def_exp,temp0.3_nodelim_norole_nocot,lusa_1,1,extraction,50 pessoas,,
qwen3_14b,portuguese,participants,ext_def_exp,temp0.3_nodelim_norole_nocot,lusa_1,1,extraction,o concelho de São Brás de Alportel,,
qwen3_14b,portuguese,participants,ext_def_exp,temp0.3_nodelim_norole_nocot,lusa_1,1,extraction,num bar,,
qwen3_14b,portuguese,participants,ext_def_exp,temp0.3_nodelim_norole_nocot,lusa_1,1,extraction,Corotelo,,
qwen3_14b,portuguese,participants,ext_def_exp,temp0.3_nodelim_norole_nocot,lusa_1,1,extraction,São Brás de Alportel,,
qwen3_14b,portuguese,participants,ext_def_exp,temp0.3_nodelim_norole_nocot,lusa_1,1,extraction,50 pessoas,,
qwen3_14b,portuguese,participants,ext_def_exp,temp0.3_nodelim_norole_nocot,lusa_1,1,extraction,o concelho de São Brás de Alportel,,
qwen3_14b,portuguese,participants,ext_def_exp,temp0.3_nodelim_norole_nocot,lusa_1,1,extraction,num bar,,
qwen3_14b,portuguese,participants,ext_def_exp,temp0.3_nodelim_norole_nocot,lusa_1,1,extraction,Corotelo,,
qwen3_14b,portuguese,participants,ext_def_exp,temp0.3_nodelim_norole_nocot,lusa_1,1,extraction,São Brás de Alportel,,
qwen3_14b,portuguese,participants,ext_def_exp,temp0.3_nodelim_norole_nocot,lusa_1,1,extraction,50 pessoas,,
qwen3_14b,portuguese,participants,ext_def_exp,temp0.3_nodelim_norole_nocot,lusa_1,1,extraction,o concelho de São Brás de Alportel,,
qwen3_14b,portuguese,participants,ext_def_exp,temp0.3_nodelim_norole_nocot,lusa_1,1,extraction,num bar,,
qwen3_14b,portuguese,participants,ext_def_exp,temp0.3_nodelim_norole_nocot,lusa_1,1,extraction,Corotelo,,
qwen3_14b,portuguese,participants,ext_def_exp,temp0.3_nodelim_norole_nocot,lusa_1,1,extraction,São Brás de Alportel,,
qwen3_14b,portuguese,participants,ext_def_exp,temp0.3_nodelim_norole_nocot,lusa_1,1,extraction,50 pessoas,,
qwen3_14b,portuguese,participants,ext_def_exp,temp0.3_nodelim_norole_nocot,lusa_1,1,extraction,o concelho de São Brás de Alportel,,
qwen3_14b,portuguese,participants,ext_def_exp,temp0.3_nodelim_norole_nocot,lusa_1,1,extraction,num bar,,
qwen3_14b,portuguese,participants,ext_def_exp,temp0.3_nodelim_norole_nocot,lusa_1,1,extraction,Corotelo,,
qwen3_14b,portuguese,participants,ext_def_exp,temp0.3_nodelim_norole_nocot,lusa_1,1,extraction,São Brás de Alportel,,
qwen3_14b,portuguese,participants,ext_def_exp,temp0.3_nodelim_norole_nocot,lusa_1,1,extraction,50 pessoas,,
qwen3_14b,portuguese,participants,ext_def_exp,temp0.3_nodelim_norole_nocot,lusa_1,1,extraction,o concelho de São Brás de Alportel,,
qwen3_14b,portuguese,participants,ext_def_exp,temp0.3_nodelim_norole_nocot,lusa_1,1,extraction,num bar,,
qwen3_14b,portuguese,participants,ext_def_exp,temp0.3_nodelim_norole_nocot,lusa_1,1,extraction,Corotelo,,
qwen3_14b,portuguese,participants,ext_def_exp,temp0.3_nodelim_norole_nocot,lusa_1,1,extraction,São Brás de Alportel,,
qwen3_14b,portuguese,participants,ext_def_exp,temp0.3_nodelim_norole_nocot,lusa_1,1,extraction,50 pessoas,,
qwen3_14b,portuguese,participants,ext_def_exp,temp0.3_nodelim_norole_nocot,lusa_1,1,extraction,o concelho de São Brás de Alportel,,
qwen3_14b,portuguese,participants,ext_def_exp,temp0.3_nodelim_norole_nocot,lusa_1,1,extraction,num bar,,
qwen3_14b,portuguese,participants,ext_def_exp,temp0.3_nodelim_norole_nocot,lusa_1,1,extraction,Corotelo,,
qwen3_14b,portuguese,participants,ext_def_exp,temp0.3_nodelim_norole_nocot,lusa_1,1,extraction,São Brás de Alportel,,
qwen3_14b,portuguese,participants,ext_def_exp,temp0.3_nodelim_norole_nocot,lusa_1,1,extraction,50 pessoas,,
qwen3_14b,portuguese,participants,ext_def_exp,temp0.3_nodelim_norole_nocot,lusa_1,1,extraction,o concelho de São Brás de Alportel,,
qwen3_14b,portuguese,participants,ext_def_exp,temp0.3_nodelim_norole_nocot,lusa_1,1,extraction,num bar,,
qwen3_14b,portuguese,participants,ext_def_exp,temp0.3_nodelim_norole_nocot,lusa_1,1,extraction,Corotelo,,
qwen3_14b,portuguese,participants,ext_def_exp,temp0.3_nodelim_norole_nocot,lusa_1,1,extraction,São Brás de Alportel,,
qwen3_14b,portuguese,participants,ext_def_exp,temp0.3_nodelim_norole_nocot,lusa_1,1,extraction,50 pessoas,,
qwen3_14b,portuguese,participants,ext_def_exp,temp0.3_nodelim_norole_nocot,lusa_1,1,extraction,o concelho de São Brás de Alportel,,
qwen3_14b,portuguese,participants,ext_def_exp,temp0.3_nodelim_norole_nocot,lusa_1,1,extraction,num bar,,
qwen3_14b,portuguese,participants,ext_def_exp,temp0.3_nodelim_norole_nocot,lusa_1,1,extraction,Corotelo,,
qwen3_14b,portuguese,participants,ext_def_exp,temp0.3_nodelim_norole_nocot,lusa_1,1,extraction,São Brás de Alportel,,
qwen3_14b,portuguese,participants,ext_def_exp,temp0.3_nodelim_norole_nocot,lusa_1,1,extraction,50 pessoas,,
qwen3_14b,portuguese,participants,ext_def_exp,temp0.3_nodelim_norole_nocot,lusa_1,1,extraction,o concelho de São Brás de Alportel,,
qwen3_14b,portuguese,participants,ext_def_exp,temp0.3_nodelim_norole_nocot,lusa_1,1,extraction,num bar,,
qwen3_14b,portuguese,participants,ext_def_exp,temp0.3_nodelim_norole_nocot,lusa_1,1,extraction,Corotelo,,
qwen3_14b,portuguese,participants,ext_def_exp,temp0.3_nodelim_norole_nocot,lusa_1,1,extraction,São Brás de Alportel,,
qwen3_14b,portuguese,participants,ext_def_exp,temp0.3_nodelim_norole_nocot,lusa_1,1,extraction,50 pessoas,,
qwen3_14b,portuguese,participants,ext_def_exp,temp0.3_nodelim_norole_nocot,lusa_1,1,extraction,o concelho de São Brás de Alportel,,
qwen3_14b,portuguese,participants,ext_def_exp,temp0.3_nodelim_norole_nocot,lusa_1,1,extraction,num bar,,
qwen3_14b,portuguese,participants,ext_def_exp,temp0.3_nodelim_norole_nocot,lusa_1,1,extraction,Corotelo,,
qwen3_14b,portuguese,participants,ext_def_exp,temp0.3_nodelim_norole_nocot,lusa_1,1,extraction,São Brás de Alportel,,
qwen3_14b,portuguese,participants,ext_def_exp,temp0.3_nodelim_norole_nocot,lusa_1,1,extraction,50 pessoas,,
qwen3_14b,portuguese,participants,ext_def_exp,temp0.3_nodelim_norole_nocot,lusa_1,1,extraction,o concelho de São Brás de Alportel,,
qwen3_14b,portuguese,participants,ext_def_exp,temp0.3_nodelim_norole_nocot,lusa_1,1,extraction,num bar,,
qwen3_14b,portuguese,participants,ext_def_exp,temp0.3_nodelim_norole_nocot,lusa_1,1,extraction,Corotelo,,
qwen3_14b,portuguese,participants,ext_def_exp,temp0.3_nodelim_norole_nocot,lusa_1,1,extraction,São Brás de Alportel,,
qwen3_14b,portuguese,participants,ext_def_exp,temp0.3_nodelim_norole_nocot,lusa_1,1,extraction,50 pessoas,,
qwen3_14b,portuguese,participants,ext_def_exp,temp0.3_nodelim_norole_nocot,lusa_1,1,extraction,o concelho de São Brás de Alportel,,
qwen3_14b,portuguese,participants,ext_def_exp,temp0.3_nodelim_norole_nocot,lusa_1,1,extraction,num bar,,
qwen3_14b,portuguese,participants,ext_def_exp,temp0.3_nodelim_norole_nocot,lusa_1,1,extraction,Corotelo,,
qwen3_14b,portuguese,participants,ext_def_exp,temp0.3_nodelim_norole_nocot,lusa_1,1,extraction,São Brás de Alportel,,
qwen3_14b,portuguese,participants,ext_def_exp,temp0.3_nodelim_norole_nocot,lusa_1,1,extraction,50 pessoas,,
qwen3_14b,portuguese,participants,ext_def_exp,temp0.3_nodelim_norole_nocot,lusa_1,1,extraction,o concelho de São Brás de Alportel,,
qwen3_14b,portuguese,participants,ext_def_exp,temp0.3_nodelim_norole_nocot,lusa_1,1,extraction,num bar,,
qwen3_14b,portuguese,participants,ext_def_exp,temp0.3_nodelim_norole_nocot,lusa_1,1,extraction,Corotelo,,
qwen3_14b,portuguese,participants,ext_def_exp,temp0.3_nodelim_norole_nocot,lusa_1,1,extraction,São Brás de Alportel,,
qwen3_14b,portuguese,participants,ext_def_exp,temp0.3_nodelim_norole_nocot,lusa_1,1,extraction,50 pessoas,,
qwen3_14b,portuguese,participants,ext_def_exp,temp0.3_nodelim_norole_nocot,lusa_1,1,extraction,o concelho de São Brás de Alportel,,
qwen3_14b,portuguese,participants,ext_def_exp,temp0.3_nodelim_norole_nocot,lusa_1,1,extraction,num bar,,
qwen3_14b,portuguese,participants,ext_def_exp,temp0.3_nodelim_norole_nocot,lusa_1,1,extraction,Corotelo,,
qwen3_14b,portuguese,participants,ext_def_exp,temp0.3_nodelim_norole_nocot,lusa_1,1,extraction,São Brás de Alportel,,
qwen3_14b,portuguese,participants,ext_def_exp,temp0.3_nodelim_norole_nocot,lusa_1,1,extraction,50 pessoas,,
qwen3_14b,portuguese,participants,ext_def_exp,temp0.3_nodelim_norole_nocot,lusa_1,1,extraction,o concelho de São Brás de Alportel,,
qwen3_14b,portuguese,participants,ext_def_exp,temp0.3_nodelim_norole_nocot,lusa_1,1,extraction,num bar,,
qwen3_14b,portuguese,participants,ext_def_exp,temp0.3_nodelim_norole_nocot,lusa_1,1,extraction,Corotelo,,
qwen3_14b,portuguese,participants,ext_def_exp,temp0.3_nodelim_norole_nocot,lusa_1,1,extraction,São Brás de Alportel,,
qwen3_14b,portuguese,participants,ext_def_exp,temp0.3_nodelim_norole_nocot,lusa_1,1,extraction,50 pessoas,,
qwen3_14b,portuguese,participants,ext_def_exp,temp0.3_nodelim_norole_nocot,lusa_1,1,extraction,o concelho de São Brás de Alportel,,
qwen3_14b,portuguese,participants,ext_def_exp,temp0.3_nodelim_norole_nocot,lusa_1,1,extraction,num bar,,
qwen3_14b,portuguese,participants,ext_def_exp,temp0.3_nodelim_norole_nocot,lusa_1,1,extraction,Corotelo,,
qwen3_14b,portuguese,participants,ext_def_exp,temp0.3_nodelim_norole_nocot,lusa_1,1,extraction,São Brás de Alportel,,
qwen3_14b,portuguese,participants,ext_def_exp,temp0.3_nodelim_norole_nocot,lusa_1,1,extraction,50 pessoas,,
qwen3_14b,portuguese,participants,ext_def_exp,temp0.3_nodelim_norole_nocot,lusa_1,1,extraction,o concelho de São Brás de Alportel,,
qwen3_14b,portuguese,participants,ext_def_exp,temp0.3_nodelim_norole_nocot,lusa_1,1,extraction,num bar,,
qwen3_14b,portuguese,participants,ext_def_exp,temp0.3_nodelim_norole_nocot,lusa_1,1,extraction,Corotelo,,
qwen3_14b,portuguese,participants,ext_def_exp,temp0.3_nodelim_norole_nocot,lusa_1,1,extraction,São Brás de Alportel,,
qwen3_14b,portuguese,participants,ext_def_exp,temp0.3_nodelim_norole_nocot,lusa_1,1,extraction,50 pessoas,,
qwen3_14b,portuguese,participants,ext_def_exp,temp0.3_nodelim_norole_nocot,lusa_1,1,extraction,o concelho de São Brás de Alportel,,
qwen3_14b,portuguese,participants,ext_def_exp,temp0.3_nodelim_norole_nocot,lusa_1,1,extraction,num bar,,
qwen3_14b,portuguese,participants,ext_def_exp,temp0.3_nodelim_norole_nocot,lusa_1,1,extraction,Corotelo,,
qwen3_14b,portuguese,participants,ext_def_exp,temp0.3_nodelim_norole_nocot,lusa_1,1,extraction,São Brás de Alportel,,
qwen3_14b,portuguese,participants,ext_def_exp,temp0.3_nodelim_norole_nocot,lusa_1,1,extraction,50 pessoas,,
qwen3_14b,portuguese,participants,ext_def_exp,temp0.3_nodelim_norole_nocot,lusa_1,1,extraction,o concelho de São Brás de Alportel,,
qwen3_14b,portuguese,participants,ext_def_exp,temp0.3_nodelim_norole_nocot,lusa_1,1,extraction,num bar,,
qwen3_14b,portuguese,participants,ext_def_exp,temp0.3_nodelim_norole_nocot,lusa_1,1,extraction,Corotelo,,
qwen3_14b,portuguese,participants,ext_def_exp,temp0.3_nodelim_norole_nocot,lusa_1,1,extraction,São Brás de Alportel,,
qwen3_14b,portuguese,participants,ext_def_exp,temp0.3_nodelim_norole_nocot,lusa_1,1,extraction,50 pessoas,,
qwen3_14b,portuguese,participants,ext_def_exp,temp0.3_nodelim_norole_nocot,lusa_1,1,extraction,o concelho de São Brás de Alportel,,
qwen3_14b,portuguese,participants,ext_def_exp,temp0.3_nodelim_norole_nocot,lusa_1,1,extraction,num bar,,
qwen3_14b,portuguese,participants,ext_def_exp,temp0.3_nodelim_norole_nocot,lusa_1,1,extraction,Corotelo,,
qwen3_14b,portuguese,participants,ext_def_exp,temp0.3_nodelim_norole_nocot,lusa_1,1,extraction,São Brás de Alportel,,
qwen3_14b,portuguese,participants,ext_def_exp,temp0.3_nodelim_norole_nocot,lusa_1,1,extraction,50 pessoas,,
qwen3_14b,portuguese,participants,ext_def_exp,temp0.3_nodelim_norole_nocot,lusa_1,1,extraction,o concelho de São Brás de Alportel,,
qwen3_14b,portuguese,participants,ext_def_exp,temp0.3_nodelim_norole_nocot,lusa_1,1,extraction,num bar,,
qwen3_14b,portuguese,participants,ext_def_exp,temp0.3_nodelim_norole_nocot,lusa_1,1,extraction,Corotelo,,
qwen3_14b,portuguese,participants,ext_def_exp,temp0.3_nodelim_norole_nocot,lusa_1,1,extraction,São Brás de Alportel,,
qwen3_14b,portuguese,participants,ext_def_exp,temp0.3_nodelim_norole_nocot,lusa_1,1,extraction,50 pessoas,,
qwen3_14b,portuguese,participants,ext_def_exp,temp0.3_nodelim_norole_nocot,lusa_1,1,extraction,o concelho de São Brás de Alportel,,
qwen3_14b,portuguese,participants,ext_def_exp,temp0.3_nodelim_norole_nocot,lusa_1,1,extraction,num bar,,
qwen3_14b,portuguese,participants,ext_def_exp,temp0.3_nodelim_norole_nocot,lusa_1,1,extraction,Corotelo,,
qwen3_14b,portuguese,participants,ext_def_exp,temp0.3_nodelim_norole_nocot,lusa_1,1,extraction,São Brás de Alportel,,
qwen3_14b,portuguese,participants,ext_def_exp,temp0.3_nodelim_norole_nocot,lusa_1,1,extraction,50 pessoas,,
qwen3_14b,portuguese,participants,ext_def_exp,temp0.3_nodelim_norole_nocot,lusa_1,1,extraction,o concelho de São Brás de Alportel,,
qwen3_14b,portuguese,participants,ext_def_exp,temp0.3_nodelim_norole_nocot,lusa_1,1,extraction,num bar,,
qwen3_14b,portuguese,participants,ext_def_exp,temp0.3_nodelim_norole_nocot,lusa_1,1,extraction,Corotelo,,
qwen3_14b,portuguese,participants,ext_def_exp,temp0.3_nodelim_norole_nocot,lusa_1,1,extraction,São Brás de Alportel,,
qwen3_14b,portuguese,participants,ext_def_exp,temp0.3_nodelim_norole_nocot,lusa_1,1,extraction,50 pessoas,,
qwen3_14b,portuguese,participants,ext_def_exp,temp0.3_nodelim_norole_nocot,lusa_1,1,extraction,o concelho de São Brás de Alportel,,
qwen3_14b,portuguese,participants,ext_def_exp,temp0.3_nodelim_norole_nocot,lusa_1,1,extraction,num bar,,
qwen3_14b,portuguese,participants,ext_def_exp,temp0.3_nodelim_norole_nocot,lusa_1,1,extraction,Corotelo,,
qwen3_14b,portuguese,participants,ext_def_exp,temp0.3_nodelim_norole_nocot,lusa_1,1,extraction,São Brás de Alportel,,
qwen3_14b,portuguese,participants,ext_def_exp,temp0.3_nodelim_norole_nocot,lusa_1,1,extraction,50 pessoas,,
qwen3_14b,portuguese,participants,ext_def_exp,temp0.3_nodelim_norole_nocot,lusa_1,1,extraction,o concelho de São Brás de Alportel,,
qwen3_14b,portuguese,participants,ext_def_exp,temp0.3_nodelim_norole_nocot,lusa_1,1,extraction,num bar,,
qwen3_14b,portuguese,participants,ext_def_exp,temp0.3_nodelim_norole_nocot,lusa_1,1,extraction,Corotelo,,
qwen3_14b,portuguese,participants,ext_def_exp,temp0.3_nodelim_norole_nocot,lusa_1,1,extraction,São Brás de Alportel,,
qwen3_14b,portuguese,participants,ext_def_exp,temp0.3_nodelim_norole_nocot,lusa_1,1,extraction,50 pessoas,,
qwen3_14b,portuguese,participants,ext_def_exp,temp0.3_nodelim_norole_nocot,lusa_1,1,extraction,o concelho de São Brás de Alportel,,
qwen3_14b,portuguese,participants,ext_def_exp,temp0.3_nodelim_norole_nocot,lusa_1,1,extraction,num bar,,
qwen3_14b,portuguese,participants,ext_def_exp,temp0.3_nodelim_norole_nocot,lusa_1,1,extraction,Corotelo,,
qwen3_14b,portuguese,participants,ext_def_exp,temp0.3_nodelim_norole_nocot,lusa_1,1,extraction,São Brás de Alportel,,
qwen3_14b,portuguese,participants,ext_def_exp,temp0.3_nodelim_norole_nocot,lusa_1,1,extraction,50 pessoas,,
qwen3_14b,portuguese,participants,ext_def_exp,temp0.3_nodelim_norole_nocot,lusa_1,1,extraction,o concelho de São Brás de Alportel,,
qwen3_14b,portuguese,participants,ext_def_exp,temp0.3_nodelim_norole_nocot,lusa_1,1,extraction,num bar,,
qwen3_14b,portuguese,participants,ext_def_exp,temp0.3_nodelim_norole_nocot,lusa_1,1,extraction,Corotelo,,
qwen3_14b,portuguese,participants,ext_def_exp,temp0.3_nodelim_norole_nocot,lusa_1,1,extraction,São Brás de Alportel,,
qwen3_14b,portuguese,participants,ext_def_exp,temp0.3_nodelim_norole_nocot,lusa_1,1,extraction,50 pessoas,,
qwen3_14b,portuguese,participants,ext_def_exp,temp0.3_nodelim_norole_nocot,lusa_1,1,extraction,o concelho de São Brás de Alportel,,
qwen3_14b,portuguese,participants,ext_def_exp,temp0.3_nodelim_norole_nocot,lusa_1,1,extraction,num bar,,
qwen3_14b,portuguese,participants,ext_def_exp,temp0.3_nodelim_norole_nocot,lusa_1,1,extraction,Corotelo,,
qwen3_14b,portuguese,participants,ext_def_exp,temp0.3_nodelim_norole_nocot,lusa_1,1,extraction,São Brás de Alportel,,
qwen3_14b,portuguese,participants,ext_def_exp,temp0.3_nodelim_norole_nocot,lusa_1,1,extraction,50 pessoas,,
qwen3_14b,portuguese,participants,ext_def_exp,temp0.3_nodelim_norole_nocot,lusa_1,1,extraction,o concelho de São Brás de Alportel,,
qwen3_14b,portuguese,participants,ext_def_exp,temp0.3_nodelim_norole_nocot,lusa_1,1,extraction,num bar,,
qwen3_14b,portuguese,participants,ext_def_exp,temp0.3_nodelim_norole_nocot,lusa_1,1,extraction,Corotelo,,
qwen3_14b,portuguese,participants,ext_def_exp,temp0.3_nodelim_norole_nocot,lusa_1,1,extraction,São Brás de Alportel,,
qwen3_14b,portuguese,participants,ext_def_exp,temp0.3_nodelim_norole_nocot,lusa_1,1,extraction,50 pessoas,,
qwen3_14b,portuguese,participants,ext_def_exp,temp0.3_nodelim_norole_nocot,lusa_1,1,extraction,o concelho de São Brás de Alportel,,
qwen3_14b,portuguese,participants,ext_def_exp,temp0.3_nodelim_norole_nocot,lusa_1,1,extraction,num bar,,
qwen3_14b,portuguese,participants,ext_def_exp,temp0.3_nodelim_norole_nocot,lusa_1,1,extraction,Corotelo,,
qwen3_14b,portuguese,participants,ext_def_exp,temp0.3_nodelim_norole_nocot,lusa_1,1,extraction,São Brás de Alportel,,
qwen3_14b,portuguese,participants,ext_def_exp,temp0.3_nodelim_norole_nocot,lusa_1,1,extraction,50 pessoas,,
qwen3_14b,portuguese,participants,ext_def_exp,temp0.3_nodelim_norole_nocot,lusa_1,1,extraction,o concelho de São Brás de Alportel,,
qwen3_14b,portuguese,participants,ext_def_exp,temp0.3_nodelim_norole_nocot,lusa_1,1,extraction,num bar,,
qwen3_14b,portuguese,participants,ext_def_exp,temp0.3_nodelim_norole_nocot,lusa_1,1,extraction,Corotelo,,
qwen3_14b,portuguese,participants,ext_def_exp,temp0.3_nodelim_norole_nocot,lusa_1,1,extraction,São Brás de Alportel,,
qwen3_14b,portuguese,participants,ext_def_exp,temp0.3_nodelim_norole_nocot,lusa_1,1,extraction,50 pessoas,,
qwen3_14b,portuguese,participants,ext_def_exp,temp0.3_nodelim_norole_nocot,lusa_1,1,extraction,o concelho de São Brás de Alportel,,
qwen3_14b,portuguese,participants,ext_def_exp,temp0.3_nodelim_norole_nocot,lusa_1,1,extraction,num bar,,
qwen3_14b,portuguese,participants,ext_def_exp,temp0.3_nodelim_norole_nocot,lusa_1,1,extraction,Corotelo,,
qwen3_14b,portuguese,participants,ext_def_exp,temp0.3_nodelim_norole_nocot,lusa_1,1,extraction,São Brás de Alportel,,
qwen3_14b,portuguese,participants,ext_def_exp,temp0.3_nodelim_norole_nocot,lusa_1,1,extraction,50 pessoas,,
qwen3_14b,portuguese,participants,ext_def_exp,temp0.3_nodelim_norole_nocot,lusa_1,1,extraction,o concelho de São Brás de Alportel,,
qwen3_14b,portuguese,participants,ext_def_exp,temp0.3_nodelim_norole_nocot,lusa_1,1,extraction,num bar,,
qwen3_14b,portuguese,participants,ext_def_exp,temp0.3_nodelim_norole_nocot,lusa_1,1,extraction,Corotelo,,
qwen3_14b,portuguese,participants,ext_def_exp,temp0.3_nodelim_norole_nocot,lusa_1,1,extraction,São Brás de Alportel,,
qwen3_14b,portuguese,participants,ext_def_exp,temp0.3_nodelim_norole_nocot,lusa_1,1,extraction,50 pessoas,,
qwen3_14b,portuguese,participants,ext_def_exp,temp0.3_nodelim_norole_nocot,lusa_1,1,extraction,o concelho de São Brás de Alportel,,
qwen3_14b,portuguese,participants,ext_def_exp,temp0.3_nodelim_norole_nocot,lusa_1,1,extraction,num bar,,
qwen3_14b,portuguese,participants,ext_def_exp,temp0.3_nodelim_norole_nocot,lusa_1,1,extraction,Corotelo,,
qwen3_14b,portuguese,participants,ext_def_exp,temp0.3_nodelim_norole_nocot,lusa_1,1,extraction,São Brás de Alportel,,
qwen3_14b,portuguese,participants,ext_def_exp,temp0.3_nodelim_norole_nocot,lusa_1,1,extraction,50 pessoas,,
qwen3_14b,portuguese,participants,ext_def_exp,temp0.3_nodelim_norole_nocot,lusa_1,1,extraction,o concelho de São Brás de Alportel,,
qwen3_14b,portuguese,participants,ext_def_exp,temp0.3_nodelim_norole_nocot,lusa_1,1,extraction,num bar,,
qwen3_14b,portuguese,participants,ext_def_exp,temp0.3_nodelim_norole_nocot,lusa_1,1,extraction,Corotelo,,
qwen3_14b,portuguese,participants,ext_def_exp,temp0.3_nodelim_norole_nocot,lusa_1,1,extraction,São Brás de Alportel,,
qwen3_14b,portuguese,participants,ext_def_exp,temp0.3_nodelim_norole_nocot,lusa_1,1,extraction,50 pessoas,,
qwen3_14b,portuguese,participants,ext_def_exp,temp0.3_nodelim_norole_nocot,lusa_1,1,extraction,o concelho de São Brás de Alportel,,
qwen3_14b,portuguese,participants,ext_def_exp,temp0.3_nodelim_norole_nocot,lusa_1,1,extraction,num bar,,
qwen3_14b,portuguese,participants,ext_def_exp,temp0.3_nodelim_norole_nocot,lusa_1,1,extraction,Corotelo,,
qwen3_14b,portuguese,participants,ext_def_exp,temp0.3_nodelim_norole_nocot,lusa_1,1,extraction,São Brás de Alportel,,
qwen3_14b,portuguese,participants,ext_def_exp,temp0.3_nodelim_norole_nocot,lusa_1,1,extraction,50 pessoas,,
qwen3_14b,portuguese,participants,ext_def_exp,temp0.3_nodelim_norole_nocot,lusa_1,1,extraction,o concelho de São Brás de Alportel,,
qwen3_14b,portuguese,participants,ext_def_exp,temp0.3_nodelim_norole_nocot,lusa_1,1,extraction,num bar,,
qwen3_14b,portuguese,participants,ext_def_exp,temp0.3_nodelim_norole_nocot,lusa_1,1,extraction,Corotelo,,
qwen3_14b,portuguese,participants,ext_def_exp,temp0.3_nodelim_norole_nocot,lusa_1,1,extraction,São Brás de Alportel,,
qwen3_14b,portuguese,participants,ext_def_exp,temp0.3_nodelim_norole_nocot,lusa_1,1,extraction,50 pessoas,,
qwen3_14b,portuguese,participants,ext_def_exp,temp0.3_nodelim_norole_nocot,lusa_1,1,extraction,o concelho de São Brás de Alportel,,
qwen3_14b,portuguese,participants,ext_def_exp,temp0.3_nodelim_norole_nocot,lusa_1,1,extraction,num bar,,
qwen3_14b,portuguese,participants,ext_def_exp,temp0.3_nodelim_norole_nocot,lusa_1,1,extraction,Corotelo,,
qwen3_14b,portuguese,participants,ext_def_exp,temp0.3_nodelim_norole_nocot,lusa_1,1,extraction,São Brás de Alportel,,
qwen3_14b,portuguese,participants,ext_def_exp,temp0.3_nodelim_norole_nocot,lusa_1,1,extraction,50 pessoas,,
qwen3_14b,portuguese,participants,ext_def_exp,temp0.3_nodelim_norole_nocot,lusa_1,1,extraction,o concelho de São Brás de Alportel,,
qwen3_14b,portuguese,participants,ext_def_exp,temp0.3_nodelim_norole_nocot,lusa_1,1,extraction,num bar,,
qwen3_14b,portuguese,participants,ext_def_exp,temp0.3_nodelim_norole_nocot,lusa_1,1,extraction,Corotelo,,
qwen3_14b,portuguese,participants,ext_def_exp,temp0.3_nodelim_norole_nocot,lusa_1,1,extraction,São Brás de Alportel,,
qwen3_14b,portuguese,participants,ext_def_exp,temp0.3_nodelim_norole_nocot,lusa_1,1,extraction,50 pessoas,,
qwen3_14b,portuguese,participants,ext_def_exp,temp0.3_nodelim_norole_nocot,lusa_1,1,extraction,o concelho de São Brás de Alportel,,
qwen3_14b,portuguese,participants,ext_def_exp,temp0.3_nodelim_norole_nocot,lusa_1,1,extraction,num bar,,
qwen3_14b,portuguese,participants,ext_def_exp,temp0.3_nodelim_norole_nocot,lusa_1,1,extraction,Corotelo,,
qwen3_14b,portuguese,participants,ext_def_exp,temp0.3_nodelim_norole_nocot,lusa_1,1,extraction,São Brás de Alportel,,
qwen3_14b,portuguese,participants,ext_def_exp,temp0.3_nodelim_norole_nocot,lusa_1,1,extraction,50 pessoas,,
qwen3_14b,portuguese,participants,ext_def_exp,temp0.3_nodelim_norole_nocot,lusa_1,1,extraction,o concelho de São Brás de Alportel,,
qwen3_14b,portuguese,participants,ext_def_exp,temp0.3_nodelim_norole_nocot,lusa_1,1,extraction,num bar,,
qwen3_14b,portuguese,participants,ext_def_exp,temp0.3_nodelim_norole_nocot,lusa_1,1,extraction,Corotelo,,
qwen3_14b,portuguese,participants,ext_def_exp,temp0.3_nodelim_norole_nocot,lusa_1,1,extraction,São Brás de Alportel,,
qwen3_14b,portuguese,participants,ext_def_exp,temp0.3_nodelim_norole_nocot,lusa_1,1,extraction,50 pessoas,,
qwen3_14b,portuguese,participants,ext_def_exp,temp0.3_nodelim_norole_nocot,lusa_1,1,extraction,o concelho de São Brás de Alportel,,
qwen3_14b,portuguese,participants,ext_def_exp,temp0.3_nodelim_norole_nocot,lusa_1,1,extraction,num bar,,
qwen3_14b,portuguese,participants,ext_def_exp,temp0.3_nodelim_norole_nocot,lusa_1,1,extraction,Corotelo,,
qwen3_14b,portuguese,participants,ext_def_exp,temp0.3_nodelim_norole_nocot,lusa_1,1,extraction,São Brás de Alportel,,
qwen3_14b,portuguese,participants,ext_def_exp,temp0.3_nodelim_norole_nocot,lusa_1,1,extraction,50 pessoas,,
qwen3_14b,portuguese,participants,ext_def_exp,temp0.3_nodelim_norole_nocot,lusa_1,1,extraction,o concelho de São Brás de Alportel,,
qwen3_14b,portuguese,participants,ext_def_exp,temp0.3_nodelim_norole_nocot,lusa_1,1,extraction,num bar,,
qwen3_14b,portuguese,participants,ext_def_exp,temp0.3_nodelim_norole_nocot,lusa_1,1,extraction,Corotelo,,
qwen3_14b,portuguese,participants,ext_def_exp,temp0.3_nodelim_norole_nocot,lusa_1,1,extraction,São Brás de Alportel,,
qwen3_14b,portuguese,participants,ext_def_exp,temp0.3_nodelim_norole_nocot,lusa_1,1,extraction,50 pessoas,,
qwen3_14b,portuguese,participants,ext_def_exp,temp0.3_nodelim_norole_nocot,lusa_1,1,extraction,o concelho de São Brás de Alportel,,
qwen3_14b,portuguese,participants,ext_def_exp,temp0.3_nodelim_norole_nocot,lusa_1,1,extraction,num bar,,
qwen3_14b,portuguese,participants,ext_def_exp,temp0.3_nodelim_norole_nocot,lusa_1,1,extraction,Corotelo,,
qwen3_14b,portuguese,participants,ext_def_exp,temp0.3_nodelim_norole_nocot,lusa_1,1,extraction,São Brás de Alportel,,
qwen3_14b,portuguese,participants,ext_def_exp,temp0.3_nodelim_norole_nocot,lusa_1,1,extraction,50 pessoas,,
qwen3_14b,portuguese,participants,ext_def_exp,temp0.3_nodelim_norole_nocot,lusa_1,1,extraction,o concelho de São Brás de Alportel,,
qwen3_14b,portuguese,participants,ext_def_exp,temp0.3_nodelim_norole_nocot,lusa_1,1,extraction,num bar,,
qwen3_14b,portuguese,participants,ext_def_exp,temp0.3_nodelim_norole_nocot,lusa_1,1,extraction,Corotelo,,
qwen3_14b,portuguese,participants,ext_def_exp,temp0.3_nodelim_norole_nocot,lusa_1,1,extraction,São Brás de Alportel,,
qwen3_14b,portuguese,participants,ext_def_exp,temp0.3_nodelim_norole_nocot,lusa_1,1,extraction,50 pessoas,,
qwen3_14b,portuguese,participants,ext_def_exp,temp0.3_nodelim_norole_nocot,lusa_1,1,extraction,o concelho de São Brás de Alportel,,
qwen3_14b,portuguese,participants,ext_def_exp,temp0.3_nodelim_norole_nocot,lusa_1,1,extraction,num bar,,
qwen3_14b,portuguese,participants,ext_def_exp,temp0.3_nodelim_norole_nocot,lusa_1,1,extraction,Corotelo,,
qwen3_14b,portuguese,participants,ext_def_exp,temp0.3_nodelim_norole_nocot,lusa_1,1,extraction,São Brás de Alportel,,
qwen3_14b,portuguese,participants,ext_def_exp,temp0.3_nodelim_norole_nocot,lusa_1,1,extraction,50 pessoas,,
qwen3_14b,portuguese,participants,ext_def_exp,temp0.3_nodelim_norole_nocot,lusa_1,1,extraction,o concelho de São Brás de Alportel,,
qwen3_14b,portuguese,participants,ext_def_exp,temp0.3_nodelim_norole_nocot,lusa_1,1,extraction,num bar,,
qwen3_14b,portuguese,participants,ext_def_exp,temp0.3_nodelim_norole_nocot,lusa_1,1,extraction,Corotelo,,
qwen3_14b,portuguese,participants,ext_def_exp,temp0.3_nodelim_norole_nocot,lusa_1,1,extraction,São Brás de Alportel,,
qwen3_14b,portuguese,participants,ext_def_exp,temp0.3_nodelim_norole_nocot,lusa_1,1,extraction,50 pessoas,,
qwen3_14b,portuguese,participants,ext_def_exp,temp0.3_nodelim_norole_nocot,lusa_1,1,extraction,o concelho de São Brás de Alportel,,
qwen3_14b,portuguese,participants,ext_def_exp,temp0.3_nodelim_norole_nocot,lusa_1,1,extraction,num bar,,
qwen3_14b,portuguese,participants,ext_def_exp,temp0.3_nodelim_norole_nocot,lusa_1,1,extraction,Corotelo,,
qwen3_14b,portuguese,participants,ext_def_exp,temp0.3_nodelim_norole_nocot,lusa_1,1,extraction,São Brás de Alportel,,
qwen3_14b,portuguese,participants,ext_def_exp,temp0.3_nodelim_norole_nocot,lusa_1,1,extraction,50 pessoas,,
qwen3_14b,portuguese,participants,ext_def_exp,temp0.3_nodelim_norole_nocot,lusa_1,1,extraction,o concelho de São Brás de Alportel,,
qwen3_14b,portuguese,participants,ext_def_exp,temp0.3_nodelim_norole_nocot,lusa_1,1,extraction,num bar,,
qwen3_14b,portuguese,participants,ext_def_exp,temp0.3_nodelim_norole_nocot,lusa_1,1,extraction,Corotelo,,
qwen3_14b,portuguese,participants,ext_def_exp,temp0.3_nodelim_norole_nocot,lusa_1,1,extraction,São Brás de Alportel,,
qwen3_14b,portuguese,participants,ext_def_exp,temp0.3_nodelim_norole_nocot,lusa_1,1,extraction,50 pessoas,,
qwen3_14b,portuguese,participants,ext_def_exp,temp0.3_nodelim_norole_nocot,lusa_1,1,extraction,o concelho de São Brás de Alportel,,
qwen3_14b,portuguese,participants,ext_def_exp,temp0.3_nodelim_norole_nocot,lusa_1,1,extraction,num bar,,
qwen3_14b,portuguese,participants,ext_def_exp,temp0.3_nodelim_norole_nocot,lusa_1,1,extraction,Corotelo,,
qwen3_14b,portuguese,participants,ext_def_exp,temp0.3_nodelim_norole_nocot,lusa_1,1,extraction,São Brás de Alportel,,
qwen3_14b,portuguese,participants,ext_def_exp,temp0.3_nodelim_norole_nocot,lusa_1,1,extraction,50 pessoas,,
qwen3_14b,portuguese,participants,ext_def_exp,temp0.3_nodelim_norole_nocot,lusa_1,1,extraction,o concelho de São Brás de Alportel,,
qwen3_14b,portuguese,participants,ext_def_exp,temp0.3_nodelim_norole_nocot,lusa_1,1,extraction,num bar,,
qwen3_14b,portuguese,participants,ext_def_exp,temp0.3_nodelim_norole_nocot,lusa_1,1,extraction,Corotelo,,
qwen3_14b,portuguese,participants,ext_def_exp,temp0.3_nodelim_norole_nocot,lusa_1,1,extraction,São Brás de Alportel,,
qwen3_14b,portuguese,participants,ext_def_exp,temp0.3_nodelim_norole_nocot,lusa_1,1,extraction,50 pessoas,,
qwen3_14b,portuguese,participants,ext_def_exp,temp0.3_nodelim_norole_nocot,lusa_1,1,extraction,o concelho de São Brás de Alportel,,
qwen3_14b,portuguese,participants,ext_def_exp,temp0.3_nodelim_norole_nocot,lusa_1,1,extraction,num bar,,
qwen3_14b,portuguese,participants,ext_def_exp,temp0.3_nodelim_norole_nocot,lusa_1,1,extraction,Corotelo,,
qwen3_14b,portuguese,participants,ext_def_exp,temp0.3_nodelim_norole_nocot,lusa_1,1,extraction,São Brás de Alportel,,
qwen3_14b,portuguese,participants,ext_def_exp,temp0.3_nodelim_norole_nocot,lusa_1,1,extraction,50 pessoas,,
qwen3_14b,portuguese,participants,ext_def_exp,temp0.3_nodelim_norole_nocot,lusa_1,1,extraction,o concelho de São Brás de Alportel,,
qwen3_14b,portuguese,participants,ext_def_exp,temp0.3_nodelim_norole_nocot,lusa_1,1,extraction,num bar,,
qwen3_14b,portuguese,participants,ext_def_exp,temp0.3_nodelim_norole_nocot,lusa_1,1,extraction,Corotelo,,
qwen3_14b,portuguese,participants,ext_def_exp,temp0.3_nodelim_norole_nocot,lusa_1,1,extraction,São Brás de Alportel,,
qwen3_14b,portuguese,participants,ext_def_exp,temp0.3_nodelim_norole_nocot,lusa_1,1,extraction,50 pessoas,,
qwen3_14b,portuguese,participants,ext_def_exp,temp0.3_nodelim_norole_nocot,lusa_1,1,extraction,o concelho de São Brás de Alportel,,
qwen3_14b,portuguese,participants,ext_def_exp,temp0.3_nodelim_norole_nocot,lusa_1,1,extraction,num bar,,
qwen3_14b,portuguese,participants,ext_def_exp,temp0.3_nodelim_norole_nocot,lusa_1,1,extraction,Corotelo,,
qwen3_14b,portuguese,participants,ext_def_exp,temp0.3_nodelim_norole_nocot,lusa_1,1,extraction,São Brás de Alportel,,
qwen3_14b,portuguese,participants,ext_def_exp,temp0.3_nodelim_norole_nocot,lusa_1,1,extraction,50 pessoas,,
qwen3_14b,portuguese,participants,ext_def_exp,temp0.3_nodelim_norole_nocot,lusa_1,1,extraction,o concelho de São Brás de Alportel,,
qwen3_14b,portuguese,participants,ext_def_exp,temp0.3_nodelim_norole_nocot,lusa_1,1,extraction,num bar,,
qwen3_14b,portuguese,participants,ext_def_exp,temp0.3_nodelim_norole_nocot,lusa_1,1,extraction,Corotelo,,
qwen3_14b,portuguese,participants,ext_def_exp,temp0.3_nodelim_norole_nocot,lusa_1,1,extraction,São Brás de Alportel,,
qwen3_14b,portuguese,participants,ext_def_exp,temp0.3_nodelim_norole_nocot,lusa_1,1,extraction,50 pessoas,,
qwen3_14b,portuguese,participants,ext_def_exp,temp0.3_nodelim_norole_nocot,lusa_1,1,extraction,o concelho de São Brás de Alportel,,
qwen3_14b,portuguese,participants,ext_def_exp,temp0.3_nodelim_norole_nocot,lusa_1,1,extraction,num bar,,
qwen3_14b,portuguese,participants,ext_def_exp,temp0.3_nodelim_norole_nocot,lusa_1,1,extraction,Corotelo,,
qwen3_14b,portuguese,participants,ext_def_exp,temp0.3_nodelim_norole_nocot,lusa_1,1,extraction,São Brás de Alportel,,
qwen3_14b,portuguese,participants,ext_def_exp,temp0.3_nodelim_norole_nocot,lusa_1,1,extraction,50 pessoas,,
qwen3_14b,portuguese,participants,ext_def_exp,temp0.3_nodelim_norole_nocot,lusa_1,1,extraction,o concelho de São Brás de Alportel,,
qwen3_14b,portuguese,participants,ext_def_exp,temp0.3_nodelim_norole_nocot,lusa_1,1,extraction,num bar,,
qwen3_14b,portuguese,participants,ext_def_exp,temp0.3_nodelim_norole_nocot,lusa_1,1,extraction,Corotelo,,
qwen3_14b,portuguese,participants,ext_def_exp,temp0.3_nodelim_norole_nocot,lusa_1,1,extraction,São Brás de Alportel,,
qwen3_14b,portuguese,participants,ext_def_exp,temp0.3_nodelim_norole_nocot,lusa_1,1,extraction,50 pessoas,,
qwen3_14b,portuguese,participants,ext_def_exp,temp0.3_nodelim_norole_nocot,lusa_1,1,extraction,o concelho de São Brás de Alportel,,
qwen3_14b,portuguese,participants,ext_def_exp,temp0.3_nodelim_norole_nocot,lusa_1,1,extraction,num bar,,
qwen3_14b,portuguese,participants,ext_def_exp,temp0.3_nodelim_norole_nocot,lusa_1,1,extraction,Corotelo,,
qwen3_14b,portuguese,participants,ext_def_exp,temp0.3_nodelim_norole_nocot,lusa_1,1,extraction,São Brás de Alportel,,
qwen3_14b,portuguese,participants,ext_def_exp,temp0.3_nodelim_norole_nocot,lusa_1,1,extraction,50 pessoas,,
qwen3_14b,portuguese,participants,ext_def_exp,temp0.3_nodelim_norole_nocot,lusa_1,1,extraction,o concelho de São Brás de Alportel,,
qwen3_14b,portuguese,participants,ext_def_exp,temp0.3_nodelim_norole_nocot,lusa_1,1,extraction,num bar,,
qwen3_14b,portuguese,participants,ext_def_exp,temp0.3_nodelim_norole_nocot,lusa_1,1,extraction,Corotelo,,
qwen3_14b,portuguese,participants,ext_def_exp,temp0.3_nodelim_norole_nocot,lusa_1,1,extraction,São Brás de Alportel,,
qwen3_14b,portuguese,participants,ext_def_exp,temp0.3_nodelim_norole_nocot,lusa_1,1,extraction,50 pessoas,,
qwen3_14b,portuguese,participants,ext_def_exp,temp0.3_nodelim_norole_nocot,lusa_1,1,extraction,o concelho de São Brás de Alportel,,
qwen3_14b,portuguese,participants,ext_def_exp,temp0.3_nodelim_norole_nocot,lusa_1,1,extraction,num bar,,
qwen3_14b,portuguese,participants,ext_def_exp,temp0.3_nodelim_norole_nocot,lusa_1,1,extraction,Corotelo,,
qwen3_14b,portuguese,participants,ext_def_exp,temp0.3_nodelim_norole_nocot,lusa_1,1,extraction,São Brás de Alportel,,
qwen3_14b,portuguese,participants,ext_def_exp,temp0.3_nodelim_norole_nocot,lusa_1,1,extraction,50 pessoas,,
qwen3_14b,portuguese,participants,ext_def_exp,temp0.3_nodelim_norole_nocot,lusa_1,1,extraction,o concelho de São Brás de Alportel,,
qwen3_14b,portuguese,participants,ext_def_exp,temp0.3_nodelim_norole_nocot,lusa_1,1,extraction,num bar,,
qwen3_14b,portuguese,participants,ext_def_exp,temp0.3_nodelim_norole_nocot,lusa_1,1,extraction,Corotelo,,
qwen3_14b,portuguese,participants,ext_def_exp,temp0.3_nodelim_norole_nocot,lusa_1,1,extraction,São Brás de Alportel,,
qwen3_14b,portuguese,participants,ext_def_exp,temp0.3_nodelim_norole_nocot,lusa_1,1,extraction,50 pessoas,,
qwen3_14b,portuguese,participants,ext_def_exp,temp0.3_nodelim_norole_nocot,lusa_1,1,extraction,o concelho de São Brás de Alportel,,
qwen3_14b,portuguese,participants,ext_def_exp,temp0.3_nodelim_norole_nocot,lusa_1,1,extraction,num bar,,
qwen3_14b,portuguese,participants,ext_def_exp,temp0.3_nodelim_norole_nocot,lusa_1,1,extraction,Corotelo,,
qwen3_14b,portuguese,participants,ext_def_exp,temp0.3_nodelim_norole_nocot,lusa_1,1,extraction,São Brás de Alportel,,
qwen3_14b,portuguese,participants,ext_def_exp,temp0.3_nodelim_norole_nocot,lusa_1,1,extraction,50 pessoas,,
qwen3_14b,portuguese,participants,ext_def_exp,temp0.3_nodelim_norole_nocot,lusa_1,1,extraction,o concelho de São Brás de Alportel,,
qwen3_14b,portuguese,participants,ext_def_exp,temp0.3_nodelim_norole_nocot,lusa_1,1,extraction,num bar,,
qwen3_14b,portuguese,participants,ext_def_exp,temp0.3_nodelim_norole_nocot,lusa_1,1,extraction,Corotelo,,
qwen3_14b,portuguese,participants,ext_def_exp,temp0.3_nodelim_norole_nocot,lusa_1,1,extraction,São Brás de Alportel,,
qwen3_14b,portuguese,participants,ext_def_exp,temp0.3_nodelim_norole_nocot,lusa_1,1,extraction,50 pessoas,,
qwen3_14b,portuguese,participants,ext_def_exp,temp0.3_nodelim_norole_nocot,lusa_1,1,extraction,o concelho de São Brás de Alportel,,
qwen3_14b,portuguese,participants,ext_def_exp,temp0.3_nodelim_norole_nocot,lusa_1,1,extraction,num bar,,
qwen3_14b,portuguese,participants,ext_def_exp,temp0.3_nodelim_norole_nocot,lusa_1,1,extraction,Corotelo,,
qwen3_14b,portuguese,participants,ext_def_exp,temp0.3_nodelim_norole_nocot,lusa_1,1,extraction,São Brás de Alportel,,
qwen3_14b,portuguese,participants,ext_def_exp,temp0.3_nodelim_norole_nocot,lusa_1,1,extraction,50 pessoas,,
qwen3_14b,portuguese,participants,ext_def_exp,temp0.3_nodelim_norole_nocot,lusa_1,1,extraction,o concelho de São Brás de Alportel,,
qwen3_14b,portuguese,participants,ext_def_exp,temp0.3_nodelim_norole_nocot,lusa_1,1,extraction,num bar,,
qwen3_14b,portuguese,participants,ext_def_exp,temp0.3_nodelim_norole_nocot,lusa_1,1,extraction,Corotelo,,
qwen3_14b,portuguese,participants,ext_def_exp,temp0.3_nodelim_norole_nocot,lusa_1,1,extraction,São Brás de Alportel,,
qwen3_14b,portuguese,participants,ext_def_exp,temp0.3_nodelim_norole_nocot,lusa_1,1,extraction,50 pessoas,,
qwen3_14b,portuguese,participants,ext_def_exp,temp0.3_nodelim_norole_nocot,lusa_1,1,extraction,o concelho de São Brás de Alportel,,
qwen3_14b,portuguese,participants,ext_def_exp,temp0.3_nodelim_norole_nocot,lusa_1,1,extraction,num bar,,
qwen3_14b,portuguese,participants,ext_def_exp,temp0.3_nodelim_norole_nocot,lusa_1,1,extraction,Corotelo,,
qwen3_14b,portuguese,participants,ext_def_exp,temp0.3_nodelim_norole_nocot,lusa_1,1,extraction,São Brás de Alportel,,
qwen3_14b,portuguese,participants,ext_def_exp,temp0.3_nodelim_norole_nocot,lusa_1,1,extraction,50 pessoas,,
qwen3_14b,portuguese,participants,ext_def_exp,temp0.3_nodelim_norole_nocot,lusa_1,1,extraction,o concelho de São Brás de Alportel,,
qwen3_14b,portuguese,participants,ext_def_exp,temp0.3_nodelim_norole_nocot,lusa_1,1,extraction,num bar,,
qwen3_14b,portuguese,participants,ext_def_exp,temp0.3_nodelim_norole_nocot,lusa_1,1,extraction,Corotelo,,
qwen3_14b,portuguese,participants,ext_def_exp,temp0.3_nodelim_norole_nocot,lusa_1,1,extraction,São Brás de Alportel,,
qwen3_14b,portuguese,participants,ext_def_exp,temp0.3_nodelim_norole_nocot,lusa_1,1,extraction,50 pessoas,,
qwen3_14b,portuguese,participants,ext_def_exp,temp0.3_nodelim_norole_nocot,lusa_1,1,extraction,o concelho de São Brás de Alportel,,
qwen3_14b,portuguese,participants,ext_def_exp,temp0.3_nodelim_norole_nocot,lusa_1,1,extraction,num bar,,
qwen3_14b,portuguese,participants,ext_def_exp,temp0.3_nodelim_norole_nocot,lusa_1,1,extraction,Corotelo,,
qwen3_14b,portuguese,participants,ext_def_exp,temp0.3_nodelim_norole_nocot,lusa_1,1,extraction,São Brás de Alportel,,
qwen3_14b,portuguese,participants,ext_def_exp,temp0.3_nodelim_norole_nocot,lusa_1,1,extraction,50 pessoas,,
qwen3_14b,portuguese,participants,ext_def_exp,temp0.3_nodelim_norole_nocot,lusa_1,1,extraction,o concelho de São Brás de Alportel,,
qwen3_14b,portuguese,participants,ext_def_exp,temp0.3_nodelim_norole_nocot,lusa_1,1,extraction,num bar,,
qwen3_14b,portuguese,participants,ext_def_exp,temp0.3_nodelim_norole_nocot,lusa_1,1,extraction,Corotelo,,
qwen3_14b,portuguese,participants,ext_def_exp,temp0.3_nodelim_norole_nocot,lusa_1,1,extraction,São Brás de Alportel,,
qwen3_14b,portuguese,participants,ext_def_exp,temp0.3_nodelim_norole_nocot,lusa_1,1,extraction,50 pessoas,,
qwen3_14b,portuguese,participants,ext_def_exp,temp0.3_nodelim_norole_nocot,lusa_1,1,extraction,o concelho de São Brás de Alportel,,
qwen3_14b,portuguese,participants,ext_def_exp,temp0.3_nodelim_norole_nocot,lusa_1,1,extraction,num bar,,
qwen3_14b,portuguese,participants,ext_def_exp,temp0.3_nodelim_norole_nocot,lusa_1,1,extraction,Corotelo,,
qwen3_14b,portuguese,participants,ext_def_exp,temp0.3_nodelim_norole_nocot,lusa_1,1,extraction,São Brás de Alportel,,
qwen3_14b,portuguese,participants,ext_def_exp,temp0.3_nodelim_norole_nocot,lusa_1,1,extraction,50 pessoas,,
qwen3_14b,portuguese,participants,ext_def_exp,temp0.3_nodelim_norole_nocot,lusa_1,1,extraction,o concelho de São Brás de Alportel,,
qwen3_14b,portuguese,participants,ext_def_exp,temp0.3_nodelim_norole_nocot,lusa_1,1,extraction,num bar,,
qwen3_14b,portuguese,participants,ext_def_exp,temp0.3_nodelim_norole_nocot,lusa_1,1,extraction,Corotelo,,
qwen3_14b,portuguese,participants,ext_def_exp,temp0.3_nodelim_norole_nocot,lusa_1,1,extraction,São Brás de Alportel,,
qwen3_14b,portuguese,participants,ext_def_exp,temp0.3_nodelim_norole_nocot,lusa_1,1,extraction,50 pessoas,,
qwen3_14b,portuguese,participants,ext_def_exp,temp0.3_nodelim_norole_nocot,lusa_1,1,extraction,o concelho de São Brás de Alportel,,
qwen3_14b,portuguese,participants,ext_def_exp,temp0.3_nodelim_norole_nocot,lusa_1,1,extraction,num bar,,
qwen3_14b,portuguese,participants,ext_def_exp,temp0.3_nodelim_norole_nocot,lusa_1,1,extraction,Corotelo,,
qwen3_14b,portuguese,participants,ext_def_exp,temp0.3_nodelim_norole_nocot,lusa_1,1,extraction,São Brás de Alportel,,
qwen3_14b,portuguese,participants,ext_def_exp,temp0.3_nodelim_norole_nocot,lusa_1,1,extraction,50 pessoas,,
qwen3_14b,portuguese,participants,ext_def_exp,temp0.3_nodelim_norole_nocot,lusa_1,1,extraction,o concelho de São Brás de Alportel,,
qwen3_14b,portuguese,participants,ext_def_exp,temp0.3_nodelim_norole_nocot,lusa_1,1,extraction,num bar,,
qwen3_14b,portuguese,participants,ext_def_exp,temp0.3_nodelim_norole_nocot,lusa_1,1,extraction,Corotelo,,
qwen3_14b,portuguese,participants,ext_def_exp,temp0.3_nodelim_norole_nocot,lusa_1,1,extraction,São Brás de Alportel,,
qwen3_14b,portuguese,participants,ext_def_exp,temp0.3_nodelim_norole_nocot,lusa_1,1,extraction,50 pessoas,,
qwen3_14b,portuguese,participants,ext_def_exp,temp0.3_nodelim_norole_nocot,lusa_1,1,extraction,o concelho de São Brás de Alportel,,
qwen3_14b,portuguese,participants,ext_def_exp,temp0.3_nodelim_norole_nocot,lusa_1,1,extraction,num bar,,
qwen3_14b,portuguese,participants,ext_def_exp,temp0.3_nodelim_norole_nocot,lusa_1,1,extraction,Corotelo,,
qwen3_14b,portuguese,participants,ext_def_exp,temp0.3_nodelim_norole_nocot,lusa_1,1,extraction,São Brás de Alportel,,
qwen3_14b,portuguese,participants,ext_def_exp,temp0.3_nodelim_norole_nocot,lusa_1,1,extraction,50 pessoas,,
qwen3_14b,portuguese,participants,ext_def_exp,temp0.3_nodelim_norole_nocot,lusa_1,1,extraction,o concelho de São Brás de Alportel,,
qwen3_14b,portuguese,participants,ext_def_exp,temp0.3_nodelim_norole_nocot,lusa_1,1,extraction,num bar,,
qwen3_14b,portuguese,participants,ext_def_exp,temp0.3_nodelim_norole_nocot,lusa_1,1,extraction,Corotelo,,
qwen3_14b,portuguese,participants,ext_def_exp,temp0.3_nodelim_norole_nocot,lusa_1,1,extraction,São Brás de Alportel,,
qwen3_14b,portuguese,participants,ext_def_exp,temp0.3_nodelim_norole_nocot,lusa_1,1,extraction,50 pessoas,,
qwen3_14b,portuguese,participants,ext_def_exp,temp0.3_nodelim_norole_nocot,lusa_1,1,extraction,o concelho de São Brás de Alportel,,
qwen3_14b,portuguese,participants,ext_def_exp,temp0.3_nodelim_norole_nocot,lusa_1,1,extraction,num bar,,
qwen3_14b,portuguese,participants,ext_def_exp,temp0.3_nodelim_norole_nocot,lusa_1,1,extraction,Corotelo,,
qwen3_14b,portuguese,participants,ext_def_exp,temp0.3_nodelim_norole_nocot,lusa_1,1,extraction,São Brás de Alportel,,
qwen3_14b,portuguese,participants,ext_def_exp,temp0.3_nodelim_norole_nocot,lusa_1,1,extraction,50 pessoas,,
qwen3_14b,portuguese,participants,ext_def_exp,temp0.3_nodelim_norole_nocot,lusa_1,1,extraction,o concelho de São Brás de Alportel,,
qwen3_14b,portuguese,participants,ext_def_exp,temp0.3_nodelim_norole_nocot,lusa_1,1,extraction,num bar,,
qwen3_14b,portuguese,participants,ext_def_exp,temp0.3_nodelim_norole_nocot,lusa_1,1,extraction,Corotelo,,
qwen3_14b,portuguese,participants,ext_def_exp,temp0.3_nodelim_norole_nocot,lusa_1,1,extraction,São Brás de Alportel,,
qwen3_14b,portuguese,participants,ext_def_exp,temp0.3_nodelim_norole_nocot,lusa_1,1,extraction,50 pessoas,,
qwen3_14b,portuguese,participants,ext_def_exp,temp0.3_nodelim_norole_nocot,lusa_1,1,extraction,o concelho de São Brás de Alportel,,
qwen3_14b,portuguese,participants,ext_def_exp,temp0.3_nodelim_norole_nocot,lusa_1,1,extraction,num bar,,
qwen3_14b,portuguese,participants,ext_def_exp,temp0.3_nodelim_norole_nocot,lusa_1,1,extraction,Corotelo,,
qwen3_14b,portuguese,participants,ext_def_exp,temp0.3_nodelim_norole_nocot,lusa_1,1,extraction,São Brás de Alportel,,
qwen3_14b,portuguese,participants,ext_def_exp,temp0.3_nodelim_norole_nocot,lusa_1,1,extraction,50 pessoas,,
qwen3_14b,portuguese,participants,ext_def_exp,temp0.3_nodelim_norole_nocot,lusa_1,1,extraction,o concelho de São Brás de Alportel,,
qwen3_14b,portuguese,participants,ext_def_exp,temp0.3_nodelim_norole_nocot,lusa_1,1,extraction,num bar,,
qwen3_14b,portuguese,participants,ext_def_exp,temp0.3_nodelim_norole_nocot,lusa_1,1,extraction,Corotelo,,
qwen3_14b,portuguese,participants,ext_def_exp,temp0.3_nodelim_norole_nocot,lusa_1,1,extraction,São Brás de Alportel,,
qwen3_14b,portuguese,participants,ext_def_exp,temp0.3_nodelim_norole_nocot,lusa_1,1,extraction,50 pessoas,,
qwen3_14b,portuguese,participants,ext_def_exp,temp0.3_nodelim_norole_nocot,lusa_1,1,extraction,o concelho de São Brás de Alportel,,
qwen3_14b,portuguese,participants,ext_def_exp,temp0.3_nodelim_norole_nocot,lusa_1,1,extraction,num bar,,
qwen3_14b,portuguese,participants,ext_def_exp,temp0.3_nodelim_norole_nocot,lusa_1,1,extraction,Corotelo,,
qwen3_14b,portuguese,participants,ext_def_exp,temp0.3_nodelim_norole_nocot,lusa_1,1,extraction,São Brás de Alportel,,
qwen3_14b,portuguese,participants,ext_def_exp,temp0.3_nodelim_norole_nocot,lusa_1,1,extraction,50 pessoas,,
qwen3_14b,portuguese,participants,ext_def_exp,temp0.3_nodelim_norole_nocot,lusa_1,1,extraction,o concelho de São Brás de Alportel,,
qwen3_14b,portuguese,participants,ext_def_exp,temp0.3_nodelim_norole_nocot,lusa_1,1,extraction,num bar,,
qwen3_14b,portuguese,participants,ext_def_exp,temp0.3_nodelim_norole_nocot,lusa_1,1,extraction,Corotelo,,
qwen3_14b,portuguese,participants,ext_def_exp,temp0.3_nodelim_norole_nocot,lusa_1,1,extraction,São Brás de Alportel,,
qwen3_14b,portuguese,participants,ext_def_exp,temp0.3_nodelim_norole_nocot,lusa_1,1,extraction,50 pessoas,,
qwen3_14b,portuguese,participants,ext_def_exp,temp0.3_nodelim_norole_nocot,lusa_1,1,extraction,o concelho de São Brás de Alportel,,
qwen3_14b,portuguese,participants,ext_def_exp,temp0.3_nodelim_norole_nocot,lusa_1,1,extraction,num bar,,
qwen3_14b,portuguese,participants,ext_def_exp,temp0.3_nodelim_norole_nocot,lusa_1,1,extraction,Corotelo,,
qwen3_14b,portuguese,participants,ext_def_exp,temp0.3_nodelim_norole_nocot,lusa_1,1,extraction,São Brás de Alportel,,
qwen3_14b,portuguese,participants,ext_def_exp,temp0.3_nodelim_norole_nocot,lusa_1,1,extraction,50 pessoas,,
qwen3_14b,portuguese,participants,ext_def_exp,temp0.3_nodelim_norole_nocot,lusa_1,1,extraction,o concelho de São Brás de Alportel,,
qwen3_14b,portuguese,participants,ext_def_exp,temp0.3_nodelim_norole_nocot,lusa_1,1,extraction,num bar,,
qwen3_14b,portuguese,participants,ext_def_exp,temp0.3_nodelim_norole_nocot,lusa_1,1,extraction,Corotelo,,
qwen3_14b,portuguese,participants,ext_def_exp,temp0.3_nodelim_norole_nocot,lusa_1,1,extraction,São Brás de Alportel,,
qwen3_14b,portuguese,participants,ext_def_exp,temp0.3_nodelim_norole_nocot,lusa_1,1,extraction,50 pessoas,,
qwen3_14b,portuguese,participants,ext_def_exp,temp0.3_nodelim_norole_nocot,lusa_1,1,extraction,o concelho de São Brás de Alportel,,
qwen3_14b,portuguese,participants,ext_def_exp,temp0.3_nodelim_norole_nocot,lusa_1,1,extraction,num bar,,
qwen3_14b,portuguese,participants,ext_def_exp,temp0.3_nodelim_norole_nocot,lusa_1,1,extraction,Corotelo,,
qwen3_14b,portuguese,participants,ext_def_exp,temp0.3_nodelim_norole_nocot,lusa_1,1,extraction,São Brás de Alportel,,
qwen3_14b,portuguese,participants,ext_def_exp,temp0.3_nodelim_norole_nocot,lusa_1,1,extraction,50 pessoas,,
qwen3_14b,portuguese,participants,ext_def_exp,temp0.3_nodelim_norole_nocot,lusa_1,1,extraction,o concelho de São Brás de Alportel,,
qwen3_14b,portuguese,participants,ext_def_exp,temp0.3_nodelim_norole_nocot,lusa_1,1,extraction,num bar,,
qwen3_14b,portuguese,participants,ext_def_exp,temp0.3_nodelim_norole_nocot,lusa_1,1,extraction,Corotelo,,
qwen3_14b,portuguese,participants,ext_def_exp,temp0.3_nodelim_norole_nocot,lusa_1,1,extraction,São Brás de Alportel,,
qwen3_14b,portuguese,participants,ext_def_exp,temp0.3_nodelim_norole_nocot,lusa_1,1,extraction,50 pessoas,,
qwen3_14b,portuguese,participants,ext_def_exp,temp0.3_nodelim_norole_nocot,lusa_1,1,extraction,o concelho de São Brás de Alportel,,
qwen3_14b,portuguese,participants,ext_def_exp,temp0.3_nodelim_norole_nocot,lusa_1,1,extraction,num bar,,
qwen3_14b,portuguese,participants,ext_def_exp,temp0.3_nodelim_norole_nocot,lusa_1,1,extraction,Corotelo,,
qwen3_14b,portuguese,participants,ext_def_exp,temp0.3_nodelim_norole_nocot,lusa_1,1,extraction,São Brás de Alportel,,
qwen3_14b,portuguese,participants,ext_def_exp,temp0.3_nodelim_norole_nocot,lusa_1,1,extraction,50 pessoas,,
qwen3_14b,portuguese,participants,ext_def_exp,temp0.3_nodelim_norole_nocot,lusa_1,1,extraction,o concelho de São Brás de Alportel,,
qwen3_14b,portuguese,participants,ext_def_exp,temp0.3_nodelim_norole_nocot,lusa_1,1,extraction,num bar,,
qwen3_14b,portuguese,participants,ext_def_exp,temp0.3_nodelim_norole_nocot,lusa_1,1,extraction,Corotelo,,
qwen3_14b,portuguese,participants,ext_def_exp,temp0.3_nodelim_norole_nocot,lusa_1,1,extraction,São Brás de Alportel,,
qwen3_14b,portuguese,participants,ext_def_exp,temp0.3_nodelim_norole_nocot,lusa_1,1,extraction,50 pessoas,,
qwen3_14b,portuguese,participants,ext_def_exp,temp0.3_nodelim_norole_nocot,lusa_1,1,extraction,o concelho de São Brás de Alportel,,
qwen3_14b,portuguese,participants,ext_def_exp,temp0.3_nodelim_norole_nocot,lusa_1,1,extraction,num bar,,
qwen3_14b,portuguese,participants,ext_def_exp,temp0.3_nodelim_norole_nocot,lusa_1,1,extraction,Corotelo,,
qwen3_14b,portuguese,participants,ext_def_exp,temp0.3_nodelim_norole_nocot,lusa_1,1,extraction,São Brás de Alportel,,
qwen3_14b,portuguese,participants,ext_def_exp,temp0.3_nodelim_norole_nocot,lusa_1,1,extraction,50 pessoas,,
qwen3_14b,portuguese,participants,ext_def_exp,temp0.3_nodelim_norole_nocot,lusa_1,1,extraction,o concelho de São Brás de Alportel,,
qwen3_14b,portuguese,participants,ext_def_exp,temp0.3_nodelim_norole_nocot,lusa_1,1,extraction,num bar,,
qwen3_14b,portuguese,participants,ext_def_exp,temp0.3_nodelim_norole_nocot,lusa_1,1,extraction,Corotelo,,
qwen3_14b,portuguese,participants,ext_def_exp,temp0.3_nodelim_norole_nocot,lusa_1,1,extraction,São Brás de Alportel,,
qwen3_14b,portuguese,participants,ext_def_exp,temp0.3_nodelim_norole_nocot,lusa_1,1,extraction,50 pessoas,,
qwen3_14b,portuguese,participants,ext_def_exp,temp0.3_nodelim_norole_nocot,lusa_1,1,extraction,o concelho de São Brás de Alportel,,
qwen3_14b,portuguese,participants,ext_def_exp,temp0.3_nodelim_norole_nocot,lusa_1,1,extraction,num bar,,
qwen3_14b,portuguese,participants,ext_def_exp,temp0.3_nodelim_norole_nocot,lusa_1,1,extraction,Corotelo,,
qwen3_14b,portuguese,participants,ext_def_exp,temp0.3_nodelim_norole_nocot,lusa_1,1,extraction,São Brás de Alportel,,
qwen3_14b,portuguese,participants,ext_def_exp,temp0.3_nodelim_norole_nocot,lusa_1,1,extraction,50 pessoas,,
qwen3_14b,portuguese,participants,ext_def_exp,temp0.3_nodelim_norole_nocot,lusa_1,1,extraction,o concelho de São Brás de Alportel,,
qwen3_14b,portuguese,participants,ext_def_exp,temp0.3_nodelim_norole_nocot,lusa_1,1,extraction,num bar,,
qwen3_14b,portuguese,participants,ext_def_exp,temp0.3_nodelim_norole_nocot,lusa_1,1,extraction,Corotelo,,
qwen3_14b,portuguese,participants,ext_def_exp,temp0.3_nodelim_norole_nocot,lusa_1,1,extraction,São Brás de Alportel,,
qwen3_14b,portuguese,participants,ext_def_exp,temp0.3_nodelim_norole_nocot,lusa_1,1,extraction,50 pessoas,,
qwen3_14b,portuguese,participants,ext_def_exp,temp0.3_nodelim_norole_nocot,lusa_1,1,extraction,o concelho de São Brás de Alportel,,
qwen3_14b,portuguese,participants,ext_def_exp,temp0.3_nodelim_norole_nocot,lusa_1,1,extraction,num bar,,
qwen3_14b,portuguese,participants,ext_def_exp,temp0.3_nodelim_norole_nocot,lusa_1,1,extraction,Corotelo,,
qwen3_14b,portuguese,participants,ext_def_exp,temp0.3_nodelim_norole_nocot,lusa_1,1,extraction,São Brás de Alportel,,
qwen3_14b,portuguese,participants,ext_def_exp,temp0.3_nodelim_norole_nocot,lusa_1,1,extraction,50 pessoas,,
qwen3_14b,portuguese,participants,ext_def_exp,temp0.3_nodelim_norole_nocot,lusa_1,1,extraction,o concelho de São Brás de Alportel,,
qwen3_14b,portuguese,participants,ext_def_exp,temp0.3_nodelim_norole_nocot,lusa_1,1,extraction,num bar,,
qwen3_14b,portuguese,participants,ext_def_exp,temp0.3_nodelim_norole_nocot,lusa_1,1,extraction,Corotelo,,
qwen3_14b,portuguese,participants,ext_def_exp,temp0.3_nodelim_norole_nocot,lusa_1,1,extraction,São Brás de Alportel,,
qwen3_14b,portuguese,participants,ext_def_exp,temp0.3_nodelim_norole_nocot,lusa_1,1,extraction,50 pessoas,,
qwen3_14b,portuguese,participants,ext_def_exp,temp0.3_nodelim_norole_nocot,lusa_1,1,extraction,o concelho de São Brás de Alportel,,
qwen3_14b,portuguese,participants,ext_def_exp,temp0.3_nodelim_norole_nocot,lusa_1,1,extraction,num bar,,
qwen3_14b,portuguese,participants,ext_def_exp,temp0.3_nodelim_norole_nocot,lusa_1,1,extraction,Corotelo,,
qwen3_14b,portuguese,participants,ext_def_exp,temp0.3_nodelim_norole_nocot,lusa_1,1,extraction,São Brás de Alportel,,
qwen3_14b,portuguese,participants,ext_def_exp,temp0.3_nodelim_norole_nocot,lusa_1,1,extraction,50 pessoas,,
qwen3_14b,portuguese,participants,ext_def_exp,temp0.3_nodelim_norole_nocot,lusa_1,1,extraction,o concelho de São Brás de Alportel,,
qwen3_14b,portuguese,participants,ext_def_exp,temp0.3_nodelim_norole_nocot,lusa_1,1,extraction,num bar,,
qwen3_14b,portuguese,participants,ext_def_exp,temp0.3_nodelim_norole_nocot,lusa_1,1,extraction,Corotelo,,
qwen3_14b,portuguese,participants,ext_def_exp,temp0.3_nodelim_norole_nocot,lusa_1,1,extraction,São Brás de Alportel,,
qwen3_14b,portuguese,participants,ext_def_exp,temp0.3_nodelim_norole_nocot,lusa_1,1,extraction,50 pessoas,,
qwen3_14b,portuguese,participants,ext_def_exp,temp0.3_nodelim_norole_nocot,lusa_1,1,extraction,o concelho de São Brás de Alportel,,
qwen3_14b,portuguese,participants,ext_def_exp,temp0.3_nodelim_norole_nocot,lusa_1,1,extraction,num bar,,
qwen3_14b,portuguese,participants,ext_def_exp,temp0.3_nodelim_norole_nocot,lusa_1,1,extraction,Corotelo,,
qwen3_14b,portuguese,participants,ext_def_exp,temp0.3_nodelim_norole_nocot,lusa_1,1,extraction,São Brás de Alportel,,
qwen3_14b,portuguese,participants,ext_def_exp,temp0.3_nodelim_norole_nocot,lusa_1,1,extraction,50 pessoas,,
qwen3_14b,portuguese,participants,ext_def_exp,temp0.3_nodelim_norole_nocot,lusa_1,1,extraction,o concelho de São Brás de Alportel,,
qwen3_14b,portuguese,participants,ext_def_exp,temp0.3_nodelim_norole_nocot,lusa_1,1,extraction,num bar,,
qwen3_14b,portuguese,participants,ext_def_exp,temp0.3_nodelim_norole_nocot,lusa_1,1,extraction,Corotelo,,
qwen3_14b,portuguese,participants,ext_def_exp,temp0.3_nodelim_norole_nocot,lusa_1,1,extraction,São Brás de Alportel,,
qwen3_14b,portuguese,participants,ext_def_exp,temp0.3_nodelim_norole_nocot,lusa_1,1,extraction,50 pessoas,,
qwen3_14b,portuguese,participants,ext_def_exp,temp0.3_nodelim_norole_nocot,lusa_1,1,extraction,o concelho de São Brás de Alportel,,
qwen3_14b,portuguese,participants,ext_def_exp,temp0.3_nodelim_norole_nocot,lusa_1,1,extraction,num bar,,
qwen3_14b,portuguese,participants,ext_def_exp,temp0.3_nodelim_norole_nocot,lusa_1,1,extraction,Corotelo,,
qwen3_14b,portuguese,participants,ext_def_exp,temp0.3_nodelim_norole_nocot,lusa_1,1,extraction,São Brás de Alportel,,
qwen3_14b,portuguese,participants,ext_def_exp,temp0.3_nodelim_norole_nocot,lusa_1,1,extraction,50 pessoas,,
qwen3_14b,portuguese,participants,ext_def_exp,temp0.3_nodelim_norole_nocot,lusa_1,1,extraction,o concelho de São Brás de Alportel,,
qwen3_14b,portuguese,participants,ext_def_exp,temp0.3_nodelim_norole_nocot,lusa_1,1,extraction,num bar,,
qwen3_14b,portuguese,participants,ext_def_exp,temp0.3_nodelim_norole_nocot,lusa_1,1,extraction,Corotelo,,
qwen3_14b,portuguese,participants,ext_def_exp,temp0.3_nodelim_norole_nocot,lusa_1,1,extraction,São Brás de Alportel,,
qwen3_14b,portuguese,participants,ext_def_exp,temp0.3_nodelim_norole_nocot,lusa_1,1,extraction,50 pessoas,,
qwen3_14b,portuguese,participants,ext_def_exp,temp0.3_nodelim_norole_nocot,lusa_1,1,extraction,o concelho de São Brás de Alportel,,
qwen3_14b,portuguese,participants,ext_def_exp,temp0.3_nodelim_norole_nocot,lusa_1,1,extraction,num bar,,
qwen3_14b,portuguese,participants,ext_def_exp,temp0.3_nodelim_norole_nocot,lusa_1,1,extraction,Corotelo,,
qwen3_14b,portuguese,participants,ext_def_exp,temp0.3_nodelim_norole_nocot,lusa_1,1,extraction,São Brás de Alportel,,
qwen3_14b,portuguese,participants,ext_def_exp,temp0.3_nodelim_norole_nocot,lusa_1,1,extraction,50 pessoas,,
qwen3_14b,portuguese,participants,ext_def_exp,temp0.3_nodelim_norole_nocot,lusa_1,1,extraction,o concelho de São Brás de Alportel,,
qwen3_14b,portuguese,participants,ext_def_exp,temp0.3_nodelim_norole_nocot,lusa_1,1,extraction,num bar,,
qwen3_14b,portuguese,participants,ext_def_exp,temp0.3_nodelim_norole_nocot,lusa_1,1,extraction,Corotelo,,
qwen3_14b,portuguese,participants,ext_def_exp,temp0.3_nodelim_norole_nocot,lusa_1,1,extraction,São Brás de Alportel,,
qwen3_14b,portuguese,participants,ext_def_exp,temp0.3_nodelim_norole_nocot,lusa_1,1,extraction,50 pessoas,,
qwen3_14b,portuguese,participants,ext_def_exp,temp0.3_nodelim_norole_nocot,lusa_1,1,extraction,o concelho de São Brás de Alportel,,
qwen3_14b,portuguese,participants,ext_def_exp,temp0.3_nodelim_norole_nocot,lusa_1,1,extraction,num bar,,
qwen3_14b,portuguese,participants,ext_def_exp,temp0.3_nodelim_norole_nocot,lusa_1,1,extraction,Corotelo,,
qwen3_14b,portuguese,participants,ext_def_exp,temp0.3_nodelim_norole_nocot,lusa_1,1,extraction,São Brás de Alportel,,
qwen3_14b,portuguese,participants,ext_def_exp,temp0.3_nodelim_norole_nocot,lusa_1,1,extraction,50 pessoas,,
qwen3_14b,portuguese,participants,ext_def_exp,temp0.3_nodelim_norole_nocot,lusa_1,1,extraction,o concelho de São Brás de Alportel,,
qwen3_14b,portuguese,participants,ext_def_exp,temp0.3_nodelim_norole_nocot,lusa_1,1,extraction,num bar,,
qwen3_14b,portuguese,participants,ext_def_exp,temp0.3_nodelim_norole_nocot,lusa_1,1,extraction,Corotelo,,
qwen3_14b,portuguese,participants,ext_def_exp,temp0.3_nodelim_norole_nocot,lusa_1,1,extraction,São Brás de Alportel,,
qwen3_14b,portuguese,participants,ext_def_exp,temp0.3_nodelim_norole_nocot,lusa_1,1,extraction,50 pessoas,,
qwen3_14b,portuguese,participants,ext_def_exp,temp0.3_nodelim_norole_nocot,lusa_1,1,extraction,o concelho de São Brás de Alportel,,
qwen3_14b,portuguese,participants,ext_def_exp,temp0.3_nodelim_norole_nocot,lusa_1,1,extraction,num bar,,
qwen3_14b,portuguese,participants,ext_def_exp,temp0.3_nodelim_norole_nocot,lusa_1,1,extraction,Corotelo,,
qwen3_14b,portuguese,participants,ext_def_exp,temp0.3_nodelim_norole_nocot,lusa_1,1,extraction,São Brás de Alportel,,
qwen3_14b,portuguese,participants,ext_def_exp,temp0.3_nodelim_norole_nocot,lusa_1,1,extraction,50 pessoas,,
qwen3_14b,portuguese,participants,ext_def_exp,temp0.3_nodelim_norole_nocot,lusa_1,1,extraction,o concelho de São Brás de Alportel,,
qwen3_14b,portuguese,participants,ext_def_exp,temp0.3_nodelim_norole_nocot,lusa_1,1,extraction,num bar,,
qwen3_14b,portuguese,participants,ext_def_exp,temp0.3_nodelim_norole_nocot,lusa_1,1,extraction,Corotelo,,
qwen3_14b,portuguese,participants,ext_def_exp,temp0.3_nodelim_norole_nocot,lusa_1,1,extraction,São Brás de Alportel,,
qwen3_14b,portuguese,participants,ext_def_exp,temp0.3_nodelim_norole_nocot,lusa_1,1,extraction,50 pessoas,,
qwen3_14b,portuguese,participants,ext_def_exp,temp0.3_nodelim_norole_nocot,lusa_1,1,extraction,o concelho de São Brás de Alportel,,
qwen3_14b,portuguese,participants,ext_def_exp,temp0.3_nodelim_norole_nocot,lusa_1,1,extraction,num bar,,
qwen3_14b,portuguese,participants,ext_def_exp,temp0.3_nodelim_norole_nocot,lusa_1,1,extraction,Corotelo,,
qwen3_14b,portuguese,participants,ext_def_exp,temp0.3_nodelim_norole_nocot,lusa_1,1,extraction,São Brás de Alportel,,
qwen3_14b,portuguese,participants,ext_def_exp,temp0.3_nodelim_norole_nocot,lusa_1,1,extraction,50 pessoas,,
qwen3_14b,portuguese,participants,ext_def_exp,temp0.3_nodelim_norole_nocot,lusa_1,1,extraction,o concelho de São Brás de Alportel,,
qwen3_14b,portuguese,participants,ext_def_exp,temp0.3_nodelim_norole_nocot,lusa_1,1,extraction,num bar,,
qwen3_14b,portuguese,participants,ext_def_exp,temp0.3_nodelim_norole_nocot,lusa_1,1,extraction,Corotelo,,
qwen3_14b,portuguese,participants,ext_def_exp,temp0.3_nodelim_norole_nocot,lusa_1,1,extraction,São Brás de Alportel,,
qwen3_14b,portuguese,participants,ext_def_exp,temp0.3_nodelim_norole_nocot,lusa_1,1,extraction,50 pessoas,,
qwen3_14b,portuguese,participants,ext_def_exp,temp0.3_nodelim_norole_nocot,lusa_1,1,extraction,o concelho de São Brás de Alportel,,
qwen3_14b,portuguese,participants,ext_def_exp,temp0.3_nodelim_norole_nocot,lusa_1,1,extraction,num bar,,
qwen3_14b,portuguese,participants,ext_def_exp,temp0.3_nodelim_norole_nocot,lusa_1,1,extraction,Corotelo,,
qwen3_14b,portuguese,participants,ext_def_exp,temp0.3_nodelim_norole_nocot,lusa_1,1,extraction,São Brás de Alportel,,
qwen3_14b,portuguese,participants,ext_def_exp,temp0.3_nodelim_norole_nocot,lusa_1,1,extraction,50 pessoas,,
qwen3_14b,portuguese,participants,ext_def_exp,temp0.3_nodelim_norole_nocot,lusa_1,1,extraction,o concelho de São Brás de Alportel,,
qwen3_14b,portuguese,participants,ext_def_exp,temp0.3_nodelim_norole_nocot,lusa_1,1,extraction,num bar,,
qwen3_14b,portuguese,participants,ext_def_exp,temp0.3_nodelim_norole_nocot,lusa_1,1,extraction,Corotelo,,
qwen3_14b,portuguese,participants,ext_def_exp,temp0.3_nodelim_norole_nocot,lusa_1,1,extraction,São Brás de Alportel,,
qwen3_14b,portuguese,participants,ext_def_exp,temp0.3_nodelim_norole_nocot,lusa_1,1,extraction,50 pessoas,,
qwen3_14b,portuguese,participants,ext_def_exp,temp0.3_nodelim_norole_nocot,lusa_1,1,extraction,o concelho de São Brás de Alportel,,
qwen3_14b,portuguese,participants,ext_def_exp,temp0.3_nodelim_norole_nocot,lusa_1,1,extraction,num bar,,
qwen3_14b,portuguese,participants,ext_def_exp,temp0.3_nodelim_norole_nocot,lusa_1,1,extraction,Corotelo,,
qwen3_14b,portuguese,participants,ext_def_exp,temp0.3_nodelim_norole_nocot,lusa_1,1,extraction,São Brás de Alportel,,
qwen3_14b,portuguese,participants,ext_def_exp,temp0.3_nodelim_norole_nocot,lusa_1,1,extraction,50 pessoas,,
qwen3_14b,portuguese,participants,ext_def_exp,temp0.3_nodelim_norole_nocot,lusa_1,1,extraction,o concelho de São Brás de Alportel,,
qwen3_14b,portuguese,participants,ext_def_exp,temp0.3_nodelim_norole_nocot,lusa_1,1,extraction,num bar,,
qwen3_14b,portuguese,participants,ext_def_exp,temp0.3_nodelim_norole_nocot,lusa_1,1,extraction,Corotelo,,
qwen3_14b,portuguese,participants,ext_def_exp,temp0.3_nodelim_norole_nocot,lusa_1,1,extraction,São Brás de Alportel,,
qwen3_14b,portuguese,participants,ext_def_exp,temp0.3_nodelim_norole_nocot,lusa_1,1,extraction,50 pessoas,,
qwen3_14b,portuguese,participants,ext_def_exp,temp0.3_nodelim_norole_nocot,lusa_1,1,extraction,o concelho de São Brás de Alportel,,
qwen3_14b,portuguese,participants,ext_def_exp,temp0.3_nodelim_norole_nocot,lusa_1,1,extraction,num bar,,
qwen3_14b,portuguese,participants,ext_def_exp,temp0.3_nodelim_norole_nocot,lusa_1,1,extraction,Corotelo,,
qwen3_14b,portuguese,participants,ext_def_exp,temp0.3_nodelim_norole_nocot,lusa_1,1,extraction,São Brás de Alportel,,
qwen3_14b,portuguese,participants,ext_def_exp,temp0.3_nodelim_norole_nocot,lusa_1,1,extraction,50 pessoas,,
qwen3_14b,portuguese,participants,ext_def_exp,temp0.3_nodelim_norole_nocot,lusa_1,1,extraction,o concelho de São Brás de Alportel,,
qwen3_14b,portuguese,participants,ext_def_exp,temp0.3_nodelim_norole_nocot,lusa_1,1,extraction,num bar,,
qwen3_14b,portuguese,participants,ext_def_exp,temp0.3_nodelim_norole_nocot,lusa_1,1,extraction,Corotelo,,
qwen3_14b,portuguese,participants,ext_def_exp,temp0.3_nodelim_norole_nocot,lusa_1,1,extraction,São Brás de Alportel,,
qwen3_14b,portuguese,participants,ext_def_exp,temp0.3_nodelim_norole_nocot,lusa_1,1,extraction,50 pessoas,,
qwen3_14b,portuguese,participants,ext_def_exp,temp0.3_nodelim_norole_nocot,lusa_1,1,extraction,o concelho de São Brás de Alportel,,
qwen3_14b,portuguese,participants,ext_def_exp,temp0.3_nodelim_norole_nocot,lusa_1,1,extraction,num bar,,
qwen3_14b,portuguese,participants,ext_def_exp,temp0.3_nodelim_norole_nocot,lusa_1,1,extraction,Corotelo,,
qwen3_14b,portuguese,participants,ext_def_exp,temp0.3_nodelim_norole_nocot,lusa_1,1,extraction,São Brás de Alportel,,
qwen3_14b,portuguese,participants,ext_def_exp,temp0.3_nodelim_norole_nocot,lusa_1,1,extraction,50 pessoas,,
qwen3_14b,portuguese,participants,ext_def_exp,temp0.3_nodelim_norole_nocot,lusa_1,1,extraction,o concelho de São Brás de Alportel,,
qwen3_14b,portuguese,participants,ext_def_exp,temp0.3_nodelim_norole_nocot,lusa_1,1,extraction,num bar,,
qwen3_14b,portuguese,participants,ext_def_exp,temp0.3_nodelim_norole_nocot,lusa_1,1,extraction,Corotelo,,
qwen3_14b,portuguese,participants,ext_def_exp,temp0.3_nodelim_norole_nocot,lusa_1,1,extraction,São Brás de Alportel,,
qwen3_14b,portuguese,participants,ext_def_exp,temp0.3_nodelim_norole_nocot,lusa_1,1,extraction,50 pessoas,,
qwen3_14b,portuguese,participants,ext_def_exp,temp0.3_nodelim_norole_nocot,lusa_1,1,extraction,o concelho de São Brás de Alportel,,
qwen3_14b,portuguese,participants,ext_def_exp,temp0.3_nodelim_norole_nocot,lusa_1,1,extraction,num bar,,
qwen3_14b,portuguese,participants,ext_def_exp,temp0.3_nodelim_norole_nocot,lusa_1,1,extraction,Corotelo,,
qwen3_14b,portuguese,participants,ext_def_exp,temp0.3_nodelim_norole_nocot,lusa_1,1,extraction,São Brás de Alportel,,
qwen3_14b,portuguese,participants,ext_def_exp,temp0.3_nodelim_norole_nocot,lusa_1,1,extraction,50 pessoas,,
qwen3_14b,portuguese,participants,ext_def_exp,temp0.3_nodelim_norole_nocot,lusa_1,1,extraction,o concelho de São Brás de Alportel,,
qwen3_14b,portuguese,participants,ext_def_exp,temp0.3_nodelim_norole_nocot,lusa_1,1,extraction,num bar,,
qwen3_14b,portuguese,participants,ext_def_exp,temp0.3_nodelim_norole_nocot,lusa_1,1,extraction,Corotelo,,
qwen3_14b,portuguese,participants,ext_def_exp,temp0.3_nodelim_norole_nocot,lusa_1,1,extraction,São Brás de Alportel,,
qwen3_14b,portuguese,participants,ext_def_exp,temp0.3_nodelim_norole_nocot,lusa_1,1,extraction,50 pessoas,,
qwen3_14b,portuguese,participants,ext_def_exp,temp0.3_nodelim_norole_nocot,lusa_1,1,extraction,o concelho de São Brás de Alportel,,
qwen3_14b,portuguese,participants,ext_def_exp,temp0.3_nodelim_norole_nocot,lusa_1,1,extraction,num bar,,
qwen3_14b,portuguese,participants,ext_def_exp,temp0.3_nodelim_norole_nocot,lusa_1,1,extraction,Corotelo,,
qwen3_14b,portuguese,participants,ext_def_exp,temp0.3_nodelim_norole_nocot,lusa_1,1,extraction,São Brás de Alportel,,
qwen3_14b,portuguese,participants,ext_def_exp,temp0.3_nodelim_norole_nocot,lusa_1,1,extraction,50 pessoas,,
qwen3_14b,portuguese,participants,ext_def_exp,temp0.3_nodelim_norole_nocot,lusa_1,1,extraction,o concelho de São Brás de Alportel,,
qwen3_14b,portuguese,participants,ext_def_exp,temp0.3_nodelim_norole_nocot,lusa_1,1,extraction,num bar,,
qwen3_14b,portuguese,participants,ext_def_exp,temp0.3_nodelim_norole_nocot,lusa_1,1,extraction,Corotelo,,
qwen3_14b,portuguese,participants,ext_def_exp,temp0.3_nodelim_norole_nocot,lusa_1,1,extraction,São Brás de Alportel,,
qwen3_14b,portuguese,participants,ext_def_exp,temp0.3_nodelim_norole_nocot,lusa_1,1,extraction,50 pessoas,,
qwen3_14b,portuguese,participants,ext_def_exp,temp0.3_nodelim_norole_nocot,lusa_1,1,extraction,o concelho de São Brás de Alportel,,
qwen3_14b,portuguese,participants,ext_def_exp,temp0.3_nodelim_norole_nocot,lusa_1,1,extraction,num bar,,
qwen3_14b,portuguese,participants,ext_def_exp,temp0.3_nodelim_norole_nocot,lusa_1,1,extraction,Corotelo,,
qwen3_14b,portuguese,participants,ext_def_exp,temp0.3_nodelim_norole_nocot,lusa_1,1,extraction,São Brás de Alportel,,
qwen3_14b,portuguese,participants,ext_def_exp,temp0.3_nodelim_norole_nocot,lusa_1,1,extraction,50 pessoas,,
qwen3_14b,portuguese,participants,ext_def_exp,temp0.3_nodelim_norole_nocot,lusa_1,1,extraction,o concelho de São Brás de Alportel,,
qwen3_14b,portuguese,participants,ext_def_exp,temp0.3_nodelim_norole_nocot,lusa_1,1,extraction,num bar,,
qwen3_14b,portuguese,participants,ext_def_exp,temp0.3_nodelim_norole_nocot,lusa_1,1,extraction,Corotelo,,
qwen3_14b,portuguese,participants,ext_def_exp,temp0.3_nodelim_norole_nocot,lusa_1,1,extraction,São Brás de Alportel,,
qwen3_14b,portuguese,participants,ext_def_exp,temp0.3_nodelim_norole_nocot,lusa_1,1,extraction,50 pessoas,,
qwen3_14b,portuguese,participants,ext_def_exp,temp0.3_nodelim_norole_nocot,lusa_1,1,extraction,o concelho de São Brás de Alportel,,
qwen3_14b,portuguese,participants,ext_def_exp,temp0.3_nodelim_norole_nocot,lusa_1,1,extraction,num bar,,
qwen3_14b,portuguese,participants,ext_def_exp,temp0.3_nodelim_norole_nocot,lusa_1,1,extraction,Corotelo,,
qwen3_14b,portuguese,participants,ext_def_exp,temp0.3_nodelim_norole_nocot,lusa_1,1,extraction,São Brás de Alportel,,
qwen3_14b,portuguese,participants,ext_def_exp,temp0.3_nodelim_norole_nocot,lusa_1,1,extraction,50 pessoas,,
qwen3_14b,portuguese,participants,ext_def_exp,temp0.3_nodelim_norole_nocot,lusa_1,1,extraction,o concelho de São Brás de Alportel,,
qwen3_14b,portuguese,participants,ext_def_exp,temp0.3_nodelim_norole_nocot,lusa_1,1,extraction,num bar,,
qwen3_14b,portuguese,participants,ext_def_exp,temp0.3_nodelim_norole_nocot,lusa_1,1,extraction,Corotelo,,
qwen3_14b,portuguese,participants,ext_def_exp,temp0.3_nodelim_norole_nocot,lusa_1,1,extraction,São Brás de Alportel,,
qwen3_14b,portuguese,participants,ext_def_exp,temp0.3_nodelim_norole_nocot,lusa_1,1,extraction,50 pessoas,,
qwen3_14b,portuguese,participants,ext_def_exp,temp0.3_nodelim_norole_nocot,lusa_1,1,extraction,o concelho de São Brás de Alportel,,
qwen3_14b,portuguese,participants,ext_def_exp,temp0.3_nodelim_norole_nocot,lusa_1,1,extraction,num bar,,
qwen3_14b,portuguese,participants,ext_def_exp,temp0.3_nodelim_norole_nocot,lusa_1,1,extraction,Corotelo,,
qwen3_14b,portuguese,participants,ext_def_exp,temp0.3_nodelim_norole_nocot,lusa_1,1,extraction,São Brás de Alportel,,
qwen3_14b,portuguese,participants,ext_def_exp,temp0.3_nodelim_norole_nocot,lusa_1,1,extraction,50 pessoas,,
qwen3_14b,portuguese,participants,ext_def_exp,temp0.3_nodelim_norole_nocot,lusa_1,1,extraction,o concelho de São Brás de Alportel,,
qwen3_14b,portuguese,participants,ext_def_exp,temp0.3_nodelim_norole_nocot,lusa_1,1,extraction,num bar,,
qwen3_14b,portuguese,participants,ext_def_exp,temp0.3_nodelim_norole_nocot,lusa_1,1,extraction,Corotelo,,
qwen3_14b,portuguese,participants,ext_def_exp,temp0.3_nodelim_norole_nocot,lusa_1,1,extraction,São Brás de Alportel,,
qwen3_14b,portuguese,participants,ext_def_exp,temp0.3_nodelim_norole_nocot,lusa_1,1,extraction,50 pessoas,,
qwen3_14b,portuguese,participants,ext_def_exp,temp0.3_nodelim_norole_nocot,lusa_1,1,extraction,o concelho de São Brás de Alportel,,
qwen3_14b,portuguese,participants,ext_def_exp,temp0.3_nodelim_norole_nocot,lusa_1,1,extraction,num bar,,
qwen3_14b,portuguese,participants,ext_def_exp,temp0.3_nodelim_norole_nocot,lusa_1,1,extraction,Corotelo,,
qwen3_14b,portuguese,participants,ext_def_exp,temp0.3_nodelim_norole_nocot,lusa_1,1,extraction,São Brás de Alportel,,
qwen3_14b,portuguese,participants,ext_def_exp,temp0.3_nodelim_norole_nocot,lusa_1,1,extraction,50 pessoas,,
qwen3_14b,portuguese,participants,ext_def_exp,temp0.3_nodelim_norole_nocot,lusa_1,1,extraction,o concelho de São Brás de Alportel,,
qwen3_14b,portuguese,participants,ext_def_exp,temp0.3_nodelim_norole_nocot,lusa_1,1,extraction,num bar,,
qwen3_14b,portuguese,participants,ext_def_exp,temp0.3_nodelim_norole_nocot,lusa_1,1,extraction,Corotelo,,
qwen3_14b,portuguese,participants,ext_def_exp,temp0.3_nodelim_norole_nocot,lusa_1,1,extraction,São Brás de Alportel,,
qwen3_14b,portuguese,participants,ext_def_exp,temp0.3_nodelim_norole_nocot,lusa_1,1,extraction,50 pessoas,,
qwen3_14b,portuguese,participants,ext_def_exp,temp0.3_nodelim_norole_nocot,lusa_1,1,extraction,o concelho de São Brás de Alportel,,
qwen3_14b,portuguese,participants,ext_def_exp,temp0.3_nodelim_norole_nocot,lusa_1,1,extraction,num bar,,
qwen3_14b,portuguese,participants,ext_def_exp,temp0.3_nodelim_norole_nocot,lusa_1,1,extraction,Corotelo,,
qwen3_14b,portuguese,participants,ext_def_exp,temp0.3_nodelim_norole_nocot,lusa_1,1,extraction,São Brás de Alportel,,
qwen3_14b,portuguese,participants,ext_def_exp,temp0.3_nodelim_norole_nocot,lusa_1,1,extraction,50 pessoas,,
qwen3_14b,portuguese,participants,ext_def_exp,temp0.3_nodelim_norole_nocot,lusa_1,1,extraction,o concelho de São Brás de Alportel,,
qwen3_14b,portuguese,participants,ext_def_exp,temp0.3_nodelim_norole_nocot,lusa_1,1,extraction,num bar,,
qwen3_14b,portuguese,participants,ext_def_exp,temp0.3_nodelim_norole_nocot,lusa_1,1,extraction,Corotelo,,
qwen3_14b,portuguese,participants,ext_def_exp,temp0.3_nodelim_norole_nocot,lusa_1,1,extraction,São Brás de Alportel,,
qwen3_14b,portuguese,participants,ext_def_exp,temp0.3_nodelim_norole_nocot,lusa_1,1,extraction,50 pessoas,,
qwen3_14b,portuguese,participants,ext_def_exp,temp0.3_nodelim_norole_nocot,lusa_1,1,extraction,o concelho de São Brás de Alportel,,
qwen3_14b,portuguese,participants,ext_def_exp,temp0.3_nodelim_norole_nocot,lusa_1,1,extraction,num bar,,
qwen3_14b,portuguese,participants,ext_def_exp,temp0.3_nodelim_norole_nocot,lusa_1,1,extraction,Corotelo,,
qwen3_14b,portuguese,participants,ext_def_exp,temp0.3_nodelim_norole_nocot,lusa_1,1,extraction,São Brás de Alportel,,
qwen3_14b,portuguese,participants,ext_def_exp,temp0.3_nodelim_norole_nocot,lusa_1,1,extraction,50 pessoas,,
qwen3_14b,portuguese,participants,ext_def_exp,temp0.3_nodelim_norole_nocot,lusa_1,1,extraction,o concelho de São Brás de Alportel,,
qwen3_14b,portuguese,participants,ext_def_exp,temp0.3_nodelim_norole_nocot,lusa_1,1,extraction,num bar,,
qwen3_14b,portuguese,participants,ext_def_exp,temp0.3_nodelim_norole_nocot,lusa_1,1,extraction,Corotelo,,
qwen3_14b,portuguese,participants,ext_def_exp,temp0.3_nodelim_norole_nocot,lusa_1,1,extraction,São Brás de Alportel,,
qwen3_14b,portuguese,participants,ext_def_exp,temp0.3_nodelim_norole_nocot,lusa_1,1,extraction,50 pessoas,,
qwen3_14b,portuguese,participants,ext_def_exp,temp0.3_nodelim_norole_nocot,lusa_1,1,extraction,o concelho de São Brás de Alportel,,
qwen3_14b,portuguese,participants,ext_def_exp,temp0.3_nodelim_norole_nocot,lusa_1,1,extraction,num bar,,
qwen3_14b,portuguese,participants,ext_def_exp,temp0.3_nodelim_norole_nocot,lusa_1,1,extraction,Corotelo,,
qwen3_14b,portuguese,participants,ext_def_exp,temp0.3_nodelim_norole_nocot,lusa_1,1,extraction,São Brás de Alportel,,
qwen3_14b,portuguese,participants,ext_def_exp,temp0.3_nodelim_norole_nocot,lusa_1,1,extraction,50 pessoas,,
qwen3_14b,portuguese,participants,ext_def_exp,temp0.3_nodelim_norole_nocot,lusa_1,1,extraction,o concelho de São Brás de Alportel,,
qwen3_14b,portuguese,participants,ext_def_exp,temp0.3_nodelim_norole_nocot,lusa_1,1,extraction,num bar,,
qwen3_14b,portuguese,participants,ext_def_exp,temp0.3_nodelim_norole_nocot,lusa_1,1,extraction,Corotelo,,
qwen3_14b,portuguese,participants,ext_def_exp,temp0.3_nodelim_norole_nocot,lusa_1,1,extraction,São Brás de Alportel,,
qwen3_14b,portuguese,participants,ext_def_exp,temp0.3_nodelim_norole_nocot,lusa_1,1,extraction,50 pessoas,,
qwen3_14b,portuguese,participants,ext_def_exp,temp0.3_nodelim_norole_nocot,lusa_1,1,extraction,o concelho de São Brás de Alportel,,
qwen3_14b,portuguese,participants,ext_def_exp,temp0.3_nodelim_norole_nocot,lusa_1,1,extraction,num bar,,
qwen3_14b,portuguese,participants,ext_def_exp,temp0.3_nodelim_norole_nocot,lusa_1,1,extraction,Corotelo,,
qwen3_14b,portuguese,participants,ext_def_exp,temp0.3_nodelim_norole_nocot,lusa_1,1,extraction,São Brás de Alportel,,
qwen3_14b,portuguese,participants,ext_def_exp,temp0.3_nodelim_norole_nocot,lusa_1,1,extraction,50 pessoas,,
qwen3_14b,portuguese,participants,ext_def_exp,temp0.3_nodelim_norole_nocot,lusa_1,1,extraction,o concelho de São Brás de Alportel,,
qwen3_14b,portuguese,participants,ext_def_exp,temp0.3_nodelim_norole_nocot,lusa_1,1,extraction,num bar,,
qwen3_14b,portuguese,participants,ext_def_exp,temp0.3_nodelim_norole_nocot,lusa_1,1,extraction,Corotelo,,
qwen3_14b,portuguese,participants,ext_def_exp,temp0.3_nodelim_norole_nocot,lusa_1,1,extraction,São Brás de Alportel,,
qwen3_14b,portuguese,participants,ext_def_exp,temp0.3_nodelim_norole_nocot,lusa_1,1,extraction,50 pessoas,,
qwen3_14b,portuguese,participants,ext_def_exp,temp0.3_nodelim_norole_nocot,lusa_1,1,extraction,o concelho de São Brás de Alportel,,
qwen3_14b,portuguese,participants,ext_def_exp,temp0.3_nodelim_norole_nocot,lusa_1,1,extraction,num bar,,
qwen3_14b,portuguese,participants,ext_def_exp,temp0.3_nodelim_norole_nocot,lusa_1,1,extraction,Corotelo,,
qwen3_14b,portuguese,participants,ext_def_exp,temp0.3_nodelim_norole_nocot,lusa_1,1,extraction,São Brás de Alportel,,
qwen3_14b,portuguese,participants,ext_def_exp,temp0.3_nodelim_norole_nocot,lusa_1,1,extraction,50 pessoas,,
qwen3_14b,portuguese,participants,ext_def_exp,temp0.3_nodelim_norole_nocot,lusa_1,1,extraction,o concelho de São Brás de Alportel,,
qwen3_14b,portuguese,participants,ext_def_exp,temp0.3_nodelim_norole_nocot,lusa_1,1,extraction,num bar,,
qwen3_14b,portuguese,participants,ext_def_exp,temp0.3_nodelim_norole_nocot,lusa_1,1,extraction,Corotelo,,
qwen3_14b,portuguese,participants,ext_def_exp,temp0.3_nodelim_norole_nocot,lusa_1,1,extraction,São Brás de Alportel,,
qwen3_14b,portuguese,participants,ext_def_exp,temp0.3_nodelim_norole_nocot,lusa_1,1,extraction,50 pessoas,,
qwen3_14b,portuguese,participants,ext_def_exp,temp0.3_nodelim_norole_nocot,lusa_1,1,extraction,o concelho de São Brás de Alportel,,
qwen3_14b,portuguese,participants,ext_def_exp,temp0.3_nodelim_norole_nocot,lusa_1,1,extraction,num bar,,
qwen3_14b,portuguese,participants,ext_def_exp,temp0.3_nodelim_norole_nocot,lusa_1,1,extraction,Corotelo,,
qwen3_14b,portuguese,participants,ext_def_exp,temp0.3_nodelim_norole_nocot,lusa_1,1,extraction,São Brás de Alportel,,
qwen3_14b,portuguese,participants,ext_def_exp,temp0.3_nodelim_norole_nocot,lusa_1,1,extraction,50 pessoas,,
qwen3_14b,portuguese,participants,ext_def_exp,temp0.3_nodelim_norole_nocot,lusa_1,1,extraction,o concelho de São Brás de Alportel,,
qwen3_14b,portuguese,participants,ext_def_exp,temp0.3_nodelim_norole_nocot,lusa_1,1,extraction,num bar,,
qwen3_14b,portuguese,participants,ext_def_exp,temp0.3_nodelim_norole_nocot,lusa_1,1,extraction,Corotelo,,
qwen3_14b,portuguese,participants,ext_def_exp,temp0.3_nodelim_norole_nocot,lusa_1,1,extraction,São Brás de Alportel,,
qwen3_14b,portuguese,participants,ext_def_exp,temp0.3_nodelim_norole_nocot,lusa_1,1,extraction,50 pessoas,,
qwen3_14b,portuguese,participants,ext_def_exp,temp0.3_nodelim_norole_nocot,lusa_1,1,extraction,o concelho de São Brás de Alportel,,
qwen3_14b,portuguese,participants,ext_def_exp,temp0.3_nodelim_norole_nocot,lusa_1,1,extraction,num bar,,
qwen3_14b,portuguese,participants,ext_def_exp,temp0.3_nodelim_norole_nocot,lusa_1,1,extraction,Corotelo,,
qwen3_14b,portuguese,participants,ext_def_exp,temp0.3_nodelim_norole_nocot,lusa_1,1,extraction,São Brás de Alportel,,
qwen3_14b,portuguese,participants,ext_def_exp,temp0.3_nodelim_norole_nocot,lusa_1,1,extraction,50 pessoas,,
qwen3_14b,portuguese,participants,ext_def_exp,temp0.3_nodelim_norole_nocot,lusa_1,1,extraction,o concelho de São Brás de Alportel,,
qwen3_14b,portuguese,participants,ext_def_exp,temp0.3_nodelim_norole_nocot,lusa_1,1,extraction,num bar,,
qwen3_14b,portuguese,participants,ext_def_exp,temp0.3_nodelim_norole_nocot,lusa_1,1,extraction,Corotelo,,
qwen3_14b,portuguese,participants,ext_def_exp,temp0.3_nodelim_norole_nocot,lusa_1,1,extraction,São Brás de Alportel,,
qwen3_14b,portuguese,participants,ext_def_exp,temp0.3_nodelim_norole_nocot,lusa_1,1,extraction,50 pessoas,,
qwen3_14b,portuguese,participants,ext_def_exp,temp0.3_nodelim_norole_nocot,lusa_1,1,extraction,o concelho de São Brás de Alportel,,
qwen3_14b,portuguese,participants,ext_def_exp,temp0.3_nodelim_norole_nocot,lusa_1,1,extraction,num bar,,
qwen3_14b,portuguese,participants,ext_def_exp,temp0.3_nodelim_norole_nocot,lusa_1,1,extraction,Corotelo,,
qwen3_14b,portuguese,participants,ext_def_exp,temp0.3_nodelim_norole_nocot,lusa_1,1,extraction,São Brás de Alportel,,
qwen3_14b,portuguese,participants,ext_def_exp,temp0.3_nodelim_norole_nocot,lusa_1,1,extraction,50 pessoas,,
qwen3_14b,portuguese,participants,ext_def_exp,temp0.3_nodelim_norole_nocot,lusa_1,1,extraction,o concelho de São Brás de Alportel,,
qwen3_14b,portuguese,participants,ext_def_exp,temp0.3_nodelim_norole_nocot,lusa_1,1,extraction,num bar,,
qwen3_14b,portuguese,participants,ext_def_exp,temp0.3_nodelim_norole_nocot,lusa_1,1,extraction,Corotelo,,
qwen3_14b,portuguese,participants,ext_def_exp,temp0.3_nodelim_norole_nocot,lusa_1,1,extraction,São Brás de Alportel,,
qwen3_14b,portuguese,participants,ext_def_exp,temp0.3_nodelim_norole_nocot,lusa_1,1,extraction,50 pessoas,,
qwen3_14b,portuguese,participants,ext_def_exp,temp0.3_nodelim_norole_nocot,lusa_1,1,extraction,o concelho de São Brás de Alportel,,
qwen3_14b,portuguese,participants,ext_def_exp,temp0.3_nodelim_norole_nocot,lusa_1,1,extraction,num bar,,
qwen3_14b,portuguese,participants,ext_def_exp,temp0.3_nodelim_norole_nocot,lusa_1,1,extraction,Corotelo,,
qwen3_14b,portuguese,participants,ext_def_exp,temp0.3_nodelim_norole_nocot,lusa_1,1,extraction,São Brás de Alportel,,
qwen3_14b,portuguese,participants,ext_def_exp,temp0.3_nodelim_norole_nocot,lusa_1,1,extraction,50 pessoas,,
qwen3_14b,portuguese,participants,ext_def_exp,temp0.3_nodelim_norole_nocot,lusa_1,1,extraction,o concelho de São Brás de Alportel,,
qwen3_14b,portuguese,participants,ext_def_exp,temp0.3_nodelim_norole_nocot,lusa_1,1,extraction,num bar,,
qwen3_14b,portuguese,participants,ext_def_exp,temp0.3_nodelim_norole_nocot,lusa_1,1,extraction,Corotelo,,
qwen3_14b,portuguese,participants,ext_def_exp,temp0.3_nodelim_norole_nocot,lusa_1,1,extraction,São Brás de Alportel,,
qwen3_14b,portuguese,participants,ext_def_exp,temp0.3_nodelim_norole_nocot,lusa_1,1,extraction,50 pessoas,,
qwen3_14b,portuguese,participants,ext_def_exp,temp0.3_nodelim_norole_nocot,lusa_1,1,extraction,o concelho de São Brás de Alportel,,
qwen3_14b,portuguese,participants,ext_def_exp,temp0.3_nodelim_norole_nocot,lusa_1,1,extraction,num bar,,
qwen3_14b,portuguese,participants,ext_def_exp,temp0.3_nodelim_norole_nocot,lusa_1,1,extraction,Corotelo,,
qwen3_14b,portuguese,participants,ext_def_exp,temp0.3_nodelim_norole_nocot,lusa_1,1,extraction,São Brás de Alportel,,
qwen3_14b,portuguese,participants,ext_def_exp,temp0.3_nodelim_norole_nocot,lusa_1,1,extraction,50 pessoas,,
qwen3_14b,portuguese,participants,ext_def_exp,temp0.3_nodelim_norole_nocot,lusa_1,1,extraction,o concelho de São Brás de Alportel,,
qwen3_14b,portuguese,participants,ext_def_exp,temp0.3_nodelim_norole_nocot,lusa_1,1,extraction,num bar,,
qwen3_14b,portuguese,participants,ext_def_exp,temp0.3_nodelim_norole_nocot,lusa_1,1,extraction,Corotelo,,
qwen3_14b,portuguese,participants,ext_def_exp,temp0.3_nodelim_norole_nocot,lusa_1,1,extraction,São Brás de Alportel,,
qwen3_14b,portuguese,participants,ext_def_exp,temp0.3_nodelim_norole_nocot,lusa_1,1,extraction,50 pessoas,,
qwen3_14b,portuguese,participants,ext_def_exp,temp0.3_nodelim_norole_nocot,lusa_1,1,extraction,o concelho de São Brás de Alportel,,
qwen3_14b,portuguese,participants,ext_def_exp,temp0.3_nodelim_norole_nocot,lusa_1,1,extraction,num bar,,
qwen3_14b,portuguese,participants,ext_def_exp,temp0.3_nodelim_norole_nocot,lusa_1,1,extraction,Corotelo,,
qwen3_14b,portuguese,participants,ext_def_exp,temp0.3_nodelim_norole_nocot,lusa_1,1,extraction,São Brás de Alportel,,
qwen3_14b,portuguese,participants,ext_def_exp,temp0.3_nodelim_norole_nocot,lusa_1,1,extraction,50 pessoas,,
qwen3_14b,portuguese,participants,ext_def_exp,temp0.3_nodelim_norole_nocot,lusa_1,1,extraction,o concelho de São Brás de Alportel,,
qwen3_14b,portuguese,participants,ext_def_exp,temp0.3_nodelim_norole_nocot,lusa_1,1,extraction,num bar,,
qwen3_14b,portuguese,participants,ext_def_exp,temp0.3_nodelim_norole_nocot,lusa_1,1,extraction,Corotelo,,
qwen3_14b,portuguese,participants,ext_def_exp,temp0.3_nodelim_norole_nocot,lusa_1,1,extraction,São Brás de Alportel,,
qwen3_14b,portuguese,participants,ext_def_exp,temp0.3_nodelim_norole_nocot,lusa_1,1,extraction,50 pessoas,,
qwen3_14b,portuguese,participants,ext_def_exp,temp0.3_nodelim_norole_nocot,lusa_1,1,extraction,o concelho de São Brás de Alportel,,
qwen3_14b,portuguese,participants,ext_def_exp,temp0.3_nodelim_norole_nocot,lusa_1,1,extraction,num bar,,
qwen3_14b,portuguese,participants,ext_def_exp,temp0.3_nodelim_norole_nocot,lusa_1,1,extraction,Corotelo,,
qwen3_14b,portuguese,participants,ext_def_exp,temp0.3_nodelim_norole_nocot,lusa_1,1,extraction,São Brás de Alportel,,
qwen3_14b,portuguese,participants,ext_def_exp,temp0.3_nodelim_norole_nocot,lusa_1,1,extraction,50 pessoas,,
qwen3_14b,portuguese,participants,ext_def_exp,temp0.3_nodelim_norole_nocot,lusa_1,1,extraction,o concelho de São Brás de Alportel,,
qwen3_14b,portuguese,participants,ext_def_exp,temp0.3_nodelim_norole_nocot,lusa_1,1,extraction,num bar,,
qwen3_14b,portuguese,participants,ext_def_exp,temp0.3_nodelim_norole_nocot,lusa_1,1,extraction,Corotelo,,
qwen3_14b,portuguese,participants,ext_def_exp,temp0.3_nodelim_norole_nocot,lusa_1,1,extraction,São Brás de Alportel,,
qwen3_14b,portuguese,participants,ext_def_exp,temp0.3_nodelim_norole_nocot,lusa_1,1,extraction,50 pessoas,,
qwen3_14b,portuguese,participants,ext_def_exp,temp0.3_nodelim_norole_nocot,lusa_1,1,extraction,o concelho de São Brás de Alportel,,
qwen3_14b,portuguese,participants,ext_def_exp,temp0.3_nodelim_norole_nocot,lusa_1,1,extraction,num bar,,
qwen3_14b,portuguese,participants,ext_def_exp,temp0.3_nodelim_norole_nocot,lusa_1,1,extraction,Corotelo,,
qwen3_14b,portuguese,participants,ext_def_exp,temp0.3_nodelim_norole_nocot,lusa_1,1,extraction,São Brás de Alportel,,
qwen3_14b,portuguese,participants,ext_def_exp,temp0.3_nodelim_norole_nocot,lusa_1,1,extraction,50 pessoas,,
qwen3_14b,portuguese,participants,ext_def_exp,temp0.3_nodelim_norole_nocot,lusa_1,1,extraction,o concelho de São Brás de Alportel,,
qwen3_14b,portuguese,participants,ext_def_exp,temp0.3_nodelim_norole_nocot,lusa_1,1,extraction,num bar,,
qwen3_14b,portuguese,participants,ext_def_exp,temp0.3_nodelim_norole_nocot,lusa_1,1,extraction,Corotelo,,
qwen3_14b,portuguese,participants,ext_def_exp,temp0.3_nodelim_norole_nocot,lusa_1,1,extraction,São Brás de Alportel,,
qwen3_14b,portuguese,participants,ext_def_exp,temp0.3_nodelim_norole_nocot,lusa_1,1,extraction,50 pessoas,,
qwen3_14b,portuguese,participants,ext_def_exp,temp0.3_nodelim_norole_nocot,lusa_1,1,extraction,o concelho de São Brás de Alportel,,
qwen3_14b,portuguese,participants,ext_def_exp,temp0.3_nodelim_norole_nocot,lusa_1,1,extraction,num bar,,
qwen3_14b,portuguese,participants,ext_def_exp,temp0.3_nodelim_norole_nocot,lusa_1,1,extraction,Corotelo,,
qwen3_14b,portuguese,participants,ext_def_exp,temp0.3_nodelim_norole_nocot,lusa_1,1,extraction,São Brás de Alportel,,
qwen3_14b,portuguese,participants,ext_def_exp,temp0.3_nodelim_norole_nocot,lusa_1,1,extraction,50 pessoas,,
qwen3_14b,portuguese,participants,ext_def_exp,temp0.3_nodelim_norole_nocot,lusa_1,1,extraction,o concelho de São Brás de Alportel,,
qwen3_14b,portuguese,participants,ext_def_exp,temp0.3_nodelim_norole_nocot,lusa_1,1,extraction,num bar,,
qwen3_14b,portuguese,participants,ext_def_exp,temp0.3_nodelim_norole_nocot,lusa_1,1,extraction,Corotelo,,
qwen3_14b,portuguese,participants,ext_def_exp,temp0.3_nodelim_norole_nocot,lusa_1,1,extraction,São Brás de Alportel,,
qwen3_14b,portuguese,participants,ext_def_exp,temp0.3_nodelim_norole_nocot,lusa_1,1,extraction,50 pessoas,,
qwen3_14b,portuguese,participants,ext_def_exp,temp0.3_nodelim_norole_nocot,lusa_1,1,extraction,o concelho de São Brás de Alportel,,
qwen3_14b,portuguese,participants,ext_def_exp,temp0.3_nodelim_norole_nocot,lusa_1,1,extraction,num bar,,
qwen3_14b,portuguese,participants,ext_def_exp,temp0.3_nodelim_norole_nocot,lusa_1,1,extraction,Corotelo,,
qwen3_14b,portuguese,participants,ext_def_exp,temp0.3_nodelim_norole_nocot,lusa_1,1,extraction,São Brás de Alportel,,
qwen3_14b,portuguese,participants,ext_def_exp,temp0.3_nodelim_norole_nocot,lusa_1,1,extraction,50 pessoas,,
qwen3_14b,portuguese,participants,ext_def_exp,temp0.3_nodelim_norole_nocot,lusa_1,1,extraction,o concelho de São Brás de Alportel,,
qwen3_14b,portuguese,participants,ext_def_exp,temp0.3_nodelim_norole_nocot,lusa_1,1,extraction,num bar,,
qwen3_14b,portuguese,participants,ext_def_exp,temp0.3_nodelim_norole_nocot,lusa_1,1,extraction,Corotelo,,
qwen3_14b,portuguese,participants,ext_def_exp,temp0.3_nodelim_norole_nocot,lusa_1,1,extraction,São Brás de Alportel,,
qwen3_14b,portuguese,participants,ext_def_exp,temp0.3_nodelim_norole_nocot,lusa_1,1,extraction,50 pessoas,,
qwen3_14b,portuguese,participants,ext_def_exp,temp0.3_nodelim_norole_nocot,lusa_1,1,extraction,o concelho de São Brás de Alportel,,
qwen3_14b,portuguese,participants,ext_def_exp,temp0.3_nodelim_norole_nocot,lusa_1,1,extraction,num bar,,
qwen3_14b,portuguese,participants,ext_def_exp,temp0.3_nodelim_norole_nocot,lusa_1,1,extraction,Corotelo,,
qwen3_14b,portuguese,participants,ext_def_exp,temp0.3_nodelim_norole_nocot,lusa_1,1,extraction,São Brás de Alportel,,
qwen3_14b,portuguese,participants,ext_def_exp,temp0.3_nodelim_norole_nocot,lusa_1,1,extraction,50 pessoas,,
qwen3_14b,portuguese,participants,ext_def_exp,temp0.3_nodelim_norole_nocot,lusa_1,1,extraction,o concelho de São Brás de Alportel,,
qwen3_14b,portuguese,participants,ext_def_exp,temp0.3_nodelim_norole_nocot,lusa_1,1,extraction,num bar,,
qwen3_14b,portuguese,participants,ext_def_exp,temp0.3_nodelim_norole_nocot,lusa_1,1,extraction,Corotelo,,
qwen3_14b,portuguese,participants,ext_def_exp,temp0.3_nodelim_norole_nocot,lusa_1,1,extraction,São Brás de Alportel,,
qwen3_14b,portuguese,participants,ext_def_exp,temp0.3_nodelim_norole_nocot,lusa_1,1,extraction,50 pessoas,,
qwen3_14b,portuguese,participants,ext_def_exp,temp0.3_nodelim_norole_nocot,lusa_1,1,extraction,o concelho de São Brás de Alportel,,
qwen3_14b,portuguese,participants,ext_def_exp,temp0.3_nodelim_norole_nocot,lusa_1,1,extraction,num bar,,
qwen3_14b,portuguese,participants,ext_def_exp,temp0.3_nodelim_norole_nocot,lusa_1,1,extraction,Corotelo,,
qwen3_14b,portuguese,participants,ext_def_exp,temp0.3_nodelim_norole_nocot,lusa_1,1,extraction,São Brás de Alportel,,
qwen3_14b,portuguese,participants,ext_def_exp,temp0.3_nodelim_norole_nocot,lusa_1,1,extraction,50 pessoas,,
qwen3_14b,portuguese,participants,ext_def_exp,temp0.3_nodelim_norole_nocot,lusa_1,1,extraction,o concelho de São Brás de Alportel,,
qwen3_14b,portuguese,participants,ext_def_exp,temp0.3_nodelim_norole_nocot,lusa_1,1,extraction,num bar,,
qwen3_14b,portuguese,participants,ext_def_exp,temp0.3_nodelim_norole_nocot,lusa_1,1,extraction,Corotelo,,
qwen3_14b,portuguese,participants,ext_def_exp,temp0.3_nodelim_norole_nocot,lusa_1,1,extraction,São Brás de Alportel,,
qwen3_14b,portuguese,participants,ext_def_exp,temp0.3_nodelim_norole_nocot,lusa_1,1,extraction,50 pessoas,,
qwen3_14b,portuguese,participants,ext_def_exp,temp0.3_nodelim_norole_nocot,lusa_1,1,extraction,o concelho de São Brás de Alportel,,
qwen3_14b,portuguese,participants,ext_def_exp,temp0.3_nodelim_norole_nocot,lusa_1,1,extraction,num bar,,
qwen3_14b,portuguese,participants,ext_def_exp,temp0.3_nodelim_norole_nocot,lusa_1,1,extraction,Corotelo,,
qwen3_14b,portuguese,participants,ext_def_exp,temp0.3_nodelim_norole_nocot,lusa_1,1,extraction,São Brás de Alportel,,
qwen3_14b,portuguese,participants,ext_def_exp,temp0.3_nodelim_norole_nocot,lusa_1,1,extraction,50 pessoas,,
qwen3_14b,portuguese,participants,ext_def_exp,temp0.3_nodelim_norole_nocot,lusa_1,1,extraction,o concelho de São Brás de Alportel,,
qwen3_14b,portuguese,participants,ext_def_exp,temp0.3_nodelim_norole_nocot,lusa_1,1,extraction,num bar,,
qwen3_14b,portuguese,participants,ext_def_exp,temp0.3_nodelim_norole_nocot,lusa_1,1,extraction,Corotelo,,
qwen3_14b,portuguese,participants,ext_def_exp,temp0.3_nodelim_norole_nocot,lusa_1,1,extraction,São Brás de Alportel,,
qwen3_14b,portuguese,participants,ext_def_exp,temp0.3_nodelim_norole_nocot,lusa_1,1,extraction,50 pessoas,,
qwen3_14b,portuguese,participants,ext_def_exp,temp0.3_nodelim_norole_nocot,lusa_1,1,extraction,o concelho de São Brás de Alportel,,
qwen3_14b,portuguese,participants,ext_def_exp,temp0.3_nodelim_norole_nocot,lusa_1,1,extraction,num bar,,
qwen3_14b,portuguese,participants,ext_def_exp,temp0.3_nodelim_norole_nocot,lusa_1,1,extraction,Corotelo,,
qwen3_14b,portuguese,participants,ext_def_exp,temp0.3_nodelim_norole_nocot,lusa_1,1,extraction,São Brás de Alportel,,
qwen3_14b,portuguese,participants,ext_def_exp,temp0.3_nodelim_norole_nocot,lusa_1,1,extraction,50 pessoas,,
qwen3_14b,portuguese,participants,ext_def_exp,temp0.3_nodelim_norole_nocot,lusa_1,1,extraction,o concelho de São Brás de Alportel,,
qwen3_14b,portuguese,participants,ext_def_exp,temp0.3_nodelim_norole_nocot,lusa_1,1,extraction,num bar,,
qwen3_14b,portuguese,participants,ext_def_exp,temp0.3_nodelim_norole_nocot,lusa_1,1,extraction,Corotelo,,
qwen3_14b,portuguese,participants,ext_def_exp,temp0.3_nodelim_norole_nocot,lusa_1,1,extraction,São Brás de Alportel,,
qwen3_14b,portuguese,participants,ext_def_exp,temp0.3_nodelim_norole_nocot,lusa_1,1,extraction,50 pessoas,,
qwen3_14b,portuguese,participants,ext_def_exp,temp0.3_nodelim_norole_nocot,lusa_1,1,extraction,o concelho de São Brás de Alportel,,
qwen3_14b,portuguese,participants,ext_def_exp,temp0.3_nodelim_norole_nocot,lusa_1,1,extraction,num bar,,
qwen3_14b,portuguese,participants,ext_def_exp,temp0.3_nodelim_norole_nocot,lusa_1,1,extraction,Corotelo,,
qwen3_14b,portuguese,participants,ext_def_exp,temp0.3_nodelim_norole_nocot,lusa_1,1,extraction,São Brás de Alportel,,
qwen3_14b,portuguese,participants,ext_def_exp,temp0.3_nodelim_norole_nocot,lusa_1,1,extraction,50 pessoas,,
qwen3_14b,portuguese,participants,ext_def_exp,temp0.3_nodelim_norole_nocot,lusa_1,1,extraction,o concelho de São Brás de Alportel,,
qwen3_14b,portuguese,participants,ext_def_exp,temp0.3_nodelim_norole_nocot,lusa_1,1,extraction,num bar,,
qwen3_14b,portuguese,participants,ext_def_exp,temp0.3_nodelim_norole_nocot,lusa_1,1,extraction,Corotelo,,
qwen3_14b,portuguese,participants,ext_def_exp,temp0.3_nodelim_norole_nocot,lusa_1,1,extraction,São Brás de Alportel,,
qwen3_14b,portuguese,participants,ext_def_exp,temp0.3_nodelim_norole_nocot,lusa_1,1,extraction,50 pessoas,,
qwen3_14b,portuguese,participants,ext_def_exp,temp0.3_nodelim_norole_nocot,lusa_1,1,extraction,o concelho de São Brás de Alportel,,
qwen3_14b,portuguese,participants,ext_def_exp,temp0.3_nodelim_norole_nocot,lusa_1,1,extraction,num bar,,
qwen3_14b,portuguese,participants,ext_def_exp,temp0.3_nodelim_norole_nocot,lusa_1,1,extraction,Corotelo,,
qwen3_14b,portuguese,participants,ext_def_exp,temp0.3_nodelim_norole_nocot,lusa_1,1,extraction,São Brás de Alportel,,
qwen3_14b,portuguese,participants,ext_def_exp,temp0.3_nodelim_norole_nocot,lusa_1,1,extraction,50 pessoas,,
qwen3_14b,portuguese,participants,ext_def_exp,temp0.3_nodelim_norole_nocot,lusa_1,1,extraction,o concelho de São Brás de Alportel,,
qwen3_14b,portuguese,participants,ext_def_exp,temp0.3_nodelim_norole_nocot,lusa_1,1,extraction,num bar,,
qwen3_14b,portuguese,participants,ext_def_exp,temp0.3_nodelim_norole_nocot,lusa_1,1,extraction,Corotelo,,
qwen3_14b,portuguese,participants,ext_def_exp,temp0.3_nodelim_norole_nocot,lusa_1,1,extraction,São Brás de Alportel,,
qwen3_14b,portuguese,participants,ext_def_exp,temp0.3_nodelim_norole_nocot,lusa_1,1,extraction,50 pessoas,,
qwen3_14b,portuguese,participants,ext_def_exp,temp0.3_nodelim_norole_nocot,lusa_1,1,extraction,o concelho de São Brás de Alportel,,
qwen3_14b,portuguese,participants,ext_def_exp,temp0.3_nodelim_norole_nocot,lusa_1,1,extraction,num bar,,
qwen3_14b,portuguese,participants,ext_def_exp,temp0.3_nodelim_norole_nocot,lusa_1,1,extraction,Corotelo,,
qwen3_14b,portuguese,participants,ext_def_exp,temp0.3_nodelim_norole_nocot,lusa_1,1,extraction,São Brás de Alportel,,
qwen3_14b,portuguese,participants,ext_def_exp,temp0.3_nodelim_norole_nocot,lusa_1,1,extraction,50 pessoas,,
qwen3_14b,portuguese,participants,ext_def_exp,temp0.3_nodelim_norole_nocot,lusa_1,1,extraction,o concelho de São Brás de Alportel,,
qwen3_14b,portuguese,participants,ext_def_exp,temp0.3_nodelim_norole_nocot,lusa_1,1,extraction,num bar,,
qwen3_14b,portuguese,participants,ext_def_exp,temp0.3_nodelim_norole_nocot,lusa_1,1,extraction,Corotelo,,
qwen3_14b,portuguese,participants,ext_def_exp,temp0.3_nodelim_norole_nocot,lusa_1,1,extraction,São Brás de Alportel,,
qwen3_14b,portuguese,participants,ext_def_exp,temp0.3_nodelim_norole_nocot,lusa_1,1,extraction,50 pessoas,,
qwen3_14b,portuguese,participants,ext_def_exp,temp0.3_nodelim_norole_nocot,lusa_1,1,extraction,o concelho de São Brás de Alportel,,
qwen3_14b,portuguese,participants,ext_def_exp,temp0.3_nodelim_norole_nocot,lusa_1,1,extraction,num bar,,
qwen3_14b,portuguese,participants,ext_def_exp,temp0.3_nodelim_norole_nocot,lusa_1,1,extraction,Corotelo,,
qwen3_14b,portuguese,participants,ext_def_exp,temp0.3_nodelim_norole_nocot,lusa_1,1,extraction,São Brás de Alportel,,
qwen3_14b,portuguese,participants,ext_def_exp,temp0.3_nodelim_norole_nocot,lusa_1,1,extraction,50 pessoas,,
qwen3_14b,portuguese,participants,ext_def_exp,temp0.3_nodelim_norole_nocot,lusa_1,1,extraction,o concelho de São Brás de Alportel,,
qwen3_14b,portuguese,participants,ext_def_exp,temp0.3_nodelim_norole_nocot,lusa_1,1,extraction,num bar,,
qwen3_14b,portuguese,participants,ext_def_exp,temp0.3_nodelim_norole_nocot,lusa_1,1,extraction,Corotelo,,
qwen3_14b,portuguese,participants,ext_def_exp,temp0.3_nodelim_norole_nocot,lusa_1,1,extraction,São Brás de Alportel,,
qwen3_14b,portuguese,participants,ext_def_exp,temp0.3_nodelim_norole_nocot,lusa_1,1,extraction,50 pessoas,,
qwen3_14b,portuguese,participants,ext_def_exp,temp0.3_nodelim_norole_nocot,lusa_1,1,extraction,o concelho de São Brás de Alportel,,
qwen3_14b,portuguese,participants,ext_def_exp,temp0.3_nodelim_norole_nocot,lusa_1,1,extraction,num bar,,
qwen3_14b,portuguese,participants,ext_def_exp,temp0.3_nodelim_norole_nocot,lusa_1,1,extraction,Corotelo,,
qwen3_14b,portuguese,participants,ext_def_exp,temp0.3_nodelim_norole_nocot,lusa_1,1,extraction,São Brás de Alportel,,
qwen3_14b,portuguese,participants,ext_def_exp,temp0.3_nodelim_norole_nocot,lusa_1,1,extraction,50 pessoas,,
qwen3_14b,portuguese,participants,ext_def_exp,temp0.3_nodelim_norole_nocot,lusa_1,1,extraction,o concelho de São Brás de Alportel,,
qwen3_14b,portuguese,participants,ext_def_exp,temp0.3_nodelim_norole_nocot,lusa_1,1,extraction,num bar,,
qwen3_14b,portuguese,participants,ext_def_exp,temp0.3_nodelim_norole_nocot,lusa_1,1,extraction,Corotelo,,
qwen3_14b,portuguese,participants,ext_def_exp,temp0.3_nodelim_norole_nocot,lusa_1,1,extraction,São Brás de Alportel,,
qwen3_14b,portuguese,participants,ext_def_exp,temp0.3_nodelim_norole_nocot,lusa_1,1,extraction,50 pessoas,,
qwen3_14b,portuguese,participants,ext_def_exp,temp0.3_nodelim_norole_nocot,lusa_1,1,extraction,o concelho de São Brás de Alportel,,
qwen3_14b,portuguese,participants,ext_def_exp,temp0.3_nodelim_norole_nocot,lusa_1,1,extraction,num bar,,
qwen3_14b,portuguese,participants,ext_def_exp,temp0.3_nodelim_norole_nocot,lusa_1,1,extraction,Corotelo,,
qwen3_14b,portuguese,participants,ext_def_exp,temp0.3_nodelim_norole_nocot,lusa_1,1,extraction,São Brás de Alportel,,
qwen3_14b,portuguese,participants,ext_def_exp,temp0.3_nodelim_norole_nocot,lusa_1,1,extraction,50 pessoas,,
qwen3_14b,portuguese,participants,ext_def_exp,temp0.3_nodelim_norole_nocot,lusa_1,1,extraction,o concelho de São Brás de Alportel,,
qwen3_14b,portuguese,participants,ext_def_exp,temp0.3_nodelim_norole_nocot,lusa_1,1,extraction,num bar,,
qwen3_14b,portuguese,participants,ext_def_exp,temp0.3_nodelim_norole_nocot,lusa_1,1,extraction,Corotelo,,
qwen3_14b,portuguese,participants,ext_def_exp,temp0.3_nodelim_norole_nocot,lusa_1,1,extraction,São Brás de Alportel,,
qwen3_14b,portuguese,participants,ext_def_exp,temp0.3_nodelim_norole_nocot,lusa_1,1,extraction,50 pessoas,,
qwen3_14b,portuguese,participants,ext_def_exp,temp0.3_nodelim_norole_nocot,lusa_1,1,extraction,o concelho de São Brás de Alportel,,
qwen3_14b,portuguese,participants,ext_def_exp,temp0.3_nodelim_norole_nocot,lusa_1,1,extraction,num bar,,
qwen3_14b,portuguese,participants,ext_def_exp,temp0.3_nodelim_norole_nocot,lusa_1,1,extraction,Corotelo,,
qwen3_14b,portuguese,participants,ext_def_exp,temp0.3_nodelim_norole_nocot,lusa_1,1,extraction,São Brás de Alportel,,
qwen3_14b,portuguese,participants,ext_def_exp,temp0.3_nodelim_norole_nocot,lusa_1,1,extraction,50 pessoas,,
qwen3_14b,portuguese,participants,ext_def_exp,temp0.3_nodelim_norole_nocot,lusa_1,1,extraction,o concelho de São Brás de Alportel,,
qwen3_14b,portuguese,participants,ext_def_exp,temp0.3_nodelim_norole_nocot,lusa_1,1,extraction,num bar,,
qwen3_14b,portuguese,participants,ext_def_exp,temp0.3_nodelim_norole_nocot,lusa_1,1,extraction,Corotelo,,
qwen3_14b,portuguese,participants,ext_def_exp,temp0.3_nodelim_norole_nocot,lusa_1,1,extraction,São Brás de Alportel,,
qwen3_14b,portuguese,participants,ext_def_exp,temp0.3_nodelim_norole_nocot,lusa_1,1,extraction,50 pessoas,,
qwen3_14b,portuguese,participants,ext_def_exp,temp0.3_nodelim_norole_nocot,lusa_1,1,extraction,o concelho de São Brás de Alportel,,
qwen3_14b,portuguese,participants,ext_def_exp,temp0.3_nodelim_norole_nocot,lusa_1,1,extraction,num bar,,
qwen3_14b,portuguese,participants,ext_def_exp,temp0.3_nodelim_norole_nocot,lusa_1,1,extraction,Corotelo,,
qwen3_14b,portuguese,participants,ext_def_exp,temp0.3_nodelim_norole_nocot,lusa_1,1,extraction,São Brás de Alportel,,
qwen3_14b,portuguese,participants,ext_def_exp,temp0.3_nodelim_norole_nocot,lusa_1,1,extraction,50 pessoas,,
qwen3_14b,portuguese,participants,ext_def_exp,temp0.3_nodelim_norole_nocot,lusa_1,1,extraction,o concelho de São Brás de Alportel,,
qwen3_14b,portuguese,participants,ext_def_exp,temp0.3_nodelim_norole_nocot,lusa_1,1,extraction,num bar,,
qwen3_14b,portuguese,participants,ext_def_exp,temp0.3_nodelim_norole_nocot,lusa_1,1,extraction,Corotelo,,
qwen3_14b,portuguese,participants,ext_def_exp,temp0.3_nodelim_norole_nocot,lusa_1,1,extraction,São Brás de Alportel,,
qwen3_14b,portuguese,participants,ext_def_exp,temp0.3_nodelim_norole_nocot,lusa_1,1,extraction,50 pessoas,,
qwen3_14b,portuguese,participants,ext_def_exp,temp0.3_nodelim_norole_nocot,lusa_1,1,extraction,o concelho de São Brás de Alportel,,
qwen3_14b,portuguese,participants,ext_def_exp,temp0.3_nodelim_norole_nocot,lusa_1,1,extraction,num bar,,
qwen3_14b,portuguese,participants,ext_def_exp,temp0.3_nodelim_norole_nocot,lusa_1,1,extraction,Corotelo,,
qwen3_14b,portuguese,participants,ext_def_exp,temp0.3_nodelim_norole_nocot,lusa_1,1,extraction,São Brás de Alportel,,
qwen3_14b,portuguese,participants,ext_def_exp,temp0.3_nodelim_norole_nocot,lusa_1,1,extraction,50 pessoas,,
qwen3_14b,portuguese,participants,ext_def_exp,temp0.3_nodelim_norole_nocot,lusa_1,1,extraction,o concelho de São Brás de Alportel,,
qwen3_14b,portuguese,participants,ext_def_exp,temp0.3_nodelim_norole_nocot,lusa_1,1,extraction,num bar,,
qwen3_14b,portuguese,participants,ext_def_exp,temp0.3_nodelim_norole_nocot,lusa_1,1,extraction,Corotelo,,
qwen3_14b,portuguese,participants,ext_def_exp,temp0.3_nodelim_norole_nocot,lusa_1,1,extraction,São Brás de Alportel,,
qwen3_14b,portuguese,participants,ext_def_exp,temp0.3_nodelim_norole_nocot,lusa_1,1,extraction,50 pessoas,,
qwen3_14b,portuguese,participants,ext_def_exp,temp0.3_nodelim_norole_nocot,lusa_1,1,extraction,o concelho de São Brás de Alportel,,
qwen3_14b,portuguese,participants,ext_def_exp,temp0.3_nodelim_norole_nocot,lusa_1,1,extraction,num bar,,
qwen3_14b,portuguese,participants,ext_def_exp,temp0.3_nodelim_norole_nocot,lusa_1,1,extraction,Corotelo,,
qwen3_14b,portuguese,participants,ext_def_exp,temp0.3_nodelim_norole_nocot,lusa_1,1,extraction,São Brás de Alportel,,
qwen3_14b,portuguese,participants,ext_def_exp,temp0.3_nodelim_norole_nocot,lusa_1,1,extraction,50 pessoas,,
qwen3_14b,portuguese,participants,ext_def_exp,temp0.3_nodelim_norole_nocot,lusa_1,1,extraction,o concelho de São Brás de Alportel,,
qwen3_14b,portuguese,participants,ext_def_exp,temp0.3_nodelim_norole_nocot,lusa_1,1,extraction,num bar,,
qwen3_14b,portuguese,participants,ext_def_exp,temp0.3_nodelim_norole_nocot,lusa_1,1,extraction,Corotelo,,
qwen3_14b,portuguese,participants,ext_def_exp,temp0.3_nodelim_norole_nocot,lusa_1,1,extraction,São Brás de Alportel,,
qwen3_14b,portuguese,participants,ext_def_exp,temp0.3_nodelim_norole_nocot,lusa_1,1,extraction,50 pessoas,,
qwen3_14b,portuguese,participants,ext_def_exp,temp0.3_nodelim_norole_nocot,lusa_1,1,extraction,o concelho de São Brás de Alportel,,
qwen3_14b,portuguese,participants,ext_def_exp,temp0.3_nodelim_norole_nocot,lusa_1,1,extraction,num bar,,
qwen3_14b,portuguese,participants,ext_def_exp,temp0.3_nodelim_norole_nocot,lusa_1,1,extraction,Corotelo,,
qwen3_14b,portuguese,participants,ext_def_exp,temp0.3_nodelim_norole_nocot,lusa_1,1,extraction,São Brás de Alportel,,
qwen3_14b,portuguese,participants,ext_def_exp,temp0.3_nodelim_norole_nocot,lusa_1,1,extraction,50 pessoas,,
qwen3_14b,portuguese,participants,ext_def_exp,temp0.3_nodelim_norole_nocot,lusa_1,1,extraction,o concelho de São Brás de Alportel,,
qwen3_14b,portuguese,participants,ext_def_exp,temp0.3_nodelim_norole_nocot,lusa_1,1,extraction,num bar,,
qwen3_14b,portuguese,participants,ext_def_exp,temp0.3_nodelim_norole_nocot,lusa_1,1,extraction,Corotelo,,
qwen3_14b,portuguese,participants,ext_def_exp,temp0.3_nodelim_norole_nocot,lusa_1,1,extraction,São Brás de Alportel,,
qwen3_14b,portuguese,participants,ext_def_exp,temp0.3_nodelim_norole_nocot,lusa_1,1,extraction,50 pessoas,,
qwen3_14b,portuguese,participants,ext_def_exp,temp0.3_nodelim_norole_nocot,lusa_1,1,extraction,o concelho de São Brás de Alportel,,
qwen3_14b,portuguese,participants,ext_def_exp,temp0.3_nodelim_norole_nocot,lusa_1,1,extraction,num bar,,
qwen3_14b,portuguese,participants,ext_def_exp,temp0.3_nodelim_norole_nocot,lusa_1,1,extraction,Corotelo,,
qwen3_14b,portuguese,participants,ext_def_exp,temp0.3_nodelim_norole_nocot,lusa_1,1,extraction,São Brás de Alportel,,
qwen3_14b,portuguese,participants,ext_def_exp,temp0.3_nodelim_norole_nocot,lusa_1,1,extraction,50 pessoas,,
qwen3_14b,portuguese,participants,ext_def_exp,temp0.3_nodelim_norole_nocot,lusa_1,1,extraction,o concelho de São Brás de Alportel,,
qwen3_14b,portuguese,participants,ext_def_exp,temp0.3_nodelim_norole_nocot,lusa_1,1,extraction,num bar,,
qwen3_14b,portuguese,participants,ext_def_exp,temp0.3_nodelim_norole_nocot,lusa_1,1,extraction,Corotelo,,
qwen3_14b,portuguese,participants,ext_def_exp,temp0.3_nodelim_norole_nocot,lusa_1,1,extraction,São Brás de Alportel,,
qwen3_14b,portuguese,participants,ext_def_exp,temp0.3_nodelim_norole_nocot,lusa_1,1,extraction,50 pessoas,,
qwen3_14b,portuguese,participants,ext_def_exp,temp0.3_nodelim_norole_nocot,lusa_1,1,extraction,o concelho de São Brás de Alportel,,
qwen3_14b,portuguese,participants,ext_def_exp,temp0.3_nodelim_norole_nocot,lusa_1,1,extraction,num bar,,
qwen3_14b,portuguese,participants,ext_def_exp,temp0.3_nodelim_norole_nocot,lusa_1,1,extraction,Corotelo,,
qwen3_14b,portuguese,participants,ext_def_exp,temp0.3_nodelim_norole_nocot,lusa_1,1,extraction,São Brás de Alportel,,
qwen3_14b,portuguese,participants,ext_def_exp,temp0.3_nodelim_norole_nocot,lusa_1,1,extraction,50 pessoas,,
qwen3_14b,portuguese,participants,ext_def_exp,temp0.3_nodelim_norole_nocot,lusa_1,1,extraction,o concelho de São Brás de Alportel,,
qwen3_14b,portuguese,participants,ext_def_exp,temp0.3_nodelim_norole_nocot,lusa_1,1,extraction,num bar,,
qwen3_14b,portuguese,participants,ext_def_exp,temp0.3_nodelim_norole_nocot,lusa_1,1,extraction,Corotelo,,
qwen3_14b,portuguese,participants,ext_def_exp,temp0.3_nodelim_norole_nocot,lusa_1,1,extraction,São Brás de Alportel,,
qwen3_14b,portuguese,participants,ext_def_exp,temp0.3_nodelim_norole_nocot,lusa_1,1,extraction,50 pessoas,,
qwen3_14b,portuguese,participants,ext_def_exp,temp0.3_nodelim_norole_nocot,lusa_1,1,extraction,o concelho de São Brás de Alportel,,
qwen3_14b,portuguese,participants,ext_def_exp,temp0.3_nodelim_norole_nocot,lusa_1,1,extraction,num bar,,
qwen3_14b,portuguese,participants,ext_def_exp,temp0.3_nodelim_norole_nocot,lusa_1,1,extraction,Corotelo,,
qwen3_14b,portuguese,participants,ext_def_exp,temp0.3_nodelim_norole_nocot,lusa_1,1,extraction,São Brás de Alportel,,
qwen3_14b,portuguese,participants,ext_def_exp,temp0.3_nodelim_norole_nocot,lusa_1,1,extraction,50 pessoas,,
qwen3_14b,portuguese,participants,ext_def_exp,temp0.3_nodelim_norole_nocot,lusa_1,1,extraction,o concelho de São Brás de Alportel,,
qwen3_14b,portuguese,participants,ext_def_exp,temp0.3_nodelim_norole_nocot,lusa_1,1,extraction,num bar,,
qwen3_14b,portuguese,participants,ext_def_exp,temp0.3_nodelim_norole_nocot,lusa_1,1,extraction,Corotelo,,
qwen3_14b,portuguese,participants,ext_def_exp,temp0.3_nodelim_norole_nocot,lusa_1,1,extraction,São Brás de Alportel,,
qwen3_14b,portuguese,participants,ext_def_exp,temp0.3_nodelim_norole_nocot,lusa_1,1,extraction,50 pessoas,,
qwen3_14b,portuguese,participants,ext_def_exp,temp0.3_nodelim_norole_nocot,lusa_1,1,extraction,o concelho de São Brás de Alportel,,
qwen3_14b,portuguese,participants,ext_def_exp,temp0.3_nodelim_norole_nocot,lusa_1,1,extraction,num bar,,
qwen3_14b,portuguese,participants,ext_def_exp,temp0.3_nodelim_norole_nocot,lusa_1,1,extraction,Corotelo,,
qwen3_14b,portuguese,participants,ext_def_exp,temp0.3_nodelim_norole_nocot,lusa_1,1,extraction,São Brás de Alportel,,
qwen3_14b,portuguese,participants,ext_def_exp,temp0.3_nodelim_norole_nocot,lusa_1,1,extraction,50 pessoas,,
qwen3_14b,portuguese,participants,ext_def_exp,temp0.3_nodelim_norole_nocot,lusa_1,1,extraction,o concelho de São Brás de Alportel,,
qwen3_14b,portuguese,participants,ext_def_exp,temp0.3_nodelim_norole_nocot,lusa_1,1,extraction,num bar,,
qwen3_14b,portuguese,participants,ext_def_exp,temp0.3_nodelim_norole_nocot,lusa_1,1,extraction,Corotelo,,
qwen3_14b,portuguese,participants,ext_def_exp,temp0.3_nodelim_norole_nocot,lusa_1,1,extraction,São Brás de Alportel,,
qwen3_14b,portuguese,participants,ext_def_exp,temp0.3_nodelim_norole_nocot,lusa_1,1,extraction,50 pessoas,,
qwen3_14b,portuguese,participants,ext_def_exp,temp0.3_nodelim_norole_nocot,lusa_1,1,extraction,o concelho de São Brás de Alportel,,
qwen3_14b,portuguese,participants,ext_def_exp,temp0.3_nodelim_norole_nocot,lusa_1,1,extraction,num bar,,
qwen3_14b,portuguese,participants,ext_def_exp,temp0.3_nodelim_norole_nocot,lusa_1,1,extraction,Corotelo,,
qwen3_14b,portuguese,participants,ext_def_exp,temp0.3_nodelim_norole_nocot,lusa_1,1,extraction,São Brás de Alportel,,
qwen3_14b,portuguese,participants,ext_def_exp,temp0.3_nodelim_norole_nocot,lusa_1,1,extraction,50 pessoas,,
qwen3_14b,portuguese,participants,ext_def_exp,temp0.3_nodelim_norole_nocot,lusa_1,1,extraction,o concelho de São Brás de Alportel,,
qwen3_14b,portuguese,participants,ext_def_exp,temp0.3_nodelim_norole_nocot,lusa_1,1,extraction,num bar,,
qwen3_14b,portuguese,participants,ext_def_exp,temp0.3_nodelim_norole_nocot,lusa_1,1,extraction,Corotelo,,
qwen3_14b,portuguese,participants,ext_def_exp,temp0.3_nodelim_norole_nocot,lusa_1,1,extraction,São Brás de Alportel,,
qwen3_14b,portuguese,participants,ext_def_exp,temp0.3_nodelim_norole_nocot,lusa_1,1,extraction,50 pessoas,,
qwen3_14b,portuguese,participants,ext_def_exp,temp0.3_nodelim_norole_nocot,lusa_1,1,extraction,o concelho de São Brás de Alportel,,
qwen3_14b,portuguese,participants,ext_def_exp,temp0.3_nodelim_norole_nocot,lusa_1,1,extraction,num bar,,
qwen3_14b,portuguese,participants,ext_def_exp,temp0.3_nodelim_norole_nocot,lusa_1,1,extraction,Corotelo,,
qwen3_14b,portuguese,participants,ext_def_exp,temp0.3_nodelim_norole_nocot,lusa_1,1,extraction,São Brás de Alportel,,
qwen3_14b,portuguese,participants,ext_def_exp,temp0.3_nodelim_norole_nocot,lusa_1,1,extraction,50 pessoas,,
qwen3_14b,portuguese,participants,ext_def_exp,temp0.3_nodelim_norole_nocot,lusa_1,1,extraction,o concelho de São Brás de Alportel,,
qwen3_14b,portuguese,participants,ext_def_exp,temp0.3_nodelim_norole_nocot,lusa_1,1,extraction,num bar,,
qwen3_14b,portuguese,participants,ext_def_exp,temp0.3_nodelim_norole_nocot,lusa_1,1,extraction,Corotelo,,
qwen3_14b,portuguese,participants,ext_def_exp,temp0.3_nodelim_norole_nocot,lusa_1,1,extraction,São Brás de Alportel,,
qwen3_14b,portuguese,participants,ext_def_exp,temp0.3_nodelim_norole_nocot,lusa_1,1,extraction,50 pessoas,,
qwen3_14b,portuguese,participants,ext_def_exp,temp0.3_nodelim_norole_nocot,lusa_1,1,extraction,o concelho de São Brás de Alportel,,
qwen3_14b,portuguese,participants,ext_def_exp,temp0.3_nodelim_norole_nocot,lusa_1,1,extraction,num bar,,
qwen3_14b,portuguese,participants,ext_def_exp,temp0.3_nodelim_norole_nocot,lusa_1,1,extraction,Corotelo,,
qwen3_14b,portuguese,participants,ext_def_exp,temp0.3_nodelim_norole_nocot,lusa_1,1,extraction,São Brás de Alportel,,
qwen3_14b,portuguese,participants,ext_def_exp,temp0.3_nodelim_norole_nocot,lusa_1,1,extraction,50 pessoas,,
qwen3_14b,portuguese,participants,ext_def_exp,temp0.3_nodelim_norole_nocot,lusa_1,1,extraction,o concelho de São Brás de Alportel,,
qwen3_14b,portuguese,participants,ext_def_exp,temp0.3_nodelim_norole_nocot,lusa_1,1,extraction,num bar,,
qwen3_14b,portuguese,participants,ext_def_exp,temp0.3_nodelim_norole_nocot,lusa_1,1,extraction,Corotelo,,
qwen3_14b,portuguese,participants,ext_def_exp,temp0.3_nodelim_norole_nocot,lusa_1,1,extraction,São Brás de Alportel,,
qwen3_14b,portuguese,participants,ext_def_exp,temp0.3_nodelim_norole_nocot,lusa_1,1,extraction,50 pessoas,,
qwen3_14b,portuguese,participants,ext_def_exp,temp0.3_nodelim_norole_nocot,lusa_1,1,extraction,o concelho de São Brás de Alportel,,
qwen3_14b,portuguese,participants,ext_def_exp,temp0.3_nodelim_norole_nocot,lusa_1,1,extraction,num bar,,
qwen3_14b,portuguese,participants,ext_def_exp,temp0.3_nodelim_norole_nocot,lusa_1,1,extraction,Corotelo,,
qwen3_14b,portuguese,participants,ext_def_exp,temp0.3_nodelim_norole_nocot,lusa_1,1,extraction,São Brás de Alportel,,
qwen3_14b,portuguese,participants,ext_def_exp,temp0.3_nodelim_norole_nocot,lusa_1,1,extraction,50 pessoas,,
qwen3_14b,portuguese,participants,ext_def_exp,temp0.3_nodelim_norole_nocot,lusa_1,1,extraction,o concelho de São Brás de Alportel,,
qwen3_14b,portuguese,participants,ext_def_exp,temp0.3_nodelim_norole_nocot,lusa_1,1,extraction,num bar,,
qwen3_14b,portuguese,participants,ext_def_exp,temp0.3_nodelim_norole_nocot,lusa_1,1,extraction,Corotelo,,
qwen3_14b,portuguese,participants,ext_def_exp,temp0.3_nodelim_norole_nocot,lusa_1,1,extraction,São Brás de Alportel,,
qwen3_14b,portuguese,participants,ext_def_exp,temp0.3_nodelim_norole_nocot,lusa_1,1,extraction,50 pessoas,,
qwen3_14b,portuguese,participants,ext_def_exp,temp0.3_nodelim_norole_nocot,lusa_1,1,extraction,o concelho de São Brás de Alportel,,
qwen3_14b,portuguese,participants,ext_def_exp,temp0.3_nodelim_norole_nocot,lusa_1,1,extraction,num bar,,
qwen3_14b,portuguese,participants,ext_def_exp,temp0.3_nodelim_norole_nocot,lusa_1,1,extraction,Corotelo,,
qwen3_14b,portuguese,participants,ext_def_exp,temp0.3_nodelim_norole_nocot,lusa_1,1,extraction,São Brás de Alportel,,
qwen3_14b,portuguese,participants,ext_def_exp,temp0.3_nodelim_norole_nocot,lusa_1,1,extraction,50 pessoas,,
qwen3_14b,portuguese,participants,ext_def_exp,temp0.3_nodelim_norole_nocot,lusa_1,1,extraction,o concelho de São Brás de Alportel,,
qwen3_14b,portuguese,participants,ext_def_exp,temp0.3_nodelim_norole_nocot,lusa_1,1,extraction,num bar,,
qwen3_14b,portuguese,participants,ext_def_exp,temp0.3_nodelim_norole_nocot,lusa_1,1,extraction,Corotelo,,
qwen3_14b,portuguese,participants,ext_def_exp,temp0.3_nodelim_norole_nocot,lusa_1,1,extraction,São Brás de Alportel,,
qwen3_14b,portuguese,participants,ext_def_exp,temp0.3_nodelim_norole_nocot,lusa_1,1,extraction,50 pessoas,,
qwen3_14b,portuguese,participants,ext_def_exp,temp0.3_nodelim_norole_nocot,lusa_1,1,extraction,o concelho de São Brás de Alportel,,
qwen3_14b,portuguese,participants,ext_def_exp,temp0.3_nodelim_norole_nocot,lusa_1,1,extraction,num bar,,
qwen3_14b,portuguese,participants,ext_def_exp,temp0.3_nodelim_norole_nocot,lusa_1,1,extraction,Corotelo,,
qwen3_14b,portuguese,participants,ext_def_exp,temp0.3_nodelim_norole_nocot,lusa_1,1,extraction,São Brás de Alportel,,
qwen3_14b,portuguese,participants,ext_def_exp,temp0.3_nodelim_norole_nocot,lusa_1,1,extraction,50 pessoas,,
qwen3_14b,portuguese,participants,ext_def_exp,temp0.3_nodelim_norole_nocot,lusa_1,1,extraction,o concelho de São Brás de Alportel,,
qwen3_14b,portuguese,participants,ext_def_exp,temp0.3_nodelim_norole_nocot,lusa_1,1,extraction,num bar,,
qwen3_14b,portuguese,participants,ext_def_exp,temp0.3_nodelim_norole_nocot,lusa_1,1,extraction,Corotelo,,
qwen3_14b,portuguese,participants,ext_def_exp,temp0.3_nodelim_norole_nocot,lusa_1,1,extraction,São Brás de Alportel,,
qwen3_14b,portuguese,participants,ext_def_exp,temp0.3_nodelim_norole_nocot,lusa_1,1,extraction,50 pessoas,,
qwen3_14b,portuguese,participants,ext_def_exp,temp0.3_nodelim_norole_nocot,lusa_1,1,extraction,o concelho de São Brás de Alportel,,
qwen3_14b,portuguese,participants,ext_def_exp,temp0.3_nodelim_norole_nocot,lusa_1,1,extraction,num bar,,
qwen3_14b,portuguese,participants,ext_def_exp,temp0.3_nodelim_norole_nocot,lusa_1,1,extraction,Corotelo,,
qwen3_14b,portuguese,participants,ext_def_exp,temp0.3_nodelim_norole_nocot,lusa_1,1,extraction,São Brás de Alportel,,
qwen3_14b,portuguese,participants,ext_def_exp,temp0.3_nodelim_norole_nocot,lusa_1,1,extraction,50 pessoas,,
qwen3_14b,portuguese,participants,ext_def_exp,temp0.3_nodelim_norole_nocot,lusa_1,1,extraction,o concelho de São Brás de Alportel,,
qwen3_14b,portuguese,participants,ext_def_exp,temp0.3_nodelim_norole_nocot,lusa_1,1,extraction,num bar,,
qwen3_14b,portuguese,participants,ext_def_exp,temp0.3_nodelim_norole_nocot,lusa_1,1,extraction,Corotelo,,
qwen3_14b,portuguese,participants,ext_def_exp,temp0.3_nodelim_norole_nocot,lusa_1,1,extraction,São Brás de Alportel,,
qwen3_14b,portuguese,participants,ext_def_exp,temp0.3_nodelim_norole_nocot,lusa_1,1,extraction,50 pessoas,,
qwen3_14b,portuguese,participants,ext_def_exp,temp0.3_nodelim_norole_nocot,lusa_1,1,extraction,o concelho de São Brás de Alportel,,
qwen3_14b,portuguese,participants,ext_def_exp,temp0.3_nodelim_norole_nocot,lusa_1,1,extraction,num bar,,
qwen3_14b,portuguese,participants,ext_def_exp,temp0.3_nodelim_norole_nocot,lusa_1,1,extraction,Corotelo,,
qwen3_14b,portuguese,participants,ext_def_exp,temp0.3_nodelim_norole_nocot,lusa_1,1,extraction,São Brás de Alportel,,
qwen3_14b,portuguese,participants,ext_def_exp,temp0.3_nodelim_norole_nocot,lusa_1,1,extraction,50 pessoas,,
qwen3_14b,portuguese,participants,ext_def_exp,temp0.3_nodelim_norole_nocot,lusa_1,1,extraction,o concelho de São Brás de Alportel,,
qwen3_14b,portuguese,participants,ext_def_exp,temp0.3_nodelim_norole_nocot,lusa_1,1,extraction,num bar,,
qwen3_14b,portuguese,participants,ext_def_exp,temp0.3_nodelim_norole_nocot,lusa_1,1,extraction,Corotelo,,
qwen3_14b,portuguese,participants,ext_def_exp,temp0.3_nodelim_norole_nocot,lusa_1,1,extraction,São Brás de Alportel,,
qwen3_14b,portuguese,participants,ext_def_exp,temp0.3_nodelim_norole_nocot,lusa_1,1,extraction,50 pessoas,,
qwen3_14b,portuguese,participants,ext_def_exp,temp0.3_nodelim_norole_nocot,lusa_1,1,extraction,o concelho de São Brás de Alportel,,
qwen3_14b,portuguese,participants,ext_def_exp,temp0.3_nodelim_norole_nocot,lusa_1,1,extraction,num bar,,
qwen3_14b,portuguese,participants,ext_def_exp,temp0.3_nodelim_norole_nocot,lusa_1,1,extraction,Corotelo,,
qwen3_14b,portuguese,participants,ext_def_exp,temp0.3_nodelim_norole_nocot,lusa_1,1,extraction,São Brás de Alportel,,
qwen3_14b,portuguese,participants,ext_def_exp,temp0.3_nodelim_norole_nocot,lusa_1,1,extraction,50 pessoas,,
qwen3_14b,portuguese,participants,ext_def_exp,temp0.3_nodelim_norole_nocot,lusa_1,1,extraction,o concelho de São Brás de Alportel,,
qwen3_14b,portuguese,participants,ext_def_exp,temp0.3_nodelim_norole_nocot,lusa_1,1,extraction,num bar,,
qwen3_14b,portuguese,participants,ext_def_exp,temp0.3_nodelim_norole_nocot,lusa_1,1,extraction,Corotelo,,
qwen3_14b,portuguese,participants,ext_def_exp,temp0.3_nodelim_norole_nocot,lusa_1,1,extraction,São Brás de Alportel,,
qwen3_14b,portuguese,participants,ext_def_exp,temp0.3_nodelim_norole_nocot,lusa_1,1,extraction,50 pessoas,,
qwen3_14b,portuguese,participants,ext_def_exp,temp0.3_nodelim_norole_nocot,lusa_1,1,extraction,o concelho de São Brás de Alportel,,
qwen3_14b,portuguese,participants,ext_def_exp,temp0.3_nodelim_norole_nocot,lusa_1,1,extraction,num bar,,
qwen3_14b,portuguese,participants,ext_def_exp,temp0.3_nodelim_norole_nocot,lusa_1,1,extraction,Corotelo,,
qwen3_14b,portuguese,participants,ext_def_exp,temp0.3_nodelim_norole_nocot,lusa_1,1,extraction,São Brás de Alportel,,
qwen3_14b,portuguese,participants,ext_def_exp,temp0.3_nodelim_norole_nocot,lusa_1,1,extraction,50 pessoas,,
qwen3_14b,portuguese,participants,ext_def_exp,temp0.3_nodelim_norole_nocot,lusa_1,1,extraction,o concelho de São Brás de Alportel,,
qwen3_14b,portuguese,participants,ext_def_exp,temp0.3_nodelim_norole_nocot,lusa_1,1,extraction,num bar,,
qwen3_14b,portuguese,participants,ext_def_exp,temp0.3_nodelim_norole_nocot,lusa_1,1,extraction,Corotelo,,
qwen3_14b,portuguese,participants,ext_def_exp,temp0.3_nodelim_norole_nocot,lusa_1,1,extraction,São Brás de Alportel,,
qwen3_14b,portuguese,participants,ext_def_exp,temp0.3_nodelim_norole_nocot,lusa_1,1,extraction,50 pessoas,,
qwen3_14b,portuguese,participants,ext_def_exp,temp0.3_nodelim_norole_nocot,lusa_1,1,extraction,o concelho de São Brás de Alportel,,
qwen3_14b,portuguese,participants,ext_def_exp,temp0.3_nodelim_norole_nocot,lusa_1,1,extraction,num bar,,
qwen3_14b,portuguese,participants,ext_def_exp,temp0.3_nodelim_norole_nocot,lusa_1,1,extraction,Corotelo,,
qwen3_14b,portuguese,participants,ext_def_exp,temp0.3_nodelim_norole_nocot,lusa_1,1,extraction,São Brás de Alportel,,
qwen3_14b,portuguese,participants,ext_def_exp,temp0.3_nodelim_norole_nocot,lusa_1,1,extraction,50 pessoas,,
qwen3_14b,portuguese,participants,ext_def_exp,temp0.3_nodelim_norole_nocot,lusa_1,1,extraction,o concelho de São Brás de Alportel,,
qwen3_14b,portuguese,participants,ext_def_exp,temp0.3_nodelim_norole_nocot,lusa_1,1,extraction,num bar,,
qwen3_14b,portuguese,participants,ext_def_exp,temp0.3_nodelim_norole_nocot,lusa_1,1,extraction,Corotelo,,
qwen3_14b,portuguese,participants,ext_def_exp,temp0.3_nodelim_norole_nocot,lusa_1,1,extraction,São Brás de Alportel,,
qwen3_14b,portuguese,participants,ext_def_exp,temp0.3_nodelim_norole_nocot,lusa_1,1,extraction,50 pessoas,,
qwen3_14b,portuguese,participants,ext_def_exp,temp0.3_nodelim_norole_nocot,lusa_1,1,extraction,o concelho de São Brás de Alportel,,
qwen3_14b,portuguese,participants,ext_def_exp,temp0.3_nodelim_norole_nocot,lusa_1,1,extraction,num bar,,
qwen3_14b,portuguese,participants,ext_def_exp,temp0.3_nodelim_norole_nocot,lusa_1,1,extraction,Corotelo,,
qwen3_14b,portuguese,participants,ext_def_exp,temp0.3_nodelim_norole_nocot,lusa_1,1,extraction,São Brás de Alportel,,
qwen3_14b,portuguese,participants,ext_def_exp,temp0.3_nodelim_norole_nocot,lusa_1,1,extraction,50 pessoas,,
qwen3_14b,portuguese,participants,ext_def_exp,temp0.3_nodelim_norole_nocot,lusa_1,1,extraction,o concelho de São Brás de Alportel,,
qwen3_14b,portuguese,participants,ext_def_exp,temp0.3_nodelim_norole_nocot,lusa_1,1,extraction,num bar,,
qwen3_14b,portuguese,participants,ext_def_exp,temp0.3_nodelim_norole_nocot,lusa_1,1,extraction,Corotelo,,
qwen3_14b,portuguese,participants,ext_def_exp,temp0.3_nodelim_norole_nocot,lusa_1,1,extraction,São Brás de Alportel,,
qwen3_14b,portuguese,participants,ext_def_exp,temp0.3_nodelim_norole_nocot,lusa_1,1,extraction,50 pessoas,,
qwen3_14b,portuguese,participants,ext_def_exp,temp0.3_nodelim_norole_nocot,lusa_1,1,extraction,o concelho de São Brás de Alportel,,
qwen3_14b,portuguese,participants,ext_def_exp,temp0.3_nodelim_norole_nocot,lusa_1,1,extraction,num bar,,
qwen3_14b,portuguese,participants,ext_def_exp,temp0.3_nodelim_norole_nocot,lusa_1,1,extraction,Corotelo,,
qwen3_14b,portuguese,participants,ext_def_exp,temp0.3_nodelim_norole_nocot,lusa_1,1,extraction,São Brás de Alportel,,
qwen3_14b,portuguese,participants,ext_def_exp,temp0.3_nodelim_norole_nocot,lusa_1,1,extraction,50 pessoas,,
qwen3_14b,portuguese,participants,ext_def_exp,temp0.3_nodelim_norole_nocot,lusa_1,1,extraction,o concelho de São Brás de Alportel,,
qwen3_14b,portuguese,participants,ext_def_exp,temp0.3_nodelim_norole_nocot,lusa_1,1,extraction,num bar,,
qwen3_14b,portuguese,participants,ext_def_exp,temp0.3_nodelim_norole_nocot,lusa_1,1,extraction,Corotelo,,
qwen3_14b,portuguese,participants,ext_def_exp,temp0.3_nodelim_norole_nocot,lusa_1,1,extraction,São Brás de Alportel,,
qwen3_14b,portuguese,participants,ext_def_exp,temp0.3_nodelim_norole_nocot,lusa_1,1,extraction,50 pessoas,,
qwen3_14b,portuguese,participants,ext_def_exp,temp0.3_nodelim_norole_nocot,lusa_1,1,extraction,o concelho de São Brás de Alportel,,
qwen3_14b,portuguese,participants,ext_def_exp,temp0.3_nodelim_norole_nocot,lusa_1,1,extraction,num bar,,
qwen3_14b,portuguese,participants,ext_def_exp,temp0.3_nodelim_norole_nocot,lusa_1,1,extraction,Corotelo,,
qwen3_14b,portuguese,participants,ext_def_exp,temp0.3_nodelim_norole_nocot,lusa_1,1,extraction,São Brás de Alportel,,
qwen3_14b,portuguese,participants,ext_def_exp,temp0.3_nodelim_norole_nocot,lusa_1,1,extraction,50 pessoas,,
qwen3_14b,portuguese,participants,ext_def_exp,temp0.3_nodelim_norole_nocot,lusa_1,1,extraction,o concelho de São Brás de Alportel,,
qwen3_14b,portuguese,participants,ext_def_exp,temp0.3_nodelim_norole_nocot,lusa_1,1,extraction,num bar,,
qwen3_14b,portuguese,participants,ext_def_exp,temp0.3_nodelim_norole_nocot,lusa_1,1,extraction,Corotelo,,
qwen3_14b,portuguese,participants,ext_def_exp,temp0.3_nodelim_norole_nocot,lusa_1,1,extraction,São Brás de Alportel,,
qwen3_14b,portuguese,participants,ext_def_exp,temp0.3_nodelim_norole_nocot,lusa_1,1,extraction,50 pessoas,,
qwen3_14b,portuguese,participants,ext_def_exp,temp0.3_nodelim_norole_nocot,lusa_1,1,extraction,o concelho de São Brás de Alportel,,
qwen3_14b,portuguese,participants,ext_def_exp,temp0.3_nodelim_norole_nocot,lusa_1,1,extraction,num bar,,
qwen3_14b,portuguese,participants,ext_def_exp,temp0.3_nodelim_norole_nocot,lusa_1,1,extraction,Corotelo,,
qwen3_14b,portuguese,participants,ext_def_exp,temp0.3_nodelim_norole_nocot,lusa_1,1,extraction,São Brás de Alportel,,
qwen3_14b,portuguese,participants,ext_def_exp,temp0.3_nodelim_norole_nocot,lusa_1,1,extraction,50 pessoas,,
qwen3_14b,portuguese,participants,ext_def_exp,temp0.3_nodelim_norole_nocot,lusa_1,1,extraction,o concelho de São Brás de Alportel,,
qwen3_14b,portuguese,participants,ext_def_exp,temp0.3_nodelim_norole_nocot,lusa_1,1,extraction,num bar,,
qwen3_14b,portuguese,participants,ext_def_exp,temp0.3_nodelim_norole_nocot,lusa_1,1,extraction,Corotelo,,
qwen3_14b,portuguese,participants,ext_def_exp,temp0.3_nodelim_norole_nocot,lusa_1,1,extraction,São Brás de Alportel,,
qwen3_14b,portuguese,participants,ext_def_exp,temp0.3_nodelim_norole_nocot,lusa_1,1,extraction,50 pessoas,,
qwen3_14b,portuguese,participants,ext_def_exp,temp0.3_nodelim_norole_nocot,lusa_1,1,extraction,o concelho de São Brás de Alportel,,
qwen3_14b,portuguese,participants,ext_def_exp,temp0.3_nodelim_norole_nocot,lusa_1,1,extraction,num bar,,
qwen3_14b,portuguese,participants,ext_def_exp,temp0.3_nodelim_norole_nocot,lusa_1,1,extraction,Corotelo,,
qwen3_14b,portuguese,participants,ext_def_exp,temp0.3_nodelim_norole_nocot,lusa_1,1,extraction,São Brás de Alportel,,
qwen3_14b,portuguese,participants,ext_def_exp,temp0.3_nodelim_norole_nocot,lusa_1,1,extraction,50 pessoas,,
qwen3_14b,portuguese,participants,ext_def_exp,temp0.3_nodelim_norole_nocot,lusa_1,1,extraction,o concelho de São Brás de Alportel,,
qwen3_14b,portuguese,participants,ext_def_exp,temp0.3_nodelim_norole_nocot,lusa_1,1,extraction,num bar,,
qwen3_14b,portuguese,participants,ext_def_exp,temp0.3_nodelim_norole_nocot,lusa_1,1,extraction,Corotelo,,
qwen3_14b,portuguese,participants,ext_def_exp,temp0.3_nodelim_norole_nocot,lusa_1,1,extraction,São Brás de Alportel,,
qwen3_14b,portuguese,participants,ext_def_exp,temp0.3_nodelim_norole_nocot,lusa_1,1,extraction,50 pessoas,,
qwen3_14b,portuguese,participants,ext_def_exp,temp0.3_nodelim_norole_nocot,lusa_1,1,extraction,o concelho de São Brás de Alportel,,
qwen3_14b,portuguese,participants,ext_def_exp,temp0.3_nodelim_norole_nocot,lusa_1,1,extraction,num bar,,
qwen3_14b,portuguese,participants,ext_def_exp,temp0.3_nodelim_norole_nocot,lusa_1,1,extraction,Corotelo,,
qwen3_14b,portuguese,participants,ext_def_exp,temp0.3_nodelim_norole_nocot,lusa_1,1,extraction,São Brás de Alportel,,
qwen3_14b,portuguese,participants,ext_def_exp,temp0.3_nodelim_norole_nocot,lusa_1,1,extraction,50 pessoas,,
qwen3_14b,portuguese,participants,ext_def_exp,temp0.3_nodelim_norole_nocot,lusa_1,1,extraction,o concelho de São Brás de Alportel,,
qwen3_14b,portuguese,participants,ext_def_exp,temp0.3_nodelim_norole_nocot,lusa_1,1,extraction,num bar,,
qwen3_14b,portuguese,participants,ext_def_exp,temp0.3_nodelim_norole_nocot,lusa_1,1,extraction,Corotelo,,
qwen3_14b,portuguese,participants,ext_def_exp,temp0.3_nodelim_norole_nocot,lusa_1,1,extraction,São Brás de Alportel,,
qwen3_14b,portuguese,participants,ext_def_exp,temp0.3_nodelim_norole_nocot,lusa_1,1,extraction,50 pessoas,,
qwen3_14b,portuguese,participants,ext_def_exp,temp0.3_nodelim_norole_nocot,lusa_1,1,extraction,o concelho de São Brás de Alportel,,
qwen3_14b,portuguese,participants,ext_def_exp,temp0.3_nodelim_norole_nocot,lusa_1,1,extraction,num bar,,
qwen3_14b,portuguese,participants,ext_def_exp,temp0.3_nodelim_norole_nocot,lusa_1,1,extraction,Corotelo,,
qwen3_14b,portuguese,participants,ext_def_exp,temp0.3_nodelim_norole_nocot,lusa_1,1,extraction,São Brás de Alportel,,
qwen3_14b,portuguese,participants,ext_def_exp,temp0.3_nodelim_norole_nocot,lusa_1,1,extraction,50 pessoas,,
qwen3_14b,portuguese,participants,ext_def_exp,temp0.3_nodelim_norole_nocot,lusa_1,1,extraction,o concelho de São Brás de Alportel,,
qwen3_14b,portuguese,participants,ext_def_exp,temp0.3_nodelim_norole_nocot,lusa_1,1,extraction,num bar,,
qwen3_14b,portuguese,participants,ext_def_exp,temp0.3_nodelim_norole_nocot,lusa_1,1,extraction,Corotelo,,
qwen3_14b,portuguese,participants,ext_def_exp,temp0.3_nodelim_norole_nocot,lusa_1,1,extraction,São Brás de Alportel,,
qwen3_14b,portuguese,participants,ext_def_exp,temp0.3_nodelim_norole_nocot,lusa_1,1,extraction,50 pessoas,,
qwen3_14b,portuguese,participants,ext_def_exp,temp0.3_nodelim_norole_nocot,lusa_1,1,extraction,o concelho de São Brás de Alportel,,
qwen3_14b,portuguese,participants,ext_def_exp,temp0.3_nodelim_norole_nocot,lusa_1,1,extraction,num bar,,
qwen3_14b,portuguese,participants,ext_def_exp,temp0.3_nodelim_norole_nocot,lusa_1,1,extraction,Corotelo,,
qwen3_14b,portuguese,participants,ext_def_exp,temp0.3_nodelim_norole_nocot,lusa_1,1,extraction,São Brás de Alportel,,
qwen3_14b,portuguese,participants,ext_def_exp,temp0.3_nodelim_norole_nocot,lusa_1,1,extraction,50 pessoas,,
qwen3_14b,portuguese,participants,ext_def_exp,temp0.3_nodelim_norole_nocot,lusa_1,1,extraction,o concelho de São Brás de Alportel,,
qwen3_14b,portuguese,participants,ext_def_exp,temp0.3_nodelim_norole_nocot,lusa_1,1,extraction,num bar,,
qwen3_14b,portuguese,participants,ext_def_exp,temp0.3_nodelim_norole_nocot,lusa_1,1,extraction,Corotelo,,
qwen3_14b,portuguese,participants,ext_def_exp,temp0.3_nodelim_norole_nocot,lusa_1,1,extraction,São Brás de Alportel,,
qwen3_14b,portuguese,participants,ext_def_exp,temp0.3_nodelim_norole_nocot,lusa_1,1,extraction,50 pessoas,,
qwen3_14b,portuguese,participants,ext_def_exp,temp0.3_nodelim_norole_nocot,lusa_1,1,extraction,o concelho de São Brás de Alportel,,
qwen3_14b,portuguese,participants,ext_def_exp,temp0.3_nodelim_norole_nocot,lusa_1,1,extraction,num bar,,
qwen3_14b,portuguese,participants,ext_def_exp,temp0.3_nodelim_norole_nocot,lusa_1,1,extraction,Corotelo,,
qwen3_14b,portuguese,participants,ext_def_exp,temp0.3_nodelim_norole_nocot,lusa_1,1,extraction,São Brás de Alportel,,
qwen3_14b,portuguese,participants,ext_def_exp,temp0.3_nodelim_norole_nocot,lusa_1,1,extraction,50 pessoas,,
qwen3_14b,portuguese,participants,ext_def_exp,temp0.3_nodelim_norole_nocot,lusa_1,1,extraction,o concelho de São Brás de Alportel,,
qwen3_14b,portuguese,participants,ext_def_exp,temp0.3_nodelim_norole_nocot,lusa_1,1,extraction,num bar,,
qwen3_14b,portuguese,participants,ext_def_exp,temp0.3_nodelim_norole_nocot,lusa_1,1,extraction,Corotelo,,
qwen3_14b,portuguese,participants,ext_def_exp,temp0.3_nodelim_norole_nocot,lusa_1,1,extraction,São Brás de Alportel,,
qwen3_14b,portuguese,participants,ext_def_exp,temp0.3_nodelim_norole_nocot,lusa_1,1,extraction,50 pessoas,,
qwen3_14b,portuguese,participants,ext_def_exp,temp0.3_nodelim_norole_nocot,lusa_1,1,extraction,o concelho de São Brás de Alportel,,
qwen3_14b,portuguese,participants,ext_def_exp,temp0.3_nodelim_norole_nocot,lusa_1,1,extraction,num bar,,
qwen3_14b,portuguese,participants,ext_def_exp,temp0.3_nodelim_norole_nocot,lusa_1,1,extraction,Corotelo,,
qwen3_14b,portuguese,participants,ext_def_exp,temp0.3_nodelim_norole_nocot,lusa_1,1,extraction,São Brás de Alportel,,
qwen3_14b,portuguese,participants,ext_def_exp,temp0.3_nodelim_norole_nocot,lusa_1,1,extraction,50 pessoas,,
qwen3_14b,portuguese,participants,ext_def_exp,temp0.3_nodelim_norole_nocot,lusa_1,1,extraction,o concelho de São Brás de Alportel,,
qwen3_14b,portuguese,participants,ext_def_exp,temp0.3_nodelim_norole_nocot,lusa_1,1,extraction,num bar,,
qwen3_14b,portuguese,participants,ext_def_exp,temp0.3_nodelim_norole_nocot,lusa_1,1,extraction,Corotelo,,
qwen3_14b,portuguese,participants,ext_def_exp,temp0.3_nodelim_norole_nocot,lusa_1,1,extraction,São Brás de Alportel,,
qwen3_14b,portuguese,participants,ext_def_exp,temp0.3_nodelim_norole_nocot,lusa_1,1,extraction,50 pessoas,,
qwen3_14b,portuguese,participants,ext_def_exp,temp0.3_nodelim_norole_nocot,lusa_1,1,extraction,o concelho de São Brás de Alportel,,
qwen3_14b,portuguese,participants,ext_def_exp,temp0.3_nodelim_norole_nocot,lusa_1,1,extraction,num bar,,
qwen3_14b,portuguese,participants,ext_def_exp,temp0.3_nodelim_norole_nocot,lusa_1,1,extraction,Corotelo,,
qwen3_14b,portuguese,participants,ext_def_exp,temp0.3_nodelim_norole_nocot,lusa_1,1,extraction,São Brás de Alportel,,
qwen3_14b,portuguese,participants,ext_def_exp,temp0.3_nodelim_norole_nocot,lusa_1,1,extraction,50 pessoas,,
qwen3_14b,portuguese,participants,ext_def_exp,temp0.3_nodelim_norole_nocot,lusa_1,1,extraction,o concelho de São Brás de Alportel,,
qwen3_14b,portuguese,participants,ext_def_exp,temp0.3_nodelim_norole_nocot,lusa_1,1,extraction,num bar,,
qwen3_14b,portuguese,participants,ext_def_exp,temp0.3_nodelim_norole_nocot,lusa_1,1,extraction,Corotelo,,
qwen3_14b,portuguese,participants,ext_def_exp,temp0.3_nodelim_norole_nocot,lusa_1,1,extraction,São Brás de Alportel,,
qwen3_14b,portuguese,participants,ext_def_exp,temp0.3_nodelim_norole_nocot,lusa_1,1,extraction,50 pessoas,,
qwen3_14b,portuguese,participants,ext_def_exp,temp0.3_nodelim_norole_nocot,lusa_1,1,extraction,o concelho de São Brás de Alportel,,
qwen3_14b,portuguese,participants,ext_def_exp,temp0.3_nodelim_norole_nocot,lusa_1,1,extraction,num bar,,
qwen3_14b,portuguese,participants,ext_def_exp,temp0.3_nodelim_norole_nocot,lusa_1,1,extraction,Corotelo,,
qwen3_14b,portuguese,participants,ext_def_exp,temp0.3_nodelim_norole_nocot,lusa_1,1,extraction,São Brás de Alportel,,
qwen3_14b,portuguese,participants,ext_def_exp,temp0.3_nodelim_norole_nocot,lusa_1,1,extraction,50 pessoas,,
qwen3_14b,portuguese,participants,ext_def_exp,temp0.3_nodelim_norole_nocot,lusa_1,1,extraction,o concelho de São Brás de Alportel,,
qwen3_14b,portuguese,participants,ext_def_exp,temp0.3_nodelim_norole_nocot,lusa_1,1,extraction,num bar,,
qwen3_14b,portuguese,participants,ext_def_exp,temp0.3_nodelim_norole_nocot,lusa_1,1,extraction,Corotelo,,
qwen3_14b,portuguese,participants,ext_def_exp,temp0.3_nodelim_norole_nocot,lusa_1,1,extraction,São Brás de Alportel,,
qwen3_14b,portuguese,participants,ext_def_exp,temp0.3_nodelim_norole_nocot,lusa_1,1,extraction,50 pessoas,,
qwen3_14b,portuguese,participants,ext_def_exp,temp0.3_nodelim_norole_nocot,lusa_1,1,extraction,o concelho de São Brás de Alportel,,
qwen3_14b,portuguese,participants,ext_def_exp,temp0.3_nodelim_norole_nocot,lusa_1,1,extraction,num bar,,
qwen3_14b,portuguese,participants,ext_def_exp,temp0.3_nodelim_norole_nocot,lusa_1,1,extraction,Corotelo,,
qwen3_14b,portuguese,participants,ext_def_exp,temp0.3_nodelim_norole_nocot,lusa_1,1,extraction,São Brás de Alportel,,
qwen3_14b,portuguese,participants,ext_def_exp,temp0.3_nodelim_norole_nocot,lusa_1,1,extraction,50 pessoas,,
qwen3_14b,portuguese,participants,ext_def_exp,temp0.3_nodelim_norole_nocot,lusa_1,1,extraction,o concelho de São Brás de Alportel,,
qwen3_14b,portuguese,participants,ext_def_exp,temp0.3_nodelim_norole_nocot,lusa_1,1,extraction,num bar,,
qwen3_14b,portuguese,participants,ext_def_exp,temp0.3_nodelim_norole_nocot,lusa_1,1,extraction,Corotelo,,
qwen3_14b,portuguese,participants,ext_def_exp,temp0.3_nodelim_norole_nocot,lusa_1,1,extraction,São Brás de Alportel,,
qwen3_14b,portuguese,participants,ext_def_exp,temp0.3_nodelim_norole_nocot,lusa_1,1,extraction,50 pessoas,,
qwen3_14b,portuguese,participants,ext_def_exp,temp0.3_nodelim_norole_nocot,lusa_1,1,extraction,o concelho de São Brás de Alportel,,
qwen3_14b,portuguese,participants,ext_def_exp,temp0.3_nodelim_norole_nocot,lusa_1,1,extraction,num bar,,
qwen3_14b,portuguese,participants,ext_def_exp,temp0.3_nodelim_norole_nocot,lusa_1,1,extraction,Corotelo,,
qwen3_14b,portuguese,participants,ext_def_exp,temp0.3_nodelim_norole_nocot,lusa_1,1,extraction,São Brás de Alportel,,
qwen3_14b,portuguese,participants,ext_def_exp,temp0.3_nodelim_norole_nocot,lusa_1,1,extraction,50 pessoas,,
qwen3_14b,portuguese,participants,ext_def_exp,temp0.3_nodelim_norole_nocot,lusa_1,1,extraction,o concelho de São Brás de Alportel,,
qwen3_14b,portuguese,participants,ext_def_exp,temp0.3_nodelim_norole_nocot,lusa_1,1,extraction,num bar,,
qwen3_14b,portuguese,participants,ext_def_exp,temp0.3_nodelim_norole_nocot,lusa_1,1,extraction,Corotelo,,
qwen3_14b,portuguese,participants,ext_def_exp,temp0.3_nodelim_norole_nocot,lusa_1,1,extraction,São Brás de Alportel,,
qwen3_14b,portuguese,participants,ext_def_exp,temp0.3_nodelim_norole_nocot,lusa_1,1,extraction,50 pessoas,,
qwen3_14b,portuguese,participants,ext_def_exp,temp0.3_nodelim_norole_nocot,lusa_1,1,extraction,o concelho de São Brás de Alportel,,
qwen3_14b,portuguese,participants,ext_def_exp,temp0.3_nodelim_norole_nocot,lusa_1,1,extraction,num bar,,
qwen3_14b,portuguese,participants,ext_def_exp,temp0.3_nodelim_norole_nocot,lusa_1,1,extraction,Corotelo,,
qwen3_14b,portuguese,participants,ext_def_exp,temp0.3_nodelim_norole_nocot,lusa_1,1,extraction,São Brás de Alportel,,
qwen3_14b,portuguese,participants,ext_def_exp,temp0.3_nodelim_norole_nocot,lusa_1,1,extraction,50 pessoas,,
qwen3_14b,portuguese,participants,ext_def_exp,temp0.3_nodelim_norole_nocot,lusa_1,1,extraction,o concelho de São Brás de Alportel,,
qwen3_14b,portuguese,participants,ext_def_exp,temp0.3_nodelim_norole_nocot,lusa_1,1,extraction,num bar,,
qwen3_14b,portuguese,participants,ext_def_exp,temp0.3_nodelim_norole_nocot,lusa_1,1,extraction,Corotelo,,
qwen3_14b,portuguese,participants,ext_def_exp,temp0.3_nodelim_norole_nocot,lusa_1,1,extraction,São Brás de Alportel,,
qwen3_14b,portuguese,participants,ext_def_exp,temp0.3_nodelim_norole_nocot,lusa_1,1,extraction,50 pessoas,,
qwen3_14b,portuguese,participants,ext_def_exp,temp0.3_nodelim_norole_nocot,lusa_1,1,extraction,o concelho de São Brás de Alportel,,
qwen3_14b,portuguese,participants,ext_def_exp,temp0.3_nodelim_norole_nocot,lusa_1,1,extraction,num bar,,
qwen3_14b,portuguese,participants,ext_def_exp,temp0.3_nodelim_norole_nocot,lusa_1,1,extraction,Corotelo,,
qwen3_14b,portuguese,participants,ext_def_exp,temp0.3_nodelim_norole_nocot,lusa_1,1,extraction,São Brás de Alportel,,
qwen3_14b,portuguese,participants,ext_def_exp,temp0.3_nodelim_norole_nocot,lusa_1,1,extraction,50 pessoas,,
qwen3_14b,portuguese,participants,ext_def_exp,temp0.3_nodelim_norole_nocot,lusa_1,1,extraction,o concelho de São Brás de Alportel,,
qwen3_14b,portuguese,participants,ext_def_exp,temp0.3_nodelim_norole_nocot,lusa_1,1,extraction,num bar,,
qwen3_14b,portuguese,participants,ext_def_exp,temp0.3_nodelim_norole_nocot,lusa_1,1,extraction,Corotelo,,
qwen3_14b,portuguese,participants,ext_def_exp,temp0.3_nodelim_norole_nocot,lusa_1,1,extraction,São Brás de Alportel,,
qwen3_14b,portuguese,participants,ext_def_exp,temp0.3_nodelim_norole_nocot,lusa_1,1,extraction,50 pessoas,,
qwen3_14b,portuguese,participants,ext_def_exp,temp0.3_nodelim_norole_nocot,lusa_1,1,extraction,o concelho de São Brás de Alportel,,
qwen3_14b,portuguese,participants,ext_def_exp,temp0.3_nodelim_norole_nocot,lusa_1,1,extraction,num bar,,
qwen3_14b,portuguese,participants,ext_def_exp,temp0.3_nodelim_norole_nocot,lusa_1,1,extraction,Corotelo,,
qwen3_14b,portuguese,participants,ext_def_exp,temp0.3_nodelim_norole_nocot,lusa_1,1,extraction,São Brás de Alportel,,
qwen3_14b,portuguese,participants,ext_def_exp,temp0.3_nodelim_norole_nocot,lusa_1,1,extraction,50 pessoas,,
qwen3_14b,portuguese,participants,ext_def_exp,temp0.3_nodelim_norole_nocot,lusa_1,1,extraction,o concelho de São Brás de Alportel,,
qwen3_14b,portuguese,participants,ext_def_exp,temp0.3_nodelim_norole_nocot,lusa_1,1,extraction,num bar,,
qwen3_14b,portuguese,participants,ext_def_exp,temp0.3_nodelim_norole_nocot,lusa_1,1,extraction,Corotelo,,
qwen3_14b,portuguese,participants,ext_def_exp,temp0.3_nodelim_norole_nocot,lusa_1,1,extraction,São Brás de Alportel,,
qwen3_14b,portuguese,participants,ext_def_exp,temp0.3_nodelim_norole_nocot,lusa_1,1,extraction,50 pessoas,,
qwen3_14b,portuguese,participants,cls_def_exp,temp0.3_nodelim_norole_nocot,lusa_1,1,classification,A GNR,Org,0.95
qwen3_14b,portuguese,participants,cls_def_exp,temp0.3_nodelim_norole_nocot,lusa_1,1,classification,uma festa ilegal,Other,0.7
qwen3_14b,portuguese,participants,cls_def_exp,temp0.3_nodelim_norole_nocot,lusa_1,1,classification,um bar,Fac,0.95
qwen3_14b,portuguese,participants,cls_def_exp,temp0.3_nodelim_norole_nocot,lusa_1,1,classification,Corotelo,Pl_civil,0.9
qwen3_14b,portuguese,participants,cls_def_exp,temp0.3_nodelim_norole_nocot,lusa_1,1,classification,São Brás de Alportel,Pl_civil,0.95
qwen3_14b,portuguese,participants,cls_def_exp,temp0.3_nodelim_norole_nocot,lusa_1,1,classification,50 pessoas,Per,0.8
qwen3_14b,portuguese,participants,cls_def_exp,temp0.3_nodelim_norole_nocot,lusa_1,1,classification,o concelho de São Brás de Alportel,Pl_civil,0.95
qwen3_14b,portuguese,participants,cls_def_exp,temp0.3_nodelim_norole_nocot,lusa_1,1,classification,num bar,Fac,0.95
qwen3_14b,portuguese,participants,sent_def_exp,temp0.3_nodelim_norole_nocot,lusa_1,2,detection,,yes,0.95
qwen3_14b,portuguese,participants,ext_def_exp,temp0.3_nodelim_norole_nocot,lusa_1,2,extraction,Comando Territorial de Faro da GNR,,0.95
qwen3_14b,portuguese,participants,ext_def_exp,temp0.3_nodelim_norole_nocot,lusa_1,2,extraction,GNR,,0.9
qwen3_14b,portuguese,participants,ext_def_exp,temp0.3_nodelim_norole_nocot,lusa_1,2,extraction,militares do Posto Territorial de São de Alportel,,0.9
qwen3_14b,portuguese,participants,ext_def_exp,temp0.3_nodelim_norole_nocot,lusa_1,2,extraction,Posto Territorial de São de Alportel,,0.9
qwen3_14b,portuguese,participants,ext_def_exp,temp0.3_nodelim_norole_nocot,lusa_1,2,extraction,estabelecimento de bebidas,,0.85
qwen3_14b,portuguese,participants,ext_def_exp,temp0.3_nodelim_norole_nocot,lusa_1,2,extraction,uma festa com música ao vivo,,0.8
qwen3_14b,portuguese,participants,ext_def_exp,temp0.3_nodelim_norole_nocot,lusa_1,2,extraction,São de Alportel,,0.85
qwen3_14b,portuguese,participants,ext_def_exp,temp0.3_nodelim_norole_nocot,lusa_1,2,extraction,Faro,,0.85
qwen3_14b,portuguese,participants,cls_def_exp,temp0.3_nodelim_norole_nocot,lusa_1,2,classification,Comando Territorial de Faro da GNR,Org,0.95
qwen3_14b,portuguese,participants,cls_def_exp,temp0.3_nodelim_norole_nocot,lusa_1,2,classification,GNR,Org,0.95
qwen3_14b,portuguese,participants,cls_def_exp,temp0.3_nodelim_norole_nocot,lusa_1,2,classification,militares do Posto Territorial de São de Alportel,Per,0.9
qwen3_14b,portuguese,participants,cls_def_exp,temp0.3_nodelim_norole_nocot,lusa_1,2,classification,Posto Territorial de São de Alportel,Fac,0.85
qwen3_14b,portuguese,participants,cls_def_exp,temp0.3_nodelim_norole_nocot,lusa_1,2,classification,estabelecimento de bebidas,Fac,0.9
qwen3_14b,portuguese,participants,cls_def_exp,temp0.3_nodelim_norole_nocot,lusa_1,2,classification,uma festa com música ao vivo,Other,0.7
qwen3_14b,portuguese,participants,cls_def_exp,temp0.3_nodelim_norole_nocot,lusa_1,2,classification,São de Alportel,Pl_civil,0.9
qwen3_14b,portuguese,participants,cls_def_exp,temp0.3_nodelim_norole_nocot,lusa_1,2,classification,Faro,Pl_civil,0.85
qwen3_14b,portuguese,participants,sent_def_exp,temp0.3_nodelim_norole_nocot,lusa_1,3,detection,,yes,0.95
qwen3_14b,portuguese,participants,ext_def_exp,temp0.3_nodelim_norole_nocot,lusa_1,3,extraction,os militares,,0.95
qwen3_14b,portuguese,participants,ext_def_exp,temp0.3_nodelim_norole_nocot,lusa_1,3,extraction,as pessoas,,0.9
qwen3_14b,portuguese,participants,cls_def_exp,temp0.3_nodelim_norole_nocot,lusa_1,3,classification,os militares,Per,0.95
qwen3_14b,portuguese,participants,cls_def_exp,temp0.3_nodelim_norole_nocot,lusa_1,3,classification,as pessoas,Per,0.95
qwen3_14b,portuguese,participants,sent_def_exp,temp0.3_nodelim_norole_nocot,lusa_1,4,detection,,yes,0.95
qwen3_14b,portuguese,participants,ext_def_exp,temp0.3_nodelim_norole_nocot,lusa_1,4,extraction,o proprietário,,0.95
qwen3_14b,portuguese,participants,ext_def_exp,temp0.3_nodelim_norole_nocot,lusa_1,4,extraction,um auto de contraordenação,,0.9
qwen3_14b,portuguese,participants,cls_def_exp,temp0.3_nodelim_norole_nocot,lusa_1,4,classification,o proprietário,Per,0.95
qwen3_14b,portuguese,participants,cls_def_exp,temp0.3_nodelim_norole_nocot,lusa_1,4,classification,um auto de contraordenação,Other,0.85
qwen3_14b,portuguese,participants,sent_def_exp,temp0.3_nodelim_norole_nocot,lusa_10,1,detection,,yes,0.95
qwen3_14b,portuguese,participants,ext_def_exp,temp0.3_nodelim_norole_nocot,lusa_10,1,extraction,Um automobilista,,0.95
qwen3_14b,portuguese,participants,ext_def_exp,temp0.3_nodelim_norole_nocot,lusa_10,1,extraction,várias pessoas,,0.9
qwen3_14b,portuguese,participants,ext_def_exp,temp0.3_nodelim_norole_nocot,lusa_10,1,extraction,movimento Black Lives Matter,,0.9
qwen3_14b,portuguese,participants,ext_def_exp,temp0.3_nodelim_norole_nocot,lusa_10,1,extraction,As Vidas Negras Importam,,0.9
qwen3_14b,portuguese,participants,ext_def_exp,temp0.3_nodelim_norole_nocot,lusa_10,1,extraction,Manhattan,,0.85
qwen3_14b,portuguese,participants,ext_def_exp,temp0.3_nodelim_norole_nocot,lusa_10,1,extraction,Nova Iorque,,0.85
qwen3_14b,portuguese,participants,ext_def_exp,temp0.3_nodelim_norole_nocot,lusa_10,1,extraction,Estados Unidos,,0.8
qwen3_14b,portuguese,participants,ext_def_exp,temp0.3_nodelim_norole_nocot,lusa_10,1,extraction,as autoridades,,0.85
qwen3_14b,portuguese,participants,cls_def_exp,temp0.3_nodelim_norole_nocot,lusa_10,1,classification,Um automobilista,Per,0.95
qwen3_14b,portuguese,participants,cls_def_exp,temp0.3_nodelim_norole_nocot,lusa_10,1,classification,várias pessoas,Per,0.9
qwen3_14b,portuguese,participants,cls_def_exp,temp0.3_nodelim_norole_nocot,lusa_10,1,classification,movimento Black Lives Matter,Org,0.95
qwen3_14b,portuguese,participants,cls_def_exp,temp0.3_nodelim_norole_nocot,lusa_10,1,classification,As Vidas Negras Importam,Org,0.9
qwen3_14b,portuguese,participants,cls_def_exp,temp0.3_nodelim_norole_nocot,lusa_10,1,classification,Manhattan,Pl_civil,0.95
qwen3_14b,portuguese,participants,cls_def_exp,temp0.3_nodelim_norole_nocot,lusa_10,1,classification,Nova Iorque,Pl_civil,0.95
qwen3_14b,portuguese,participants,cls_def_exp,temp0.3_nodelim_norole_nocot,lusa_10,1,classification,Estados Unidos,Pl_country,0.95
qwen3_14b,portuguese,participants,cls_def_exp,temp0.3_nodelim_norole_nocot,lusa_10,1,classification,as autoridades,Org,0.9
qwen3_14b,portuguese,participants,sent_def_exp,temp0.3_nodelim_norole_nocot,lusa_10,2,detection,,yes,0.95
qwen3_14b,portuguese,participants,ext_def_exp,temp0.3_nodelim_norole_nocot,lusa_10,2,extraction,vários feridos,,0.9
qwen3_14b,portuguese,participants,ext_def_exp,temp0.3_nodelim_norole_nocot,lusa_10,2,extraction,hospitais da 'Big Apple',,0.9
qwen3_14b,portuguese,participants,ext_def_exp,temp0.3_nodelim_norole_nocot,lusa_10,2,extraction,'Big Apple',,0.8
qwen3_14b,portuguese,participants,ext_def_exp,temp0.3_nodelim_norole_nocot,lusa_10,2,extraction,France-Presse (AFP),,0.9
qwen3_14b,portuguese,participants,ext_def_exp,temp0.3_nodelim_norole_nocot,lusa_10,2,extraction,polícia de Nova Iorque (NYPD),,0.9
qwen3_14b,portuguese,participants,ext_def_exp,temp0.3_nodelim_norole_nocot,lusa_10,2,extraction,Nova Iorque,,0.8
qwen3_14b,portuguese,participants,cls_def_exp,temp0.3_nodelim_norole_nocot,lusa_10,2,classification,vários feridos,Per,0.95
qwen3_14b,portuguese,participants,cls_def_exp,temp0.3_nodelim_norole_nocot,lusa_10,2,classification,hospitais da 'Big Apple',Fac,0.9
qwen3_14b,portuguese,participants,cls_def_exp,temp0.3_nodelim_norole_nocot,lusa_10,2,classification,'Big Apple',Pl_civil,0.8
qwen3_14b,portuguese,participants,cls_def_exp,temp0.3_nodelim_norole_nocot,lusa_10,2,classification,France-Presse (AFP),Org,0.95
qwen3_14b,portuguese,participants,cls_def_exp,temp0.3_nodelim_norole_nocot,lusa_10,2,classification,polícia de Nova Iorque (NYPD),Org,0.95
qwen3_14b,portuguese,participants,cls_def_exp,temp0.3_nodelim_norole_nocot,lusa_10,2,classification,Nova Iorque,Pl_civil,0.95
qwen3_14b,portuguese,participants,sent_def_exp,temp0.3_nodelim_norole_nocot,lusa_10,3,detection,,yes,0.95
qwen3_14b,portuguese,participants,ext_def_exp,temp0.3_nodelim_norole_nocot,lusa_10,3,extraction,O condutor do automóvel,,0.95
qwen3_14b,portuguese,participants,ext_def_exp,temp0.3_nodelim_norole_nocot,lusa_10,3,extraction,o local,,0.8
qwen3_14b,portuguese,participants,ext_def_exp,temp0.3_nodelim_norole_nocot,lusa_10,3,extraction,a mesma fonte,,0.9
qwen3_14b,portuguese,participants,ext_def_exp,temp0.3_nodelim_norole_nocot,lusa_10,3,extraction,automóvel,,0.85
qwen3_14b,portuguese,participants,cls_def_exp,temp0.3_nodelim_norole_nocot,lusa_10,3,classification,O condutor do automóvel,Per,0.95
qwen3_14b,portuguese,participants,cls_def_exp,temp0.3_nodelim_norole_nocot,lusa_10,3,classification,o local,Loc,0.8
qwen3_14b,portuguese,participants,cls_def_exp,temp0.3_nodelim_norole_nocot,lusa_10,3,classification,a mesma fonte,Per,0.75
qwen3_14b,portuguese,participants,cls_def_exp,temp0.3_nodelim_norole_nocot,lusa_10,3,classification,automóvel,Obj,0.95
qwen3_14b,portuguese,participants,sent_def_exp,temp0.3_nodelim_norole_nocot,lusa_10,4,detection,,yes,0.95
qwen3_14b,portuguese,participants,ext_def_exp,temp0.3_nodelim_norole_nocot,lusa_10,4,extraction,porta-voz da polícia,,0.9
qwen3_14b,portuguese,participants,ext_def_exp,temp0.3_nodelim_norole_nocot,lusa_10,4,extraction,polícia,,0.9
qwen3_14b,portuguese,participants,ext_def_exp,temp0.3_nodelim_norole_nocot,lusa_10,4,extraction,Lisboa,,0.7
qwen3_14b,portuguese,participants,cls_def_exp,temp0.3_nodelim_norole_nocot,lusa_10,4,classification,porta-voz da polícia,Per,0.95
qwen3_14b,portuguese,participants,cls_def_exp,temp0.3_nodelim_norole_nocot,lusa_10,4,classification,polícia,Org,0.95
qwen3_14b,portuguese,participants,cls_def_exp,temp0.3_nodelim_norole_nocot,lusa_10,4,classification,Lisboa,Pl_capital,0.95
qwen3_14b,portuguese,participants,sent_def_exp,temp0.3_nodelim_norole_nocot,lusa_10,5,detection,,yes,0.95
qwen3_14b,portuguese,participants,ext_def_exp,temp0.3_nodelim_norole_nocot,lusa_10,5,extraction,corporações de bombeiros,,0.9
qwen3_14b,portuguese,participants,ext_def_exp,temp0.3_nodelim_norole_nocot,lusa_10,5,extraction,ambulâncias,,0.9
qwen3_14b,portuguese,participants,cls_def_exp,temp0.3_nodelim_norole_nocot,lusa_10,5,classification,corporações de bombeiros,Org,0.95
qwen3_14b,portuguese,participants,cls_def_exp,temp0.3_nodelim_norole_nocot,lusa_10,5,classification,ambulâncias,Veh,0.9
qwen3_14b,portuguese,participants,sent_def_exp,temp0.3_nodelim_norole_nocot,lusa_101,1,detection,,yes,0.95
qwen3_14b,portuguese,participants,ext_def_exp,temp0.3_nodelim_norole_nocot,lusa_101,1,extraction,O Tribunal de Viana do Castelo,,0.9
qwen3_14b,portuguese,participants,ext_def_exp,temp0.3_nodelim_norole_nocot,lusa_101,1,extraction,um homem de 36 anos,,0.9
qwen3_14b,portuguese,participants,ext_def_exp,temp0.3_nodelim_norole_nocot,lusa_101,1,extraction,outro,,0.5
qwen3_14b,portuguese,participants,ext_def_exp,temp0.3_nodelim_norole_nocot,lusa_101,1,extraction,Viana do Castelo,,0.9
qwen3_14b,portuguese,participants,ext_def_exp,temp0.3_nodelim_norole_nocot,lusa_101,1,extraction,a cidade,,0.7
qwen3_14b,portuguese,participants,cls_def_exp,temp0.3_nodelim_norole_nocot,lusa_101,1,classification,O Tribunal de Viana do Castelo,Org,0.95
qwen3_14b,portuguese,participants,cls_def_exp,temp0.3_nodelim_norole_nocot,lusa_101,1,classification,um homem de 36 anos,Per,0.9
qwen3_14b,portuguese,participants,cls_def_exp,temp0.3_nodelim_norole_nocot,lusa_101,1,classification,outro,Per,0.85
qwen3_14b,portuguese,participants,cls_def_exp,temp0.3_nodelim_norole_nocot,lusa_101,1,classification,Viana do Castelo,Pl_civil,0.95
qwen3_14b,portuguese,participants,cls_def_exp,temp0.3_nodelim_norole_nocot,lusa_101,1,classification,a cidade,Loc,0.7
qwen3_14b,portuguese,participants,sent_def_exp,temp0.3_nodelim_norole_nocot,lusa_101,2,detection,,yes,0.95
qwen3_14b,portuguese,participants,ext_def_exp,temp0.3_nodelim_norole_nocot,lusa_101,2,extraction,O homem,,0.95
qwen3_14b,portuguese,participants,ext_def_exp,temp0.3_nodelim_norole_nocot,lusa_101,2,extraction,a arma do crime,,0.8
qwen3_14b,portuguese,participants,cls_def_exp,temp0.3_nodelim_norole_nocot,lusa_101,2,classification,O homem,Per,0.95
qwen3_14b,portuguese,participants,cls_def_exp,temp0.3_nodelim_norole_nocot,lusa_101,2,classification,a arma do crime,Obj,0.9
qwen3_14b,portuguese,participants,sent_def_exp,temp0.3_nodelim_norole_nocot,lusa_101,3,detection,,yes,0.95
qwen3_14b,portuguese,participants,ext_def_exp,temp0.3_nodelim_norole_nocot,lusa_101,3,extraction,a juiz presidente do coletivo,,0.9
qwen3_14b,portuguese,participants,ext_def_exp,temp0.3_nodelim_norole_nocot,lusa_101,3,extraction,o arguido,,0.9
qwen3_14b,portuguese,participants,ext_def_exp,temp0.3_nodelim_norole_nocot,lusa_101,3,extraction,coletivo,,0.8
qwen3_14b,portuguese,participants,ext_def_exp,temp0.3_nodelim_norole_nocot,lusa_101,3,extraction,sala de audiências,,0.7
qwen3_14b,portuguese,participants,cls_def_exp,temp0.3_nodelim_norole_nocot,lusa_101,3,classification,a juiz presidente do coletivo,Per,0.95
qwen3_14b,portuguese,participants,cls_def_exp,temp0.3_nodelim_norole_nocot,lusa_101,3,classification,o arguido,Per,0.98
qwen3_14b,portuguese,participants,cls_def_exp,temp0.3_nodelim_norole_nocot,lusa_101,3,classification,coletivo,Org,0.92
qwen3_14b,portuguese,participants,cls_def_exp,temp0.3_nodelim_norole_nocot,lusa_101,3,classification,sala de audiências,Fac,0.95
qwen3_14b,portuguese,participants,sent_def_exp,temp0.3_nodelim_norole_nocot,lusa_101,4,detection,,yes,0.95
qwen3_14b,portuguese,participants,ext_def_exp,temp0.3_nodelim_norole_nocot,lusa_101,4,extraction,A magistrada,,0.95
qwen3_14b,portuguese,participants,ext_def_exp,temp0.3_nodelim_norole_nocot,lusa_101,4,extraction,a prova documental e testemunhal,,0.8
qwen3_14b,portuguese,participants,cls_def_exp,temp0.3_nodelim_norole_nocot,lusa_101,4,classification,A magistrada,Per,0.95
qwen3_14b,portuguese,participants,cls_def_exp,temp0.3_nodelim_norole_nocot,lusa_101,4,classification,a prova documental e testemunhal,Obj,0.8
qwen3_14b,portuguese,participants,sent_def_exp,temp0.3_nodelim_norole_nocot,lusa_101,5,detection,,yes,0.95
qwen3_14b,portuguese,participants,ext_def_exp,temp0.3_nodelim_norole_nocot,lusa_101,5,extraction,O coletivo,,0.95
qwen3_14b,portuguese,participants,ext_def_exp,temp0.3_nodelim_norole_nocot,lusa_101,5,extraction,o homem,,0.95
qwen3_14b,portuguese,participants,ext_def_exp,temp0.3_nodelim_norole_nocot,lusa_101,5,extraction,a mãe da vítima mortal,,0.9
qwen3_14b,portuguese,participants,ext_def_exp,temp0.3_nodelim_norole_nocot,lusa_101,5,extraction,a vítima mortal,,0.85
qwen3_14b,portuguese,participants,cls_def_exp,temp0.3_nodelim_norole_nocot,lusa_101,5,classification,O coletivo,Org,0.95
qwen3_14b,portuguese,participants,cls_def_exp,temp0.3_nodelim_norole_nocot,lusa_101,5,classification,o homem,Per,0.98
qwen3_14b,portuguese,participants,cls_def_exp,temp0.3_nodelim_norole_nocot,lusa_101,5,classification,a mãe da vítima mortal,Per,0.95
qwen3_14b,portuguese,participants,cls_def_exp,temp0.3_nodelim_norole_nocot,lusa_101,5,classification,a vítima mortal,Per,0.95
qwen3_14b,portuguese,participants,sent_def_exp,temp0.3_nodelim_norole_nocot,lusa_102,1,detection,,yes,0.95
qwen3_14b,portuguese,participants,ext_def_exp,temp0.3_nodelim_norole_nocot,lusa_102,1,extraction,Um homem de 68 anos,,0.95
qwen3_14b,portuguese,participants,ext_def_exp,temp0.3_nodelim_norole_nocot,lusa_102,1,extraction,outro indivíduo,,0.85
qwen3_14b,portuguese,participants,ext_def_exp,temp0.3_nodelim_norole_nocot,lusa_102,1,extraction,Rio Tejo,,0.9
qwen3_14b,portuguese,participants,ext_def_exp,temp0.3_nodelim_norole_nocot,lusa_102,1,extraction,Cais das Colunas,,0.9
qwen3_14b,portuguese,participants,ext_def_exp,temp0.3_nodelim_norole_nocot,lusa_102,1,extraction,Lisboa,,0.9
qwen3_14b,portuguese,participants,ext_def_exp,temp0.3_nodelim_norole_nocot,lusa_102,1,extraction,Hospital de São José,,0.95
qwen3_14b,portuguese,participants,cls_def_exp,temp0.3_nodelim_norole_nocot,lusa_102,1,classification,Um homem de 68 anos,Per,0.95
qwen3_14b,portuguese,participants,cls_def_exp,temp0.3_nodelim_norole_nocot,lusa_102,1,classification,outro indivíduo,Per,0.9
qwen3_14b,portuguese,participants,cls_def_exp,temp0.3_nodelim_norole_nocot,lusa_102,1,classification,Rio Tejo,Pl_water,0.95
qwen3_14b,portuguese,participants,cls_def_exp,temp0.3_nodelim_norole_nocot,lusa_102,1,classification,Cais das Colunas,Fac,0.85
qwen3_14b,portuguese,participants,cls_def_exp,temp0.3_nodelim_norole_nocot,lusa_102,1,classification,Lisboa,Pl_capital,0.95
qwen3_14b,portuguese,participants,cls_def_exp,temp0.3_nodelim_norole_nocot,lusa_102,1,classification,Hospital de São José,Fac,0.95
qwen3_14b,portuguese,participants,sent_def_exp,temp0.3_nodelim_norole_nocot,lusa_102,2,detection,,yes,0.95
qwen3_14b,portuguese,participants,ext_def_exp,temp0.3_nodelim_norole_nocot,lusa_102,2,extraction,Fonte oficial da Polícia Marítima,,0.95
qwen3_14b,portuguese,participants,ext_def_exp,temp0.3_nodelim_norole_nocot,lusa_102,2,extraction,Polícia Marítima,,0.9
qwen3_14b,portuguese,participants,ext_def_exp,temp0.3_nodelim_norole_nocot,lusa_102,2,extraction,Lusa,,0.95
qwen3_14b,portuguese,participants,ext_def_exp,temp0.3_nodelim_norole_nocot,lusa_102,2,extraction,o homem,,0.95
qwen3_14b,portuguese,participants,cls_def_exp,temp0.3_nodelim_norole_nocot,lusa_102,2,classification,Fonte oficial da Polícia Marítima,Org,0.95
qwen3_14b,portuguese,participants,cls_def_exp,temp0.3_nodelim_norole_nocot,lusa_102,2,classification,Polícia Marítima,Org,0.98
qwen3_14b,portuguese,participants,cls_def_exp,temp0.3_nodelim_norole_nocot,lusa_102,2,classification,Lusa,Org,0.95
qwen3_14b,portuguese,participants,cls_def_exp,temp0.3_nodelim_norole_nocot,lusa_102,2,classification,o homem,Per,0.92
qwen3_14b,portuguese,participants,sent_def_exp,temp0.3_nodelim_norole_nocot,lusa_102,3,detection,,yes,0.95
qwen3_14b,portuguese,participants,ext_def_exp,temp0.3_nodelim_norole_nocot,lusa_102,3,extraction,outro transeunte,,0.95
qwen3_14b,portuguese,participants,ext_def_exp,temp0.3_nodelim_norole_nocot,lusa_102,3,extraction,o homem em dificuldades,,0.9
qwen3_14b,portuguese,participants,cls_def_exp,temp0.3_nodelim_norole_nocot,lusa_102,3,classification,outro transeunte,Per,0.95
qwen3_14b,portuguese,participants,cls_def_exp,temp0.3_nodelim_norole_nocot,lusa_102,3,classification,o homem em dificuldades,Per,0.95
qwen3_14b,portuguese,participants,sent_def_exp,temp0.3_nodelim_norole_nocot,lusa_102,4,detection,,yes,0.95
qwen3_14b,portuguese,participants,ext_def_exp,temp0.3_nodelim_norole_nocot,lusa_102,4,extraction,O cidadão de 68 anos,,0.95
qwen3_14b,portuguese,participants,ext_def_exp,temp0.3_nodelim_norole_nocot,lusa_102,4,extraction,uma ambulância,,0.8
qwen3_14b,portuguese,participants,ext_def_exp,temp0.3_nodelim_norole_nocot,lusa_102,4,extraction,Instituto Nacional de Emergência Médica (INEM),,0.95
qwen3_14b,portuguese,participants,ext_def_exp,temp0.3_nodelim_norole_nocot,lusa_102,4,extraction,Hospital de São José,,0.95
qwen3_14b,portuguese,participants,ext_def_exp,temp0.3_nodelim_norole_nocot,lusa_102,4,extraction,o Hospital de São José,,0.9
qwen3_14b,portuguese,participants,ext_def_exp,temp0.3_nodelim_norole_nocot,lusa_102,4,extraction,INEM,,0.95
qwen3_14b,portuguese,participants,ext_def_exp,temp0.3_nodelim_norole_nocot,lusa_102,4,extraction,o cidadão,,0.9
qwen3_14b,portuguese,participants,cls_def_exp,temp0.3_nodelim_norole_nocot,lusa_102,4,classification,O cidadão de 68 anos,Per,0.95
qwen3_14b,portuguese,participants,cls_def_exp,temp0.3_nodelim_norole_nocot,lusa_102,4,classification,uma ambulância,Veh,0.9
qwen3_14b,portuguese,participants,cls_def_exp,temp0.3_nodelim_norole_nocot,lusa_102,4,classification,Instituto Nacional de Emergência Médica (INEM),Org,0.95
qwen3_14b,portuguese,participants,cls_def_exp,temp0.3_nodelim_norole_nocot,lusa_102,4,classification,Hospital de São José,Fac,0.98
qwen3_14b,portuguese,participants,cls_def_exp,temp0.3_nodelim_norole_nocot,lusa_102,4,classification,o Hospital de São José,Fac,0.98
qwen3_14b,portuguese,participants,cls_def_exp,temp0.3_nodelim_norole_nocot,lusa_102,4,classification,INEM,Org,0.95
qwen3_14b,portuguese,participants,cls_def_exp,temp0.3_nodelim_norole_nocot,lusa_102,4,classification,o cidadão,Per,0.95
qwen3_14b,portuguese,participants,sent_def_exp,temp0.3_nodelim_norole_nocot,lusa_103,1,detection,,yes,0.95
qwen3_14b,portuguese,participants,ext_def_exp,temp0.3_nodelim_norole_nocot,lusa_103,1,extraction,A Polícia Judiciária,,1.0
qwen3_14b,portuguese,participants,ext_def_exp,temp0.3_nodelim_norole_nocot,lusa_103,1,extraction,um homem de cerca de 60 anos,,1.0
qwen3_14b,portuguese,participants,ext_def_exp,temp0.3_nodelim_norole_nocot,lusa_103,1,extraction,Gandarela,,1.0
qwen3_14b,portuguese,participants,ext_def_exp,temp0.3_nodelim_norole_nocot,lusa_103,1,extraction,Celorico de Basto,,1.0
qwen3_14b,portuguese,participants,ext_def_exp,temp0.3_nodelim_norole_nocot,lusa_103,1,extraction,no distrito de Braga,,1.0
qwen3_14b,portuguese,participants,ext_def_exp,temp0.3_nodelim_norole_nocot,lusa_103,1,extraction,fonte daquela polícia,,1.0
qwen3_14b,portuguese,participants,cls_def_exp,temp0.3_nodelim_norole_nocot,lusa_103,1,classification,A Polícia Judiciária,Org,0.95
qwen3_14b,portuguese,participants,cls_def_exp,temp0.3_nodelim_norole_nocot,lusa_103,1,classification,um homem de cerca de 60 anos,Per,0.95
qwen3_14b,portuguese,participants,cls_def_exp,temp0.3_nodelim_norole_nocot,lusa_103,1,classification,Gandarela,Pl_civil,0.8
qwen3_14b,portuguese,participants,cls_def_exp,temp0.3_nodelim_norole_nocot,lusa_103,1,classification,Celorico de Basto,Pl_civil,0.95
qwen3_14b,portuguese,participants,cls_def_exp,temp0.3_nodelim_norole_nocot,lusa_103,1,classification,no distrito de Braga,Pl_state,0.9
qwen3_14b,portuguese,participants,cls_def_exp,temp0.3_nodelim_norole_nocot,lusa_103,1,classification,fonte daquela polícia,Per,0.9
qwen3_14b,portuguese,participants,sent_def_exp,temp0.3_nodelim_norole_nocot,lusa_103,2,detection,,yes,0.95
qwen3_14b,portuguese,participants,ext_def_exp,temp0.3_nodelim_norole_nocot,lusa_103,2,extraction,Fonte,,0.7
qwen3_14b,portuguese,participants,ext_def_exp,temp0.3_nodelim_norole_nocot,lusa_103,2,extraction,Instituto Nacional de Emergência Médica (INEM),,1.0
qwen3_14b,portuguese,participants,ext_def_exp,temp0.3_nodelim_norole_nocot,lusa_103,2,extraction,Lusa,,1.0
qwen3_14b,portuguese,participants,ext_def_exp,temp0.3_nodelim_norole_nocot,lusa_103,2,extraction,Gandarela,,0.8
qwen3_14b,portuguese,participants,ext_def_exp,temp0.3_nodelim_norole_nocot,lusa_103,2,extraction,Celorico de Basto,,0.8
qwen3_14b,portuguese,participants,ext_def_exp,temp0.3_nodelim_norole_nocot,lusa_103,2,extraction,uma pessoa,,0.7
qwen3_14b,portuguese,participants,cls_def_exp,temp0.3_nodelim_norole_nocot,lusa_103,2,classification,Fonte,Per,0.8
qwen3_14b,portuguese,participants,cls_def_exp,temp0.3_nodelim_norole_nocot,lusa_103,2,classification,Instituto Nacional de Emergência Médica (INEM),Org,0.95
qwen3_14b,portuguese,participants,cls_def_exp,temp0.3_nodelim_norole_nocot,lusa_103,2,classification,Lusa,Org,0.9
qwen3_14b,portuguese,participants,cls_def_exp,temp0.3_nodelim_norole_nocot,lusa_103,2,classification,Gandarela,Pl_region,0.7
qwen3_14b,portuguese,participants,cls_def_exp,temp0.3_nodelim_norole_nocot,lusa_103,2,classification,Celorico de Basto,Pl_civil,0.95
qwen3_14b,portuguese,participants,cls_def_exp,temp0.3_nodelim_norole_nocot,lusa_103,2,classification,uma pessoa,Per,0.9
qwen3_14b,portuguese,participants,sent_def_exp,temp0.3_nodelim_norole_nocot,lusa_103,3,detection,,yes,0.95
qwen3_14b,portuguese,participants,ext_def_exp,temp0.3_nodelim_norole_nocot,lusa_103,3,extraction,meios de socorro,,0.9
qwen3_14b,portuguese,participants,ext_def_exp,temp0.3_nodelim_norole_nocot,lusa_103,3,extraction,Cruz Vermelha local,,0.9
qwen3_14b,portuguese,participants,cls_def_exp,temp0.3_nodelim_norole_nocot,lusa_103,3,classification,meios de socorro,Obj,0.7
qwen3_14b,portuguese,participants,cls_def_exp,temp0.3_nodelim_norole_nocot,lusa_103,3,classification,Cruz Vermelha local,Org,0.95
qwen3_14b,portuguese,participants,sent_def_exp,temp0.3_nodelim_norole_nocot,lusa_103,4,detection,,yes,0.95
qwen3_14b,portuguese,participants,ext_def_exp,temp0.3_nodelim_norole_nocot,lusa_103,4,extraction,O homem,,0.95
qwen3_14b,portuguese,participants,ext_def_exp,temp0.3_nodelim_norole_nocot,lusa_103,4,extraction,via pública,,0.8
qwen3_14b,portuguese,participants,cls_def_exp,temp0.3_nodelim_norole_nocot,lusa_103,4,classification,O homem,Per,0.95
qwen3_14b,portuguese,participants,cls_def_exp,temp0.3_nodelim_norole_nocot,lusa_103,4,classification,via pública,Path,0.85
qwen3_14b,portuguese,participants,sent_def_exp,temp0.3_nodelim_norole_nocot,lusa_103,5,detection,,yes,0.95
qwen3_14b,portuguese,participants,ext_def_exp,temp0.3_nodelim_norole_nocot,lusa_103,5,extraction,o corpo,,0.9
qwen3_14b,portuguese,participants,ext_def_exp,temp0.3_nodelim_norole_nocot,lusa_103,5,extraction,a morgue de Guimarães,,0.9
qwen3_14b,portuguese,participants,ext_def_exp,temp0.3_nodelim_norole_nocot,lusa_103,5,extraction,Guimarães,,0.8
qwen3_14b,portuguese,participants,cls_def_exp,temp0.3_nodelim_norole_nocot,lusa_103,5,classification,o corpo,Obj,0.7
qwen3_14b,portuguese,participants,cls_def_exp,temp0.3_nodelim_norole_nocot,lusa_103,5,classification,a morgue de Guimarães,Fac,1.0
qwen3_14b,portuguese,participants,cls_def_exp,temp0.3_nodelim_norole_nocot,lusa_103,5,classification,Guimarães,Pl_civil,1.0
qwen3_14b,portuguese,participants,sent_def_exp,temp0.3_nodelim_norole_nocot,lusa_105,1,detection,,yes,0.95
qwen3_14b,portuguese,participants,ext_def_exp,temp0.3_nodelim_norole_nocot,lusa_105,1,extraction,Um homem de 31 anos,,0.95
qwen3_14b,portuguese,participants,ext_def_exp,temp0.3_nodelim_norole_nocot,lusa_105,1,extraction,o autor do disparo,,0.9
qwen3_14b,portuguese,participants,ext_def_exp,temp0.3_nodelim_norole_nocot,lusa_105,1,extraction,"Gulpilhares, Vila Nova de Gaia",,0.9
qwen3_14b,portuguese,participants,ext_def_exp,temp0.3_nodelim_norole_nocot,lusa_105,1,extraction,fonte policial,,0.85
qwen3_14b,portuguese,participants,cls_def_exp,temp0.3_nodelim_norole_nocot,lusa_105,1,classification,Um homem de 31 anos,Per,0.95
qwen3_14b,portuguese,participants,cls_def_exp,temp0.3_nodelim_norole_nocot,lusa_105,1,classification,o autor do disparo,Per,0.9
qwen3_14b,portuguese,participants,cls_def_exp,temp0.3_nodelim_norole_nocot,lusa_105,1,classification,"Gulpilhares, Vila Nova de Gaia",Pl_civil,0.95
qwen3_14b,portuguese,participants,cls_def_exp,temp0.3_nodelim_norole_nocot,lusa_105,1,classification,fonte policial,Per,0.85
qwen3_14b,portuguese,participants,sent_def_exp,temp0.3_nodelim_norole_nocot,lusa_105,2,detection,,yes,0.95
qwen3_14b,portuguese,participants,ext_def_exp,temp0.3_nodelim_norole_nocot,lusa_105,2,extraction,A vítima,,0.9
qwen3_14b,portuguese,participants,ext_def_exp,temp0.3_nodelim_norole_nocot,lusa_105,2,extraction,hospital Santos Silva,,0.9
qwen3_14b,portuguese,participants,ext_def_exp,temp0.3_nodelim_norole_nocot,lusa_105,2,extraction,Vila de Gaia,,0.9
qwen3_14b,portuguese,participants,ext_def_exp,temp0.3_nodelim_norole_nocot,lusa_105,2,extraction,distrito do Porto,,0.9
qwen3_14b,portuguese,participants,ext_def_exp,temp0.3_nodelim_norole_nocot,lusa_105,2,extraction,bombeiros de Valadares,,0.9
qwen3_14b,portuguese,participants,ext_def_exp,temp0.3_nodelim_norole_nocot,lusa_105,2,extraction,fonte,,0.8
qwen3_14b,portuguese,participants,cls_def_exp,temp0.3_nodelim_norole_nocot,lusa_105,2,classification,A vítima,Per,0.95
qwen3_14b,portuguese,participants,cls_def_exp,temp0.3_nodelim_norole_nocot,lusa_105,2,classification,hospital Santos Silva,Fac,0.9
qwen3_14b,portuguese,participants,cls_def_exp,temp0.3_nodelim_norole_nocot,lusa_105,2,classification,Vila de Gaia,Pl_civil,0.85
qwen3_14b,portuguese,participants,cls_def_exp,temp0.3_nodelim_norole_nocot,lusa_105,2,classification,distrito do Porto,Pl_state,0.9
qwen3_14b,portuguese,participants,cls_def_exp,temp0.3_nodelim_norole_nocot,lusa_105,2,classification,bombeiros de Valadares,Org,0.95
qwen3_14b,portuguese,participants,cls_def_exp,temp0.3_nodelim_norole_nocot,lusa_105,2,classification,fonte,Per,0.85
qwen3_14b,portuguese,participants,sent_def_exp,temp0.3_nodelim_norole_nocot,lusa_105,3,detection,,yes,0.95
qwen3_14b,portuguese,participants,ext_def_exp,temp0.3_nodelim_norole_nocot,lusa_105,3,extraction,um ferido ligeiro,,0.95
qwen3_14b,portuguese,participants,cls_def_exp,temp0.3_nodelim_norole_nocot,lusa_105,3,classification,um ferido ligeiro,Per,0.95
qwen3_14b,portuguese,participants,sent_def_exp,temp0.3_nodelim_norole_nocot,lusa_105,4,detection,,yes,0.95
qwen3_14b,portuguese,participants,ext_def_exp,temp0.3_nodelim_norole_nocot,lusa_105,4,extraction,autoridades,,0.9
qwen3_14b,portuguese,participants,ext_def_exp,temp0.3_nodelim_norole_nocot,lusa_105,4,extraction,a Polícia Judiciária,,0.95
qwen3_14b,portuguese,participants,ext_def_exp,temp0.3_nodelim_norole_nocot,lusa_105,4,extraction,daquele órgão de polícia criminal,,0.85
qwen3_14b,portuguese,participants,cls_def_exp,temp0.3_nodelim_norole_nocot,lusa_105,4,classification,autoridades,Org,0.95
qwen3_14b,portuguese,participants,cls_def_exp,temp0.3_nodelim_norole_nocot,lusa_105,4,classification,a Polícia Judiciária,Org,0.99
qwen3_14b,portuguese,participants,cls_def_exp,temp0.3_nodelim_norole_nocot,lusa_105,4,classification,daquele órgão de polícia criminal,Org,0.98
qwen3_14b,portuguese,participants,sent_def_exp,temp0.3_nodelim_norole_nocot,lusa_105,5,detection,,no,0.75
qwen3_14b,portuguese,participants,sent_def_exp,temp0.3_nodelim_norole_nocot,lusa_106,1,detection,,yes,0.95
qwen3_14b,portuguese,participants,ext_def_exp,temp0.3_nodelim_norole_nocot,lusa_106,1,extraction,Um homem de 52 anos,,0.95
qwen3_14b,portuguese,participants,ext_def_exp,temp0.3_nodelim_norole_nocot,lusa_106,1,extraction,um outro,,0.9
qwen3_14b,portuguese,participants,ext_def_exp,temp0.3_nodelim_norole_nocot,lusa_106,1,extraction,um camião,,0.95
qwen3_14b,portuguese,participants,ext_def_exp,temp0.3_nodelim_norole_nocot,lusa_106,1,extraction,um poste de eletricidade,,0.9
qwen3_14b,portuguese,participants,ext_def_exp,temp0.3_nodelim_norole_nocot,lusa_106,1,extraction,Rua da Constituição,,0.9
qwen3_14b,portuguese,participants,ext_def_exp,temp0.3_nodelim_norole_nocot,lusa_106,1,extraction,no Porto,,0.9
qwen3_14b,portuguese,participants,ext_def_exp,temp0.3_nodelim_norole_nocot,lusa_106,1,extraction,fonte da PSP,,0.9
qwen3_14b,portuguese,participants,ext_def_exp,temp0.3_nodelim_norole_nocot,lusa_106,1,extraction,à Lusa,,0.9
qwen3_14b,portuguese,participants,ext_def_exp,temp0.3_nodelim_norole_nocot,lusa_106,1,extraction,PSP,,0.9
qwen3_14b,portuguese,participants,cls_def_exp,temp0.3_nodelim_norole_nocot,lusa_106,1,classification,Um homem de 52 anos,Per,0.95
qwen3_14b,portuguese,participants,cls_def_exp,temp0.3_nodelim_norole_nocot,lusa_106,1,classification,um outro,Per,0.9
qwen3_14b,portuguese,participants,cls_def_exp,temp0.3_nodelim_norole_nocot,lusa_106,1,classification,um camião,Veh,0.95
qwen3_14b,portuguese,participants,cls_def_exp,temp0.3_nodelim_norole_nocot,lusa_106,1,classification,um poste de eletricidade,Obj,0.9
qwen3_14b,portuguese,participants,cls_def_exp,temp0.3_nodelim_norole_nocot,lusa_106,1,classification,Rua da Constituição,Path,0.95
qwen3_14b,portuguese,participants,cls_def_exp,temp0.3_nodelim_norole_nocot,lusa_106,1,classification,no Porto,Pl_civil,0.9
qwen3_14b,portuguese,participants,cls_def_exp,temp0.3_nodelim_norole_nocot,lusa_106,1,classification,fonte da PSP,Per,0.9
qwen3_14b,portuguese,participants,cls_def_exp,temp0.3_nodelim_norole_nocot,lusa_106,1,classification,à Lusa,Org,0.95
qwen3_14b,portuguese,participants,cls_def_exp,temp0.3_nodelim_norole_nocot,lusa_106,1,classification,PSP,Org,0.95
qwen3_14b,portuguese,participants,sent_def_exp,temp0.3_nodelim_norole_nocot,lusa_106,2,detection,,yes,0.95
qwen3_14b,portuguese,participants,ext_def_exp,temp0.3_nodelim_norole_nocot,lusa_106,2,extraction,fonte,,0.9
qwen3_14b,portuguese,participants,ext_def_exp,temp0.3_nodelim_norole_nocot,lusa_106,2,extraction,Comando Metropolitano da PSP do Porto,,0.8
qwen3_14b,portuguese,participants,ext_def_exp,temp0.3_nodelim_norole_nocot,lusa_106,2,extraction,poste de iluminação,,0.9
qwen3_14b,portuguese,participants,ext_def_exp,temp0.3_nodelim_norole_nocot,lusa_106,2,extraction,grua do camião,,0.8
qwen3_14b,portuguese,participants,ext_def_exp,temp0.3_nodelim_norole_nocot,lusa_106,2,extraction,o homem,,0.9
qwen3_14b,portuguese,participants,cls_def_exp,temp0.3_nodelim_norole_nocot,lusa_106,2,classification,fonte,Per,0.95
qwen3_14b,portuguese,participants,cls_def_exp,temp0.3_nodelim_norole_nocot,lusa_106,2,classification,Comando Metropolitano da PSP do Porto,Org,0.9
qwen3_14b,portuguese,participants,cls_def_exp,temp0.3_nodelim_norole_nocot,lusa_106,2,classification,poste de iluminação,Obj,0.95
qwen3_14b,portuguese,participants,cls_def_exp,temp0.3_nodelim_norole_nocot,lusa_106,2,classification,grua do camião,Obj,0.8
qwen3_14b,portuguese,participants,cls_def_exp,temp0.3_nodelim_norole_nocot,lusa_106,2,classification,o homem,Per,0.95
qwen3_14b,portuguese,participants,sent_def_exp,temp0.3_nodelim_norole_nocot,lusa_106,3,detection,,yes,0.95
qwen3_14b,portuguese,participants,ext_def_exp,temp0.3_nodelim_norole_nocot,lusa_106,3,extraction,a vítima,,1.0
qwen3_14b,portuguese,participants,ext_def_exp,temp0.3_nodelim_norole_nocot,lusa_106,3,extraction,Hospital de Santo António,,1.0
qwen3_14b,portuguese,participants,cls_def_exp,temp0.3_nodelim_norole_nocot,lusa_106,3,classification,a vítima,Per,0.95
qwen3_14b,portuguese,participants,cls_def_exp,temp0.3_nodelim_norole_nocot,lusa_106,3,classification,Hospital de Santo António,Fac,0.95
qwen3_14b,portuguese,participants,sent_def_exp,temp0.3_nodelim_norole_nocot,lusa_106,4,detection,,yes,0.95
qwen3_14b,portuguese,participants,ext_def_exp,temp0.3_nodelim_norole_nocot,lusa_106,4,extraction,A estrutura,,0.9
qwen3_14b,portuguese,participants,ext_def_exp,temp0.3_nodelim_norole_nocot,lusa_106,4,extraction,o funcionário,,0.9
qwen3_14b,portuguese,participants,cls_def_exp,temp0.3_nodelim_norole_nocot,lusa_106,4,classification,A estrutura,Obj,0.95
qwen3_14b,portuguese,participants,cls_def_exp,temp0.3_nodelim_norole_nocot,lusa_106,4,classification,o funcionário,Per,0.95
qwen3_14b,portuguese,participants,sent_def_exp,temp0.3_nodelim_norole_nocot,lusa_106,5,detection,,no,0.95
qwen3_14b,portuguese,participants,sent_def_exp,temp0.3_nodelim_norole_nocot,lusa_106,6,detection,,yes,0.95
qwen3_14b,portuguese,participants,ext_def_exp,temp0.3_nodelim_norole_nocot,lusa_106,6,extraction,a Câmara do Porto,,0.95
qwen3_14b,portuguese,participants,ext_def_exp,temp0.3_nodelim_norole_nocot,lusa_106,6,extraction,Empresa Municipal de Ambiente do Porto,,0.95
qwen3_14b,portuguese,participants,ext_def_exp,temp0.3_nodelim_norole_nocot,lusa_106,6,extraction,um veículo da Empresa Municipal de Ambiente do Porto,,0.9
qwen3_14b,portuguese,participants,ext_def_exp,temp0.3_nodelim_norole_nocot,lusa_106,6,extraction,poste de eletricidade,,0.9
qwen3_14b,portuguese,participants,cls_def_exp,temp0.3_nodelim_norole_nocot,lusa_106,6,classification,a Câmara do Porto,Org,0.95
qwen3_14b,portuguese,participants,cls_def_exp,temp0.3_nodelim_norole_nocot,lusa_106,6,classification,Empresa Municipal de Ambiente do Porto,Org,0.98
qwen3_14b,portuguese,participants,cls_def_exp,temp0.3_nodelim_norole_nocot,lusa_106,6,classification,um veículo da Empresa Municipal de Ambiente do Porto,Veh,0.95
qwen3_14b,portuguese,participants,cls_def_exp,temp0.3_nodelim_norole_nocot,lusa_106,6,classification,poste de eletricidade,Obj,0.95
qwen3_14b,portuguese,participants,sent_def_exp,temp0.3_nodelim_norole_nocot,lusa_106,7,detection,,yes,0.95
qwen3_14b,portuguese,participants,ext_def_exp,temp0.3_nodelim_norole_nocot,lusa_106,7,extraction,A empresa,,0.9
qwen3_14b,portuguese,participants,ext_def_exp,temp0.3_nodelim_norole_nocot,lusa_106,7,extraction,as autoridades,,0.8
qwen3_14b,portuguese,participants,ext_def_exp,temp0.3_nodelim_norole_nocot,lusa_106,7,extraction,o município,,0.9
qwen3_14b,portuguese,participants,ext_def_exp,temp0.3_nodelim_norole_nocot,lusa_106,7,extraction,a família,,0.8
qwen3_14b,portuguese,participants,cls_def_exp,temp0.3_nodelim_norole_nocot,lusa_106,7,classification,A empresa,Org,0.95
qwen3_14b,portuguese,participants,cls_def_exp,temp0.3_nodelim_norole_nocot,lusa_106,7,classification,as autoridades,Org,0.9
qwen3_14b,portuguese,participants,cls_def_exp,temp0.3_nodelim_norole_nocot,lusa_106,7,classification,o município,Pl_civil,0.95
qwen3_14b,portuguese,participants,cls_def_exp,temp0.3_nodelim_norole_nocot,lusa_106,7,classification,a família,Other,0.8
qwen3_14b,portuguese,participants,sent_def_exp,temp0.3_nodelim_norole_nocot,lusa_107,1,detection,,yes,0.95
qwen3_14b,portuguese,participants,ext_def_exp,temp0.3_nodelim_norole_nocot,lusa_107,1,extraction,Um homem de 60,,0.9
qwen3_14b,portuguese,participants,ext_def_exp,temp0.3_nodelim_norole_nocot,lusa_107,1,extraction,Matosinhos,,0.9
qwen3_14b,portuguese,participants,ext_def_exp,temp0.3_nodelim_norole_nocot,lusa_107,1,extraction,distrito do Porto,,0.9
qwen3_14b,portuguese,participants,ext_def_exp,temp0.3_nodelim_norole_nocot,lusa_107,1,extraction,Lusa,,0.9
qwen3_14b,portuguese,participants,ext_def_exp,temp0.3_nodelim_norole_nocot,lusa_107,1,extraction,fonte da PSP,,0.8
qwen3_14b,portuguese,participants,ext_def_exp,temp0.3_nodelim_norole_nocot,lusa_107,1,extraction,telhado da sua habitação,,0.7
qwen3_14b,portuguese,participants,ext_def_exp,temp0.3_nodelim_norole_nocot,lusa_107,1,extraction,PSP,,0.9
qwen3_14b,portuguese,participants,ext_def_exp,temp0.3_nodelim_norole_nocot,lusa_107,1,extraction,fonte,,0.8
qwen3_14b,portuguese,participants,cls_def_exp,temp0.3_nodelim_norole_nocot,lusa_107,1,classification,Um homem de 60,Per,0.95
qwen3_14b,portuguese,participants,cls_def_exp,temp0.3_nodelim_norole_nocot,lusa_107,1,classification,Matosinhos,Pl_civil,0.9
qwen3_14b,portuguese,participants,cls_def_exp,temp0.3_nodelim_norole_nocot,lusa_107,1,classification,distrito do Porto,Pl_state,0.95
qwen3_14b,portuguese,participants,cls_def_exp,temp0.3_nodelim_norole_nocot,lusa_107,1,classification,Lusa,Org,0.95
qwen3_14b,portuguese,participants,cls_def_exp,temp0.3_nodelim_norole_nocot,lusa_107,1,classification,fonte da PSP,Per,0.85
qwen3_14b,portuguese,participants,cls_def_exp,temp0.3_nodelim_norole_nocot,lusa_107,1,classification,telhado da sua habitação,Obj,0.9
qwen3_14b,portuguese,participants,cls_def_exp,temp0.3_nodelim_norole_nocot,lusa_107,1,classification,PSP,Org,0.95
qwen3_14b,portuguese,participants,cls_def_exp,temp0.3_nodelim_norole_nocot,lusa_107,1,classification,fonte,Per,0.8
qwen3_14b,portuguese,participants,sent_def_exp,temp0.3_nodelim_norole_nocot,lusa_107,2,detection,,yes,0.95
qwen3_14b,portuguese,participants,ext_def_exp,temp0.3_nodelim_norole_nocot,lusa_107,2,extraction,o homem,,0.95
qwen3_14b,portuguese,participants,ext_def_exp,temp0.3_nodelim_norole_nocot,lusa_107,2,extraction,a fonte,,0.8
qwen3_14b,portuguese,participants,ext_def_exp,temp0.3_nodelim_norole_nocot,lusa_107,2,extraction,Rua Augusto Gil,,0.75
qwen3_14b,portuguese,participants,cls_def_exp,temp0.3_nodelim_norole_nocot,lusa_107,2,classification,o homem,Per,0.95
qwen3_14b,portuguese,participants,cls_def_exp,temp0.3_nodelim_norole_nocot,lusa_107,2,classification,a fonte,Per,0.8
qwen3_14b,portuguese,participants,cls_def_exp,temp0.3_nodelim_norole_nocot,lusa_107,2,classification,Rua Augusto Gil,Path,0.95
qwen3_14b,portuguese,participants,sent_def_exp,temp0.3_nodelim_norole_nocot,lusa_107,3,detection,,yes,0.95
qwen3_14b,portuguese,participants,ext_def_exp,temp0.3_nodelim_norole_nocot,lusa_107,3,extraction,os bombeiros de Leixões,,0.95
qwen3_14b,portuguese,participants,cls_def_exp,temp0.3_nodelim_norole_nocot,lusa_107,3,classification,os bombeiros de Leixões,Per,0.95
qwen3_14b,portuguese,participants,sent_def_exp,temp0.3_nodelim_norole_nocot,lusa_108,1,detection,,yes,0.95
qwen3_14b,portuguese,participants,ext_def_exp,temp0.3_nodelim_norole_nocot,lusa_108,1,extraction,um homem,,0.95
qwen3_14b,portuguese,participants,ext_def_exp,temp0.3_nodelim_norole_nocot,lusa_108,1,extraction,outro,,0.95
qwen3_14b,portuguese,participants,ext_def_exp,temp0.3_nodelim_norole_nocot,lusa_108,1,extraction,Algueirão-Mem Martins,,0.9
qwen3_14b,portuguese,participants,ext_def_exp,temp0.3_nodelim_norole_nocot,lusa_108,1,extraction,Sintra,,0.9
qwen3_14b,portuguese,participants,ext_def_exp,temp0.3_nodelim_norole_nocot,lusa_108,1,extraction,distrito de Lisboa,,0.9
qwen3_14b,portuguese,participants,ext_def_exp,temp0.3_nodelim_norole_nocot,lusa_108,1,extraction,agência Lusa,,0.95
qwen3_14b,portuguese,participants,ext_def_exp,temp0.3_nodelim_norole_nocot,lusa_108,1,extraction,a PSP,,0.95
qwen3_14b,portuguese,participants,cls_def_exp,temp0.3_nodelim_norole_nocot,lusa_108,1,classification,um homem,Per,0.95
qwen3_14b,portuguese,participants,cls_def_exp,temp0.3_nodelim_norole_nocot,lusa_108,1,classification,outro,Per,0.85
qwen3_14b,portuguese,participants,cls_def_exp,temp0.3_nodelim_norole_nocot,lusa_108,1,classification,Algueirão-Mem Martins,Pl_civil,0.9
qwen3_14b,portuguese,participants,cls_def_exp,temp0.3_nodelim_norole_nocot,lusa_108,1,classification,Sintra,Pl_civil,0.95
qwen3_14b,portuguese,participants,cls_def_exp,temp0.3_nodelim_norole_nocot,lusa_108,1,classification,distrito de Lisboa,Pl_state,0.9
qwen3_14b,portuguese,participants,cls_def_exp,temp0.3_nodelim_norole_nocot,lusa_108,1,classification,agência Lusa,Org,0.95
qwen3_14b,portuguese,participants,cls_def_exp,temp0.3_nodelim_norole_nocot,lusa_108,1,classification,a PSP,Org,0.95
qwen3_14b,portuguese,participants,sent_def_exp,temp0.3_nodelim_norole_nocot,lusa_108,2,detection,,yes,0.95
qwen3_14b,portuguese,participants,ext_def_exp,temp0.3_nodelim_norole_nocot,lusa_108,2,extraction,Comando Metropolitano de Lisboa,,0.95
qwen3_14b,portuguese,participants,ext_def_exp,temp0.3_nodelim_norole_nocot,lusa_108,2,extraction,Cometlis,,0.95
qwen3_14b,portuguese,participants,ext_def_exp,temp0.3_nodelim_norole_nocot,lusa_108,2,extraction,duas pessoas,,0.9
qwen3_14b,portuguese,participants,ext_def_exp,temp0.3_nodelim_norole_nocot,lusa_108,2,extraction,uma,,0.8
qwen3_14b,portuguese,participants,ext_def_exp,temp0.3_nodelim_norole_nocot,lusa_108,2,extraction,a outra,,0.8
qwen3_14b,portuguese,participants,ext_def_exp,temp0.3_nodelim_norole_nocot,lusa_108,2,extraction,Estrada de Mem Martins,,0.9
qwen3_14b,portuguese,participants,ext_def_exp,temp0.3_nodelim_norole_nocot,lusa_108,2,extraction,Hospital Professor Doutor Fernando Fonseca,,0.95
qwen3_14b,portuguese,participants,ext_def_exp,temp0.3_nodelim_norole_nocot,lusa_108,2,extraction,Amadora-Sintra,,0.85
qwen3_14b,portuguese,participants,cls_def_exp,temp0.3_nodelim_norole_nocot,lusa_108,2,classification,Comando Metropolitano de Lisboa,Org,0.95
qwen3_14b,portuguese,participants,cls_def_exp,temp0.3_nodelim_norole_nocot,lusa_108,2,classification,Cometlis,Org,0.9
qwen3_14b,portuguese,participants,cls_def_exp,temp0.3_nodelim_norole_nocot,lusa_108,2,classification,duas pessoas,Per,0.95
qwen3_14b,portuguese,participants,cls_def_exp,temp0.3_nodelim_norole_nocot,lusa_108,2,classification,uma,Per,0.9
qwen3_14b,portuguese,participants,cls_def_exp,temp0.3_nodelim_norole_nocot,lusa_108,2,classification,a outra,Per,0.9
qwen3_14b,portuguese,participants,cls_def_exp,temp0.3_nodelim_norole_nocot,lusa_108,2,classification,Estrada de Mem Martins,Path,0.95
qwen3_14b,portuguese,participants,cls_def_exp,temp0.3_nodelim_norole_nocot,lusa_108,2,classification,Hospital Professor Doutor Fernando Fonseca,Fac,0.95
qwen3_14b,portuguese,participants,cls_def_exp,temp0.3_nodelim_norole_nocot,lusa_108,2,classification,Amadora-Sintra,Pl_civil,0.8
qwen3_14b,portuguese,participants,sent_def_exp,temp0.3_nodelim_norole_nocot,lusa_108,3,detection,,yes,0.95
qwen3_14b,portuguese,participants,ext_def_exp,temp0.3_nodelim_norole_nocot,lusa_108,3,extraction,fonte,,0.7
qwen3_14b,portuguese,participants,ext_def_exp,temp0.3_nodelim_norole_nocot,lusa_108,3,extraction,Cometlis,,0.9
qwen3_14b,portuguese,participants,cls_def_exp,temp0.3_nodelim_norole_nocot,lusa_108,3,classification,fonte,Per,0.7
qwen3_14b,portuguese,participants,cls_def_exp,temp0.3_nodelim_norole_nocot,lusa_108,3,classification,Cometlis,Org,0.9
qwen3_14b,portuguese,participants,sent_def_exp,temp0.3_nodelim_norole_nocot,lusa_108,4,detection,,yes,0.95
qwen3_14b,portuguese,participants,ext_def_exp,temp0.3_nodelim_norole_nocot,lusa_108,4,extraction,a PSP,,0.95
qwen3_14b,portuguese,participants,ext_def_exp,temp0.3_nodelim_norole_nocot,lusa_108,4,extraction,as vítimas,,0.9
qwen3_14b,portuguese,participants,cls_def_exp,temp0.3_nodelim_norole_nocot,lusa_108,4,classification,a PSP,Org,0.95
qwen3_14b,portuguese,participants,cls_def_exp,temp0.3_nodelim_norole_nocot,lusa_108,4,classification,as vítimas,Per,0.9
qwen3_14b,portuguese,participants,sent_def_exp,temp0.3_nodelim_norole_nocot,lusa_108,5,detection,,yes,0.95
qwen3_14b,portuguese,participants,ext_def_exp,temp0.3_nodelim_norole_nocot,lusa_108,5,extraction,Polícia Judiciária (PJ),,0.95
qwen3_14b,portuguese,participants,cls_def_exp,temp0.3_nodelim_norole_nocot,lusa_108,5,classification,Polícia Judiciária (PJ),Org,0.95
qwen3_14b,portuguese,participants,sent_def_exp,temp0.3_nodelim_norole_nocot,lusa_109,1,detection,,yes,0.98
qwen3_14b,portuguese,participants,ext_def_exp,temp0.3_nodelim_norole_nocot,lusa_109,1,extraction,Um homem de 31 anos,,0.95
qwen3_14b,portuguese,participants,ext_def_exp,temp0.3_nodelim_norole_nocot,lusa_109,1,extraction,uma árvore,,0.8
qwen3_14b,portuguese,participants,ext_def_exp,temp0.3_nodelim_norole_nocot,lusa_109,1,extraction,ravina,,0.7
qwen3_14b,portuguese,participants,ext_def_exp,temp0.3_nodelim_norole_nocot,lusa_109,1,extraction,Regilde,,0.8
qwen3_14b,portuguese,participants,ext_def_exp,temp0.3_nodelim_norole_nocot,lusa_109,1,extraction,no concelho de Felgueiras,,0.7
qwen3_14b,portuguese,participants,ext_def_exp,temp0.3_nodelim_norole_nocot,lusa_109,1,extraction,fonte,,0.7
qwen3_14b,portuguese,participants,ext_def_exp,temp0.3_nodelim_norole_nocot,lusa_109,1,extraction,bombeiros,,0.7
qwen3_14b,portuguese,participants,ext_def_exp,temp0.3_nodelim_norole_nocot,lusa_109,1,extraction,à Lusa,,0.8
qwen3_14b,portuguese,participants,cls_def_exp,temp0.3_nodelim_norole_nocot,lusa_109,1,classification,Um homem de 31 anos,Per,0.95
qwen3_14b,portuguese,participants,cls_def_exp,temp0.3_nodelim_norole_nocot,lusa_109,1,classification,uma árvore,Nat,0.9
qwen3_14b,portuguese,participants,cls_def_exp,temp0.3_nodelim_norole_nocot,lusa_109,1,classification,ravina,Loc,0.6
qwen3_14b,portuguese,participants,cls_def_exp,temp0.3_nodelim_norole_nocot,lusa_109,1,classification,Regilde,Pl_civil,0.8
qwen3_14b,portuguese,participants,cls_def_exp,temp0.3_nodelim_norole_nocot,lusa_109,1,classification,no concelho de Felgueiras,Pl_civil,0.95
qwen3_14b,portuguese,participants,cls_def_exp,temp0.3_nodelim_norole_nocot,lusa_109,1,classification,fonte,Per,0.9
qwen3_14b,portuguese,participants,cls_def_exp,temp0.3_nodelim_norole_nocot,lusa_109,1,classification,bombeiros,Org,0.95
qwen3_14b,portuguese,participants,cls_def_exp,temp0.3_nodelim_norole_nocot,lusa_109,1,classification,à Lusa,Org,0.95
qwen3_14b,portuguese,participants,sent_def_exp,temp0.3_nodelim_norole_nocot,lusa_109,2,detection,,yes,0.95
qwen3_14b,portuguese,participants,ext_def_exp,temp0.3_nodelim_norole_nocot,lusa_109,2,extraction,A vítima,,1.0
qwen3_14b,portuguese,participants,ext_def_exp,temp0.3_nodelim_norole_nocot,lusa_109,2,extraction,a árvore,,1.0
qwen3_14b,portuguese,participants,ext_def_exp,temp0.3_nodelim_norole_nocot,lusa_109,2,extraction,a ravina,,1.0
qwen3_14b,portuguese,participants,ext_def_exp,temp0.3_nodelim_norole_nocot,lusa_109,2,extraction,a fonte,,1.0
qwen3_14b,portuguese,participants,ext_def_exp,temp0.3_nodelim_norole_nocot,lusa_109,2,extraction,a corporação de Felgueiras,,1.0
qwen3_14b,portuguese,participants,cls_def_exp,temp0.3_nodelim_norole_nocot,lusa_109,2,classification,A vítima,Per,0.95
qwen3_14b,portuguese,participants,cls_def_exp,temp0.3_nodelim_norole_nocot,lusa_109,2,classification,a árvore,Nat,0.9
qwen3_14b,portuguese,participants,cls_def_exp,temp0.3_nodelim_norole_nocot,lusa_109,2,classification,a ravina,Pl_region,0.85
qwen3_14b,portuguese,participants,cls_def_exp,temp0.3_nodelim_norole_nocot,lusa_109,2,classification,a fonte,Per,0.8
qwen3_14b,portuguese,participants,cls_def_exp,temp0.3_nodelim_norole_nocot,lusa_109,2,classification,a corporação de Felgueiras,Org,0.95
qwen3_14b,portuguese,participants,sent_def_exp,temp0.3_nodelim_norole_nocot,lusa_109,3,detection,,yes,0.95
qwen3_14b,portuguese,participants,ext_def_exp,temp0.3_nodelim_norole_nocot,lusa_109,3,extraction,comandante Júlio Pereira,,0.95
qwen3_14b,portuguese,participants,ext_def_exp,temp0.3_nodelim_norole_nocot,lusa_109,3,extraction,a vítima,,0.9
qwen3_14b,portuguese,participants,ext_def_exp,temp0.3_nodelim_norole_nocot,lusa_109,3,extraction,equipa de grande ângulo da corporação,,0.85
qwen3_14b,portuguese,participants,ext_def_exp,temp0.3_nodelim_norole_nocot,lusa_109,3,extraction,corporação,,0.8
qwen3_14b,portuguese,participants,cls_def_exp,temp0.3_nodelim_norole_nocot,lusa_109,3,classification,comandante Júlio Pereira,Per,0.95
qwen3_14b,portuguese,participants,cls_def_exp,temp0.3_nodelim_norole_nocot,lusa_109,3,classification,a vítima,Per,0.95
qwen3_14b,portuguese,participants,cls_def_exp,temp0.3_nodelim_norole_nocot,lusa_109,3,classification,equipa de grande ângulo da corporação,Org,0.9
qwen3_14b,portuguese,participants,cls_def_exp,temp0.3_nodelim_norole_nocot,lusa_109,3,classification,corporação,Org,0.95
qwen3_14b,portuguese,participants,sent_def_exp,temp0.3_nodelim_norole_nocot,lusa_109,4,detection,,yes,0.95
qwen3_14b,portuguese,participants,ext_def_exp,temp0.3_nodelim_norole_nocot,lusa_109,4,extraction,Os Bombeiros de Felgueiras,,0.95
qwen3_14b,portuguese,participants,ext_def_exp,temp0.3_nodelim_norole_nocot,lusa_109,4,extraction,uma ambulância,,0.9
qwen3_14b,portuguese,participants,ext_def_exp,temp0.3_nodelim_norole_nocot,lusa_109,4,extraction,a viatura de desencarceramento,,0.9
qwen3_14b,portuguese,participants,ext_def_exp,temp0.3_nodelim_norole_nocot,lusa_109,4,extraction,a viatura de resgate em grande ângulo,,0.9
qwen3_14b,portuguese,participants,cls_def_exp,temp0.3_nodelim_norole_nocot,lusa_109,4,classification,Os Bombeiros de Felgueiras,Org,1.0
qwen3_14b,portuguese,participants,cls_def_exp,temp0.3_nodelim_norole_nocot,lusa_109,4,classification,uma ambulância,Veh,1.0
qwen3_14b,portuguese,participants,cls_def_exp,temp0.3_nodelim_norole_nocot,lusa_109,4,classification,a viatura de desencarceramento,Veh,1.0
qwen3_14b,portuguese,participants,cls_def_exp,temp0.3_nodelim_norole_nocot,lusa_109,4,classification,a viatura de resgate em grande ângulo,Veh,1.0
qwen3_14b,portuguese,participants,sent_def_exp,temp0.3_nodelim_norole_nocot,lusa_109,5,detection,,yes,0.95
qwen3_14b,portuguese,participants,ext_def_exp,temp0.3_nodelim_norole_nocot,lusa_109,5,extraction,O homem,,1.0
qwen3_14b,portuguese,participants,ext_def_exp,temp0.3_nodelim_norole_nocot,lusa_109,5,extraction,equipa da Viatura Médica de Emergência e Reanimação (VMER) do Vale do Sousa,,1.0
qwen3_14b,portuguese,participants,ext_def_exp,temp0.3_nodelim_norole_nocot,lusa_109,5,extraction,Hospital de Guimarães,,1.0
qwen3_14b,portuguese,participants,cls_def_exp,temp0.3_nodelim_norole_nocot,lusa_109,5,classification,O homem,Per,0.95
qwen3_14b,portuguese,participants,cls_def_exp,temp0.3_nodelim_norole_nocot,lusa_109,5,classification,equipa da Viatura Médica de Emergência e Reanimação (VMER) do Vale do Sousa,Org,0.9
qwen3_14b,portuguese,participants,cls_def_exp,temp0.3_nodelim_norole_nocot,lusa_109,5,classification,Hospital de Guimarães,Fac,0.95
qwen3_14b,portuguese,participants,sent_def_exp,temp0.3_nodelim_norole_nocot,lusa_109,6,detection,,yes,0.95
qwen3_14b,portuguese,participants,ext_def_exp,temp0.3_nodelim_norole_nocot,lusa_109,6,extraction,GNR,,0.95
qwen3_14b,portuguese,participants,cls_def_exp,temp0.3_nodelim_norole_nocot,lusa_109,6,classification,GNR,Org,0.95
qwen3_14b,portuguese,participants,sent_def_exp,temp0.3_nodelim_norole_nocot,lusa_110,1,detection,,yes,0.95
qwen3_14b,portuguese,participants,ext_def_exp,temp0.3_nodelim_norole_nocot,lusa_110,1,extraction,Um homem,,1.0
qwen3_14b,portuguese,participants,ext_def_exp,temp0.3_nodelim_norole_nocot,lusa_110,1,extraction,um incêndio,,1.0
qwen3_14b,portuguese,participants,ext_def_exp,temp0.3_nodelim_norole_nocot,lusa_110,1,extraction,a habitação,,0.9
qwen3_14b,portuguese,participants,ext_def_exp,temp0.3_nodelim_norole_nocot,lusa_110,1,extraction,concelho da Ribeira Brava,,0.9
qwen3_14b,portuguese,participants,ext_def_exp,temp0.3_nodelim_norole_nocot,lusa_110,1,extraction,Ribeira Brava,,0.9
qwen3_14b,portuguese,participants,ext_def_exp,temp0.3_nodelim_norole_nocot,lusa_110,1,extraction,fonte dos bombeiros da localidade,,0.9
qwen3_14b,portuguese,participants,ext_def_exp,temp0.3_nodelim_norole_nocot,lusa_110,1,extraction,Lusa,,1.0
qwen3_14b,portuguese,participants,ext_def_exp,temp0.3_nodelim_norole_nocot,lusa_110,1,extraction,bombeiros,,0.9
qwen3_14b,portuguese,participants,ext_def_exp,temp0.3_nodelim_norole_nocot,lusa_110,1,extraction,a localidade,,0.8
qwen3_14b,portuguese,participants,cls_def_exp,temp0.3_nodelim_norole_nocot,lusa_110,1,classification,Um homem,Per,0.95
qwen3_14b,portuguese,participants,cls_def_exp,temp0.3_nodelim_norole_nocot,lusa_110,1,classification,um incêndio,Nat,0.7
qwen3_14b,portuguese,participants,cls_def_exp,temp0.3_nodelim_norole_nocot,lusa_110,1,classification,a habitação,Obj,0.9
qwen3_14b,portuguese,participants,cls_def_exp,temp0.3_nodelim_norole_nocot,lusa_110,1,classification,concelho da Ribeira Brava,Pl_civil,0.95
qwen3_14b,portuguese,participants,cls_def_exp,temp0.3_nodelim_norole_nocot,lusa_110,1,classification,Ribeira Brava,Pl_civil,0.95
qwen3_14b,portuguese,participants,cls_def_exp,temp0.3_nodelim_norole_nocot,lusa_110,1,classification,fonte dos bombeiros da localidade,Per,0.85
qwen3_14b,portuguese,participants,cls_def_exp,temp0.3_nodelim_norole_nocot,lusa_110,1,classification,Lusa,Org,0.95
qwen3_14b,portuguese,participants,cls_def_exp,temp0.3_nodelim_norole_nocot,lusa_110,1,classification,bombeiros,Org,0.9
qwen3_14b,portuguese,participants,cls_def_exp,temp0.3_nodelim_norole_nocot,lusa_110,1,classification,a localidade,Loc,0.75
qwen3_14b,portuguese,participants,sent_def_exp,temp0.3_nodelim_norole_nocot,lusa_110,2,detection,,yes,0.95
qwen3_14b,portuguese,participants,ext_def_exp,temp0.3_nodelim_norole_nocot,lusa_110,2,extraction,corporação dos Bombeiros Voluntários da Ribeira Brava e Ponta do Sol,,0.95
qwen3_14b,portuguese,participants,ext_def_exp,temp0.3_nodelim_norole_nocot,lusa_110,2,extraction,homem,,0.9
qwen3_14b,portuguese,participants,ext_def_exp,temp0.3_nodelim_norole_nocot,lusa_110,2,extraction,vítima,,0.9
qwen3_14b,portuguese,participants,ext_def_exp,temp0.3_nodelim_norole_nocot,lusa_110,2,extraction,fonte,,0.9
qwen3_14b,portuguese,participants,ext_def_exp,temp0.3_nodelim_norole_nocot,lusa_110,2,extraction,a mesma fonte,,0.9
qwen3_14b,portuguese,participants,cls_def_exp,temp0.3_nodelim_norole_nocot,lusa_110,2,classification,corporação dos Bombeiros Voluntários da Ribeira Brava e Ponta do Sol,Org,0.95
qwen3_14b,portuguese,participants,cls_def_exp,temp0.3_nodelim_norole_nocot,lusa_110,2,classification,homem,Per,0.9
qwen3_14b,portuguese,participants,cls_def_exp,temp0.3_nodelim_norole_nocot,lusa_110,2,classification,vítima,Per,0.95
qwen3_14b,portuguese,participants,cls_def_exp,temp0.3_nodelim_norole_nocot,lusa_110,2,classification,fonte,Per,0.85
qwen3_14b,portuguese,participants,cls_def_exp,temp0.3_nodelim_norole_nocot,lusa_110,2,classification,a mesma fonte,Per,0.9
qwen3_14b,portuguese,participants,sent_def_exp,temp0.3_nodelim_norole_nocot,lusa_110,3,detection,,yes,0.98
qwen3_14b,portuguese,participants,ext_def_exp,temp0.3_nodelim_norole_nocot,lusa_110,3,extraction,Roberto Gonçalves,,0.9
qwen3_14b,portuguese,participants,ext_def_exp,temp0.3_nodelim_norole_nocot,lusa_110,3,extraction,corporação,,0.7
qwen3_14b,portuguese,participants,ext_def_exp,temp0.3_nodelim_norole_nocot,lusa_110,3,extraction,a habitação,,0.7
qwen3_14b,portuguese,participants,ext_def_exp,temp0.3_nodelim_norole_nocot,lusa_110,3,extraction,quarto de dormir,,0.7
qwen3_14b,portuguese,participants,ext_def_exp,temp0.3_nodelim_norole_nocot,lusa_110,3,extraction,a vítima,,0.7
qwen3_14b,portuguese,participants,ext_def_exp,temp0.3_nodelim_norole_nocot,lusa_110,3,extraction,hall de entrada,,0.7
qwen3_14b,portuguese,participants,ext_def_exp,temp0.3_nodelim_norole_nocot,lusa_110,3,extraction,o quarto onde a vítima se encontrava,,0.7
qwen3_14b,portuguese,participants,cls_def_exp,temp0.3_nodelim_norole_nocot,lusa_110,3,classification,Roberto Gonçalves,Per,0.95
qwen3_14b,portuguese,participants,cls_def_exp,temp0.3_nodelim_norole_nocot,lusa_110,3,classification,corporação,Org,0.9
qwen3_14b,portuguese,participants,cls_def_exp,temp0.3_nodelim_norole_nocot,lusa_110,3,classification,a habitação,Fac,0.8
qwen3_14b,portuguese,participants,cls_def_exp,temp0.3_nodelim_norole_nocot,lusa_110,3,classification,quarto de dormir,Fac,0.9
qwen3_14b,portuguese,participants,cls_def_exp,temp0.3_nodelim_norole_nocot,lusa_110,3,classification,a vítima,Per,0.95
qwen3_14b,portuguese,participants,cls_def_exp,temp0.3_nodelim_norole_nocot,lusa_110,3,classification,hall de entrada,Fac,0.9
qwen3_14b,portuguese,participants,cls_def_exp,temp0.3_nodelim_norole_nocot,lusa_110,3,classification,o quarto onde a vítima se encontrava,Fac,0.85
qwen3_14b,portuguese,participants,sent_def_exp,temp0.3_nodelim_norole_nocot,lusa_110,4,detection,,yes,0.95
qwen3_14b,portuguese,participants,ext_def_exp,temp0.3_nodelim_norole_nocot,lusa_110,4,extraction,os elementos da corporação,,0.7
qwen3_14b,portuguese,participants,ext_def_exp,temp0.3_nodelim_norole_nocot,lusa_110,4,extraction,a vítima,,0.95
qwen3_14b,portuguese,participants,cls_def_exp,temp0.3_nodelim_norole_nocot,lusa_110,4,classification,os elementos da corporação,Per,0.95
qwen3_14b,portuguese,participants,cls_def_exp,temp0.3_nodelim_norole_nocot,lusa_110,4,classification,a vítima,Per,0.95
qwen3_14b,portuguese,participants,sent_def_exp,temp0.3_nodelim_norole_nocot,lusa_110,5,detection,,yes,0.95
qwen3_14b,portuguese,participants,ext_def_exp,temp0.3_nodelim_norole_nocot,lusa_110,5,extraction,O presidente da Câmara Municipal da Ribeira Brava,,0.9
qwen3_14b,portuguese,participants,ext_def_exp,temp0.3_nodelim_norole_nocot,lusa_110,5,extraction,Ricardo Nascimento,,0.95
qwen3_14b,portuguese,participants,ext_def_exp,temp0.3_nodelim_norole_nocot,lusa_110,5,extraction,à Lusa,,0.85
qwen3_14b,portuguese,participants,ext_def_exp,temp0.3_nodelim_norole_nocot,lusa_110,5,extraction,as forças policiais,,0.9
qwen3_14b,portuguese,participants,cls_def_exp,temp0.3_nodelim_norole_nocot,lusa_110,5,classification,O presidente da Câmara Municipal da Ribeira Brava,Per,0.95
qwen3_14b,portuguese,participants,cls_def_exp,temp0.3_nodelim_norole_nocot,lusa_110,5,classification,Ricardo Nascimento,Per,0.99
qwen3_14b,portuguese,participants,cls_def_exp,temp0.3_nodelim_norole_nocot,lusa_110,5,classification,à Lusa,Org,0.9
qwen3_14b,portuguese,participants,cls_def_exp,temp0.3_nodelim_norole_nocot,lusa_110,5,classification,as forças policiais,Org,0.95
qwen3_14b,portuguese,participants,sent_def_exp,temp0.3_nodelim_norole_nocot,lusa_110,6,detection,,yes,0.95
qwen3_14b,portuguese,participants,ext_def_exp,temp0.3_nodelim_norole_nocot,lusa_110,6,extraction,A vítima,,1.0
qwen3_14b,portuguese,participants,ext_def_exp,temp0.3_nodelim_norole_nocot,lusa_110,6,extraction,um homem na casa dos 70 anos,,1.0
qwen3_14b,portuguese,participants,cls_def_exp,temp0.3_nodelim_norole_nocot,lusa_110,6,classification,A vítima,Per,0.95
qwen3_14b,portuguese,participants,cls_def_exp,temp0.3_nodelim_norole_nocot,lusa_110,6,classification,um homem na casa dos 70 anos,Per,0.95
qwen3_14b,portuguese,participants,sent_def_exp,temp0.3_nodelim_norole_nocot,lusa_111,1,detection,,yes,0.95
qwen3_14b,portuguese,participants,ext_def_exp,temp0.3_nodelim_norole_nocot,lusa_111,1,extraction,Um homem com 34 anos,,0.95
qwen3_14b,portuguese,participants,ext_def_exp,temp0.3_nodelim_norole_nocot,lusa_111,1,extraction,Estrada Nacional 17,,0.8
qwen3_14b,portuguese,participants,ext_def_exp,temp0.3_nodelim_norole_nocot,lusa_111,1,extraction,Celorico da Beira,,0.8
qwen3_14b,portuguese,participants,ext_def_exp,temp0.3_nodelim_norole_nocot,lusa_111,1,extraction,distrito da Guarda,,0.8
qwen3_14b,portuguese,participants,ext_def_exp,temp0.3_nodelim_norole_nocot,lusa_111,1,extraction,motociclo,,0.7
qwen3_14b,portuguese,participants,ext_def_exp,temp0.3_nodelim_norole_nocot,lusa_111,1,extraction,agência Lusa,,0.9
qwen3_14b,portuguese,participants,ext_def_exp,temp0.3_nodelim_norole_nocot,lusa_111,1,extraction,proteção civil,,0.9
qwen3_14b,portuguese,participants,ext_def_exp,temp0.3_nodelim_norole_nocot,lusa_111,1,extraction,GNR,,0.9
qwen3_14b,portuguese,participants,ext_def_exp,temp0.3_nodelim_norole_nocot,lusa_111,1,extraction,fontes,,0.7
qwen3_14b,portuguese,participants,cls_def_exp,temp0.3_nodelim_norole_nocot,lusa_111,1,classification,Um homem com 34 anos,Per,0.95
qwen3_14b,portuguese,participants,cls_def_exp,temp0.3_nodelim_norole_nocot,lusa_111,1,classification,Estrada Nacional 17,Path,0.9
qwen3_14b,portuguese,participants,cls_def_exp,temp0.3_nodelim_norole_nocot,lusa_111,1,classification,Celorico da Beira,Pl_civil,0.85
qwen3_14b,portuguese,participants,cls_def_exp,temp0.3_nodelim_norole_nocot,lusa_111,1,classification,distrito da Guarda,Pl_civil,0.9
qwen3_14b,portuguese,participants,cls_def_exp,temp0.3_nodelim_norole_nocot,lusa_111,1,classification,motociclo,Veh,0.95
qwen3_14b,portuguese,participants,cls_def_exp,temp0.3_nodelim_norole_nocot,lusa_111,1,classification,agência Lusa,Org,0.95
qwen3_14b,portuguese,participants,cls_def_exp,temp0.3_nodelim_norole_nocot,lusa_111,1,classification,proteção civil,Org,0.9
qwen3_14b,portuguese,participants,cls_def_exp,temp0.3_nodelim_norole_nocot,lusa_111,1,classification,GNR,Org,0.95
qwen3_14b,portuguese,participants,cls_def_exp,temp0.3_nodelim_norole_nocot,lusa_111,1,classification,fontes,Per,0.8
qwen3_14b,portuguese,participants,sent_def_exp,temp0.3_nodelim_norole_nocot,lusa_111,2,detection,,yes,0.95
qwen3_14b,portuguese,participants,ext_def_exp,temp0.3_nodelim_norole_nocot,lusa_111,2,extraction,fonte,,0.8
qwen3_14b,portuguese,participants,ext_def_exp,temp0.3_nodelim_norole_nocot,lusa_111,2,extraction,Comando Distrital de Operações de Socorro (CDOS) da Guarda,,0.9
qwen3_14b,portuguese,participants,ext_def_exp,temp0.3_nodelim_norole_nocot,lusa_111,2,extraction,Guarda,,0.7
qwen3_14b,portuguese,participants,cls_def_exp,temp0.3_nodelim_norole_nocot,lusa_111,2,classification,fonte,Per,0.95
qwen3_14b,portuguese,participants,cls_def_exp,temp0.3_nodelim_norole_nocot,lusa_111,2,classification,Comando Distrital de Operações de Socorro (CDOS) da Guarda,Org,0.98
qwen3_14b,portuguese,participants,cls_def_exp,temp0.3_nodelim_norole_nocot,lusa_111,2,classification,Guarda,Pl_civil,0.95
qwen3_14b,portuguese,participants,sent_def_exp,temp0.3_nodelim_norole_nocot,lusa_111,3,detection,,yes,0.95
qwen3_14b,portuguese,participants,ext_def_exp,temp0.3_nodelim_norole_nocot,lusa_111,3,extraction,Fonte,,0.8
qwen3_14b,portuguese,participants,ext_def_exp,temp0.3_nodelim_norole_nocot,lusa_111,3,extraction,Comando Territorial da GNR da Guarda,,0.95
qwen3_14b,portuguese,participants,ext_def_exp,temp0.3_nodelim_norole_nocot,lusa_111,3,extraction,Lusa,,0.95
qwen3_14b,portuguese,participants,ext_def_exp,temp0.3_nodelim_norole_nocot,lusa_111,3,extraction,motociclo,,0.9
qwen3_14b,portuguese,participants,ext_def_exp,temp0.3_nodelim_norole_nocot,lusa_111,3,extraction,Estrada Nacional 17,,0.8
qwen3_14b,portuguese,participants,ext_def_exp,temp0.3_nodelim_norole_nocot,lusa_111,3,extraction,Celorico da Beira,,0.9
qwen3_14b,portuguese,participants,ext_def_exp,temp0.3_nodelim_norole_nocot,lusa_111,3,extraction,Cortiço da Serra,,0.9
qwen3_14b,portuguese,participants,ext_def_exp,temp0.3_nodelim_norole_nocot,lusa_111,3,extraction,concelho de Celorico da Beira,,0.9
qwen3_14b,portuguese,participants,cls_def_exp,temp0.3_nodelim_norole_nocot,lusa_111,3,classification,Fonte,Per,0.8
qwen3_14b,portuguese,participants,cls_def_exp,temp0.3_nodelim_norole_nocot,lusa_111,3,classification,Comando Territorial da GNR da Guarda,Org,0.9
qwen3_14b,portuguese,participants,cls_def_exp,temp0.3_nodelim_norole_nocot,lusa_111,3,classification,Lusa,Org,0.95
qwen3_14b,portuguese,participants,cls_def_exp,temp0.3_nodelim_norole_nocot,lusa_111,3,classification,motociclo,Obj,0.9
qwen3_14b,portuguese,participants,cls_def_exp,temp0.3_nodelim_norole_nocot,lusa_111,3,classification,Estrada Nacional 17,Path,0.9
qwen3_14b,portuguese,participants,cls_def_exp,temp0.3_nodelim_norole_nocot,lusa_111,3,classification,Celorico da Beira,Pl_civil,0.9
qwen3_14b,portuguese,participants,cls_def_exp,temp0.3_nodelim_norole_nocot,lusa_111,3,classification,Cortiço da Serra,Pl_civil,0.7
qwen3_14b,portuguese,participants,cls_def_exp,temp0.3_nodelim_norole_nocot,lusa_111,3,classification,concelho de Celorico da Beira,Pl_civil,0.95
qwen3_14b,portuguese,participants,sent_def_exp,temp0.3_nodelim_norole_nocot,lusa_111,4,detection,,yes,0.95
qwen3_14b,portuguese,participants,ext_def_exp,temp0.3_nodelim_norole_nocot,lusa_111,4,extraction,condutor do motociclo,,0.95
qwen3_14b,portuguese,participants,ext_def_exp,temp0.3_nodelim_norole_nocot,lusa_111,4,extraction,médico da Viatura Médica de Emergência e Reanimação (VMER),,0.95
qwen3_14b,portuguese,participants,ext_def_exp,temp0.3_nodelim_norole_nocot,lusa_111,4,extraction,Viatura Médica de Emergência e Reanimação (VMER),,0.95
qwen3_14b,portuguese,participants,ext_def_exp,temp0.3_nodelim_norole_nocot,lusa_111,4,extraction,VMER,,0.95
qwen3_14b,portuguese,participants,cls_def_exp,temp0.3_nodelim_norole_nocot,lusa_111,4,classification,condutor do motociclo,Per,0.95
qwen3_14b,portuguese,participants,cls_def_exp,temp0.3_nodelim_norole_nocot,lusa_111,4,classification,médico da Viatura Médica de Emergência e Reanimação (VMER),Per,0.95
qwen3_14b,portuguese,participants,cls_def_exp,temp0.3_nodelim_norole_nocot,lusa_111,4,classification,Viatura Médica de Emergência e Reanimação (VMER),Veh,0.95
qwen3_14b,portuguese,participants,cls_def_exp,temp0.3_nodelim_norole_nocot,lusa_111,4,classification,VMER,Veh,0.95
qwen3_14b,portuguese,participants,sent_def_exp,temp0.3_nodelim_norole_nocot,lusa_111,5,detection,,yes,0.95
qwen3_14b,portuguese,participants,ext_def_exp,temp0.3_nodelim_norole_nocot,lusa_111,5,extraction,a fonte,,0.8
qwen3_14b,portuguese,participants,ext_def_exp,temp0.3_nodelim_norole_nocot,lusa_111,5,extraction,Núcleo de Investigação de Crimes em Acidentes de Viação da GNR,,0.95
qwen3_14b,portuguese,participants,ext_def_exp,temp0.3_nodelim_norole_nocot,lusa_111,5,extraction,GNR,,0.9
qwen3_14b,portuguese,participants,cls_def_exp,temp0.3_nodelim_norole_nocot,lusa_111,5,classification,a fonte,Per,0.95
qwen3_14b,portuguese,participants,cls_def_exp,temp0.3_nodelim_norole_nocot,lusa_111,5,classification,Núcleo de Investigação de Crimes em Acidentes de Viação da GNR,Org,0.95
qwen3_14b,portuguese,participants,cls_def_exp,temp0.3_nodelim_norole_nocot,lusa_111,5,classification,GNR,Org,0.95
qwen3_14b,portuguese,participants,sent_def_exp,temp0.3_nodelim_norole_nocot,lusa_111,6,detection,,yes,0.95
qwen3_14b,portuguese,participants,ext_def_exp,temp0.3_nodelim_norole_nocot,lusa_111,6,extraction,cinco viaturas,,0.9
qwen3_14b,portuguese,participants,ext_def_exp,temp0.3_nodelim_norole_nocot,lusa_111,6,extraction,dez elementos,,0.9
qwen3_14b,portuguese,participants,ext_def_exp,temp0.3_nodelim_norole_nocot,lusa_111,6,extraction,Bombeiros Voluntários de Celorico da Beira,,0.95
qwen3_14b,portuguese,participants,ext_def_exp,temp0.3_nodelim_norole_nocot,lusa_111,6,extraction,VMER da Guarda,,0.9
qwen3_14b,portuguese,participants,ext_def_exp,temp0.3_nodelim_norole_nocot,lusa_111,6,extraction,GNR,,0.9
qwen3_14b,portuguese,participants,ext_def_exp,temp0.3_nodelim_norole_nocot,lusa_111,6,extraction,fonte do CDOS,,0.8
qwen3_14b,portuguese,participants,cls_def_exp,temp0.3_nodelim_norole_nocot,lusa_111,6,classification,cinco viaturas,Veh,0.95
qwen3_14b,portuguese,participants,cls_def_exp,temp0.3_nodelim_norole_nocot,lusa_111,6,classification,dez elementos,Per,0.95
qwen3_14b,portuguese,participants,cls_def_exp,temp0.3_nodelim_norole_nocot,lusa_111,6,classification,Bombeiros Voluntários de Celorico da Beira,Org,0.9
qwen3_14b,portuguese,participants,cls_def_exp,temp0.3_nodelim_norole_nocot,lusa_111,6,classification,VMER da Guarda,Org,0.95
qwen3_14b,portuguese,participants,cls_def_exp,temp0.3_nodelim_norole_nocot,lusa_111,6,classification,GNR,Org,0.95
qwen3_14b,portuguese,participants,cls_def_exp,temp0.3_nodelim_norole_nocot,lusa_111,6,classification,fonte do CDOS,Per,0.85
qwen3_14b,portuguese,participants,sent_def_exp,temp0.3_nodelim_norole_nocot,lusa_113,1,detection,,yes,0.95
qwen3_14b,portuguese,participants,ext_def_exp,temp0.3_nodelim_norole_nocot,lusa_113,1,extraction,Um homem de 26 anos,,0.9
qwen3_14b,portuguese,participants,ext_def_exp,temp0.3_nodelim_norole_nocot,lusa_113,1,extraction,mãe,,0.7
qwen3_14b,portuguese,participants,ext_def_exp,temp0.3_nodelim_norole_nocot,lusa_113,1,extraction,irmã,,0.7
qwen3_14b,portuguese,participants,ext_def_exp,temp0.3_nodelim_norole_nocot,lusa_113,1,extraction,concelho de Foz Côa,,0.9
qwen3_14b,portuguese,participants,ext_def_exp,temp0.3_nodelim_norole_nocot,lusa_113,1,extraction,GNR,,0.9
qwen3_14b,portuguese,participants,cls_def_exp,temp0.3_nodelim_norole_nocot,lusa_113,1,classification,Um homem de 26 anos,Per,0.95
qwen3_14b,portuguese,participants,cls_def_exp,temp0.3_nodelim_norole_nocot,lusa_113,1,classification,mãe,Per,0.9
qwen3_14b,portuguese,participants,cls_def_exp,temp0.3_nodelim_norole_nocot,lusa_113,1,classification,irmã,Per,0.95
qwen3_14b,portuguese,participants,cls_def_exp,temp0.3_nodelim_norole_nocot,lusa_113,1,classification,concelho de Foz Côa,Pl_civil,0.85
qwen3_14b,portuguese,participants,cls_def_exp,temp0.3_nodelim_norole_nocot,lusa_113,1,classification,GNR,Org,0.95
qwen3_14b,portuguese,participants,sent_def_exp,temp0.3_nodelim_norole_nocot,lusa_113,2,detection,,yes,0.95
qwen3_14b,portuguese,participants,ext_def_exp,temp0.3_nodelim_norole_nocot,lusa_113,2,extraction,os militares da Guarda,,0.9
qwen3_14b,portuguese,participants,ext_def_exp,temp0.3_nodelim_norole_nocot,lusa_113,2,extraction,o suspeito,,0.9
qwen3_14b,portuguese,participants,ext_def_exp,temp0.3_nodelim_norole_nocot,lusa_113,2,extraction,a mãe de 46 anos,,0.9
qwen3_14b,portuguese,participants,ext_def_exp,temp0.3_nodelim_norole_nocot,lusa_113,2,extraction,a irmã de 12 anos,,0.9
qwen3_14b,portuguese,participants,ext_def_exp,temp0.3_nodelim_norole_nocot,lusa_113,2,extraction,uma machada,,0.8
qwen3_14b,portuguese,participants,ext_def_exp,temp0.3_nodelim_norole_nocot,lusa_113,2,extraction,uma navalha,,0.8
qwen3_14b,portuguese,participants,cls_def_exp,temp0.3_nodelim_norole_nocot,lusa_113,2,classification,os militares da Guarda,Per,0.95
qwen3_14b,portuguese,participants,cls_def_exp,temp0.3_nodelim_norole_nocot,lusa_113,2,classification,o suspeito,Per,0.98
qwen3_14b,portuguese,participants,cls_def_exp,temp0.3_nodelim_norole_nocot,lusa_113,2,classification,a mãe de 46 anos,Per,0.99
qwen3_14b,portuguese,participants,cls_def_exp,temp0.3_nodelim_norole_nocot,lusa_113,2,classification,a irmã de 12 anos,Per,0.99
qwen3_14b,portuguese,participants,cls_def_exp,temp0.3_nodelim_norole_nocot,lusa_113,2,classification,uma machada,Obj,0.97
qwen3_14b,portuguese,participants,cls_def_exp,temp0.3_nodelim_norole_nocot,lusa_113,2,classification,uma navalha,Obj,0.96
qwen3_14b,portuguese,participants,sent_def_exp,temp0.3_nodelim_norole_nocot,lusa_113,3,detection,,yes,0.95
qwen3_14b,portuguese,participants,ext_def_exp,temp0.3_nodelim_norole_nocot,lusa_113,3,extraction,a GNR,,0.95
qwen3_14b,portuguese,participants,ext_def_exp,temp0.3_nodelim_norole_nocot,lusa_113,3,extraction,o agressor,,0.9
qwen3_14b,portuguese,participants,ext_def_exp,temp0.3_nodelim_norole_nocot,lusa_113,3,extraction,as portas da habitação,,0.8
qwen3_14b,portuguese,participants,ext_def_exp,temp0.3_nodelim_norole_nocot,lusa_113,3,extraction,as vítimas,,0.95
qwen3_14b,portuguese,participants,cls_def_exp,temp0.3_nodelim_norole_nocot,lusa_113,3,classification,a GNR,Org,0.95
qwen3_14b,portuguese,participants,cls_def_exp,temp0.3_nodelim_norole_nocot,lusa_113,3,classification,o agressor,Per,0.95
qwen3_14b,portuguese,participants,cls_def_exp,temp0.3_nodelim_norole_nocot,lusa_113,3,classification,as portas da habitação,Obj,0.9
qwen3_14b,portuguese,participants,cls_def_exp,temp0.3_nodelim_norole_nocot,lusa_113,3,classification,as vítimas,Per,0.95
qwen3_14b,portuguese,participants,sent_def_exp,temp0.3_nodelim_norole_nocot,lusa_113,4,detection,,yes,0.95
qwen3_14b,portuguese,participants,ext_def_exp,temp0.3_nodelim_norole_nocot,lusa_113,4,extraction,militares,,1.0
qwen3_14b,portuguese,participants,cls_def_exp,temp0.3_nodelim_norole_nocot,lusa_113,4,classification,militares,Per,0.95
qwen3_14b,portuguese,participants,sent_def_exp,temp0.3_nodelim_norole_nocot,lusa_113,5,detection,,yes,0.95
qwen3_14b,portuguese,participants,ext_def_exp,temp0.3_nodelim_norole_nocot,lusa_113,5,extraction,os objetos utilizados para as ameaças,,0.95
qwen3_14b,portuguese,participants,ext_def_exp,temp0.3_nodelim_norole_nocot,lusa_113,5,extraction,a Guarda,,0.9
qwen3_14b,portuguese,participants,cls_def_exp,temp0.3_nodelim_norole_nocot,lusa_113,5,classification,os objetos utilizados para as ameaças,Obj,0.95
qwen3_14b,portuguese,participants,cls_def_exp,temp0.3_nodelim_norole_nocot,lusa_113,5,classification,a Guarda,Org,0.9
qwen3_14b,portuguese,participants,sent_def_exp,temp0.3_nodelim_norole_nocot,lusa_113,6,detection,,yes,0.95
qwen3_14b,portuguese,participants,ext_def_exp,temp0.3_nodelim_norole_nocot,lusa_113,6,extraction,O detido,,0.95
qwen3_14b,portuguese,participants,ext_def_exp,temp0.3_nodelim_norole_nocot,lusa_113,6,extraction,Tribunal Judicial de Seia,,0.9
qwen3_14b,portuguese,participants,cls_def_exp,temp0.3_nodelim_norole_nocot,lusa_113,6,classification,O detido,Per,0.95
qwen3_14b,portuguese,participants,cls_def_exp,temp0.3_nodelim_norole_nocot,lusa_113,6,classification,Tribunal Judicial de Seia,Org,0.95
qwen3_14b,portuguese,participants,sent_def_exp,temp0.3_nodelim_norole_nocot,lusa_114,1,detection,,yes,0.95
qwen3_14b,portuguese,participants,ext_def_exp,temp0.3_nodelim_norole_nocot,lusa_114,1,extraction,A Polícia Judiciária (PJ),,0.95
qwen3_14b,portuguese,participants,ext_def_exp,temp0.3_nodelim_norole_nocot,lusa_114,1,extraction,um homem de 56 anos,,0.9
qwen3_14b,portuguese,participants,ext_def_exp,temp0.3_nodelim_norole_nocot,lusa_114,1,extraction,distrito de Évora,,0.8
qwen3_14b,portuguese,participants,ext_def_exp,temp0.3_nodelim_norole_nocot,lusa_114,1,extraction,telemóveis,,0.75
qwen3_14b,portuguese,participants,cls_def_exp,temp0.3_nodelim_norole_nocot,lusa_114,1,classification,A Polícia Judiciária (PJ),Org,0.95
qwen3_14b,portuguese,participants,cls_def_exp,temp0.3_nodelim_norole_nocot,lusa_114,1,classification,um homem de 56 anos,Per,0.9
qwen3_14b,portuguese,participants,cls_def_exp,temp0.3_nodelim_norole_nocot,lusa_114,1,classification,distrito de Évora,Pl_civil,0.9
qwen3_14b,portuguese,participants,cls_def_exp,temp0.3_nodelim_norole_nocot,lusa_114,1,classification,telemóveis,Obj,0.95
qwen3_14b,portuguese,participants,sent_def_exp,temp0.3_nodelim_norole_nocot,lusa_114,2,detection,,yes,0.95
qwen3_14b,portuguese,participants,ext_def_exp,temp0.3_nodelim_norole_nocot,lusa_114,2,extraction,a PJ,,0.95
qwen3_14b,portuguese,participants,ext_def_exp,temp0.3_nodelim_norole_nocot,lusa_114,2,extraction,o suspeito,,0.9
qwen3_14b,portuguese,participants,ext_def_exp,temp0.3_nodelim_norole_nocot,lusa_114,2,extraction,elementos da Unidade Local de Investigação Criminal de Évora,,0.9
qwen3_14b,portuguese,participants,ext_def_exp,temp0.3_nodelim_norole_nocot,lusa_114,2,extraction,Unidade Local de Investigação Criminal de Évora,,0.95
qwen3_14b,portuguese,participants,ext_def_exp,temp0.3_nodelim_norole_nocot,lusa_114,2,extraction,Évora,,0.8
qwen3_14b,portuguese,participants,cls_def_exp,temp0.3_nodelim_norole_nocot,lusa_114,2,classification,a PJ,Org,0.95
qwen3_14b,portuguese,participants,cls_def_exp,temp0.3_nodelim_norole_nocot,lusa_114,2,classification,o suspeito,Per,0.9
qwen3_14b,portuguese,participants,cls_def_exp,temp0.3_nodelim_norole_nocot,lusa_114,2,classification,elementos da Unidade Local de Investigação Criminal de Évora,Per,0.9
qwen3_14b,portuguese,participants,cls_def_exp,temp0.3_nodelim_norole_nocot,lusa_114,2,classification,Unidade Local de Investigação Criminal de Évora,Org,0.95
qwen3_14b,portuguese,participants,cls_def_exp,temp0.3_nodelim_norole_nocot,lusa_114,2,classification,Évora,Pl_civil,0.95
qwen3_14b,portuguese,participants,sent_def_exp,temp0.3_nodelim_norole_nocot,lusa_114,3,detection,,yes,0.95
qwen3_14b,portuguese,participants,ext_def_exp,temp0.3_nodelim_norole_nocot,lusa_114,3,extraction,PJ,,0.95
qwen3_14b,portuguese,participants,ext_def_exp,temp0.3_nodelim_norole_nocot,lusa_114,3,extraction,esta polícia,,0.7
qwen3_14b,portuguese,participants,ext_def_exp,temp0.3_nodelim_norole_nocot,lusa_114,3,extraction,o homem,,0.9
qwen3_14b,portuguese,participants,ext_def_exp,temp0.3_nodelim_norole_nocot,lusa_114,3,extraction,vários telemóveis,,0.9
qwen3_14b,portuguese,participants,ext_def_exp,temp0.3_nodelim_norole_nocot,lusa_114,3,extraction,mais de duas centenas de ficheiros informáticos,,0.9
qwen3_14b,portuguese,participants,cls_def_exp,temp0.3_nodelim_norole_nocot,lusa_114,3,classification,PJ,Org,0.95
qwen3_14b,portuguese,participants,cls_def_exp,temp0.3_nodelim_norole_nocot,lusa_114,3,classification,esta polícia,Org,0.9
qwen3_14b,portuguese,participants,cls_def_exp,temp0.3_nodelim_norole_nocot,lusa_114,3,classification,o homem,Per,0.98
qwen3_14b,portuguese,participants,cls_def_exp,temp0.3_nodelim_norole_nocot,lusa_114,3,classification,vários telemóveis,Obj,0.95
qwen3_14b,portuguese,participants,cls_def_exp,temp0.3_nodelim_norole_nocot,lusa_114,3,classification,mais de duas centenas de ficheiros informáticos,Other,0.75
qwen3_14b,portuguese,participants,sent_def_exp,temp0.3_nodelim_norole_nocot,lusa_114,4,detection,,yes,0.95
qwen3_14b,portuguese,participants,ext_def_exp,temp0.3_nodelim_norole_nocot,lusa_114,4,extraction,a PJ,,0.9
qwen3_14b,portuguese,participants,ext_def_exp,temp0.3_nodelim_norole_nocot,lusa_114,4,extraction,o suspeito,,0.9
qwen3_14b,portuguese,participants,ext_def_exp,temp0.3_nodelim_norole_nocot,lusa_114,4,extraction,imagens de menores em situações de cariz sexual,,0.8
qwen3_14b,portuguese,participants,cls_def_exp,temp0.3_nodelim_norole_nocot,lusa_114,4,classification,a PJ,Org,0.95
qwen3_14b,portuguese,participants,cls_def_exp,temp0.3_nodelim_norole_nocot,lusa_114,4,classification,o suspeito,Per,0.9
qwen3_14b,portuguese,participants,cls_def_exp,temp0.3_nodelim_norole_nocot,lusa_114,4,classification,imagens de menores em situações de cariz sexual,Obj,0.85
qwen3_14b,portuguese,participants,sent_def_exp,temp0.3_nodelim_norole_nocot,lusa_114,5,detection,,yes,0.95
qwen3_14b,portuguese,participants,ext_def_exp,temp0.3_nodelim_norole_nocot,lusa_114,5,extraction,O detido,,1.0
qwen3_14b,portuguese,participants,cls_def_exp,temp0.3_nodelim_norole_nocot,lusa_114,5,classification,O detido,Per,1.0
qwen3_14b,portuguese,participants,sent_def_exp,temp0.3_nodelim_norole_nocot,lusa_115,1,detection,,yes,0.95
qwen3_14b,portuguese,participants,ext_def_exp,temp0.3_nodelim_norole_nocot,lusa_115,1,extraction,Quatro homens,,0.9
qwen3_14b,portuguese,participants,ext_def_exp,temp0.3_nodelim_norole_nocot,lusa_115,1,extraction,dois veículos distintos,,0.8
qwen3_14b,portuguese,participants,ext_def_exp,temp0.3_nodelim_norole_nocot,lusa_115,1,extraction,viaturas estacionadas,,0.7
qwen3_14b,portuguese,participants,ext_def_exp,temp0.3_nodelim_norole_nocot,lusa_115,1,extraction,zona do Rego,,0.8
qwen3_14b,portuguese,participants,ext_def_exp,temp0.3_nodelim_norole_nocot,lusa_115,1,extraction,Lisboa,,0.9
qwen3_14b,portuguese,participants,ext_def_exp,temp0.3_nodelim_norole_nocot,lusa_115,1,extraction,fonte policial,,0.8
qwen3_14b,portuguese,participants,ext_def_exp,temp0.3_nodelim_norole_nocot,lusa_115,1,extraction,armas de fogo,,0.7
qwen3_14b,portuguese,participants,cls_def_exp,temp0.3_nodelim_norole_nocot,lusa_115,1,classification,Quatro homens,Per,0.95
qwen3_14b,portuguese,participants,cls_def_exp,temp0.3_nodelim_norole_nocot,lusa_115,1,classification,dois veículos distintos,Veh,0.9
qwen3_14b,portuguese,participants,cls_def_exp,temp0.3_nodelim_norole_nocot,lusa_115,1,classification,viaturas estacionadas,Veh,0.95
qwen3_14b,portuguese,participants,cls_def_exp,temp0.3_nodelim_norole_nocot,lusa_115,1,classification,zona do Rego,Pl_region,0.8
qwen3_14b,portuguese,participants,cls_def_exp,temp0.3_nodelim_norole_nocot,lusa_115,1,classification,Lisboa,Pl_capital,0.95
qwen3_14b,portuguese,participants,cls_def_exp,temp0.3_nodelim_norole_nocot,lusa_115,1,classification,fonte policial,Org,0.9
qwen3_14b,portuguese,participants,cls_def_exp,temp0.3_nodelim_norole_nocot,lusa_115,1,classification,armas de fogo,Obj,0.95
qwen3_14b,portuguese,participants,sent_def_exp,temp0.3_nodelim_norole_nocot,lusa_115,2,detection,,yes,0.95
qwen3_14b,portuguese,participants,ext_def_exp,temp0.3_nodelim_norole_nocot,lusa_115,2,extraction,Lusa,,0.95
qwen3_14b,portuguese,participants,ext_def_exp,temp0.3_nodelim_norole_nocot,lusa_115,2,extraction,fonte,,0.85
qwen3_14b,portuguese,participants,ext_def_exp,temp0.3_nodelim_norole_nocot,lusa_115,2,extraction,Comando Metropolitano de Lisboa da PSP,,0.9
qwen3_14b,portuguese,participants,cls_def_exp,temp0.3_nodelim_norole_nocot,lusa_115,2,classification,Lusa,Org,0.95
qwen3_14b,portuguese,participants,cls_def_exp,temp0.3_nodelim_norole_nocot,lusa_115,2,classification,fonte,Per,0.85
qwen3_14b,portuguese,participants,cls_def_exp,temp0.3_nodelim_norole_nocot,lusa_115,2,classification,Comando Metropolitano de Lisboa da PSP,Org,0.95
qwen3_14b,portuguese,participants,sent_def_exp,temp0.3_nodelim_norole_nocot,lusa_115,3,detection,,yes,0.95
qwen3_14b,portuguese,participants,ext_def_exp,temp0.3_nodelim_norole_nocot,lusa_115,3,extraction,os quatro homens,,0.95
qwen3_14b,portuguese,participants,ext_def_exp,temp0.3_nodelim_norole_nocot,lusa_115,3,extraction,as autoridades,,0.9
qwen3_14b,portuguese,participants,cls_def_exp,temp0.3_nodelim_norole_nocot,lusa_115,3,classification,os quatro homens,Per,0.95
qwen3_14b,portuguese,participants,cls_def_exp,temp0.3_nodelim_norole_nocot,lusa_115,3,classification,as autoridades,Org,0.95
qwen3_14b,portuguese,participants,sent_def_exp,temp0.3_nodelim_norole_nocot,lusa_115,4,detection,,yes,0.95
qwen3_14b,portuguese,participants,ext_def_exp,temp0.3_nodelim_norole_nocot,lusa_115,4,extraction,a mesma fonte,,0.8
qwen3_14b,portuguese,participants,ext_def_exp,temp0.3_nodelim_norole_nocot,lusa_115,4,extraction,viaturas,,0.7
qwen3_14b,portuguese,participants,ext_def_exp,temp0.3_nodelim_norole_nocot,lusa_115,4,extraction,invólucros de balas,,0.7
qwen3_14b,portuguese,participants,ext_def_exp,temp0.3_nodelim_norole_nocot,lusa_115,4,extraction,o local,,0.6
qwen3_14b,portuguese,participants,cls_def_exp,temp0.3_nodelim_norole_nocot,lusa_115,4,classification,a mesma fonte,Per,0.95
qwen3_14b,portuguese,participants,cls_def_exp,temp0.3_nodelim_norole_nocot,lusa_115,4,classification,viaturas,Veh,0.9
qwen3_14b,portuguese,participants,cls_def_exp,temp0.3_nodelim_norole_nocot,lusa_115,4,classification,invólucros de balas,Obj,0.85
qwen3_14b,portuguese,participants,cls_def_exp,temp0.3_nodelim_norole_nocot,lusa_115,4,classification,o local,Loc,0.9
qwen3_14b,portuguese,participants,sent_def_exp,temp0.3_nodelim_norole_nocot,lusa_115,5,detection,,yes,0.95
qwen3_14b,portuguese,participants,ext_def_exp,temp0.3_nodelim_norole_nocot,lusa_115,5,extraction,a mesma fonte,,0.9
qwen3_14b,portuguese,participants,ext_def_exp,temp0.3_nodelim_norole_nocot,lusa_115,5,extraction,um dos suspeitos,,0.9
qwen3_14b,portuguese,participants,ext_def_exp,temp0.3_nodelim_norole_nocot,lusa_115,5,extraction,um carregador com várias munições,,0.7
qwen3_14b,portuguese,participants,cls_def_exp,temp0.3_nodelim_norole_nocot,lusa_115,5,classification,a mesma fonte,Per,0.75
qwen3_14b,portuguese,participants,cls_def_exp,temp0.3_nodelim_norole_nocot,lusa_115,5,classification,um dos suspeitos,Per,0.95
qwen3_14b,portuguese,participants,cls_def_exp,temp0.3_nodelim_norole_nocot,lusa_115,5,classification,um carregador com várias munições,Obj,0.9
qwen3_14b,portuguese,participants,sent_def_exp,temp0.3_nodelim_norole_nocot,lusa_115,6,detection,,yes,0.95
qwen3_14b,portuguese,participants,ext_def_exp,temp0.3_nodelim_norole_nocot,lusa_115,6,extraction,O caso,,0.9
qwen3_14b,portuguese,participants,ext_def_exp,temp0.3_nodelim_norole_nocot,lusa_115,6,extraction,Polícia Judiciária,,0.95
qwen3_14b,portuguese,participants,cls_def_exp,temp0.3_nodelim_norole_nocot,lusa_115,6,classification,O caso,Other,0.6
qwen3_14b,portuguese,participants,cls_def_exp,temp0.3_nodelim_norole_nocot,lusa_115,6,classification,Polícia Judiciária,Org,0.95
qwen3_14b,portuguese,participants,sent_def_exp,temp0.3_nodelim_norole_nocot,lusa_116,1,detection,,yes,0.95
qwen3_14b,portuguese,participants,ext_def_exp,temp0.3_nodelim_norole_nocot,lusa_116,1,extraction,Dois homens de 22 e 33 anos,,0.8
qwen3_14b,portuguese,participants,ext_def_exp,temp0.3_nodelim_norole_nocot,lusa_116,1,extraction,Bairro do Casal dos Machados,,0.9
qwen3_14b,portuguese,participants,ext_def_exp,temp0.3_nodelim_norole_nocot,lusa_116,1,extraction,Lisboa,,0.9
qwen3_14b,portuguese,participants,ext_def_exp,temp0.3_nodelim_norole_nocot,lusa_116,1,extraction,fonte da PSP,,0.8
qwen3_14b,portuguese,participants,ext_def_exp,temp0.3_nodelim_norole_nocot,lusa_116,1,extraction,PSP,,0.9
qwen3_14b,portuguese,participants,ext_def_exp,temp0.3_nodelim_norole_nocot,lusa_116,1,extraction,à Lusa,,0.8
qwen3_14b,portuguese,participants,cls_def_exp,temp0.3_nodelim_norole_nocot,lusa_116,1,classification,Dois homens de 22 e 33 anos,Per,0.95
qwen3_14b,portuguese,participants,cls_def_exp,temp0.3_nodelim_norole_nocot,lusa_116,1,classification,Bairro do Casal dos Machados,Pl_region,0.9
qwen3_14b,portuguese,participants,cls_def_exp,temp0.3_nodelim_norole_nocot,lusa_116,1,classification,Lisboa,Pl_capital,0.95
qwen3_14b,portuguese,participants,cls_def_exp,temp0.3_nodelim_norole_nocot,lusa_116,1,classification,fonte da PSP,Per,0.85
qwen3_14b,portuguese,participants,cls_def_exp,temp0.3_nodelim_norole_nocot,lusa_116,1,classification,PSP,Org,0.95
qwen3_14b,portuguese,participants,cls_def_exp,temp0.3_nodelim_norole_nocot,lusa_116,1,classification,à Lusa,Org,0.95
qwen3_14b,portuguese,participants,sent_def_exp,temp0.3_nodelim_norole_nocot,lusa_116,2,detection,,yes,0.95
qwen3_14b,portuguese,participants,ext_def_exp,temp0.3_nodelim_norole_nocot,lusa_116,2,extraction,a fonte,,0.9
qwen3_14b,portuguese,participants,ext_def_exp,temp0.3_nodelim_norole_nocot,lusa_116,2,extraction,várias pessoas,,0.9
qwen3_14b,portuguese,participants,ext_def_exp,temp0.3_nodelim_norole_nocot,lusa_116,2,extraction,armas de fogo,,0.7
qwen3_14b,portuguese,participants,ext_def_exp,temp0.3_nodelim_norole_nocot,lusa_116,2,extraction,bombas de gasolina,,0.7
qwen3_14b,portuguese,participants,ext_def_exp,temp0.3_nodelim_norole_nocot,lusa_116,2,extraction,Avenida Infante D.,,0.9
qwen3_14b,portuguese,participants,cls_def_exp,temp0.3_nodelim_norole_nocot,lusa_116,2,classification,a fonte,Per,0.95
qwen3_14b,portuguese,participants,cls_def_exp,temp0.3_nodelim_norole_nocot,lusa_116,2,classification,várias pessoas,Per,0.95
qwen3_14b,portuguese,participants,cls_def_exp,temp0.3_nodelim_norole_nocot,lusa_116,2,classification,armas de fogo,Obj,0.95
qwen3_14b,portuguese,participants,cls_def_exp,temp0.3_nodelim_norole_nocot,lusa_116,2,classification,bombas de gasolina,Fac,0.95
qwen3_14b,portuguese,participants,cls_def_exp,temp0.3_nodelim_norole_nocot,lusa_116,2,classification,Avenida Infante D.,Path,0.95
qwen3_14b,portuguese,participants,sent_def_exp,temp0.3_nodelim_norole_nocot,lusa_116,3,detection,,yes,0.95
qwen3_14b,portuguese,participants,ext_def_exp,temp0.3_nodelim_norole_nocot,lusa_116,3,extraction,Henrique,,0.95
qwen3_14b,portuguese,participants,ext_def_exp,temp0.3_nodelim_norole_nocot,lusa_116,3,extraction,Largo Maria Judite de Carvalho,,0.9
qwen3_14b,portuguese,participants,ext_def_exp,temp0.3_nodelim_norole_nocot,lusa_116,3,extraction,Casal dos Machados,,0.85
qwen3_14b,portuguese,participants,ext_def_exp,temp0.3_nodelim_norole_nocot,lusa_116,3,extraction,Parque das Nações,,0.8
qwen3_14b,portuguese,participants,cls_def_exp,temp0.3_nodelim_norole_nocot,lusa_116,3,classification,Henrique,Per,0.95
qwen3_14b,portuguese,participants,cls_def_exp,temp0.3_nodelim_norole_nocot,lusa_116,3,classification,Largo Maria Judite de Carvalho,Path,0.8
qwen3_14b,portuguese,participants,cls_def_exp,temp0.3_nodelim_norole_nocot,lusa_116,3,classification,Casal dos Machados,Loc,0.7
qwen3_14b,portuguese,participants,cls_def_exp,temp0.3_nodelim_norole_nocot,lusa_116,3,classification,Parque das Nações,Pl_civil,0.95
qwen3_14b,portuguese,participants,sent_def_exp,temp0.3_nodelim_norole_nocot,lusa_116,4,detection,,yes,0.95
qwen3_14b,portuguese,participants,ext_def_exp,temp0.3_nodelim_norole_nocot,lusa_116,4,extraction,um homem de 33 anos,,0.95
qwen3_14b,portuguese,participants,ext_def_exp,temp0.3_nodelim_norole_nocot,lusa_116,4,extraction,Hospital de Santa Maria,,0.9
qwen3_14b,portuguese,participants,ext_def_exp,temp0.3_nodelim_norole_nocot,lusa_116,4,extraction,ambulância,,0.8
qwen3_14b,portuguese,participants,cls_def_exp,temp0.3_nodelim_norole_nocot,lusa_116,4,classification,um homem de 33 anos,Per,0.95
qwen3_14b,portuguese,participants,cls_def_exp,temp0.3_nodelim_norole_nocot,lusa_116,4,classification,Hospital de Santa Maria,Fac,0.9
qwen3_14b,portuguese,participants,cls_def_exp,temp0.3_nodelim_norole_nocot,lusa_116,4,classification,ambulância,Veh,0.95
qwen3_14b,portuguese,participants,sent_def_exp,temp0.3_nodelim_norole_nocot,lusa_116,5,detection,,yes,0.95
qwen3_14b,portuguese,participants,ext_def_exp,temp0.3_nodelim_norole_nocot,lusa_116,5,extraction,O ferido ligeiro,,0.95
qwen3_14b,portuguese,participants,ext_def_exp,temp0.3_nodelim_norole_nocot,lusa_116,5,extraction,hospital,,0.8
qwen3_14b,portuguese,participants,ext_def_exp,temp0.3_nodelim_norole_nocot,lusa_116,5,extraction,a fonte,,0.8
qwen3_14b,portuguese,participants,ext_def_exp,temp0.3_nodelim_norole_nocot,lusa_116,5,extraction,PSP,,0.95
qwen3_14b,portuguese,participants,cls_def_exp,temp0.3_nodelim_norole_nocot,lusa_116,5,classification,O ferido ligeiro,Per,0.95
qwen3_14b,portuguese,participants,cls_def_exp,temp0.3_nodelim_norole_nocot,lusa_116,5,classification,hospital,Fac,0.98
qwen3_14b,portuguese,participants,cls_def_exp,temp0.3_nodelim_norole_nocot,lusa_116,5,classification,a fonte,Per,0.92
qwen3_14b,portuguese,participants,cls_def_exp,temp0.3_nodelim_norole_nocot,lusa_116,5,classification,PSP,Org,0.99
qwen3_14b,portuguese,participants,sent_def_exp,temp0.3_nodelim_norole_nocot,lusa_116,6,detection,,yes,0.95
qwen3_14b,portuguese,participants,ext_def_exp,temp0.3_nodelim_norole_nocot,lusa_116,6,extraction,a PSP,,0.95
qwen3_14b,portuguese,participants,ext_def_exp,temp0.3_nodelim_norole_nocot,lusa_116,6,extraction,um cartucho de arma de fogo,,0.8
qwen3_14b,portuguese,participants,cls_def_exp,temp0.3_nodelim_norole_nocot,lusa_116,6,classification,a PSP,Org,0.95
qwen3_14b,portuguese,participants,cls_def_exp,temp0.3_nodelim_norole_nocot,lusa_116,6,classification,um cartucho de arma de fogo,Obj,0.95
qwen3_14b,portuguese,participants,sent_def_exp,temp0.3_nodelim_norole_nocot,lusa_116,7,detection,,yes,0.95
qwen3_14b,portuguese,participants,ext_def_exp,temp0.3_nodelim_norole_nocot,lusa_116,7,extraction,Três viaturas,,0.9
qwen3_14b,portuguese,participants,ext_def_exp,temp0.3_nodelim_norole_nocot,lusa_116,7,extraction,viaturas,,0.9
qwen3_14b,portuguese,participants,ext_def_exp,temp0.3_nodelim_norole_nocot,lusa_116,7,extraction,arma de fogo,,0.9
qwen3_14b,portuguese,participants,cls_def_exp,temp0.3_nodelim_norole_nocot,lusa_116,7,classification,Três viaturas,Veh,0.95
qwen3_14b,portuguese,participants,cls_def_exp,temp0.3_nodelim_norole_nocot,lusa_116,7,classification,viaturas,Veh,0.95
qwen3_14b,portuguese,participants,cls_def_exp,temp0.3_nodelim_norole_nocot,lusa_116,7,classification,arma de fogo,Obj,0.85
qwen3_14b,portuguese,participants,sent_def_exp,temp0.3_nodelim_norole_nocot,lusa_116,8,detection,,no,0.75
qwen3_14b,portuguese,participants,sent_def_exp,temp0.3_nodelim_norole_nocot,lusa_116,9,detection,,yes,0.95
qwen3_14b,portuguese,participants,ext_def_exp,temp0.3_nodelim_norole_nocot,lusa_116,9,extraction,Polícia Judiciária,,0.95
qwen3_14b,portuguese,participants,cls_def_exp,temp0.3_nodelim_norole_nocot,lusa_116,9,classification,Polícia Judiciária,Org,1.0
qwen3_14b,portuguese,participants,sent_def_exp,temp0.3_nodelim_norole_nocot,lusa_12,1,detection,,yes,0.95
qwen3_14b,portuguese,participants,ext_def_exp,temp0.3_nodelim_norole_nocot,lusa_12,1,extraction,Um agente da polícia moçambicana,,0.95
qwen3_14b,portuguese,participants,ext_def_exp,temp0.3_nodelim_norole_nocot,lusa_12,1,extraction,um colega,,0.9
qwen3_14b,portuguese,participants,ext_def_exp,temp0.3_nodelim_norole_nocot,lusa_12,1,extraction,província de Maputo,,0.9
qwen3_14b,portuguese,participants,ext_def_exp,temp0.3_nodelim_norole_nocot,lusa_12,1,extraction,sul de Moçambique,,0.9
qwen3_14b,portuguese,participants,ext_def_exp,temp0.3_nodelim_norole_nocot,lusa_12,1,extraction,Lusa,,0.95
qwen3_14b,portuguese,participants,ext_def_exp,temp0.3_nodelim_norole_nocot,lusa_12,1,extraction,fonte da corporação,,0.8
qwen3_14b,portuguese,participants,cls_def_exp,temp0.3_nodelim_norole_nocot,lusa_12,1,classification,Um agente da polícia moçambicana,Per,0.95
qwen3_14b,portuguese,participants,cls_def_exp,temp0.3_nodelim_norole_nocot,lusa_12,1,classification,um colega,Per,0.95
qwen3_14b,portuguese,participants,cls_def_exp,temp0.3_nodelim_norole_nocot,lusa_12,1,classification,província de Maputo,Pl_civil,0.9
qwen3_14b,portuguese,participants,cls_def_exp,temp0.3_nodelim_norole_nocot,lusa_12,1,classification,sul de Moçambique,Pl_region,0.7
qwen3_14b,portuguese,participants,cls_def_exp,temp0.3_nodelim_norole_nocot,lusa_12,1,classification,Lusa,Org,0.95
qwen3_14b,portuguese,participants,cls_def_exp,temp0.3_nodelim_norole_nocot,lusa_12,1,classification,fonte da corporação,Per,0.8
qwen3_14b,portuguese,participants,sent_def_exp,temp0.3_nodelim_norole_nocot,lusa_12,2,detection,,yes,0.95
qwen3_14b,portuguese,participants,ext_def_exp,temp0.3_nodelim_norole_nocot,lusa_12,2,extraction,um dos membros,,0.7
qwen3_14b,portuguese,participants,ext_def_exp,temp0.3_nodelim_norole_nocot,lusa_12,2,extraction,o outro,,0.7
qwen3_14b,portuguese,participants,ext_def_exp,temp0.3_nodelim_norole_nocot,lusa_12,2,extraction,o porta-voz da Polícia da República de Moçambique (PRM),,0.9
qwen3_14b,portuguese,participants,ext_def_exp,temp0.3_nodelim_norole_nocot,lusa_12,2,extraction,Polícia da República de Moçambique (PRM),,0.9
qwen3_14b,portuguese,participants,ext_def_exp,temp0.3_nodelim_norole_nocot,lusa_12,2,extraction,Maputo,,0.8
qwen3_14b,portuguese,participants,ext_def_exp,temp0.3_nodelim_norole_nocot,lusa_12,2,extraction,Juarce Martins,,0.9
qwen3_14b,portuguese,participants,cls_def_exp,temp0.3_nodelim_norole_nocot,lusa_12,2,classification,um dos membros,Per,0.95
qwen3_14b,portuguese,participants,cls_def_exp,temp0.3_nodelim_norole_nocot,lusa_12,2,classification,o outro,Per,0.9
qwen3_14b,portuguese,participants,cls_def_exp,temp0.3_nodelim_norole_nocot,lusa_12,2,classification,o porta-voz da Polícia da República de Moçambique (PRM),Per,0.95
qwen3_14b,portuguese,participants,cls_def_exp,temp0.3_nodelim_norole_nocot,lusa_12,2,classification,Polícia da República de Moçambique (PRM),Org,0.98
qwen3_14b,portuguese,participants,cls_def_exp,temp0.3_nodelim_norole_nocot,lusa_12,2,classification,Maputo,Pl_capital,0.95
qwen3_14b,portuguese,participants,cls_def_exp,temp0.3_nodelim_norole_nocot,lusa_12,2,classification,Juarce Martins,Per,0.95
qwen3_14b,portuguese,participants,sent_def_exp,temp0.3_nodelim_norole_nocot,lusa_12,3,detection,,yes,0.95
qwen3_14b,portuguese,participants,ext_def_exp,temp0.3_nodelim_norole_nocot,lusa_12,3,extraction,agentes da PRM,,0.95
qwen3_14b,portuguese,participants,ext_def_exp,temp0.3_nodelim_norole_nocot,lusa_12,3,extraction,PRM,,0.9
qwen3_14b,portuguese,participants,ext_def_exp,temp0.3_nodelim_norole_nocot,lusa_12,3,extraction,Departamento de Proteção dos Recursos Naturais e Meio Ambiente,,0.95
qwen3_14b,portuguese,participants,ext_def_exp,temp0.3_nodelim_norole_nocot,lusa_12,3,extraction,distrito de Magude,,0.9
qwen3_14b,portuguese,participants,ext_def_exp,temp0.3_nodelim_norole_nocot,lusa_12,3,extraction,província de Maputo,,0.9
qwen3_14b,portuguese,participants,cls_def_exp,temp0.3_nodelim_norole_nocot,lusa_12,3,classification,agentes da PRM,Per,0.95
qwen3_14b,portuguese,participants,cls_def_exp,temp0.3_nodelim_norole_nocot,lusa_12,3,classification,PRM,Org,0.95
qwen3_14b,portuguese,participants,cls_def_exp,temp0.3_nodelim_norole_nocot,lusa_12,3,classification,Departamento de Proteção dos Recursos Naturais e Meio Ambiente,Org,0.9
qwen3_14b,portuguese,participants,cls_def_exp,temp0.3_nodelim_norole_nocot,lusa_12,3,classification,distrito de Magude,Pl_civil,0.95
qwen3_14b,portuguese,participants,cls_def_exp,temp0.3_nodelim_norole_nocot,lusa_12,3,classification,província de Maputo,Pl_state,0.95
qwen3_14b,portuguese,participants,sent_def_exp,temp0.3_nodelim_norole_nocot,lusa_12,4,detection,,yes,0.95
qwen3_14b,portuguese,participants,ext_def_exp,temp0.3_nodelim_norole_nocot,lusa_12,4,extraction,a polícia,,0.9
qwen3_14b,portuguese,participants,ext_def_exp,temp0.3_nodelim_norole_nocot,lusa_12,4,extraction,os dois agentes,,0.9
qwen3_14b,portuguese,participants,ext_def_exp,temp0.3_nodelim_norole_nocot,lusa_12,4,extraction,acampamento,,0.7
qwen3_14b,portuguese,participants,ext_def_exp,temp0.3_nodelim_norole_nocot,lusa_12,4,extraction,zona protegida,,0.7
qwen3_14b,portuguese,participants,ext_def_exp,temp0.3_nodelim_norole_nocot,lusa_12,4,extraction,naquela província,,0.6
qwen3_14b,portuguese,participants,cls_def_exp,temp0.3_nodelim_norole_nocot,lusa_12,4,classification,a polícia,Org,0.95
qwen3_14b,portuguese,participants,cls_def_exp,temp0.3_nodelim_norole_nocot,lusa_12,4,classification,os dois agentes,Per,0.95
qwen3_14b,portuguese,participants,cls_def_exp,temp0.3_nodelim_norole_nocot,lusa_12,4,classification,acampamento,Fac,0.85
qwen3_14b,portuguese,participants,cls_def_exp,temp0.3_nodelim_norole_nocot,lusa_12,4,classification,zona protegida,Pl_region,0.8
qwen3_14b,portuguese,participants,cls_def_exp,temp0.3_nodelim_norole_nocot,lusa_12,4,classification,naquela província,Pl_state,0.9
qwen3_14b,portuguese,participants,sent_def_exp,temp0.3_nodelim_norole_nocot,lusa_12,5,detection,,yes,0.95
qwen3_14b,portuguese,participants,ext_def_exp,temp0.3_nodelim_norole_nocot,lusa_12,5,extraction,os outros colegas,,0.9
qwen3_14b,portuguese,participants,ext_def_exp,temp0.3_nodelim_norole_nocot,lusa_12,5,extraction,o autor do crime,,0.9
qwen3_14b,portuguese,participants,ext_def_exp,temp0.3_nodelim_norole_nocot,lusa_12,5,extraction,o porta-voz da PRM,,0.9
qwen3_14b,portuguese,participants,ext_def_exp,temp0.3_nodelim_norole_nocot,lusa_12,5,extraction,PRM,,0.7
qwen3_14b,portuguese,participants,cls_def_exp,temp0.3_nodelim_norole_nocot,lusa_12,5,classification,os outros colegas,Per,0.95
qwen3_14b,portuguese,participants,cls_def_exp,temp0.3_nodelim_norole_nocot,lusa_12,5,classification,o autor do crime,Per,0.95
qwen3_14b,portuguese,participants,cls_def_exp,temp0.3_nodelim_norole_nocot,lusa_12,5,classification,o porta-voz da PRM,Per,0.9
qwen3_14b,portuguese,participants,cls_def_exp,temp0.3_nodelim_norole_nocot,lusa_12,5,classification,PRM,Org,0.85
qwen3_14b,portuguese,participants,sent_def_exp,temp0.3_nodelim_norole_nocot,lusa_12,6,detection,,yes,0.95
qwen3_14b,portuguese,participants,ext_def_exp,temp0.3_nodelim_norole_nocot,lusa_12,6,extraction,Juarce Martins,,0.95
qwen3_14b,portuguese,participants,ext_def_exp,temp0.3_nodelim_norole_nocot,lusa_12,6,extraction,o agente,,0.9
qwen3_14b,portuguese,participants,cls_def_exp,temp0.3_nodelim_norole_nocot,lusa_12,6,classification,Juarce Martins,Per,0.95
qwen3_14b,portuguese,participants,cls_def_exp,temp0.3_nodelim_norole_nocot,lusa_12,6,classification,o agente,Per,0.95
qwen3_14b,portuguese,participants,sent_def_exp,temp0.3_nodelim_norole_nocot,lusa_12,7,detection,,yes,0.95
qwen3_14b,portuguese,participants,ext_def_exp,temp0.3_nodelim_norole_nocot,lusa_12,7,extraction,O comando,,1.0
qwen3_14b,portuguese,participants,cls_def_exp,temp0.3_nodelim_norole_nocot,lusa_12,7,classification,O comando,Org,0.95
qwen3_14b,portuguese,participants,sent_def_exp,temp0.3_nodelim_norole_nocot,lusa_13,1,detection,,yes,0.95
qwen3_14b,portuguese,participants,ext_def_exp,temp0.3_nodelim_norole_nocot,lusa_13,1,extraction,fiscalização marítima moçambicana,,0.9
qwen3_14b,portuguese,participants,ext_def_exp,temp0.3_nodelim_norole_nocot,lusa_13,1,extraction,caranguejo,,0.7
qwen3_14b,portuguese,participants,ext_def_exp,temp0.3_nodelim_norole_nocot,lusa_13,1,extraction,Lusa,,0.9
qwen3_14b,portuguese,participants,ext_def_exp,temp0.3_nodelim_norole_nocot,lusa_13,1,extraction,fonte,,0.8
qwen3_14b,portuguese,participants,ext_def_exp,temp0.3_nodelim_norole_nocot,lusa_13,1,extraction,autoridades,,0.8
qwen3_14b,portuguese,participants,ext_def_exp,temp0.3_nodelim_norole_nocot,lusa_13,1,extraction,Moçambique,,0.7
qwen3_14b,portuguese,participants,cls_def_exp,temp0.3_nodelim_norole_nocot,lusa_13,1,classification,fiscalização marítima moçambicana,Org,0.95
qwen3_14b,portuguese,participants,cls_def_exp,temp0.3_nodelim_norole_nocot,lusa_13,1,classification,caranguejo,Nat,0.9
qwen3_14b,portuguese,participants,cls_def_exp,temp0.3_nodelim_norole_nocot,lusa_13,1,classification,Lusa,Org,0.95
qwen3_14b,portuguese,participants,cls_def_exp,temp0.3_nodelim_norole_nocot,lusa_13,1,classification,fonte,Per,0.85
qwen3_14b,portuguese,participants,cls_def_exp,temp0.3_nodelim_norole_nocot,lusa_13,1,classification,autoridades,Org,0.9
qwen3_14b,portuguese,participants,cls_def_exp,temp0.3_nodelim_norole_nocot,lusa_13,1,classification,Moçambique,Pl_country,0.95
qwen3_14b,portuguese,participants,sent_def_exp,temp0.3_nodelim_norole_nocot,lusa_13,2,detection,,yes,0.95
qwen3_14b,portuguese,participants,ext_def_exp,temp0.3_nodelim_norole_nocot,lusa_13,2,extraction,Avião,,
qwen3_14b,portuguese,participants,ext_def_exp,temp0.3_nodelim_norole_nocot,lusa_13,2,extraction,o motor,,
qwen3_14b,portuguese,participants,ext_def_exp,temp0.3_nodelim_norole_nocot,lusa_13,2,extraction,Um avião,,
qwen3_14b,portuguese,participants,ext_def_exp,temp0.3_nodelim_norole_nocot,lusa_13,2,extraction,o motor,,
qwen3_14b,portuguese,participants,ext_def_exp,temp0.3_nodelim_norole_nocot,lusa_13,2,extraction,a aeronave,,
qwen3_14b,portuguese,participants,ext_def_exp,temp0.3_nodelim_norole_nocot,lusa_13,2,extraction,um motor,,
qwen3_14b,portuguese,participants,ext_def_exp,temp0.3_nodelim_norole_nocot,lusa_13,2,extraction,A aeronave,,
qwen3_14b,portuguese,participants,ext_def_exp,temp0.3_nodelim_norole_nocot,lusa_13,2,extraction,O avião,,
qwen3_14b,portuguese,participants,ext_def_exp,temp0.3_nodelim_norole_nocot,lusa_13,2,extraction,aeroporto,,
qwen3_14b,portuguese,participants,ext_def_exp,temp0.3_nodelim_norole_nocot,lusa_13,2,extraction,no Aeroporto Humberto Delgado,,
qwen3_14b,portuguese,participants,ext_def_exp,temp0.3_nodelim_norole_nocot,lusa_13,2,extraction,Lisboa,,
qwen3_14b,portuguese,participants,ext_def_exp,temp0.3_nodelim_norole_nocot,lusa_13,2,extraction,os aeroportos,,
qwen3_14b,portuguese,participants,ext_def_exp,temp0.3_nodelim_norole_nocot,lusa_13,2,extraction,Farnborough,,
qwen3_14b,portuguese,participants,ext_def_exp,temp0.3_nodelim_norole_nocot,lusa_13,2,extraction,Inglaterra,,
qwen3_14b,portuguese,participants,ext_def_exp,temp0.3_nodelim_norole_nocot,lusa_13,2,extraction,Lisboa,,
qwen3_14b,portuguese,participants,ext_def_exp,temp0.3_nodelim_norole_nocot,lusa_13,2,extraction,à agência Lusa,,
qwen3_14b,portuguese,participants,ext_def_exp,temp0.3_nodelim_norole_nocot,lusa_13,2,extraction,a Polícia de Segurança Pública,,
qwen3_14b,portuguese,participants,ext_def_exp,temp0.3_nodelim_norole_nocot,lusa_13,2,extraction,companhia aérea Jota Aviation,,
qwen3_14b,portuguese,participants,ext_def_exp,temp0.3_nodelim_norole_nocot,lusa_13,2,extraction,a ANA-Aeroportos de Portugal,,
qwen3_14b,portuguese,participants,ext_def_exp,temp0.3_nodelim_norole_nocot,lusa_13,2,extraction,fonte,,
qwen3_14b,portuguese,participants,ext_def_exp,temp0.3_nodelim_norole_nocot,lusa_13,2,extraction,a mesma fonte,,
qwen3_14b,portuguese,participants,ext_def_exp,temp0.3_nodelim_norole_nocot,lusa_13,2,extraction,Lisboa,,
qwen3_14b,portuguese,participants,ext_def_exp,temp0.3_nodelim_norole_nocot,lusa_13,2,extraction,o 'site',,
qwen3_14b,portuguese,participants,cls_def_exp,temp0.3_nodelim_norole_nocot,lusa_13,2,classification,Avião,Veh,0.95
qwen3_14b,portuguese,participants,cls_def_exp,temp0.3_nodelim_norole_nocot,lusa_13,2,classification,o motor,Obj,0.85
qwen3_14b,portuguese,participants,cls_def_exp,temp0.3_nodelim_norole_nocot,lusa_13,2,classification,Um avião,Veh,0.9
qwen3_14b,portuguese,participants,cls_def_exp,temp0.3_nodelim_norole_nocot,lusa_13,2,classification,a aeronave,Veh,0.9
qwen3_14b,portuguese,participants,cls_def_exp,temp0.3_nodelim_norole_nocot,lusa_13,2,classification,um motor,Obj,0.8
qwen3_14b,portuguese,participants,cls_def_exp,temp0.3_nodelim_norole_nocot,lusa_13,2,classification,A aeronave,Veh,0.9
qwen3_14b,portuguese,participants,cls_def_exp,temp0.3_nodelim_norole_nocot,lusa_13,2,classification,O avião,Veh,0.95
qwen3_14b,portuguese,participants,cls_def_exp,temp0.3_nodelim_norole_nocot,lusa_13,2,classification,aeroporto,Fac,0.9
qwen3_14b,portuguese,participants,cls_def_exp,temp0.3_nodelim_norole_nocot,lusa_13,2,classification,no Aeroporto Humberto Delgado,Fac,0.95
qwen3_14b,portuguese,participants,cls_def_exp,temp0.3_nodelim_norole_nocot,lusa_13,2,classification,Lisboa,Pl_capital,0.95
qwen3_14b,portuguese,participants,cls_def_exp,temp0.3_nodelim_norole_nocot,lusa_13,2,classification,os aeroportos,Fac,0.85
qwen3_14b,portuguese,participants,cls_def_exp,temp0.3_nodelim_norole_nocot,lusa_13,2,classification,Farnborough,Pl_civil,0.8
qwen3_14b,portuguese,participants,cls_def_exp,temp0.3_nodelim_norole_nocot,lusa_13,2,classification,Inglaterra,Pl_country,0.95
qwen3_14b,portuguese,participants,cls_def_exp,temp0.3_nodelim_norole_nocot,lusa_13,2,classification,à agência Lusa,Org,0.9
qwen3_14b,portuguese,participants,cls_def_exp,temp0.3_nodelim_norole_nocot,lusa_13,2,classification,a Polícia de Segurança Pública,Org,0.95
qwen3_14b,portuguese,participants,cls_def_exp,temp0.3_nodelim_norole_nocot,lusa_13,2,classification,companhia aérea Jota Aviation,Org,0.9
qwen3_14b,portuguese,participants,cls_def_exp,temp0.3_nodelim_norole_nocot,lusa_13,2,classification,a ANA-Aeroportos de Portugal,Org,0.9
qwen3_14b,portuguese,participants,cls_def_exp,temp0.3_nodelim_norole_nocot,lusa_13,2,classification,fonte,Per,0.8
qwen3_14b,portuguese,participants,cls_def_exp,temp0.3_nodelim_norole_nocot,lusa_13,2,classification,a mesma fonte,Per,0.85
qwen3_14b,portuguese,participants,cls_def_exp,temp0.3_nodelim_norole_nocot,lusa_13,2,classification,o 'site',Loc,0.8
qwen3_14b,portuguese,participants,sent_def_exp,temp0.3_nodelim_norole_nocot,lusa_13,3,detection,,yes,0.95
qwen3_14b,portuguese,participants,ext_def_exp,temp0.3_nodelim_norole_nocot,lusa_13,3,extraction,os responsáveis,,0.9
qwen3_14b,portuguese,participants,ext_def_exp,temp0.3_nodelim_norole_nocot,lusa_13,3,extraction,César Maphossa,,1.0
qwen3_14b,portuguese,participants,ext_def_exp,temp0.3_nodelim_norole_nocot,lusa_13,3,extraction,o chefe da fiscalização,,1.0
qwen3_14b,portuguese,participants,ext_def_exp,temp0.3_nodelim_norole_nocot,lusa_13,3,extraction,caranguejo,,0.8
qwen3_14b,portuguese,participants,ext_def_exp,temp0.3_nodelim_norole_nocot,lusa_13,3,extraction,embarcações,,0.8
qwen3_14b,portuguese,participants,cls_def_exp,temp0.3_nodelim_norole_nocot,lusa_13,3,classification,os responsáveis,Per,0.95
qwen3_14b,portuguese,participants,cls_def_exp,temp0.3_nodelim_norole_nocot,lusa_13,3,classification,César Maphossa,Per,0.98
qwen3_14b,portuguese,participants,cls_def_exp,temp0.3_nodelim_norole_nocot,lusa_13,3,classification,o chefe da fiscalização,Per,0.95
qwen3_14b,portuguese,participants,cls_def_exp,temp0.3_nodelim_norole_nocot,lusa_13,3,classification,caranguejo,Nat,0.95
qwen3_14b,portuguese,participants,cls_def_exp,temp0.3_nodelim_norole_nocot,lusa_13,3,classification,embarcações,Obj,0.95
qwen3_14b,portuguese,participants,sent_def_exp,temp0.3_nodelim_norole_nocot,lusa_13,4,detection,,yes,0.95
qwen3_14b,portuguese,participants,ext_def_exp,temp0.3_nodelim_norole_nocot,lusa_13,4,extraction,os tripulantes,,0.95
qwen3_14b,portuguese,participants,ext_def_exp,temp0.3_nodelim_norole_nocot,lusa_13,4,extraction,o barco,,0.9
qwen3_14b,portuguese,participants,ext_def_exp,temp0.3_nodelim_norole_nocot,lusa_13,4,extraction,Beira,,0.85
qwen3_14b,portuguese,participants,ext_def_exp,temp0.3_nodelim_norole_nocot,lusa_13,4,extraction,Moçambique,,0.85
qwen3_14b,portuguese,participants,ext_def_exp,temp0.3_nodelim_norole_nocot,lusa_13,4,extraction,os fiscais,,0.95
qwen3_14b,portuguese,participants,cls_def_exp,temp0.3_nodelim_norole_nocot,lusa_13,4,classification,os tripulantes,Per,0.95
qwen3_14b,portuguese,participants,cls_def_exp,temp0.3_nodelim_norole_nocot,lusa_13,4,classification,o barco,Obj,0.9
qwen3_14b,portuguese,participants,cls_def_exp,temp0.3_nodelim_norole_nocot,lusa_13,4,classification,Beira,Pl_civil,0.85
qwen3_14b,portuguese,participants,cls_def_exp,temp0.3_nodelim_norole_nocot,lusa_13,4,classification,Moçambique,Pl_country,0.95
qwen3_14b,portuguese,participants,cls_def_exp,temp0.3_nodelim_norole_nocot,lusa_13,4,classification,os fiscais,Per,0.9
qwen3_14b,portuguese,participants,sent_def_exp,temp0.3_nodelim_norole_nocot,lusa_13,5,detection,,yes,0.95
qwen3_14b,portuguese,participants,ext_def_exp,temp0.3_nodelim_norole_nocot,lusa_13,5,extraction,embarcação,,0.95
qwen3_14b,portuguese,participants,ext_def_exp,temp0.3_nodelim_norole_nocot,lusa_13,5,extraction,os caranguejos,,0.95
qwen3_14b,portuguese,participants,ext_def_exp,temp0.3_nodelim_norole_nocot,lusa_13,5,extraction,mangal do rio Maria,,0.8
qwen3_14b,portuguese,participants,ext_def_exp,temp0.3_nodelim_norole_nocot,lusa_13,5,extraction,capital provincial de Sofala,,0.8
qwen3_14b,portuguese,participants,cls_def_exp,temp0.3_nodelim_norole_nocot,lusa_13,5,classification,embarcação,Obj,0.95
qwen3_14b,portuguese,participants,cls_def_exp,temp0.3_nodelim_norole_nocot,lusa_13,5,classification,os caranguejos,Nat,0.9
qwen3_14b,portuguese,participants,cls_def_exp,temp0.3_nodelim_norole_nocot,lusa_13,5,classification,mangal do rio Maria,Pl_region,0.8
qwen3_14b,portuguese,participants,cls_def_exp,temp0.3_nodelim_norole_nocot,lusa_13,5,classification,capital provincial de Sofala,Pl_civil,0.75
qwen3_14b,portuguese,participants,sent_def_exp,temp0.3_nodelim_norole_nocot,lusa_13,6,detection,,yes,0.95
qwen3_14b,portuguese,participants,ext_def_exp,temp0.3_nodelim_norole_nocot,lusa_13,6,extraction,autoridades,,1.0
qwen3_14b,portuguese,participants,ext_def_exp,temp0.3_nodelim_norole_nocot,lusa_13,6,extraction,caranguejo,,1.0
qwen3_14b,portuguese,participants,ext_def_exp,temp0.3_nodelim_norole_nocot,lusa_13,6,extraction,período de proibição,,0.9
qwen3_14b,portuguese,participants,ext_def_exp,temp0.3_nodelim_norole_nocot,lusa_13,6,extraction,setembro,,0.8
qwen3_14b,portuguese,participants,ext_def_exp,temp0.3_nodelim_norole_nocot,lusa_13,6,extraction,final do ano,,0.8
qwen3_14b,portuguese,participants,cls_def_exp,temp0.3_nodelim_norole_nocot,lusa_13,6,classification,autoridades,Org,0.95
qwen3_14b,portuguese,participants,cls_def_exp,temp0.3_nodelim_norole_nocot,lusa_13,6,classification,caranguejo,Nat,0.9
qwen3_14b,portuguese,participants,cls_def_exp,temp0.3_nodelim_norole_nocot,lusa_13,6,classification,período de proibição,Other,0.7
qwen3_14b,portuguese,participants,cls_def_exp,temp0.3_nodelim_norole_nocot,lusa_13,6,classification,setembro,Other,0.6
qwen3_14b,portuguese,participants,cls_def_exp,temp0.3_nodelim_norole_nocot,lusa_13,6,classification,final do ano,Other,0.7
qwen3_14b,portuguese,participants,sent_def_exp,temp0.3_nodelim_norole_nocot,lusa_13,7,detection,,no,0.75
qwen3_14b,portuguese,participants,sent_def_exp,temp0.3_nodelim_norole_nocot,lusa_14,1,detection,,yes,0.95
qwen3_14b,portuguese,participants,ext_def_exp,temp0.3_nodelim_norole_nocot,lusa_14,1,extraction,Assassinos contratados (sicários),,0.95
qwen3_14b,portuguese,participants,ext_def_exp,temp0.3_nodelim_norole_nocot,lusa_14,1,extraction,narcotráfico,,0.8
qwen3_14b,portuguese,participants,ext_def_exp,temp0.3_nodelim_norole_nocot,lusa_14,1,extraction,sete pessoas,,0.8
qwen3_14b,portuguese,participants,ext_def_exp,temp0.3_nodelim_norole_nocot,lusa_14,1,extraction,estado mexicano de Michoacán,,0.9
qwen3_14b,portuguese,participants,ext_def_exp,temp0.3_nodelim_norole_nocot,lusa_14,1,extraction,as autoridades locais,,0.9
qwen3_14b,portuguese,participants,ext_def_exp,temp0.3_nodelim_norole_nocot,lusa_14,1,extraction,as vítimas,,0.8
qwen3_14b,portuguese,participants,ext_def_exp,temp0.3_nodelim_norole_nocot,lusa_14,1,extraction,estrada rural,,0.8
qwen3_14b,portuguese,participants,cls_def_exp,temp0.3_nodelim_norole_nocot,lusa_14,1,classification,Assassinos contratados (sicários),Per,0.95
qwen3_14b,portuguese,participants,cls_def_exp,temp0.3_nodelim_norole_nocot,lusa_14,1,classification,narcotráfico,Org,0.8
qwen3_14b,portuguese,participants,cls_def_exp,temp0.3_nodelim_norole_nocot,lusa_14,1,classification,sete pessoas,Per,0.95
qwen3_14b,portuguese,participants,cls_def_exp,temp0.3_nodelim_norole_nocot,lusa_14,1,classification,estado mexicano de Michoacán,Pl_state,0.95
qwen3_14b,portuguese,participants,cls_def_exp,temp0.3_nodelim_norole_nocot,lusa_14,1,classification,as autoridades locais,Org,0.9
qwen3_14b,portuguese,participants,cls_def_exp,temp0.3_nodelim_norole_nocot,lusa_14,1,classification,as vítimas,Per,0.95
qwen3_14b,portuguese,participants,cls_def_exp,temp0.3_nodelim_norole_nocot,lusa_14,1,classification,estrada rural,Path,0.9
qwen3_14b,portuguese,participants,sent_def_exp,temp0.3_nodelim_norole_nocot,lusa_14,2,detection,,yes,0.95
qwen3_14b,portuguese,participants,ext_def_exp,temp0.3_nodelim_norole_nocot,lusa_14,2,extraction,vítimas,,0.9
qwen3_14b,portuguese,participants,ext_def_exp,temp0.3_nodelim_norole_nocot,lusa_14,2,extraction,um grupo de trabalhadores agrícolas,,0.95
qwen3_14b,portuguese,participants,ext_def_exp,temp0.3_nodelim_norole_nocot,lusa_14,2,extraction,município de Tangamandapio,,0.8
qwen3_14b,portuguese,participants,ext_def_exp,temp0.3_nodelim_norole_nocot,lusa_14,2,extraction,Ministério Público local,,0.95
qwen3_14b,portuguese,participants,cls_def_exp,temp0.3_nodelim_norole_nocot,lusa_14,2,classification,vítimas,Per,0.95
qwen3_14b,portuguese,participants,cls_def_exp,temp0.3_nodelim_norole_nocot,lusa_14,2,classification,um grupo de trabalhadores agrícolas,Per,0.95
qwen3_14b,portuguese,participants,cls_def_exp,temp0.3_nodelim_norole_nocot,lusa_14,2,classification,município de Tangamandapio,Pl_civil,0.9
qwen3_14b,portuguese,participants,cls_def_exp,temp0.3_nodelim_norole_nocot,lusa_14,2,classification,Ministério Público local,Org,0.95
qwen3_14b,portuguese,participants,sent_def_exp,temp0.3_nodelim_norole_nocot,lusa_14,3,detection,,yes,0.95
qwen3_14b,portuguese,participants,ext_def_exp,temp0.3_nodelim_norole_nocot,lusa_14,3,extraction,Ministério Público,,0.95
qwen3_14b,portuguese,participants,ext_def_exp,temp0.3_nodelim_norole_nocot,lusa_14,3,extraction,as vítimas,,0.85
qwen3_14b,portuguese,participants,ext_def_exp,temp0.3_nodelim_norole_nocot,lusa_14,3,extraction,seis homens e uma mulher,,0.8
qwen3_14b,portuguese,participants,cls_def_exp,temp0.3_nodelim_norole_nocot,lusa_14,3,classification,Ministério Público,Org,0.95
qwen3_14b,portuguese,participants,cls_def_exp,temp0.3_nodelim_norole_nocot,lusa_14,3,classification,as vítimas,Per,0.9
qwen3_14b,portuguese,participants,cls_def_exp,temp0.3_nodelim_norole_nocot,lusa_14,3,classification,seis homens e uma mulher,Per,0.95
qwen3_14b,portuguese,participants,sent_def_exp,temp0.3_nodelim_norole_nocot,lusa_14,4,detection,,no,0.7
qwen3_14b,portuguese,participants,sent_def_exp,temp0.3_nodelim_norole_nocot,lusa_14,5,detection,,yes,0.95
qwen3_14b,portuguese,participants,ext_def_exp,temp0.3_nodelim_norole_nocot,lusa_14,5,extraction,vítimas,,0.8
qwen3_14b,portuguese,participants,cls_def_exp,temp0.3_nodelim_norole_nocot,lusa_14,5,classification,vítimas,Per,0.95
qwen3_14b,portuguese,participants,sent_def_exp,temp0.3_nodelim_norole_nocot,lusa_14,6,detection,,yes,0.95
qwen3_14b,portuguese,participants,ext_def_exp,temp0.3_nodelim_norole_nocot,lusa_14,6,extraction,as autoridades,,0.95
qwen3_14b,portuguese,participants,ext_def_exp,temp0.3_nodelim_norole_nocot,lusa_14,6,extraction,narcotráfico,,0.7
qwen3_14b,portuguese,participants,ext_def_exp,temp0.3_nodelim_norole_nocot,lusa_14,6,extraction,cartéis rivais,,0.8
qwen3_14b,portuguese,participants,cls_def_exp,temp0.3_nodelim_norole_nocot,lusa_14,6,classification,as autoridades,Org,0.95
qwen3_14b,portuguese,participants,cls_def_exp,temp0.3_nodelim_norole_nocot,lusa_14,6,classification,narcotráfico,Other,0.7
qwen3_14b,portuguese,participants,cls_def_exp,temp0.3_nodelim_norole_nocot,lusa_14,6,classification,cartéis rivais,Org,0.95
qwen3_14b,portuguese,participants,sent_def_exp,temp0.3_nodelim_norole_nocot,lusa_14,7,detection,,yes,0.95
qwen3_14b,portuguese,participants,ext_def_exp,temp0.3_nodelim_norole_nocot,lusa_14,7,extraction,crime organizado,,0.95
qwen3_14b,portuguese,participants,ext_def_exp,temp0.3_nodelim_norole_nocot,lusa_14,7,extraction,México,,0.95
qwen3_14b,portuguese,participants,cls_def_exp,temp0.3_nodelim_norole_nocot,lusa_14,7,classification,crime organizado,Org,0.9
qwen3_14b,portuguese,participants,cls_def_exp,temp0.3_nodelim_norole_nocot,lusa_14,7,classification,México,Pl_country,0.95
qwen3_14b,portuguese,participants,sent_def_exp,temp0.3_nodelim_norole_nocot,lusa_15,1,detection,,yes,0.95
qwen3_14b,portuguese,participants,ext_def_exp,temp0.3_nodelim_norole_nocot,lusa_15,1,extraction,O grupo 'jihadista' Estado Islâmico (EI),,0.95
qwen3_14b,portuguese,participants,ext_def_exp,temp0.3_nodelim_norole_nocot,lusa_15,1,extraction,Estado Islâmico (EI),,0.9
qwen3_14b,portuguese,participants,ext_def_exp,temp0.3_nodelim_norole_nocot,lusa_15,1,extraction,Viena,,0.8
qwen3_14b,portuguese,participants,ext_def_exp,temp0.3_nodelim_norole_nocot,lusa_15,1,extraction,Telegram,,0.8
qwen3_14b,portuguese,participants,ext_def_exp,temp0.3_nodelim_norole_nocot,lusa_15,1,extraction,redes Telegram,,0.7
qwen3_14b,portuguese,participants,cls_def_exp,temp0.3_nodelim_norole_nocot,lusa_15,1,classification,O grupo 'jihadista' Estado Islâmico (EI),Org,0.95
qwen3_14b,portuguese,participants,cls_def_exp,temp0.3_nodelim_norole_nocot,lusa_15,1,classification,Estado Islâmico (EI),Org,0.95
qwen3_14b,portuguese,participants,cls_def_exp,temp0.3_nodelim_norole_nocot,lusa_15,1,classification,Viena,Pl_capital,0.9
qwen3_14b,portuguese,participants,cls_def_exp,temp0.3_nodelim_norole_nocot,lusa_15,1,classification,Telegram,Org,0.85
qwen3_14b,portuguese,participants,cls_def_exp,temp0.3_nodelim_norole_nocot,lusa_15,1,classification,redes Telegram,Org,0.8
qwen3_14b,portuguese,participants,sent_def_exp,temp0.3_nodelim_norole_nocot,lusa_15,2,detection,,yes,0.95
qwen3_14b,portuguese,participants,ext_def_exp,temp0.3_nodelim_norole_nocot,lusa_15,2,extraction,EI,,0.95
qwen3_14b,portuguese,participants,ext_def_exp,temp0.3_nodelim_norole_nocot,lusa_15,2,extraction,um soldado do califado,,0.95
qwen3_14b,portuguese,participants,ext_def_exp,temp0.3_nodelim_norole_nocot,lusa_15,2,extraction,uma sinagoga,,0.8
qwen3_14b,portuguese,participants,ext_def_exp,temp0.3_nodelim_norole_nocot,lusa_15,2,extraction,da ópera,,0.8
qwen3_14b,portuguese,participants,cls_def_exp,temp0.3_nodelim_norole_nocot,lusa_15,2,classification,EI,Org,0.95
qwen3_14b,portuguese,participants,cls_def_exp,temp0.3_nodelim_norole_nocot,lusa_15,2,classification,um soldado do califado,Per,0.9
qwen3_14b,portuguese,participants,cls_def_exp,temp0.3_nodelim_norole_nocot,lusa_15,2,classification,uma sinagoga,Obj,0.9
qwen3_14b,portuguese,participants,cls_def_exp,temp0.3_nodelim_norole_nocot,lusa_15,2,classification,da ópera,Obj,0.9
qwen3_14b,portuguese,participants,sent_def_exp,temp0.3_nodelim_norole_nocot,lusa_15,3,detection,,yes,0.95
qwen3_14b,portuguese,participants,ext_def_exp,temp0.3_nodelim_norole_nocot,lusa_15,3,extraction,a agência de propaganda Amaq,,1.0
qwen3_14b,portuguese,participants,ext_def_exp,temp0.3_nodelim_norole_nocot,lusa_15,3,extraction,um combatente do Estado Islâmico,,0.95
qwen3_14b,portuguese,participants,ext_def_exp,temp0.3_nodelim_norole_nocot,lusa_15,3,extraction,Estado Islâmico,,1.0
qwen3_14b,portuguese,participants,ext_def_exp,temp0.3_nodelim_norole_nocot,lusa_15,3,extraction,Viena,,1.0
qwen3_14b,portuguese,participants,ext_def_exp,temp0.3_nodelim_norole_nocot,lusa_15,3,extraction,assaltante armado,,0.85
qwen3_14b,portuguese,participants,cls_def_exp,temp0.3_nodelim_norole_nocot,lusa_15,3,classification,a agência de propaganda Amaq,Org,0.95
qwen3_14b,portuguese,participants,cls_def_exp,temp0.3_nodelim_norole_nocot,lusa_15,3,classification,um combatente do Estado Islâmico,Per,0.9
qwen3_14b,portuguese,participants,cls_def_exp,temp0.3_nodelim_norole_nocot,lusa_15,3,classification,Estado Islâmico,Org,0.95
qwen3_14b,portuguese,participants,cls_def_exp,temp0.3_nodelim_norole_nocot,lusa_15,3,classification,Viena,Pl_capital,0.95
qwen3_14b,portuguese,participants,cls_def_exp,temp0.3_nodelim_norole_nocot,lusa_15,3,classification,assaltante armado,Per,0.85
qwen3_14b,portuguese,participants,sent_def_exp,temp0.3_nodelim_norole_nocot,lusa_15,4,detection,,yes,0.95
qwen3_14b,portuguese,participants,ext_def_exp,temp0.3_nodelim_norole_nocot,lusa_15,4,extraction,O autor do atentado,,0.9
qwen3_14b,portuguese,participants,ext_def_exp,temp0.3_nodelim_norole_nocot,lusa_15,4,extraction,a polícia,,0.9
qwen3_14b,portuguese,participants,ext_def_exp,temp0.3_nodelim_norole_nocot,lusa_15,4,extraction,Viena,,0.7
qwen3_14b,portuguese,participants,cls_def_exp,temp0.3_nodelim_norole_nocot,lusa_15,4,classification,O autor do atentado,Per,0.95
qwen3_14b,portuguese,participants,cls_def_exp,temp0.3_nodelim_norole_nocot,lusa_15,4,classification,a polícia,Org,0.95
qwen3_14b,portuguese,participants,cls_def_exp,temp0.3_nodelim_norole_nocot,lusa_15,4,classification,Viena,Pl_capital,0.95
qwen3_14b,portuguese,participants,sent_def_exp,temp0.3_nodelim_norole_nocot,lusa_15,5,detection,,yes,0.95
qwen3_14b,portuguese,participants,ext_def_exp,temp0.3_nodelim_norole_nocot,lusa_15,5,extraction,O jovem,,0.95
qwen3_14b,portuguese,participants,ext_def_exp,temp0.3_nodelim_norole_nocot,lusa_15,5,extraction,Austríaca,,0.9
qwen3_14b,portuguese,participants,ext_def_exp,temp0.3_nodelim_norole_nocot,lusa_15,5,extraction,Macedónia do Norte,,0.9
qwen3_14b,portuguese,participants,ext_def_exp,temp0.3_nodelim_norole_nocot,lusa_15,5,extraction,Síria,,0.9
qwen3_14b,portuguese,participants,ext_def_exp,temp0.3_nodelim_norole_nocot,lusa_15,5,extraction,EI,,0.95
qwen3_14b,portuguese,participants,cls_def_exp,temp0.3_nodelim_norole_nocot,lusa_15,5,classification,O jovem,Per,0.95
qwen3_14b,portuguese,participants,cls_def_exp,temp0.3_nodelim_norole_nocot,lusa_15,5,classification,Austríaca,Pl_country,0.9
qwen3_14b,portuguese,participants,cls_def_exp,temp0.3_nodelim_norole_nocot,lusa_15,5,classification,Macedónia do Norte,Pl_country,0.95
qwen3_14b,portuguese,participants,cls_def_exp,temp0.3_nodelim_norole_nocot,lusa_15,5,classification,Síria,Pl_country,0.95
qwen3_14b,portuguese,participants,cls_def_exp,temp0.3_nodelim_norole_nocot,lusa_15,5,classification,EI,Org,0.9
qwen3_14b,portuguese,participants,sent_def_exp,temp0.3_nodelim_norole_nocot,lusa_16,1,detection,,yes,0.95
qwen3_14b,portuguese,participants,ext_def_exp,temp0.3_nodelim_norole_nocot,lusa_16,1,extraction,Ricardo Pinheiro,,0.95
qwen3_14b,portuguese,participants,ext_def_exp,temp0.3_nodelim_norole_nocot,lusa_16,1,extraction,José Mendes,,0.95
qwen3_14b,portuguese,participants,ext_def_exp,temp0.3_nodelim_norole_nocot,lusa_16,1,extraction,Presidência da República,,0.9
qwen3_14b,portuguese,participants,ext_def_exp,temp0.3_nodelim_norole_nocot,lusa_16,1,extraction,portal da Presidência da República,,0.8
qwen3_14b,portuguese,participants,cls_def_exp,temp0.3_nodelim_norole_nocot,lusa_16,1,classification,Ricardo Pinheiro,Per,0.95
qwen3_14b,portuguese,participants,cls_def_exp,temp0.3_nodelim_norole_nocot,lusa_16,1,classification,José Mendes,Per,0.95
qwen3_14b,portuguese,participants,cls_def_exp,temp0.3_nodelim_norole_nocot,lusa_16,1,classification,Presidência da República,Org,0.9
qwen3_14b,portuguese,participants,cls_def_exp,temp0.3_nodelim_norole_nocot,lusa_16,1,classification,portal da Presidência da República,Loc,0.85
qwen3_14b,portuguese,participants,sent_def_exp,temp0.3_nodelim_norole_nocot,lusa_16,2,detection,,yes,0.95
qwen3_14b,portuguese,participants,ext_def_exp,temp0.3_nodelim_norole_nocot,lusa_16,2,extraction,O Presidente da República,,0.95
qwen3_14b,portuguese,participants,ext_def_exp,temp0.3_nodelim_norole_nocot,lusa_16,2,extraction,o primeiro-ministro,,0.9
qwen3_14b,portuguese,participants,ext_def_exp,temp0.3_nodelim_norole_nocot,lusa_16,2,extraction,José Fernandes Gomes Mendes,,0.95
qwen3_14b,portuguese,participants,ext_def_exp,temp0.3_nodelim_norole_nocot,lusa_16,2,extraction,Ricardo Miguel Furtado Pinheiro,,0.95
qwen3_14b,portuguese,participants,ext_def_exp,temp0.3_nodelim_norole_nocot,lusa_16,2,extraction,a nota,,0.8
qwen3_14b,portuguese,participants,cls_def_exp,temp0.3_nodelim_norole_nocot,lusa_16,2,classification,O Presidente da República,Per,0.95
qwen3_14b,portuguese,participants,cls_def_exp,temp0.3_nodelim_norole_nocot,lusa_16,2,classification,o primeiro-ministro,Per,0.95
qwen3_14b,portuguese,participants,cls_def_exp,temp0.3_nodelim_norole_nocot,lusa_16,2,classification,José Fernandes Gomes Mendes,Per,0.95
qwen3_14b,portuguese,participants,cls_def_exp,temp0.3_nodelim_norole_nocot,lusa_16,2,classification,Ricardo Miguel Furtado Pinheiro,Per,0.95
qwen3_14b,portuguese,participants,cls_def_exp,temp0.3_nodelim_norole_nocot,lusa_16,2,classification,a nota,Obj,0.8
qwen3_14b,portuguese,participants,sent_def_exp,temp0.3_nodelim_norole_nocot,lusa_16,3,detection,,yes,0.95
qwen3_14b,portuguese,participants,ext_def_exp,temp0.3_nodelim_norole_nocot,lusa_16,3,extraction,Nelson de Sousa,,0.95
qwen3_14b,portuguese,participants,ext_def_exp,temp0.3_nodelim_norole_nocot,lusa_16,3,extraction,Palácio de Belém,,0.9
qwen3_14b,portuguese,participants,cls_def_exp,temp0.3_nodelim_norole_nocot,lusa_16,3,classification,Nelson de Sousa,Per,0.95
qwen3_14b,portuguese,participants,cls_def_exp,temp0.3_nodelim_norole_nocot,lusa_16,3,classification,Palácio de Belém,Fac,0.95
qwen3_14b,portuguese,participants,sent_def_exp,temp0.3_nodelim_norole_nocot,lusa_16,4,detection,,yes,0.95
qwen3_14b,portuguese,participants,ext_def_exp,temp0.3_nodelim_norole_nocot,lusa_16,4,extraction,Ricardo Pinheiro,,1.0
qwen3_14b,portuguese,participants,ext_def_exp,temp0.3_nodelim_norole_nocot,lusa_16,4,extraction,Câmara de Campo Maior,,1.0
qwen3_14b,portuguese,participants,ext_def_exp,temp0.3_nodelim_norole_nocot,lusa_16,4,extraction,Distrito de Portalegre,,0.8
qwen3_14b,portuguese,participants,ext_def_exp,temp0.3_nodelim_norole_nocot,lusa_16,4,extraction,Círculo,,1.0
qwen3_14b,portuguese,participants,cls_def_exp,temp0.3_nodelim_norole_nocot,lusa_16,4,classification,Ricardo Pinheiro,Per,0.95
qwen3_14b,portuguese,participants,cls_def_exp,temp0.3_nodelim_norole_nocot,lusa_16,4,classification,Câmara de Campo Maior,Org,0.95
qwen3_14b,portuguese,participants,cls_def_exp,temp0.3_nodelim_norole_nocot,lusa_16,4,classification,Distrito de Portalegre,Pl_state,0.9
qwen3_14b,portuguese,participants,cls_def_exp,temp0.3_nodelim_norole_nocot,lusa_16,4,classification,Círculo,Pl_civil,0.85
qwen3_14b,portuguese,participants,sent_def_exp,temp0.3_nodelim_norole_nocot,lusa_17,1,detection,,yes,0.95
qwen3_14b,portuguese,participants,ext_def_exp,temp0.3_nodelim_norole_nocot,lusa_17,1,extraction,pessoas,,0.9
qwen3_14b,portuguese,participants,ext_def_exp,temp0.3_nodelim_norole_nocot,lusa_17,1,extraction,incêndio,,0.8
qwen3_14b,portuguese,participants,ext_def_exp,temp0.3_nodelim_norole_nocot,lusa_17,1,extraction,edifício residencial,,0.8
qwen3_14b,portuguese,participants,ext_def_exp,temp0.3_nodelim_norole_nocot,lusa_17,1,extraction,Hong Kong,,0.9
qwen3_14b,portuguese,participants,ext_def_exp,temp0.3_nodelim_norole_nocot,lusa_17,1,extraction,a imprensa local,,0.7
qwen3_14b,portuguese,participants,cls_def_exp,temp0.3_nodelim_norole_nocot,lusa_17,1,classification,pessoas,Per,0.95
qwen3_14b,portuguese,participants,cls_def_exp,temp0.3_nodelim_norole_nocot,lusa_17,1,classification,incêndio,Other,0.5
qwen3_14b,portuguese,participants,cls_def_exp,temp0.3_nodelim_norole_nocot,lusa_17,1,classification,edifício residencial,Obj,0.9
qwen3_14b,portuguese,participants,cls_def_exp,temp0.3_nodelim_norole_nocot,lusa_17,1,classification,Hong Kong,Pl_civil,0.95
qwen3_14b,portuguese,participants,cls_def_exp,temp0.3_nodelim_norole_nocot,lusa_17,1,classification,a imprensa local,Org,0.9
qwen3_14b,portuguese,participants,sent_def_exp,temp0.3_nodelim_norole_nocot,lusa_17,2,detection,,yes,0.95
qwen3_14b,portuguese,participants,ext_def_exp,temp0.3_nodelim_norole_nocot,lusa_17,2,extraction,três homens,,0.95
qwen3_14b,portuguese,participants,ext_def_exp,temp0.3_nodelim_norole_nocot,lusa_17,2,extraction,três mulheres,,0.95
qwen3_14b,portuguese,participants,ext_def_exp,temp0.3_nodelim_norole_nocot,lusa_17,2,extraction,uma criança de 09 anos,,0.95
qwen3_14b,portuguese,participants,ext_def_exp,temp0.3_nodelim_norole_nocot,lusa_17,2,extraction,o jornal South China Morning Post (SCMP),,0.9
qwen3_14b,portuguese,participants,cls_def_exp,temp0.3_nodelim_norole_nocot,lusa_17,2,classification,três homens,Per,0.95
qwen3_14b,portuguese,participants,cls_def_exp,temp0.3_nodelim_norole_nocot,lusa_17,2,classification,três mulheres,Per,0.95
qwen3_14b,portuguese,participants,cls_def_exp,temp0.3_nodelim_norole_nocot,lusa_17,2,classification,uma criança de 09 anos,Per,0.95
qwen3_14b,portuguese,participants,cls_def_exp,temp0.3_nodelim_norole_nocot,lusa_17,2,classification,o jornal South China Morning Post (SCMP),Org,0.95
qwen3_14b,portuguese,participants,sent_def_exp,temp0.3_nodelim_norole_nocot,lusa_17,3,detection,,yes,0.95
qwen3_14b,portuguese,participants,ext_def_exp,temp0.3_nodelim_norole_nocot,lusa_17,3,extraction,três homens,,1.0
qwen3_14b,portuguese,participants,ext_def_exp,temp0.3_nodelim_norole_nocot,lusa_17,3,extraction,quatro mulheres,,1.0
qwen3_14b,portuguese,participants,cls_def_exp,temp0.3_nodelim_norole_nocot,lusa_17,3,classification,três homens,Per,0.95
qwen3_14b,portuguese,participants,cls_def_exp,temp0.3_nodelim_norole_nocot,lusa_17,3,classification,quatro mulheres,Per,0.95
qwen3_14b,portuguese,participants,sent_def_exp,temp0.3_nodelim_norole_nocot,lusa_17,4,detection,,yes,0.95
qwen3_14b,portuguese,participants,ext_def_exp,temp0.3_nodelim_norole_nocot,lusa_17,4,extraction,Duas outras pessoas,,0.95
qwen3_14b,portuguese,participants,cls_def_exp,temp0.3_nodelim_norole_nocot,lusa_17,4,classification,Duas outras pessoas,Per,0.95
qwen3_14b,portuguese,participants,sent_def_exp,temp0.3_nodelim_norole_nocot,lusa_17,5,detection,,no,0.75
qwen3_14b,portuguese,participants,sent_def_exp,temp0.3_nodelim_norole_nocot,lusa_17,6,detection,,yes,0.95
qwen3_14b,portuguese,participants,ext_def_exp,temp0.3_nodelim_norole_nocot,lusa_17,6,extraction,O apartamento,,0.9
qwen3_14b,portuguese,participants,ext_def_exp,temp0.3_nodelim_norole_nocot,lusa_17,6,extraction,as autoridades,,0.9
qwen3_14b,portuguese,participants,ext_def_exp,temp0.3_nodelim_norole_nocot,lusa_17,6,extraction,um restaurante sem licença,,0.8
qwen3_14b,portuguese,participants,cls_def_exp,temp0.3_nodelim_norole_nocot,lusa_17,6,classification,O apartamento,Fac,0.95
qwen3_14b,portuguese,participants,cls_def_exp,temp0.3_nodelim_norole_nocot,lusa_17,6,classification,as autoridades,Org,0.9
qwen3_14b,portuguese,participants,cls_def_exp,temp0.3_nodelim_norole_nocot,lusa_17,6,classification,um restaurante sem licença,Fac,0.8
qwen3_14b,portuguese,participants,sent_def_exp,temp0.3_nodelim_norole_nocot,lusa_17,7,detection,,yes,0.95
qwen3_14b,portuguese,participants,ext_def_exp,temp0.3_nodelim_norole_nocot,lusa_17,7,extraction,vítimas,,0.95
qwen3_14b,portuguese,participants,cls_def_exp,temp0.3_nodelim_norole_nocot,lusa_17,7,classification,vítimas,Per,0.95
qwen3_14b,portuguese,participants,sent_def_exp,temp0.3_nodelim_norole_nocot,lusa_17,8,detection,,yes,0.95
qwen3_14b,portuguese,participants,ext_def_exp,temp0.3_nodelim_norole_nocot,lusa_17,8,extraction,Os bombeiros,,0.95
qwen3_14b,portuguese,participants,ext_def_exp,temp0.3_nodelim_norole_nocot,lusa_17,8,extraction,o edifício,,0.8
qwen3_14b,portuguese,participants,ext_def_exp,temp0.3_nodelim_norole_nocot,lusa_17,8,extraction,o apartamento,,0.7
qwen3_14b,portuguese,participants,ext_def_exp,temp0.3_nodelim_norole_nocot,lusa_17,8,extraction,a casa de banho,,0.6
qwen3_14b,portuguese,participants,ext_def_exp,temp0.3_nodelim_norole_nocot,lusa_17,8,extraction,um dos presentes,,0.5
qwen3_14b,portuguese,participants,cls_def_exp,temp0.3_nodelim_norole_nocot,lusa_17,8,classification,Os bombeiros,Per,0.95
qwen3_14b,portuguese,participants,cls_def_exp,temp0.3_nodelim_norole_nocot,lusa_17,8,classification,o edifício,Fac,0.9
qwen3_14b,portuguese,participants,cls_def_exp,temp0.3_nodelim_norole_nocot,lusa_17,8,classification,o apartamento,Fac,0.95
qwen3_14b,portuguese,participants,cls_def_exp,temp0.3_nodelim_norole_nocot,lusa_17,8,classification,a casa de banho,Fac,0.8
qwen3_14b,portuguese,participants,cls_def_exp,temp0.3_nodelim_norole_nocot,lusa_17,8,classification,um dos presentes,Per,0.95
qwen3_14b,portuguese,participants,sent_def_exp,temp0.3_nodelim_norole_nocot,lusa_18,1,detection,,yes,0.95
qwen3_14b,portuguese,participants,ext_def_exp,temp0.3_nodelim_norole_nocot,lusa_18,1,extraction,A Procuradoria-Geral da República (PGR) de Angola,,0.95
qwen3_14b,portuguese,participants,ext_def_exp,temp0.3_nodelim_norole_nocot,lusa_18,1,extraction,Serviço Nacional de Recuperação de Ativos,,0.9
qwen3_14b,portuguese,participants,ext_def_exp,temp0.3_nodelim_norole_nocot,lusa_18,1,extraction,três edifícios,,0.8
qwen3_14b,portuguese,participants,ext_def_exp,temp0.3_nodelim_norole_nocot,lusa_18,1,extraction,um projeto imobiliário,,0.8
qwen3_14b,portuguese,participants,ext_def_exp,temp0.3_nodelim_norole_nocot,lusa_18,1,extraction,clínica Luanda Medical Center,,0.95
qwen3_14b,portuguese,participants,ext_def_exp,temp0.3_nodelim_norole_nocot,lusa_18,1,extraction,um hotel,,0.8
qwen3_14b,portuguese,participants,cls_def_exp,temp0.3_nodelim_norole_nocot,lusa_18,1,classification,A Procuradoria-Geral da República (PGR) de Angola,Org,0.95
qwen3_14b,portuguese,participants,cls_def_exp,temp0.3_nodelim_norole_nocot,lusa_18,1,classification,Serviço Nacional de Recuperação de Ativos,Org,0.95
qwen3_14b,portuguese,participants,cls_def_exp,temp0.3_nodelim_norole_nocot,lusa_18,1,classification,três edifícios,Obj,0.9
qwen3_14b,portuguese,participants,cls_def_exp,temp0.3_nodelim_norole_nocot,lusa_18,1,classification,um projeto imobiliário,Obj,0.85
qwen3_14b,portuguese,participants,cls_def_exp,temp0.3_nodelim_norole_nocot,lusa_18,1,classification,clínica Luanda Medical Center,Fac,0.95
qwen3_14b,portuguese,participants,cls_def_exp,temp0.3_nodelim_norole_nocot,lusa_18,1,classification,um hotel,Fac,0.95
qwen3_14b,portuguese,participants,sent_def_exp,temp0.3_nodelim_norole_nocot,lusa_18,2,detection,,yes,0.95
qwen3_14b,portuguese,participants,ext_def_exp,temp0.3_nodelim_norole_nocot,lusa_18,2,extraction,hotéis Monalisa Residence,,1.0
qwen3_14b,portuguese,participants,ext_def_exp,temp0.3_nodelim_norole_nocot,lusa_18,2,extraction,Talatona,,1.0
qwen3_14b,portuguese,participants,ext_def_exp,temp0.3_nodelim_norole_nocot,lusa_18,2,extraction,projeto imobiliário Torres Eucaliptos,,1.0
qwen3_14b,portuguese,participants,ext_def_exp,temp0.3_nodelim_norole_nocot,lusa_18,2,extraction,edifício Instituto Sapiens,,1.0
qwen3_14b,portuguese,participants,ext_def_exp,temp0.3_nodelim_norole_nocot,lusa_18,2,extraction,edifício Luanda Medical Center (LMC),,1.0
qwen3_14b,portuguese,participants,ext_def_exp,temp0.3_nodelim_norole_nocot,lusa_18,2,extraction,Rua Amílcar Cabral,,1.0
qwen3_14b,portuguese,participants,ext_def_exp,temp0.3_nodelim_norole_nocot,lusa_18,2,extraction,distrito da Ingombota,,1.0
qwen3_14b,portuguese,participants,ext_def_exp,temp0.3_nodelim_norole_nocot,lusa_18,2,extraction,Luanda,,1.0
qwen3_14b,portuguese,participants,cls_def_exp,temp0.3_nodelim_norole_nocot,lusa_18,2,classification,hotéis Monalisa Residence,Fac,0.95
qwen3_14b,portuguese,participants,cls_def_exp,temp0.3_nodelim_norole_nocot,lusa_18,2,classification,Talatona,Pl_civil,0.8
qwen3_14b,portuguese,participants,cls_def_exp,temp0.3_nodelim_norole_nocot,lusa_18,2,classification,projeto imobiliário Torres Eucaliptos,Other,0.7
qwen3_14b,portuguese,participants,cls_def_exp,temp0.3_nodelim_norole_nocot,lusa_18,2,classification,edifício Instituto Sapiens,Fac,0.95
qwen3_14b,portuguese,participants,cls_def_exp,temp0.3_nodelim_norole_nocot,lusa_18,2,classification,edifício Luanda Medical Center (LMC),Fac,0.95
qwen3_14b,portuguese,participants,cls_def_exp,temp0.3_nodelim_norole_nocot,lusa_18,2,classification,Rua Amílcar Cabral,Path,0.9
qwen3_14b,portuguese,participants,cls_def_exp,temp0.3_nodelim_norole_nocot,lusa_18,2,classification,distrito da Ingombota,Pl_civil,0.95
qwen3_14b,portuguese,participants,cls_def_exp,temp0.3_nodelim_norole_nocot,lusa_18,2,classification,Luanda,Pl_capital,0.95
qwen3_14b,portuguese,participants,sent_def_exp,temp0.3_nodelim_norole_nocot,lusa_18,3,detection,,yes,0.95
qwen3_14b,portuguese,participants,ext_def_exp,temp0.3_nodelim_norole_nocot,lusa_18,3,extraction,Méssene – Investimentos Limitada,,0.95
qwen3_14b,portuguese,participants,ext_def_exp,temp0.3_nodelim_norole_nocot,lusa_18,3,extraction,Heavy Group – Investimentos Limitada,,0.95
qwen3_14b,portuguese,participants,ext_def_exp,temp0.3_nodelim_norole_nocot,lusa_18,3,extraction,Universal Sabedoria,,0.95
qwen3_14b,portuguese,participants,ext_def_exp,temp0.3_nodelim_norole_nocot,lusa_18,3,extraction,LMC,,0.95
qwen3_14b,portuguese,participants,ext_def_exp,temp0.3_nodelim_norole_nocot,lusa_18,3,extraction,representantes legais,,0.8
qwen3_14b,portuguese,participants,cls_def_exp,temp0.3_nodelim_norole_nocot,lusa_18,3,classification,Méssene – Investimentos Limitada,Org,1.0
qwen3_14b,portuguese,participants,cls_def_exp,temp0.3_nodelim_norole_nocot,lusa_18,3,classification,Heavy Group – Investimentos Limitada,Org,1.0
qwen3_14b,portuguese,participants,cls_def_exp,temp0.3_nodelim_norole_nocot,lusa_18,3,classification,Universal Sabedoria,Org,1.0
qwen3_14b,portuguese,participants,cls_def_exp,temp0.3_nodelim_norole_nocot,lusa_18,3,classification,LMC,Org,1.0
qwen3_14b,portuguese,participants,cls_def_exp,temp0.3_nodelim_norole_nocot,lusa_18,3,classification,representantes legais,Per,1.0
qwen3_14b,portuguese,participants,sent_def_exp,temp0.3_nodelim_norole_nocot,lusa_18,4,detection,,yes,0.95
qwen3_14b,portuguese,participants,ext_def_exp,temp0.3_nodelim_norole_nocot,lusa_18,4,extraction,projetos imobiliários,,0.8
qwen3_14b,portuguese,participants,ext_def_exp,temp0.3_nodelim_norole_nocot,lusa_18,4,extraction,Instituto Nacional de Segurança Social,,0.95
qwen3_14b,portuguese,participants,ext_def_exp,temp0.3_nodelim_norole_nocot,lusa_18,4,extraction,empresas privadas,,0.9
qwen3_14b,portuguese,participants,ext_def_exp,temp0.3_nodelim_norole_nocot,lusa_18,4,extraction,o Estado,,0.9
qwen3_14b,portuguese,participants,ext_def_exp,temp0.3_nodelim_norole_nocot,lusa_18,4,extraction,PGR,,0.95
qwen3_14b,portuguese,participants,cls_def_exp,temp0.3_nodelim_norole_nocot,lusa_18,4,classification,projetos imobiliários,Obj,0.95
qwen3_14b,portuguese,participants,cls_def_exp,temp0.3_nodelim_norole_nocot,lusa_18,4,classification,Instituto Nacional de Segurança Social,Org,0.98
qwen3_14b,portuguese,participants,cls_def_exp,temp0.3_nodelim_norole_nocot,lusa_18,4,classification,empresas privadas,Org,0.95
qwen3_14b,portuguese,participants,cls_def_exp,temp0.3_nodelim_norole_nocot,lusa_18,4,classification,o Estado,Org,0.9
qwen3_14b,portuguese,participants,cls_def_exp,temp0.3_nodelim_norole_nocot,lusa_18,4,classification,PGR,Org,0.95
qwen3_14b,portuguese,participants,sent_def_exp,temp0.3_nodelim_norole_nocot,lusa_18,5,detection,,no,0.5
qwen3_14b,portuguese,participants,sent_def_exp,temp0.3_nodelim_norole_nocot,lusa_18,6,detection,,yes,0.95
qwen3_14b,portuguese,participants,ext_def_exp,temp0.3_nodelim_norole_nocot,lusa_18,6,extraction,A PGR,,0.95
qwen3_14b,portuguese,participants,ext_def_exp,temp0.3_nodelim_norole_nocot,lusa_18,6,extraction,clínica Luanda Medical Center,,0.9
qwen3_14b,portuguese,participants,cls_def_exp,temp0.3_nodelim_norole_nocot,lusa_18,6,classification,A PGR,Org,0.95
qwen3_14b,portuguese,participants,cls_def_exp,temp0.3_nodelim_norole_nocot,lusa_18,6,classification,clínica Luanda Medical Center,Fac,0.9
qwen3_14b,portuguese,participants,sent_def_exp,temp0.3_nodelim_norole_nocot,lusa_19,1,detection,,yes,0.95
qwen3_14b,portuguese,participants,ext_def_exp,temp0.3_nodelim_norole_nocot,lusa_19,1,extraction,Um homem de 75 anos,,0.95
qwen3_14b,portuguese,participants,ext_def_exp,temp0.3_nodelim_norole_nocot,lusa_19,1,extraction,Fervença,,0.9
qwen3_14b,portuguese,participants,ext_def_exp,temp0.3_nodelim_norole_nocot,lusa_19,1,extraction,Maiorga,,0.9
qwen3_14b,portuguese,participants,ext_def_exp,temp0.3_nodelim_norole_nocot,lusa_19,1,extraction,Alcobaça,,0.9
qwen3_14b,portuguese,participants,ext_def_exp,temp0.3_nodelim_norole_nocot,lusa_19,1,extraction,a GNR,,0.95
qwen3_14b,portuguese,participants,cls_def_exp,temp0.3_nodelim_norole_nocot,lusa_19,1,classification,Um homem de 75 anos,Per,0.95
qwen3_14b,portuguese,participants,cls_def_exp,temp0.3_nodelim_norole_nocot,lusa_19,1,classification,Fervença,Pl_region,0.7
qwen3_14b,portuguese,participants,cls_def_exp,temp0.3_nodelim_norole_nocot,lusa_19,1,classification,Maiorga,Pl_civil,0.9
qwen3_14b,portuguese,participants,cls_def_exp,temp0.3_nodelim_norole_nocot,lusa_19,1,classification,Alcobaça,Pl_state,0.95
qwen3_14b,portuguese,participants,cls_def_exp,temp0.3_nodelim_norole_nocot,lusa_19,1,classification,a GNR,Org,0.95
qwen3_14b,portuguese,participants,sent_def_exp,temp0.3_nodelim_norole_nocot,lusa_19,2,detection,,yes,0.95
qwen3_14b,portuguese,participants,sent_def_exp,temp0.3_nodelim_norole_nocot,lusa_19,3,detection,,yes,0.95
qwen3_14b,portuguese,participants,ext_def_exp,temp0.3_nodelim_norole_nocot,lusa_19,3,extraction,a Polícia Judiciária,,0.95
qwen3_14b,portuguese,participants,ext_def_exp,temp0.3_nodelim_norole_nocot,lusa_19,3,extraction,o corpo,,0.8
qwen3_14b,portuguese,participants,ext_def_exp,temp0.3_nodelim_norole_nocot,lusa_19,3,extraction,indícios,,0.7
qwen3_14b,portuguese,participants,ext_def_exp,temp0.3_nodelim_norole_nocot,lusa_19,3,extraction,a residência da vítima,,0.85
qwen3_14b,portuguese,participants,ext_def_exp,temp0.3_nodelim_norole_nocot,lusa_19,3,extraction,o distrito de Leiria,,0.8
qwen3_14b,portuguese,participants,ext_def_exp,temp0.3_nodelim_norole_nocot,lusa_19,3,extraction,o mesmo responsável,,0.75
qwen3_14b,portuguese,participants,ext_def_exp,temp0.3_nodelim_norole_nocot,lusa_19,3,extraction,a vítima,,0.7
qwen3_14b,portuguese,participants,cls_def_exp,temp0.3_nodelim_norole_nocot,lusa_19,3,classification,a Polícia Judiciária,Org,0.95
qwen3_14b,portuguese,participants,cls_def_exp,temp0.3_nodelim_norole_nocot,lusa_19,3,classification,o corpo,Nat,0.9
qwen3_14b,portuguese,participants,cls_def_exp,temp0.3_nodelim_norole_nocot,lusa_19,3,classification,indícios,Obj,0.8
qwen3_14b,portuguese,participants,cls_def_exp,temp0.3_nodelim_norole_nocot,lusa_19,3,classification,a residência da vítima,Fac,0.95
qwen3_14b,portuguese,participants,cls_def_exp,temp0.3_nodelim_norole_nocot,lusa_19,3,classification,o distrito de Leiria,Pl_civil,0.9
qwen3_14b,portuguese,participants,cls_def_exp,temp0.3_nodelim_norole_nocot,lusa_19,3,classification,o mesmo responsável,Per,0.95
qwen3_14b,portuguese,participants,cls_def_exp,temp0.3_nodelim_norole_nocot,lusa_19,3,classification,a vítima,Per,0.95
qwen3_14b,portuguese,participants,sent_def_exp,temp0.3_nodelim_norole_nocot,lusa_19,4,detection,,yes,0.95
qwen3_14b,portuguese,participants,ext_def_exp,temp0.3_nodelim_norole_nocot,lusa_19,4,extraction,o corpo do homem,,0.9
qwen3_14b,portuguese,participants,ext_def_exp,temp0.3_nodelim_norole_nocot,lusa_19,4,extraction,serviço de Medicina Legal de Leiria,,0.9
qwen3_14b,portuguese,participants,ext_def_exp,temp0.3_nodelim_norole_nocot,lusa_19,4,extraction,Leiria,,0.8
qwen3_14b,portuguese,participants,ext_def_exp,temp0.3_nodelim_norole_nocot,lusa_19,4,extraction,Polícia Judiciária,,0.9
qwen3_14b,portuguese,participants,cls_def_exp,temp0.3_nodelim_norole_nocot,lusa_19,4,classification,o corpo do homem,Per,0.7
qwen3_14b,portuguese,participants,cls_def_exp,temp0.3_nodelim_norole_nocot,lusa_19,4,classification,serviço de Medicina Legal de Leiria,Org,0.9
qwen3_14b,portuguese,participants,cls_def_exp,temp0.3_nodelim_norole_nocot,lusa_19,4,classification,Leiria,Pl_civil,0.9
qwen3_14b,portuguese,participants,cls_def_exp,temp0.3_nodelim_norole_nocot,lusa_19,4,classification,Polícia Judiciária,Org,0.9
qwen3_14b,portuguese,participants,sent_def_exp,temp0.3_nodelim_norole_nocot,lusa_19,5,detection,,yes,0.95
qwen3_14b,portuguese,participants,ext_def_exp,temp0.3_nodelim_norole_nocot,lusa_19,5,extraction,A Lusa,,0.95
qwen3_14b,portuguese,participants,ext_def_exp,temp0.3_nodelim_norole_nocot,lusa_19,5,extraction,a Polícia Judiciária de Leiria,,0.9
qwen3_14b,portuguese,participants,cls_def_exp,temp0.3_nodelim_norole_nocot,lusa_19,5,classification,A Lusa,Org,0.95
qwen3_14b,portuguese,participants,cls_def_exp,temp0.3_nodelim_norole_nocot,lusa_19,5,classification,a Polícia Judiciária de Leiria,Org,0.95
qwen3_14b,portuguese,participants,sent_def_exp,temp0.3_nodelim_norole_nocot,lusa_2,1,detection,,yes,0.95
qwen3_14b,portuguese,participants,ext_def_exp,temp0.3_nodelim_norole_nocot,lusa_2,1,extraction,Um homem de 20 anos,,0.9
qwen3_14b,portuguese,participants,ext_def_exp,temp0.3_nodelim_norole_nocot,lusa_2,1,extraction,PSP,,0.9
qwen3_14b,portuguese,participants,ext_def_exp,temp0.3_nodelim_norole_nocot,lusa_2,1,extraction,bairro da Pasteleira Nova,,0.8
qwen3_14b,portuguese,participants,ext_def_exp,temp0.3_nodelim_norole_nocot,lusa_2,1,extraction,no bairro da Pasteleira Nova,,0.8
qwen3_14b,portuguese,participants,ext_def_exp,temp0.3_nodelim_norole_nocot,lusa_2,1,extraction,Porto,,0.8
qwen3_14b,portuguese,participants,ext_def_exp,temp0.3_nodelim_norole_nocot,lusa_2,1,extraction,no Porto,,0.8
qwen3_14b,portuguese,participants,ext_def_exp,temp0.3_nodelim_norole_nocot,lusa_2,1,extraction,heroína,,0.7
qwen3_14b,portuguese,participants,ext_def_exp,temp0.3_nodelim_norole_nocot,lusa_2,1,extraction,cocaína,,0.7
qwen3_14b,portuguese,participants,ext_def_exp,temp0.3_nodelim_norole_nocot,lusa_2,1,extraction,arma de fogo,,0.7
qwen3_14b,portuguese,participants,ext_def_exp,temp0.3_nodelim_norole_nocot,lusa_2,1,extraction,aquela força policial,,0.9
qwen3_14b,portuguese,participants,cls_def_exp,temp0.3_nodelim_norole_nocot,lusa_2,1,classification,Um homem de 20 anos,Per,0.95
qwen3_14b,portuguese,participants,cls_def_exp,temp0.3_nodelim_norole_nocot,lusa_2,1,classification,PSP,Org,0.9
qwen3_14b,portuguese,participants,cls_def_exp,temp0.3_nodelim_norole_nocot,lusa_2,1,classification,bairro da Pasteleira Nova,Pl_civil,0.9
qwen3_14b,portuguese,participants,cls_def_exp,temp0.3_nodelim_norole_nocot,lusa_2,1,classification,no bairro da Pasteleira Nova,Pl_civil,0.85
qwen3_14b,portuguese,participants,cls_def_exp,temp0.3_nodelim_norole_nocot,lusa_2,1,classification,Porto,Pl_civil,0.9
qwen3_14b,portuguese,participants,cls_def_exp,temp0.3_nodelim_norole_nocot,lusa_2,1,classification,no Porto,Pl_civil,0.85
qwen3_14b,portuguese,participants,cls_def_exp,temp0.3_nodelim_norole_nocot,lusa_2,1,classification,heroína,Obj,0.9
qwen3_14b,portuguese,participants,cls_def_exp,temp0.3_nodelim_norole_nocot,lusa_2,1,classification,cocaína,Obj,0.9
qwen3_14b,portuguese,participants,cls_def_exp,temp0.3_nodelim_norole_nocot,lusa_2,1,classification,arma de fogo,Obj,0.95
qwen3_14b,portuguese,participants,cls_def_exp,temp0.3_nodelim_norole_nocot,lusa_2,1,classification,aquela força policial,Org,0.9
qwen3_14b,portuguese,participants,sent_def_exp,temp0.3_nodelim_norole_nocot,lusa_2,2,detection,,yes,0.95
qwen3_14b,portuguese,participants,ext_def_exp,temp0.3_nodelim_norole_nocot,lusa_2,2,extraction,Comando Metropolitano do Porto da PSP,,0.95
qwen3_14b,portuguese,participants,ext_def_exp,temp0.3_nodelim_norole_nocot,lusa_2,2,extraction,PSP,,0.8
qwen3_14b,portuguese,participants,ext_def_exp,temp0.3_nodelim_norole_nocot,lusa_2,2,extraction,Porto,,0.7
qwen3_14b,portuguese,participants,cls_def_exp,temp0.3_nodelim_norole_nocot,lusa_2,2,classification,Comando Metropolitano do Porto da PSP,Org,0.95
qwen3_14b,portuguese,participants,cls_def_exp,temp0.3_nodelim_norole_nocot,lusa_2,2,classification,PSP,Org,0.95
qwen3_14b,portuguese,participants,cls_def_exp,temp0.3_nodelim_norole_nocot,lusa_2,2,classification,Porto,Pl_civil,0.95
qwen3_14b,portuguese,participants,sent_def_exp,temp0.3_nodelim_norole_nocot,lusa_2,3,detection,,yes,0.95
qwen3_14b,portuguese,participants,ext_def_exp,temp0.3_nodelim_norole_nocot,lusa_2,3,extraction,a PSP,,1.0
qwen3_14b,portuguese,participants,ext_def_exp,temp0.3_nodelim_norole_nocot,lusa_2,3,extraction,ao desempregado,,1.0
qwen3_14b,portuguese,participants,ext_def_exp,temp0.3_nodelim_norole_nocot,lusa_2,3,extraction,heroína,,1.0
qwen3_14b,portuguese,participants,ext_def_exp,temp0.3_nodelim_norole_nocot,lusa_2,3,extraction,cocaína,,1.0
qwen3_14b,portuguese,participants,cls_def_exp,temp0.3_nodelim_norole_nocot,lusa_2,3,classification,a PSP,Org,0.95
qwen3_14b,portuguese,participants,cls_def_exp,temp0.3_nodelim_norole_nocot,lusa_2,3,classification,ao desempregado,Per,0.9
qwen3_14b,portuguese,participants,cls_def_exp,temp0.3_nodelim_norole_nocot,lusa_2,3,classification,heroína,Obj,0.85
qwen3_14b,portuguese,participants,cls_def_exp,temp0.3_nodelim_norole_nocot,lusa_2,3,classification,cocaína,Obj,0.85
qwen3_14b,portuguese,participants,sent_def_exp,temp0.3_nodelim_norole_nocot,lusa_2,4,detection,,yes,0.75
qwen3_14b,portuguese,participants,ext_def_exp,temp0.3_nodelim_norole_nocot,lusa_2,4,extraction,uma arma de fogo,,0.95
qwen3_14b,portuguese,participants,ext_def_exp,temp0.3_nodelim_norole_nocot,lusa_2,4,extraction,quatro munições,,0.9
qwen3_14b,portuguese,participants,ext_def_exp,temp0.3_nodelim_norole_nocot,lusa_2,4,extraction,um 'tablet',,0.9
qwen3_14b,portuguese,participants,ext_def_exp,temp0.3_nodelim_norole_nocot,lusa_2,4,extraction,uma coluna de som,,0.9
qwen3_14b,portuguese,participants,ext_def_exp,temp0.3_nodelim_norole_nocot,lusa_2,4,extraction,222 euros em dinheiro,,0.9
qwen3_14b,portuguese,participants,ext_def_exp,temp0.3_nodelim_norole_nocot,lusa_2,4,extraction,aquela força policial,,0.95
qwen3_14b,portuguese,participants,cls_def_exp,temp0.3_nodelim_norole_nocot,lusa_2,4,classification,uma arma de fogo,Obj,0.95
qwen3_14b,portuguese,participants,cls_def_exp,temp0.3_nodelim_norole_nocot,lusa_2,4,classification,quatro munições,Obj,0.9
qwen3_14b,portuguese,participants,cls_def_exp,temp0.3_nodelim_norole_nocot,lusa_2,4,classification,um 'tablet',Obj,0.98
qwen3_14b,portuguese,participants,cls_def_exp,temp0.3_nodelim_norole_nocot,lusa_2,4,classification,uma coluna de som,Obj,0.95
qwen3_14b,portuguese,participants,cls_def_exp,temp0.3_nodelim_norole_nocot,lusa_2,4,classification,222 euros em dinheiro,Obj,0.9
qwen3_14b,portuguese,participants,cls_def_exp,temp0.3_nodelim_norole_nocot,lusa_2,4,classification,aquela força policial,Org,0.95
qwen3_14b,portuguese,participants,sent_def_exp,temp0.3_nodelim_norole_nocot,lusa_2,5,detection,,yes,0.95
qwen3_14b,portuguese,participants,ext_def_exp,temp0.3_nodelim_norole_nocot,lusa_2,5,extraction,efetivo da Esquadra de Intervenção e Fiscalização Policial da 2.ª Divisão,,0.95
qwen3_14b,portuguese,participants,ext_def_exp,temp0.3_nodelim_norole_nocot,lusa_2,5,extraction,Equipas de Prevenção e Reação Imediata (EPRI),,0.95
qwen3_14b,portuguese,participants,ext_def_exp,temp0.3_nodelim_norole_nocot,lusa_2,5,extraction,a PSP,,0.9
qwen3_14b,portuguese,participants,cls_def_exp,temp0.3_nodelim_norole_nocot,lusa_2,5,classification,efetivo da Esquadra de Intervenção e Fiscalização Policial da 2.ª Divisão,Org,0.95
qwen3_14b,portuguese,participants,cls_def_exp,temp0.3_nodelim_norole_nocot,lusa_2,5,classification,Equipas de Prevenção e Reação Imediata (EPRI),Org,0.9
qwen3_14b,portuguese,participants,cls_def_exp,temp0.3_nodelim_norole_nocot,lusa_2,5,classification,a PSP,Org,0.98
qwen3_14b,portuguese,participants,sent_def_exp,temp0.3_nodelim_norole_nocot,lusa_2,6,detection,,yes,0.95
qwen3_14b,portuguese,participants,ext_def_exp,temp0.3_nodelim_norole_nocot,lusa_2,6,extraction,a PSP,,0.95
qwen3_14b,portuguese,participants,ext_def_exp,temp0.3_nodelim_norole_nocot,lusa_2,6,extraction,o detido,,0.95
qwen3_14b,portuguese,participants,ext_def_exp,temp0.3_nodelim_norole_nocot,lusa_2,6,extraction,Autoridades Judiciárias,,0.95
qwen3_14b,portuguese,participants,cls_def_exp,temp0.3_nodelim_norole_nocot,lusa_2,6,classification,a PSP,Org,0.95
qwen3_14b,portuguese,participants,cls_def_exp,temp0.3_nodelim_norole_nocot,lusa_2,6,classification,o detido,Per,0.95
qwen3_14b,portuguese,participants,cls_def_exp,temp0.3_nodelim_norole_nocot,lusa_2,6,classification,Autoridades Judiciárias,Org,0.95
qwen3_14b,portuguese,participants,sent_def_exp,temp0.3_nodelim_norole_nocot,lusa_21,1,detection,,yes,0.95
qwen3_14b,portuguese,participants,ext_def_exp,temp0.3_nodelim_norole_nocot,lusa_21,1,extraction,viatura,,0.95
qwen3_14b,portuguese,participants,ext_def_exp,temp0.3_nodelim_norole_nocot,lusa_21,1,extraction,condutor,,0.95
qwen3_14b,portuguese,participants,ext_def_exp,temp0.3_nodelim_norole_nocot,lusa_21,1,extraction,Hospital de Braga,,0.9
qwen3_14b,portuguese,participants,ext_def_exp,temp0.3_nodelim_norole_nocot,lusa_21,1,extraction,comandante dos Bombeiros locais,,0.9
qwen3_14b,portuguese,participants,ext_def_exp,temp0.3_nodelim_norole_nocot,lusa_21,1,extraction,Arcos de Valdevez,,0.85
qwen3_14b,portuguese,participants,cls_def_exp,temp0.3_nodelim_norole_nocot,lusa_21,1,classification,viatura,Veh,0.95
qwen3_14b,portuguese,participants,cls_def_exp,temp0.3_nodelim_norole_nocot,lusa_21,1,classification,condutor,Per,0.9
qwen3_14b,portuguese,participants,cls_def_exp,temp0.3_nodelim_norole_nocot,lusa_21,1,classification,Hospital de Braga,Fac,0.95
qwen3_14b,portuguese,participants,cls_def_exp,temp0.3_nodelim_norole_nocot,lusa_21,1,classification,comandante dos Bombeiros locais,Per,0.9
qwen3_14b,portuguese,participants,cls_def_exp,temp0.3_nodelim_norole_nocot,lusa_21,1,classification,Arcos de Valdevez,Pl_civil,0.95
qwen3_14b,portuguese,participants,sent_def_exp,temp0.3_nodelim_norole_nocot,lusa_21,2,detection,,yes,0.95
qwen3_14b,portuguese,participants,ext_def_exp,temp0.3_nodelim_norole_nocot,lusa_21,2,extraction,Estrada Nacional 101,,0.9
qwen3_14b,portuguese,participants,ext_def_exp,temp0.3_nodelim_norole_nocot,lusa_21,2,extraction,carro,,0.9
qwen3_14b,portuguese,participants,ext_def_exp,temp0.3_nodelim_norole_nocot,lusa_21,2,extraction,Filipe Guimarães,,0.9
qwen3_14b,portuguese,participants,ext_def_exp,temp0.3_nodelim_norole_nocot,lusa_21,2,extraction,à Lusa,,0.9
qwen3_14b,portuguese,participants,ext_def_exp,temp0.3_nodelim_norole_nocot,lusa_21,2,extraction,viatura 'tunning',,0.8
qwen3_14b,portuguese,participants,ext_def_exp,temp0.3_nodelim_norole_nocot,lusa_21,2,extraction,condutor,,0.9
qwen3_14b,portuguese,participants,ext_def_exp,temp0.3_nodelim_norole_nocot,lusa_21,2,extraction,poste,,0.8
qwen3_14b,portuguese,participants,cls_def_exp,temp0.3_nodelim_norole_nocot,lusa_21,2,classification,Estrada Nacional 101,Path,0.95
qwen3_14b,portuguese,participants,cls_def_exp,temp0.3_nodelim_norole_nocot,lusa_21,2,classification,carro,Veh,0.9
qwen3_14b,portuguese,participants,cls_def_exp,temp0.3_nodelim_norole_nocot,lusa_21,2,classification,Filipe Guimarães,Per,0.95
qwen3_14b,portuguese,participants,cls_def_exp,temp0.3_nodelim_norole_nocot,lusa_21,2,classification,à Lusa,Org,0.9
qwen3_14b,portuguese,participants,cls_def_exp,temp0.3_nodelim_norole_nocot,lusa_21,2,classification,viatura 'tunning',Veh,0.9
qwen3_14b,portuguese,participants,cls_def_exp,temp0.3_nodelim_norole_nocot,lusa_21,2,classification,condutor,Per,0.95
qwen3_14b,portuguese,participants,cls_def_exp,temp0.3_nodelim_norole_nocot,lusa_21,2,classification,poste,Obj,0.85
qwen3_14b,portuguese,participants,sent_def_exp,temp0.3_nodelim_norole_nocot,lusa_21,3,detection,,yes,0.95
qwen3_14b,portuguese,participants,ext_def_exp,temp0.3_nodelim_norole_nocot,lusa_21,3,extraction,Filipe Guimarães,,0.95
qwen3_14b,portuguese,participants,ext_def_exp,temp0.3_nodelim_norole_nocot,lusa_21,3,extraction,segundo ocupante do automóvel,,0.7
qwen3_14b,portuguese,participants,ext_def_exp,temp0.3_nodelim_norole_nocot,lusa_21,3,extraction,testemunhas oculares,,0.8
qwen3_14b,portuguese,participants,ext_def_exp,temp0.3_nodelim_norole_nocot,lusa_21,3,extraction,viatura,,0.8
qwen3_14b,portuguese,participants,ext_def_exp,temp0.3_nodelim_norole_nocot,lusa_21,3,extraction,Hospital de Viana do Castelo,,0.95
qwen3_14b,portuguese,participants,cls_def_exp,temp0.3_nodelim_norole_nocot,lusa_21,3,classification,Filipe Guimarães,Per,0.95
qwen3_14b,portuguese,participants,cls_def_exp,temp0.3_nodelim_norole_nocot,lusa_21,3,classification,segundo ocupante do automóvel,Per,0.9
qwen3_14b,portuguese,participants,cls_def_exp,temp0.3_nodelim_norole_nocot,lusa_21,3,classification,testemunhas oculares,Per,0.95
qwen3_14b,portuguese,participants,cls_def_exp,temp0.3_nodelim_norole_nocot,lusa_21,3,classification,viatura,Veh,0.95
qwen3_14b,portuguese,participants,cls_def_exp,temp0.3_nodelim_norole_nocot,lusa_21,3,classification,Hospital de Viana do Castelo,Fac,0.95
qwen3_14b,portuguese,participants,sent_def_exp,temp0.3_nodelim_norole_nocot,lusa_21,4,detection,,no,0.75
qwen3_14b,portuguese,participants,sent_def_exp,temp0.3_nodelim_norole_nocot,lusa_21,5,detection,,yes,0.95
qwen3_14b,portuguese,participants,ext_def_exp,temp0.3_nodelim_norole_nocot,lusa_21,5,extraction,Filipe Guimarães,,1.0
qwen3_14b,portuguese,participants,cls_def_exp,temp0.3_nodelim_norole_nocot,lusa_21,5,classification,Filipe Guimarães,Per,0.95
qwen3_14b,portuguese,participants,sent_def_exp,temp0.3_nodelim_norole_nocot,lusa_22,1,detection,,yes,0.95
qwen3_14b,portuguese,participants,ext_def_exp,temp0.3_nodelim_norole_nocot,lusa_22,1,extraction,O primeiro-ministro português,,0.95
qwen3_14b,portuguese,participants,ext_def_exp,temp0.3_nodelim_norole_nocot,lusa_22,1,extraction,Emmanuel Macron,,0.95
qwen3_14b,portuguese,participants,ext_def_exp,temp0.3_nodelim_norole_nocot,lusa_22,1,extraction,O Presidente francês,,0.85
qwen3_14b,portuguese,participants,ext_def_exp,temp0.3_nodelim_norole_nocot,lusa_22,1,extraction,Paris,,0.9
qwen3_14b,portuguese,participants,ext_def_exp,temp0.3_nodelim_norole_nocot,lusa_22,1,extraction,O novo coronavírus,,0.9
qwen3_14b,portuguese,participants,cls_def_exp,temp0.3_nodelim_norole_nocot,lusa_22,1,classification,O primeiro-ministro português,Per,0.95
qwen3_14b,portuguese,participants,cls_def_exp,temp0.3_nodelim_norole_nocot,lusa_22,1,classification,Emmanuel Macron,Per,0.95
qwen3_14b,portuguese,participants,cls_def_exp,temp0.3_nodelim_norole_nocot,lusa_22,1,classification,O Presidente francês,Per,0.9
qwen3_14b,portuguese,participants,cls_def_exp,temp0.3_nodelim_norole_nocot,lusa_22,1,classification,Paris,Pl_capital,0.95
qwen3_14b,portuguese,participants,cls_def_exp,temp0.3_nodelim_norole_nocot,lusa_22,1,classification,O novo coronavírus,Nat,0.9
qwen3_14b,portuguese,participants,sent_def_exp,temp0.3_nodelim_norole_nocot,lusa_22,2,detection,,yes,0.95
qwen3_14b,portuguese,participants,ext_def_exp,temp0.3_nodelim_norole_nocot,lusa_22,2,extraction,Presidente francês Emmanuel Macron,,0.95
qwen3_14b,portuguese,participants,ext_def_exp,temp0.3_nodelim_norole_nocot,lusa_22,2,extraction,o primeiro-ministro,,0.95
qwen3_14b,portuguese,participants,ext_def_exp,temp0.3_nodelim_norole_nocot,lusa_22,2,extraction,Palácio do Eliseu,,0.9
qwen3_14b,portuguese,participants,ext_def_exp,temp0.3_nodelim_norole_nocot,lusa_22,2,extraction,autoridades de saúde,,0.8
qwen3_14b,portuguese,participants,ext_def_exp,temp0.3_nodelim_norole_nocot,lusa_22,2,extraction,gabinete de António Costa,,0.95
qwen3_14b,portuguese,participants,cls_def_exp,temp0.3_nodelim_norole_nocot,lusa_22,2,classification,Presidente francês Emmanuel Macron,Per,0.95
qwen3_14b,portuguese,participants,cls_def_exp,temp0.3_nodelim_norole_nocot,lusa_22,2,classification,o primeiro-ministro,Per,0.9
qwen3_14b,portuguese,participants,cls_def_exp,temp0.3_nodelim_norole_nocot,lusa_22,2,classification,Palácio do Eliseu,Fac,0.95
qwen3_14b,portuguese,participants,cls_def_exp,temp0.3_nodelim_norole_nocot,lusa_22,2,classification,autoridades de saúde,Org,0.9
qwen3_14b,portuguese,participants,cls_def_exp,temp0.3_nodelim_norole_nocot,lusa_22,2,classification,gabinete de António Costa,Org,0.95
qwen3_14b,portuguese,participants,sent_def_exp,temp0.3_nodelim_norole_nocot,lusa_22,3,detection,,yes,0.95
qwen3_14b,portuguese,participants,ext_def_exp,temp0.3_nodelim_norole_nocot,lusa_22,3,extraction,agência Lusa,,0.9
qwen3_14b,portuguese,participants,ext_def_exp,temp0.3_nodelim_norole_nocot,lusa_22,3,extraction,São Tomé e Príncipe,,0.9
qwen3_14b,portuguese,participants,ext_def_exp,temp0.3_nodelim_norole_nocot,lusa_22,3,extraction,Guiné Bissau,,0.9
qwen3_14b,portuguese,participants,ext_def_exp,temp0.3_nodelim_norole_nocot,lusa_22,3,extraction,o primeiro-ministro,,0.9
qwen3_14b,portuguese,participants,ext_def_exp,temp0.3_nodelim_norole_nocot,lusa_22,3,extraction,Covid-19,,0.8
qwen3_14b,portuguese,participants,cls_def_exp,temp0.3_nodelim_norole_nocot,lusa_22,3,classification,agência Lusa,Org,0.95
qwen3_14b,portuguese,participants,cls_def_exp,temp0.3_nodelim_norole_nocot,lusa_22,3,classification,São Tomé e Príncipe,Pl_country,0.9
qwen3_14b,portuguese,participants,cls_def_exp,temp0.3_nodelim_norole_nocot,lusa_22,3,classification,Guiné Bissau,Pl_country,0.9
qwen3_14b,portuguese,participants,cls_def_exp,temp0.3_nodelim_norole_nocot,lusa_22,3,classification,o primeiro-ministro,Per,0.95
qwen3_14b,portuguese,participants,cls_def_exp,temp0.3_nodelim_norole_nocot,lusa_22,3,classification,Covid-19,Other,0.7
qwen3_14b,portuguese,participants,sent_def_exp,temp0.3_nodelim_norole_nocot,lusa_22,4,detection,,yes,0.95
qwen3_14b,portuguese,participants,ext_def_exp,temp0.3_nodelim_norole_nocot,lusa_22,4,extraction,O primeiro-ministro,,0.95
qwen3_14b,portuguese,participants,ext_def_exp,temp0.3_nodelim_norole_nocot,lusa_22,4,extraction,essa deslocação,,0.8
qwen3_14b,portuguese,participants,ext_def_exp,temp0.3_nodelim_norole_nocot,lusa_22,4,extraction,toda a agenda pública,,0.8
qwen3_14b,portuguese,participants,cls_def_exp,temp0.3_nodelim_norole_nocot,lusa_22,4,classification,O primeiro-ministro,Per,0.95
qwen3_14b,portuguese,participants,cls_def_exp,temp0.3_nodelim_norole_nocot,lusa_22,4,classification,essa deslocação,Other,0.7
qwen3_14b,portuguese,participants,cls_def_exp,temp0.3_nodelim_norole_nocot,lusa_22,4,classification,toda a agenda pública,Other,0.7
qwen3_14b,portuguese,participants,sent_def_exp,temp0.3_nodelim_norole_nocot,lusa_22,5,detection,,no,0.3
qwen3_14b,portuguese,participants,sent_def_exp,temp0.3_nodelim_norole_nocot,lusa_22,6,detection,,yes,0.95
qwen3_14b,portuguese,participants,ext_def_exp,temp0.3_nodelim_norole_nocot,lusa_22,6,extraction,primeiro-ministro,,0.95
qwen3_14b,portuguese,participants,ext_def_exp,temp0.3_nodelim_norole_nocot,lusa_22,6,extraction,comunicado,,0.8
qwen3_14b,portuguese,participants,cls_def_exp,temp0.3_nodelim_norole_nocot,lusa_22,6,classification,primeiro-ministro,Per,0.95
qwen3_14b,portuguese,participants,cls_def_exp,temp0.3_nodelim_norole_nocot,lusa_22,6,classification,comunicado,Other,0.8
qwen3_14b,portuguese,participants,sent_def_exp,temp0.3_nodelim_norole_nocot,lusa_23,1,detection,,yes,0.95
qwen3_14b,portuguese,participants,ext_def_exp,temp0.3_nodelim_norole_nocot,lusa_23,1,extraction,O líder do governo do estado australiano de Victoria,,0.95
qwen3_14b,portuguese,participants,ext_def_exp,temp0.3_nodelim_norole_nocot,lusa_23,1,extraction,governo do estado australiano de Victoria,,0.9
qwen3_14b,portuguese,participants,ext_def_exp,temp0.3_nodelim_norole_nocot,lusa_23,1,extraction,programa de quarentena,,0.85
qwen3_14b,portuguese,participants,ext_def_exp,temp0.3_nodelim_norole_nocot,lusa_23,1,extraction,dois hotéis,,0.8
qwen3_14b,portuguese,participants,ext_def_exp,temp0.3_nodelim_norole_nocot,lusa_23,1,extraction,covid-19,,0.8
qwen3_14b,portuguese,participants,cls_def_exp,temp0.3_nodelim_norole_nocot,lusa_23,1,classification,O líder do governo do estado australiano de Victoria,Per,0.95
qwen3_14b,portuguese,participants,cls_def_exp,temp0.3_nodelim_norole_nocot,lusa_23,1,classification,governo do estado australiano de Victoria,Org,0.9
qwen3_14b,portuguese,participants,cls_def_exp,temp0.3_nodelim_norole_nocot,lusa_23,1,classification,programa de quarentena,Other,0.6
qwen3_14b,portuguese,participants,cls_def_exp,temp0.3_nodelim_norole_nocot,lusa_23,1,classification,dois hotéis,Fac,0.95
qwen3_14b,portuguese,participants,cls_def_exp,temp0.3_nodelim_norole_nocot,lusa_23,1,classification,covid-19,Nat,0.9
qwen3_14b,portuguese,participants,sent_def_exp,temp0.3_nodelim_norole_nocot,lusa_23,2,detection,,yes,0.95
qwen3_14b,portuguese,participants,ext_def_exp,temp0.3_nodelim_norole_nocot,lusa_23,2,extraction,o primeiro-ministro de Victoria,,0.8
qwen3_14b,portuguese,participants,ext_def_exp,temp0.3_nodelim_norole_nocot,lusa_23,2,extraction,Dan Andrews,,0.9
qwen3_14b,portuguese,participants,ext_def_exp,temp0.3_nodelim_norole_nocot,lusa_23,2,extraction,relatório de investigação,,0.7
qwen3_14b,portuguese,participants,ext_def_exp,temp0.3_nodelim_norole_nocot,lusa_23,2,extraction,sistema de quarentena,,0.7
qwen3_14b,portuguese,participants,ext_def_exp,temp0.3_nodelim_norole_nocot,lusa_23,2,extraction,livro de regras pandémico,,0.7
qwen3_14b,portuguese,participants,cls_def_exp,temp0.3_nodelim_norole_nocot,lusa_23,2,classification,o primeiro-ministro de Victoria,Per,0.95
qwen3_14b,portuguese,participants,cls_def_exp,temp0.3_nodelim_norole_nocot,lusa_23,2,classification,Dan Andrews,Per,0.99
qwen3_14b,portuguese,participants,cls_def_exp,temp0.3_nodelim_norole_nocot,lusa_23,2,classification,relatório de investigação,Obj,0.9
qwen3_14b,portuguese,participants,cls_def_exp,temp0.3_nodelim_norole_nocot,lusa_23,2,classification,sistema de quarentena,Other,0.7
qwen3_14b,portuguese,participants,cls_def_exp,temp0.3_nodelim_norole_nocot,lusa_23,2,classification,livro de regras pandémico,Obj,0.95
qwen3_14b,portuguese,participants,sent_def_exp,temp0.3_nodelim_norole_nocot,lusa_23,3,detection,,yes,0.95
qwen3_14b,portuguese,participants,ext_def_exp,temp0.3_nodelim_norole_nocot,lusa_23,3,extraction,Andrews,,0.95
qwen3_14b,portuguese,participants,ext_def_exp,temp0.3_nodelim_norole_nocot,lusa_23,3,extraction,comunidade vitoriana,,0.9
qwen3_14b,portuguese,participants,cls_def_exp,temp0.3_nodelim_norole_nocot,lusa_23,3,classification,Andrews,Per,0.95
qwen3_14b,portuguese,participants,cls_def_exp,temp0.3_nodelim_norole_nocot,lusa_23,3,classification,comunidade vitoriana,Org,0.75
qwen3_14b,portuguese,participants,sent_def_exp,temp0.3_nodelim_norole_nocot,lusa_23,4,detection,,yes,0.95
qwen3_14b,portuguese,participants,ext_def_exp,temp0.3_nodelim_norole_nocot,lusa_23,4,extraction,dois hotéis de quarentena,,0.95
qwen3_14b,portuguese,participants,ext_def_exp,temp0.3_nodelim_norole_nocot,lusa_23,4,extraction,a segunda maior cidade da Austrália,,0.9
qwen3_14b,portuguese,participants,ext_def_exp,temp0.3_nodelim_norole_nocot,lusa_23,4,extraction,Austrália,,0.9
qwen3_14b,portuguese,participants,ext_def_exp,temp0.3_nodelim_norole_nocot,lusa_23,4,extraction,o resto do país,,0.85
qwen3_14b,portuguese,participants,ext_def_exp,temp0.3_nodelim_norole_nocot,lusa_23,4,extraction,vírus,,0.8
qwen3_14b,portuguese,participants,cls_def_exp,temp0.3_nodelim_norole_nocot,lusa_23,4,classification,dois hotéis de quarentena,Fac,0.95
qwen3_14b,portuguese,participants,cls_def_exp,temp0.3_nodelim_norole_nocot,lusa_23,4,classification,a segunda maior cidade da Austrália,Pl_civil,0.85
qwen3_14b,portuguese,participants,cls_def_exp,temp0.3_nodelim_norole_nocot,lusa_23,4,classification,Austrália,Pl_country,0.95
qwen3_14b,portuguese,participants,cls_def_exp,temp0.3_nodelim_norole_nocot,lusa_23,4,classification,o resto do país,Pl_civil,0.8
qwen3_14b,portuguese,participants,cls_def_exp,temp0.3_nodelim_norole_nocot,lusa_23,4,classification,vírus,Nat,0.95
qwen3_14b,portuguese,participants,sent_def_exp,temp0.3_nodelim_norole_nocot,lusa_23,5,detection,,no,0.75
qwen3_14b,portuguese,participants,sent_def_exp,temp0.3_nodelim_norole_nocot,lusa_23,6,detection,,yes,0.95
qwen3_14b,portuguese,participants,ext_def_exp,temp0.3_nodelim_norole_nocot,lusa_23,6,extraction,A polícia,,0.9
qwen3_14b,portuguese,participants,ext_def_exp,temp0.3_nodelim_norole_nocot,lusa_23,6,extraction,hotéis de quarentena,,0.7
qwen3_14b,portuguese,participants,ext_def_exp,temp0.3_nodelim_norole_nocot,lusa_23,6,extraction,Melbourne,,0.9
qwen3_14b,portuguese,participants,ext_def_exp,temp0.3_nodelim_norole_nocot,lusa_23,6,extraction,seguranças privados,,0.9
qwen3_14b,portuguese,participants,cls_def_exp,temp0.3_nodelim_norole_nocot,lusa_23,6,classification,A polícia,Org,0.95
qwen3_14b,portuguese,participants,cls_def_exp,temp0.3_nodelim_norole_nocot,lusa_23,6,classification,hotéis de quarentena,Fac,0.9
qwen3_14b,portuguese,participants,cls_def_exp,temp0.3_nodelim_norole_nocot,lusa_23,6,classification,Melbourne,Pl_civil,0.8
qwen3_14b,portuguese,participants,cls_def_exp,temp0.3_nodelim_norole_nocot,lusa_23,6,classification,seguranças privados,Per,0.95
qwen3_14b,portuguese,participants,sent_def_exp,temp0.3_nodelim_norole_nocot,lusa_23,7,detection,,yes,0.95
qwen3_14b,portuguese,participants,ext_def_exp,temp0.3_nodelim_norole_nocot,lusa_23,7,extraction,o estado de Victoria,,0.95
qwen3_14b,portuguese,participants,ext_def_exp,temp0.3_nodelim_norole_nocot,lusa_23,7,extraction,o aeroporto de Melbourne,,0.95
qwen3_14b,portuguese,participants,ext_def_exp,temp0.3_nodelim_norole_nocot,lusa_23,7,extraction,Melbourne,,0.85
qwen3_14b,portuguese,participants,cls_def_exp,temp0.3_nodelim_norole_nocot,lusa_23,7,classification,o estado de Victoria,Pl_state,0.95
qwen3_14b,portuguese,participants,cls_def_exp,temp0.3_nodelim_norole_nocot,lusa_23,7,classification,o aeroporto de Melbourne,Fac,0.95
qwen3_14b,portuguese,participants,cls_def_exp,temp0.3_nodelim_norole_nocot,lusa_23,7,classification,Melbourne,Pl_civil,0.9
qwen3_14b,portuguese,participants,sent_def_exp,temp0.3_nodelim_norole_nocot,lusa_24,1,detection,,yes,0.95
qwen3_14b,portuguese,participants,ext_def_exp,temp0.3_nodelim_norole_nocot,lusa_24,1,extraction,A Autoridade Marítima Nacional,,0.95
qwen3_14b,portuguese,participants,ext_def_exp,temp0.3_nodelim_norole_nocot,lusa_24,1,extraction,rio Guadiana,,0.9
qwen3_14b,portuguese,participants,ext_def_exp,temp0.3_nodelim_norole_nocot,lusa_24,1,extraction,um homem,,0.95
qwen3_14b,portuguese,participants,ext_def_exp,temp0.3_nodelim_norole_nocot,lusa_24,1,extraction,Foz de Odeleite,,0.85
qwen3_14b,portuguese,participants,ext_def_exp,temp0.3_nodelim_norole_nocot,lusa_24,1,extraction,concelho de Castro Marim,,0.8
qwen3_14b,portuguese,participants,cls_def_exp,temp0.3_nodelim_norole_nocot,lusa_24,1,classification,A Autoridade Marítima Nacional,Org,0.95
qwen3_14b,portuguese,participants,cls_def_exp,temp0.3_nodelim_norole_nocot,lusa_24,1,classification,rio Guadiana,Pl_water,0.9
qwen3_14b,portuguese,participants,cls_def_exp,temp0.3_nodelim_norole_nocot,lusa_24,1,classification,um homem,Per,0.95
qwen3_14b,portuguese,participants,cls_def_exp,temp0.3_nodelim_norole_nocot,lusa_24,1,classification,Foz de Odeleite,Loc,0.7
qwen3_14b,portuguese,participants,cls_def_exp,temp0.3_nodelim_norole_nocot,lusa_24,1,classification,concelho de Castro Marim,Pl_state,0.95
qwen3_14b,portuguese,participants,sent_def_exp,temp0.3_nodelim_norole_nocot,lusa_24,2,detection,,yes,0.95
qwen3_14b,portuguese,participants,ext_def_exp,temp0.3_nodelim_norole_nocot,lusa_24,2,extraction,a autoridade,,1.0
qwen3_14b,portuguese,participants,ext_def_exp,temp0.3_nodelim_norole_nocot,lusa_24,2,extraction,o homem de nacionalidade romena,,1.0
qwen3_14b,portuguese,participants,ext_def_exp,temp0.3_nodelim_norole_nocot,lusa_24,2,extraction,dois pescadores,,1.0
qwen3_14b,portuguese,participants,ext_def_exp,temp0.3_nodelim_norole_nocot,lusa_24,2,extraction,a água,,0.7
qwen3_14b,portuguese,participants,cls_def_exp,temp0.3_nodelim_norole_nocot,lusa_24,2,classification,a autoridade,Org,0.95
qwen3_14b,portuguese,participants,cls_def_exp,temp0.3_nodelim_norole_nocot,lusa_24,2,classification,o homem de nacionalidade romena,Per,0.99
qwen3_14b,portuguese,participants,cls_def_exp,temp0.3_nodelim_norole_nocot,lusa_24,2,classification,dois pescadores,Per,0.98
qwen3_14b,portuguese,participants,cls_def_exp,temp0.3_nodelim_norole_nocot,lusa_24,2,classification,a água,Nat,0.85
qwen3_14b,portuguese,participants,sent_def_exp,temp0.3_nodelim_norole_nocot,lusa_24,3,detection,,yes,0.95
qwen3_14b,portuguese,participants,ext_def_exp,temp0.3_nodelim_norole_nocot,lusa_24,3,extraction,O Capitão do Porto de Vila Real de Santo António,,0.9
qwen3_14b,portuguese,participants,ext_def_exp,temp0.3_nodelim_norole_nocot,lusa_24,3,extraction,uma embarcação da Polícia Marítima,,0.8
qwen3_14b,portuguese,participants,ext_def_exp,temp0.3_nodelim_norole_nocot,lusa_24,3,extraction,uma embarcação da Estação Salva-vidas de Vila Real de Santo António,,0.8
qwen3_14b,portuguese,participants,ext_def_exp,temp0.3_nodelim_norole_nocot,lusa_24,3,extraction,Centro de Coordenação de Busca e Salvamento Marítimo de Lisboa,,0.9
qwen3_14b,portuguese,participants,ext_def_exp,temp0.3_nodelim_norole_nocot,lusa_24,3,extraction,Vila Real de Santo António,,0.8
qwen3_14b,portuguese,participants,ext_def_exp,temp0.3_nodelim_norole_nocot,lusa_24,3,extraction,Lisboa,,0.8
qwen3_14b,portuguese,participants,ext_def_exp,temp0.3_nodelim_norole_nocot,lusa_24,3,extraction,Polícia Marítima,,0.9
qwen3_14b,portuguese,participants,ext_def_exp,temp0.3_nodelim_norole_nocot,lusa_24,3,extraction,Estação Salva-vidas de Vila Real de Santo António,,0.9
qwen3_14b,portuguese,participants,cls_def_exp,temp0.3_nodelim_norole_nocot,lusa_24,3,classification,O Capitão do Porto de Vila Real de Santo António,Per,0.95
qwen3_14b,portuguese,participants,cls_def_exp,temp0.3_nodelim_norole_nocot,lusa_24,3,classification,uma embarcação da Polícia Marítima,Veh,0.9
qwen3_14b,portuguese,participants,cls_def_exp,temp0.3_nodelim_norole_nocot,lusa_24,3,classification,uma embarcação da Estação Salva-vidas de Vila Real de Santo António,Veh,0.9
qwen3_14b,portuguese,participants,cls_def_exp,temp0.3_nodelim_norole_nocot,lusa_24,3,classification,Centro de Coordenação de Busca e Salvamento Marítimo de Lisboa,Org,0.95
qwen3_14b,portuguese,participants,cls_def_exp,temp0.3_nodelim_norole_nocot,lusa_24,3,classification,Vila Real de Santo António,Pl_civil,0.9
qwen3_14b,portuguese,participants,cls_def_exp,temp0.3_nodelim_norole_nocot,lusa_24,3,classification,Lisboa,Pl_capital,0.95
qwen3_14b,portuguese,participants,cls_def_exp,temp0.3_nodelim_norole_nocot,lusa_24,3,classification,Polícia Marítima,Org,0.95
qwen3_14b,portuguese,participants,cls_def_exp,temp0.3_nodelim_norole_nocot,lusa_24,3,classification,Estação Salva-vidas de Vila Real de Santo António,Fac,0.9
qwen3_14b,portuguese,participants,sent_def_exp,temp0.3_nodelim_norole_nocot,lusa_24,4,detection,,yes,0.95
qwen3_14b,portuguese,participants,ext_def_exp,temp0.3_nodelim_norole_nocot,lusa_24,4,extraction,fonte,,0.8
qwen3_14b,portuguese,participants,ext_def_exp,temp0.3_nodelim_norole_nocot,lusa_24,4,extraction,Autoridade Marítima Nacional,,0.9
qwen3_14b,portuguese,participants,ext_def_exp,temp0.3_nodelim_norole_nocot,lusa_24,4,extraction,Lusa,,0.9
qwen3_14b,portuguese,participants,cls_def_exp,temp0.3_nodelim_norole_nocot,lusa_24,4,classification,fonte,Per,0.8
qwen3_14b,portuguese,participants,cls_def_exp,temp0.3_nodelim_norole_nocot,lusa_24,4,classification,Autoridade Marítima Nacional,Org,1.0
qwen3_14b,portuguese,participants,cls_def_exp,temp0.3_nodelim_norole_nocot,lusa_24,4,classification,Lusa,Org,1.0
qwen3_14b,portuguese,participants,sent_def_exp,temp0.3_nodelim_norole_nocot,lusa_25,1,detection,,yes,0.95
qwen3_14b,portuguese,participants,ext_def_exp,temp0.3_nodelim_norole_nocot,lusa_25,1,extraction,Um jovem de 17 anos,,0.9
qwen3_14b,portuguese,participants,ext_def_exp,temp0.3_nodelim_norole_nocot,lusa_25,1,extraction,bairro Casal da Mira,,0.8
qwen3_14b,portuguese,participants,ext_def_exp,temp0.3_nodelim_norole_nocot,lusa_25,1,extraction,Amadora,,0.8
qwen3_14b,portuguese,participants,ext_def_exp,temp0.3_nodelim_norole_nocot,lusa_25,1,extraction,distrito de Lisboa,,0.8
qwen3_14b,portuguese,participants,ext_def_exp,temp0.3_nodelim_norole_nocot,lusa_25,1,extraction,agência Lusa,,0.9
qwen3_14b,portuguese,participants,ext_def_exp,temp0.3_nodelim_norole_nocot,lusa_25,1,extraction,fonte da PSP,,0.8
qwen3_14b,portuguese,participants,ext_def_exp,temp0.3_nodelim_norole_nocot,lusa_25,1,extraction,PSP,,0.9
qwen3_14b,portuguese,participants,ext_def_exp,temp0.3_nodelim_norole_nocot,lusa_25,1,extraction,fonte,,0.7
qwen3_14b,portuguese,participants,cls_def_exp,temp0.3_nodelim_norole_nocot,lusa_25,1,classification,Um jovem de 17 anos,Per,0.95
qwen3_14b,portuguese,participants,cls_def_exp,temp0.3_nodelim_norole_nocot,lusa_25,1,classification,bairro Casal da Mira,Pl_civil,0.85
qwen3_14b,portuguese,participants,cls_def_exp,temp0.3_nodelim_norole_nocot,lusa_25,1,classification,Amadora,Pl_civil,0.9
qwen3_14b,portuguese,participants,cls_def_exp,temp0.3_nodelim_norole_nocot,lusa_25,1,classification,distrito de Lisboa,Pl_state,0.95
qwen3_14b,portuguese,participants,cls_def_exp,temp0.3_nodelim_norole_nocot,lusa_25,1,classification,agência Lusa,Org,0.95
qwen3_14b,portuguese,participants,cls_def_exp,temp0.3_nodelim_norole_nocot,lusa_25,1,classification,fonte da PSP,Per,0.8
qwen3_14b,portuguese,participants,cls_def_exp,temp0.3_nodelim_norole_nocot,lusa_25,1,classification,PSP,Org,0.95
qwen3_14b,portuguese,participants,cls_def_exp,temp0.3_nodelim_norole_nocot,lusa_25,1,classification,fonte,Per,0.9
qwen3_14b,portuguese,participants,sent_def_exp,temp0.3_nodelim_norole_nocot,lusa_25,2,detection,,yes,0.95
qwen3_14b,portuguese,participants,ext_def_exp,temp0.3_nodelim_norole_nocot,lusa_25,2,extraction,fonte,,0.7
qwen3_14b,portuguese,participants,ext_def_exp,temp0.3_nodelim_norole_nocot,lusa_25,2,extraction,Comando Metropolitano de Lisboa (Cometlis),,0.9
qwen3_14b,portuguese,participants,ext_def_exp,temp0.3_nodelim_norole_nocot,lusa_25,2,extraction,o alerta,,0.7
qwen3_14b,portuguese,participants,cls_def_exp,temp0.3_nodelim_norole_nocot,lusa_25,2,classification,fonte,Per,0.8
qwen3_14b,portuguese,participants,cls_def_exp,temp0.3_nodelim_norole_nocot,lusa_25,2,classification,Comando Metropolitano de Lisboa (Cometlis),Org,0.95
qwen3_14b,portuguese,participants,cls_def_exp,temp0.3_nodelim_norole_nocot,lusa_25,2,classification,o alerta,Other,0.7
qwen3_14b,portuguese,participants,sent_def_exp,temp0.3_nodelim_norole_nocot,lusa_25,3,detection,,yes,0.95
qwen3_14b,portuguese,participants,ext_def_exp,temp0.3_nodelim_norole_nocot,lusa_25,3,extraction,Um jovem de 17 anos,,0.95
qwen3_14b,portuguese,participants,ext_def_exp,temp0.3_nodelim_norole_nocot,lusa_25,3,extraction,uma arma de fogo,,0.9
qwen3_14b,portuguese,participants,cls_def_exp,temp0.3_nodelim_norole_nocot,lusa_25,3,classification,Um jovem de 17 anos,Per,0.95
qwen3_14b,portuguese,participants,cls_def_exp,temp0.3_nodelim_norole_nocot,lusa_25,3,classification,uma arma de fogo,Obj,0.9
qwen3_14b,portuguese,participants,sent_def_exp,temp0.3_nodelim_norole_nocot,lusa_25,4,detection,,yes,0.95
qwen3_14b,portuguese,participants,ext_def_exp,temp0.3_nodelim_norole_nocot,lusa_25,4,extraction,o ferido,,0.7
qwen3_14b,portuguese,participants,ext_def_exp,temp0.3_nodelim_norole_nocot,lusa_25,4,extraction,Hospital Professor Doutor Fernando Fonseca,,1.0
qwen3_14b,portuguese,participants,ext_def_exp,temp0.3_nodelim_norole_nocot,lusa_25,4,extraction,Amadora-Sintra,,1.0
qwen3_14b,portuguese,participants,cls_def_exp,temp0.3_nodelim_norole_nocot,lusa_25,4,classification,o ferido,Per,0.95
qwen3_14b,portuguese,participants,cls_def_exp,temp0.3_nodelim_norole_nocot,lusa_25,4,classification,Hospital Professor Doutor Fernando Fonseca,Fac,0.98
qwen3_14b,portuguese,participants,cls_def_exp,temp0.3_nodelim_norole_nocot,lusa_25,4,classification,Amadora-Sintra,Pl_civil,0.9
qwen3_14b,portuguese,participants,sent_def_exp,temp0.3_nodelim_norole_nocot,lusa_25,5,detection,,yes,0.95
qwen3_14b,portuguese,participants,ext_def_exp,temp0.3_nodelim_norole_nocot,lusa_25,5,extraction,Lusa,,0.95
qwen3_14b,portuguese,participants,ext_def_exp,temp0.3_nodelim_norole_nocot,lusa_25,5,extraction,Cometlis,,0.9
qwen3_14b,portuguese,participants,ext_def_exp,temp0.3_nodelim_norole_nocot,lusa_25,5,extraction,suspeitos,,0.7
qwen3_14b,portuguese,participants,cls_def_exp,temp0.3_nodelim_norole_nocot,lusa_25,5,classification,Lusa,Org,0.95
qwen3_14b,portuguese,participants,cls_def_exp,temp0.3_nodelim_norole_nocot,lusa_25,5,classification,Cometlis,Org,0.9
qwen3_14b,portuguese,participants,cls_def_exp,temp0.3_nodelim_norole_nocot,lusa_25,5,classification,suspeitos,Per,0.8
qwen3_14b,portuguese,participants,sent_def_exp,temp0.3_nodelim_norole_nocot,lusa_25,6,detection,,yes,0.95
qwen3_14b,portuguese,participants,ext_def_exp,temp0.3_nodelim_norole_nocot,lusa_25,6,extraction,o caso,,0.6
qwen3_14b,portuguese,participants,ext_def_exp,temp0.3_nodelim_norole_nocot,lusa_25,6,extraction,Polícia Judiciária (PJ),,0.9
qwen3_14b,portuguese,participants,cls_def_exp,temp0.3_nodelim_norole_nocot,lusa_25,6,classification,o caso,Other,0.7
qwen3_14b,portuguese,participants,cls_def_exp,temp0.3_nodelim_norole_nocot,lusa_25,6,classification,Polícia Judiciária (PJ),Org,0.95
qwen3_14b,portuguese,participants,sent_def_exp,temp0.3_nodelim_norole_nocot,lusa_26,1,detection,,yes,0.95
qwen3_14b,portuguese,participants,ext_def_exp,temp0.3_nodelim_norole_nocot,lusa_26,1,extraction,Alex Apolinário,,0.95
qwen3_14b,portuguese,participants,ext_def_exp,temp0.3_nodelim_norole_nocot,lusa_26,1,extraction,Alverca,,0.9
qwen3_14b,portuguese,participants,ext_def_exp,temp0.3_nodelim_norole_nocot,lusa_26,1,extraction,o clube do Campeonato de Portugal,,0.85
qwen3_14b,portuguese,participants,ext_def_exp,temp0.3_nodelim_norole_nocot,lusa_26,1,extraction,Campeonato de Portugal,,0.7
qwen3_14b,portuguese,participants,cls_def_exp,temp0.3_nodelim_norole_nocot,lusa_26,1,classification,Alex Apolinário,Per,0.95
qwen3_14b,portuguese,participants,cls_def_exp,temp0.3_nodelim_norole_nocot,lusa_26,1,classification,Alverca,Org,0.9
qwen3_14b,portuguese,participants,cls_def_exp,temp0.3_nodelim_norole_nocot,lusa_26,1,classification,o clube do Campeonato de Portugal,Org,0.95
qwen3_14b,portuguese,participants,cls_def_exp,temp0.3_nodelim_norole_nocot,lusa_26,1,classification,Campeonato de Portugal,Org,0.9
qwen3_14b,portuguese,participants,sent_def_exp,temp0.3_nodelim_norole_nocot,lusa_26,2,detection,,yes,0.95
qwen3_14b,portuguese,participants,ext_def_exp,temp0.3_nodelim_norole_nocot,lusa_26,2,extraction,Hospital de Vila Franca de Xira,,0.95
qwen3_14b,portuguese,participants,ext_def_exp,temp0.3_nodelim_norole_nocot,lusa_26,2,extraction,corpo clínico,,0.85
qwen3_14b,portuguese,participants,ext_def_exp,temp0.3_nodelim_norole_nocot,lusa_26,2,extraction,o atleta,,0.95
qwen3_14b,portuguese,participants,ext_def_exp,temp0.3_nodelim_norole_nocot,lusa_26,2,extraction,clube,,0.9
qwen3_14b,portuguese,participants,ext_def_exp,temp0.3_nodelim_norole_nocot,lusa_26,2,extraction,Facebook,,0.75
qwen3_14b,portuguese,participants,cls_def_exp,temp0.3_nodelim_norole_nocot,lusa_26,2,classification,Hospital de Vila Franca de Xira,Org,0.95
qwen3_14b,portuguese,participants,cls_def_exp,temp0.3_nodelim_norole_nocot,lusa_26,2,classification,corpo clínico,Org,0.9
qwen3_14b,portuguese,participants,cls_def_exp,temp0.3_nodelim_norole_nocot,lusa_26,2,classification,o atleta,Per,0.95
qwen3_14b,portuguese,participants,cls_def_exp,temp0.3_nodelim_norole_nocot,lusa_26,2,classification,clube,Org,0.9
qwen3_14b,portuguese,participants,cls_def_exp,temp0.3_nodelim_norole_nocot,lusa_26,2,classification,Facebook,Org,0.95
qwen3_14b,portuguese,participants,sent_def_exp,temp0.3_nodelim_norole_nocot,lusa_26,3,detection,,yes,0.95
qwen3_14b,portuguese,participants,ext_def_exp,temp0.3_nodelim_norole_nocot,lusa_26,3,extraction,os ribatejanos,,0.95
qwen3_14b,portuguese,participants,ext_def_exp,temp0.3_nodelim_norole_nocot,lusa_26,3,extraction,o atleta,,0.9
qwen3_14b,portuguese,participants,cls_def_exp,temp0.3_nodelim_norole_nocot,lusa_26,3,classification,os ribatejanos,Per,0.95
qwen3_14b,portuguese,participants,cls_def_exp,temp0.3_nodelim_norole_nocot,lusa_26,3,classification,o atleta,Per,0.95
qwen3_14b,portuguese,participants,sent_def_exp,temp0.3_nodelim_norole_nocot,lusa_26,4,detection,,yes,0.95
qwen3_14b,portuguese,participants,ext_def_exp,temp0.3_nodelim_norole_nocot,lusa_26,4,extraction,Alverca Futebol SAD,,0.95
qwen3_14b,portuguese,participants,ext_def_exp,temp0.3_nodelim_norole_nocot,lusa_26,4,extraction,o atleta,,0.9
qwen3_14b,portuguese,participants,ext_def_exp,temp0.3_nodelim_norole_nocot,lusa_26,4,extraction,seus familiares,,0.9
qwen3_14b,portuguese,participants,ext_def_exp,temp0.3_nodelim_norole_nocot,lusa_26,4,extraction,profissionais de saúde,,0.95
qwen3_14b,portuguese,participants,ext_def_exp,temp0.3_nodelim_norole_nocot,lusa_26,4,extraction,clubes,,0.9
qwen3_14b,portuguese,participants,ext_def_exp,temp0.3_nodelim_norole_nocot,lusa_26,4,extraction,atletas,,0.9
qwen3_14b,portuguese,participants,ext_def_exp,temp0.3_nodelim_norole_nocot,lusa_26,4,extraction,instituições,,0.9
qwen3_14b,portuguese,participants,ext_def_exp,temp0.3_nodelim_norole_nocot,lusa_26,4,extraction,adeptos de todo o mundo,,0.9
qwen3_14b,portuguese,participants,ext_def_exp,temp0.3_nodelim_norole_nocot,lusa_26,4,extraction,SAD alverquense,,0.95
qwen3_14b,portuguese,participants,cls_def_exp,temp0.3_nodelim_norole_nocot,lusa_26,4,classification,Alverca Futebol SAD,Org,0.95
qwen3_14b,portuguese,participants,cls_def_exp,temp0.3_nodelim_norole_nocot,lusa_26,4,classification,o atleta,Per,0.9
qwen3_14b,portuguese,participants,cls_def_exp,temp0.3_nodelim_norole_nocot,lusa_26,4,classification,seus familiares,Per,0.9
qwen3_14b,portuguese,participants,cls_def_exp,temp0.3_nodelim_norole_nocot,lusa_26,4,classification,profissionais de saúde,Per,0.95
qwen3_14b,portuguese,participants,cls_def_exp,temp0.3_nodelim_norole_nocot,lusa_26,4,classification,clubes,Org,0.9
qwen3_14b,portuguese,participants,cls_def_exp,temp0.3_nodelim_norole_nocot,lusa_26,4,classification,atletas,Per,0.95
qwen3_14b,portuguese,participants,cls_def_exp,temp0.3_nodelim_norole_nocot,lusa_26,4,classification,instituições,Org,0.9
qwen3_14b,portuguese,participants,cls_def_exp,temp0.3_nodelim_norole_nocot,lusa_26,4,classification,adeptos de todo o mundo,Per,0.9
qwen3_14b,portuguese,participants,cls_def_exp,temp0.3_nodelim_norole_nocot,lusa_26,4,classification,SAD alverquense,Org,0.95
qwen3_14b,portuguese,participants,sent_def_exp,temp0.3_nodelim_norole_nocot,lusa_26,5,detection,,yes,0.95
qwen3_14b,portuguese,participants,ext_def_exp,temp0.3_nodelim_norole_nocot,lusa_26,5,extraction,Alex Apolinário,,0.95
qwen3_14b,portuguese,participants,ext_def_exp,temp0.3_nodelim_norole_nocot,lusa_26,5,extraction,Alverca,,0.9
qwen3_14b,portuguese,participants,ext_def_exp,temp0.3_nodelim_norole_nocot,lusa_26,5,extraction,União de Almeirim,,0.9
qwen3_14b,portuguese,participants,ext_def_exp,temp0.3_nodelim_norole_nocot,lusa_26,5,extraction,Campeonato de Portugal,,0.85
qwen3_14b,portuguese,participants,cls_def_exp,temp0.3_nodelim_norole_nocot,lusa_26,5,classification,Alex Apolinário,Per,0.95
qwen3_14b,portuguese,participants,cls_def_exp,temp0.3_nodelim_norole_nocot,lusa_26,5,classification,Alverca,Org,0.9
qwen3_14b,portuguese,participants,cls_def_exp,temp0.3_nodelim_norole_nocot,lusa_26,5,classification,União de Almeirim,Org,0.9
qwen3_14b,portuguese,participants,cls_def_exp,temp0.3_nodelim_norole_nocot,lusa_26,5,classification,Campeonato de Portugal,Org,0.85
qwen3_14b,portuguese,participants,sent_def_exp,temp0.3_nodelim_norole_nocot,lusa_27,1,detection,,yes,0.95
qwen3_14b,portuguese,participants,ext_def_exp,temp0.3_nodelim_norole_nocot,lusa_27,1,extraction,a criança de 12 anos,,1.0
qwen3_14b,portuguese,participants,ext_def_exp,temp0.3_nodelim_norole_nocot,lusa_27,1,extraction,autoestrada,,1.0
qwen3_14b,portuguese,participants,ext_def_exp,temp0.3_nodelim_norole_nocot,lusa_27,1,extraction,Norte,,0.9
qwen3_14b,portuguese,participants,ext_def_exp,temp0.3_nodelim_norole_nocot,lusa_27,1,extraction,São João da Talha,,1.0
qwen3_14b,portuguese,participants,ext_def_exp,temp0.3_nodelim_norole_nocot,lusa_27,1,extraction,Loures,,1.0
qwen3_14b,portuguese,participants,ext_def_exp,temp0.3_nodelim_norole_nocot,lusa_27,1,extraction,hospital,,1.0
qwen3_14b,portuguese,participants,ext_def_exp,temp0.3_nodelim_norole_nocot,lusa_27,1,extraction,fonte da GNR,,1.0
qwen3_14b,portuguese,participants,ext_def_exp,temp0.3_nodelim_norole_nocot,lusa_27,1,extraction,a mesma fonte,,1.0
qwen3_14b,portuguese,participants,ext_def_exp,temp0.3_nodelim_norole_nocot,lusa_27,1,extraction,GNR,,1.0
qwen3_14b,portuguese,participants,ext_def_exp,temp0.3_nodelim_norole_nocot,lusa_27,1,extraction,Lusa,,1.0
qwen3_14b,portuguese,participants,cls_def_exp,temp0.3_nodelim_norole_nocot,lusa_27,1,classification,a criança de 12 anos,Per,0.95
qwen3_14b,portuguese,participants,cls_def_exp,temp0.3_nodelim_norole_nocot,lusa_27,1,classification,autoestrada,Path,0.95
qwen3_14b,portuguese,participants,cls_def_exp,temp0.3_nodelim_norole_nocot,lusa_27,1,classification,Norte,Pl_region,0.8
qwen3_14b,portuguese,participants,cls_def_exp,temp0.3_nodelim_norole_nocot,lusa_27,1,classification,São João da Talha,Loc,0.7
qwen3_14b,portuguese,participants,cls_def_exp,temp0.3_nodelim_norole_nocot,lusa_27,1,classification,Loures,Pl_civil,0.9
qwen3_14b,portuguese,participants,cls_def_exp,temp0.3_nodelim_norole_nocot,lusa_27,1,classification,hospital,Fac,0.95
qwen3_14b,portuguese,participants,cls_def_exp,temp0.3_nodelim_norole_nocot,lusa_27,1,classification,fonte da GNR,Per,0.9
qwen3_14b,portuguese,participants,cls_def_exp,temp0.3_nodelim_norole_nocot,lusa_27,1,classification,a mesma fonte,Per,0.9
qwen3_14b,portuguese,participants,cls_def_exp,temp0.3_nodelim_norole_nocot,lusa_27,1,classification,GNR,Org,0.95
qwen3_14b,portuguese,participants,cls_def_exp,temp0.3_nodelim_norole_nocot,lusa_27,1,classification,Lusa,Org,0.95
qwen3_14b,portuguese,participants,sent_def_exp,temp0.3_nodelim_norole_nocot,lusa_27,2,detection,,yes,0.95
qwen3_14b,portuguese,participants,ext_def_exp,temp0.3_nodelim_norole_nocot,lusa_27,2,extraction,autoestrada do Norte,,0.9
qwen3_14b,portuguese,participants,ext_def_exp,temp0.3_nodelim_norole_nocot,lusa_27,2,extraction,sentido Norte/Sul,,0.8
qwen3_14b,portuguese,participants,ext_def_exp,temp0.3_nodelim_norole_nocot,lusa_27,2,extraction,ligeiros,,0.9
qwen3_14b,portuguese,participants,ext_def_exp,temp0.3_nodelim_norole_nocot,lusa_27,2,extraction,feridos,,0.9
qwen3_14b,portuguese,participants,cls_def_exp,temp0.3_nodelim_norole_nocot,lusa_27,2,classification,autoestrada do Norte,Path,0.95
qwen3_14b,portuguese,participants,cls_def_exp,temp0.3_nodelim_norole_nocot,lusa_27,2,classification,sentido Norte/Sul,Path,0.75
qwen3_14b,portuguese,participants,cls_def_exp,temp0.3_nodelim_norole_nocot,lusa_27,2,classification,ligeiros,Obj,0.95
qwen3_14b,portuguese,participants,cls_def_exp,temp0.3_nodelim_norole_nocot,lusa_27,2,classification,feridos,Per,0.95
qwen3_14b,portuguese,participants,sent_def_exp,temp0.3_nodelim_norole_nocot,lusa_27,3,detection,,yes,0.95
qwen3_14b,portuguese,participants,ext_def_exp,temp0.3_nodelim_norole_nocot,lusa_27,3,extraction,fonte do Comando Geral da GNR,,0.9
qwen3_14b,portuguese,participants,ext_def_exp,temp0.3_nodelim_norole_nocot,lusa_27,3,extraction,Comando Geral da GNR,,0.9
qwen3_14b,portuguese,participants,ext_def_exp,temp0.3_nodelim_norole_nocot,lusa_27,3,extraction,à Lusa,,0.9
qwen3_14b,portuguese,participants,ext_def_exp,temp0.3_nodelim_norole_nocot,lusa_27,3,extraction,a criança de 12 anos,,0.9
qwen3_14b,portuguese,participants,ext_def_exp,temp0.3_nodelim_norole_nocot,lusa_27,3,extraction,viaturas envolvidas no acidente,,0.8
qwen3_14b,portuguese,participants,ext_def_exp,temp0.3_nodelim_norole_nocot,lusa_27,3,extraction,hospital,,0.8
qwen3_14b,portuguese,participants,ext_def_exp,temp0.3_nodelim_norole_nocot,lusa_27,3,extraction,fonte,,0.7
qwen3_14b,portuguese,participants,cls_def_exp,temp0.3_nodelim_norole_nocot,lusa_27,3,classification,fonte do Comando Geral da GNR,Per,0.95
qwen3_14b,portuguese,participants,cls_def_exp,temp0.3_nodelim_norole_nocot,lusa_27,3,classification,Comando Geral da GNR,Org,0.95
qwen3_14b,portuguese,participants,cls_def_exp,temp0.3_nodelim_norole_nocot,lusa_27,3,classification,à Lusa,Org,0.9
qwen3_14b,portuguese,participants,cls_def_exp,temp0.3_nodelim_norole_nocot,lusa_27,3,classification,a criança de 12 anos,Per,0.95
qwen3_14b,portuguese,participants,cls_def_exp,temp0.3_nodelim_norole_nocot,lusa_27,3,classification,viaturas envolvidas no acidente,Veh,0.9
qwen3_14b,portuguese,participants,cls_def_exp,temp0.3_nodelim_norole_nocot,lusa_27,3,classification,hospital,Fac,0.95
qwen3_14b,portuguese,participants,cls_def_exp,temp0.3_nodelim_norole_nocot,lusa_27,3,classification,fonte,Per,0.85
qwen3_14b,portuguese,participants,sent_def_exp,temp0.3_nodelim_norole_nocot,lusa_27,4,detection,,no,0.75
qwen3_14b,portuguese,participants,sent_def_exp,temp0.3_nodelim_norole_nocot,lusa_27,5,detection,,yes,0.95
qwen3_14b,portuguese,participants,ext_def_exp,temp0.3_nodelim_norole_nocot,lusa_27,5,extraction,bombeiros,,0.95
qwen3_14b,portuguese,participants,ext_def_exp,temp0.3_nodelim_norole_nocot,lusa_27,5,extraction,Instituto Nacional de Emergência Médica (INEM),,0.95
qwen3_14b,portuguese,participants,ext_def_exp,temp0.3_nodelim_norole_nocot,lusa_27,5,extraction,polícia,,0.95
qwen3_14b,portuguese,participants,ext_def_exp,temp0.3_nodelim_norole_nocot,lusa_27,5,extraction,viaturas,,0.8
qwen3_14b,portuguese,participants,cls_def_exp,temp0.3_nodelim_norole_nocot,lusa_27,5,classification,bombeiros,Per,0.95
qwen3_14b,portuguese,participants,cls_def_exp,temp0.3_nodelim_norole_nocot,lusa_27,5,classification,Instituto Nacional de Emergência Médica (INEM),Org,0.98
qwen3_14b,portuguese,participants,cls_def_exp,temp0.3_nodelim_norole_nocot,lusa_27,5,classification,polícia,Org,0.9
qwen3_14b,portuguese,participants,cls_def_exp,temp0.3_nodelim_norole_nocot,lusa_27,5,classification,viaturas,Veh,0.95
qwen3_14b,portuguese,participants,sent_def_exp,temp0.3_nodelim_norole_nocot,lusa_28,1,detection,,yes,0.95
qwen3_14b,portuguese,participants,ext_def_exp,temp0.3_nodelim_norole_nocot,lusa_28,1,extraction,Quincy Promes,,0.95
qwen3_14b,portuguese,participants,ext_def_exp,temp0.3_nodelim_norole_nocot,lusa_28,1,extraction,Ajax,,0.95
qwen3_14b,portuguese,participants,ext_def_exp,temp0.3_nodelim_norole_nocot,lusa_28,1,extraction,familiar,,0.8
qwen3_14b,portuguese,participants,ext_def_exp,temp0.3_nodelim_norole_nocot,lusa_28,1,extraction,os meios de comunicação holandeses,,0.9
qwen3_14b,portuguese,participants,ext_def_exp,temp0.3_nodelim_norole_nocot,lusa_28,1,extraction,fontes policiais,,0.9
qwen3_14b,portuguese,participants,cls_def_exp,temp0.3_nodelim_norole_nocot,lusa_28,1,classification,Quincy Promes,Per,0.95
qwen3_14b,portuguese,participants,cls_def_exp,temp0.3_nodelim_norole_nocot,lusa_28,1,classification,Ajax,Org,0.9
qwen3_14b,portuguese,participants,cls_def_exp,temp0.3_nodelim_norole_nocot,lusa_28,1,classification,familiar,Per,0.9
qwen3_14b,portuguese,participants,cls_def_exp,temp0.3_nodelim_norole_nocot,lusa_28,1,classification,os meios de comunicação holandeses,Org,0.95
qwen3_14b,portuguese,participants,cls_def_exp,temp0.3_nodelim_norole_nocot,lusa_28,1,classification,fontes policiais,Per,0.8
qwen3_14b,portuguese,participants,sent_def_exp,temp0.3_nodelim_norole_nocot,lusa_28,2,detection,,yes,0.95
qwen3_14b,portuguese,participants,ext_def_exp,temp0.3_nodelim_norole_nocot,lusa_28,2,extraction,Promes,,0.95
qwen3_14b,portuguese,participants,ext_def_exp,temp0.3_nodelim_norole_nocot,lusa_28,2,extraction,a vítima,,0.95
qwen3_14b,portuguese,participants,ext_def_exp,temp0.3_nodelim_norole_nocot,lusa_28,2,extraction,De Telegraaf,,0.9
qwen3_14b,portuguese,participants,ext_def_exp,temp0.3_nodelim_norole_nocot,lusa_28,2,extraction,uma celebração familiar,,0.8
qwen3_14b,portuguese,participants,cls_def_exp,temp0.3_nodelim_norole_nocot,lusa_28,2,classification,Promes,Per,0.95
qwen3_14b,portuguese,participants,cls_def_exp,temp0.3_nodelim_norole_nocot,lusa_28,2,classification,a vítima,Per,0.95
qwen3_14b,portuguese,participants,cls_def_exp,temp0.3_nodelim_norole_nocot,lusa_28,2,classification,De Telegraaf,Org,0.9
qwen3_14b,portuguese,participants,cls_def_exp,temp0.3_nodelim_norole_nocot,lusa_28,2,classification,uma celebração familiar,Other,0.85
qwen3_14b,portuguese,participants,sent_def_exp,temp0.3_nodelim_norole_nocot,lusa_28,3,detection,,yes,0.95
qwen3_14b,portuguese,participants,ext_def_exp,temp0.3_nodelim_norole_nocot,lusa_28,3,extraction,Alguns nos presentes na festa,,0.9
qwen3_14b,portuguese,participants,ext_def_exp,temp0.3_nodelim_norole_nocot,lusa_28,3,extraction,os dois,,0.8
qwen3_14b,portuguese,participants,cls_def_exp,temp0.3_nodelim_norole_nocot,lusa_28,3,classification,Alguns nos presentes na festa,Per,0.95
qwen3_14b,portuguese,participants,cls_def_exp,temp0.3_nodelim_norole_nocot,lusa_28,3,classification,os dois,Per,0.9
qwen3_14b,portuguese,participants,sent_def_exp,temp0.3_nodelim_norole_nocot,lusa_28,4,detection,,yes,0.95
qwen3_14b,portuguese,participants,ext_def_exp,temp0.3_nodelim_norole_nocot,lusa_28,4,extraction,armazém,,1.0
qwen3_14b,portuguese,participants,ext_def_exp,temp0.3_nodelim_norole_nocot,lusa_28,4,extraction,Promes,,1.0
qwen3_14b,portuguese,participants,ext_def_exp,temp0.3_nodelim_norole_nocot,lusa_28,4,extraction,Abcoude,,1.0
qwen3_14b,portuguese,participants,ext_def_exp,temp0.3_nodelim_norole_nocot,lusa_28,4,extraction,província de Utrecht,,1.0
qwen3_14b,portuguese,participants,cls_def_exp,temp0.3_nodelim_norole_nocot,lusa_28,4,classification,armazém,Obj,0.95
qwen3_14b,portuguese,participants,cls_def_exp,temp0.3_nodelim_norole_nocot,lusa_28,4,classification,Promes,Org,0.9
qwen3_14b,portuguese,participants,cls_def_exp,temp0.3_nodelim_norole_nocot,lusa_28,4,classification,Abcoude,Pl_civil,0.8
qwen3_14b,portuguese,participants,cls_def_exp,temp0.3_nodelim_norole_nocot,lusa_28,4,classification,província de Utrecht,Pl_state,0.85
qwen3_14b,portuguese,participants,sent_def_exp,temp0.3_nodelim_norole_nocot,lusa_28,5,detection,,yes,0.95
qwen3_14b,portuguese,participants,ext_def_exp,temp0.3_nodelim_norole_nocot,lusa_28,5,extraction,fonte policial,,0.8
qwen3_14b,portuguese,participants,ext_def_exp,temp0.3_nodelim_norole_nocot,lusa_28,5,extraction,aquela diário,,0.6
qwen3_14b,portuguese,participants,cls_def_exp,temp0.3_nodelim_norole_nocot,lusa_28,5,classification,fonte policial,Per,0.9
qwen3_14b,portuguese,participants,cls_def_exp,temp0.3_nodelim_norole_nocot,lusa_28,5,classification,aquela diário,Org,0.95
qwen3_14b,portuguese,participants,sent_def_exp,temp0.3_nodelim_norole_nocot,lusa_28,6,detection,,no,0.65
qwen3_14b,portuguese,participants,sent_def_exp,temp0.3_nodelim_norole_nocot,lusa_28,7,detection,,yes,0.95
qwen3_14b,portuguese,participants,ext_def_exp,temp0.3_nodelim_norole_nocot,lusa_28,7,extraction,O avançado,,0.95
qwen3_14b,portuguese,participants,ext_def_exp,temp0.3_nodelim_norole_nocot,lusa_28,7,extraction,a seleção holandesa,,0.9
qwen3_14b,portuguese,participants,cls_def_exp,temp0.3_nodelim_norole_nocot,lusa_28,7,classification,O avançado,Per,0.95
qwen3_14b,portuguese,participants,cls_def_exp,temp0.3_nodelim_norole_nocot,lusa_28,7,classification,a seleção holandesa,Org,0.95
qwen3_14b,portuguese,participants,sent_def_exp,temp0.3_nodelim_norole_nocot,lusa_28,8,detection,,yes,0.95
qwen3_14b,portuguese,participants,ext_def_exp,temp0.3_nodelim_norole_nocot,lusa_28,8,extraction,Twente,,0.95
qwen3_14b,portuguese,participants,ext_def_exp,temp0.3_nodelim_norole_nocot,lusa_28,8,extraction,Spartak de Moscovo,,0.95
qwen3_14b,portuguese,participants,ext_def_exp,temp0.3_nodelim_norole_nocot,lusa_28,8,extraction,Sevilha,,0.95
qwen3_14b,portuguese,participants,ext_def_exp,temp0.3_nodelim_norole_nocot,lusa_28,8,extraction,Ajax,,0.95
qwen3_14b,portuguese,participants,cls_def_exp,temp0.3_nodelim_norole_nocot,lusa_28,8,classification,Twente,Org,0.95
qwen3_14b,portuguese,participants,cls_def_exp,temp0.3_nodelim_norole_nocot,lusa_28,8,classification,Spartak de Moscovo,Org,0.95
qwen3_14b,portuguese,participants,cls_def_exp,temp0.3_nodelim_norole_nocot,lusa_28,8,classification,Sevilha,Org,0.95
qwen3_14b,portuguese,participants,cls_def_exp,temp0.3_nodelim_norole_nocot,lusa_28,8,classification,Ajax,Org,0.95
qwen3_14b,portuguese,participants,sent_def_exp,temp0.3_nodelim_norole_nocot,lusa_29,1,detection,,yes,0.95
qwen3_14b,portuguese,participants,ext_def_exp,temp0.3_nodelim_norole_nocot,lusa_29,1,extraction,Unidade de Controlo Costeiro (UCC) da GNR,,0.95
qwen3_14b,portuguese,participants,ext_def_exp,temp0.3_nodelim_norole_nocot,lusa_29,1,extraction,GNR,,0.9
qwen3_14b,portuguese,participants,ext_def_exp,temp0.3_nodelim_norole_nocot,lusa_29,1,extraction,dois homens,,0.95
qwen3_14b,portuguese,participants,ext_def_exp,temp0.3_nodelim_norole_nocot,lusa_29,1,extraction,embarcações,,0.85
qwen3_14b,portuguese,participants,ext_def_exp,temp0.3_nodelim_norole_nocot,lusa_29,1,extraction,Olhão (Algarve),,0.9
qwen3_14b,portuguese,participants,ext_def_exp,temp0.3_nodelim_norole_nocot,lusa_29,1,extraction,Algarve,,0.8
qwen3_14b,portuguese,participants,ext_def_exp,temp0.3_nodelim_norole_nocot,lusa_29,1,extraction,785 quilos de haxixe,,0.7
qwen3_14b,portuguese,participants,cls_def_exp,temp0.3_nodelim_norole_nocot,lusa_29,1,classification,Unidade de Controlo Costeiro (UCC) da GNR,Org,0.95
qwen3_14b,portuguese,participants,cls_def_exp,temp0.3_nodelim_norole_nocot,lusa_29,1,classification,GNR,Org,0.9
qwen3_14b,portuguese,participants,cls_def_exp,temp0.3_nodelim_norole_nocot,lusa_29,1,classification,dois homens,Per,0.95
qwen3_14b,portuguese,participants,cls_def_exp,temp0.3_nodelim_norole_nocot,lusa_29,1,classification,embarcações,Veh,0.85
qwen3_14b,portuguese,participants,cls_def_exp,temp0.3_nodelim_norole_nocot,lusa_29,1,classification,Olhão (Algarve),Pl_civil,0.8
qwen3_14b,portuguese,participants,cls_def_exp,temp0.3_nodelim_norole_nocot,lusa_29,1,classification,Algarve,Pl_region,0.85
qwen3_14b,portuguese,participants,cls_def_exp,temp0.3_nodelim_norole_nocot,lusa_29,1,classification,785 quilos de haxixe,Obj,0.7
qwen3_14b,portuguese,participants,sent_def_exp,temp0.3_nodelim_norole_nocot,lusa_29,2,detection,,yes,0.95
qwen3_14b,portuguese,participants,ext_def_exp,temp0.3_nodelim_norole_nocot,lusa_29,2,extraction,Guarda Nacional Republicana (GNR),,0.95
qwen3_14b,portuguese,participants,ext_def_exp,temp0.3_nodelim_norole_nocot,lusa_29,2,extraction,GNR,,0.9
qwen3_14b,portuguese,participants,ext_def_exp,temp0.3_nodelim_norole_nocot,lusa_29,2,extraction,as duas embarcações,,0.8
qwen3_14b,portuguese,participants,ext_def_exp,temp0.3_nodelim_norole_nocot,lusa_29,2,extraction,Sistema Integrado de Vigilância e Comando e Controlo (SIVICC),,0.9
qwen3_14b,portuguese,participants,ext_def_exp,temp0.3_nodelim_norole_nocot,lusa_29,2,extraction,SIVICC,,0.9
qwen3_14b,portuguese,participants,cls_def_exp,temp0.3_nodelim_norole_nocot,lusa_29,2,classification,Guarda Nacional Republicana (GNR),Org,0.95
qwen3_14b,portuguese,participants,cls_def_exp,temp0.3_nodelim_norole_nocot,lusa_29,2,classification,GNR,Org,0.95
qwen3_14b,portuguese,participants,cls_def_exp,temp0.3_nodelim_norole_nocot,lusa_29,2,classification,as duas embarcações,Obj,0.85
qwen3_14b,portuguese,participants,cls_def_exp,temp0.3_nodelim_norole_nocot,lusa_29,2,classification,Sistema Integrado de Vigilância e Comando e Controlo (SIVICC),Obj,0.9
qwen3_14b,portuguese,participants,cls_def_exp,temp0.3_nodelim_norole_nocot,lusa_29,2,classification,SIVICC,Obj,0.9
qwen3_14b,portuguese,participants,sent_def_exp,temp0.3_nodelim_norole_nocot,lusa_29,3,detection,,yes,0.95
qwen3_14b,portuguese,participants,ext_def_exp,temp0.3_nodelim_norole_nocot,lusa_29,3,extraction,meios marítimos da UCC,,0.8
qwen3_14b,portuguese,participants,ext_def_exp,temp0.3_nodelim_norole_nocot,lusa_29,3,extraction,a embarcação que estava a receber o produto estupefaciente,,0.8
qwen3_14b,portuguese,participants,ext_def_exp,temp0.3_nodelim_norole_nocot,lusa_29,3,extraction,os dois tripulantes,,0.9
qwen3_14b,portuguese,participants,ext_def_exp,temp0.3_nodelim_norole_nocot,lusa_29,3,extraction,a GNR,,0.95
qwen3_14b,portuguese,participants,ext_def_exp,temp0.3_nodelim_norole_nocot,lusa_29,3,extraction,embarcação de fibra,,0.75
qwen3_14b,portuguese,participants,cls_def_exp,temp0.3_nodelim_norole_nocot,lusa_29,3,classification,meios marítimos da UCC,Org,0.95
qwen3_14b,portuguese,participants,cls_def_exp,temp0.3_nodelim_norole_nocot,lusa_29,3,classification,a embarcação que estava a receber o produto estupefaciente,Veh,0.9
qwen3_14b,portuguese,participants,cls_def_exp,temp0.3_nodelim_norole_nocot,lusa_29,3,classification,os dois tripulantes,Per,0.95
qwen3_14b,portuguese,participants,cls_def_exp,temp0.3_nodelim_norole_nocot,lusa_29,3,classification,a GNR,Org,0.95
qwen3_14b,portuguese,participants,cls_def_exp,temp0.3_nodelim_norole_nocot,lusa_29,3,classification,embarcação de fibra,Veh,0.9
qwen3_14b,portuguese,participants,sent_def_exp,temp0.3_nodelim_norole_nocot,lusa_29,4,detection,,no,0.7
qwen3_14b,portuguese,participants,sent_def_exp,temp0.3_nodelim_norole_nocot,lusa_3,1,detection,,yes,0.95
qwen3_14b,portuguese,participants,ext_def_exp,temp0.3_nodelim_norole_nocot,lusa_3,1,extraction,A GNR,,0.95
qwen3_14b,portuguese,participants,ext_def_exp,temp0.3_nodelim_norole_nocot,lusa_3,1,extraction,um homem,,0.9
qwen3_14b,portuguese,participants,ext_def_exp,temp0.3_nodelim_norole_nocot,lusa_3,1,extraction,Cabeceiras de Basto,,0.9
qwen3_14b,portuguese,participants,ext_def_exp,temp0.3_nodelim_norole_nocot,lusa_3,1,extraction,munições reais,,0.8
qwen3_14b,portuguese,participants,ext_def_exp,temp0.3_nodelim_norole_nocot,lusa_3,1,extraction,fonte policial,,0.85
qwen3_14b,portuguese,participants,ext_def_exp,temp0.3_nodelim_norole_nocot,lusa_3,1,extraction,bagos de borracha,,0.8
qwen3_14b,portuguese,participants,ext_def_exp,temp0.3_nodelim_norole_nocot,lusa_3,1,extraction,balas de borracha,,0.8
qwen3_14b,portuguese,participants,cls_def_exp,temp0.3_nodelim_norole_nocot,lusa_3,1,classification,A GNR,Org,1.0
qwen3_14b,portuguese,participants,cls_def_exp,temp0.3_nodelim_norole_nocot,lusa_3,1,classification,um homem,Per,1.0
qwen3_14b,portuguese,participants,cls_def_exp,temp0.3_nodelim_norole_nocot,lusa_3,1,classification,Cabeceiras de Basto,Pl_civil,1.0
qwen3_14b,portuguese,participants,cls_def_exp,temp0.3_nodelim_norole_nocot,lusa_3,1,classification,munições reais,Obj,1.0
qwen3_14b,portuguese,participants,cls_def_exp,temp0.3_nodelim_norole_nocot,lusa_3,1,classification,fonte policial,Per,0.8
qwen3_14b,portuguese,participants,cls_def_exp,temp0.3_nodelim_norole_nocot,lusa_3,1,classification,bagos de borracha,Obj,1.0
qwen3_14b,portuguese,participants,cls_def_exp,temp0.3_nodelim_norole_nocot,lusa_3,1,classification,balas de borracha,Obj,1.0
qwen3_14b,portuguese,participants,sent_def_exp,temp0.3_nodelim_norole_nocot,lusa_3,2,detection,,no,0.95
qwen3_14b,portuguese,participants,sent_def_exp,temp0.3_nodelim_norole_nocot,lusa_3,3,detection,,yes,0.95
qwen3_14b,portuguese,participants,ext_def_exp,temp0.3_nodelim_norole_nocot,lusa_3,3,extraction,O homem,,0.95
qwen3_14b,portuguese,participants,ext_def_exp,temp0.3_nodelim_norole_nocot,lusa_3,3,extraction,balas de borracha,,0.9
qwen3_14b,portuguese,participants,cls_def_exp,temp0.3_nodelim_norole_nocot,lusa_3,3,classification,O homem,Per,0.95
qwen3_14b,portuguese,participants,cls_def_exp,temp0.3_nodelim_norole_nocot,lusa_3,3,classification,balas de borracha,Obj,0.9
qwen3_14b,portuguese,participants,sent_def_exp,temp0.3_nodelim_norole_nocot,lusa_3,4,detection,,yes,0.95
qwen3_14b,portuguese,participants,ext_def_exp,temp0.3_nodelim_norole_nocot,lusa_3,4,extraction,Fonte do Comando Territorial da GNR em Braga,,0.95
qwen3_14b,portuguese,participants,ext_def_exp,temp0.3_nodelim_norole_nocot,lusa_3,4,extraction,Comando Territorial da GNR,,0.9
qwen3_14b,portuguese,participants,ext_def_exp,temp0.3_nodelim_norole_nocot,lusa_3,4,extraction,Braga,,0.95
qwen3_14b,portuguese,participants,ext_def_exp,temp0.3_nodelim_norole_nocot,lusa_3,4,extraction,agência Lusa,,0.95
qwen3_14b,portuguese,participants,ext_def_exp,temp0.3_nodelim_norole_nocot,lusa_3,4,extraction,os operacionais,,0.9
qwen3_14b,portuguese,participants,ext_def_exp,temp0.3_nodelim_norole_nocot,lusa_3,4,extraction,o homem,,0.95
qwen3_14b,portuguese,participants,ext_def_exp,temp0.3_nodelim_norole_nocot,lusa_3,4,extraction,este,,0.7
qwen3_14b,portuguese,participants,cls_def_exp,temp0.3_nodelim_norole_nocot,lusa_3,4,classification,Fonte do Comando Territorial da GNR em Braga,Per,0.95
qwen3_14b,portuguese,participants,cls_def_exp,temp0.3_nodelim_norole_nocot,lusa_3,4,classification,Comando Territorial da GNR,Org,0.9
qwen3_14b,portuguese,participants,cls_def_exp,temp0.3_nodelim_norole_nocot,lusa_3,4,classification,Braga,Pl_civil,0.95
qwen3_14b,portuguese,participants,cls_def_exp,temp0.3_nodelim_norole_nocot,lusa_3,4,classification,agência Lusa,Org,0.95
qwen3_14b,portuguese,participants,cls_def_exp,temp0.3_nodelim_norole_nocot,lusa_3,4,classification,os operacionais,Per,0.9
qwen3_14b,portuguese,participants,cls_def_exp,temp0.3_nodelim_norole_nocot,lusa_3,4,classification,o homem,Per,0.95
qwen3_14b,portuguese,participants,cls_def_exp,temp0.3_nodelim_norole_nocot,lusa_3,4,classification,este,Per,0.85
qwen3_14b,portuguese,participants,sent_def_exp,temp0.3_nodelim_norole_nocot,lusa_3,5,detection,,yes,0.95
qwen3_14b,portuguese,participants,ext_def_exp,temp0.3_nodelim_norole_nocot,lusa_3,5,extraction,os militares,,0.9
qwen3_14b,portuguese,participants,ext_def_exp,temp0.3_nodelim_norole_nocot,lusa_3,5,extraction,a fonte,,0.7
qwen3_14b,portuguese,participants,ext_def_exp,temp0.3_nodelim_norole_nocot,lusa_3,5,extraction,o detido,,0.9
qwen3_14b,portuguese,participants,cls_def_exp,temp0.3_nodelim_norole_nocot,lusa_3,5,classification,os militares,Per,0.95
qwen3_14b,portuguese,participants,cls_def_exp,temp0.3_nodelim_norole_nocot,lusa_3,5,classification,a fonte,Per,0.9
qwen3_14b,portuguese,participants,cls_def_exp,temp0.3_nodelim_norole_nocot,lusa_3,5,classification,o detido,Per,0.95
qwen3_14b,portuguese,participants,sent_def_exp,temp0.3_nodelim_norole_nocot,lusa_3,6,detection,,yes,0.95
qwen3_14b,portuguese,participants,ext_def_exp,temp0.3_nodelim_norole_nocot,lusa_3,6,extraction,unidade hospitalar,,0.8
qwen3_14b,portuguese,participants,ext_def_exp,temp0.3_nodelim_norole_nocot,lusa_3,6,extraction,GNR,,0.9
qwen3_14b,portuguese,participants,ext_def_exp,temp0.3_nodelim_norole_nocot,lusa_3,6,extraction,posto da GNR,,0.8
qwen3_14b,portuguese,participants,ext_def_exp,temp0.3_nodelim_norole_nocot,lusa_3,6,extraction,Cabeceiras,,0.7
qwen3_14b,portuguese,participants,ext_def_exp,temp0.3_nodelim_norole_nocot,lusa_3,6,extraction,juiz de instrução,,0.7
qwen3_14b,portuguese,participants,cls_def_exp,temp0.3_nodelim_norole_nocot,lusa_3,6,classification,unidade hospitalar,Fac,0.95
qwen3_14b,portuguese,participants,cls_def_exp,temp0.3_nodelim_norole_nocot,lusa_3,6,classification,GNR,Org,0.9
qwen3_14b,portuguese,participants,cls_def_exp,temp0.3_nodelim_norole_nocot,lusa_3,6,classification,posto da GNR,Fac,0.95
qwen3_14b,portuguese,participants,cls_def_exp,temp0.3_nodelim_norole_nocot,lusa_3,6,classification,Cabeceiras,Pl_civil,0.85
qwen3_14b,portuguese,participants,cls_def_exp,temp0.3_nodelim_norole_nocot,lusa_3,6,classification,juiz de instrução,Per,0.95
qwen3_14b,portuguese,participants,sent_def_exp,temp0.3_nodelim_norole_nocot,lusa_3,7,detection,,yes,0.95
qwen3_14b,portuguese,participants,ext_def_exp,temp0.3_nodelim_norole_nocot,lusa_3,7,extraction,armas de fogo,,0.9
qwen3_14b,portuguese,participants,ext_def_exp,temp0.3_nodelim_norole_nocot,lusa_3,7,extraction,a Polícia Judiciária,,1.0
qwen3_14b,portuguese,participants,ext_def_exp,temp0.3_nodelim_norole_nocot,lusa_3,7,extraction,a fonte,,0.9
qwen3_14b,portuguese,participants,cls_def_exp,temp0.3_nodelim_norole_nocot,lusa_3,7,classification,armas de fogo,Obj,0.95
qwen3_14b,portuguese,participants,cls_def_exp,temp0.3_nodelim_norole_nocot,lusa_3,7,classification,a Polícia Judiciária,Org,0.95
qwen3_14b,portuguese,participants,cls_def_exp,temp0.3_nodelim_norole_nocot,lusa_3,7,classification,a fonte,Per,0.9
qwen3_14b,portuguese,participants,sent_def_exp,temp0.3_nodelim_norole_nocot,lusa_31,1,detection,,yes,0.95
qwen3_14b,portuguese,participants,ext_def_exp,temp0.3_nodelim_norole_nocot,lusa_31,1,extraction,A GNR de Freamunde,,1.0
qwen3_14b,portuguese,participants,ext_def_exp,temp0.3_nodelim_norole_nocot,lusa_31,1,extraction,um estabelecimento de restauração e bebidas,,1.0
qwen3_14b,portuguese,participants,ext_def_exp,temp0.3_nodelim_norole_nocot,lusa_31,1,extraction,50 pessoas,,1.0
qwen3_14b,portuguese,participants,ext_def_exp,temp0.3_nodelim_norole_nocot,lusa_31,1,extraction,Paços de Ferreira,,1.0
qwen3_14b,portuguese,participants,cls_def_exp,temp0.3_nodelim_norole_nocot,lusa_31,1,classification,A GNR de Freamunde,Org,0.95
qwen3_14b,portuguese,participants,cls_def_exp,temp0.3_nodelim_norole_nocot,lusa_31,1,classification,um estabelecimento de restauração e bebidas,Obj,0.9
qwen3_14b,portuguese,participants,cls_def_exp,temp0.3_nodelim_norole_nocot,lusa_31,1,classification,50 pessoas,Other,0.7
qwen3_14b,portuguese,participants,cls_def_exp,temp0.3_nodelim_norole_nocot,lusa_31,1,classification,Paços de Ferreira,Pl_civil,0.95
qwen3_14b,portuguese,participants,sent_def_exp,temp0.3_nodelim_norole_nocot,lusa_31,2,detection,,yes,0.95
qwen3_14b,portuguese,participants,ext_def_exp,temp0.3_nodelim_norole_nocot,lusa_31,2,extraction,os militares,,0.95
qwen3_14b,portuguese,participants,ext_def_exp,temp0.3_nodelim_norole_nocot,lusa_31,2,extraction,o estabelecimento,,0.9
qwen3_14b,portuguese,participants,ext_def_exp,temp0.3_nodelim_norole_nocot,lusa_31,2,extraction,a autoridade,,0.8
qwen3_14b,portuguese,participants,cls_def_exp,temp0.3_nodelim_norole_nocot,lusa_31,2,classification,os militares,Per,0.95
qwen3_14b,portuguese,participants,cls_def_exp,temp0.3_nodelim_norole_nocot,lusa_31,2,classification,o estabelecimento,Fac,0.85
qwen3_14b,portuguese,participants,cls_def_exp,temp0.3_nodelim_norole_nocot,lusa_31,2,classification,a autoridade,Org,0.9
qwen3_14b,portuguese,participants,sent_def_exp,temp0.3_nodelim_norole_nocot,lusa_31,3,detection,,yes,0.95
qwen3_14b,portuguese,participants,ext_def_exp,temp0.3_nodelim_norole_nocot,lusa_31,3,extraction,A proprietária,,0.95
qwen3_14b,portuguese,participants,ext_def_exp,temp0.3_nodelim_norole_nocot,lusa_31,3,extraction,o evento,,0.85
qwen3_14b,portuguese,participants,ext_def_exp,temp0.3_nodelim_norole_nocot,lusa_31,3,extraction,o auto de contraordenação,,0.75
qwen3_14b,portuguese,participants,cls_def_exp,temp0.3_nodelim_norole_nocot,lusa_31,3,classification,A proprietária,Per,0.95
qwen3_14b,portuguese,participants,cls_def_exp,temp0.3_nodelim_norole_nocot,lusa_31,3,classification,o evento,Other,0.8
qwen3_14b,portuguese,participants,cls_def_exp,temp0.3_nodelim_norole_nocot,lusa_31,3,classification,o auto de contraordenação,Obj,0.95
qwen3_14b,portuguese,participants,sent_def_exp,temp0.3_nodelim_norole_nocot,lusa_32,1,detection,,yes,0.95
qwen3_14b,portuguese,participants,ext_def_exp,temp0.3_nodelim_norole_nocot,lusa_32,1,extraction,GNR,,0.95
qwen3_14b,portuguese,participants,ext_def_exp,temp0.3_nodelim_norole_nocot,lusa_32,1,extraction,uma caçadeira,,0.8
qwen3_14b,portuguese,participants,ext_def_exp,temp0.3_nodelim_norole_nocot,lusa_32,1,extraction,uma pistola,,0.8
qwen3_14b,portuguese,participants,ext_def_exp,temp0.3_nodelim_norole_nocot,lusa_32,1,extraction,duas armas de ar comprimido,,0.8
qwen3_14b,portuguese,participants,ext_def_exp,temp0.3_nodelim_norole_nocot,lusa_32,1,extraction,um coldre,,0.8
qwen3_14b,portuguese,participants,ext_def_exp,temp0.3_nodelim_norole_nocot,lusa_32,1,extraction,busca domiciliária,,0.7
qwen3_14b,portuguese,participants,ext_def_exp,temp0.3_nodelim_norole_nocot,lusa_32,1,extraction,Felgueiras,,0.9
qwen3_14b,portuguese,participants,ext_def_exp,temp0.3_nodelim_norole_nocot,lusa_32,1,extraction,distrito do Porto,,0.9
qwen3_14b,portuguese,participants,ext_def_exp,temp0.3_nodelim_norole_nocot,lusa_32,1,extraction,Porto,,0.9
qwen3_14b,portuguese,participants,cls_def_exp,temp0.3_nodelim_norole_nocot,lusa_32,1,classification,GNR,Org,0.95
qwen3_14b,portuguese,participants,cls_def_exp,temp0.3_nodelim_norole_nocot,lusa_32,1,classification,uma caçadeira,Obj,0.9
qwen3_14b,portuguese,participants,cls_def_exp,temp0.3_nodelim_norole_nocot,lusa_32,1,classification,uma pistola,Obj,0.9
qwen3_14b,portuguese,participants,cls_def_exp,temp0.3_nodelim_norole_nocot,lusa_32,1,classification,duas armas de ar comprimido,Obj,0.9
qwen3_14b,portuguese,participants,cls_def_exp,temp0.3_nodelim_norole_nocot,lusa_32,1,classification,um coldre,Obj,0.9
qwen3_14b,portuguese,participants,cls_def_exp,temp0.3_nodelim_norole_nocot,lusa_32,1,classification,busca domiciliária,Other,0.6
qwen3_14b,portuguese,participants,cls_def_exp,temp0.3_nodelim_norole_nocot,lusa_32,1,classification,Felgueiras,Pl_civil,0.9
qwen3_14b,portuguese,participants,cls_def_exp,temp0.3_nodelim_norole_nocot,lusa_32,1,classification,distrito do Porto,Pl_state,0.95
qwen3_14b,portuguese,participants,cls_def_exp,temp0.3_nodelim_norole_nocot,lusa_32,1,classification,Porto,Pl_civil,0.85
qwen3_14b,portuguese,participants,sent_def_exp,temp0.3_nodelim_norole_nocot,lusa_32,2,detection,,yes,0.98
qwen3_14b,portuguese,participants,ext_def_exp,temp0.3_nodelim_norole_nocot,lusa_32,2,extraction,a Guarda,,0.95
qwen3_14b,portuguese,participants,ext_def_exp,temp0.3_nodelim_norole_nocot,lusa_32,2,extraction,os militares,,0.9
qwen3_14b,portuguese,participants,ext_def_exp,temp0.3_nodelim_norole_nocot,lusa_32,2,extraction,a vítima,,0.95
qwen3_14b,portuguese,participants,ext_def_exp,temp0.3_nodelim_norole_nocot,lusa_32,2,extraction,uma mulher de 25 anos,,0.95
qwen3_14b,portuguese,participants,ext_def_exp,temp0.3_nodelim_norole_nocot,lusa_32,2,extraction,o companheiro,,0.95
qwen3_14b,portuguese,participants,ext_def_exp,temp0.3_nodelim_norole_nocot,lusa_32,2,extraction,um homem com 33 anos,,0.95
qwen3_14b,portuguese,participants,cls_def_exp,temp0.3_nodelim_norole_nocot,lusa_32,2,classification,a Guarda,Org,0.95
qwen3_14b,portuguese,participants,cls_def_exp,temp0.3_nodelim_norole_nocot,lusa_32,2,classification,os militares,Per,0.9
qwen3_14b,portuguese,participants,cls_def_exp,temp0.3_nodelim_norole_nocot,lusa_32,2,classification,a vítima,Per,0.95
qwen3_14b,portuguese,participants,cls_def_exp,temp0.3_nodelim_norole_nocot,lusa_32,2,classification,uma mulher de 25 anos,Per,0.98
qwen3_14b,portuguese,participants,cls_def_exp,temp0.3_nodelim_norole_nocot,lusa_32,2,classification,o companheiro,Per,0.92
qwen3_14b,portuguese,participants,cls_def_exp,temp0.3_nodelim_norole_nocot,lusa_32,2,classification,um homem com 33 anos,Per,0.97
qwen3_14b,portuguese,participants,sent_def_exp,temp0.3_nodelim_norole_nocot,lusa_32,3,detection,,no,0.65
qwen3_14b,portuguese,participants,sent_def_exp,temp0.3_nodelim_norole_nocot,lusa_32,4,detection,,yes,0.95
qwen3_14b,portuguese,participants,ext_def_exp,temp0.3_nodelim_norole_nocot,lusa_32,4,extraction,a GNR,,0.95
qwen3_14b,portuguese,participants,ext_def_exp,temp0.3_nodelim_norole_nocot,lusa_32,4,extraction,Tribunal Judicial de Felgueiras,,0.95
qwen3_14b,portuguese,participants,cls_def_exp,temp0.3_nodelim_norole_nocot,lusa_32,4,classification,a GNR,Org,0.95
qwen3_14b,portuguese,participants,cls_def_exp,temp0.3_nodelim_norole_nocot,lusa_32,4,classification,Tribunal Judicial de Felgueiras,Org,0.9
qwen3_14b,portuguese,participants,sent_def_exp,temp0.3_nodelim_norole_nocot,lusa_33,1,detection,,yes,0.95
qwen3_14b,portuguese,participants,ext_def_exp,temp0.3_nodelim_norole_nocot,lusa_33,1,extraction,A Unidade de Controlo Costeiro da GNR,,0.95
qwen3_14b,portuguese,participants,ext_def_exp,temp0.3_nodelim_norole_nocot,lusa_33,1,extraction,Valença,,0.8
qwen3_14b,portuguese,participants,ext_def_exp,temp0.3_nodelim_norole_nocot,lusa_33,1,extraction,distrito de Viana do Castelo,,0.8
qwen3_14b,portuguese,participants,ext_def_exp,temp0.3_nodelim_norole_nocot,lusa_33,1,extraction,berbigão,,0.7
qwen3_14b,portuguese,participants,ext_def_exp,temp0.3_nodelim_norole_nocot,lusa_33,1,extraction,aquela força policial,,0.9
qwen3_14b,portuguese,participants,ext_def_exp,temp0.3_nodelim_norole_nocot,lusa_33,1,extraction,GNR,,0.9
qwen3_14b,portuguese,participants,ext_def_exp,temp0.3_nodelim_norole_nocot,lusa_33,1,extraction,a força policial,,0.8
qwen3_14b,portuguese,participants,ext_def_exp,temp0.3_nodelim_norole_nocot,lusa_33,1,extraction,a Unidade de Controlo Costeiro da GNR,,0.95
qwen3_14b,portuguese,participants,ext_def_exp,temp0.3_nodelim_norole_nocot,lusa_33,1,extraction,distrito de Viana do Castelo,,0.8
qwen3_14b,portuguese,participants,ext_def_exp,temp0.3_nodelim_norole_nocot,lusa_33,1,extraction,Valença,,0.8
qwen3_14b,portuguese,participants,cls_def_exp,temp0.3_nodelim_norole_nocot,lusa_33,1,classification,A Unidade de Controlo Costeiro da GNR,Org,0.95
qwen3_14b,portuguese,participants,cls_def_exp,temp0.3_nodelim_norole_nocot,lusa_33,1,classification,Valença,Pl_civil,0.9
qwen3_14b,portuguese,participants,cls_def_exp,temp0.3_nodelim_norole_nocot,lusa_33,1,classification,distrito de Viana do Castelo,Pl_state,0.95
qwen3_14b,portuguese,participants,cls_def_exp,temp0.3_nodelim_norole_nocot,lusa_33,1,classification,berbigão,Nat,0.95
qwen3_14b,portuguese,participants,cls_def_exp,temp0.3_nodelim_norole_nocot,lusa_33,1,classification,aquela força policial,Org,0.9
qwen3_14b,portuguese,participants,cls_def_exp,temp0.3_nodelim_norole_nocot,lusa_33,1,classification,GNR,Org,0.95
qwen3_14b,portuguese,participants,cls_def_exp,temp0.3_nodelim_norole_nocot,lusa_33,1,classification,a força policial,Org,0.9
qwen3_14b,portuguese,participants,cls_def_exp,temp0.3_nodelim_norole_nocot,lusa_33,1,classification,a Unidade de Controlo Costeiro da GNR,Org,0.95
qwen3_14b,portuguese,participants,sent_def_exp,temp0.3_nodelim_norole_nocot,lusa_33,2,detection,,yes,0.95
qwen3_14b,portuguese,participants,ext_def_exp,temp0.3_nodelim_norole_nocot,lusa_33,2,extraction,a GNR,,0.95
qwen3_14b,portuguese,participants,ext_def_exp,temp0.3_nodelim_norole_nocot,lusa_33,2,extraction,um homem,,0.8
qwen3_14b,portuguese,participants,cls_def_exp,temp0.3_nodelim_norole_nocot,lusa_33,2,classification,a GNR,Org,0.95
qwen3_14b,portuguese,participants,cls_def_exp,temp0.3_nodelim_norole_nocot,lusa_33,2,classification,um homem,Per,0.95
qwen3_14b,portuguese,participants,sent_def_exp,temp0.3_nodelim_norole_nocot,lusa_33,3,detection,,yes,0.95
qwen3_14b,portuguese,participants,ext_def_exp,temp0.3_nodelim_norole_nocot,lusa_33,3,extraction,Unidade de Controlo Costeiro (UCC) de Matosinhos,,0.95
qwen3_14b,portuguese,participants,ext_def_exp,temp0.3_nodelim_norole_nocot,lusa_33,3,extraction,A apreensão,,0.85
qwen3_14b,portuguese,participants,ext_def_exp,temp0.3_nodelim_norole_nocot,lusa_33,3,extraction,ação de fiscalização rodoviária,,0.75
qwen3_14b,portuguese,participants,ext_def_exp,temp0.3_nodelim_norole_nocot,lusa_33,3,extraction,transporte de pescado fresco e moluscos bivalves,,0.8
qwen3_14b,portuguese,participants,ext_def_exp,temp0.3_nodelim_norole_nocot,lusa_33,3,extraction,Matosinhos,,0.7
qwen3_14b,portuguese,participants,cls_def_exp,temp0.3_nodelim_norole_nocot,lusa_33,3,classification,Unidade de Controlo Costeiro (UCC) de Matosinhos,Org,0.95
qwen3_14b,portuguese,participants,cls_def_exp,temp0.3_nodelim_norole_nocot,lusa_33,3,classification,A apreensão,Other,0.3
qwen3_14b,portuguese,participants,cls_def_exp,temp0.3_nodelim_norole_nocot,lusa_33,3,classification,ação de fiscalização rodoviária,Other,0.4
qwen3_14b,portuguese,participants,cls_def_exp,temp0.3_nodelim_norole_nocot,lusa_33,3,classification,transporte de pescado fresco e moluscos bivalves,Other,0.3
qwen3_14b,portuguese,participants,cls_def_exp,temp0.3_nodelim_norole_nocot,lusa_33,3,classification,Matosinhos,Pl_civil,0.95
qwen3_14b,portuguese,participants,sent_def_exp,temp0.3_nodelim_norole_nocot,lusa_33,4,detection,,yes,0.95
qwen3_14b,portuguese,participants,ext_def_exp,temp0.3_nodelim_norole_nocot,lusa_33,4,extraction,um veículo pesado de mercadorias,,0.9
qwen3_14b,portuguese,participants,ext_def_exp,temp0.3_nodelim_norole_nocot,lusa_33,4,extraction,berbigão imaturo,,0.8
qwen3_14b,portuguese,participants,cls_def_exp,temp0.3_nodelim_norole_nocot,lusa_33,4,classification,um veículo pesado de mercadorias,Veh,0.95
qwen3_14b,portuguese,participants,cls_def_exp,temp0.3_nodelim_norole_nocot,lusa_33,4,classification,berbigão imaturo,Nat,0.95
qwen3_14b,portuguese,participants,sent_def_exp,temp0.3_nodelim_norole_nocot,lusa_33,5,detection,,yes,0.95
qwen3_14b,portuguese,participants,ext_def_exp,temp0.3_nodelim_norole_nocot,lusa_33,5,extraction,aquela força policial,,0.95
qwen3_14b,portuguese,participants,ext_def_exp,temp0.3_nodelim_norole_nocot,lusa_33,5,extraction,cerastoderma edule,,0.9
qwen3_14b,portuguese,participants,ext_def_exp,temp0.3_nodelim_norole_nocot,lusa_33,5,extraction,berbigão,,0.9
qwen3_14b,portuguese,participants,cls_def_exp,temp0.3_nodelim_norole_nocot,lusa_33,5,classification,aquela força policial,Org,0.95
qwen3_14b,portuguese,participants,cls_def_exp,temp0.3_nodelim_norole_nocot,lusa_33,5,classification,cerastoderma edule,Nat,0.9
qwen3_14b,portuguese,participants,cls_def_exp,temp0.3_nodelim_norole_nocot,lusa_33,5,classification,berbigão,Nat,0.95
qwen3_14b,portuguese,participants,sent_def_exp,temp0.3_nodelim_norole_nocot,lusa_33,6,detection,,no,0.95
qwen3_14b,portuguese,participants,sent_def_exp,temp0.3_nodelim_norole_nocot,lusa_35,1,detection,,yes,0.95
qwen3_14b,portuguese,participants,ext_def_exp,temp0.3_nodelim_norole_nocot,lusa_35,1,extraction,A GNR,,1.0
qwen3_14b,portuguese,participants,ext_def_exp,temp0.3_nodelim_norole_nocot,lusa_35,1,extraction,um homem de 52 anos,,1.0
qwen3_14b,portuguese,participants,ext_def_exp,temp0.3_nodelim_norole_nocot,lusa_35,1,extraction,Idanha-a-Nova,,0.9
qwen3_14b,portuguese,participants,ext_def_exp,temp0.3_nodelim_norole_nocot,lusa_35,1,extraction,distrito de Castelo Branco,,0.9
qwen3_14b,portuguese,participants,ext_def_exp,temp0.3_nodelim_norole_nocot,lusa_35,1,extraction,aquela força de segurança,,1.0
qwen3_14b,portuguese,participants,cls_def_exp,temp0.3_nodelim_norole_nocot,lusa_35,1,classification,A GNR,Org,0.95
qwen3_14b,portuguese,participants,cls_def_exp,temp0.3_nodelim_norole_nocot,lusa_35,1,classification,um homem de 52 anos,Per,0.98
qwen3_14b,portuguese,participants,cls_def_exp,temp0.3_nodelim_norole_nocot,lusa_35,1,classification,Idanha-a-Nova,Pl_civil,0.92
qwen3_14b,portuguese,participants,cls_def_exp,temp0.3_nodelim_norole_nocot,lusa_35,1,classification,distrito de Castelo Branco,Pl_state,0.95
qwen3_14b,portuguese,participants,cls_def_exp,temp0.3_nodelim_norole_nocot,lusa_35,1,classification,aquela força de segurança,Org,0.85
qwen3_14b,portuguese,participants,sent_def_exp,temp0.3_nodelim_norole_nocot,lusa_35,2,detection,,yes,0.95
qwen3_14b,portuguese,participants,ext_def_exp,temp0.3_nodelim_norole_nocot,lusa_35,2,extraction,Comando Territorial de Castelo Branco,,0.95
qwen3_14b,portuguese,participants,ext_def_exp,temp0.3_nodelim_norole_nocot,lusa_35,2,extraction,homem de 52 anos,,0.9
qwen3_14b,portuguese,participants,ext_def_exp,temp0.3_nodelim_norole_nocot,lusa_35,2,extraction,Núcleo de Investigação Criminal (NIC) de Idanha-a-Nova,,0.9
qwen3_14b,portuguese,participants,ext_def_exp,temp0.3_nodelim_norole_nocot,lusa_35,2,extraction,Idanha-a-Nova,,0.8
qwen3_14b,portuguese,participants,cls_def_exp,temp0.3_nodelim_norole_nocot,lusa_35,2,classification,Comando Territorial de Castelo Branco,Org,0.95
qwen3_14b,portuguese,participants,cls_def_exp,temp0.3_nodelim_norole_nocot,lusa_35,2,classification,homem de 52 anos,Per,0.98
qwen3_14b,portuguese,participants,cls_def_exp,temp0.3_nodelim_norole_nocot,lusa_35,2,classification,Núcleo de Investigação Criminal (NIC) de Idanha-a-Nova,Org,0.92
qwen3_14b,portuguese,participants,cls_def_exp,temp0.3_nodelim_norole_nocot,lusa_35,2,classification,Idanha-a-Nova,Pl_civil,0.9
qwen3_14b,portuguese,participants,sent_def_exp,temp0.3_nodelim_norole_nocot,lusa_35,3,detection,,yes,0.95
qwen3_14b,portuguese,participants,ext_def_exp,temp0.3_nodelim_norole_nocot,lusa_35,3,extraction,os militares,,0.9
qwen3_14b,portuguese,participants,ext_def_exp,temp0.3_nodelim_norole_nocot,lusa_35,3,extraction,o suspeito,,0.9
qwen3_14b,portuguese,participants,ext_def_exp,temp0.3_nodelim_norole_nocot,lusa_35,3,extraction,terreno agrícola,,0.7
qwen3_14b,portuguese,participants,ext_def_exp,temp0.3_nodelim_norole_nocot,lusa_35,3,extraction,canábis,,0.8
qwen3_14b,portuguese,participants,ext_def_exp,temp0.3_nodelim_norole_nocot,lusa_35,3,extraction,a nota,,0.6
qwen3_14b,portuguese,participants,cls_def_exp,temp0.3_nodelim_norole_nocot,lusa_35,3,classification,os militares,Per,0.95
qwen3_14b,portuguese,participants,cls_def_exp,temp0.3_nodelim_norole_nocot,lusa_35,3,classification,o suspeito,Per,0.95
qwen3_14b,portuguese,participants,cls_def_exp,temp0.3_nodelim_norole_nocot,lusa_35,3,classification,terreno agrícola,Loc,0.7
qwen3_14b,portuguese,participants,cls_def_exp,temp0.3_nodelim_norole_nocot,lusa_35,3,classification,canábis,Nat,0.95
qwen3_14b,portuguese,participants,cls_def_exp,temp0.3_nodelim_norole_nocot,lusa_35,3,classification,a nota,Obj,0.9
qwen3_14b,portuguese,participants,sent_def_exp,temp0.3_nodelim_norole_nocot,lusa_35,4,detection,,yes,0.95
qwen3_14b,portuguese,participants,ext_def_exp,temp0.3_nodelim_norole_nocot,lusa_35,4,extraction,Os militares,,1.0
qwen3_14b,portuguese,participants,ext_def_exp,temp0.3_nodelim_norole_nocot,lusa_35,4,extraction,seis quilos de cabeças de canábis,,0.9
qwen3_14b,portuguese,participants,ext_def_exp,temp0.3_nodelim_norole_nocot,lusa_35,4,extraction,"2,25 quilos de liamba",,0.9
qwen3_14b,portuguese,participants,ext_def_exp,temp0.3_nodelim_norole_nocot,lusa_35,4,extraction,26 pés de canábis,,0.9
qwen3_14b,portuguese,participants,ext_def_exp,temp0.3_nodelim_norole_nocot,lusa_35,4,extraction,uma balança,,0.9
qwen3_14b,portuguese,participants,ext_def_exp,temp0.3_nodelim_norole_nocot,lusa_35,4,extraction,um moinho,,0.9
qwen3_14b,portuguese,participants,cls_def_exp,temp0.3_nodelim_norole_nocot,lusa_35,4,classification,Os militares,Per,0.95
qwen3_14b,portuguese,participants,cls_def_exp,temp0.3_nodelim_norole_nocot,lusa_35,4,classification,seis quilos de cabeças de canábis,Obj,0.9
qwen3_14b,portuguese,participants,cls_def_exp,temp0.3_nodelim_norole_nocot,lusa_35,4,classification,"2,25 quilos de liamba",Obj,0.95
qwen3_14b,portuguese,participants,cls_def_exp,temp0.3_nodelim_norole_nocot,lusa_35,4,classification,26 pés de canábis,Nat,0.9
qwen3_14b,portuguese,participants,cls_def_exp,temp0.3_nodelim_norole_nocot,lusa_35,4,classification,uma balança,Obj,0.95
qwen3_14b,portuguese,participants,cls_def_exp,temp0.3_nodelim_norole_nocot,lusa_35,4,classification,um moinho,Obj,0.95
qwen3_14b,portuguese,participants,sent_def_exp,temp0.3_nodelim_norole_nocot,lusa_35,5,detection,,yes,0.95
qwen3_14b,portuguese,participants,ext_def_exp,temp0.3_nodelim_norole_nocot,lusa_35,5,extraction,militares,,0.9
qwen3_14b,portuguese,participants,ext_def_exp,temp0.3_nodelim_norole_nocot,lusa_35,5,extraction,Posto Territorial de Idanha-a-Nova,,0.95
qwen3_14b,portuguese,participants,ext_def_exp,temp0.3_nodelim_norole_nocot,lusa_35,5,extraction,GNR,,0.95
qwen3_14b,portuguese,participants,cls_def_exp,temp0.3_nodelim_norole_nocot,lusa_35,5,classification,militares,Per,0.95
qwen3_14b,portuguese,participants,cls_def_exp,temp0.3_nodelim_norole_nocot,lusa_35,5,classification,Posto Territorial de Idanha-a-Nova,Fac,0.8
qwen3_14b,portuguese,participants,cls_def_exp,temp0.3_nodelim_norole_nocot,lusa_35,5,classification,GNR,Org,0.95
qwen3_14b,portuguese,participants,sent_def_exp,temp0.3_nodelim_norole_nocot,lusa_35,6,detection,,yes,0.95
qwen3_14b,portuguese,participants,ext_def_exp,temp0.3_nodelim_norole_nocot,lusa_35,6,extraction,O detido,,0.95
qwen3_14b,portuguese,participants,ext_def_exp,temp0.3_nodelim_norole_nocot,lusa_35,6,extraction,Tribunal Judicial de Idanha-a-Nova,,0.95
qwen3_14b,portuguese,participants,cls_def_exp,temp0.3_nodelim_norole_nocot,lusa_35,6,classification,O detido,Per,0.95
qwen3_14b,portuguese,participants,cls_def_exp,temp0.3_nodelim_norole_nocot,lusa_35,6,classification,Tribunal Judicial de Idanha-a-Nova,Org,0.95
qwen3_14b,portuguese,participants,sent_def_exp,temp0.3_nodelim_norole_nocot,lusa_36,1,detection,,yes,0.95
qwen3_14b,portuguese,participants,ext_def_exp,temp0.3_nodelim_norole_nocot,lusa_36,1,extraction,Unidade de Controlo Costeiro (UCC),,1.0
qwen3_14b,portuguese,participants,ext_def_exp,temp0.3_nodelim_norole_nocot,lusa_36,1,extraction,GNR,,1.0
qwen3_14b,portuguese,participants,ext_def_exp,temp0.3_nodelim_norole_nocot,lusa_36,1,extraction,ria de Aveiro,,1.0
qwen3_14b,portuguese,participants,ext_def_exp,temp0.3_nodelim_norole_nocot,lusa_36,1,extraction,nove viveiros ilegais,,1.0
qwen3_14b,portuguese,participants,ext_def_exp,temp0.3_nodelim_norole_nocot,lusa_36,1,extraction,205 quilos de crustáceos,,1.0
qwen3_14b,portuguese,participants,ext_def_exp,temp0.3_nodelim_norole_nocot,lusa_36,1,extraction,20 quilos de enguia-europeia,,1.0
qwen3_14b,portuguese,participants,ext_def_exp,temp0.3_nodelim_norole_nocot,lusa_36,1,extraction,2.765 euros,,1.0
qwen3_14b,portuguese,participants,ext_def_exp,temp0.3_nodelim_norole_nocot,lusa_36,1,extraction,aquela força militar,,1.0
qwen3_14b,portuguese,participants,ext_def_exp,temp0.3_nodelim_norole_nocot,lusa_36,1,extraction,A Unidade de Controlo Costeiro (UCC) da GNR,,1.0
qwen3_14b,portuguese,participants,cls_def_exp,temp0.3_nodelim_norole_nocot,lusa_36,1,classification,Unidade de Controlo Costeiro (UCC),Org,0.95
qwen3_14b,portuguese,participants,cls_def_exp,temp0.3_nodelim_norole_nocot,lusa_36,1,classification,GNR,Org,0.95
qwen3_14b,portuguese,participants,cls_def_exp,temp0.3_nodelim_norole_nocot,lusa_36,1,classification,ria de Aveiro,Pl_water,0.9
qwen3_14b,portuguese,participants,cls_def_exp,temp0.3_nodelim_norole_nocot,lusa_36,1,classification,nove viveiros ilegais,Obj,0.85
qwen3_14b,portuguese,participants,cls_def_exp,temp0.3_nodelim_norole_nocot,lusa_36,1,classification,205 quilos de crustáceos,Nat,0.8
qwen3_14b,portuguese,participants,cls_def_exp,temp0.3_nodelim_norole_nocot,lusa_36,1,classification,20 quilos de enguia-europeia,Nat,0.8
qwen3_14b,portuguese,participants,cls_def_exp,temp0.3_nodelim_norole_nocot,lusa_36,1,classification,2.765 euros,Other,0.85
qwen3_14b,portuguese,participants,cls_def_exp,temp0.3_nodelim_norole_nocot,lusa_36,1,classification,aquela força militar,Org,0.9
qwen3_14b,portuguese,participants,cls_def_exp,temp0.3_nodelim_norole_nocot,lusa_36,1,classification,A Unidade de Controlo Costeiro (UCC) da GNR,Org,0.95
qwen3_14b,portuguese,participants,sent_def_exp,temp0.3_nodelim_norole_nocot,lusa_36,2,detection,,yes,0.95
qwen3_14b,portuguese,participants,ext_def_exp,temp0.3_nodelim_norole_nocot,lusa_36,2,extraction,a GNR,,0.95
qwen3_14b,portuguese,participants,ext_def_exp,temp0.3_nodelim_norole_nocot,lusa_36,2,extraction,os viveiros,,0.85
qwen3_14b,portuguese,participants,cls_def_exp,temp0.3_nodelim_norole_nocot,lusa_36,2,classification,a GNR,Org,0.95
qwen3_14b,portuguese,participants,cls_def_exp,temp0.3_nodelim_norole_nocot,lusa_36,2,classification,os viveiros,Obj,0.8
qwen3_14b,portuguese,participants,sent_def_exp,temp0.3_nodelim_norole_nocot,lusa_36,3,detection,,yes,0.95
qwen3_14b,portuguese,participants,ext_def_exp,temp0.3_nodelim_norole_nocot,lusa_36,3,extraction,os militares da Guarda,,0.95
qwen3_14b,portuguese,participants,ext_def_exp,temp0.3_nodelim_norole_nocot,lusa_36,3,extraction,viveiros ilegais,,0.9
qwen3_14b,portuguese,participants,ext_def_exp,temp0.3_nodelim_norole_nocot,lusa_36,3,extraction,diversos crustáceos,,0.85
qwen3_14b,portuguese,participants,ext_def_exp,temp0.3_nodelim_norole_nocot,lusa_36,3,extraction,20 quilos de enguia-europeia,,0.85
qwen3_14b,portuguese,participants,ext_def_exp,temp0.3_nodelim_norole_nocot,lusa_36,3,extraction,Convenção sobre o Comércio Internacional das Espécies da Fauna e da Flora Silvestres Ameaçadas de Extinção,,0.9
qwen3_14b,portuguese,participants,ext_def_exp,temp0.3_nodelim_norole_nocot,lusa_36,3,extraction,CITES,,0.95
qwen3_14b,portuguese,participants,cls_def_exp,temp0.3_nodelim_norole_nocot,lusa_36,3,classification,os militares da Guarda,Per,0.95
qwen3_14b,portuguese,participants,cls_def_exp,temp0.3_nodelim_norole_nocot,lusa_36,3,classification,viveiros ilegais,Fac,0.9
qwen3_14b,portuguese,participants,cls_def_exp,temp0.3_nodelim_norole_nocot,lusa_36,3,classification,diversos crustáceos,Nat,0.95
qwen3_14b,portuguese,participants,cls_def_exp,temp0.3_nodelim_norole_nocot,lusa_36,3,classification,20 quilos de enguia-europeia,Nat,0.95
qwen3_14b,portuguese,participants,cls_def_exp,temp0.3_nodelim_norole_nocot,lusa_36,3,classification,Convenção sobre o Comércio Internacional das Espécies da Fauna e da Flora Silvestres Ameaçadas de Extinção,Org,0.9
qwen3_14b,portuguese,participants,cls_def_exp,temp0.3_nodelim_norole_nocot,lusa_36,3,classification,CITES,Org,0.95
qwen3_14b,portuguese,participants,sent_def_exp,temp0.3_nodelim_norole_nocot,lusa_36,4,detection,,no,0.3
qwen3_14b,portuguese,participants,sent_def_exp,temp0.3_nodelim_norole_nocot,lusa_36,5,detection,,yes,0.95
qwen3_14b,portuguese,participants,ext_def_exp,temp0.3_nodelim_norole_nocot,lusa_36,5,extraction,crustáceos,,1.0
qwen3_14b,portuguese,participants,ext_def_exp,temp0.3_nodelim_norole_nocot,lusa_36,5,extraction,enguias-europeias,,1.0
qwen3_14b,portuguese,participants,ext_def_exp,temp0.3_nodelim_norole_nocot,lusa_36,5,extraction,meio natural,,1.0
qwen3_14b,portuguese,participants,cls_def_exp,temp0.3_nodelim_norole_nocot,lusa_36,5,classification,crustáceos,Nat,0.95
qwen3_14b,portuguese,participants,cls_def_exp,temp0.3_nodelim_norole_nocot,lusa_36,5,classification,enguias-europeias,Nat,0.95
qwen3_14b,portuguese,participants,cls_def_exp,temp0.3_nodelim_norole_nocot,lusa_36,5,classification,meio natural,Loc,0.8
qwen3_14b,portuguese,participants,sent_def_exp,temp0.3_nodelim_norole_nocot,lusa_37,1,detection,,yes,0.95
qwen3_14b,portuguese,participants,sent_def_exp,temp0.3_nodelim_norole_nocot,lusa_37,2,detection,,yes,0.95
qwen3_14b,portuguese,participants,ext_def_exp,temp0.3_nodelim_norole_nocot,lusa_37,2,extraction,agência Lusa,,0.9
qwen3_14b,portuguese,participants,ext_def_exp,temp0.3_nodelim_norole_nocot,lusa_37,2,extraction,Comando Territorial da GNR de Castelo Branco,,0.9
qwen3_14b,portuguese,participants,ext_def_exp,temp0.3_nodelim_norole_nocot,lusa_37,2,extraction,postos de Belmonte,,0.8
qwen3_14b,portuguese,participants,ext_def_exp,temp0.3_nodelim_norole_nocot,lusa_37,2,extraction,postos de Caria,,0.8
qwen3_14b,portuguese,participants,ext_def_exp,temp0.3_nodelim_norole_nocot,lusa_37,2,extraction,GNR,,0.7
qwen3_14b,portuguese,participants,ext_def_exp,temp0.3_nodelim_norole_nocot,lusa_37,2,extraction,Belmonte,,0.7
qwen3_14b,portuguese,participants,ext_def_exp,temp0.3_nodelim_norole_nocot,lusa_37,2,extraction,Caria,,0.7
qwen3_14b,portuguese,participants,cls_def_exp,temp0.3_nodelim_norole_nocot,lusa_37,2,classification,agência Lusa,Org,0.95
qwen3_14b,portuguese,participants,cls_def_exp,temp0.3_nodelim_norole_nocot,lusa_37,2,classification,Comando Territorial da GNR de Castelo Branco,Org,0.9
qwen3_14b,portuguese,participants,cls_def_exp,temp0.3_nodelim_norole_nocot,lusa_37,2,classification,postos de Belmonte,Fac,0.85
qwen3_14b,portuguese,participants,cls_def_exp,temp0.3_nodelim_norole_nocot,lusa_37,2,classification,postos de Caria,Fac,0.85
qwen3_14b,portuguese,participants,cls_def_exp,temp0.3_nodelim_norole_nocot,lusa_37,2,classification,GNR,Org,0.95
qwen3_14b,portuguese,participants,cls_def_exp,temp0.3_nodelim_norole_nocot,lusa_37,2,classification,Belmonte,Pl_civil,0.8
qwen3_14b,portuguese,participants,cls_def_exp,temp0.3_nodelim_norole_nocot,lusa_37,2,classification,Caria,Pl_civil,0.8
qwen3_14b,portuguese,participants,sent_def_exp,temp0.3_nodelim_norole_nocot,lusa_37,3,detection,,yes,0.98
qwen3_14b,portuguese,participants,ext_def_exp,temp0.3_nodelim_norole_nocot,lusa_37,3,extraction,os militares,,0.9
qwen3_14b,portuguese,participants,ext_def_exp,temp0.3_nodelim_norole_nocot,lusa_37,3,extraction,o suspeito,,0.9
qwen3_14b,portuguese,participants,ext_def_exp,temp0.3_nodelim_norole_nocot,lusa_37,3,extraction,um homem de 47 anos,,0.9
qwen3_14b,portuguese,participants,ext_def_exp,temp0.3_nodelim_norole_nocot,lusa_37,3,extraction,a vítima,,0.9
qwen3_14b,portuguese,participants,ext_def_exp,temp0.3_nodelim_norole_nocot,lusa_37,3,extraction,sua ex-companheira,,0.9
qwen3_14b,portuguese,participants,ext_def_exp,temp0.3_nodelim_norole_nocot,lusa_37,3,extraction,arma de fogo,,0.8
qwen3_14b,portuguese,participants,ext_def_exp,temp0.3_nodelim_norole_nocot,lusa_37,3,extraction,álcool,,0.7
qwen3_14b,portuguese,participants,cls_def_exp,temp0.3_nodelim_norole_nocot,lusa_37,3,classification,os militares,Per,0.95
qwen3_14b,portuguese,participants,cls_def_exp,temp0.3_nodelim_norole_nocot,lusa_37,3,classification,o suspeito,Per,0.95
qwen3_14b,portuguese,participants,cls_def_exp,temp0.3_nodelim_norole_nocot,lusa_37,3,classification,um homem de 47 anos,Per,0.95
qwen3_14b,portuguese,participants,cls_def_exp,temp0.3_nodelim_norole_nocot,lusa_37,3,classification,a vítima,Per,0.95
qwen3_14b,portuguese,participants,cls_def_exp,temp0.3_nodelim_norole_nocot,lusa_37,3,classification,sua ex-companheira,Per,0.95
qwen3_14b,portuguese,participants,cls_def_exp,temp0.3_nodelim_norole_nocot,lusa_37,3,classification,arma de fogo,Obj,0.9
qwen3_14b,portuguese,participants,cls_def_exp,temp0.3_nodelim_norole_nocot,lusa_37,3,classification,álcool,Other,0.7
qwen3_14b,portuguese,participants,sent_def_exp,temp0.3_nodelim_norole_nocot,lusa_37,4,detection,,yes,0.95
qwen3_14b,portuguese,participants,ext_def_exp,temp0.3_nodelim_norole_nocot,lusa_37,4,extraction,a GNR,,0.95
qwen3_14b,portuguese,participants,ext_def_exp,temp0.3_nodelim_norole_nocot,lusa_37,4,extraction,três carabinas de ar comprimido,,0.8
qwen3_14b,portuguese,participants,ext_def_exp,temp0.3_nodelim_norole_nocot,lusa_37,4,extraction,uma caçadeira,,0.8
qwen3_14b,portuguese,participants,ext_def_exp,temp0.3_nodelim_norole_nocot,lusa_37,4,extraction,uma reprodução de arma de fogo,,0.8
qwen3_14b,portuguese,participants,ext_def_exp,temp0.3_nodelim_norole_nocot,lusa_37,4,extraction,uma pistola de ar comprimido,,0.8
qwen3_14b,portuguese,participants,ext_def_exp,temp0.3_nodelim_norole_nocot,lusa_37,4,extraction,uma faca de ponta e mola,,0.8
qwen3_14b,portuguese,participants,ext_def_exp,temp0.3_nodelim_norole_nocot,lusa_37,4,extraction,diversas munições de diferentes calibres,,0.8
qwen3_14b,portuguese,participants,cls_def_exp,temp0.3_nodelim_norole_nocot,lusa_37,4,classification,a GNR,Org,0.95
qwen3_14b,portuguese,participants,cls_def_exp,temp0.3_nodelim_norole_nocot,lusa_37,4,classification,três carabinas de ar comprimido,Obj,0.9
qwen3_14b,portuguese,participants,cls_def_exp,temp0.3_nodelim_norole_nocot,lusa_37,4,classification,uma caçadeira,Obj,0.9
qwen3_14b,portuguese,participants,cls_def_exp,temp0.3_nodelim_norole_nocot,lusa_37,4,classification,uma reprodução de arma de fogo,Obj,0.9
qwen3_14b,portuguese,participants,cls_def_exp,temp0.3_nodelim_norole_nocot,lusa_37,4,classification,uma pistola de ar comprimido,Obj,0.9
qwen3_14b,portuguese,participants,cls_def_exp,temp0.3_nodelim_norole_nocot,lusa_37,4,classification,uma faca de ponta e mola,Obj,0.9
qwen3_14b,portuguese,participants,cls_def_exp,temp0.3_nodelim_norole_nocot,lusa_37,4,classification,diversas munições de diferentes calibres,Obj,0.9
qwen3_14b,portuguese,participants,sent_def_exp,temp0.3_nodelim_norole_nocot,lusa_37,5,detection,,yes,0.95
qwen3_14b,portuguese,participants,ext_def_exp,temp0.3_nodelim_norole_nocot,lusa_37,5,extraction,O suspeito,,0.9
qwen3_14b,portuguese,participants,ext_def_exp,temp0.3_nodelim_norole_nocot,lusa_37,5,extraction,os factos,,0.8
qwen3_14b,portuguese,participants,ext_def_exp,temp0.3_nodelim_norole_nocot,lusa_37,5,extraction,Tribunal Judicial da Covilhã,,0.9
qwen3_14b,portuguese,participants,ext_def_exp,temp0.3_nodelim_norole_nocot,lusa_37,5,extraction,o Tribunal Judicial da Covilhã,,0.9
qwen3_14b,portuguese,participants,cls_def_exp,temp0.3_nodelim_norole_nocot,lusa_37,5,classification,O suspeito,Per,0.95
qwen3_14b,portuguese,participants,cls_def_exp,temp0.3_nodelim_norole_nocot,lusa_37,5,classification,os factos,Other,0.7
qwen3_14b,portuguese,participants,cls_def_exp,temp0.3_nodelim_norole_nocot,lusa_37,5,classification,Tribunal Judicial da Covilhã,Org,0.95
qwen3_14b,portuguese,participants,cls_def_exp,temp0.3_nodelim_norole_nocot,lusa_37,5,classification,o Tribunal Judicial da Covilhã,Org,0.95
qwen3_14b,portuguese,participants,sent_def_exp,temp0.3_nodelim_norole_nocot,lusa_39,1,detection,,yes,0.95
qwen3_14b,portuguese,participants,ext_def_exp,temp0.3_nodelim_norole_nocot,lusa_39,1,extraction,Dois homens,,0.95
qwen3_14b,portuguese,participants,ext_def_exp,temp0.3_nodelim_norole_nocot,lusa_39,1,extraction,A confeitaria,,0.9
qwen3_14b,portuguese,participants,ext_def_exp,temp0.3_nodelim_norole_nocot,lusa_39,1,extraction,Santa Maria da Feira,,0.8
qwen3_14b,portuguese,participants,ext_def_exp,temp0.3_nodelim_norole_nocot,lusa_39,1,extraction,Autoridades,,0.9
qwen3_14b,portuguese,participants,ext_def_exp,temp0.3_nodelim_norole_nocot,lusa_39,1,extraction,Fonte oficial da GNR,,0.9
qwen3_14b,portuguese,participants,ext_def_exp,temp0.3_nodelim_norole_nocot,lusa_39,1,extraction,GNR,,0.9
qwen3_14b,portuguese,participants,ext_def_exp,temp0.3_nodelim_norole_nocot,lusa_39,1,extraction,um dos dois envolvidos,,0.85
qwen3_14b,portuguese,participants,cls_def_exp,temp0.3_nodelim_norole_nocot,lusa_39,1,classification,Dois homens,Per,0.95
qwen3_14b,portuguese,participants,cls_def_exp,temp0.3_nodelim_norole_nocot,lusa_39,1,classification,A confeitaria,Fac,0.9
qwen3_14b,portuguese,participants,cls_def_exp,temp0.3_nodelim_norole_nocot,lusa_39,1,classification,Santa Maria da Feira,Pl_civil,0.95
qwen3_14b,portuguese,participants,cls_def_exp,temp0.3_nodelim_norole_nocot,lusa_39,1,classification,Autoridades,Org,0.75
qwen3_14b,portuguese,participants,cls_def_exp,temp0.3_nodelim_norole_nocot,lusa_39,1,classification,Fonte oficial da GNR,Per,0.9
qwen3_14b,portuguese,participants,cls_def_exp,temp0.3_nodelim_norole_nocot,lusa_39,1,classification,GNR,Org,0.95
qwen3_14b,portuguese,participants,cls_def_exp,temp0.3_nodelim_norole_nocot,lusa_39,1,classification,um dos dois envolvidos,Per,0.95
qwen3_14b,portuguese,participants,sent_def_exp,temp0.3_nodelim_norole_nocot,lusa_39,2,detection,,yes,0.95
qwen3_14b,portuguese,participants,ext_def_exp,temp0.3_nodelim_norole_nocot,lusa_39,2,extraction,confeitaria,,0.9
qwen3_14b,portuguese,participants,ext_def_exp,temp0.3_nodelim_norole_nocot,lusa_39,2,extraction,Milheirós de Poiares,,0.8
qwen3_14b,portuguese,participants,ext_def_exp,temp0.3_nodelim_norole_nocot,lusa_39,2,extraction,Santa Maria da Feria,,0.8
qwen3_14b,portuguese,participants,ext_def_exp,temp0.3_nodelim_norole_nocot,lusa_39,2,extraction,distrito de Aveiro,,0.8
qwen3_14b,portuguese,participants,ext_def_exp,temp0.3_nodelim_norole_nocot,lusa_39,2,extraction,os envolvidos,,0.95
qwen3_14b,portuguese,participants,cls_def_exp,temp0.3_nodelim_norole_nocot,lusa_39,2,classification,confeitaria,Fac,0.9
qwen3_14b,portuguese,participants,cls_def_exp,temp0.3_nodelim_norole_nocot,lusa_39,2,classification,Milheirós de Poiares,Pl_civil,0.95
qwen3_14b,portuguese,participants,cls_def_exp,temp0.3_nodelim_norole_nocot,lusa_39,2,classification,Santa Maria da Feria,Pl_civil,0.95
qwen3_14b,portuguese,participants,cls_def_exp,temp0.3_nodelim_norole_nocot,lusa_39,2,classification,distrito de Aveiro,Pl_state,0.9
qwen3_14b,portuguese,participants,cls_def_exp,temp0.3_nodelim_norole_nocot,lusa_39,2,classification,os envolvidos,Per,0.95
qwen3_14b,portuguese,participants,sent_def_exp,temp0.3_nodelim_norole_nocot,lusa_39,3,detection,,no,0.65
qwen3_14b,portuguese,participants,sent_def_exp,temp0.3_nodelim_norole_nocot,lusa_39,4,detection,,yes,0.95
qwen3_14b,portuguese,participants,ext_def_exp,temp0.3_nodelim_norole_nocot,lusa_39,4,extraction,Um dos assaltantes,,0.95
qwen3_14b,portuguese,participants,ext_def_exp,temp0.3_nodelim_norole_nocot,lusa_39,4,extraction,o outro,,0.95
qwen3_14b,portuguese,participants,ext_def_exp,temp0.3_nodelim_norole_nocot,lusa_39,4,extraction,Milheirós de Poiares,,0.9
qwen3_14b,portuguese,participants,cls_def_exp,temp0.3_nodelim_norole_nocot,lusa_39,4,classification,Um dos assaltantes,Per,0.95
qwen3_14b,portuguese,participants,cls_def_exp,temp0.3_nodelim_norole_nocot,lusa_39,4,classification,o outro,Per,0.9
qwen3_14b,portuguese,participants,cls_def_exp,temp0.3_nodelim_norole_nocot,lusa_39,4,classification,Milheirós de Poiares,Pl_civil,0.95
qwen3_14b,portuguese,participants,sent_def_exp,temp0.3_nodelim_norole_nocot,lusa_39,5,detection,,yes,0.95
qwen3_14b,portuguese,participants,ext_def_exp,temp0.3_nodelim_norole_nocot,lusa_39,5,extraction,homem,,0.95
qwen3_14b,portuguese,participants,ext_def_exp,temp0.3_nodelim_norole_nocot,lusa_39,5,extraction,meios do dispositivo territorial da GNR,,0.85
qwen3_14b,portuguese,participants,ext_def_exp,temp0.3_nodelim_norole_nocot,lusa_39,5,extraction,Destacamento de Intervenção daquela força policial,,0.9
qwen3_14b,portuguese,participants,ext_def_exp,temp0.3_nodelim_norole_nocot,lusa_39,5,extraction,GNR,,0.9
qwen3_14b,portuguese,participants,ext_def_exp,temp0.3_nodelim_norole_nocot,lusa_39,5,extraction,força policial,,0.8
qwen3_14b,portuguese,participants,ext_def_exp,temp0.3_nodelim_norole_nocot,lusa_39,5,extraction,dispositivo territorial da GNR,,0.8
qwen3_14b,portuguese,participants,cls_def_exp,temp0.3_nodelim_norole_nocot,lusa_39,5,classification,homem,Per,0.95
qwen3_14b,portuguese,participants,cls_def_exp,temp0.3_nodelim_norole_nocot,lusa_39,5,classification,meios do dispositivo territorial da GNR,Obj,0.85
qwen3_14b,portuguese,participants,cls_def_exp,temp0.3_nodelim_norole_nocot,lusa_39,5,classification,Destacamento de Intervenção daquela força policial,Org,0.9
qwen3_14b,portuguese,participants,cls_def_exp,temp0.3_nodelim_norole_nocot,lusa_39,5,classification,GNR,Org,0.95
qwen3_14b,portuguese,participants,cls_def_exp,temp0.3_nodelim_norole_nocot,lusa_39,5,classification,força policial,Org,0.9
qwen3_14b,portuguese,participants,cls_def_exp,temp0.3_nodelim_norole_nocot,lusa_39,5,classification,dispositivo territorial da GNR,Org,0.85
qwen3_14b,portuguese,participants,sent_def_exp,temp0.3_nodelim_norole_nocot,lusa_40,1,detection,,yes,0.95
qwen3_14b,portuguese,participants,ext_def_exp,temp0.3_nodelim_norole_nocot,lusa_40,1,extraction,A Unidade de Controlo Costeiro,,0.95
qwen3_14b,portuguese,participants,ext_def_exp,temp0.3_nodelim_norole_nocot,lusa_40,1,extraction,rio Guadiana,,0.8
qwen3_14b,portuguese,participants,ext_def_exp,temp0.3_nodelim_norole_nocot,lusa_40,1,extraction,Algarve,,0.8
qwen3_14b,portuguese,participants,ext_def_exp,temp0.3_nodelim_norole_nocot,lusa_40,1,extraction,quase quatro toneladas de haxixe,,0.75
qwen3_14b,portuguese,participants,ext_def_exp,temp0.3_nodelim_norole_nocot,lusa_40,1,extraction,uma embarcação de alta velocidade,,0.75
qwen3_14b,portuguese,participants,ext_def_exp,temp0.3_nodelim_norole_nocot,lusa_40,1,extraction,a GNR,,0.9
qwen3_14b,portuguese,participants,cls_def_exp,temp0.3_nodelim_norole_nocot,lusa_40,1,classification,A Unidade de Controlo Costeiro,Org,0.9
qwen3_14b,portuguese,participants,cls_def_exp,temp0.3_nodelim_norole_nocot,lusa_40,1,classification,rio Guadiana,Pl_water,0.95
qwen3_14b,portuguese,participants,cls_def_exp,temp0.3_nodelim_norole_nocot,lusa_40,1,classification,Algarve,Pl_civil,0.9
qwen3_14b,portuguese,participants,cls_def_exp,temp0.3_nodelim_norole_nocot,lusa_40,1,classification,quase quatro toneladas de haxixe,Other,0.7
qwen3_14b,portuguese,participants,cls_def_exp,temp0.3_nodelim_norole_nocot,lusa_40,1,classification,uma embarcação de alta velocidade,Veh,0.95
qwen3_14b,portuguese,participants,cls_def_exp,temp0.3_nodelim_norole_nocot,lusa_40,1,classification,a GNR,Org,0.95
qwen3_14b,portuguese,participants,sent_def_exp,temp0.3_nodelim_norole_nocot,lusa_40,2,detection,,yes,0.95
qwen3_14b,portuguese,participants,ext_def_exp,temp0.3_nodelim_norole_nocot,lusa_40,2,extraction,GNR,,0.95
qwen3_14b,portuguese,participants,ext_def_exp,temp0.3_nodelim_norole_nocot,lusa_40,2,extraction,115 fardos de haxixe,,0.9
qwen3_14b,portuguese,participants,ext_def_exp,temp0.3_nodelim_norole_nocot,lusa_40,2,extraction,3.785 quilos,,0.8
qwen3_14b,portuguese,participants,ext_def_exp,temp0.3_nodelim_norole_nocot,lusa_40,2,extraction,embarcação de alta velocidade,,0.9
qwen3_14b,portuguese,participants,ext_def_exp,temp0.3_nodelim_norole_nocot,lusa_40,2,extraction,rio Guadiana,,0.85
qwen3_14b,portuguese,participants,ext_def_exp,temp0.3_nodelim_norole_nocot,lusa_40,2,extraction,Foz de Odeleite,,0.85
qwen3_14b,portuguese,participants,cls_def_exp,temp0.3_nodelim_norole_nocot,lusa_40,2,classification,GNR,Org,0.95
qwen3_14b,portuguese,participants,cls_def_exp,temp0.3_nodelim_norole_nocot,lusa_40,2,classification,115 fardos de haxixe,Obj,0.9
qwen3_14b,portuguese,participants,cls_def_exp,temp0.3_nodelim_norole_nocot,lusa_40,2,classification,3.785 quilos,Other,0.6
qwen3_14b,portuguese,participants,cls_def_exp,temp0.3_nodelim_norole_nocot,lusa_40,2,classification,embarcação de alta velocidade,Veh,0.95
qwen3_14b,portuguese,participants,cls_def_exp,temp0.3_nodelim_norole_nocot,lusa_40,2,classification,rio Guadiana,Pl_water,0.9
qwen3_14b,portuguese,participants,cls_def_exp,temp0.3_nodelim_norole_nocot,lusa_40,2,classification,Foz de Odeleite,Pl_region,0.85
qwen3_14b,portuguese,participants,sent_def_exp,temp0.3_nodelim_norole_nocot,lusa_40,3,detection,,yes,0.95
qwen3_14b,portuguese,participants,ext_def_exp,temp0.3_nodelim_norole_nocot,lusa_40,3,extraction,Os militares da GNR,,0.95
qwen3_14b,portuguese,participants,ext_def_exp,temp0.3_nodelim_norole_nocot,lusa_40,3,extraction,os suspeitos,,0.95
qwen3_14b,portuguese,participants,ext_def_exp,temp0.3_nodelim_norole_nocot,lusa_40,3,extraction,território espanhol,,0.8
qwen3_14b,portuguese,participants,ext_def_exp,temp0.3_nodelim_norole_nocot,lusa_40,3,extraction,autoridades policiais espanholas,,0.95
qwen3_14b,portuguese,participants,cls_def_exp,temp0.3_nodelim_norole_nocot,lusa_40,3,classification,Os militares da GNR,Org,0.95
qwen3_14b,portuguese,participants,cls_def_exp,temp0.3_nodelim_norole_nocot,lusa_40,3,classification,os suspeitos,Per,0.9
qwen3_14b,portuguese,participants,cls_def_exp,temp0.3_nodelim_norole_nocot,lusa_40,3,classification,território espanhol,Pl_country,0.8
qwen3_14b,portuguese,participants,cls_def_exp,temp0.3_nodelim_norole_nocot,lusa_40,3,classification,autoridades policiais espanholas,Org,0.95
qwen3_14b,portuguese,participants,sent_def_exp,temp0.3_nodelim_norole_nocot,lusa_40,4,detection,,yes,0.95
qwen3_14b,portuguese,participants,ext_def_exp,temp0.3_nodelim_norole_nocot,lusa_40,4,extraction,a GNR,,0.95
qwen3_14b,portuguese,participants,ext_def_exp,temp0.3_nodelim_norole_nocot,lusa_40,4,extraction,a embarcação,,0.9
qwen3_14b,portuguese,participants,ext_def_exp,temp0.3_nodelim_norole_nocot,lusa_40,4,extraction,"Sistema Integrado de Vigilância, Comando e Controlo (SIVICC)",,0.95
qwen3_14b,portuguese,participants,ext_def_exp,temp0.3_nodelim_norole_nocot,lusa_40,4,extraction,ação de vigilância e patrulhamento da costa,,0.8
qwen3_14b,portuguese,participants,ext_def_exp,temp0.3_nodelim_norole_nocot,lusa_40,4,extraction,a costa,,0.7
qwen3_14b,portuguese,participants,cls_def_exp,temp0.3_nodelim_norole_nocot,lusa_40,4,classification,a GNR,Org,0.95
qwen3_14b,portuguese,participants,cls_def_exp,temp0.3_nodelim_norole_nocot,lusa_40,4,classification,a embarcação,Obj,0.9
qwen3_14b,portuguese,participants,cls_def_exp,temp0.3_nodelim_norole_nocot,lusa_40,4,classification,"Sistema Integrado de Vigilância, Comando e Controlo (SIVICC)",Fac,0.85
qwen3_14b,portuguese,participants,cls_def_exp,temp0.3_nodelim_norole_nocot,lusa_40,4,classification,ação de vigilância e patrulhamento da costa,Other,0.7
qwen3_14b,portuguese,participants,cls_def_exp,temp0.3_nodelim_norole_nocot,lusa_40,4,classification,a costa,Pl_region,0.85
qwen3_14b,portuguese,participants,sent_def_exp,temp0.3_nodelim_norole_nocot,lusa_40,5,detection,,yes,0.95
qwen3_14b,portuguese,participants,ext_def_exp,temp0.3_nodelim_norole_nocot,lusa_40,5,extraction,Polícia Judiciária (PJ),,1.0
qwen3_14b,portuguese,participants,cls_def_exp,temp0.3_nodelim_norole_nocot,lusa_40,5,classification,Polícia Judiciária (PJ),Org,0.98
qwen3_14b,portuguese,participants,sent_def_exp,temp0.3_nodelim_norole_nocot,lusa_41,1,detection,,yes,0.95
qwen3_14b,portuguese,participants,ext_def_exp,temp0.3_nodelim_norole_nocot,lusa_41,1,extraction,A GNR,,0.95
qwen3_14b,portuguese,participants,ext_def_exp,temp0.3_nodelim_norole_nocot,lusa_41,1,extraction,"um homem, de 59 anos",,0.9
qwen3_14b,portuguese,participants,ext_def_exp,temp0.3_nodelim_norole_nocot,lusa_41,1,extraction,"seu pai, de 89 anos",,0.9
qwen3_14b,portuguese,participants,ext_def_exp,temp0.3_nodelim_norole_nocot,lusa_41,1,extraction,concelho da Maia,,0.85
qwen3_14b,portuguese,participants,ext_def_exp,temp0.3_nodelim_norole_nocot,lusa_41,1,extraction,distrito do Porto,,0.85
qwen3_14b,portuguese,participants,cls_def_exp,temp0.3_nodelim_norole_nocot,lusa_41,1,classification,A GNR,Org,0.95
qwen3_14b,portuguese,participants,cls_def_exp,temp0.3_nodelim_norole_nocot,lusa_41,1,classification,"um homem, de 59 anos",Per,0.9
qwen3_14b,portuguese,participants,cls_def_exp,temp0.3_nodelim_norole_nocot,lusa_41,1,classification,"seu pai, de 89 anos",Per,0.9
qwen3_14b,portuguese,participants,cls_def_exp,temp0.3_nodelim_norole_nocot,lusa_41,1,classification,concelho da Maia,Pl_civil,0.85
qwen3_14b,portuguese,participants,cls_def_exp,temp0.3_nodelim_norole_nocot,lusa_41,1,classification,distrito do Porto,Pl_state,0.85
qwen3_14b,portuguese,participants,sent_def_exp,temp0.3_nodelim_norole_nocot,lusa_41,2,detection,,yes,0.95
qwen3_14b,portuguese,participants,ext_def_exp,temp0.3_nodelim_norole_nocot,lusa_41,2,extraction,a GNR,,0.95
qwen3_14b,portuguese,participants,ext_def_exp,temp0.3_nodelim_norole_nocot,lusa_41,2,extraction,o agressor,,0.95
qwen3_14b,portuguese,participants,ext_def_exp,temp0.3_nodelim_norole_nocot,lusa_41,2,extraction,a vítima,,0.95
qwen3_14b,portuguese,participants,ext_def_exp,temp0.3_nodelim_norole_nocot,lusa_41,2,extraction,seu pai,,0.95
qwen3_14b,portuguese,participants,cls_def_exp,temp0.3_nodelim_norole_nocot,lusa_41,2,classification,a GNR,Org,0.95
qwen3_14b,portuguese,participants,cls_def_exp,temp0.3_nodelim_norole_nocot,lusa_41,2,classification,o agressor,Per,0.9
qwen3_14b,portuguese,participants,cls_def_exp,temp0.3_nodelim_norole_nocot,lusa_41,2,classification,a vítima,Per,0.95
qwen3_14b,portuguese,participants,cls_def_exp,temp0.3_nodelim_norole_nocot,lusa_41,2,classification,seu pai,Per,0.9
qwen3_14b,portuguese,participants,sent_def_exp,temp0.3_nodelim_norole_nocot,lusa_41,3,detection,,yes,0.95
qwen3_14b,portuguese,participants,ext_def_exp,temp0.3_nodelim_norole_nocot,lusa_41,3,extraction,mandado de detenção,,0.95
qwen3_14b,portuguese,participants,ext_def_exp,temp0.3_nodelim_norole_nocot,lusa_41,3,extraction,militares da GNR,,0.95
qwen3_14b,portuguese,participants,ext_def_exp,temp0.3_nodelim_norole_nocot,lusa_41,3,extraction,Posto Territorial da Maia,,0.95
qwen3_14b,portuguese,participants,cls_def_exp,temp0.3_nodelim_norole_nocot,lusa_41,3,classification,mandado de detenção,Obj,0.95
qwen3_14b,portuguese,participants,cls_def_exp,temp0.3_nodelim_norole_nocot,lusa_41,3,classification,militares da GNR,Per,0.9
qwen3_14b,portuguese,participants,cls_def_exp,temp0.3_nodelim_norole_nocot,lusa_41,3,classification,Posto Territorial da Maia,Fac,0.95
qwen3_14b,portuguese,participants,sent_def_exp,temp0.3_nodelim_norole_nocot,lusa_41,4,detection,,yes,0.95
qwen3_14b,portuguese,participants,ext_def_exp,temp0.3_nodelim_norole_nocot,lusa_41,4,extraction,O detido,,0.95
qwen3_14b,portuguese,participants,ext_def_exp,temp0.3_nodelim_norole_nocot,lusa_41,4,extraction,Tribunal de Instrução Criminal de Matosinhos,,0.9
qwen3_14b,portuguese,participants,cls_def_exp,temp0.3_nodelim_norole_nocot,lusa_41,4,classification,O detido,Per,0.95
qwen3_14b,portuguese,participants,cls_def_exp,temp0.3_nodelim_norole_nocot,lusa_41,4,classification,Tribunal de Instrução Criminal de Matosinhos,Org,0.95
qwen3_14b,portuguese,participants,sent_def_exp,temp0.3_nodelim_norole_nocot,lusa_42,1,detection,,yes,0.95
qwen3_14b,portuguese,participants,ext_def_exp,temp0.3_nodelim_norole_nocot,lusa_42,1,extraction,GNR,,1.0
qwen3_14b,portuguese,participants,ext_def_exp,temp0.3_nodelim_norole_nocot,lusa_42,1,extraction,a idosa de 81 anos,,1.0
qwen3_14b,portuguese,participants,ext_def_exp,temp0.3_nodelim_norole_nocot,lusa_42,1,extraction,fonte,,1.0
qwen3_14b,portuguese,participants,ext_def_exp,temp0.3_nodelim_norole_nocot,lusa_42,1,extraction,Sabroso,,1.0
qwen3_14b,portuguese,participants,ext_def_exp,temp0.3_nodelim_norole_nocot,lusa_42,1,extraction,concelho de Vila Real,,1.0
qwen3_14b,portuguese,participants,ext_def_exp,temp0.3_nodelim_norole_nocot,lusa_42,1,extraction,Vila Real,,1.0
qwen3_14b,portuguese,participants,cls_def_exp,temp0.3_nodelim_norole_nocot,lusa_42,1,classification,GNR,Org,0.95
qwen3_14b,portuguese,participants,cls_def_exp,temp0.3_nodelim_norole_nocot,lusa_42,1,classification,a idosa de 81 anos,Per,0.95
qwen3_14b,portuguese,participants,cls_def_exp,temp0.3_nodelim_norole_nocot,lusa_42,1,classification,fonte,Per,0.85
qwen3_14b,portuguese,participants,cls_def_exp,temp0.3_nodelim_norole_nocot,lusa_42,1,classification,Sabroso,Pl_civil,0.9
qwen3_14b,portuguese,participants,cls_def_exp,temp0.3_nodelim_norole_nocot,lusa_42,1,classification,concelho de Vila Real,Pl_civil,0.95
qwen3_14b,portuguese,participants,cls_def_exp,temp0.3_nodelim_norole_nocot,lusa_42,1,classification,Vila Real,Pl_civil,0.9
qwen3_14b,portuguese,participants,sent_def_exp,temp0.3_nodelim_norole_nocot,lusa_42,2,detection,,yes,0.95
qwen3_14b,portuguese,participants,ext_def_exp,temp0.3_nodelim_norole_nocot,lusa_42,2,extraction,A octogenária,,0.95
qwen3_14b,portuguese,participants,ext_def_exp,temp0.3_nodelim_norole_nocot,lusa_42,2,extraction,a octogenária,,0.9
qwen3_14b,portuguese,participants,ext_def_exp,temp0.3_nodelim_norole_nocot,lusa_42,2,extraction,um cão,,0.85
qwen3_14b,portuguese,participants,ext_def_exp,temp0.3_nodelim_norole_nocot,lusa_42,2,extraction,equipa cinotécnica da GNR,,0.9
qwen3_14b,portuguese,participants,ext_def_exp,temp0.3_nodelim_norole_nocot,lusa_42,2,extraction,GNR,,0.95
qwen3_14b,portuguese,participants,ext_def_exp,temp0.3_nodelim_norole_nocot,lusa_42,2,extraction,unidade de Vila Real,,0.8
qwen3_14b,portuguese,participants,ext_def_exp,temp0.3_nodelim_norole_nocot,lusa_42,2,extraction,Centro Hospitalar de Trás-os-Montes e Alto Douro,,0.95
qwen3_14b,portuguese,participants,cls_def_exp,temp0.3_nodelim_norole_nocot,lusa_42,2,classification,A octogenária,Per,0.95
qwen3_14b,portuguese,participants,cls_def_exp,temp0.3_nodelim_norole_nocot,lusa_42,2,classification,a octogenária,Per,0.95
qwen3_14b,portuguese,participants,cls_def_exp,temp0.3_nodelim_norole_nocot,lusa_42,2,classification,um cão,Nat,0.9
qwen3_14b,portuguese,participants,cls_def_exp,temp0.3_nodelim_norole_nocot,lusa_42,2,classification,equipa cinotécnica da GNR,Org,0.95
qwen3_14b,portuguese,participants,cls_def_exp,temp0.3_nodelim_norole_nocot,lusa_42,2,classification,GNR,Org,0.95
qwen3_14b,portuguese,participants,cls_def_exp,temp0.3_nodelim_norole_nocot,lusa_42,2,classification,unidade de Vila Real,Fac,0.85
qwen3_14b,portuguese,participants,cls_def_exp,temp0.3_nodelim_norole_nocot,lusa_42,2,classification,Centro Hospitalar de Trás-os-Montes e Alto Douro,Org,0.95
qwen3_14b,portuguese,participants,sent_def_exp,temp0.3_nodelim_norole_nocot,lusa_42,3,detection,,yes,0.95
qwen3_14b,portuguese,participants,ext_def_exp,temp0.3_nodelim_norole_nocot,lusa_42,3,extraction,idosa,,0.95
qwen3_14b,portuguese,participants,ext_def_exp,temp0.3_nodelim_norole_nocot,lusa_42,3,extraction,um familiar,,0.9
qwen3_14b,portuguese,participants,ext_def_exp,temp0.3_nodelim_norole_nocot,lusa_42,3,extraction,elementos da Unidade de Emergência de Proteção e Socorro (UEPS) da GNR,,0.95
qwen3_14b,portuguese,participants,ext_def_exp,temp0.3_nodelim_norole_nocot,lusa_42,3,extraction,GNR,,0.95
qwen3_14b,portuguese,participants,ext_def_exp,temp0.3_nodelim_norole_nocot,lusa_42,3,extraction,UEPS,,0.95
qwen3_14b,portuguese,participants,cls_def_exp,temp0.3_nodelim_norole_nocot,lusa_42,3,classification,idosa,Per,0.95
qwen3_14b,portuguese,participants,cls_def_exp,temp0.3_nodelim_norole_nocot,lusa_42,3,classification,um familiar,Per,0.9
qwen3_14b,portuguese,participants,cls_def_exp,temp0.3_nodelim_norole_nocot,lusa_42,3,classification,elementos da Unidade de Emergência de Proteção e Socorro (UEPS) da GNR,Per,0.95
qwen3_14b,portuguese,participants,cls_def_exp,temp0.3_nodelim_norole_nocot,lusa_42,3,classification,GNR,Org,0.98
qwen3_14b,portuguese,participants,cls_def_exp,temp0.3_nodelim_norole_nocot,lusa_42,3,classification,UEPS,Org,0.95
qwen3_14b,portuguese,participants,sent_def_exp,temp0.3_nodelim_norole_nocot,lusa_42,4,detection,,yes,0.95
qwen3_14b,portuguese,participants,ext_def_exp,temp0.3_nodelim_norole_nocot,lusa_42,4,extraction,GNR,,0.9
qwen3_14b,portuguese,participants,ext_def_exp,temp0.3_nodelim_norole_nocot,lusa_42,4,extraction,bombeiros,,0.9
qwen3_14b,portuguese,participants,ext_def_exp,temp0.3_nodelim_norole_nocot,lusa_42,4,extraction,a mulher,,0.9
qwen3_14b,portuguese,participants,cls_def_exp,temp0.3_nodelim_norole_nocot,lusa_42,4,classification,GNR,Org,0.95
qwen3_14b,portuguese,participants,cls_def_exp,temp0.3_nodelim_norole_nocot,lusa_42,4,classification,bombeiros,Org,0.95
qwen3_14b,portuguese,participants,cls_def_exp,temp0.3_nodelim_norole_nocot,lusa_42,4,classification,a mulher,Per,0.95
qwen3_14b,portuguese,participants,sent_def_exp,temp0.3_nodelim_norole_nocot,lusa_42,5,detection,,yes,0.95
qwen3_14b,portuguese,participants,ext_def_exp,temp0.3_nodelim_norole_nocot,lusa_42,5,extraction,Autoridade Nacional de Emergência e Proteção Civil,,0.95
qwen3_14b,portuguese,participants,ext_def_exp,temp0.3_nodelim_norole_nocot,lusa_42,5,extraction,29 operacionais,,0.85
qwen3_14b,portuguese,participants,ext_def_exp,temp0.3_nodelim_norole_nocot,lusa_42,5,extraction,nove viaturas,,0.8
qwen3_14b,portuguese,participants,cls_def_exp,temp0.3_nodelim_norole_nocot,lusa_42,5,classification,Autoridade Nacional de Emergência e Proteção Civil,Org,0.95
qwen3_14b,portuguese,participants,cls_def_exp,temp0.3_nodelim_norole_nocot,lusa_42,5,classification,29 operacionais,Per,0.9
qwen3_14b,portuguese,participants,cls_def_exp,temp0.3_nodelim_norole_nocot,lusa_42,5,classification,nove viaturas,Veh,0.95
qwen3_14b,portuguese,participants,sent_def_exp,temp0.3_nodelim_norole_nocot,lusa_43,1,detection,,yes,0.95
qwen3_14b,portuguese,participants,ext_def_exp,temp0.3_nodelim_norole_nocot,lusa_43,1,extraction,Um homem de 50 anos,,0.95
qwen3_14b,portuguese,participants,ext_def_exp,temp0.3_nodelim_norole_nocot,lusa_43,1,extraction,a mãe de 73 anos,,0.95
qwen3_14b,portuguese,participants,ext_def_exp,temp0.3_nodelim_norole_nocot,lusa_43,1,extraction,Gondomar,,0.85
qwen3_14b,portuguese,participants,ext_def_exp,temp0.3_nodelim_norole_nocot,lusa_43,1,extraction,distrito do Porto,,0.85
qwen3_14b,portuguese,participants,ext_def_exp,temp0.3_nodelim_norole_nocot,lusa_43,1,extraction,a GNR,,0.9
qwen3_14b,portuguese,participants,cls_def_exp,temp0.3_nodelim_norole_nocot,lusa_43,1,classification,Um homem de 50 anos,Per,0.95
qwen3_14b,portuguese,participants,cls_def_exp,temp0.3_nodelim_norole_nocot,lusa_43,1,classification,a mãe de 73 anos,Per,0.95
qwen3_14b,portuguese,participants,cls_def_exp,temp0.3_nodelim_norole_nocot,lusa_43,1,classification,Gondomar,Pl_civil,0.9
qwen3_14b,portuguese,participants,cls_def_exp,temp0.3_nodelim_norole_nocot,lusa_43,1,classification,distrito do Porto,Pl_state,0.95
qwen3_14b,portuguese,participants,cls_def_exp,temp0.3_nodelim_norole_nocot,lusa_43,1,classification,a GNR,Org,0.98
qwen3_14b,portuguese,participants,sent_def_exp,temp0.3_nodelim_norole_nocot,lusa_43,2,detection,,yes,0.95
qwen3_14b,portuguese,participants,ext_def_exp,temp0.3_nodelim_norole_nocot,lusa_43,2,extraction,os militares,,0.9
qwen3_14b,portuguese,participants,ext_def_exp,temp0.3_nodelim_norole_nocot,lusa_43,2,extraction,o suspeito,,0.9
qwen3_14b,portuguese,participants,ext_def_exp,temp0.3_nodelim_norole_nocot,lusa_43,2,extraction,a mãe,,0.9
qwen3_14b,portuguese,participants,ext_def_exp,temp0.3_nodelim_norole_nocot,lusa_43,2,extraction,esta força policial,,0.9
qwen3_14b,portuguese,participants,ext_def_exp,temp0.3_nodelim_norole_nocot,lusa_43,2,extraction,armas brancas,,0.7
qwen3_14b,portuguese,participants,cls_def_exp,temp0.3_nodelim_norole_nocot,lusa_43,2,classification,os militares,Per,0.95
qwen3_14b,portuguese,participants,cls_def_exp,temp0.3_nodelim_norole_nocot,lusa_43,2,classification,o suspeito,Per,0.95
qwen3_14b,portuguese,participants,cls_def_exp,temp0.3_nodelim_norole_nocot,lusa_43,2,classification,a mãe,Per,0.95
qwen3_14b,portuguese,participants,cls_def_exp,temp0.3_nodelim_norole_nocot,lusa_43,2,classification,esta força policial,Org,0.9
qwen3_14b,portuguese,participants,cls_def_exp,temp0.3_nodelim_norole_nocot,lusa_43,2,classification,armas brancas,Obj,0.95
qwen3_14b,portuguese,participants,sent_def_exp,temp0.3_nodelim_norole_nocot,lusa_43,3,detection,,yes,0.95
qwen3_14b,portuguese,participants,ext_def_exp,temp0.3_nodelim_norole_nocot,lusa_43,3,extraction,a GNR,,1.0
qwen3_14b,portuguese,participants,ext_def_exp,temp0.3_nodelim_norole_nocot,lusa_43,3,extraction,duas armas brancas,,1.0
qwen3_14b,portuguese,participants,cls_def_exp,temp0.3_nodelim_norole_nocot,lusa_43,3,classification,a GNR,Org,0.95
qwen3_14b,portuguese,participants,cls_def_exp,temp0.3_nodelim_norole_nocot,lusa_43,3,classification,duas armas brancas,Obj,0.95
qwen3_14b,portuguese,participants,sent_def_exp,temp0.3_nodelim_norole_nocot,lusa_43,4,detection,,yes,0.95
qwen3_14b,portuguese,participants,ext_def_exp,temp0.3_nodelim_norole_nocot,lusa_43,4,extraction,O suspeito,,1.0
qwen3_14b,portuguese,participants,ext_def_exp,temp0.3_nodelim_norole_nocot,lusa_43,4,extraction,Tribunal Judicial do Porto,,1.0
qwen3_14b,portuguese,participants,cls_def_exp,temp0.3_nodelim_norole_nocot,lusa_43,4,classification,O suspeito,Per,0.95
qwen3_14b,portuguese,participants,cls_def_exp,temp0.3_nodelim_norole_nocot,lusa_43,4,classification,Tribunal Judicial do Porto,Org,0.95
qwen3_14b,portuguese,participants,sent_def_exp,temp0.3_nodelim_norole_nocot,lusa_44,1,detection,,yes,0.95
qwen3_14b,portuguese,participants,ext_def_exp,temp0.3_nodelim_norole_nocot,lusa_44,1,extraction,A GNR de Leiria,,0.95
qwen3_14b,portuguese,participants,ext_def_exp,temp0.3_nodelim_norole_nocot,lusa_44,1,extraction,Leiria,,0.8
qwen3_14b,portuguese,participants,ext_def_exp,temp0.3_nodelim_norole_nocot,lusa_44,1,extraction,freguesia da Bidoeira de Cima,,0.9
qwen3_14b,portuguese,participants,ext_def_exp,temp0.3_nodelim_norole_nocot,lusa_44,1,extraction,concelho de Leiria,,0.8
qwen3_14b,portuguese,participants,ext_def_exp,temp0.3_nodelim_norole_nocot,lusa_44,1,extraction,efluentes suinícolas,,0.9
qwen3_14b,portuguese,participants,ext_def_exp,temp0.3_nodelim_norole_nocot,lusa_44,1,extraction,solo,,0.7
qwen3_14b,portuguese,participants,cls_def_exp,temp0.3_nodelim_norole_nocot,lusa_44,1,classification,A GNR de Leiria,Org,0.95
qwen3_14b,portuguese,participants,cls_def_exp,temp0.3_nodelim_norole_nocot,lusa_44,1,classification,Leiria,Pl_civil,0.9
qwen3_14b,portuguese,participants,cls_def_exp,temp0.3_nodelim_norole_nocot,lusa_44,1,classification,freguesia da Bidoeira de Cima,Pl_civil,0.95
qwen3_14b,portuguese,participants,cls_def_exp,temp0.3_nodelim_norole_nocot,lusa_44,1,classification,concelho de Leiria,Pl_civil,0.95
qwen3_14b,portuguese,participants,cls_def_exp,temp0.3_nodelim_norole_nocot,lusa_44,1,classification,efluentes suinícolas,Other,0.7
qwen3_14b,portuguese,participants,cls_def_exp,temp0.3_nodelim_norole_nocot,lusa_44,1,classification,solo,Nat,0.95
qwen3_14b,portuguese,participants,sent_def_exp,temp0.3_nodelim_norole_nocot,lusa_44,2,detection,,yes,0.95
qwen3_14b,portuguese,participants,ext_def_exp,temp0.3_nodelim_norole_nocot,lusa_44,2,extraction,O Comando Territorial da GNR,,0.9
qwen3_14b,portuguese,participants,ext_def_exp,temp0.3_nodelim_norole_nocot,lusa_44,2,extraction,Núcleo de Proteção Ambiental de Leiria,,0.9
qwen3_14b,portuguese,participants,ext_def_exp,temp0.3_nodelim_norole_nocot,lusa_44,2,extraction,uma exploração agropecuária,,0.8
qwen3_14b,portuguese,participants,cls_def_exp,temp0.3_nodelim_norole_nocot,lusa_44,2,classification,O Comando Territorial da GNR,Org,0.95
qwen3_14b,portuguese,participants,cls_def_exp,temp0.3_nodelim_norole_nocot,lusa_44,2,classification,Núcleo de Proteção Ambiental de Leiria,Org,0.9
qwen3_14b,portuguese,participants,cls_def_exp,temp0.3_nodelim_norole_nocot,lusa_44,2,classification,uma exploração agropecuária,Org,0.85
qwen3_14b,portuguese,participants,sent_def_exp,temp0.3_nodelim_norole_nocot,lusa_44,3,detection,,yes,0.95
qwen3_14b,portuguese,participants,ext_def_exp,temp0.3_nodelim_norole_nocot,lusa_44,3,extraction,Os militares da GNR,,0.95
qwen3_14b,portuguese,participants,ext_def_exp,temp0.3_nodelim_norole_nocot,lusa_44,3,extraction,GNR,,0.95
qwen3_14b,portuguese,participants,ext_def_exp,temp0.3_nodelim_norole_nocot,lusa_44,3,extraction,efluentes pecuários,,0.85
qwen3_14b,portuguese,participants,ext_def_exp,temp0.3_nodelim_norole_nocot,lusa_44,3,extraction,efluentes pecuários,,0.85
qwen3_14b,portuguese,participants,ext_def_exp,temp0.3_nodelim_norole_nocot,lusa_44,3,extraction,uma lagoa de armazenagem de efluentes pecuários,,0.8
qwen3_14b,portuguese,participants,ext_def_exp,temp0.3_nodelim_norole_nocot,lusa_44,3,extraction,nota de imprensa,,0.75
qwen3_14b,portuguese,participants,cls_def_exp,temp0.3_nodelim_norole_nocot,lusa_44,3,classification,Os militares da GNR,Per,0.9
qwen3_14b,portuguese,participants,cls_def_exp,temp0.3_nodelim_norole_nocot,lusa_44,3,classification,GNR,Org,0.95
qwen3_14b,portuguese,participants,cls_def_exp,temp0.3_nodelim_norole_nocot,lusa_44,3,classification,efluentes pecuários,Obj,0.7
qwen3_14b,portuguese,participants,cls_def_exp,temp0.3_nodelim_norole_nocot,lusa_44,3,classification,uma lagoa de armazenagem de efluentes pecuários,Fac,0.95
qwen3_14b,portuguese,participants,cls_def_exp,temp0.3_nodelim_norole_nocot,lusa_44,3,classification,nota de imprensa,Loc,0.8
qwen3_14b,portuguese,participants,sent_def_exp,temp0.3_nodelim_norole_nocot,lusa_44,4,detection,,no,0.65
qwen3_14b,portuguese,participants,sent_def_exp,temp0.3_nodelim_norole_nocot,lusa_45,1,detection,,yes,0.95
qwen3_14b,portuguese,participants,ext_def_exp,temp0.3_nodelim_norole_nocot,lusa_45,1,extraction,O Serviço de investigação Criminal (SIC),,0.95
qwen3_14b,portuguese,participants,ext_def_exp,temp0.3_nodelim_norole_nocot,lusa_45,1,extraction,SIC,,0.9
qwen3_14b,portuguese,participants,ext_def_exp,temp0.3_nodelim_norole_nocot,lusa_45,1,extraction,três crianças,,0.9
qwen3_14b,portuguese,participants,ext_def_exp,temp0.3_nodelim_norole_nocot,lusa_45,1,extraction,República Democrática do Congo (RDCongo),,0.95
qwen3_14b,portuguese,participants,ext_def_exp,temp0.3_nodelim_norole_nocot,lusa_45,1,extraction,Dundo,,0.85
qwen3_14b,portuguese,participants,ext_def_exp,temp0.3_nodelim_norole_nocot,lusa_45,1,extraction,Lunda Norte,,0.85
qwen3_14b,portuguese,participants,ext_def_exp,temp0.3_nodelim_norole_nocot,lusa_45,1,extraction,Angola,,0.85
qwen3_14b,portuguese,participants,ext_def_exp,temp0.3_nodelim_norole_nocot,lusa_45,1,extraction,as autoridades angolanas,,0.9
qwen3_14b,portuguese,participants,cls_def_exp,temp0.3_nodelim_norole_nocot,lusa_45,1,classification,O Serviço de investigação Criminal (SIC),Org,0.95
qwen3_14b,portuguese,participants,cls_def_exp,temp0.3_nodelim_norole_nocot,lusa_45,1,classification,SIC,Org,0.95
qwen3_14b,portuguese,participants,cls_def_exp,temp0.3_nodelim_norole_nocot,lusa_45,1,classification,três crianças,Per,0.95
qwen3_14b,portuguese,participants,cls_def_exp,temp0.3_nodelim_norole_nocot,lusa_45,1,classification,República Democrática do Congo (RDCongo),Pl_country,0.95
qwen3_14b,portuguese,participants,cls_def_exp,temp0.3_nodelim_norole_nocot,lusa_45,1,classification,Dundo,Pl_civil,0.9
qwen3_14b,portuguese,participants,cls_def_exp,temp0.3_nodelim_norole_nocot,lusa_45,1,classification,Lunda Norte,Pl_state,0.95
qwen3_14b,portuguese,participants,cls_def_exp,temp0.3_nodelim_norole_nocot,lusa_45,1,classification,Angola,Pl_country,0.95
qwen3_14b,portuguese,participants,cls_def_exp,temp0.3_nodelim_norole_nocot,lusa_45,1,classification,as autoridades angolanas,Org,0.95
qwen3_14b,portuguese,participants,sent_def_exp,temp0.3_nodelim_norole_nocot,lusa_45,2,detection,,yes,0.95
qwen3_14b,portuguese,participants,ext_def_exp,temp0.3_nodelim_norole_nocot,lusa_45,2,extraction,porta-voz do SIC na Lunda Norte,,0.9
qwen3_14b,portuguese,participants,ext_def_exp,temp0.3_nodelim_norole_nocot,lusa_45,2,extraction,Veríssimo Pandamari,,0.95
qwen3_14b,portuguese,participants,ext_def_exp,temp0.3_nodelim_norole_nocot,lusa_45,2,extraction,as crianças com 9 e 12 anos,,0.8
qwen3_14b,portuguese,participants,ext_def_exp,temp0.3_nodelim_norole_nocot,lusa_45,2,extraction,dois supostos traficantes,,0.7
qwen3_14b,portuguese,participants,ext_def_exp,temp0.3_nodelim_norole_nocot,lusa_45,2,extraction,os menores,,0.8
qwen3_14b,portuguese,participants,ext_def_exp,temp0.3_nodelim_norole_nocot,lusa_45,2,extraction,Luanda,,0.8
qwen3_14b,portuguese,participants,ext_def_exp,temp0.3_nodelim_norole_nocot,lusa_45,2,extraction,capital de Angola,,0.7
qwen3_14b,portuguese,participants,ext_def_exp,temp0.3_nodelim_norole_nocot,lusa_45,2,extraction,Angola,,0.7
qwen3_14b,portuguese,participants,ext_def_exp,temp0.3_nodelim_norole_nocot,lusa_45,2,extraction,SIC na Lunda Norte,,0.8
qwen3_14b,portuguese,participants,ext_def_exp,temp0.3_nodelim_norole_nocot,lusa_45,2,extraction,Lunda Norte,,0.7
qwen3_14b,portuguese,participants,cls_def_exp,temp0.3_nodelim_norole_nocot,lusa_45,2,classification,porta-voz do SIC na Lunda Norte,Per,0.95
qwen3_14b,portuguese,participants,cls_def_exp,temp0.3_nodelim_norole_nocot,lusa_45,2,classification,Veríssimo Pandamari,Per,0.99
qwen3_14b,portuguese,participants,cls_def_exp,temp0.3_nodelim_norole_nocot,lusa_45,2,classification,as crianças com 9 e 12 anos,Per,0.9
qwen3_14b,portuguese,participants,cls_def_exp,temp0.3_nodelim_norole_nocot,lusa_45,2,classification,dois supostos traficantes,Per,0.85
qwen3_14b,portuguese,participants,cls_def_exp,temp0.3_nodelim_norole_nocot,lusa_45,2,classification,os menores,Per,0.9
qwen3_14b,portuguese,participants,cls_def_exp,temp0.3_nodelim_norole_nocot,lusa_45,2,classification,Luanda,Pl_capital,0.95
qwen3_14b,portuguese,participants,cls_def_exp,temp0.3_nodelim_norole_nocot,lusa_45,2,classification,capital de Angola,Pl_capital,0.85
qwen3_14b,portuguese,participants,cls_def_exp,temp0.3_nodelim_norole_nocot,lusa_45,2,classification,Angola,Pl_country,0.95
qwen3_14b,portuguese,participants,cls_def_exp,temp0.3_nodelim_norole_nocot,lusa_45,2,classification,SIC na Lunda Norte,Org,0.9
qwen3_14b,portuguese,participants,cls_def_exp,temp0.3_nodelim_norole_nocot,lusa_45,2,classification,Lunda Norte,Pl_civil,0.85
qwen3_14b,portuguese,participants,sent_def_exp,temp0.3_nodelim_norole_nocot,lusa_45,3,detection,,yes,0.95
qwen3_14b,portuguese,participants,ext_def_exp,temp0.3_nodelim_norole_nocot,lusa_45,3,extraction,Veríssimo Pandamari,,0.95
qwen3_14b,portuguese,participants,ext_def_exp,temp0.3_nodelim_norole_nocot,lusa_45,3,extraction,Angop,,0.9
qwen3_14b,portuguese,participants,ext_def_exp,temp0.3_nodelim_norole_nocot,lusa_45,3,extraction,os homens,,0.7
qwen3_14b,portuguese,participants,ext_def_exp,temp0.3_nodelim_norole_nocot,lusa_45,3,extraction,populares,,0.8
qwen3_14b,portuguese,participants,cls_def_exp,temp0.3_nodelim_norole_nocot,lusa_45,3,classification,Veríssimo Pandamari,Per,0.95
qwen3_14b,portuguese,participants,cls_def_exp,temp0.3_nodelim_norole_nocot,lusa_45,3,classification,Angop,Org,0.95
qwen3_14b,portuguese,participants,cls_def_exp,temp0.3_nodelim_norole_nocot,lusa_45,3,classification,os homens,Per,0.85
qwen3_14b,portuguese,participants,cls_def_exp,temp0.3_nodelim_norole_nocot,lusa_45,3,classification,populares,Per,0.75
qwen3_14b,portuguese,participants,sent_def_exp,temp0.3_nodelim_norole_nocot,lusa_45,4,detection,,yes,0.75
qwen3_14b,portuguese,participants,ext_def_exp,temp0.3_nodelim_norole_nocot,lusa_45,4,extraction,menores,,1.0
qwen3_14b,portuguese,participants,cls_def_exp,temp0.3_nodelim_norole_nocot,lusa_45,4,classification,menores,Per,0.95
qwen3_14b,portuguese,participants,sent_def_exp,temp0.3_nodelim_norole_nocot,lusa_46,1,detection,,yes,0.95
qwen3_14b,portuguese,participants,ext_def_exp,temp0.3_nodelim_norole_nocot,lusa_46,1,extraction,Ministério Público (MP),,0.95
qwen3_14b,portuguese,participants,ext_def_exp,temp0.3_nodelim_norole_nocot,lusa_46,1,extraction,militar da GNR de Braga,,0.9
qwen3_14b,portuguese,participants,ext_def_exp,temp0.3_nodelim_norole_nocot,lusa_46,1,extraction,GNR,,0.85
qwen3_14b,portuguese,participants,ext_def_exp,temp0.3_nodelim_norole_nocot,lusa_46,1,extraction,Braga,,0.7
qwen3_14b,portuguese,participants,cls_def_exp,temp0.3_nodelim_norole_nocot,lusa_46,1,classification,Ministério Público (MP),Org,0.95
qwen3_14b,portuguese,participants,cls_def_exp,temp0.3_nodelim_norole_nocot,lusa_46,1,classification,militar da GNR de Braga,Per,0.9
qwen3_14b,portuguese,participants,cls_def_exp,temp0.3_nodelim_norole_nocot,lusa_46,1,classification,GNR,Org,0.95
qwen3_14b,portuguese,participants,cls_def_exp,temp0.3_nodelim_norole_nocot,lusa_46,1,classification,Braga,Pl_civil,0.95
qwen3_14b,portuguese,participants,sent_def_exp,temp0.3_nodelim_norole_nocot,lusa_46,2,detection,,yes,0.95
qwen3_14b,portuguese,participants,ext_def_exp,temp0.3_nodelim_norole_nocot,lusa_46,2,extraction,Procuradoria-Geral Regional do Porto,,0.95
qwen3_14b,portuguese,participants,ext_def_exp,temp0.3_nodelim_norole_nocot,lusa_46,2,extraction,o arguido,,0.9
qwen3_14b,portuguese,participants,ext_def_exp,temp0.3_nodelim_norole_nocot,lusa_46,2,extraction,Núcleo de Investigação Criminal da GNR de Braga,,0.9
qwen3_14b,portuguese,participants,ext_def_exp,temp0.3_nodelim_norole_nocot,lusa_46,2,extraction,GNR de Braga,,0.85
qwen3_14b,portuguese,participants,ext_def_exp,temp0.3_nodelim_norole_nocot,lusa_46,2,extraction,Braga,,0.8
qwen3_14b,portuguese,participants,cls_def_exp,temp0.3_nodelim_norole_nocot,lusa_46,2,classification,Procuradoria-Geral Regional do Porto,Org,0.95
qwen3_14b,portuguese,participants,cls_def_exp,temp0.3_nodelim_norole_nocot,lusa_46,2,classification,o arguido,Per,0.9
qwen3_14b,portuguese,participants,cls_def_exp,temp0.3_nodelim_norole_nocot,lusa_46,2,classification,Núcleo de Investigação Criminal da GNR de Braga,Org,0.95
qwen3_14b,portuguese,participants,cls_def_exp,temp0.3_nodelim_norole_nocot,lusa_46,2,classification,GNR de Braga,Org,0.95
qwen3_14b,portuguese,participants,cls_def_exp,temp0.3_nodelim_norole_nocot,lusa_46,2,classification,Braga,Pl_civil,0.9
qwen3_14b,portuguese,participants,sent_def_exp,temp0.3_nodelim_norole_nocot,lusa_46,3,detection,,yes,0.95
qwen3_14b,portuguese,participants,ext_def_exp,temp0.3_nodelim_norole_nocot,lusa_46,3,extraction,o responsável,,0.7
qwen3_14b,portuguese,participants,ext_def_exp,temp0.3_nodelim_norole_nocot,lusa_46,3,extraction,suplemento de escala,,0.8
qwen3_14b,portuguese,participants,ext_def_exp,temp0.3_nodelim_norole_nocot,lusa_46,3,extraction,a nota,,0.6
qwen3_14b,portuguese,participants,cls_def_exp,temp0.3_nodelim_norole_nocot,lusa_46,3,classification,o responsável,Per,0.95
qwen3_14b,portuguese,participants,cls_def_exp,temp0.3_nodelim_norole_nocot,lusa_46,3,classification,suplemento de escala,Obj,0.9
qwen3_14b,portuguese,participants,cls_def_exp,temp0.3_nodelim_norole_nocot,lusa_46,3,classification,a nota,Obj,0.85
qwen3_14b,portuguese,participants,sent_def_exp,temp0.3_nodelim_norole_nocot,lusa_46,4,detection,,yes,0.95
qwen3_14b,portuguese,participants,ext_def_exp,temp0.3_nodelim_norole_nocot,lusa_46,4,extraction,Ministério Público,,0.95
qwen3_14b,portuguese,participants,ext_def_exp,temp0.3_nodelim_norole_nocot,lusa_46,4,extraction,o arguido,,0.9
qwen3_14b,portuguese,participants,cls_def_exp,temp0.3_nodelim_norole_nocot,lusa_46,4,classification,Ministério Público,Org,0.95
qwen3_14b,portuguese,participants,cls_def_exp,temp0.3_nodelim_norole_nocot,lusa_46,4,classification,o arguido,Per,0.95
qwen3_14b,portuguese,participants,sent_def_exp,temp0.3_nodelim_norole_nocot,lusa_46,5,detection,,yes,0.95
qwen3_14b,portuguese,participants,ext_def_exp,temp0.3_nodelim_norole_nocot,lusa_46,5,extraction,O arguido,,1.0
qwen3_14b,portuguese,participants,ext_def_exp,temp0.3_nodelim_norole_nocot,lusa_46,5,extraction,militares do efectivo do Núcleo de Investigação Criminal,,0.95
qwen3_14b,portuguese,participants,ext_def_exp,temp0.3_nodelim_norole_nocot,lusa_46,5,extraction,seus subordinados,,0.85
qwen3_14b,portuguese,participants,ext_def_exp,temp0.3_nodelim_norole_nocot,lusa_46,5,extraction,Núcleo de Investigação Criminal,,0.9
qwen3_14b,portuguese,participants,cls_def_exp,temp0.3_nodelim_norole_nocot,lusa_46,5,classification,O arguido,Per,0.95
qwen3_14b,portuguese,participants,cls_def_exp,temp0.3_nodelim_norole_nocot,lusa_46,5,classification,militares do efectivo do Núcleo de Investigação Criminal,Per,0.9
qwen3_14b,portuguese,participants,cls_def_exp,temp0.3_nodelim_norole_nocot,lusa_46,5,classification,seus subordinados,Per,0.95
qwen3_14b,portuguese,participants,cls_def_exp,temp0.3_nodelim_norole_nocot,lusa_46,5,classification,Núcleo de Investigação Criminal,Org,0.9
qwen3_14b,portuguese,participants,sent_def_exp,temp0.3_nodelim_norole_nocot,lusa_48,1,detection,,yes,0.95
qwen3_14b,portuguese,participants,ext_def_exp,temp0.3_nodelim_norole_nocot,lusa_48,1,extraction,A GNR,,1.0
qwen3_14b,portuguese,participants,ext_def_exp,temp0.3_nodelim_norole_nocot,lusa_48,1,extraction,dois homens,,1.0
qwen3_14b,portuguese,participants,ext_def_exp,temp0.3_nodelim_norole_nocot,lusa_48,1,extraction,quatro máquinas de jogo,,1.0
qwen3_14b,portuguese,participants,ext_def_exp,temp0.3_nodelim_norole_nocot,lusa_48,1,extraction,11 autos de contraordenação,,1.0
qwen3_14b,portuguese,participants,ext_def_exp,temp0.3_nodelim_norole_nocot,lusa_48,1,extraction,"em Vila Meã, Amarante, distrito do Porto",,1.0
qwen3_14b,portuguese,participants,ext_def_exp,temp0.3_nodelim_norole_nocot,lusa_48,1,extraction,fonte policial,,1.0
qwen3_14b,portuguese,participants,cls_def_exp,temp0.3_nodelim_norole_nocot,lusa_48,1,classification,A GNR,Org,0.95
qwen3_14b,portuguese,participants,cls_def_exp,temp0.3_nodelim_norole_nocot,lusa_48,1,classification,dois homens,Per,0.9
qwen3_14b,portuguese,participants,cls_def_exp,temp0.3_nodelim_norole_nocot,lusa_48,1,classification,quatro máquinas de jogo,Obj,0.95
qwen3_14b,portuguese,participants,cls_def_exp,temp0.3_nodelim_norole_nocot,lusa_48,1,classification,11 autos de contraordenação,Obj,0.9
qwen3_14b,portuguese,participants,cls_def_exp,temp0.3_nodelim_norole_nocot,lusa_48,1,classification,"em Vila Meã, Amarante, distrito do Porto",Loc,0.7
qwen3_14b,portuguese,participants,cls_def_exp,temp0.3_nodelim_norole_nocot,lusa_48,1,classification,fonte policial,Per,0.85
qwen3_14b,portuguese,participants,sent_def_exp,temp0.3_nodelim_norole_nocot,lusa_48,2,detection,,yes,0.95
qwen3_14b,portuguese,participants,ext_def_exp,temp0.3_nodelim_norole_nocot,lusa_48,2,extraction,a GNR,,0.95
qwen3_14b,portuguese,participants,ext_def_exp,temp0.3_nodelim_norole_nocot,lusa_48,2,extraction,os suspeitos,,0.9
qwen3_14b,portuguese,participants,ext_def_exp,temp0.3_nodelim_norole_nocot,lusa_48,2,extraction,estabelecimentos de restauração e bebidas,,0.85
qwen3_14b,portuguese,participants,cls_def_exp,temp0.3_nodelim_norole_nocot,lusa_48,2,classification,a GNR,Org,0.95
qwen3_14b,portuguese,participants,cls_def_exp,temp0.3_nodelim_norole_nocot,lusa_48,2,classification,os suspeitos,Per,0.9
qwen3_14b,portuguese,participants,cls_def_exp,temp0.3_nodelim_norole_nocot,lusa_48,2,classification,estabelecimentos de restauração e bebidas,Fac,0.85
qwen3_14b,portuguese,participants,sent_def_exp,temp0.3_nodelim_norole_nocot,lusa_48,3,detection,,no,0.95
qwen3_14b,portuguese,participants,sent_def_exp,temp0.3_nodelim_norole_nocot,lusa_48,4,detection,,yes,0.95
qwen3_14b,portuguese,participants,ext_def_exp,temp0.3_nodelim_norole_nocot,lusa_48,4,extraction,Tribunal Judicial de Amarante,,0.95
qwen3_14b,portuguese,participants,cls_def_exp,temp0.3_nodelim_norole_nocot,lusa_48,4,classification,Tribunal Judicial de Amarante,Org,1.0
qwen3_14b,portuguese,participants,sent_def_exp,temp0.3_nodelim_norole_nocot,lusa_49,1,detection,,yes,0.95
qwen3_14b,portuguese,participants,ext_def_exp,temp0.3_nodelim_norole_nocot,lusa_49,1,extraction,GNR,,0.95
qwen3_14b,portuguese,participants,ext_def_exp,temp0.3_nodelim_norole_nocot,lusa_49,1,extraction,um homem de 31 anos,,0.95
qwen3_14b,portuguese,participants,ext_def_exp,temp0.3_nodelim_norole_nocot,lusa_49,1,extraction,cidade de Borba,,0.9
qwen3_14b,portuguese,participants,ext_def_exp,temp0.3_nodelim_norole_nocot,lusa_49,1,extraction,distrito de Évora,,0.9
qwen3_14b,portuguese,participants,ext_def_exp,temp0.3_nodelim_norole_nocot,lusa_49,1,extraction,agência Lusa,,0.9
qwen3_14b,portuguese,participants,ext_def_exp,temp0.3_nodelim_norole_nocot,lusa_49,1,extraction,fonte,,0.6
qwen3_14b,portuguese,participants,cls_def_exp,temp0.3_nodelim_norole_nocot,lusa_49,1,classification,GNR,Org,1.0
qwen3_14b,portuguese,participants,cls_def_exp,temp0.3_nodelim_norole_nocot,lusa_49,1,classification,um homem de 31 anos,Per,1.0
qwen3_14b,portuguese,participants,cls_def_exp,temp0.3_nodelim_norole_nocot,lusa_49,1,classification,cidade de Borba,Pl_civil,0.9
qwen3_14b,portuguese,participants,cls_def_exp,temp0.3_nodelim_norole_nocot,lusa_49,1,classification,distrito de Évora,Pl_state,0.9
qwen3_14b,portuguese,participants,cls_def_exp,temp0.3_nodelim_norole_nocot,lusa_49,1,classification,agência Lusa,Org,1.0
qwen3_14b,portuguese,participants,cls_def_exp,temp0.3_nodelim_norole_nocot,lusa_49,1,classification,fonte,Per,1.0
qwen3_14b,portuguese,participants,sent_def_exp,temp0.3_nodelim_norole_nocot,lusa_49,2,detection,,yes,0.95
qwen3_14b,portuguese,participants,ext_def_exp,temp0.3_nodelim_norole_nocot,lusa_49,2,extraction,a mesma fonte,,0.7
qwen3_14b,portuguese,participants,ext_def_exp,temp0.3_nodelim_norole_nocot,lusa_49,2,extraction,o homem,,0.9
qwen3_14b,portuguese,participants,ext_def_exp,temp0.3_nodelim_norole_nocot,lusa_49,2,extraction,militares,,0.9
qwen3_14b,portuguese,participants,ext_def_exp,temp0.3_nodelim_norole_nocot,lusa_49,2,extraction,Destacamento Territorial de Estremoz,,0.9
qwen3_14b,portuguese,participants,ext_def_exp,temp0.3_nodelim_norole_nocot,lusa_49,2,extraction,Tribunal de Vila Viçosa,,0.9
qwen3_14b,portuguese,participants,cls_def_exp,temp0.3_nodelim_norole_nocot,lusa_49,2,classification,a mesma fonte,Per,0.95
qwen3_14b,portuguese,participants,cls_def_exp,temp0.3_nodelim_norole_nocot,lusa_49,2,classification,o homem,Per,0.98
qwen3_14b,portuguese,participants,cls_def_exp,temp0.3_nodelim_norole_nocot,lusa_49,2,classification,militares,Org,0.9
qwen3_14b,portuguese,participants,cls_def_exp,temp0.3_nodelim_norole_nocot,lusa_49,2,classification,Destacamento Territorial de Estremoz,Org,0.95
qwen3_14b,portuguese,participants,cls_def_exp,temp0.3_nodelim_norole_nocot,lusa_49,2,classification,Tribunal de Vila Viçosa,Org,0.95
qwen3_14b,portuguese,participants,sent_def_exp,temp0.3_nodelim_norole_nocot,lusa_49,3,detection,,yes,0.95
qwen3_14b,portuguese,participants,ext_def_exp,temp0.3_nodelim_norole_nocot,lusa_49,3,extraction,A GNR,,0.95
qwen3_14b,portuguese,participants,ext_def_exp,temp0.3_nodelim_norole_nocot,lusa_49,3,extraction,ao suspeito,,0.9
qwen3_14b,portuguese,participants,ext_def_exp,temp0.3_nodelim_norole_nocot,lusa_49,3,extraction,"24,3 gramas de heroína",,0.9
qwen3_14b,portuguese,participants,ext_def_exp,temp0.3_nodelim_norole_nocot,lusa_49,3,extraction,uma balança digital,,0.9
qwen3_14b,portuguese,participants,ext_def_exp,temp0.3_nodelim_norole_nocot,lusa_49,3,extraction,uma tesoura,,0.9
qwen3_14b,portuguese,participants,ext_def_exp,temp0.3_nodelim_norole_nocot,lusa_49,3,extraction,sacos de plástico,,0.9
qwen3_14b,portuguese,participants,ext_def_exp,temp0.3_nodelim_norole_nocot,lusa_49,3,extraction,cerca de 150 euros em dinheiro,,0.9
qwen3_14b,portuguese,participants,cls_def_exp,temp0.3_nodelim_norole_nocot,lusa_49,3,classification,A GNR,Org,0.95
qwen3_14b,portuguese,participants,cls_def_exp,temp0.3_nodelim_norole_nocot,lusa_49,3,classification,ao suspeito,Per,0.9
qwen3_14b,portuguese,participants,cls_def_exp,temp0.3_nodelim_norole_nocot,lusa_49,3,classification,"24,3 gramas de heroína",Obj,0.8
qwen3_14b,portuguese,participants,cls_def_exp,temp0.3_nodelim_norole_nocot,lusa_49,3,classification,uma balança digital,Obj,0.95
qwen3_14b,portuguese,participants,cls_def_exp,temp0.3_nodelim_norole_nocot,lusa_49,3,classification,uma tesoura,Obj,0.95
qwen3_14b,portuguese,participants,cls_def_exp,temp0.3_nodelim_norole_nocot,lusa_49,3,classification,sacos de plástico,Obj,0.95
qwen3_14b,portuguese,participants,cls_def_exp,temp0.3_nodelim_norole_nocot,lusa_49,3,classification,cerca de 150 euros em dinheiro,Obj,0.9
qwen3_14b,portuguese,participants,sent_def_exp,temp0.3_nodelim_norole_nocot,lusa_5,1,detection,,yes,0.95
qwen3_14b,portuguese,participants,ext_def_exp,temp0.3_nodelim_norole_nocot,lusa_5,1,extraction,Um homem de 50 anos,,1.0
qwen3_14b,portuguese,participants,ext_def_exp,temp0.3_nodelim_norole_nocot,lusa_5,1,extraction,Guarda Nacional Republicana (GNR),,1.0
qwen3_14b,portuguese,participants,ext_def_exp,temp0.3_nodelim_norole_nocot,lusa_5,1,extraction,aquela força da autoridade,,0.9
qwen3_14b,portuguese,participants,ext_def_exp,temp0.3_nodelim_norole_nocot,lusa_5,1,extraction,habitações,,0.8
qwen3_14b,portuguese,participants,cls_def_exp,temp0.3_nodelim_norole_nocot,lusa_5,1,classification,Um homem de 50 anos,Per,0.95
qwen3_14b,portuguese,participants,cls_def_exp,temp0.3_nodelim_norole_nocot,lusa_5,1,classification,Guarda Nacional Republicana (GNR),Org,0.9
qwen3_14b,portuguese,participants,cls_def_exp,temp0.3_nodelim_norole_nocot,lusa_5,1,classification,aquela força da autoridade,Org,0.85
qwen3_14b,portuguese,participants,cls_def_exp,temp0.3_nodelim_norole_nocot,lusa_5,1,classification,habitações,Obj,0.95
qwen3_14b,portuguese,participants,sent_def_exp,temp0.3_nodelim_norole_nocot,lusa_5,2,detection,,yes,0.95
qwen3_14b,portuguese,participants,ext_def_exp,temp0.3_nodelim_norole_nocot,lusa_5,2,extraction,os militares,,0.95
qwen3_14b,portuguese,participants,ext_def_exp,temp0.3_nodelim_norole_nocot,lusa_5,2,extraction,o suspeito,,0.95
qwen3_14b,portuguese,participants,ext_def_exp,temp0.3_nodelim_norole_nocot,lusa_5,2,extraction,GNR,,0.9
qwen3_14b,portuguese,participants,ext_def_exp,temp0.3_nodelim_norole_nocot,lusa_5,2,extraction,Posto Territorial de Óbidos,,0.9
qwen3_14b,portuguese,participants,ext_def_exp,temp0.3_nodelim_norole_nocot,lusa_5,2,extraction,Núcleo de Proteção Ambiental das Caldas da Rainha,,0.9
qwen3_14b,portuguese,participants,cls_def_exp,temp0.3_nodelim_norole_nocot,lusa_5,2,classification,os militares,Per,0.95
qwen3_14b,portuguese,participants,cls_def_exp,temp0.3_nodelim_norole_nocot,lusa_5,2,classification,o suspeito,Per,0.95
qwen3_14b,portuguese,participants,cls_def_exp,temp0.3_nodelim_norole_nocot,lusa_5,2,classification,GNR,Org,0.95
qwen3_14b,portuguese,participants,cls_def_exp,temp0.3_nodelim_norole_nocot,lusa_5,2,classification,Posto Territorial de Óbidos,Org,0.9
qwen3_14b,portuguese,participants,cls_def_exp,temp0.3_nodelim_norole_nocot,lusa_5,2,classification,Núcleo de Proteção Ambiental das Caldas da Rainha,Org,0.85
qwen3_14b,portuguese,participants,sent_def_exp,temp0.3_nodelim_norole_nocot,lusa_5,3,detection,,yes,0.95
qwen3_14b,portuguese,participants,ext_def_exp,temp0.3_nodelim_norole_nocot,lusa_5,3,extraction,O homem,,0.95
qwen3_14b,portuguese,participants,ext_def_exp,temp0.3_nodelim_norole_nocot,lusa_5,3,extraction,Tribunal das Caldas da Rainha,,0.9
qwen3_14b,portuguese,participants,cls_def_exp,temp0.3_nodelim_norole_nocot,lusa_5,3,classification,O homem,Per,0.95
qwen3_14b,portuguese,participants,cls_def_exp,temp0.3_nodelim_norole_nocot,lusa_5,3,classification,Tribunal das Caldas da Rainha,Org,0.95
qwen3_14b,portuguese,participants,sent_def_exp,temp0.3_nodelim_norole_nocot,lusa_5,4,detection,,no,0.4
qwen3_14b,portuguese,participants,sent_def_exp,temp0.3_nodelim_norole_nocot,lusa_50,1,detection,,yes,0.95
qwen3_14b,portuguese,participants,ext_def_exp,temp0.3_nodelim_norole_nocot,lusa_50,1,extraction,A GNR,,
qwen3_14b,portuguese,participants,cls_def_exp,temp0.3_nodelim_norole_nocot,lusa_50,1,classification,A GNR,Org,1.0
qwen3_14b,portuguese,participants,sent_def_exp,temp0.3_nodelim_norole_nocot,lusa_50,2,detection,,yes,0.95
qwen3_14b,portuguese,participants,ext_def_exp,temp0.3_nodelim_norole_nocot,lusa_50,2,extraction,Os suspeitos,,0.95
qwen3_14b,portuguese,participants,ext_def_exp,temp0.3_nodelim_norole_nocot,lusa_50,2,extraction,Arcos de Valdevez,,0.9
qwen3_14b,portuguese,participants,ext_def_exp,temp0.3_nodelim_norole_nocot,lusa_50,2,extraction,Paredes de Coura,,0.9
qwen3_14b,portuguese,participants,ext_def_exp,temp0.3_nodelim_norole_nocot,lusa_50,2,extraction,Ponte da Barca,,0.9
qwen3_14b,portuguese,participants,ext_def_exp,temp0.3_nodelim_norole_nocot,lusa_50,2,extraction,Ponte de Lima,,0.9
qwen3_14b,portuguese,participants,ext_def_exp,temp0.3_nodelim_norole_nocot,lusa_50,2,extraction,Viana do Castelo,,0.9
qwen3_14b,portuguese,participants,cls_def_exp,temp0.3_nodelim_norole_nocot,lusa_50,2,classification,Os suspeitos,Per,0.95
qwen3_14b,portuguese,participants,cls_def_exp,temp0.3_nodelim_norole_nocot,lusa_50,2,classification,Arcos de Valdevez,Pl_civil,0.98
qwen3_14b,portuguese,participants,cls_def_exp,temp0.3_nodelim_norole_nocot,lusa_50,2,classification,Paredes de Coura,Pl_civil,0.98
qwen3_14b,portuguese,participants,cls_def_exp,temp0.3_nodelim_norole_nocot,lusa_50,2,classification,Ponte da Barca,Pl_civil,0.98
qwen3_14b,portuguese,participants,cls_def_exp,temp0.3_nodelim_norole_nocot,lusa_50,2,classification,Ponte de Lima,Pl_civil,0.98
qwen3_14b,portuguese,participants,cls_def_exp,temp0.3_nodelim_norole_nocot,lusa_50,2,classification,Viana do Castelo,Pl_state,0.95
qwen3_14b,portuguese,participants,sent_def_exp,temp0.3_nodelim_norole_nocot,lusa_50,3,detection,,no,0.75
qwen3_14b,portuguese,participants,sent_def_exp,temp0.3_nodelim_norole_nocot,lusa_50,4,detection,,no,0.7
qwen3_14b,portuguese,participants,sent_def_exp,temp0.3_nodelim_norole_nocot,lusa_51,1,detection,,yes,1.0
qwen3_14b,portuguese,participants,ext_def_exp,temp0.3_nodelim_norole_nocot,lusa_51,1,extraction,A GNR,,0.95
qwen3_14b,portuguese,participants,ext_def_exp,temp0.3_nodelim_norole_nocot,lusa_51,1,extraction,25 cães,,0.9
qwen3_14b,portuguese,participants,ext_def_exp,temp0.3_nodelim_norole_nocot,lusa_51,1,extraction,"um homem, de 58 anos",,0.95
qwen3_14b,portuguese,participants,ext_def_exp,temp0.3_nodelim_norole_nocot,lusa_51,1,extraction,concelho de Seia,,0.8
qwen3_14b,portuguese,participants,ext_def_exp,temp0.3_nodelim_norole_nocot,lusa_51,1,extraction,distrito da Guarda,,0.8
qwen3_14b,portuguese,participants,cls_def_exp,temp0.3_nodelim_norole_nocot,lusa_51,1,classification,A GNR,Org,0.95
qwen3_14b,portuguese,participants,cls_def_exp,temp0.3_nodelim_norole_nocot,lusa_51,1,classification,25 cães,Nat,0.9
qwen3_14b,portuguese,participants,cls_def_exp,temp0.3_nodelim_norole_nocot,lusa_51,1,classification,"um homem, de 58 anos",Per,0.95
qwen3_14b,portuguese,participants,cls_def_exp,temp0.3_nodelim_norole_nocot,lusa_51,1,classification,concelho de Seia,Pl_civil,0.9
qwen3_14b,portuguese,participants,cls_def_exp,temp0.3_nodelim_norole_nocot,lusa_51,1,classification,distrito da Guarda,Pl_state,0.9
qwen3_14b,portuguese,participants,sent_def_exp,temp0.3_nodelim_norole_nocot,lusa_51,2,detection,,yes,0.95
qwen3_14b,portuguese,participants,ext_def_exp,temp0.3_nodelim_norole_nocot,lusa_51,2,extraction,O Comando Territorial da GNR da Guarda,,0.95
qwen3_14b,portuguese,participants,ext_def_exp,temp0.3_nodelim_norole_nocot,lusa_51,2,extraction,os animais,,0.9
qwen3_14b,portuguese,participants,ext_def_exp,temp0.3_nodelim_norole_nocot,lusa_51,2,extraction,Núcleo de Investigação de Crimes e Contraordenações Ambientais (NICCOA),,0.95
qwen3_14b,portuguese,participants,ext_def_exp,temp0.3_nodelim_norole_nocot,lusa_51,2,extraction,Núcleo de Proteção Ambiental (NPA) de Gouveia,,0.95
qwen3_14b,portuguese,participants,ext_def_exp,temp0.3_nodelim_norole_nocot,lusa_51,2,extraction,Guarda,,0.8
qwen3_14b,portuguese,participants,ext_def_exp,temp0.3_nodelim_norole_nocot,lusa_51,2,extraction,Gouveia,,0.8
qwen3_14b,portuguese,participants,cls_def_exp,temp0.3_nodelim_norole_nocot,lusa_51,2,classification,O Comando Territorial da GNR da Guarda,Org,0.95
qwen3_14b,portuguese,participants,cls_def_exp,temp0.3_nodelim_norole_nocot,lusa_51,2,classification,os animais,Nat,0.9
qwen3_14b,portuguese,participants,cls_def_exp,temp0.3_nodelim_norole_nocot,lusa_51,2,classification,Núcleo de Investigação de Crimes e Contraordenações Ambientais (NICCOA),Org,0.95
qwen3_14b,portuguese,participants,cls_def_exp,temp0.3_nodelim_norole_nocot,lusa_51,2,classification,Núcleo de Proteção Ambiental (NPA) de Gouveia,Org,0.95
qwen3_14b,portuguese,participants,cls_def_exp,temp0.3_nodelim_norole_nocot,lusa_51,2,classification,Guarda,Pl_civil,0.85
qwen3_14b,portuguese,participants,cls_def_exp,temp0.3_nodelim_norole_nocot,lusa_51,2,classification,Gouveia,Pl_civil,0.85
qwen3_14b,portuguese,participants,sent_def_exp,temp0.3_nodelim_norole_nocot,lusa_51,3,detection,,yes,0.95
qwen3_14b,portuguese,participants,ext_def_exp,temp0.3_nodelim_norole_nocot,lusa_51,3,extraction,os militares,,1.0
qwen3_14b,portuguese,participants,ext_def_exp,temp0.3_nodelim_norole_nocot,lusa_51,3,extraction,mandado de busca domiciliária,,0.9
qwen3_14b,portuguese,participants,ext_def_exp,temp0.3_nodelim_norole_nocot,lusa_51,3,extraction,cães,,1.0
qwen3_14b,portuguese,participants,ext_def_exp,temp0.3_nodelim_norole_nocot,lusa_51,3,extraction,animais de companhia,,0.8
qwen3_14b,portuguese,participants,cls_def_exp,temp0.3_nodelim_norole_nocot,lusa_51,3,classification,os militares,Per,0.95
qwen3_14b,portuguese,participants,cls_def_exp,temp0.3_nodelim_norole_nocot,lusa_51,3,classification,mandado de busca domiciliária,Obj,0.9
qwen3_14b,portuguese,participants,cls_def_exp,temp0.3_nodelim_norole_nocot,lusa_51,3,classification,cães,Nat,0.95
qwen3_14b,portuguese,participants,cls_def_exp,temp0.3_nodelim_norole_nocot,lusa_51,3,classification,animais de companhia,Nat,0.95
qwen3_14b,portuguese,participants,sent_def_exp,temp0.3_nodelim_norole_nocot,lusa_51,4,detection,,yes,0.95
qwen3_14b,portuguese,participants,ext_def_exp,temp0.3_nodelim_norole_nocot,lusa_51,4,extraction,fonte,,0.8
qwen3_14b,portuguese,participants,ext_def_exp,temp0.3_nodelim_norole_nocot,lusa_51,4,extraction,polícia,,0.7
qwen3_14b,portuguese,participants,ext_def_exp,temp0.3_nodelim_norole_nocot,lusa_51,4,extraction,25 cães,,0.9
qwen3_14b,portuguese,participants,cls_def_exp,temp0.3_nodelim_norole_nocot,lusa_51,4,classification,fonte,Per,0.95
qwen3_14b,portuguese,participants,cls_def_exp,temp0.3_nodelim_norole_nocot,lusa_51,4,classification,polícia,Org,1.0
qwen3_14b,portuguese,participants,cls_def_exp,temp0.3_nodelim_norole_nocot,lusa_51,4,classification,25 cães,Nat,1.0
qwen3_14b,portuguese,participants,sent_def_exp,temp0.3_nodelim_norole_nocot,lusa_51,5,detection,,yes,0.95
qwen3_14b,portuguese,participants,ext_def_exp,temp0.3_nodelim_norole_nocot,lusa_51,5,extraction,Os animais,,0.9
qwen3_14b,portuguese,participants,ext_def_exp,temp0.3_nodelim_norole_nocot,lusa_51,5,extraction,o proprietário,,0.9
qwen3_14b,portuguese,participants,ext_def_exp,temp0.3_nodelim_norole_nocot,lusa_51,5,extraction,a habitação,,0.7
qwen3_14b,portuguese,participants,ext_def_exp,temp0.3_nodelim_norole_nocot,lusa_51,5,extraction,Veterinário Municipal de Seia,,0.9
qwen3_14b,portuguese,participants,ext_def_exp,temp0.3_nodelim_norole_nocot,lusa_51,5,extraction,a GNR,,0.9
qwen3_14b,portuguese,participants,cls_def_exp,temp0.3_nodelim_norole_nocot,lusa_51,5,classification,Os animais,Nat,0.95
qwen3_14b,portuguese,participants,cls_def_exp,temp0.3_nodelim_norole_nocot,lusa_51,5,classification,o proprietário,Per,0.9
qwen3_14b,portuguese,participants,cls_def_exp,temp0.3_nodelim_norole_nocot,lusa_51,5,classification,a habitação,Obj,0.95
qwen3_14b,portuguese,participants,cls_def_exp,temp0.3_nodelim_norole_nocot,lusa_51,5,classification,Veterinário Municipal de Seia,Org,0.85
qwen3_14b,portuguese,participants,cls_def_exp,temp0.3_nodelim_norole_nocot,lusa_51,5,classification,a GNR,Org,0.95
qwen3_14b,portuguese,participants,sent_def_exp,temp0.3_nodelim_norole_nocot,lusa_51,6,detection,,yes,0.95
qwen3_14b,portuguese,participants,ext_def_exp,temp0.3_nodelim_norole_nocot,lusa_51,6,extraction,O homem,,0.9
qwen3_14b,portuguese,participants,ext_def_exp,temp0.3_nodelim_norole_nocot,lusa_51,6,extraction,Tribunal Judicial de Seia,,0.95
qwen3_14b,portuguese,participants,cls_def_exp,temp0.3_nodelim_norole_nocot,lusa_51,6,classification,O homem,Per,0.95
qwen3_14b,portuguese,participants,cls_def_exp,temp0.3_nodelim_norole_nocot,lusa_51,6,classification,Tribunal Judicial de Seia,Org,0.95
qwen3_14b,portuguese,participants,sent_def_exp,temp0.3_nodelim_norole_nocot,lusa_52,1,detection,,yes,0.95
qwen3_14b,portuguese,participants,ext_def_exp,temp0.3_nodelim_norole_nocot,lusa_52,1,extraction,membros do Governo,,0.95
qwen3_14b,portuguese,participants,ext_def_exp,temp0.3_nodelim_norole_nocot,lusa_52,1,extraction,Governo,,0.9
qwen3_14b,portuguese,participants,ext_def_exp,temp0.3_nodelim_norole_nocot,lusa_52,1,extraction,parlamento,,0.85
qwen3_14b,portuguese,participants,ext_def_exp,temp0.3_nodelim_norole_nocot,lusa_52,1,extraction,Orçamento do Estado para 2021,,0.9
qwen3_14b,portuguese,participants,cls_def_exp,temp0.3_nodelim_norole_nocot,lusa_52,1,classification,membros do Governo,Per,0.95
qwen3_14b,portuguese,participants,cls_def_exp,temp0.3_nodelim_norole_nocot,lusa_52,1,classification,Governo,Org,0.95
qwen3_14b,portuguese,participants,cls_def_exp,temp0.3_nodelim_norole_nocot,lusa_52,1,classification,parlamento,Org,0.9
qwen3_14b,portuguese,participants,cls_def_exp,temp0.3_nodelim_norole_nocot,lusa_52,1,classification,Orçamento do Estado para 2021,Obj,0.85
qwen3_14b,portuguese,participants,sent_def_exp,temp0.3_nodelim_norole_nocot,lusa_52,2,detection,,yes,0.95
qwen3_14b,portuguese,participants,ext_def_exp,temp0.3_nodelim_norole_nocot,lusa_52,2,extraction,presidente da Assembleia da República,,0.8
qwen3_14b,portuguese,participants,ext_def_exp,temp0.3_nodelim_norole_nocot,lusa_52,2,extraction,Ferro Rodrigues,,0.95
qwen3_14b,portuguese,participants,ext_def_exp,temp0.3_nodelim_norole_nocot,lusa_52,2,extraction,os membros do executivo,,0.9
qwen3_14b,portuguese,participants,ext_def_exp,temp0.3_nodelim_norole_nocot,lusa_52,2,extraction,Assembleia da República,,0.9
qwen3_14b,portuguese,participants,ext_def_exp,temp0.3_nodelim_norole_nocot,lusa_52,2,extraction,executivo,,0.8
qwen3_14b,portuguese,participants,ext_def_exp,temp0.3_nodelim_norole_nocot,lusa_52,2,extraction,sala,,0.7
qwen3_14b,portuguese,participants,cls_def_exp,temp0.3_nodelim_norole_nocot,lusa_52,2,classification,presidente da Assembleia da República,Per,0.7
qwen3_14b,portuguese,participants,cls_def_exp,temp0.3_nodelim_norole_nocot,lusa_52,2,classification,Ferro Rodrigues,Per,0.95
qwen3_14b,portuguese,participants,cls_def_exp,temp0.3_nodelim_norole_nocot,lusa_52,2,classification,os membros do executivo,Per,0.85
qwen3_14b,portuguese,participants,cls_def_exp,temp0.3_nodelim_norole_nocot,lusa_52,2,classification,Assembleia da República,Org,0.9
qwen3_14b,portuguese,participants,cls_def_exp,temp0.3_nodelim_norole_nocot,lusa_52,2,classification,executivo,Org,0.9
qwen3_14b,portuguese,participants,cls_def_exp,temp0.3_nodelim_norole_nocot,lusa_52,2,classification,sala,Fac,0.9
qwen3_14b,portuguese,participants,sent_def_exp,temp0.3_nodelim_norole_nocot,lusa_52,3,detection,,no,0.6
qwen3_14b,portuguese,participants,sent_def_exp,temp0.3_nodelim_norole_nocot,lusa_52,4,detection,,yes,0.95
qwen3_14b,portuguese,participants,ext_def_exp,temp0.3_nodelim_norole_nocot,lusa_52,4,extraction,os deputados,,0.95
qwen3_14b,portuguese,participants,cls_def_exp,temp0.3_nodelim_norole_nocot,lusa_52,4,classification,os deputados,Per,0.95
qwen3_14b,portuguese,participants,sent_def_exp,temp0.3_nodelim_norole_nocot,lusa_52,5,detection,,yes,0.95
qwen3_14b,portuguese,participants,ext_def_exp,temp0.3_nodelim_norole_nocot,lusa_52,5,extraction,António Costa,,0.95
qwen3_14b,portuguese,participants,ext_def_exp,temp0.3_nodelim_norole_nocot,lusa_52,5,extraction,"Ana Gomes Godinho, Trabalho",,0.9
qwen3_14b,portuguese,participants,ext_def_exp,temp0.3_nodelim_norole_nocot,lusa_52,5,extraction,"João Pedro Matos Fernandes, Ambiente",,0.9
qwen3_14b,portuguese,participants,ext_def_exp,temp0.3_nodelim_norole_nocot,lusa_52,5,extraction,os ministros,,0.8
qwen3_14b,portuguese,participants,ext_def_exp,temp0.3_nodelim_norole_nocot,lusa_52,5,extraction,bancada do Governo,,0.8
qwen3_14b,portuguese,participants,ext_def_exp,temp0.3_nodelim_norole_nocot,lusa_52,5,extraction,titular das Finanças,,0.7
qwen3_14b,portuguese,participants,cls_def_exp,temp0.3_nodelim_norole_nocot,lusa_52,5,classification,António Costa,Per,0.95
qwen3_14b,portuguese,participants,cls_def_exp,temp0.3_nodelim_norole_nocot,lusa_52,5,classification,"Ana Gomes Godinho, Trabalho",Per,0.9
qwen3_14b,portuguese,participants,cls_def_exp,temp0.3_nodelim_norole_nocot,lusa_52,5,classification,"João Pedro Matos Fernandes, Ambiente",Per,0.9
qwen3_14b,portuguese,participants,cls_def_exp,temp0.3_nodelim_norole_nocot,lusa_52,5,classification,os ministros,Org,0.85
qwen3_14b,portuguese,participants,cls_def_exp,temp0.3_nodelim_norole_nocot,lusa_52,5,classification,bancada do Governo,Fac,0.8
qwen3_14b,portuguese,participants,cls_def_exp,temp0.3_nodelim_norole_nocot,lusa_52,5,classification,titular das Finanças,Per,0.9
qwen3_14b,portuguese,participants,sent_def_exp,temp0.3_nodelim_norole_nocot,lusa_53,1,detection,,yes,0.95
qwen3_14b,portuguese,participants,ext_def_exp,temp0.3_nodelim_norole_nocot,lusa_53,1,extraction,governo holandês,,0.95
qwen3_14b,portuguese,participants,ext_def_exp,temp0.3_nodelim_norole_nocot,lusa_53,1,extraction,transportadora aérea KLM,,0.9
qwen3_14b,portuguese,participants,ext_def_exp,temp0.3_nodelim_norole_nocot,lusa_53,1,extraction,pilotos,,0.85
qwen3_14b,portuguese,participants,ext_def_exp,temp0.3_nodelim_norole_nocot,lusa_53,1,extraction,os pilotos,,0.8
qwen3_14b,portuguese,participants,cls_def_exp,temp0.3_nodelim_norole_nocot,lusa_53,1,classification,governo holandês,Org,0.95
qwen3_14b,portuguese,participants,cls_def_exp,temp0.3_nodelim_norole_nocot,lusa_53,1,classification,transportadora aérea KLM,Org,0.9
qwen3_14b,portuguese,participants,cls_def_exp,temp0.3_nodelim_norole_nocot,lusa_53,1,classification,pilotos,Per,0.9
qwen3_14b,portuguese,participants,cls_def_exp,temp0.3_nodelim_norole_nocot,lusa_53,1,classification,os pilotos,Per,0.9
qwen3_14b,portuguese,participants,sent_def_exp,temp0.3_nodelim_norole_nocot,lusa_53,2,detection,,yes,0.95
qwen3_14b,portuguese,participants,ext_def_exp,temp0.3_nodelim_norole_nocot,lusa_53,2,extraction,"O ministro das Finanças, Wopke Hoekstra",,0.9
qwen3_14b,portuguese,participants,ext_def_exp,temp0.3_nodelim_norole_nocot,lusa_53,2,extraction,Wopke Hoekstra,,0.9
qwen3_14b,portuguese,participants,ext_def_exp,temp0.3_nodelim_norole_nocot,lusa_53,2,extraction,a ajuda,,0.7
qwen3_14b,portuguese,participants,ext_def_exp,temp0.3_nodelim_norole_nocot,lusa_53,2,extraction,ramo holandês da Air France-KLM,,0.9
qwen3_14b,portuguese,participants,ext_def_exp,temp0.3_nodelim_norole_nocot,lusa_53,2,extraction,sindicato dos pilotos VNV,,0.9
qwen3_14b,portuguese,participants,ext_def_exp,temp0.3_nodelim_norole_nocot,lusa_53,2,extraction,redução salarial,,0.7
qwen3_14b,portuguese,participants,ext_def_exp,temp0.3_nodelim_norole_nocot,lusa_53,2,extraction,Air France-KLM,,0.9
qwen3_14b,portuguese,participants,ext_def_exp,temp0.3_nodelim_norole_nocot,lusa_53,2,extraction,O ministro das Finanças,,0.8
qwen3_14b,portuguese,participants,cls_def_exp,temp0.3_nodelim_norole_nocot,lusa_53,2,classification,"O ministro das Finanças, Wopke Hoekstra",Per,0.95
qwen3_14b,portuguese,participants,cls_def_exp,temp0.3_nodelim_norole_nocot,lusa_53,2,classification,Wopke Hoekstra,Per,0.95
qwen3_14b,portuguese,participants,cls_def_exp,temp0.3_nodelim_norole_nocot,lusa_53,2,classification,a ajuda,Other,0.7
qwen3_14b,portuguese,participants,cls_def_exp,temp0.3_nodelim_norole_nocot,lusa_53,2,classification,ramo holandês da Air France-KLM,Org,0.9
qwen3_14b,portuguese,participants,cls_def_exp,temp0.3_nodelim_norole_nocot,lusa_53,2,classification,sindicato dos pilotos VNV,Org,0.95
qwen3_14b,portuguese,participants,cls_def_exp,temp0.3_nodelim_norole_nocot,lusa_53,2,classification,redução salarial,Other,0.7
qwen3_14b,portuguese,participants,cls_def_exp,temp0.3_nodelim_norole_nocot,lusa_53,2,classification,Air France-KLM,Org,0.95
qwen3_14b,portuguese,participants,cls_def_exp,temp0.3_nodelim_norole_nocot,lusa_53,2,classification,O ministro das Finanças,Per,0.8
qwen3_14b,portuguese,participants,sent_def_exp,temp0.3_nodelim_norole_nocot,lusa_53,3,detection,,yes,0.95
qwen3_14b,portuguese,participants,ext_def_exp,temp0.3_nodelim_norole_nocot,lusa_53,3,extraction,KLM,,1.0
qwen3_14b,portuguese,participants,ext_def_exp,temp0.3_nodelim_norole_nocot,lusa_53,3,extraction,o sindicato,,1.0
qwen3_14b,portuguese,participants,ext_def_exp,temp0.3_nodelim_norole_nocot,lusa_53,3,extraction,o governo,,1.0
qwen3_14b,portuguese,participants,ext_def_exp,temp0.3_nodelim_norole_nocot,lusa_53,3,extraction,a agência de notícias France-Presse (AFP),,1.0
qwen3_14b,portuguese,participants,cls_def_exp,temp0.3_nodelim_norole_nocot,lusa_53,3,classification,KLM,Org,0.95
qwen3_14b,portuguese,participants,cls_def_exp,temp0.3_nodelim_norole_nocot,lusa_53,3,classification,o sindicato,Org,0.9
qwen3_14b,portuguese,participants,cls_def_exp,temp0.3_nodelim_norole_nocot,lusa_53,3,classification,o governo,Org,0.95
qwen3_14b,portuguese,participants,cls_def_exp,temp0.3_nodelim_norole_nocot,lusa_53,3,classification,a agência de notícias France-Presse (AFP),Org,0.98
qwen3_14b,portuguese,participants,sent_def_exp,temp0.3_nodelim_norole_nocot,lusa_53,4,detection,,yes,0.95
qwen3_14b,portuguese,participants,ext_def_exp,temp0.3_nodelim_norole_nocot,lusa_53,4,extraction,A KLM,,0.95
qwen3_14b,portuguese,participants,ext_def_exp,temp0.3_nodelim_norole_nocot,lusa_53,4,extraction,postos de trabalho,,0.8
qwen3_14b,portuguese,participants,cls_def_exp,temp0.3_nodelim_norole_nocot,lusa_53,4,classification,A KLM,Org,0.95
qwen3_14b,portuguese,participants,cls_def_exp,temp0.3_nodelim_norole_nocot,lusa_53,4,classification,postos de trabalho,Other,0.6
qwen3_14b,portuguese,participants,sent_def_exp,temp0.3_nodelim_norole_nocot,lusa_53,5,detection,,yes,0.95
qwen3_14b,portuguese,participants,ext_def_exp,temp0.3_nodelim_norole_nocot,lusa_53,5,extraction,pilotos,,0.95
qwen3_14b,portuguese,participants,ext_def_exp,temp0.3_nodelim_norole_nocot,lusa_53,5,extraction,plano,,0.9
qwen3_14b,portuguese,participants,ext_def_exp,temp0.3_nodelim_norole_nocot,lusa_53,5,extraction,baixas salariais,,0.8
qwen3_14b,portuguese,participants,ext_def_exp,temp0.3_nodelim_norole_nocot,lusa_53,5,extraction,meios do país,,0.85
qwen3_14b,portuguese,participants,cls_def_exp,temp0.3_nodelim_norole_nocot,lusa_53,5,classification,pilotos,Per,0.95
qwen3_14b,portuguese,participants,cls_def_exp,temp0.3_nodelim_norole_nocot,lusa_53,5,classification,plano,Other,0.8
qwen3_14b,portuguese,participants,cls_def_exp,temp0.3_nodelim_norole_nocot,lusa_53,5,classification,baixas salariais,Other,0.85
qwen3_14b,portuguese,participants,cls_def_exp,temp0.3_nodelim_norole_nocot,lusa_53,5,classification,meios do país,Org,0.95
qwen3_14b,portuguese,participants,sent_def_exp,temp0.3_nodelim_norole_nocot,lusa_53,6,detection,,yes,0.95
qwen3_14b,portuguese,participants,ext_def_exp,temp0.3_nodelim_norole_nocot,lusa_53,6,extraction,Air France-KLM,,1.0
qwen3_14b,portuguese,participants,cls_def_exp,temp0.3_nodelim_norole_nocot,lusa_53,6,classification,Air France-KLM,Org,1.0
qwen3_14b,portuguese,participants,sent_def_exp,temp0.3_nodelim_norole_nocot,lusa_54,1,detection,,yes,0.95
qwen3_14b,portuguese,participants,ext_def_exp,temp0.3_nodelim_norole_nocot,lusa_54,1,extraction,Governo português,,1.0
qwen3_14b,portuguese,participants,ext_def_exp,temp0.3_nodelim_norole_nocot,lusa_54,1,extraction,as famílias das vítimas,,0.9
qwen3_14b,portuguese,participants,ext_def_exp,temp0.3_nodelim_norole_nocot,lusa_54,1,extraction,vítimas,,0.9
qwen3_14b,portuguese,participants,ext_def_exp,temp0.3_nodelim_norole_nocot,lusa_54,1,extraction,Trier,,1.0
qwen3_14b,portuguese,participants,ext_def_exp,temp0.3_nodelim_norole_nocot,lusa_54,1,extraction,Alemanha,,1.0
qwen3_14b,portuguese,participants,ext_def_exp,temp0.3_nodelim_norole_nocot,lusa_54,1,extraction,povo e autoridades alemãs,,0.95
qwen3_14b,portuguese,participants,cls_def_exp,temp0.3_nodelim_norole_nocot,lusa_54,1,classification,Governo português,Org,0.95
qwen3_14b,portuguese,participants,cls_def_exp,temp0.3_nodelim_norole_nocot,lusa_54,1,classification,as famílias das vítimas,Per,0.9
qwen3_14b,portuguese,participants,cls_def_exp,temp0.3_nodelim_norole_nocot,lusa_54,1,classification,vítimas,Per,0.95
qwen3_14b,portuguese,participants,cls_def_exp,temp0.3_nodelim_norole_nocot,lusa_54,1,classification,Trier,Pl_civil,0.9
qwen3_14b,portuguese,participants,cls_def_exp,temp0.3_nodelim_norole_nocot,lusa_54,1,classification,Alemanha,Pl_country,0.95
qwen3_14b,portuguese,participants,cls_def_exp,temp0.3_nodelim_norole_nocot,lusa_54,1,classification,povo e autoridades alemãs,Per,0.9
qwen3_14b,portuguese,participants,sent_def_exp,temp0.3_nodelim_norole_nocot,lusa_54,2,detection,,yes,0.95
qwen3_14b,portuguese,participants,ext_def_exp,temp0.3_nodelim_norole_nocot,lusa_54,2,extraction,Duas pessoas,,0.95
qwen3_14b,portuguese,participants,ext_def_exp,temp0.3_nodelim_norole_nocot,lusa_54,2,extraction,várias,,0.85
qwen3_14b,portuguese,participants,ext_def_exp,temp0.3_nodelim_norole_nocot,lusa_54,2,extraction,um veículo,,0.9
qwen3_14b,portuguese,participants,ext_def_exp,temp0.3_nodelim_norole_nocot,lusa_54,2,extraction,uma zona pedonal,,0.9
qwen3_14b,portuguese,participants,ext_def_exp,temp0.3_nodelim_norole_nocot,lusa_54,2,extraction,a cidade de Trier,,0.95
qwen3_14b,portuguese,participants,ext_def_exp,temp0.3_nodelim_norole_nocot,lusa_54,2,extraction,sudoeste da Alemanha,,0.95
qwen3_14b,portuguese,participants,ext_def_exp,temp0.3_nodelim_norole_nocot,lusa_54,2,extraction,a polícia local,,0.9
qwen3_14b,portuguese,participants,ext_def_exp,temp0.3_nodelim_norole_nocot,lusa_54,2,extraction,Trier,,0.95
qwen3_14b,portuguese,participants,ext_def_exp,temp0.3_nodelim_norole_nocot,lusa_54,2,extraction,Alemanha,,0.95
qwen3_14b,portuguese,participants,cls_def_exp,temp0.3_nodelim_norole_nocot,lusa_54,2,classification,Duas pessoas,Per,0.95
qwen3_14b,portuguese,participants,cls_def_exp,temp0.3_nodelim_norole_nocot,lusa_54,2,classification,várias,Per,0.8
qwen3_14b,portuguese,participants,cls_def_exp,temp0.3_nodelim_norole_nocot,lusa_54,2,classification,um veículo,Veh,0.95
qwen3_14b,portuguese,participants,cls_def_exp,temp0.3_nodelim_norole_nocot,lusa_54,2,classification,uma zona pedonal,Path,0.9
qwen3_14b,portuguese,participants,cls_def_exp,temp0.3_nodelim_norole_nocot,lusa_54,2,classification,a cidade de Trier,Pl_civil,0.9
qwen3_14b,portuguese,participants,cls_def_exp,temp0.3_nodelim_norole_nocot,lusa_54,2,classification,sudoeste da Alemanha,Pl_region,0.85
qwen3_14b,portuguese,participants,cls_def_exp,temp0.3_nodelim_norole_nocot,lusa_54,2,classification,a polícia local,Org,0.95
qwen3_14b,portuguese,participants,cls_def_exp,temp0.3_nodelim_norole_nocot,lusa_54,2,classification,Trier,Pl_civil,0.95
qwen3_14b,portuguese,participants,cls_def_exp,temp0.3_nodelim_norole_nocot,lusa_54,2,classification,Alemanha,Pl_country,0.95
qwen3_14b,portuguese,participants,sent_def_exp,temp0.3_nodelim_norole_nocot,lusa_54,3,detection,,yes,0.95
qwen3_14b,portuguese,participants,ext_def_exp,temp0.3_nodelim_norole_nocot,lusa_54,3,extraction,Governo português,,1.0
qwen3_14b,portuguese,participants,ext_def_exp,temp0.3_nodelim_norole_nocot,lusa_54,3,extraction,Ministério dos Negócios Estrangeiros,,1.0
qwen3_14b,portuguese,participants,ext_def_exp,temp0.3_nodelim_norole_nocot,lusa_54,3,extraction,famílias das vítimas do atentado,,1.0
qwen3_14b,portuguese,participants,cls_def_exp,temp0.3_nodelim_norole_nocot,lusa_54,3,classification,Governo português,Org,0.95
qwen3_14b,portuguese,participants,cls_def_exp,temp0.3_nodelim_norole_nocot,lusa_54,3,classification,Ministério dos Negócios Estrangeiros,Org,0.95
qwen3_14b,portuguese,participants,cls_def_exp,temp0.3_nodelim_norole_nocot,lusa_54,3,classification,famílias das vítimas do atentado,Per,0.85
qwen3_14b,portuguese,participants,sent_def_exp,temp0.3_nodelim_norole_nocot,lusa_54,4,detection,,yes,0.95
qwen3_14b,portuguese,participants,ext_def_exp,temp0.3_nodelim_norole_nocot,lusa_54,4,extraction,feridos,,1.0
qwen3_14b,portuguese,participants,ext_def_exp,temp0.3_nodelim_norole_nocot,lusa_54,4,extraction,povo,,1.0
qwen3_14b,portuguese,participants,ext_def_exp,temp0.3_nodelim_norole_nocot,lusa_54,4,extraction,autoridades da Alemanha,,1.0
qwen3_14b,portuguese,participants,ext_def_exp,temp0.3_nodelim_norole_nocot,lusa_54,4,extraction,a mesma publicação,,1.0
qwen3_14b,portuguese,participants,cls_def_exp,temp0.3_nodelim_norole_nocot,lusa_54,4,classification,feridos,Per,0.95
qwen3_14b,portuguese,participants,cls_def_exp,temp0.3_nodelim_norole_nocot,lusa_54,4,classification,povo,Per,0.95
qwen3_14b,portuguese,participants,cls_def_exp,temp0.3_nodelim_norole_nocot,lusa_54,4,classification,autoridades da Alemanha,Org,0.85
qwen3_14b,portuguese,participants,cls_def_exp,temp0.3_nodelim_norole_nocot,lusa_54,4,classification,a mesma publicação,Org,0.9
qwen3_14b,portuguese,participants,sent_def_exp,temp0.3_nodelim_norole_nocot,lusa_54,5,detection,,yes,0.95
qwen3_14b,portuguese,participants,ext_def_exp,temp0.3_nodelim_norole_nocot,lusa_54,5,extraction,O motorista,,0.95
qwen3_14b,portuguese,participants,ext_def_exp,temp0.3_nodelim_norole_nocot,lusa_54,5,extraction,o veículo,,0.95
qwen3_14b,portuguese,participants,ext_def_exp,temp0.3_nodelim_norole_nocot,lusa_54,5,extraction,policia de Trier,,0.9
qwen3_14b,portuguese,participants,ext_def_exp,temp0.3_nodelim_norole_nocot,lusa_54,5,extraction,a mesma rede social,,0.85
qwen3_14b,portuguese,participants,cls_def_exp,temp0.3_nodelim_norole_nocot,lusa_54,5,classification,O motorista,Per,0.95
qwen3_14b,portuguese,participants,cls_def_exp,temp0.3_nodelim_norole_nocot,lusa_54,5,classification,o veículo,Veh,0.9
qwen3_14b,portuguese,participants,cls_def_exp,temp0.3_nodelim_norole_nocot,lusa_54,5,classification,policia de Trier,Org,0.95
qwen3_14b,portuguese,participants,cls_def_exp,temp0.3_nodelim_norole_nocot,lusa_54,5,classification,a mesma rede social,Loc,0.85
qwen3_14b,portuguese,participants,sent_def_exp,temp0.3_nodelim_norole_nocot,lusa_54,6,detection,,yes,0.95
qwen3_14b,portuguese,participants,ext_def_exp,temp0.3_nodelim_norole_nocot,lusa_54,6,extraction,A polícia,,0.95
qwen3_14b,portuguese,participants,ext_def_exp,temp0.3_nodelim_norole_nocot,lusa_54,6,extraction,as equipas de resgate,,0.9
qwen3_14b,portuguese,participants,ext_def_exp,temp0.3_nodelim_norole_nocot,lusa_54,6,extraction,às pessoas,,0.7
qwen3_14b,portuguese,participants,ext_def_exp,temp0.3_nodelim_norole_nocot,lusa_54,6,extraction,o centro da cidade,,0.8
qwen3_14b,portuguese,participants,cls_def_exp,temp0.3_nodelim_norole_nocot,lusa_54,6,classification,A polícia,Org,0.95
qwen3_14b,portuguese,participants,cls_def_exp,temp0.3_nodelim_norole_nocot,lusa_54,6,classification,as equipas de resgate,Org,0.9
qwen3_14b,portuguese,participants,cls_def_exp,temp0.3_nodelim_norole_nocot,lusa_54,6,classification,às pessoas,Per,0.85
qwen3_14b,portuguese,participants,cls_def_exp,temp0.3_nodelim_norole_nocot,lusa_54,6,classification,o centro da cidade,Loc,0.75
qwen3_14b,portuguese,participants,sent_def_exp,temp0.3_nodelim_norole_nocot,lusa_54,7,detection,,no,0.95
qwen3_14b,portuguese,participants,sent_def_exp,temp0.3_nodelim_norole_nocot,lusa_55,1,detection,,yes,0.95
qwen3_14b,portuguese,participants,ext_def_exp,temp0.3_nodelim_norole_nocot,lusa_55,1,extraction,Uma casa,,0.95
qwen3_14b,portuguese,participants,ext_def_exp,temp0.3_nodelim_norole_nocot,lusa_55,1,extraction,Hyderabad,,0.9
qwen3_14b,portuguese,participants,ext_def_exp,temp0.3_nodelim_norole_nocot,lusa_55,1,extraction,sul da Índia,,0.85
qwen3_14b,portuguese,participants,ext_def_exp,temp0.3_nodelim_norole_nocot,lusa_55,1,extraction,chuvas sem precedentes,,0.85
qwen3_14b,portuguese,participants,ext_def_exp,temp0.3_nodelim_norole_nocot,lusa_55,1,extraction,inundações,,0.85
qwen3_14b,portuguese,participants,ext_def_exp,temp0.3_nodelim_norole_nocot,lusa_55,1,extraction,oito pessoas,,0.9
qwen3_14b,portuguese,participants,ext_def_exp,temp0.3_nodelim_norole_nocot,lusa_55,1,extraction,a polícia local,,0.9
qwen3_14b,portuguese,participants,cls_def_exp,temp0.3_nodelim_norole_nocot,lusa_55,1,classification,Uma casa,Obj,0.95
qwen3_14b,portuguese,participants,cls_def_exp,temp0.3_nodelim_norole_nocot,lusa_55,1,classification,Hyderabad,Pl_civil,0.9
qwen3_14b,portuguese,participants,cls_def_exp,temp0.3_nodelim_norole_nocot,lusa_55,1,classification,sul da Índia,Pl_region,0.85
qwen3_14b,portuguese,participants,cls_def_exp,temp0.3_nodelim_norole_nocot,lusa_55,1,classification,chuvas sem precedentes,Other,0.7
qwen3_14b,portuguese,participants,cls_def_exp,temp0.3_nodelim_norole_nocot,lusa_55,1,classification,inundações,Other,0.7
qwen3_14b,portuguese,participants,cls_def_exp,temp0.3_nodelim_norole_nocot,lusa_55,1,classification,oito pessoas,Per,0.95
qwen3_14b,portuguese,participants,cls_def_exp,temp0.3_nodelim_norole_nocot,lusa_55,1,classification,a polícia local,Org,0.9
qwen3_14b,portuguese,participants,sent_def_exp,temp0.3_nodelim_norole_nocot,lusa_55,2,detection,,yes,0.95
qwen3_14b,portuguese,participants,ext_def_exp,temp0.3_nodelim_norole_nocot,lusa_55,2,extraction,os mortos,,0.95
qwen3_14b,portuguese,participants,ext_def_exp,temp0.3_nodelim_norole_nocot,lusa_55,2,extraction,outras quatro pessoas,,0.95
qwen3_14b,portuguese,participants,ext_def_exp,temp0.3_nodelim_norole_nocot,lusa_55,2,extraction,um muro,,0.9
qwen3_14b,portuguese,participants,ext_def_exp,temp0.3_nodelim_norole_nocot,lusa_55,2,extraction,uma casa vizinha,,0.9
qwen3_14b,portuguese,participants,cls_def_exp,temp0.3_nodelim_norole_nocot,lusa_55,2,classification,os mortos,Per,1.0
qwen3_14b,portuguese,participants,cls_def_exp,temp0.3_nodelim_norole_nocot,lusa_55,2,classification,outras quatro pessoas,Per,1.0
qwen3_14b,portuguese,participants,cls_def_exp,temp0.3_nodelim_norole_nocot,lusa_55,2,classification,um muro,Obj,1.0
qwen3_14b,portuguese,participants,cls_def_exp,temp0.3_nodelim_norole_nocot,lusa_55,2,classification,uma casa vizinha,Fac,0.9
qwen3_14b,portuguese,participants,sent_def_exp,temp0.3_nodelim_norole_nocot,lusa_55,3,detection,,yes,0.95
qwen3_14b,portuguese,participants,ext_def_exp,temp0.3_nodelim_norole_nocot,lusa_55,3,extraction,Hyderabad,,1.0
qwen3_14b,portuguese,participants,ext_def_exp,temp0.3_nodelim_norole_nocot,lusa_55,3,extraction,as autoridades,,0.9
qwen3_14b,portuguese,participants,ext_def_exp,temp0.3_nodelim_norole_nocot,lusa_55,3,extraction,barcos,,0.8
qwen3_14b,portuguese,participants,ext_def_exp,temp0.3_nodelim_norole_nocot,lusa_55,3,extraction,pessoas,,0.9
qwen3_14b,portuguese,participants,ext_def_exp,temp0.3_nodelim_norole_nocot,lusa_55,3,extraction,áreas baixas da cidade,,0.8
qwen3_14b,portuguese,participants,cls_def_exp,temp0.3_nodelim_norole_nocot,lusa_55,3,classification,Hyderabad,Pl_civil,0.95
qwen3_14b,portuguese,participants,cls_def_exp,temp0.3_nodelim_norole_nocot,lusa_55,3,classification,as autoridades,Org,0.9
qwen3_14b,portuguese,participants,cls_def_exp,temp0.3_nodelim_norole_nocot,lusa_55,3,classification,barcos,Veh,0.95
qwen3_14b,portuguese,participants,cls_def_exp,temp0.3_nodelim_norole_nocot,lusa_55,3,classification,pessoas,Per,0.95
qwen3_14b,portuguese,participants,cls_def_exp,temp0.3_nodelim_norole_nocot,lusa_55,3,classification,áreas baixas da cidade,Pl_region,0.85
qwen3_14b,portuguese,participants,sent_def_exp,temp0.3_nodelim_norole_nocot,lusa_55,4,detection,,yes,0.95
qwen3_14b,portuguese,participants,ext_def_exp,temp0.3_nodelim_norole_nocot,lusa_55,4,extraction,"Mais de 9,6 milhões de pessoas",,0.95
qwen3_14b,portuguese,participants,ext_def_exp,temp0.3_nodelim_norole_nocot,lusa_55,4,extraction,sul da Ásia,,0.9
qwen3_14b,portuguese,participants,cls_def_exp,temp0.3_nodelim_norole_nocot,lusa_55,4,classification,"Mais de 9,6 milhões de pessoas",Per,0.95
qwen3_14b,portuguese,participants,cls_def_exp,temp0.3_nodelim_norole_nocot,lusa_55,4,classification,sul da Ásia,Pl_region,0.85
qwen3_14b,portuguese,participants,sent_def_exp,temp0.3_nodelim_norole_nocot,lusa_55,5,detection,,yes,0.95
qwen3_14b,portuguese,participants,ext_def_exp,temp0.3_nodelim_norole_nocot,lusa_55,5,extraction,pessoas,,0.9
qwen3_14b,portuguese,participants,ext_def_exp,temp0.3_nodelim_norole_nocot,lusa_55,5,extraction,Índia,,0.95
qwen3_14b,portuguese,participants,ext_def_exp,temp0.3_nodelim_norole_nocot,lusa_55,5,extraction,Bangladesh,,0.95
qwen3_14b,portuguese,participants,ext_def_exp,temp0.3_nodelim_norole_nocot,lusa_55,5,extraction,Nepal,,0.95
qwen3_14b,portuguese,participants,ext_def_exp,temp0.3_nodelim_norole_nocot,lusa_55,5,extraction,milhões,,0.8
qwen3_14b,portuguese,participants,cls_def_exp,temp0.3_nodelim_norole_nocot,lusa_55,5,classification,pessoas,Per,0.95
qwen3_14b,portuguese,participants,cls_def_exp,temp0.3_nodelim_norole_nocot,lusa_55,5,classification,Índia,Pl_country,0.95
qwen3_14b,portuguese,participants,cls_def_exp,temp0.3_nodelim_norole_nocot,lusa_55,5,classification,Bangladesh,Pl_country,0.95
qwen3_14b,portuguese,participants,cls_def_exp,temp0.3_nodelim_norole_nocot,lusa_55,5,classification,Nepal,Pl_country,0.95
qwen3_14b,portuguese,participants,cls_def_exp,temp0.3_nodelim_norole_nocot,lusa_55,5,classification,milhões,Other,0.8
qwen3_14b,portuguese,participants,sent_def_exp,temp0.3_nodelim_norole_nocot,lusa_56,1,detection,,yes,0.95
qwen3_14b,portuguese,participants,ext_def_exp,temp0.3_nodelim_norole_nocot,lusa_56,1,extraction,Soumaila Cissé,,0.95
qwen3_14b,portuguese,participants,ext_def_exp,temp0.3_nodelim_norole_nocot,lusa_56,1,extraction,Governo do Mali,,0.9
qwen3_14b,portuguese,participants,ext_def_exp,temp0.3_nodelim_norole_nocot,lusa_56,1,extraction,jihadistas,,0.85
qwen3_14b,portuguese,participants,ext_def_exp,temp0.3_nodelim_norole_nocot,lusa_56,1,extraction,França,,0.9
qwen3_14b,portuguese,participants,ext_def_exp,temp0.3_nodelim_norole_nocot,lusa_56,1,extraction,família,,0.8
qwen3_14b,portuguese,participants,ext_def_exp,temp0.3_nodelim_norole_nocot,lusa_56,1,extraction,seu partido,,0.85
qwen3_14b,portuguese,participants,ext_def_exp,temp0.3_nodelim_norole_nocot,lusa_56,1,extraction,novo coronavírus,,0.8
qwen3_14b,portuguese,participants,cls_def_exp,temp0.3_nodelim_norole_nocot,lusa_56,1,classification,Soumaila Cissé,Per,0.95
qwen3_14b,portuguese,participants,cls_def_exp,temp0.3_nodelim_norole_nocot,lusa_56,1,classification,Governo do Mali,Org,0.9
qwen3_14b,portuguese,participants,cls_def_exp,temp0.3_nodelim_norole_nocot,lusa_56,1,classification,jihadistas,Org,0.85
qwen3_14b,portuguese,participants,cls_def_exp,temp0.3_nodelim_norole_nocot,lusa_56,1,classification,França,Pl_country,0.95
qwen3_14b,portuguese,participants,cls_def_exp,temp0.3_nodelim_norole_nocot,lusa_56,1,classification,família,Other,0.7
qwen3_14b,portuguese,participants,cls_def_exp,temp0.3_nodelim_norole_nocot,lusa_56,1,classification,seu partido,Org,0.9
qwen3_14b,portuguese,participants,cls_def_exp,temp0.3_nodelim_norole_nocot,lusa_56,1,classification,novo coronavírus,Other,0.8
qwen3_14b,portuguese,participants,sent_def_exp,temp0.3_nodelim_norole_nocot,lusa_56,2,detection,,yes,0.95
qwen3_14b,portuguese,participants,ext_def_exp,temp0.3_nodelim_norole_nocot,lusa_56,2,extraction,Soumaila Cissé,,0.95
qwen3_14b,portuguese,participants,ext_def_exp,temp0.3_nodelim_norole_nocot,lusa_56,2,extraction,Mali,,0.85
qwen3_14b,portuguese,participants,ext_def_exp,temp0.3_nodelim_norole_nocot,lusa_56,2,extraction,França,,0.85
qwen3_14b,portuguese,participants,ext_def_exp,temp0.3_nodelim_norole_nocot,lusa_56,2,extraction,um membro de sua família,,0.75
qwen3_14b,portuguese,participants,ext_def_exp,temp0.3_nodelim_norole_nocot,lusa_56,2,extraction,Agência France-Presse (AFP),,0.9
qwen3_14b,portuguese,participants,cls_def_exp,temp0.3_nodelim_norole_nocot,lusa_56,2,classification,Soumaila Cissé,Per,0.95
qwen3_14b,portuguese,participants,cls_def_exp,temp0.3_nodelim_norole_nocot,lusa_56,2,classification,Mali,Pl_country,0.9
qwen3_14b,portuguese,participants,cls_def_exp,temp0.3_nodelim_norole_nocot,lusa_56,2,classification,França,Pl_country,0.9
qwen3_14b,portuguese,participants,cls_def_exp,temp0.3_nodelim_norole_nocot,lusa_56,2,classification,um membro de sua família,Per,0.85
qwen3_14b,portuguese,participants,cls_def_exp,temp0.3_nodelim_norole_nocot,lusa_56,2,classification,Agência France-Presse (AFP),Org,0.95
qwen3_14b,portuguese,participants,sent_def_exp,temp0.3_nodelim_norole_nocot,lusa_56,3,detection,,no,0.75
qwen3_14b,portuguese,participants,sent_def_exp,temp0.3_nodelim_norole_nocot,lusa_56,4,detection,,yes,0.95
qwen3_14b,portuguese,participants,ext_def_exp,temp0.3_nodelim_norole_nocot,lusa_56,4,extraction,Ele,,0.5
qwen3_14b,portuguese,participants,cls_def_exp,temp0.3_nodelim_norole_nocot,lusa_56,4,classification,Ele,Per,1.0
qwen3_14b,portuguese,participants,sent_def_exp,temp0.3_nodelim_norole_nocot,lusa_56,5,detection,,yes,0.95
qwen3_14b,portuguese,participants,ext_def_exp,temp0.3_nodelim_norole_nocot,lusa_56,5,extraction,A sua esposa,,0.95
qwen3_14b,portuguese,participants,ext_def_exp,temp0.3_nodelim_norole_nocot,lusa_56,5,extraction,França,,0.7
qwen3_14b,portuguese,participants,ext_def_exp,temp0.3_nodelim_norole_nocot,lusa_56,5,extraction,AFP,,0.9
qwen3_14b,portuguese,participants,ext_def_exp,temp0.3_nodelim_norole_nocot,lusa_56,5,extraction,um elemento,,0.8
qwen3_14b,portuguese,participants,ext_def_exp,temp0.3_nodelim_norole_nocot,lusa_56,5,extraction,União para a República e a Democracia (URD),,0.95
qwen3_14b,portuguese,participants,cls_def_exp,temp0.3_nodelim_norole_nocot,lusa_56,5,classification,A sua esposa,Per,0.95
qwen3_14b,portuguese,participants,cls_def_exp,temp0.3_nodelim_norole_nocot,lusa_56,5,classification,França,Pl_country,0.95
qwen3_14b,portuguese,participants,cls_def_exp,temp0.3_nodelim_norole_nocot,lusa_56,5,classification,AFP,Org,0.9
qwen3_14b,portuguese,participants,cls_def_exp,temp0.3_nodelim_norole_nocot,lusa_56,5,classification,um elemento,Per,0.8
qwen3_14b,portuguese,participants,cls_def_exp,temp0.3_nodelim_norole_nocot,lusa_56,5,classification,União para a República e a Democracia (URD),Org,0.95
qwen3_14b,portuguese,participants,sent_def_exp,temp0.3_nodelim_norole_nocot,lusa_56,6,detection,,yes,0.95
qwen3_14b,portuguese,participants,ext_def_exp,temp0.3_nodelim_norole_nocot,lusa_56,6,extraction,Soumaila Cissé,,1.0
qwen3_14b,portuguese,participants,ext_def_exp,temp0.3_nodelim_norole_nocot,lusa_56,6,extraction,Mali,,0.9
qwen3_14b,portuguese,participants,ext_def_exp,temp0.3_nodelim_norole_nocot,lusa_56,6,extraction,Tumbuktu (Noroeste),,0.9
qwen3_14b,portuguese,participants,cls_def_exp,temp0.3_nodelim_norole_nocot,lusa_56,6,classification,Soumaila Cissé,Per,0.95
qwen3_14b,portuguese,participants,cls_def_exp,temp0.3_nodelim_norole_nocot,lusa_56,6,classification,Mali,Pl_country,0.95
qwen3_14b,portuguese,participants,cls_def_exp,temp0.3_nodelim_norole_nocot,lusa_56,6,classification,Tumbuktu (Noroeste),Pl_civil,0.85
qwen3_14b,portuguese,participants,sent_def_exp,temp0.3_nodelim_norole_nocot,lusa_56,7,detection,,yes,0.95
qwen3_14b,portuguese,participants,ext_def_exp,temp0.3_nodelim_norole_nocot,lusa_56,7,extraction,jihadistas,,0.8
qwen3_14b,portuguese,participants,ext_def_exp,temp0.3_nodelim_norole_nocot,lusa_56,7,extraction,Sophie Pétronin,,0.95
qwen3_14b,portuguese,participants,ext_def_exp,temp0.3_nodelim_norole_nocot,lusa_56,7,extraction,dois italianos,,0.7
qwen3_14b,portuguese,participants,ext_def_exp,temp0.3_nodelim_norole_nocot,lusa_56,7,extraction,200 detidos,,0.8
qwen3_14b,portuguese,participants,cls_def_exp,temp0.3_nodelim_norole_nocot,lusa_56,7,classification,jihadistas,Per,0.7
qwen3_14b,portuguese,participants,cls_def_exp,temp0.3_nodelim_norole_nocot,lusa_56,7,classification,Sophie Pétronin,Per,0.95
qwen3_14b,portuguese,participants,cls_def_exp,temp0.3_nodelim_norole_nocot,lusa_56,7,classification,dois italianos,Per,0.9
qwen3_14b,portuguese,participants,cls_def_exp,temp0.3_nodelim_norole_nocot,lusa_56,7,classification,200 detidos,Per,0.85
qwen3_14b,portuguese,participants,sent_def_exp,temp0.3_nodelim_norole_nocot,lusa_56,8,detection,,yes,0.75
qwen3_14b,portuguese,participants,ext_def_exp,temp0.3_nodelim_norole_nocot,lusa_56,8,extraction,ela,,0.5
qwen3_14b,portuguese,participants,cls_def_exp,temp0.3_nodelim_norole_nocot,lusa_56,8,classification,ela,Per,0.95
qwen3_14b,portuguese,participants,sent_def_exp,temp0.3_nodelim_norole_nocot,lusa_56,9,detection,,yes,0.95
qwen3_14b,portuguese,participants,ext_def_exp,temp0.3_nodelim_norole_nocot,lusa_56,9,extraction,Soumaila Cissé,,0.95
qwen3_14b,portuguese,participants,cls_def_exp,temp0.3_nodelim_norole_nocot,lusa_56,9,classification,Soumaila Cissé,Per,0.95
qwen3_14b,portuguese,participants,sent_def_exp,temp0.3_nodelim_norole_nocot,lusa_57,1,detection,,yes,0.95
qwen3_14b,portuguese,participants,ext_def_exp,temp0.3_nodelim_norole_nocot,lusa_57,1,extraction,A Indonésia,,0.95
qwen3_14b,portuguese,participants,ext_def_exp,temp0.3_nodelim_norole_nocot,lusa_57,1,extraction,um grupo muçulmano,,0.95
qwen3_14b,portuguese,participants,ext_def_exp,temp0.3_nodelim_norole_nocot,lusa_57,1,extraction,embaixadas ocidentais,,0.9
qwen3_14b,portuguese,participants,ext_def_exp,temp0.3_nodelim_norole_nocot,lusa_57,1,extraction,locais de culto não islâmicos,,0.9
qwen3_14b,portuguese,participants,cls_def_exp,temp0.3_nodelim_norole_nocot,lusa_57,1,classification,A Indonésia,Pl_country,0.95
qwen3_14b,portuguese,participants,cls_def_exp,temp0.3_nodelim_norole_nocot,lusa_57,1,classification,um grupo muçulmano,Org,0.8
qwen3_14b,portuguese,participants,cls_def_exp,temp0.3_nodelim_norole_nocot,lusa_57,1,classification,embaixadas ocidentais,Fac,0.95
qwen3_14b,portuguese,participants,cls_def_exp,temp0.3_nodelim_norole_nocot,lusa_57,1,classification,locais de culto não islâmicos,Fac,0.9
qwen3_14b,portuguese,participants,sent_def_exp,temp0.3_nodelim_norole_nocot,lusa_57,2,detection,,yes,0.95
qwen3_14b,portuguese,participants,ext_def_exp,temp0.3_nodelim_norole_nocot,lusa_57,2,extraction,Mohammad Mahfud,,0.95
qwen3_14b,portuguese,participants,ext_def_exp,temp0.3_nodelim_norole_nocot,lusa_57,2,extraction,Frente de Defesa Islâmica,,0.95
qwen3_14b,portuguese,participants,ext_def_exp,temp0.3_nodelim_norole_nocot,lusa_57,2,extraction,FPI,,0.9
qwen3_14b,portuguese,participants,ext_def_exp,temp0.3_nodelim_norole_nocot,lusa_57,2,extraction,organização,,0.7
qwen3_14b,portuguese,participants,cls_def_exp,temp0.3_nodelim_norole_nocot,lusa_57,2,classification,Mohammad Mahfud,Per,0.95
qwen3_14b,portuguese,participants,cls_def_exp,temp0.3_nodelim_norole_nocot,lusa_57,2,classification,Frente de Defesa Islâmica,Org,0.95
qwen3_14b,portuguese,participants,cls_def_exp,temp0.3_nodelim_norole_nocot,lusa_57,2,classification,FPI,Org,0.9
qwen3_14b,portuguese,participants,cls_def_exp,temp0.3_nodelim_norole_nocot,lusa_57,2,classification,organização,Org,0.85
qwen3_14b,portuguese,participants,sent_def_exp,temp0.3_nodelim_norole_nocot,lusa_57,3,detection,,yes,0.95
qwen3_14b,portuguese,participants,ext_def_exp,temp0.3_nodelim_norole_nocot,lusa_57,3,extraction,governo de Jacarta,,0.95
qwen3_14b,portuguese,participants,ext_def_exp,temp0.3_nodelim_norole_nocot,lusa_57,3,extraction,FPI,,0.9
qwen3_14b,portuguese,participants,cls_def_exp,temp0.3_nodelim_norole_nocot,lusa_57,3,classification,governo de Jacarta,Org,0.95
qwen3_14b,portuguese,participants,cls_def_exp,temp0.3_nodelim_norole_nocot,lusa_57,3,classification,FPI,Org,0.9
qwen3_14b,portuguese,participants,sent_def_exp,temp0.3_nodelim_norole_nocot,lusa_57,4,detection,,yes,0.95
qwen3_14b,portuguese,participants,ext_def_exp,temp0.3_nodelim_norole_nocot,lusa_57,4,extraction,O grupo radical,,0.95
qwen3_14b,portuguese,participants,ext_def_exp,temp0.3_nodelim_norole_nocot,lusa_57,4,extraction,Indonésia,,0.9
qwen3_14b,portuguese,participants,ext_def_exp,temp0.3_nodelim_norole_nocot,lusa_57,4,extraction,a população,,0.8
qwen3_14b,portuguese,participants,cls_def_exp,temp0.3_nodelim_norole_nocot,lusa_57,4,classification,O grupo radical,Org,0.95
qwen3_14b,portuguese,participants,cls_def_exp,temp0.3_nodelim_norole_nocot,lusa_57,4,classification,Indonésia,Pl_country,0.98
qwen3_14b,portuguese,participants,cls_def_exp,temp0.3_nodelim_norole_nocot,lusa_57,4,classification,a população,Other,0.75
qwen3_14b,portuguese,participants,sent_def_exp,temp0.3_nodelim_norole_nocot,lusa_57,5,detection,,yes,0.95
qwen3_14b,portuguese,participants,ext_def_exp,temp0.3_nodelim_norole_nocot,lusa_57,5,extraction,FPI,,0.95
qwen3_14b,portuguese,participants,ext_def_exp,temp0.3_nodelim_norole_nocot,lusa_57,5,extraction,governador cristão de Jacarta,,0.9
qwen3_14b,portuguese,participants,ext_def_exp,temp0.3_nodelim_norole_nocot,lusa_57,5,extraction,Jacarta,,0.8
qwen3_14b,portuguese,participants,cls_def_exp,temp0.3_nodelim_norole_nocot,lusa_57,5,classification,FPI,Org,0.95
qwen3_14b,portuguese,participants,cls_def_exp,temp0.3_nodelim_norole_nocot,lusa_57,5,classification,governador cristão de Jacarta,Per,0.9
qwen3_14b,portuguese,participants,cls_def_exp,temp0.3_nodelim_norole_nocot,lusa_57,5,classification,Jacarta,Pl_capital,0.95
qwen3_14b,portuguese,participants,sent_def_exp,temp0.3_nodelim_norole_nocot,lusa_57,6,detection,,yes,0.95
qwen3_14b,portuguese,participants,ext_def_exp,temp0.3_nodelim_norole_nocot,lusa_57,6,extraction,Rizieg Shihab,,0.95
qwen3_14b,portuguese,participants,ext_def_exp,temp0.3_nodelim_norole_nocot,lusa_57,6,extraction,a organização,,0.8
qwen3_14b,portuguese,participants,ext_def_exp,temp0.3_nodelim_norole_nocot,lusa_57,6,extraction,as autoridades,,0.9
qwen3_14b,portuguese,participants,ext_def_exp,temp0.3_nodelim_norole_nocot,lusa_57,6,extraction,o Governo,,0.85
qwen3_14b,portuguese,participants,ext_def_exp,temp0.3_nodelim_norole_nocot,lusa_57,6,extraction,a população,,0.75
qwen3_14b,portuguese,participants,ext_def_exp,temp0.3_nodelim_norole_nocot,lusa_57,6,extraction,a pandemia de covid-19,,0.7
qwen3_14b,portuguese,participants,ext_def_exp,temp0.3_nodelim_norole_nocot,lusa_57,6,extraction,o país,,0.6
qwen3_14b,portuguese,participants,cls_def_exp,temp0.3_nodelim_norole_nocot,lusa_57,6,classification,Rizieg Shihab,Per,0.95
qwen3_14b,portuguese,participants,cls_def_exp,temp0.3_nodelim_norole_nocot,lusa_57,6,classification,a organização,Org,0.9
qwen3_14b,portuguese,participants,cls_def_exp,temp0.3_nodelim_norole_nocot,lusa_57,6,classification,as autoridades,Org,0.9
qwen3_14b,portuguese,participants,cls_def_exp,temp0.3_nodelim_norole_nocot,lusa_57,6,classification,o Governo,Org,0.95
qwen3_14b,portuguese,participants,cls_def_exp,temp0.3_nodelim_norole_nocot,lusa_57,6,classification,a população,Other,0.6
qwen3_14b,portuguese,participants,cls_def_exp,temp0.3_nodelim_norole_nocot,lusa_57,6,classification,a pandemia de covid-19,Other,0.7
qwen3_14b,portuguese,participants,cls_def_exp,temp0.3_nodelim_norole_nocot,lusa_57,6,classification,o país,Pl_country,0.95
qwen3_14b,portuguese,participants,sent_def_exp,temp0.3_nodelim_norole_nocot,lusa_58,1,detection,,yes,0.95
qwen3_14b,portuguese,participants,ext_def_exp,temp0.3_nodelim_norole_nocot,lusa_58,1,extraction,A ministra da Saúde de Angola,,0.9
qwen3_14b,portuguese,participants,ext_def_exp,temp0.3_nodelim_norole_nocot,lusa_58,1,extraction,Sílvia Lutucuta,,0.95
qwen3_14b,portuguese,participants,ext_def_exp,temp0.3_nodelim_norole_nocot,lusa_58,1,extraction,duas pessoas,,0.8
qwen3_14b,portuguese,participants,ext_def_exp,temp0.3_nodelim_norole_nocot,lusa_58,1,extraction,Hospital Geral da província do Cunene,,0.9
qwen3_14b,portuguese,participants,ext_def_exp,temp0.3_nodelim_norole_nocot,lusa_58,1,extraction,provincia do Cunene,,0.8
qwen3_14b,portuguese,participants,ext_def_exp,temp0.3_nodelim_norole_nocot,lusa_58,1,extraction,Angola,,0.8
qwen3_14b,portuguese,participants,cls_def_exp,temp0.3_nodelim_norole_nocot,lusa_58,1,classification,A ministra da Saúde de Angola,Per,0.95
qwen3_14b,portuguese,participants,cls_def_exp,temp0.3_nodelim_norole_nocot,lusa_58,1,classification,Sílvia Lutucuta,Per,0.99
qwen3_14b,portuguese,participants,cls_def_exp,temp0.3_nodelim_norole_nocot,lusa_58,1,classification,duas pessoas,Per,0.9
qwen3_14b,portuguese,participants,cls_def_exp,temp0.3_nodelim_norole_nocot,lusa_58,1,classification,Hospital Geral da província do Cunene,Fac,0.95
qwen3_14b,portuguese,participants,cls_def_exp,temp0.3_nodelim_norole_nocot,lusa_58,1,classification,provincia do Cunene,Pl_civil,0.9
qwen3_14b,portuguese,participants,cls_def_exp,temp0.3_nodelim_norole_nocot,lusa_58,1,classification,Angola,Pl_country,0.95
qwen3_14b,portuguese,participants,sent_def_exp,temp0.3_nodelim_norole_nocot,lusa_58,2,detection,,yes,0.95
qwen3_14b,portuguese,participants,ext_def_exp,temp0.3_nodelim_norole_nocot,lusa_58,2,extraction,Ministério da Saúde,,0.9
qwen3_14b,portuguese,participants,ext_def_exp,temp0.3_nodelim_norole_nocot,lusa_58,2,extraction,a governante,,0.8
qwen3_14b,portuguese,participants,ext_def_exp,temp0.3_nodelim_norole_nocot,lusa_58,2,extraction,Angola,,0.7
qwen3_14b,portuguese,participants,ext_def_exp,temp0.3_nodelim_norole_nocot,lusa_58,2,extraction,Hospital Geral de Ondjiva,,0.9
qwen3_14b,portuguese,participants,ext_def_exp,temp0.3_nodelim_norole_nocot,lusa_58,2,extraction,Cunene,,0.8
qwen3_14b,portuguese,participants,ext_def_exp,temp0.3_nodelim_norole_nocot,lusa_58,2,extraction,Ondjiva,,0.8
qwen3_14b,portuguese,participants,ext_def_exp,temp0.3_nodelim_norole_nocot,lusa_58,2,extraction,doente grave,,0.7
qwen3_14b,portuguese,participants,ext_def_exp,temp0.3_nodelim_norole_nocot,lusa_58,2,extraction,recém-nascido,,0.7
qwen3_14b,portuguese,participants,cls_def_exp,temp0.3_nodelim_norole_nocot,lusa_58,2,classification,Ministério da Saúde,Org,0.95
qwen3_14b,portuguese,participants,cls_def_exp,temp0.3_nodelim_norole_nocot,lusa_58,2,classification,a governante,Per,0.9
qwen3_14b,portuguese,participants,cls_def_exp,temp0.3_nodelim_norole_nocot,lusa_58,2,classification,Angola,Pl_country,0.95
qwen3_14b,portuguese,participants,cls_def_exp,temp0.3_nodelim_norole_nocot,lusa_58,2,classification,Hospital Geral de Ondjiva,Fac,0.9
qwen3_14b,portuguese,participants,cls_def_exp,temp0.3_nodelim_norole_nocot,lusa_58,2,classification,Cunene,Pl_civil,0.9
qwen3_14b,portuguese,participants,cls_def_exp,temp0.3_nodelim_norole_nocot,lusa_58,2,classification,Ondjiva,Pl_capital,0.95
qwen3_14b,portuguese,participants,cls_def_exp,temp0.3_nodelim_norole_nocot,lusa_58,2,classification,doente grave,Per,0.8
qwen3_14b,portuguese,participants,cls_def_exp,temp0.3_nodelim_norole_nocot,lusa_58,2,classification,recém-nascido,Per,0.9
qwen3_14b,portuguese,participants,sent_def_exp,temp0.3_nodelim_norole_nocot,lusa_58,3,detection,,no,0.75
qwen3_14b,portuguese,participants,sent_def_exp,temp0.3_nodelim_norole_nocot,lusa_58,4,detection,,yes,0.95
qwen3_14b,portuguese,participants,ext_def_exp,temp0.3_nodelim_norole_nocot,lusa_58,4,extraction,Sílvia Lutucuta,,0.95
qwen3_14b,portuguese,participants,ext_def_exp,temp0.3_nodelim_norole_nocot,lusa_58,4,extraction,os pacientes,,0.8
qwen3_14b,portuguese,participants,ext_def_exp,temp0.3_nodelim_norole_nocot,lusa_58,4,extraction,outras unidades hospitalares da zona,,0.8
qwen3_14b,portuguese,participants,ext_def_exp,temp0.3_nodelim_norole_nocot,lusa_58,4,extraction,uma equipa da linha da frente,,0.8
qwen3_14b,portuguese,participants,ext_def_exp,temp0.3_nodelim_norole_nocot,lusa_58,4,extraction,os demais doentes,,0.7
qwen3_14b,portuguese,participants,cls_def_exp,temp0.3_nodelim_norole_nocot,lusa_58,4,classification,Sílvia Lutucuta,Per,0.95
qwen3_14b,portuguese,participants,cls_def_exp,temp0.3_nodelim_norole_nocot,lusa_58,4,classification,os pacientes,Per,0.9
qwen3_14b,portuguese,participants,cls_def_exp,temp0.3_nodelim_norole_nocot,lusa_58,4,classification,outras unidades hospitalares da zona,Fac,0.95
qwen3_14b,portuguese,participants,cls_def_exp,temp0.3_nodelim_norole_nocot,lusa_58,4,classification,uma equipa da linha da frente,Org,0.9
qwen3_14b,portuguese,participants,cls_def_exp,temp0.3_nodelim_norole_nocot,lusa_58,4,classification,os demais doentes,Per,0.9
qwen3_14b,portuguese,participants,sent_def_exp,temp0.3_nodelim_norole_nocot,lusa_58,5,detection,,yes,0.95
qwen3_14b,portuguese,participants,ext_def_exp,temp0.3_nodelim_norole_nocot,lusa_58,5,extraction,pacientes,,1.0
qwen3_14b,portuguese,participants,ext_def_exp,temp0.3_nodelim_norole_nocot,lusa_58,5,extraction,centros de saúde,,0.9
qwen3_14b,portuguese,participants,ext_def_exp,temp0.3_nodelim_norole_nocot,lusa_58,5,extraction,Hospital Municipal de Cuanhama,,1.0
qwen3_14b,portuguese,participants,cls_def_exp,temp0.3_nodelim_norole_nocot,lusa_58,5,classification,pacientes,Per,0.95
qwen3_14b,portuguese,participants,cls_def_exp,temp0.3_nodelim_norole_nocot,lusa_58,5,classification,centros de saúde,Fac,0.9
qwen3_14b,portuguese,participants,cls_def_exp,temp0.3_nodelim_norole_nocot,lusa_58,5,classification,Hospital Municipal de Cuanhama,Fac,0.95
qwen3_14b,portuguese,participants,sent_def_exp,temp0.3_nodelim_norole_nocot,lusa_59,1,detection,,yes,0.95
qwen3_14b,portuguese,participants,ext_def_exp,temp0.3_nodelim_norole_nocot,lusa_59,1,extraction,Um homem de 60 anos,,0.9
qwen3_14b,portuguese,participants,ext_def_exp,temp0.3_nodelim_norole_nocot,lusa_59,1,extraction,a esposa de 59 anos,,0.9
qwen3_14b,portuguese,participants,ext_def_exp,temp0.3_nodelim_norole_nocot,lusa_59,1,extraction,a GNR,,0.9
qwen3_14b,portuguese,participants,ext_def_exp,temp0.3_nodelim_norole_nocot,lusa_59,1,extraction,a Trofa,,0.8
qwen3_14b,portuguese,participants,ext_def_exp,temp0.3_nodelim_norole_nocot,lusa_59,1,extraction,distrito do Porto,,0.8
qwen3_14b,portuguese,participants,cls_def_exp,temp0.3_nodelim_norole_nocot,lusa_59,1,classification,Um homem de 60 anos,Per,0.95
qwen3_14b,portuguese,participants,cls_def_exp,temp0.3_nodelim_norole_nocot,lusa_59,1,classification,a esposa de 59 anos,Per,0.95
qwen3_14b,portuguese,participants,cls_def_exp,temp0.3_nodelim_norole_nocot,lusa_59,1,classification,a GNR,Org,0.95
qwen3_14b,portuguese,participants,cls_def_exp,temp0.3_nodelim_norole_nocot,lusa_59,1,classification,a Trofa,Pl_civil,0.9
qwen3_14b,portuguese,participants,cls_def_exp,temp0.3_nodelim_norole_nocot,lusa_59,1,classification,distrito do Porto,Pl_state,0.95
qwen3_14b,portuguese,participants,sent_def_exp,temp0.3_nodelim_norole_nocot,lusa_59,2,detection,,yes,0.98
qwen3_14b,portuguese,participants,ext_def_exp,temp0.3_nodelim_norole_nocot,lusa_59,2,extraction,Núcleo de Investigação e Apoio a Vítimas Específicas (NIAVE) do Porto,,0.95
qwen3_14b,portuguese,participants,ext_def_exp,temp0.3_nodelim_norole_nocot,lusa_59,2,extraction,os militares,,0.8
qwen3_14b,portuguese,participants,ext_def_exp,temp0.3_nodelim_norole_nocot,lusa_59,2,extraction,o agressor,,0.9
qwen3_14b,portuguese,participants,ext_def_exp,temp0.3_nodelim_norole_nocot,lusa_59,2,extraction,"a vítima, sua esposa, de 59 anos",,0.9
qwen3_14b,portuguese,participants,ext_def_exp,temp0.3_nodelim_norole_nocot,lusa_59,2,extraction,Porto,,0.8
qwen3_14b,portuguese,participants,ext_def_exp,temp0.3_nodelim_norole_nocot,lusa_59,2,extraction,NIAVE,,0.8
qwen3_14b,portuguese,participants,ext_def_exp,temp0.3_nodelim_norole_nocot,lusa_59,2,extraction,a vítima,,0.9
qwen3_14b,portuguese,participants,ext_def_exp,temp0.3_nodelim_norole_nocot,lusa_59,2,extraction,sua esposa,,0.9
qwen3_14b,portuguese,participants,cls_def_exp,temp0.3_nodelim_norole_nocot,lusa_59,2,classification,Núcleo de Investigação e Apoio a Vítimas Específicas (NIAVE) do Porto,Org,0.95
qwen3_14b,portuguese,participants,cls_def_exp,temp0.3_nodelim_norole_nocot,lusa_59,2,classification,os militares,Per,0.9
qwen3_14b,portuguese,participants,cls_def_exp,temp0.3_nodelim_norole_nocot,lusa_59,2,classification,o agressor,Per,0.95
qwen3_14b,portuguese,participants,cls_def_exp,temp0.3_nodelim_norole_nocot,lusa_59,2,classification,"a vítima, sua esposa, de 59 anos",Per,0.95
qwen3_14b,portuguese,participants,cls_def_exp,temp0.3_nodelim_norole_nocot,lusa_59,2,classification,Porto,Pl_civil,0.9
qwen3_14b,portuguese,participants,cls_def_exp,temp0.3_nodelim_norole_nocot,lusa_59,2,classification,NIAVE,Org,0.95
qwen3_14b,portuguese,participants,cls_def_exp,temp0.3_nodelim_norole_nocot,lusa_59,2,classification,a vítima,Per,0.95
qwen3_14b,portuguese,participants,cls_def_exp,temp0.3_nodelim_norole_nocot,lusa_59,2,classification,sua esposa,Per,0.95
qwen3_14b,portuguese,participants,sent_def_exp,temp0.3_nodelim_norole_nocot,lusa_59,3,detection,,yes,0.95
qwen3_14b,portuguese,participants,ext_def_exp,temp0.3_nodelim_norole_nocot,lusa_59,3,extraction,a GNR,,0.95
qwen3_14b,portuguese,participants,ext_def_exp,temp0.3_nodelim_norole_nocot,lusa_59,3,extraction,a mulher,,0.9
qwen3_14b,portuguese,participants,ext_def_exp,temp0.3_nodelim_norole_nocot,lusa_59,3,extraction,o suspeito,,0.95
qwen3_14b,portuguese,participants,cls_def_exp,temp0.3_nodelim_norole_nocot,lusa_59,3,classification,a GNR,Org,0.95
qwen3_14b,portuguese,participants,cls_def_exp,temp0.3_nodelim_norole_nocot,lusa_59,3,classification,a mulher,Per,0.95
qwen3_14b,portuguese,participants,cls_def_exp,temp0.3_nodelim_norole_nocot,lusa_59,3,classification,o suspeito,Per,0.95
qwen3_14b,portuguese,participants,sent_def_exp,temp0.3_nodelim_norole_nocot,lusa_59,4,detection,,yes,0.95
qwen3_14b,portuguese,participants,ext_def_exp,temp0.3_nodelim_norole_nocot,lusa_59,4,extraction,O detido,,0.95
qwen3_14b,portuguese,participants,ext_def_exp,temp0.3_nodelim_norole_nocot,lusa_59,4,extraction,Tribunal Judicial de Matosinhos,,0.9
qwen3_14b,portuguese,participants,ext_def_exp,temp0.3_nodelim_norole_nocot,lusa_59,4,extraction,comunicado,,0.8
qwen3_14b,portuguese,participants,cls_def_exp,temp0.3_nodelim_norole_nocot,lusa_59,4,classification,O detido,Per,0.95
qwen3_14b,portuguese,participants,cls_def_exp,temp0.3_nodelim_norole_nocot,lusa_59,4,classification,Tribunal Judicial de Matosinhos,Fac,0.9
qwen3_14b,portuguese,participants,cls_def_exp,temp0.3_nodelim_norole_nocot,lusa_59,4,classification,comunicado,Other,0.8
qwen3_14b,portuguese,participants,sent_def_exp,temp0.3_nodelim_norole_nocot,lusa_59,5,detection,,yes,0.95
qwen3_14b,portuguese,participants,ext_def_exp,temp0.3_nodelim_norole_nocot,lusa_59,5,extraction,Posto Territorial da Trofa,,0.95
qwen3_14b,portuguese,participants,cls_def_exp,temp0.3_nodelim_norole_nocot,lusa_59,5,classification,Posto Territorial da Trofa,Fac,0.95
qwen3_14b,portuguese,participants,sent_def_exp,temp0.3_nodelim_norole_nocot,lusa_6,1,detection,,yes,0.95
qwen3_14b,portuguese,participants,ext_def_exp,temp0.3_nodelim_norole_nocot,lusa_6,1,extraction,Um homem de 54 anos,,0.9
qwen3_14b,portuguese,participants,ext_def_exp,temp0.3_nodelim_norole_nocot,lusa_6,1,extraction,pela PSP,,0.9
qwen3_14b,portuguese,participants,ext_def_exp,temp0.3_nodelim_norole_nocot,lusa_6,1,extraction,um prédio habitacional,,0.8
qwen3_14b,portuguese,participants,ext_def_exp,temp0.3_nodelim_norole_nocot,lusa_6,1,extraction,Espinho,,0.8
qwen3_14b,portuguese,participants,ext_def_exp,temp0.3_nodelim_norole_nocot,lusa_6,1,extraction,distrito de Aveiro,,0.8
qwen3_14b,portuguese,participants,ext_def_exp,temp0.3_nodelim_norole_nocot,lusa_6,1,extraction,16 feridos,,0.7
qwen3_14b,portuguese,participants,ext_def_exp,temp0.3_nodelim_norole_nocot,lusa_6,1,extraction,aquela força policial,,0.9
qwen3_14b,portuguese,participants,cls_def_exp,temp0.3_nodelim_norole_nocot,lusa_6,1,classification,Um homem de 54 anos,Per,0.95
qwen3_14b,portuguese,participants,cls_def_exp,temp0.3_nodelim_norole_nocot,lusa_6,1,classification,pela PSP,Org,0.9
qwen3_14b,portuguese,participants,cls_def_exp,temp0.3_nodelim_norole_nocot,lusa_6,1,classification,um prédio habitacional,Obj,0.95
qwen3_14b,portuguese,participants,cls_def_exp,temp0.3_nodelim_norole_nocot,lusa_6,1,classification,Espinho,Pl_civil,0.9
qwen3_14b,portuguese,participants,cls_def_exp,temp0.3_nodelim_norole_nocot,lusa_6,1,classification,distrito de Aveiro,Pl_state,0.95
qwen3_14b,portuguese,participants,cls_def_exp,temp0.3_nodelim_norole_nocot,lusa_6,1,classification,16 feridos,Per,0.9
qwen3_14b,portuguese,participants,cls_def_exp,temp0.3_nodelim_norole_nocot,lusa_6,1,classification,aquela força policial,Org,0.9
qwen3_14b,portuguese,participants,sent_def_exp,temp0.3_nodelim_norole_nocot,lusa_6,2,detection,,yes,0.95
qwen3_14b,portuguese,participants,ext_def_exp,temp0.3_nodelim_norole_nocot,lusa_6,2,extraction,a PSP,,0.95
qwen3_14b,portuguese,participants,ext_def_exp,temp0.3_nodelim_norole_nocot,lusa_6,2,extraction,o alegado autor do incêndio,,0.8
qwen3_14b,portuguese,participants,ext_def_exp,temp0.3_nodelim_norole_nocot,lusa_6,2,extraction,o prédio,,0.7
qwen3_14b,portuguese,participants,ext_def_exp,temp0.3_nodelim_norole_nocot,lusa_6,2,extraction,o hall de entrada,,0.7
qwen3_14b,portuguese,participants,ext_def_exp,temp0.3_nodelim_norole_nocot,lusa_6,2,extraction,o referido prédio,,0.7
qwen3_14b,portuguese,participants,cls_def_exp,temp0.3_nodelim_norole_nocot,lusa_6,2,classification,a PSP,Org,0.95
qwen3_14b,portuguese,participants,cls_def_exp,temp0.3_nodelim_norole_nocot,lusa_6,2,classification,o alegado autor do incêndio,Per,0.9
qwen3_14b,portuguese,participants,cls_def_exp,temp0.3_nodelim_norole_nocot,lusa_6,2,classification,o prédio,Fac,0.9
qwen3_14b,portuguese,participants,cls_def_exp,temp0.3_nodelim_norole_nocot,lusa_6,2,classification,o hall de entrada,Fac,0.85
qwen3_14b,portuguese,participants,cls_def_exp,temp0.3_nodelim_norole_nocot,lusa_6,2,classification,o referido prédio,Fac,0.9
qwen3_14b,portuguese,participants,sent_def_exp,temp0.3_nodelim_norole_nocot,lusa_6,3,detection,,yes,0.95
qwen3_14b,portuguese,participants,ext_def_exp,temp0.3_nodelim_norole_nocot,lusa_6,3,extraction,a PSP,,0.9
qwen3_14b,portuguese,participants,ext_def_exp,temp0.3_nodelim_norole_nocot,lusa_6,3,extraction,16 pessoas,,0.8
qwen3_14b,portuguese,participants,cls_def_exp,temp0.3_nodelim_norole_nocot,lusa_6,3,classification,a PSP,Org,0.95
qwen3_14b,portuguese,participants,cls_def_exp,temp0.3_nodelim_norole_nocot,lusa_6,3,classification,16 pessoas,Per,0.95
qwen3_14b,portuguese,participants,sent_def_exp,temp0.3_nodelim_norole_nocot,lusa_6,4,detection,,no,0.2
qwen3_14b,portuguese,participants,sent_def_exp,temp0.3_nodelim_norole_nocot,lusa_6,5,detection,,yes,0.95
qwen3_14b,portuguese,participants,ext_def_exp,temp0.3_nodelim_norole_nocot,lusa_6,5,extraction,O fogo,,0.9
qwen3_14b,portuguese,participants,ext_def_exp,temp0.3_nodelim_norole_nocot,lusa_6,5,extraction,Bombeiros Voluntários de Espinho,,0.95
qwen3_14b,portuguese,participants,ext_def_exp,temp0.3_nodelim_norole_nocot,lusa_6,5,extraction,Espinho,,0.8
qwen3_14b,portuguese,participants,cls_def_exp,temp0.3_nodelim_norole_nocot,lusa_6,5,classification,O fogo,Other,0.7
qwen3_14b,portuguese,participants,cls_def_exp,temp0.3_nodelim_norole_nocot,lusa_6,5,classification,Bombeiros Voluntários de Espinho,Org,0.95
qwen3_14b,portuguese,participants,cls_def_exp,temp0.3_nodelim_norole_nocot,lusa_6,5,classification,Espinho,Pl_civil,0.9
qwen3_14b,portuguese,participants,sent_def_exp,temp0.3_nodelim_norole_nocot,lusa_6,6,detection,,yes,0.95
qwen3_14b,portuguese,participants,ext_def_exp,temp0.3_nodelim_norole_nocot,lusa_6,6,extraction,A PSP,,0.95
qwen3_14b,portuguese,participants,ext_def_exp,temp0.3_nodelim_norole_nocot,lusa_6,6,extraction,Polícia Judiciária,,0.95
qwen3_14b,portuguese,participants,cls_def_exp,temp0.3_nodelim_norole_nocot,lusa_6,6,classification,A PSP,Org,0.95
qwen3_14b,portuguese,participants,cls_def_exp,temp0.3_nodelim_norole_nocot,lusa_6,6,classification,Polícia Judiciária,Org,0.95
qwen3_14b,portuguese,participants,sent_def_exp,temp0.3_nodelim_norole_nocot,lusa_61,1,detection,,yes,0.95
qwen3_14b,portuguese,participants,ext_def_exp,temp0.3_nodelim_norole_nocot,lusa_61,1,extraction,Um homem armado,,0.95
qwen3_14b,portuguese,participants,ext_def_exp,temp0.3_nodelim_norole_nocot,lusa_61,1,extraction,vários reféns,,0.8
qwen3_14b,portuguese,participants,ext_def_exp,temp0.3_nodelim_norole_nocot,lusa_61,1,extraction,um banco,,0.9
qwen3_14b,portuguese,participants,ext_def_exp,temp0.3_nodelim_norole_nocot,lusa_61,1,extraction,Geórgia,,0.9
qwen3_14b,portuguese,participants,ext_def_exp,temp0.3_nodelim_norole_nocot,lusa_61,1,extraction,as autoridades,,0.8
qwen3_14b,portuguese,participants,ext_def_exp,temp0.3_nodelim_norole_nocot,lusa_61,1,extraction,ex-república soviética,,0.7
qwen3_14b,portuguese,participants,ext_def_exp,temp0.3_nodelim_norole_nocot,lusa_61,1,extraction,esta ex-república soviética,,0.7
qwen3_14b,portuguese,participants,cls_def_exp,temp0.3_nodelim_norole_nocot,lusa_61,1,classification,Um homem armado,Per,0.95
qwen3_14b,portuguese,participants,cls_def_exp,temp0.3_nodelim_norole_nocot,lusa_61,1,classification,vários reféns,Per,0.9
qwen3_14b,portuguese,participants,cls_def_exp,temp0.3_nodelim_norole_nocot,lusa_61,1,classification,um banco,Fac,0.95
qwen3_14b,portuguese,participants,cls_def_exp,temp0.3_nodelim_norole_nocot,lusa_61,1,classification,Geórgia,Pl_country,0.95
qwen3_14b,portuguese,participants,cls_def_exp,temp0.3_nodelim_norole_nocot,lusa_61,1,classification,as autoridades,Org,0.9
qwen3_14b,portuguese,participants,cls_def_exp,temp0.3_nodelim_norole_nocot,lusa_61,1,classification,ex-república soviética,Other,0.7
qwen3_14b,portuguese,participants,cls_def_exp,temp0.3_nodelim_norole_nocot,lusa_61,1,classification,esta ex-república soviética,Other,0.7
qwen3_14b,portuguese,participants,sent_def_exp,temp0.3_nodelim_norole_nocot,lusa_61,2,detection,,yes,0.95
qwen3_14b,portuguese,participants,ext_def_exp,temp0.3_nodelim_norole_nocot,lusa_61,2,extraction,Ministério do Interior da Geórgia,,0.95
qwen3_14b,portuguese,participants,ext_def_exp,temp0.3_nodelim_norole_nocot,lusa_61,2,extraction,banco,,0.9
qwen3_14b,portuguese,participants,ext_def_exp,temp0.3_nodelim_norole_nocot,lusa_61,2,extraction,Zugdidi,,0.85
qwen3_14b,portuguese,participants,ext_def_exp,temp0.3_nodelim_norole_nocot,lusa_61,2,extraction,região oeste,,0.8
qwen3_14b,portuguese,participants,ext_def_exp,temp0.3_nodelim_norole_nocot,lusa_61,2,extraction,agressor,,0.95
qwen3_14b,portuguese,participants,ext_def_exp,temp0.3_nodelim_norole_nocot,lusa_61,2,extraction,pessoas,,0.8
qwen3_14b,portuguese,participants,cls_def_exp,temp0.3_nodelim_norole_nocot,lusa_61,2,classification,Ministério do Interior da Geórgia,Org,0.95
qwen3_14b,portuguese,participants,cls_def_exp,temp0.3_nodelim_norole_nocot,lusa_61,2,classification,banco,Fac,0.85
qwen3_14b,portuguese,participants,cls_def_exp,temp0.3_nodelim_norole_nocot,lusa_61,2,classification,Zugdidi,Pl_civil,0.9
qwen3_14b,portuguese,participants,cls_def_exp,temp0.3_nodelim_norole_nocot,lusa_61,2,classification,região oeste,Pl_region,0.8
qwen3_14b,portuguese,participants,cls_def_exp,temp0.3_nodelim_norole_nocot,lusa_61,2,classification,agressor,Per,0.95
qwen3_14b,portuguese,participants,cls_def_exp,temp0.3_nodelim_norole_nocot,lusa_61,2,classification,pessoas,Per,0.9
qwen3_14b,portuguese,participants,sent_def_exp,temp0.3_nodelim_norole_nocot,lusa_61,3,detection,,yes,0.95
qwen3_14b,portuguese,participants,ext_def_exp,temp0.3_nodelim_norole_nocot,lusa_61,3,extraction,A polícia,,1.0
qwen3_14b,portuguese,participants,ext_def_exp,temp0.3_nodelim_norole_nocot,lusa_61,3,extraction,a sucursal bancária,,1.0
qwen3_14b,portuguese,participants,ext_def_exp,temp0.3_nodelim_norole_nocot,lusa_61,3,extraction,o agressor,,1.0
qwen3_14b,portuguese,participants,ext_def_exp,temp0.3_nodelim_norole_nocot,lusa_61,3,extraction,o ministério,,1.0
qwen3_14b,portuguese,participants,ext_def_exp,temp0.3_nodelim_norole_nocot,lusa_61,3,extraction,a zona,,1.0
qwen3_14b,portuguese,participants,ext_def_exp,temp0.3_nodelim_norole_nocot,lusa_61,3,extraction,a operação,,1.0
qwen3_14b,portuguese,participants,cls_def_exp,temp0.3_nodelim_norole_nocot,lusa_61,3,classification,A polícia,Org,0.95
qwen3_14b,portuguese,participants,cls_def_exp,temp0.3_nodelim_norole_nocot,lusa_61,3,classification,a sucursal bancária,Fac,0.9
qwen3_14b,portuguese,participants,cls_def_exp,temp0.3_nodelim_norole_nocot,lusa_61,3,classification,o agressor,Per,0.95
qwen3_14b,portuguese,participants,cls_def_exp,temp0.3_nodelim_norole_nocot,lusa_61,3,classification,o ministério,Org,0.9
qwen3_14b,portuguese,participants,cls_def_exp,temp0.3_nodelim_norole_nocot,lusa_61,3,classification,a zona,Loc,0.8
qwen3_14b,portuguese,participants,cls_def_exp,temp0.3_nodelim_norole_nocot,lusa_61,3,classification,a operação,Other,0.85
qwen3_14b,portuguese,participants,sent_def_exp,temp0.3_nodelim_norole_nocot,lusa_61,4,detection,,yes,0.95
qwen3_14b,portuguese,participants,ext_def_exp,temp0.3_nodelim_norole_nocot,lusa_61,4,extraction,A televisão estatal da Geórgia,,0.9
qwen3_14b,portuguese,participants,ext_def_exp,temp0.3_nodelim_norole_nocot,lusa_61,4,extraction,a Mtavari TV,,0.9
qwen3_14b,portuguese,participants,ext_def_exp,temp0.3_nodelim_norole_nocot,lusa_61,4,extraction,o sequestrador,,0.9
qwen3_14b,portuguese,participants,ext_def_exp,temp0.3_nodelim_norole_nocot,lusa_61,4,extraction,uma granada de mão,,0.7
qwen3_14b,portuguese,participants,ext_def_exp,temp0.3_nodelim_norole_nocot,lusa_61,4,extraction,Geórgia,,0.8
qwen3_14b,portuguese,participants,cls_def_exp,temp0.3_nodelim_norole_nocot,lusa_61,4,classification,A televisão estatal da Geórgia,Org,0.95
qwen3_14b,portuguese,participants,cls_def_exp,temp0.3_nodelim_norole_nocot,lusa_61,4,classification,a Mtavari TV,Org,0.95
qwen3_14b,portuguese,participants,cls_def_exp,temp0.3_nodelim_norole_nocot,lusa_61,4,classification,o sequestrador,Per,0.9
qwen3_14b,portuguese,participants,cls_def_exp,temp0.3_nodelim_norole_nocot,lusa_61,4,classification,uma granada de mão,Obj,0.95
qwen3_14b,portuguese,participants,cls_def_exp,temp0.3_nodelim_norole_nocot,lusa_61,4,classification,Geórgia,Pl_country,0.95
qwen3_14b,portuguese,participants,sent_def_exp,temp0.3_nodelim_norole_nocot,lusa_61,5,detection,,yes,0.95
qwen3_14b,portuguese,participants,ext_def_exp,temp0.3_nodelim_norole_nocot,lusa_61,5,extraction,A Mtavari TV,,0.95
qwen3_14b,portuguese,participants,ext_def_exp,temp0.3_nodelim_norole_nocot,lusa_61,5,extraction,um dos reféns,,0.9
qwen3_14b,portuguese,participants,ext_def_exp,temp0.3_nodelim_norole_nocot,lusa_61,5,extraction,o agressor,,0.95
qwen3_14b,portuguese,participants,ext_def_exp,temp0.3_nodelim_norole_nocot,lusa_61,5,extraction,19 pessoas,,0.9
qwen3_14b,portuguese,participants,ext_def_exp,temp0.3_nodelim_norole_nocot,lusa_61,5,extraction,instalações bancárias,,0.8
qwen3_14b,portuguese,participants,cls_def_exp,temp0.3_nodelim_norole_nocot,lusa_61,5,classification,A Mtavari TV,Org,0.95
qwen3_14b,portuguese,participants,cls_def_exp,temp0.3_nodelim_norole_nocot,lusa_61,5,classification,um dos reféns,Per,0.9
qwen3_14b,portuguese,participants,cls_def_exp,temp0.3_nodelim_norole_nocot,lusa_61,5,classification,o agressor,Per,0.95
qwen3_14b,portuguese,participants,cls_def_exp,temp0.3_nodelim_norole_nocot,lusa_61,5,classification,19 pessoas,Per,0.95
qwen3_14b,portuguese,participants,cls_def_exp,temp0.3_nodelim_norole_nocot,lusa_61,5,classification,instalações bancárias,Fac,0.9
qwen3_14b,portuguese,participants,sent_def_exp,temp0.3_nodelim_norole_nocot,lusa_61,6,detection,,yes,0.95
qwen3_14b,portuguese,participants,ext_def_exp,temp0.3_nodelim_norole_nocot,lusa_61,6,extraction,O canal de televisão,,0.95
qwen3_14b,portuguese,participants,ext_def_exp,temp0.3_nodelim_norole_nocot,lusa_61,6,extraction,pessoas,,0.8
qwen3_14b,portuguese,participants,ext_def_exp,temp0.3_nodelim_norole_nocot,lusa_61,6,extraction,um homem,,0.95
qwen3_14b,portuguese,participants,cls_def_exp,temp0.3_nodelim_norole_nocot,lusa_61,6,classification,O canal de televisão,Org,0.95
qwen3_14b,portuguese,participants,cls_def_exp,temp0.3_nodelim_norole_nocot,lusa_61,6,classification,pessoas,Per,0.95
qwen3_14b,portuguese,participants,cls_def_exp,temp0.3_nodelim_norole_nocot,lusa_61,6,classification,um homem,Per,0.95
qwen3_14b,portuguese,participants,sent_def_exp,temp0.3_nodelim_norole_nocot,lusa_62,1,detection,,yes,0.95
qwen3_14b,portuguese,participants,ext_def_exp,temp0.3_nodelim_norole_nocot,lusa_62,1,extraction,homem,,0.95
qwen3_14b,portuguese,participants,ext_def_exp,temp0.3_nodelim_norole_nocot,lusa_62,1,extraction,uma árvore,,0.8
qwen3_14b,portuguese,participants,ext_def_exp,temp0.3_nodelim_norole_nocot,lusa_62,1,extraction,Barreiro,,0.9
qwen3_14b,portuguese,participants,ext_def_exp,temp0.3_nodelim_norole_nocot,lusa_62,1,extraction,Tangil,,0.9
qwen3_14b,portuguese,participants,ext_def_exp,temp0.3_nodelim_norole_nocot,lusa_62,1,extraction,Monção,,0.9
qwen3_14b,portuguese,participants,ext_def_exp,temp0.3_nodelim_norole_nocot,lusa_62,1,extraction,Viana do Castelo,,0.9
qwen3_14b,portuguese,participants,ext_def_exp,temp0.3_nodelim_norole_nocot,lusa_62,1,extraction,fonte,,0.85
qwen3_14b,portuguese,participants,ext_def_exp,temp0.3_nodelim_norole_nocot,lusa_62,1,extraction,proteção civil,,0.9
qwen3_14b,portuguese,participants,cls_def_exp,temp0.3_nodelim_norole_nocot,lusa_62,1,classification,homem,Per,0.95
qwen3_14b,portuguese,participants,cls_def_exp,temp0.3_nodelim_norole_nocot,lusa_62,1,classification,uma árvore,Nat,0.9
qwen3_14b,portuguese,participants,cls_def_exp,temp0.3_nodelim_norole_nocot,lusa_62,1,classification,Barreiro,Pl_region,0.8
qwen3_14b,portuguese,participants,cls_def_exp,temp0.3_nodelim_norole_nocot,lusa_62,1,classification,Tangil,Pl_civil,0.95
qwen3_14b,portuguese,participants,cls_def_exp,temp0.3_nodelim_norole_nocot,lusa_62,1,classification,Monção,Pl_civil,0.85
qwen3_14b,portuguese,participants,cls_def_exp,temp0.3_nodelim_norole_nocot,lusa_62,1,classification,Viana do Castelo,Pl_state,0.95
qwen3_14b,portuguese,participants,cls_def_exp,temp0.3_nodelim_norole_nocot,lusa_62,1,classification,fonte,Per,0.8
qwen3_14b,portuguese,participants,cls_def_exp,temp0.3_nodelim_norole_nocot,lusa_62,1,classification,proteção civil,Org,0.95
qwen3_14b,portuguese,participants,sent_def_exp,temp0.3_nodelim_norole_nocot,lusa_62,2,detection,,yes,0.95
qwen3_14b,portuguese,participants,ext_def_exp,temp0.3_nodelim_norole_nocot,lusa_62,2,extraction,a fonte,,0.8
qwen3_14b,portuguese,participants,ext_def_exp,temp0.3_nodelim_norole_nocot,lusa_62,2,extraction,Comando Distrital de Operações de Socorro (CDOS) de Viana do Castelo,,0.9
qwen3_14b,portuguese,participants,ext_def_exp,temp0.3_nodelim_norole_nocot,lusa_62,2,extraction,o médico do helicóptero,,0.9
qwen3_14b,portuguese,participants,ext_def_exp,temp0.3_nodelim_norole_nocot,lusa_62,2,extraction,Instituto Nacional de Emergência Médica (INEM),,0.9
qwen3_14b,portuguese,participants,ext_def_exp,temp0.3_nodelim_norole_nocot,lusa_62,2,extraction,helicóptero,,0.7
qwen3_14b,portuguese,participants,ext_def_exp,temp0.3_nodelim_norole_nocot,lusa_62,2,extraction,Viana do Castelo,,0.8
qwen3_14b,portuguese,participants,cls_def_exp,temp0.3_nodelim_norole_nocot,lusa_62,2,classification,a fonte,Per,0.9
qwen3_14b,portuguese,participants,cls_def_exp,temp0.3_nodelim_norole_nocot,lusa_62,2,classification,Comando Distrital de Operações de Socorro (CDOS) de Viana do Castelo,Org,0.95
qwen3_14b,portuguese,participants,cls_def_exp,temp0.3_nodelim_norole_nocot,lusa_62,2,classification,o médico do helicóptero,Per,0.9
qwen3_14b,portuguese,participants,cls_def_exp,temp0.3_nodelim_norole_nocot,lusa_62,2,classification,Instituto Nacional de Emergência Médica (INEM),Org,0.95
qwen3_14b,portuguese,participants,cls_def_exp,temp0.3_nodelim_norole_nocot,lusa_62,2,classification,helicóptero,Veh,0.9
qwen3_14b,portuguese,participants,cls_def_exp,temp0.3_nodelim_norole_nocot,lusa_62,2,classification,Viana do Castelo,Pl_civil,0.9
qwen3_14b,portuguese,participants,sent_def_exp,temp0.3_nodelim_norole_nocot,lusa_62,3,detection,,yes,0.95
qwen3_14b,portuguese,participants,ext_def_exp,temp0.3_nodelim_norole_nocot,lusa_62,3,extraction,A fonte,,0.9
qwen3_14b,portuguese,participants,ext_def_exp,temp0.3_nodelim_norole_nocot,lusa_62,3,extraction,o homem,,0.9
qwen3_14b,portuguese,participants,ext_def_exp,temp0.3_nodelim_norole_nocot,lusa_62,3,extraction,a árvore,,0.9
qwen3_14b,portuguese,participants,ext_def_exp,temp0.3_nodelim_norole_nocot,lusa_62,3,extraction,a árvore que cortava,,0.85
qwen3_14b,portuguese,participants,cls_def_exp,temp0.3_nodelim_norole_nocot,lusa_62,3,classification,A fonte,Per,0.95
qwen3_14b,portuguese,participants,cls_def_exp,temp0.3_nodelim_norole_nocot,lusa_62,3,classification,o homem,Per,0.98
qwen3_14b,portuguese,participants,cls_def_exp,temp0.3_nodelim_norole_nocot,lusa_62,3,classification,a árvore,Nat,0.99
qwen3_14b,portuguese,participants,cls_def_exp,temp0.3_nodelim_norole_nocot,lusa_62,3,classification,a árvore que cortava,Nat,0.97
qwen3_14b,portuguese,participants,sent_def_exp,temp0.3_nodelim_norole_nocot,lusa_62,4,detection,,no,0.75
qwen3_14b,portuguese,participants,sent_def_exp,temp0.3_nodelim_norole_nocot,lusa_62,5,detection,,yes,0.95
qwen3_14b,portuguese,participants,ext_def_exp,temp0.3_nodelim_norole_nocot,lusa_62,5,extraction,Fonte do INEM,,0.95
qwen3_14b,portuguese,participants,ext_def_exp,temp0.3_nodelim_norole_nocot,lusa_62,5,extraction,pela Lusa,,0.95
qwen3_14b,portuguese,participants,ext_def_exp,temp0.3_nodelim_norole_nocot,lusa_62,5,extraction,meio aéreo,,0.7
qwen3_14b,portuguese,participants,ext_def_exp,temp0.3_nodelim_norole_nocot,lusa_62,5,extraction,duas ambulâncias,,0.6
qwen3_14b,portuguese,participants,ext_def_exp,temp0.3_nodelim_norole_nocot,lusa_62,5,extraction,Monção,,0.9
qwen3_14b,portuguese,participants,ext_def_exp,temp0.3_nodelim_norole_nocot,lusa_62,5,extraction,Valença,,0.9
qwen3_14b,portuguese,participants,ext_def_exp,temp0.3_nodelim_norole_nocot,lusa_62,5,extraction,dois feridos,,0.5
qwen3_14b,portuguese,participants,cls_def_exp,temp0.3_nodelim_norole_nocot,lusa_62,5,classification,Fonte do INEM,Per,0.9
qwen3_14b,portuguese,participants,cls_def_exp,temp0.3_nodelim_norole_nocot,lusa_62,5,classification,pela Lusa,Org,0.95
qwen3_14b,portuguese,participants,cls_def_exp,temp0.3_nodelim_norole_nocot,lusa_62,5,classification,meio aéreo,Veh,0.8
qwen3_14b,portuguese,participants,cls_def_exp,temp0.3_nodelim_norole_nocot,lusa_62,5,classification,duas ambulâncias,Veh,0.95
qwen3_14b,portuguese,participants,cls_def_exp,temp0.3_nodelim_norole_nocot,lusa_62,5,classification,Monção,Pl_civil,0.9
qwen3_14b,portuguese,participants,cls_def_exp,temp0.3_nodelim_norole_nocot,lusa_62,5,classification,Valença,Pl_civil,0.9
qwen3_14b,portuguese,participants,cls_def_exp,temp0.3_nodelim_norole_nocot,lusa_62,5,classification,dois feridos,Per,0.85
qwen3_14b,portuguese,participants,sent_def_exp,temp0.3_nodelim_norole_nocot,lusa_62,6,detection,,yes,0.95
qwen3_14b,portuguese,participants,ext_def_exp,temp0.3_nodelim_norole_nocot,lusa_62,6,extraction,O INEM,,0.95
qwen3_14b,portuguese,participants,ext_def_exp,temp0.3_nodelim_norole_nocot,lusa_62,6,extraction,uma equipa de psicólogos,,0.9
qwen3_14b,portuguese,participants,cls_def_exp,temp0.3_nodelim_norole_nocot,lusa_62,6,classification,O INEM,Org,0.95
qwen3_14b,portuguese,participants,cls_def_exp,temp0.3_nodelim_norole_nocot,lusa_62,6,classification,uma equipa de psicólogos,Org,0.95
qwen3_14b,portuguese,participants,sent_def_exp,temp0.3_nodelim_norole_nocot,lusa_62,7,detection,,yes,0.98
qwen3_14b,portuguese,participants,ext_def_exp,temp0.3_nodelim_norole_nocot,lusa_62,7,extraction,operacionais dos Bombeiros de Monção e de Valença,,0.95
qwen3_14b,portuguese,participants,ext_def_exp,temp0.3_nodelim_norole_nocot,lusa_62,7,extraction,Bombeiros de Monção,,0.9
qwen3_14b,portuguese,participants,ext_def_exp,temp0.3_nodelim_norole_nocot,lusa_62,7,extraction,Bombeiros de Valença,,0.9
qwen3_14b,portuguese,participants,ext_def_exp,temp0.3_nodelim_norole_nocot,lusa_62,7,extraction,cinco viaturas,,0.85
qwen3_14b,portuguese,participants,ext_def_exp,temp0.3_nodelim_norole_nocot,lusa_62,7,extraction,a ambulância de Suporte Imediato de Vida (SIV) de Melgaço,,0.95
qwen3_14b,portuguese,participants,cls_def_exp,temp0.3_nodelim_norole_nocot,lusa_62,7,classification,operacionais dos Bombeiros de Monção e de Valença,Per,0.95
qwen3_14b,portuguese,participants,cls_def_exp,temp0.3_nodelim_norole_nocot,lusa_62,7,classification,Bombeiros de Monção,Org,0.9
qwen3_14b,portuguese,participants,cls_def_exp,temp0.3_nodelim_norole_nocot,lusa_62,7,classification,Bombeiros de Valença,Org,0.9
qwen3_14b,portuguese,participants,cls_def_exp,temp0.3_nodelim_norole_nocot,lusa_62,7,classification,cinco viaturas,Veh,0.95
qwen3_14b,portuguese,participants,cls_def_exp,temp0.3_nodelim_norole_nocot,lusa_62,7,classification,a ambulância de Suporte Imediato de Vida (SIV) de Melgaço,Veh,0.9
qwen3_14b,portuguese,participants,sent_def_exp,temp0.3_nodelim_norole_nocot,lusa_63,1,detection,,yes,0.95
qwen3_14b,portuguese,participants,ext_def_exp,temp0.3_nodelim_norole_nocot,lusa_63,1,extraction,um homem de 48 anos,,0.9
qwen3_14b,portuguese,participants,ext_def_exp,temp0.3_nodelim_norole_nocot,lusa_63,1,extraction,dois veículos ligeiros,,0.8
qwen3_14b,portuguese,participants,ext_def_exp,temp0.3_nodelim_norole_nocot,lusa_63,1,extraction,veículos ligeiros,,0.7
qwen3_14b,portuguese,participants,ext_def_exp,temp0.3_nodelim_norole_nocot,lusa_63,1,extraction,freguesia de Chorente,,0.9
qwen3_14b,portuguese,participants,ext_def_exp,temp0.3_nodelim_norole_nocot,lusa_63,1,extraction,concelho de Barcelos,,0.9
qwen3_14b,portuguese,participants,ext_def_exp,temp0.3_nodelim_norole_nocot,lusa_63,1,extraction,Braga,,0.9
qwen3_14b,portuguese,participants,ext_def_exp,temp0.3_nodelim_norole_nocot,lusa_63,1,extraction,fonte,,0.8
qwen3_14b,portuguese,participants,ext_def_exp,temp0.3_nodelim_norole_nocot,lusa_63,1,extraction,Comando Distrital de Operações de Socorros (CDOS) de Braga,,0.9
qwen3_14b,portuguese,participants,ext_def_exp,temp0.3_nodelim_norole_nocot,lusa_63,1,extraction,concelho de Barcelos (Braga),,0.8
qwen3_14b,portuguese,participants,cls_def_exp,temp0.3_nodelim_norole_nocot,lusa_63,1,classification,um homem de 48 anos,Per,0.95
qwen3_14b,portuguese,participants,cls_def_exp,temp0.3_nodelim_norole_nocot,lusa_63,1,classification,dois veículos ligeiros,Veh,0.9
qwen3_14b,portuguese,participants,cls_def_exp,temp0.3_nodelim_norole_nocot,lusa_63,1,classification,veículos ligeiros,Veh,0.9
qwen3_14b,portuguese,participants,cls_def_exp,temp0.3_nodelim_norole_nocot,lusa_63,1,classification,freguesia de Chorente,Pl_civil,0.85
qwen3_14b,portuguese,participants,cls_def_exp,temp0.3_nodelim_norole_nocot,lusa_63,1,classification,concelho de Barcelos,Pl_civil,0.85
qwen3_14b,portuguese,participants,cls_def_exp,temp0.3_nodelim_norole_nocot,lusa_63,1,classification,Braga,Pl_civil,0.8
qwen3_14b,portuguese,participants,cls_def_exp,temp0.3_nodelim_norole_nocot,lusa_63,1,classification,fonte,Per,0.75
qwen3_14b,portuguese,participants,cls_def_exp,temp0.3_nodelim_norole_nocot,lusa_63,1,classification,Comando Distrital de Operações de Socorros (CDOS) de Braga,Org,0.95
qwen3_14b,portuguese,participants,cls_def_exp,temp0.3_nodelim_norole_nocot,lusa_63,1,classification,concelho de Barcelos (Braga),Pl_civil,0.85
qwen3_14b,portuguese,participants,sent_def_exp,temp0.3_nodelim_norole_nocot,lusa_63,2,detection,,yes,0.95
qwen3_14b,portuguese,participants,ext_def_exp,temp0.3_nodelim_norole_nocot,lusa_63,2,extraction,os dois automóveis,,0.95
qwen3_14b,portuguese,participants,cls_def_exp,temp0.3_nodelim_norole_nocot,lusa_63,2,classification,os dois automóveis,Veh,0.95
qwen3_14b,portuguese,participants,sent_def_exp,temp0.3_nodelim_norole_nocot,lusa_63,3,detection,,yes,0.95
qwen3_14b,portuguese,participants,ext_def_exp,temp0.3_nodelim_norole_nocot,lusa_63,3,extraction,A vítima mortal,,0.9
qwen3_14b,portuguese,participants,ext_def_exp,temp0.3_nodelim_norole_nocot,lusa_63,3,extraction,o condutor,,0.9
qwen3_14b,portuguese,participants,ext_def_exp,temp0.3_nodelim_norole_nocot,lusa_63,3,extraction,um ferido ligeiro,,0.8
qwen3_14b,portuguese,participants,ext_def_exp,temp0.3_nodelim_norole_nocot,lusa_63,3,extraction,Hospital de Barcelos,,0.9
qwen3_14b,portuguese,participants,ext_def_exp,temp0.3_nodelim_norole_nocot,lusa_63,3,extraction,fonte,,0.7
qwen3_14b,portuguese,participants,ext_def_exp,temp0.3_nodelim_norole_nocot,lusa_63,3,extraction,CDOS de Braga,,0.9
qwen3_14b,portuguese,participants,ext_def_exp,temp0.3_nodelim_norole_nocot,lusa_63,3,extraction,Bombeiros Voluntários de Viatodos,,0.9
qwen3_14b,portuguese,participants,cls_def_exp,temp0.3_nodelim_norole_nocot,lusa_63,3,classification,A vítima mortal,Per,0.95
qwen3_14b,portuguese,participants,cls_def_exp,temp0.3_nodelim_norole_nocot,lusa_63,3,classification,o condutor,Per,0.95
qwen3_14b,portuguese,participants,cls_def_exp,temp0.3_nodelim_norole_nocot,lusa_63,3,classification,um ferido ligeiro,Per,0.9
qwen3_14b,portuguese,participants,cls_def_exp,temp0.3_nodelim_norole_nocot,lusa_63,3,classification,Hospital de Barcelos,Fac,0.95
qwen3_14b,portuguese,participants,cls_def_exp,temp0.3_nodelim_norole_nocot,lusa_63,3,classification,fonte,Per,0.8
qwen3_14b,portuguese,participants,cls_def_exp,temp0.3_nodelim_norole_nocot,lusa_63,3,classification,CDOS de Braga,Org,0.95
qwen3_14b,portuguese,participants,cls_def_exp,temp0.3_nodelim_norole_nocot,lusa_63,3,classification,Bombeiros Voluntários de Viatodos,Org,0.95
qwen3_14b,portuguese,participants,sent_def_exp,temp0.3_nodelim_norole_nocot,lusa_64,1,detection,,yes,0.95
qwen3_14b,portuguese,participants,ext_def_exp,temp0.3_nodelim_norole_nocot,lusa_64,1,extraction,A Polícia Judiciária da Guiné-Bissau,,0.95
qwen3_14b,portuguese,participants,ext_def_exp,temp0.3_nodelim_norole_nocot,lusa_64,1,extraction,um homem,,0.9
qwen3_14b,portuguese,participants,ext_def_exp,temp0.3_nodelim_norole_nocot,lusa_64,1,extraction,três quilogramas de cocaína,,0.8
qwen3_14b,portuguese,participants,ext_def_exp,temp0.3_nodelim_norole_nocot,lusa_64,1,extraction,num voo,,0.7
qwen3_14b,portuguese,participants,ext_def_exp,temp0.3_nodelim_norole_nocot,lusa_64,1,extraction,Lisboa,,0.9
qwen3_14b,portuguese,participants,ext_def_exp,temp0.3_nodelim_norole_nocot,lusa_64,1,extraction,aquela força policial,,0.8
qwen3_14b,portuguese,participants,cls_def_exp,temp0.3_nodelim_norole_nocot,lusa_64,1,classification,A Polícia Judiciária da Guiné-Bissau,Org,0.95
qwen3_14b,portuguese,participants,cls_def_exp,temp0.3_nodelim_norole_nocot,lusa_64,1,classification,um homem,Per,0.9
qwen3_14b,portuguese,participants,cls_def_exp,temp0.3_nodelim_norole_nocot,lusa_64,1,classification,três quilogramas de cocaína,Obj,0.8
qwen3_14b,portuguese,participants,cls_def_exp,temp0.3_nodelim_norole_nocot,lusa_64,1,classification,num voo,Veh,0.7
qwen3_14b,portuguese,participants,cls_def_exp,temp0.3_nodelim_norole_nocot,lusa_64,1,classification,Lisboa,Pl_capital,0.95
qwen3_14b,portuguese,participants,cls_def_exp,temp0.3_nodelim_norole_nocot,lusa_64,1,classification,aquela força policial,Org,0.9
qwen3_14b,portuguese,participants,sent_def_exp,temp0.3_nodelim_norole_nocot,lusa_64,2,detection,,yes,0.95
qwen3_14b,portuguese,participants,ext_def_exp,temp0.3_nodelim_norole_nocot,lusa_64,2,extraction,o homem,,0.95
qwen3_14b,portuguese,participants,ext_def_exp,temp0.3_nodelim_norole_nocot,lusa_64,2,extraction,um cidadão luso-guineense,,0.9
qwen3_14b,portuguese,participants,ext_def_exp,temp0.3_nodelim_norole_nocot,lusa_64,2,extraction,a droga,,0.9
qwen3_14b,portuguese,participants,ext_def_exp,temp0.3_nodelim_norole_nocot,lusa_64,2,extraction,aeroporto internacional Osvaldo Vieira,,0.95
qwen3_14b,portuguese,participants,ext_def_exp,temp0.3_nodelim_norole_nocot,lusa_64,2,extraction,Bissau,,0.85
qwen3_14b,portuguese,participants,cls_def_exp,temp0.3_nodelim_norole_nocot,lusa_64,2,classification,o homem,Per,0.95
qwen3_14b,portuguese,participants,cls_def_exp,temp0.3_nodelim_norole_nocot,lusa_64,2,classification,um cidadão luso-guineense,Per,0.9
qwen3_14b,portuguese,participants,cls_def_exp,temp0.3_nodelim_norole_nocot,lusa_64,2,classification,a droga,Obj,0.95
qwen3_14b,portuguese,participants,cls_def_exp,temp0.3_nodelim_norole_nocot,lusa_64,2,classification,aeroporto internacional Osvaldo Vieira,Fac,0.95
qwen3_14b,portuguese,participants,cls_def_exp,temp0.3_nodelim_norole_nocot,lusa_64,2,classification,Bissau,Pl_capital,0.9
qwen3_14b,portuguese,participants,sent_def_exp,temp0.3_nodelim_norole_nocot,lusa_64,3,detection,,yes,1.0
qwen3_14b,portuguese,participants,ext_def_exp,temp0.3_nodelim_norole_nocot,lusa_64,3,extraction,A PJ,,0.95
qwen3_14b,portuguese,participants,ext_def_exp,temp0.3_nodelim_norole_nocot,lusa_64,3,extraction,o homem,,0.9
qwen3_14b,portuguese,participants,ext_def_exp,temp0.3_nodelim_norole_nocot,lusa_64,3,extraction,Ministério Público,,0.95
qwen3_14b,portuguese,participants,ext_def_exp,temp0.3_nodelim_norole_nocot,lusa_64,3,extraction,ao Ministério Público,,0.95
qwen3_14b,portuguese,participants,cls_def_exp,temp0.3_nodelim_norole_nocot,lusa_64,3,classification,A PJ,Org,0.95
qwen3_14b,portuguese,participants,cls_def_exp,temp0.3_nodelim_norole_nocot,lusa_64,3,classification,o homem,Per,0.98
qwen3_14b,portuguese,participants,cls_def_exp,temp0.3_nodelim_norole_nocot,lusa_64,3,classification,Ministério Público,Org,0.95
qwen3_14b,portuguese,participants,cls_def_exp,temp0.3_nodelim_norole_nocot,lusa_64,3,classification,ao Ministério Público,Org,0.95
qwen3_14b,portuguese,participants,sent_def_exp,temp0.3_nodelim_norole_nocot,lusa_64,4,detection,,yes,0.95
qwen3_14b,portuguese,participants,ext_def_exp,temp0.3_nodelim_norole_nocot,lusa_64,4,extraction,a PJ,,0.95
qwen3_14b,portuguese,participants,ext_def_exp,temp0.3_nodelim_norole_nocot,lusa_64,4,extraction,aeroporto Osvaldo Vieira,,0.9
qwen3_14b,portuguese,participants,ext_def_exp,temp0.3_nodelim_norole_nocot,lusa_64,4,extraction,um outro cidadão luso-guineense,,0.95
qwen3_14b,portuguese,participants,ext_def_exp,temp0.3_nodelim_norole_nocot,lusa_64,4,extraction,cidadão luso-guineense,,0.9
qwen3_14b,portuguese,participants,ext_def_exp,temp0.3_nodelim_norole_nocot,lusa_64,4,extraction,um quilograma de cocaína,,0.8
qwen3_14b,portuguese,participants,ext_def_exp,temp0.3_nodelim_norole_nocot,lusa_64,4,extraction,Lisboa,,0.9
qwen3_14b,portuguese,participants,ext_def_exp,temp0.3_nodelim_norole_nocot,lusa_64,4,extraction,aeroporto,,0.7
qwen3_14b,portuguese,participants,cls_def_exp,temp0.3_nodelim_norole_nocot,lusa_64,4,classification,a PJ,Org,0.95
qwen3_14b,portuguese,participants,cls_def_exp,temp0.3_nodelim_norole_nocot,lusa_64,4,classification,aeroporto Osvaldo Vieira,Fac,0.9
qwen3_14b,portuguese,participants,cls_def_exp,temp0.3_nodelim_norole_nocot,lusa_64,4,classification,um outro cidadão luso-guineense,Per,0.95
qwen3_14b,portuguese,participants,cls_def_exp,temp0.3_nodelim_norole_nocot,lusa_64,4,classification,cidadão luso-guineense,Per,0.95
qwen3_14b,portuguese,participants,cls_def_exp,temp0.3_nodelim_norole_nocot,lusa_64,4,classification,um quilograma de cocaína,Obj,0.9
qwen3_14b,portuguese,participants,cls_def_exp,temp0.3_nodelim_norole_nocot,lusa_64,4,classification,Lisboa,Pl_capital,0.95
qwen3_14b,portuguese,participants,cls_def_exp,temp0.3_nodelim_norole_nocot,lusa_64,4,classification,aeroporto,Fac,0.9
qwen3_14b,portuguese,participants,sent_def_exp,temp0.3_nodelim_norole_nocot,lusa_64,5,detection,,yes,0.95
qwen3_14b,portuguese,participants,ext_def_exp,temp0.3_nodelim_norole_nocot,lusa_64,5,extraction,a PJ,,0.95
qwen3_14b,portuguese,participants,ext_def_exp,temp0.3_nodelim_norole_nocot,lusa_64,5,extraction,três homens,,0.9
qwen3_14b,portuguese,participants,cls_def_exp,temp0.3_nodelim_norole_nocot,lusa_64,5,classification,a PJ,Org,0.95
qwen3_14b,portuguese,participants,cls_def_exp,temp0.3_nodelim_norole_nocot,lusa_64,5,classification,três homens,Per,0.95
qwen3_14b,portuguese,participants,sent_def_exp,temp0.3_nodelim_norole_nocot,lusa_65,1,detection,,yes,0.95
qwen3_14b,portuguese,participants,ext_def_exp,temp0.3_nodelim_norole_nocot,lusa_65,1,extraction,Um homem de 25 anos,,0.9
qwen3_14b,portuguese,participants,ext_def_exp,temp0.3_nodelim_norole_nocot,lusa_65,1,extraction,incêndio,,0.8
qwen3_14b,portuguese,participants,ext_def_exp,temp0.3_nodelim_norole_nocot,lusa_65,1,extraction,Arcozelo,,0.9
qwen3_14b,portuguese,participants,ext_def_exp,temp0.3_nodelim_norole_nocot,lusa_65,1,extraction,Vila Nova de Gaia,,0.9
qwen3_14b,portuguese,participants,ext_def_exp,temp0.3_nodelim_norole_nocot,lusa_65,1,extraction,fonte dos Sapadores locais,,0.8
qwen3_14b,portuguese,participants,ext_def_exp,temp0.3_nodelim_norole_nocot,lusa_65,1,extraction,Sapadores locais,,0.8
qwen3_14b,portuguese,participants,ext_def_exp,temp0.3_nodelim_norole_nocot,lusa_65,1,extraction,fonte,,0.7
qwen3_14b,portuguese,participants,ext_def_exp,temp0.3_nodelim_norole_nocot,lusa_65,1,extraction,Lusa,,0.9
qwen3_14b,portuguese,participants,cls_def_exp,temp0.3_nodelim_norole_nocot,lusa_65,1,classification,Um homem de 25 anos,Per,0.95
qwen3_14b,portuguese,participants,cls_def_exp,temp0.3_nodelim_norole_nocot,lusa_65,1,classification,incêndio,Other,0.7
qwen3_14b,portuguese,participants,cls_def_exp,temp0.3_nodelim_norole_nocot,lusa_65,1,classification,Arcozelo,Pl_civil,0.9
qwen3_14b,portuguese,participants,cls_def_exp,temp0.3_nodelim_norole_nocot,lusa_65,1,classification,Vila Nova de Gaia,Pl_civil,0.95
qwen3_14b,portuguese,participants,cls_def_exp,temp0.3_nodelim_norole_nocot,lusa_65,1,classification,fonte dos Sapadores locais,Per,0.8
qwen3_14b,portuguese,participants,cls_def_exp,temp0.3_nodelim_norole_nocot,lusa_65,1,classification,Sapadores locais,Org,0.95
qwen3_14b,portuguese,participants,cls_def_exp,temp0.3_nodelim_norole_nocot,lusa_65,1,classification,fonte,Per,0.8
qwen3_14b,portuguese,participants,cls_def_exp,temp0.3_nodelim_norole_nocot,lusa_65,1,classification,Lusa,Org,0.95
qwen3_14b,portuguese,participants,sent_def_exp,temp0.3_nodelim_norole_nocot,lusa_65,2,detection,,yes,0.95
qwen3_14b,portuguese,participants,ext_def_exp,temp0.3_nodelim_norole_nocot,lusa_65,2,extraction,os Sapadores de Vila Nova de Gaia,,0.95
qwen3_14b,portuguese,participants,ext_def_exp,temp0.3_nodelim_norole_nocot,lusa_65,2,extraction,os Bombeiros da Aguda,,0.95
qwen3_14b,portuguese,participants,ext_def_exp,temp0.3_nodelim_norole_nocot,lusa_65,2,extraction,a fonte,,0.75
qwen3_14b,portuguese,participants,ext_def_exp,temp0.3_nodelim_norole_nocot,lusa_65,2,extraction,Vila Nova de Gaia,,0.85
qwen3_14b,portuguese,participants,ext_def_exp,temp0.3_nodelim_norole_nocot,lusa_65,2,extraction,Aguda,,0.85
qwen3_14b,portuguese,participants,cls_def_exp,temp0.3_nodelim_norole_nocot,lusa_65,2,classification,os Sapadores de Vila Nova de Gaia,Org,0.95
qwen3_14b,portuguese,participants,cls_def_exp,temp0.3_nodelim_norole_nocot,lusa_65,2,classification,os Bombeiros da Aguda,Org,0.95
qwen3_14b,portuguese,participants,cls_def_exp,temp0.3_nodelim_norole_nocot,lusa_65,2,classification,a fonte,Per,0.85
qwen3_14b,portuguese,participants,cls_def_exp,temp0.3_nodelim_norole_nocot,lusa_65,2,classification,Vila Nova de Gaia,Pl_civil,0.98
qwen3_14b,portuguese,participants,cls_def_exp,temp0.3_nodelim_norole_nocot,lusa_65,2,classification,Aguda,Pl_civil,0.98
qwen3_14b,portuguese,participants,sent_def_exp,temp0.3_nodelim_norole_nocot,lusa_65,3,detection,,yes,0.95
qwen3_14b,portuguese,participants,ext_def_exp,temp0.3_nodelim_norole_nocot,lusa_65,3,extraction,o homem,,0.95
qwen3_14b,portuguese,participants,ext_def_exp,temp0.3_nodelim_norole_nocot,lusa_65,3,extraction,Centro Hospitalar de Vila Nova de Gaia/Espinho,,0.9
qwen3_14b,portuguese,participants,cls_def_exp,temp0.3_nodelim_norole_nocot,lusa_65,3,classification,o homem,Per,1.0
qwen3_14b,portuguese,participants,cls_def_exp,temp0.3_nodelim_norole_nocot,lusa_65,3,classification,Centro Hospitalar de Vila Nova de Gaia/Espinho,Fac,0.95
qwen3_14b,portuguese,participants,sent_def_exp,temp0.3_nodelim_norole_nocot,lusa_65,4,detection,,yes,0.95
qwen3_14b,portuguese,participants,ext_def_exp,temp0.3_nodelim_norole_nocot,lusa_65,4,extraction,O incêndio,,0.9
qwen3_14b,portuguese,participants,ext_def_exp,temp0.3_nodelim_norole_nocot,lusa_65,4,extraction,a habitação,,0.8
qwen3_14b,portuguese,participants,ext_def_exp,temp0.3_nodelim_norole_nocot,lusa_65,4,extraction,a Proteção Civil,,0.9
qwen3_14b,portuguese,participants,cls_def_exp,temp0.3_nodelim_norole_nocot,lusa_65,4,classification,O incêndio,Other,0.6
qwen3_14b,portuguese,participants,cls_def_exp,temp0.3_nodelim_norole_nocot,lusa_65,4,classification,a habitação,Obj,0.9
qwen3_14b,portuguese,participants,cls_def_exp,temp0.3_nodelim_norole_nocot,lusa_65,4,classification,a Proteção Civil,Org,0.95
qwen3_14b,portuguese,participants,sent_def_exp,temp0.3_nodelim_norole_nocot,lusa_66,1,detection,,yes,1.0
qwen3_14b,portuguese,participants,ext_def_exp,temp0.3_nodelim_norole_nocot,lusa_66,1,extraction,O Ministério Público (MP) de Braga,,0.95
qwen3_14b,portuguese,participants,ext_def_exp,temp0.3_nodelim_norole_nocot,lusa_66,1,extraction,um homem,,0.6
qwen3_14b,portuguese,participants,ext_def_exp,temp0.3_nodelim_norole_nocot,lusa_66,1,extraction,a vítima,,0.5
qwen3_14b,portuguese,participants,ext_def_exp,temp0.3_nodelim_norole_nocot,lusa_66,1,extraction,a companheira,,0.5
qwen3_14b,portuguese,participants,ext_def_exp,temp0.3_nodelim_norole_nocot,lusa_66,1,extraction,Procuradoria-Geral Distrital do Porto,,0.9
qwen3_14b,portuguese,participants,ext_def_exp,temp0.3_nodelim_norole_nocot,lusa_66,1,extraction,a Procuradoria-Geral Distrital do Porto,,0.9
qwen3_14b,portuguese,participants,cls_def_exp,temp0.3_nodelim_norole_nocot,lusa_66,1,classification,O Ministério Público (MP) de Braga,Org,0.95
qwen3_14b,portuguese,participants,cls_def_exp,temp0.3_nodelim_norole_nocot,lusa_66,1,classification,um homem,Per,0.9
qwen3_14b,portuguese,participants,cls_def_exp,temp0.3_nodelim_norole_nocot,lusa_66,1,classification,a vítima,Per,0.95
qwen3_14b,portuguese,participants,cls_def_exp,temp0.3_nodelim_norole_nocot,lusa_66,1,classification,a companheira,Per,0.9
qwen3_14b,portuguese,participants,cls_def_exp,temp0.3_nodelim_norole_nocot,lusa_66,1,classification,Procuradoria-Geral Distrital do Porto,Org,0.95
qwen3_14b,portuguese,participants,cls_def_exp,temp0.3_nodelim_norole_nocot,lusa_66,1,classification,a Procuradoria-Geral Distrital do Porto,Org,0.95
qwen3_14b,portuguese,participants,sent_def_exp,temp0.3_nodelim_norole_nocot,lusa_66,2,detection,,yes,0.95
qwen3_14b,portuguese,participants,ext_def_exp,temp0.3_nodelim_norole_nocot,lusa_66,2,extraction,procuradoria,,0.95
qwen3_14b,portuguese,participants,ext_def_exp,temp0.3_nodelim_norole_nocot,lusa_66,2,extraction,aquela procuradoria,,0.9
qwen3_14b,portuguese,participants,ext_def_exp,temp0.3_nodelim_norole_nocot,lusa_66,2,extraction,a vítima,,0.95
qwen3_14b,portuguese,participants,cls_def_exp,temp0.3_nodelim_norole_nocot,lusa_66,2,classification,procuradoria,Org,0.95
qwen3_14b,portuguese,participants,cls_def_exp,temp0.3_nodelim_norole_nocot,lusa_66,2,classification,aquela procuradoria,Org,0.95
qwen3_14b,portuguese,participants,cls_def_exp,temp0.3_nodelim_norole_nocot,lusa_66,2,classification,a vítima,Per,0.95
qwen3_14b,portuguese,participants,sent_def_exp,temp0.3_nodelim_norole_nocot,lusa_66,3,detection,,yes,0.95
qwen3_14b,portuguese,participants,ext_def_exp,temp0.3_nodelim_norole_nocot,lusa_66,3,extraction,O MP,,0.9
qwen3_14b,portuguese,participants,ext_def_exp,temp0.3_nodelim_norole_nocot,lusa_66,3,extraction,o arguido,,0.9
qwen3_14b,portuguese,participants,ext_def_exp,temp0.3_nodelim_norole_nocot,lusa_66,3,extraction,a sua companheira,,0.8
qwen3_14b,portuguese,participants,ext_def_exp,temp0.3_nodelim_norole_nocot,lusa_66,3,extraction,Braga,,0.7
qwen3_14b,portuguese,participants,ext_def_exp,temp0.3_nodelim_norole_nocot,lusa_66,3,extraction,Amares,,0.7
qwen3_14b,portuguese,participants,cls_def_exp,temp0.3_nodelim_norole_nocot,lusa_66,3,classification,O MP,Org,0.95
qwen3_14b,portuguese,participants,cls_def_exp,temp0.3_nodelim_norole_nocot,lusa_66,3,classification,o arguido,Per,0.9
qwen3_14b,portuguese,participants,cls_def_exp,temp0.3_nodelim_norole_nocot,lusa_66,3,classification,a sua companheira,Per,0.95
qwen3_14b,portuguese,participants,cls_def_exp,temp0.3_nodelim_norole_nocot,lusa_66,3,classification,Braga,Pl_civil,0.95
qwen3_14b,portuguese,participants,cls_def_exp,temp0.3_nodelim_norole_nocot,lusa_66,3,classification,Amares,Pl_civil,0.95
qwen3_14b,portuguese,participants,sent_def_exp,temp0.3_nodelim_norole_nocot,lusa_66,4,detection,,yes,0.95
qwen3_14b,portuguese,participants,ext_def_exp,temp0.3_nodelim_norole_nocot,lusa_66,4,extraction,o MP,,0.9
qwen3_14b,portuguese,participants,ext_def_exp,temp0.3_nodelim_norole_nocot,lusa_66,4,extraction,o arguido,,0.95
qwen3_14b,portuguese,participants,ext_def_exp,temp0.3_nodelim_norole_nocot,lusa_66,4,extraction,a filha da companheira,,0.9
qwen3_14b,portuguese,participants,ext_def_exp,temp0.3_nodelim_norole_nocot,lusa_66,4,extraction,a companheira,,0.85
qwen3_14b,portuguese,participants,cls_def_exp,temp0.3_nodelim_norole_nocot,lusa_66,4,classification,o MP,Org,0.95
qwen3_14b,portuguese,participants,cls_def_exp,temp0.3_nodelim_norole_nocot,lusa_66,4,classification,o arguido,Per,0.9
qwen3_14b,portuguese,participants,cls_def_exp,temp0.3_nodelim_norole_nocot,lusa_66,4,classification,a filha da companheira,Per,0.95
qwen3_14b,portuguese,participants,cls_def_exp,temp0.3_nodelim_norole_nocot,lusa_66,4,classification,a companheira,Per,0.9
qwen3_14b,portuguese,participants,sent_def_exp,temp0.3_nodelim_norole_nocot,lusa_66,5,detection,,no,0.95
qwen3_14b,portuguese,participants,sent_def_exp,temp0.3_nodelim_norole_nocot,lusa_68,1,detection,,yes,0.95
qwen3_14b,portuguese,participants,ext_def_exp,temp0.3_nodelim_norole_nocot,lusa_68,1,extraction,Um homem de 84 anos,,0.95
qwen3_14b,portuguese,participants,ext_def_exp,temp0.3_nodelim_norole_nocot,lusa_68,1,extraction,Vila Maior,,0.8
qwen3_14b,portuguese,participants,ext_def_exp,temp0.3_nodelim_norole_nocot,lusa_68,1,extraction,concelho de Santa Marta de Penaguião,,0.8
qwen3_14b,portuguese,participants,ext_def_exp,temp0.3_nodelim_norole_nocot,lusa_68,1,extraction,distrito de Vila Real,,0.8
qwen3_14b,portuguese,participants,ext_def_exp,temp0.3_nodelim_norole_nocot,lusa_68,1,extraction,fonte da GNR,,0.9
qwen3_14b,portuguese,participants,ext_def_exp,temp0.3_nodelim_norole_nocot,lusa_68,1,extraction,GNR,,0.95
qwen3_14b,portuguese,participants,cls_def_exp,temp0.3_nodelim_norole_nocot,lusa_68,1,classification,Um homem de 84 anos,Per,0.95
qwen3_14b,portuguese,participants,cls_def_exp,temp0.3_nodelim_norole_nocot,lusa_68,1,classification,Vila Maior,Pl_civil,0.85
qwen3_14b,portuguese,participants,cls_def_exp,temp0.3_nodelim_norole_nocot,lusa_68,1,classification,concelho de Santa Marta de Penaguião,Pl_civil,0.9
qwen3_14b,portuguese,participants,cls_def_exp,temp0.3_nodelim_norole_nocot,lusa_68,1,classification,distrito de Vila Real,Pl_state,0.9
qwen3_14b,portuguese,participants,cls_def_exp,temp0.3_nodelim_norole_nocot,lusa_68,1,classification,fonte da GNR,Per,0.8
qwen3_14b,portuguese,participants,cls_def_exp,temp0.3_nodelim_norole_nocot,lusa_68,1,classification,GNR,Org,0.95
qwen3_14b,portuguese,participants,sent_def_exp,temp0.3_nodelim_norole_nocot,lusa_68,2,detection,,yes,0.95
qwen3_14b,portuguese,participants,ext_def_exp,temp0.3_nodelim_norole_nocot,lusa_68,2,extraction,Vasco Correia,,0.95
qwen3_14b,portuguese,participants,ext_def_exp,temp0.3_nodelim_norole_nocot,lusa_68,2,extraction,Santa Marta de Penaguião,,0.8
qwen3_14b,portuguese,participants,ext_def_exp,temp0.3_nodelim_norole_nocot,lusa_68,2,extraction,Viatura Médica de Emergência e Reanimação (VMER),,0.95
qwen3_14b,portuguese,participants,ext_def_exp,temp0.3_nodelim_norole_nocot,lusa_68,2,extraction,equipe,,0.85
qwen3_14b,portuguese,participants,cls_def_exp,temp0.3_nodelim_norole_nocot,lusa_68,2,classification,Vasco Correia,Per,0.95
qwen3_14b,portuguese,participants,cls_def_exp,temp0.3_nodelim_norole_nocot,lusa_68,2,classification,Santa Marta de Penaguião,Pl_civil,0.9
qwen3_14b,portuguese,participants,cls_def_exp,temp0.3_nodelim_norole_nocot,lusa_68,2,classification,Viatura Médica de Emergência e Reanimação (VMER),Veh,0.95
qwen3_14b,portuguese,participants,cls_def_exp,temp0.3_nodelim_norole_nocot,lusa_68,2,classification,equipe,Org,0.9
qwen3_14b,portuguese,participants,sent_def_exp,temp0.3_nodelim_norole_nocot,lusa_68,3,detection,,yes,0.95
qwen3_14b,portuguese,participants,ext_def_exp,temp0.3_nodelim_norole_nocot,lusa_68,3,extraction,GNR,,1.0
qwen3_14b,portuguese,participants,ext_def_exp,temp0.3_nodelim_norole_nocot,lusa_68,3,extraction,carinha,,1.0
qwen3_14b,portuguese,participants,cls_def_exp,temp0.3_nodelim_norole_nocot,lusa_68,3,classification,GNR,Org,0.95
qwen3_14b,portuguese,participants,cls_def_exp,temp0.3_nodelim_norole_nocot,lusa_68,3,classification,carinha,Veh,0.85
qwen3_14b,portuguese,participants,sent_def_exp,temp0.3_nodelim_norole_nocot,lusa_68,4,detection,,yes,0.95
qwen3_14b,portuguese,participants,ext_def_exp,temp0.3_nodelim_norole_nocot,lusa_68,4,extraction,seis operacionais dos bombeiros de Santa Marta de Penaguião,,0.95
qwen3_14b,portuguese,participants,ext_def_exp,temp0.3_nodelim_norole_nocot,lusa_68,4,extraction,GNR,,0.95
qwen3_14b,portuguese,participants,ext_def_exp,temp0.3_nodelim_norole_nocot,lusa_68,4,extraction,INEM,,0.95
qwen3_14b,portuguese,participants,ext_def_exp,temp0.3_nodelim_norole_nocot,lusa_68,4,extraction,três viaturas,,0.8
qwen3_14b,portuguese,participants,cls_def_exp,temp0.3_nodelim_norole_nocot,lusa_68,4,classification,seis operacionais dos bombeiros de Santa Marta de Penaguião,Org,0.95
qwen3_14b,portuguese,participants,cls_def_exp,temp0.3_nodelim_norole_nocot,lusa_68,4,classification,GNR,Org,0.95
qwen3_14b,portuguese,participants,cls_def_exp,temp0.3_nodelim_norole_nocot,lusa_68,4,classification,INEM,Org,0.95
qwen3_14b,portuguese,participants,cls_def_exp,temp0.3_nodelim_norole_nocot,lusa_68,4,classification,três viaturas,Veh,0.95
qwen3_14b,portuguese,participants,sent_def_exp,temp0.3_nodelim_norole_nocot,lusa_69,1,detection,,yes,0.95
qwen3_14b,portuguese,participants,ext_def_exp,temp0.3_nodelim_norole_nocot,lusa_69,1,extraction,Um homem,,0.9
qwen3_14b,portuguese,participants,ext_def_exp,temp0.3_nodelim_norole_nocot,lusa_69,1,extraction,gasolina,,0.8
qwen3_14b,portuguese,participants,ext_def_exp,temp0.3_nodelim_norole_nocot,lusa_69,1,extraction,Vale de S.,,0.7
qwen3_14b,portuguese,participants,cls_def_exp,temp0.3_nodelim_norole_nocot,lusa_69,1,classification,Um homem,Per,0.95
qwen3_14b,portuguese,participants,cls_def_exp,temp0.3_nodelim_norole_nocot,lusa_69,1,classification,gasolina,Obj,0.9
qwen3_14b,portuguese,participants,cls_def_exp,temp0.3_nodelim_norole_nocot,lusa_69,1,classification,Vale de S.,Pl_region,0.85
qwen3_14b,portuguese,participants,sent_def_exp,temp0.3_nodelim_norole_nocot,lusa_69,2,detection,,yes,0.95
qwen3_14b,portuguese,participants,ext_def_exp,temp0.3_nodelim_norole_nocot,lusa_69,2,extraction,Martinho,,0.95
qwen3_14b,portuguese,participants,ext_def_exp,temp0.3_nodelim_norole_nocot,lusa_69,2,extraction,Vila Nova de Famalicão,,0.8
qwen3_14b,portuguese,participants,ext_def_exp,temp0.3_nodelim_norole_nocot,lusa_69,2,extraction,Hospital de São João,,0.95
qwen3_14b,portuguese,participants,ext_def_exp,temp0.3_nodelim_norole_nocot,lusa_69,2,extraction,Porto,,0.8
qwen3_14b,portuguese,participants,ext_def_exp,temp0.3_nodelim_norole_nocot,lusa_69,2,extraction,bombeiros locais,,0.9
qwen3_14b,portuguese,participants,cls_def_exp,temp0.3_nodelim_norole_nocot,lusa_69,2,classification,Martinho,Per,0.95
qwen3_14b,portuguese,participants,cls_def_exp,temp0.3_nodelim_norole_nocot,lusa_69,2,classification,Vila Nova de Famalicão,Pl_civil,0.9
qwen3_14b,portuguese,participants,cls_def_exp,temp0.3_nodelim_norole_nocot,lusa_69,2,classification,Hospital de São João,Fac,0.95
qwen3_14b,portuguese,participants,cls_def_exp,temp0.3_nodelim_norole_nocot,lusa_69,2,classification,Porto,Pl_civil,0.9
qwen3_14b,portuguese,participants,cls_def_exp,temp0.3_nodelim_norole_nocot,lusa_69,2,classification,bombeiros locais,Org,0.85
qwen3_14b,portuguese,participants,sent_def_exp,temp0.3_nodelim_norole_nocot,lusa_69,3,detection,,yes,0.95
qwen3_14b,portuguese,participants,ext_def_exp,temp0.3_nodelim_norole_nocot,lusa_69,3,extraction,O homem de 58 anos,,0.95
qwen3_14b,portuguese,participants,ext_def_exp,temp0.3_nodelim_norole_nocot,lusa_69,3,extraction,o homem,,0.8
qwen3_14b,portuguese,participants,cls_def_exp,temp0.3_nodelim_norole_nocot,lusa_69,3,classification,O homem de 58 anos,Per,0.95
qwen3_14b,portuguese,participants,cls_def_exp,temp0.3_nodelim_norole_nocot,lusa_69,3,classification,o homem,Per,0.95
qwen3_14b,portuguese,participants,sent_def_exp,temp0.3_nodelim_norole_nocot,lusa_69,4,detection,,yes,0.95
qwen3_14b,portuguese,participants,ext_def_exp,temp0.3_nodelim_norole_nocot,lusa_69,4,extraction,Fonte dos Bombeiros Voluntários Famalicenses,,0.9
qwen3_14b,portuguese,participants,ext_def_exp,temp0.3_nodelim_norole_nocot,lusa_69,4,extraction,Bombeiros Voluntários Famalicenses,,0.9
qwen3_14b,portuguese,participants,ext_def_exp,temp0.3_nodelim_norole_nocot,lusa_69,4,extraction,Lusa,,0.9
qwen3_14b,portuguese,participants,ext_def_exp,temp0.3_nodelim_norole_nocot,lusa_69,4,extraction,a vítima,,0.9
qwen3_14b,portuguese,participants,ext_def_exp,temp0.3_nodelim_norole_nocot,lusa_69,4,extraction,Hospital de São João,,0.9
qwen3_14b,portuguese,participants,cls_def_exp,temp0.3_nodelim_norole_nocot,lusa_69,4,classification,Fonte dos Bombeiros Voluntários Famalicenses,Org,0.95
qwen3_14b,portuguese,participants,cls_def_exp,temp0.3_nodelim_norole_nocot,lusa_69,4,classification,Bombeiros Voluntários Famalicenses,Org,0.98
qwen3_14b,portuguese,participants,cls_def_exp,temp0.3_nodelim_norole_nocot,lusa_69,4,classification,Lusa,Org,0.95
qwen3_14b,portuguese,participants,cls_def_exp,temp0.3_nodelim_norole_nocot,lusa_69,4,classification,a vítima,Per,0.9
qwen3_14b,portuguese,participants,cls_def_exp,temp0.3_nodelim_norole_nocot,lusa_69,4,classification,Hospital de São João,Fac,0.95
qwen3_14b,portuguese,participants,sent_def_exp,temp0.3_nodelim_norole_nocot,lusa_69,5,detection,,yes,0.95
qwen3_14b,portuguese,participants,ext_def_exp,temp0.3_nodelim_norole_nocot,lusa_69,5,extraction,Viatura Médica de Emergência e Reanimação,,0.95
qwen3_14b,portuguese,participants,ext_def_exp,temp0.3_nodelim_norole_nocot,lusa_69,5,extraction,VMER,,0.9
qwen3_14b,portuguese,participants,ext_def_exp,temp0.3_nodelim_norole_nocot,lusa_69,5,extraction,Hospital de Famalicão,,0.95
qwen3_14b,portuguese,participants,ext_def_exp,temp0.3_nodelim_norole_nocot,lusa_69,5,extraction,distrito de Braga,,0.9
qwen3_14b,portuguese,participants,cls_def_exp,temp0.3_nodelim_norole_nocot,lusa_69,5,classification,Viatura Médica de Emergência e Reanimação,Veh,0.95
qwen3_14b,portuguese,participants,cls_def_exp,temp0.3_nodelim_norole_nocot,lusa_69,5,classification,VMER,Veh,0.95
qwen3_14b,portuguese,participants,cls_def_exp,temp0.3_nodelim_norole_nocot,lusa_69,5,classification,Hospital de Famalicão,Fac,0.95
qwen3_14b,portuguese,participants,cls_def_exp,temp0.3_nodelim_norole_nocot,lusa_69,5,classification,distrito de Braga,Pl_civil,0.9
qwen3_14b,portuguese,participants,sent_def_exp,temp0.3_nodelim_norole_nocot,lusa_7,1,detection,,yes,0.95
qwen3_14b,portuguese,participants,ext_def_exp,temp0.3_nodelim_norole_nocot,lusa_7,1,extraction,Um homem,,0.95
qwen3_14b,portuguese,participants,ext_def_exp,temp0.3_nodelim_norole_nocot,lusa_7,1,extraction,os três filhos,,0.9
qwen3_14b,portuguese,participants,ext_def_exp,temp0.3_nodelim_norole_nocot,lusa_7,1,extraction,a mãe das crianças,,0.9
qwen3_14b,portuguese,participants,ext_def_exp,temp0.3_nodelim_norole_nocot,lusa_7,1,extraction,os procuradores,,0.9
qwen3_14b,portuguese,participants,ext_def_exp,temp0.3_nodelim_norole_nocot,lusa_7,1,extraction,norte do México,,0.8
qwen3_14b,portuguese,participants,cls_def_exp,temp0.3_nodelim_norole_nocot,lusa_7,1,classification,Um homem,Per,0.95
qwen3_14b,portuguese,participants,cls_def_exp,temp0.3_nodelim_norole_nocot,lusa_7,1,classification,os três filhos,Per,0.9
qwen3_14b,portuguese,participants,cls_def_exp,temp0.3_nodelim_norole_nocot,lusa_7,1,classification,a mãe das crianças,Per,0.95
qwen3_14b,portuguese,participants,cls_def_exp,temp0.3_nodelim_norole_nocot,lusa_7,1,classification,os procuradores,Per,0.9
qwen3_14b,portuguese,participants,cls_def_exp,temp0.3_nodelim_norole_nocot,lusa_7,1,classification,norte do México,Pl_region,0.8
qwen3_14b,portuguese,participants,sent_def_exp,temp0.3_nodelim_norole_nocot,lusa_7,2,detection,,yes,0.95
qwen3_14b,portuguese,participants,ext_def_exp,temp0.3_nodelim_norole_nocot,lusa_7,2,extraction,O gabinete dos procuradores,,0.95
qwen3_14b,portuguese,participants,ext_def_exp,temp0.3_nodelim_norole_nocot,lusa_7,2,extraction,estado de Sonora (norte),,0.8
qwen3_14b,portuguese,participants,ext_def_exp,temp0.3_nodelim_norole_nocot,lusa_7,2,extraction,os rapazes,,0.9
qwen3_14b,portuguese,participants,cls_def_exp,temp0.3_nodelim_norole_nocot,lusa_7,2,classification,O gabinete dos procuradores,Org,0.95
qwen3_14b,portuguese,participants,cls_def_exp,temp0.3_nodelim_norole_nocot,lusa_7,2,classification,estado de Sonora (norte),Pl_state,0.9
qwen3_14b,portuguese,participants,cls_def_exp,temp0.3_nodelim_norole_nocot,lusa_7,2,classification,os rapazes,Per,0.98
qwen3_14b,portuguese,participants,sent_def_exp,temp0.3_nodelim_norole_nocot,lusa_7,3,detection,,yes,0.95
qwen3_14b,portuguese,participants,ext_def_exp,temp0.3_nodelim_norole_nocot,lusa_7,3,extraction,O suspeito,,0.95
qwen3_14b,portuguese,participants,ext_def_exp,temp0.3_nodelim_norole_nocot,lusa_7,3,extraction,o pai,,0.9
qwen3_14b,portuguese,participants,ext_def_exp,temp0.3_nodelim_norole_nocot,lusa_7,3,extraction,o avô das crianças,,0.95
qwen3_14b,portuguese,participants,ext_def_exp,temp0.3_nodelim_norole_nocot,lusa_7,3,extraction,a polícia,,0.9
qwen3_14b,portuguese,participants,cls_def_exp,temp0.3_nodelim_norole_nocot,lusa_7,3,classification,O suspeito,Per,0.95
qwen3_14b,portuguese,participants,cls_def_exp,temp0.3_nodelim_norole_nocot,lusa_7,3,classification,o pai,Per,0.95
qwen3_14b,portuguese,participants,cls_def_exp,temp0.3_nodelim_norole_nocot,lusa_7,3,classification,o avô das crianças,Per,0.95
qwen3_14b,portuguese,participants,cls_def_exp,temp0.3_nodelim_norole_nocot,lusa_7,3,classification,a polícia,Org,0.9
qwen3_14b,portuguese,participants,sent_def_exp,temp0.3_nodelim_norole_nocot,lusa_7,4,detection,,yes,0.95
qwen3_14b,portuguese,participants,ext_def_exp,temp0.3_nodelim_norole_nocot,lusa_7,4,extraction,O suspeito,,0.95
qwen3_14b,portuguese,participants,ext_def_exp,temp0.3_nodelim_norole_nocot,lusa_7,4,extraction,Sonora,,0.85
qwen3_14b,portuguese,participants,ext_def_exp,temp0.3_nodelim_norole_nocot,lusa_7,4,extraction,Hidalgo,,0.85
qwen3_14b,portuguese,participants,cls_def_exp,temp0.3_nodelim_norole_nocot,lusa_7,4,classification,O suspeito,Per,0.95
qwen3_14b,portuguese,participants,cls_def_exp,temp0.3_nodelim_norole_nocot,lusa_7,4,classification,Sonora,Pl_state,0.9
qwen3_14b,portuguese,participants,cls_def_exp,temp0.3_nodelim_norole_nocot,lusa_7,4,classification,Hidalgo,Pl_state,0.9
qwen3_14b,portuguese,participants,sent_def_exp,temp0.3_nodelim_norole_nocot,lusa_7,5,detection,,yes,0.95
qwen3_14b,portuguese,participants,ext_def_exp,temp0.3_nodelim_norole_nocot,lusa_7,5,extraction,Os procuradores,,0.95
qwen3_14b,portuguese,participants,ext_def_exp,temp0.3_nodelim_norole_nocot,lusa_7,5,extraction,o homem,,0.95
qwen3_14b,portuguese,participants,ext_def_exp,temp0.3_nodelim_norole_nocot,lusa_7,5,extraction,a mãe das crianças,,0.9
qwen3_14b,portuguese,participants,ext_def_exp,temp0.3_nodelim_norole_nocot,lusa_7,5,extraction,os filhos,,0.9
qwen3_14b,portuguese,participants,cls_def_exp,temp0.3_nodelim_norole_nocot,lusa_7,5,classification,Os procuradores,Per,0.95
qwen3_14b,portuguese,participants,cls_def_exp,temp0.3_nodelim_norole_nocot,lusa_7,5,classification,o homem,Per,0.95
qwen3_14b,portuguese,participants,cls_def_exp,temp0.3_nodelim_norole_nocot,lusa_7,5,classification,a mãe das crianças,Per,0.95
qwen3_14b,portuguese,participants,cls_def_exp,temp0.3_nodelim_norole_nocot,lusa_7,5,classification,os filhos,Per,0.95
qwen3_14b,portuguese,participants,sent_def_exp,temp0.3_nodelim_norole_nocot,lusa_7,6,detection,,yes,0.95
qwen3_14b,portuguese,participants,ext_def_exp,temp0.3_nodelim_norole_nocot,lusa_7,6,extraction,a mulher,,1.0
qwen3_14b,portuguese,participants,ext_def_exp,temp0.3_nodelim_norole_nocot,lusa_7,6,extraction,os filhos,,1.0
qwen3_14b,portuguese,participants,ext_def_exp,temp0.3_nodelim_norole_nocot,lusa_7,6,extraction,gabinete,,1.0
qwen3_14b,portuguese,participants,cls_def_exp,temp0.3_nodelim_norole_nocot,lusa_7,6,classification,a mulher,Per,0.95
qwen3_14b,portuguese,participants,cls_def_exp,temp0.3_nodelim_norole_nocot,lusa_7,6,classification,os filhos,Per,0.95
qwen3_14b,portuguese,participants,cls_def_exp,temp0.3_nodelim_norole_nocot,lusa_7,6,classification,gabinete,Org,0.85
qwen3_14b,portuguese,participants,sent_def_exp,temp0.3_nodelim_norole_nocot,lusa_70,1,detection,,yes,0.95
qwen3_14b,portuguese,participants,ext_def_exp,temp0.3_nodelim_norole_nocot,lusa_70,1,extraction,A Polícia Judiciária (PJ),,0.95
qwen3_14b,portuguese,participants,ext_def_exp,temp0.3_nodelim_norole_nocot,lusa_70,1,extraction,o homem de Penafiel,,0.9
qwen3_14b,portuguese,participants,ext_def_exp,temp0.3_nodelim_norole_nocot,lusa_70,1,extraction,a mulher,,0.9
qwen3_14b,portuguese,participants,ext_def_exp,temp0.3_nodelim_norole_nocot,lusa_70,1,extraction,a Diretoria do Norte daquela corporação,,0.9
qwen3_14b,portuguese,participants,cls_def_exp,temp0.3_nodelim_norole_nocot,lusa_70,1,classification,A Polícia Judiciária (PJ),Org,0.95
qwen3_14b,portuguese,participants,cls_def_exp,temp0.3_nodelim_norole_nocot,lusa_70,1,classification,o homem de Penafiel,Per,0.9
qwen3_14b,portuguese,participants,cls_def_exp,temp0.3_nodelim_norole_nocot,lusa_70,1,classification,a mulher,Per,0.95
qwen3_14b,portuguese,participants,cls_def_exp,temp0.3_nodelim_norole_nocot,lusa_70,1,classification,a Diretoria do Norte daquela corporação,Org,0.9
qwen3_14b,portuguese,participants,sent_def_exp,temp0.3_nodelim_norole_nocot,lusa_70,2,detection,,yes,0.95
qwen3_14b,portuguese,participants,ext_def_exp,temp0.3_nodelim_norole_nocot,lusa_70,2,extraction,o arguido,,0.95
qwen3_14b,portuguese,participants,ext_def_exp,temp0.3_nodelim_norole_nocot,lusa_70,2,extraction,a vítima,,0.95
qwen3_14b,portuguese,participants,ext_def_exp,temp0.3_nodelim_norole_nocot,lusa_70,2,extraction,uma arma branca,,0.8
qwen3_14b,portuguese,participants,ext_def_exp,temp0.3_nodelim_norole_nocot,lusa_70,2,extraction,Diretoria do Norte da PJ,,0.95
qwen3_14b,portuguese,participants,cls_def_exp,temp0.3_nodelim_norole_nocot,lusa_70,2,classification,o arguido,Per,0.95
qwen3_14b,portuguese,participants,cls_def_exp,temp0.3_nodelim_norole_nocot,lusa_70,2,classification,a vítima,Per,0.95
qwen3_14b,portuguese,participants,cls_def_exp,temp0.3_nodelim_norole_nocot,lusa_70,2,classification,uma arma branca,Obj,0.9
qwen3_14b,portuguese,participants,cls_def_exp,temp0.3_nodelim_norole_nocot,lusa_70,2,classification,Diretoria do Norte da PJ,Org,0.95
qwen3_14b,portuguese,participants,sent_def_exp,temp0.3_nodelim_norole_nocot,lusa_70,3,detection,,yes,0.95
qwen3_14b,portuguese,participants,ext_def_exp,temp0.3_nodelim_norole_nocot,lusa_70,3,extraction,A GNR,,0.95
qwen3_14b,portuguese,participants,ext_def_exp,temp0.3_nodelim_norole_nocot,lusa_70,3,extraction,a primeira força policial,,0.8
qwen3_14b,portuguese,participants,ext_def_exp,temp0.3_nodelim_norole_nocot,lusa_70,3,extraction,alegado homicida,,0.9
qwen3_14b,portuguese,participants,ext_def_exp,temp0.3_nodelim_norole_nocot,lusa_70,3,extraction,quem,,0.8
qwen3_14b,portuguese,participants,cls_def_exp,temp0.3_nodelim_norole_nocot,lusa_70,3,classification,A GNR,Org,0.95
qwen3_14b,portuguese,participants,cls_def_exp,temp0.3_nodelim_norole_nocot,lusa_70,3,classification,a primeira força policial,Org,0.9
qwen3_14b,portuguese,participants,cls_def_exp,temp0.3_nodelim_norole_nocot,lusa_70,3,classification,alegado homicida,Per,0.95
qwen3_14b,portuguese,participants,cls_def_exp,temp0.3_nodelim_norole_nocot,lusa_70,3,classification,quem,Per,0.8
qwen3_14b,portuguese,participants,sent_def_exp,temp0.3_nodelim_norole_nocot,lusa_70,4,detection,,no,0.95
qwen3_14b,portuguese,participants,sent_def_exp,temp0.3_nodelim_norole_nocot,lusa_70,5,detection,,yes,0.95
qwen3_14b,portuguese,participants,ext_def_exp,temp0.3_nodelim_norole_nocot,lusa_70,5,extraction,Os meios de socorro,,0.95
qwen3_14b,portuguese,participants,ext_def_exp,temp0.3_nodelim_norole_nocot,lusa_70,5,extraction,a vítima,,0.9
qwen3_14b,portuguese,participants,ext_def_exp,temp0.3_nodelim_norole_nocot,lusa_70,5,extraction,"a vítima, de 74 anos",,0.85
qwen3_14b,portuguese,participants,cls_def_exp,temp0.3_nodelim_norole_nocot,lusa_70,5,classification,Os meios de socorro,Org,0.95
qwen3_14b,portuguese,participants,cls_def_exp,temp0.3_nodelim_norole_nocot,lusa_70,5,classification,a vítima,Per,0.98
qwen3_14b,portuguese,participants,cls_def_exp,temp0.3_nodelim_norole_nocot,lusa_70,5,classification,"a vítima, de 74 anos",Per,0.98
qwen3_14b,portuguese,participants,sent_def_exp,temp0.3_nodelim_norole_nocot,lusa_70,6,detection,,yes,0.95
qwen3_14b,portuguese,participants,ext_def_exp,temp0.3_nodelim_norole_nocot,lusa_70,6,extraction,O detido,,0.95
qwen3_14b,portuguese,participants,ext_def_exp,temp0.3_nodelim_norole_nocot,lusa_70,6,extraction,um trabalhador da construção civil,,0.85
qwen3_14b,portuguese,participants,ext_def_exp,temp0.3_nodelim_norole_nocot,lusa_70,6,extraction,autoridade judiciária,,0.9
qwen3_14b,portuguese,participants,cls_def_exp,temp0.3_nodelim_norole_nocot,lusa_70,6,classification,O detido,Per,0.95
qwen3_14b,portuguese,participants,cls_def_exp,temp0.3_nodelim_norole_nocot,lusa_70,6,classification,um trabalhador da construção civil,Per,0.95
qwen3_14b,portuguese,participants,cls_def_exp,temp0.3_nodelim_norole_nocot,lusa_70,6,classification,autoridade judiciária,Org,0.9
qwen3_14b,portuguese,participants,sent_def_exp,temp0.3_nodelim_norole_nocot,lusa_71,1,detection,,yes,0.95
qwen3_14b,portuguese,participants,ext_def_exp,temp0.3_nodelim_norole_nocot,lusa_71,1,extraction,Um homem,,1.0
qwen3_14b,portuguese,participants,ext_def_exp,temp0.3_nodelim_norole_nocot,lusa_71,1,extraction,um automóvel,,1.0
qwen3_14b,portuguese,participants,ext_def_exp,temp0.3_nodelim_norole_nocot,lusa_71,1,extraction,Estádio da Luz,,1.0
qwen3_14b,portuguese,participants,ext_def_exp,temp0.3_nodelim_norole_nocot,lusa_71,1,extraction,Lisboa,,1.0
qwen3_14b,portuguese,participants,ext_def_exp,temp0.3_nodelim_norole_nocot,lusa_71,1,extraction,agência Lusa,,1.0
qwen3_14b,portuguese,participants,ext_def_exp,temp0.3_nodelim_norole_nocot,lusa_71,1,extraction,fonte,,0.9
qwen3_14b,portuguese,participants,ext_def_exp,temp0.3_nodelim_norole_nocot,lusa_71,1,extraction,Comando Metropolitano de Lisboa (Cometlis),,1.0
qwen3_14b,portuguese,participants,ext_def_exp,temp0.3_nodelim_norole_nocot,lusa_71,1,extraction,PSP,,1.0
qwen3_14b,portuguese,participants,cls_def_exp,temp0.3_nodelim_norole_nocot,lusa_71,1,classification,Um homem,Per,0.95
qwen3_14b,portuguese,participants,cls_def_exp,temp0.3_nodelim_norole_nocot,lusa_71,1,classification,um automóvel,Veh,0.9
qwen3_14b,portuguese,participants,cls_def_exp,temp0.3_nodelim_norole_nocot,lusa_71,1,classification,Estádio da Luz,Fac,0.95
qwen3_14b,portuguese,participants,cls_def_exp,temp0.3_nodelim_norole_nocot,lusa_71,1,classification,Lisboa,Pl_capital,0.95
qwen3_14b,portuguese,participants,cls_def_exp,temp0.3_nodelim_norole_nocot,lusa_71,1,classification,agência Lusa,Org,0.9
qwen3_14b,portuguese,participants,cls_def_exp,temp0.3_nodelim_norole_nocot,lusa_71,1,classification,fonte,Per,0.8
qwen3_14b,portuguese,participants,cls_def_exp,temp0.3_nodelim_norole_nocot,lusa_71,1,classification,Comando Metropolitano de Lisboa (Cometlis),Org,0.95
qwen3_14b,portuguese,participants,cls_def_exp,temp0.3_nodelim_norole_nocot,lusa_71,1,classification,PSP,Org,0.95
qwen3_14b,portuguese,participants,sent_def_exp,temp0.3_nodelim_norole_nocot,lusa_71,2,detection,,yes,0.95
qwen3_14b,portuguese,participants,ext_def_exp,temp0.3_nodelim_norole_nocot,lusa_71,2,extraction,um homem,,1.0
qwen3_14b,portuguese,participants,ext_def_exp,temp0.3_nodelim_norole_nocot,lusa_71,2,extraction,uma viatura,,1.0
qwen3_14b,portuguese,participants,ext_def_exp,temp0.3_nodelim_norole_nocot,lusa_71,2,extraction,Estádio da Luz,,1.0
qwen3_14b,portuguese,participants,ext_def_exp,temp0.3_nodelim_norole_nocot,lusa_71,2,extraction,a polícia,,1.0
qwen3_14b,portuguese,participants,ext_def_exp,temp0.3_nodelim_norole_nocot,lusa_71,2,extraction,São Domingos de Benfica,,1.0
qwen3_14b,portuguese,participants,cls_def_exp,temp0.3_nodelim_norole_nocot,lusa_71,2,classification,um homem,Per,0.95
qwen3_14b,portuguese,participants,cls_def_exp,temp0.3_nodelim_norole_nocot,lusa_71,2,classification,uma viatura,Veh,0.9
qwen3_14b,portuguese,participants,cls_def_exp,temp0.3_nodelim_norole_nocot,lusa_71,2,classification,Estádio da Luz,Fac,0.95
qwen3_14b,portuguese,participants,cls_def_exp,temp0.3_nodelim_norole_nocot,lusa_71,2,classification,a polícia,Org,0.9
qwen3_14b,portuguese,participants,cls_def_exp,temp0.3_nodelim_norole_nocot,lusa_71,2,classification,São Domingos de Benfica,Pl_civil,0.95
qwen3_14b,portuguese,participants,sent_def_exp,temp0.3_nodelim_norole_nocot,lusa_71,3,detection,,yes,0.95
qwen3_14b,portuguese,participants,ext_def_exp,temp0.3_nodelim_norole_nocot,lusa_71,3,extraction,O condutor,,0.95
qwen3_14b,portuguese,participants,ext_def_exp,temp0.3_nodelim_norole_nocot,lusa_71,3,extraction,a PSP,,0.9
qwen3_14b,portuguese,participants,cls_def_exp,temp0.3_nodelim_norole_nocot,lusa_71,3,classification,O condutor,Per,0.95
qwen3_14b,portuguese,participants,cls_def_exp,temp0.3_nodelim_norole_nocot,lusa_71,3,classification,a PSP,Org,0.95
qwen3_14b,portuguese,participants,sent_def_exp,temp0.3_nodelim_norole_nocot,lusa_71,4,detection,,yes,0.95
qwen3_14b,portuguese,participants,ext_def_exp,temp0.3_nodelim_norole_nocot,lusa_71,4,extraction,Rádio Renascença,,0.95
qwen3_14b,portuguese,participants,ext_def_exp,temp0.3_nodelim_norole_nocot,lusa_71,4,extraction,o homem,,0.9
qwen3_14b,portuguese,participants,ext_def_exp,temp0.3_nodelim_norole_nocot,lusa_71,4,extraction,o automóvel,,0.8
qwen3_14b,portuguese,participants,ext_def_exp,temp0.3_nodelim_norole_nocot,lusa_71,4,extraction,relvado,,0.7
qwen3_14b,portuguese,participants,cls_def_exp,temp0.3_nodelim_norole_nocot,lusa_71,4,classification,Rádio Renascença,Org,0.95
qwen3_14b,portuguese,participants,cls_def_exp,temp0.3_nodelim_norole_nocot,lusa_71,4,classification,o homem,Per,0.9
qwen3_14b,portuguese,participants,cls_def_exp,temp0.3_nodelim_norole_nocot,lusa_71,4,classification,o automóvel,Veh,0.95
qwen3_14b,portuguese,participants,cls_def_exp,temp0.3_nodelim_norole_nocot,lusa_71,4,classification,relvado,Nat,0.7
qwen3_14b,portuguese,participants,sent_def_exp,temp0.3_nodelim_norole_nocot,lusa_71,5,detection,,yes,0.95
qwen3_14b,portuguese,participants,ext_def_exp,temp0.3_nodelim_norole_nocot,lusa_71,5,extraction,A polícia,,0.95
qwen3_14b,portuguese,participants,ext_def_exp,temp0.3_nodelim_norole_nocot,lusa_71,5,extraction,o condutor,,0.9
qwen3_14b,portuguese,participants,ext_def_exp,temp0.3_nodelim_norole_nocot,lusa_71,5,extraction,estádio do Benfica,,0.85
qwen3_14b,portuguese,participants,cls_def_exp,temp0.3_nodelim_norole_nocot,lusa_71,5,classification,A polícia,Org,0.95
qwen3_14b,portuguese,participants,cls_def_exp,temp0.3_nodelim_norole_nocot,lusa_71,5,classification,o condutor,Per,0.95
qwen3_14b,portuguese,participants,cls_def_exp,temp0.3_nodelim_norole_nocot,lusa_71,5,classification,estádio do Benfica,Fac,0.95
qwen3_14b,portuguese,participants,sent_def_exp,temp0.3_nodelim_norole_nocot,lusa_71,6,detection,,yes,0.95
qwen3_14b,portuguese,participants,ext_def_exp,temp0.3_nodelim_norole_nocot,lusa_71,6,extraction,Cometlis,,0.95
qwen3_14b,portuguese,participants,ext_def_exp,temp0.3_nodelim_norole_nocot,lusa_71,6,extraction,este homem,,0.8
qwen3_14b,portuguese,participants,cls_def_exp,temp0.3_nodelim_norole_nocot,lusa_71,6,classification,Cometlis,Org,0.95
qwen3_14b,portuguese,participants,cls_def_exp,temp0.3_nodelim_norole_nocot,lusa_71,6,classification,este homem,Per,0.95
qwen3_14b,portuguese,participants,sent_def_exp,temp0.3_nodelim_norole_nocot,lusa_72,1,detection,,yes,0.95
qwen3_14b,portuguese,participants,ext_def_exp,temp0.3_nodelim_norole_nocot,lusa_72,1,extraction,Um homem de 54 anos,,0.95
qwen3_14b,portuguese,participants,ext_def_exp,temp0.3_nodelim_norole_nocot,lusa_72,1,extraction,numa ribeira,,0.8
qwen3_14b,portuguese,participants,ext_def_exp,temp0.3_nodelim_norole_nocot,lusa_72,1,extraction,aldeia de Fráguas,,0.8
qwen3_14b,portuguese,participants,ext_def_exp,temp0.3_nodelim_norole_nocot,lusa_72,1,extraction,concelho de Tondela,,0.8
qwen3_14b,portuguese,participants,ext_def_exp,temp0.3_nodelim_norole_nocot,lusa_72,1,extraction,agência Lusa,,0.8
qwen3_14b,portuguese,participants,ext_def_exp,temp0.3_nodelim_norole_nocot,lusa_72,1,extraction,fonte da GNR,,0.7
qwen3_14b,portuguese,participants,ext_def_exp,temp0.3_nodelim_norole_nocot,lusa_72,1,extraction,GNR,,0.8
qwen3_14b,portuguese,participants,cls_def_exp,temp0.3_nodelim_norole_nocot,lusa_72,1,classification,Um homem de 54 anos,Per,0.95
qwen3_14b,portuguese,participants,cls_def_exp,temp0.3_nodelim_norole_nocot,lusa_72,1,classification,numa ribeira,Pl_water,0.9
qwen3_14b,portuguese,participants,cls_def_exp,temp0.3_nodelim_norole_nocot,lusa_72,1,classification,aldeia de Fráguas,Pl_region,0.95
qwen3_14b,portuguese,participants,cls_def_exp,temp0.3_nodelim_norole_nocot,lusa_72,1,classification,concelho de Tondela,Pl_civil,0.9
qwen3_14b,portuguese,participants,cls_def_exp,temp0.3_nodelim_norole_nocot,lusa_72,1,classification,agência Lusa,Org,0.95
qwen3_14b,portuguese,participants,cls_def_exp,temp0.3_nodelim_norole_nocot,lusa_72,1,classification,fonte da GNR,Per,0.85
qwen3_14b,portuguese,participants,cls_def_exp,temp0.3_nodelim_norole_nocot,lusa_72,1,classification,GNR,Org,0.95
qwen3_14b,portuguese,participants,sent_def_exp,temp0.3_nodelim_norole_nocot,lusa_72,2,detection,,yes,0.95
qwen3_14b,portuguese,participants,ext_def_exp,temp0.3_nodelim_norole_nocot,lusa_72,2,extraction,fonte,,0.9
qwen3_14b,portuguese,participants,ext_def_exp,temp0.3_nodelim_norole_nocot,lusa_72,2,extraction,Comando Territorial da GNR de Viseu,,0.9
qwen3_14b,portuguese,participants,ext_def_exp,temp0.3_nodelim_norole_nocot,lusa_72,2,extraction,o homem,,0.9
qwen3_14b,portuguese,participants,ext_def_exp,temp0.3_nodelim_norole_nocot,lusa_72,2,extraction,a berma da via,,0.8
qwen3_14b,portuguese,participants,ext_def_exp,temp0.3_nodelim_norole_nocot,lusa_72,2,extraction,a ribeira,,0.8
qwen3_14b,portuguese,participants,cls_def_exp,temp0.3_nodelim_norole_nocot,lusa_72,2,classification,fonte,Per,0.9
qwen3_14b,portuguese,participants,cls_def_exp,temp0.3_nodelim_norole_nocot,lusa_72,2,classification,Comando Territorial da GNR de Viseu,Org,0.95
qwen3_14b,portuguese,participants,cls_def_exp,temp0.3_nodelim_norole_nocot,lusa_72,2,classification,o homem,Per,0.95
qwen3_14b,portuguese,participants,cls_def_exp,temp0.3_nodelim_norole_nocot,lusa_72,2,classification,a berma da via,Fac,0.85
qwen3_14b,portuguese,participants,cls_def_exp,temp0.3_nodelim_norole_nocot,lusa_72,2,classification,a ribeira,Pl_water,0.9
qwen3_14b,portuguese,participants,sent_def_exp,temp0.3_nodelim_norole_nocot,lusa_72,3,detection,,no,0.75
qwen3_14b,portuguese,participants,sent_def_exp,temp0.3_nodelim_norole_nocot,lusa_72,4,detection,,no,0.3
qwen3_14b,portuguese,participants,sent_def_exp,temp0.3_nodelim_norole_nocot,lusa_72,5,detection,,yes,0.85
qwen3_14b,portuguese,participants,ext_def_exp,temp0.3_nodelim_norole_nocot,lusa_72,5,extraction,a mesma fonte,,0.9
qwen3_14b,portuguese,participants,ext_def_exp,temp0.3_nodelim_norole_nocot,lusa_72,5,extraction,o corpo,,0.7
qwen3_14b,portuguese,participants,ext_def_exp,temp0.3_nodelim_norole_nocot,lusa_72,5,extraction,Instituto Nacional de Medicina Legal,,0.95
qwen3_14b,portuguese,participants,cls_def_exp,temp0.3_nodelim_norole_nocot,lusa_72,5,classification,a mesma fonte,Per,0.95
qwen3_14b,portuguese,participants,cls_def_exp,temp0.3_nodelim_norole_nocot,lusa_72,5,classification,o corpo,Obj,0.9
qwen3_14b,portuguese,participants,cls_def_exp,temp0.3_nodelim_norole_nocot,lusa_72,5,classification,Instituto Nacional de Medicina Legal,Org,0.95
qwen3_14b,portuguese,participants,sent_def_exp,temp0.3_nodelim_norole_nocot,lusa_72,6,detection,,yes,0.95
qwen3_14b,portuguese,participants,ext_def_exp,temp0.3_nodelim_norole_nocot,lusa_72,6,extraction,Comando Distrital de Operações de Socorro de Viseu,,0.95
qwen3_14b,portuguese,participants,ext_def_exp,temp0.3_nodelim_norole_nocot,lusa_72,6,extraction,nove operacionais,,0.85
qwen3_14b,portuguese,participants,ext_def_exp,temp0.3_nodelim_norole_nocot,lusa_72,6,extraction,quatro veículos,,0.8
qwen3_14b,portuguese,participants,cls_def_exp,temp0.3_nodelim_norole_nocot,lusa_72,6,classification,Comando Distrital de Operações de Socorro de Viseu,Org,0.95
qwen3_14b,portuguese,participants,cls_def_exp,temp0.3_nodelim_norole_nocot,lusa_72,6,classification,nove operacionais,Per,0.9
qwen3_14b,portuguese,participants,cls_def_exp,temp0.3_nodelim_norole_nocot,lusa_72,6,classification,quatro veículos,Veh,0.95
qwen3_14b,portuguese,participants,sent_def_exp,temp0.3_nodelim_norole_nocot,lusa_73,1,detection,,yes,0.95
qwen3_14b,portuguese,participants,ext_def_exp,temp0.3_nodelim_norole_nocot,lusa_73,1,extraction,Um homem de 60 anos,,0.95
qwen3_14b,portuguese,participants,ext_def_exp,temp0.3_nodelim_norole_nocot,lusa_73,1,extraction,um andaime,,0.9
qwen3_14b,portuguese,participants,ext_def_exp,temp0.3_nodelim_norole_nocot,lusa_73,1,extraction,obra,,0.85
qwen3_14b,portuguese,participants,ext_def_exp,temp0.3_nodelim_norole_nocot,lusa_73,1,extraction,Ponte de Lima,,0.9
qwen3_14b,portuguese,participants,ext_def_exp,temp0.3_nodelim_norole_nocot,lusa_73,1,extraction,o comandante dos bombeiros locais,,0.95
qwen3_14b,portuguese,participants,cls_def_exp,temp0.3_nodelim_norole_nocot,lusa_73,1,classification,Um homem de 60 anos,Per,0.95
qwen3_14b,portuguese,participants,cls_def_exp,temp0.3_nodelim_norole_nocot,lusa_73,1,classification,um andaime,Obj,0.9
qwen3_14b,portuguese,participants,cls_def_exp,temp0.3_nodelim_norole_nocot,lusa_73,1,classification,obra,Fac,0.8
qwen3_14b,portuguese,participants,cls_def_exp,temp0.3_nodelim_norole_nocot,lusa_73,1,classification,Ponte de Lima,Pl_civil,0.95
qwen3_14b,portuguese,participants,cls_def_exp,temp0.3_nodelim_norole_nocot,lusa_73,1,classification,o comandante dos bombeiros locais,Per,0.95
qwen3_14b,portuguese,participants,sent_def_exp,temp0.3_nodelim_norole_nocot,lusa_73,2,detection,,yes,0.95
qwen3_14b,portuguese,participants,ext_def_exp,temp0.3_nodelim_norole_nocot,lusa_73,2,extraction,agência Lusa,,0.95
qwen3_14b,portuguese,participants,ext_def_exp,temp0.3_nodelim_norole_nocot,lusa_73,2,extraction,Carlos Lima,,0.95
qwen3_14b,portuguese,participants,ext_def_exp,temp0.3_nodelim_norole_nocot,lusa_73,2,extraction,o homem,,0.8
qwen3_14b,portuguese,participants,ext_def_exp,temp0.3_nodelim_norole_nocot,lusa_73,2,extraction,ambulância de Suporte Imediato de Vida (SIV),,0.9
qwen3_14b,portuguese,participants,ext_def_exp,temp0.3_nodelim_norole_nocot,lusa_73,2,extraction,hospital de Braga,,0.9
qwen3_14b,portuguese,participants,cls_def_exp,temp0.3_nodelim_norole_nocot,lusa_73,2,classification,agência Lusa,Org,0.95
qwen3_14b,portuguese,participants,cls_def_exp,temp0.3_nodelim_norole_nocot,lusa_73,2,classification,Carlos Lima,Per,0.98
qwen3_14b,portuguese,participants,cls_def_exp,temp0.3_nodelim_norole_nocot,lusa_73,2,classification,o homem,Per,0.9
qwen3_14b,portuguese,participants,cls_def_exp,temp0.3_nodelim_norole_nocot,lusa_73,2,classification,ambulância de Suporte Imediato de Vida (SIV),Veh,0.95
qwen3_14b,portuguese,participants,cls_def_exp,temp0.3_nodelim_norole_nocot,lusa_73,2,classification,hospital de Braga,Fac,0.95
qwen3_14b,portuguese,participants,sent_def_exp,temp0.3_nodelim_norole_nocot,lusa_73,3,detection,,yes,0.95
qwen3_14b,portuguese,participants,ext_def_exp,temp0.3_nodelim_norole_nocot,lusa_73,3,extraction,o comandante dos Bombeiros de Ponte de Lima,,0.9
qwen3_14b,portuguese,participants,ext_def_exp,temp0.3_nodelim_norole_nocot,lusa_73,3,extraction,no distrito de Viana do Castelo,,0.8
qwen3_14b,portuguese,participants,ext_def_exp,temp0.3_nodelim_norole_nocot,lusa_73,3,extraction,distrito de Viana do Castelo,,0.7
qwen3_14b,portuguese,participants,ext_def_exp,temp0.3_nodelim_norole_nocot,lusa_73,3,extraction,obra de construção civil,,0.7
qwen3_14b,portuguese,participants,ext_def_exp,temp0.3_nodelim_norole_nocot,lusa_73,3,extraction,freguesia de Ribeira,,0.9
qwen3_14b,portuguese,participants,ext_def_exp,temp0.3_nodelim_norole_nocot,lusa_73,3,extraction,Bombeiros de Ponte de Lima,,0.9
qwen3_14b,portuguese,participants,cls_def_exp,temp0.3_nodelim_norole_nocot,lusa_73,3,classification,o comandante dos Bombeiros de Ponte de Lima,Per,0.95
qwen3_14b,portuguese,participants,cls_def_exp,temp0.3_nodelim_norole_nocot,lusa_73,3,classification,no distrito de Viana do Castelo,Pl_state,0.8
qwen3_14b,portuguese,participants,cls_def_exp,temp0.3_nodelim_norole_nocot,lusa_73,3,classification,distrito de Viana do Castelo,Pl_state,0.8
qwen3_14b,portuguese,participants,cls_def_exp,temp0.3_nodelim_norole_nocot,lusa_73,3,classification,obra de construção civil,Obj,0.95
qwen3_14b,portuguese,participants,cls_def_exp,temp0.3_nodelim_norole_nocot,lusa_73,3,classification,freguesia de Ribeira,Pl_civil,0.9
qwen3_14b,portuguese,participants,cls_def_exp,temp0.3_nodelim_norole_nocot,lusa_73,3,classification,Bombeiros de Ponte de Lima,Org,0.95
qwen3_14b,portuguese,participants,sent_def_exp,temp0.3_nodelim_norole_nocot,lusa_73,4,detection,,yes,0.95
qwen3_14b,portuguese,participants,ext_def_exp,temp0.3_nodelim_norole_nocot,lusa_73,4,extraction,Lusa,,0.9
qwen3_14b,portuguese,participants,ext_def_exp,temp0.3_nodelim_norole_nocot,lusa_73,4,extraction,fonte,,0.7
qwen3_14b,portuguese,participants,ext_def_exp,temp0.3_nodelim_norole_nocot,lusa_73,4,extraction,Comando Distrital de Operações de Socorro (CDOS),,0.9
qwen3_14b,portuguese,participants,cls_def_exp,temp0.3_nodelim_norole_nocot,lusa_73,4,classification,Lusa,Org,0.95
qwen3_14b,portuguese,participants,cls_def_exp,temp0.3_nodelim_norole_nocot,lusa_73,4,classification,fonte,Per,0.85
qwen3_14b,portuguese,participants,cls_def_exp,temp0.3_nodelim_norole_nocot,lusa_73,4,classification,Comando Distrital de Operações de Socorro (CDOS),Org,0.95
qwen3_14b,portuguese,participants,sent_def_exp,temp0.3_nodelim_norole_nocot,lusa_73,5,detection,,yes,0.98
qwen3_14b,portuguese,participants,ext_def_exp,temp0.3_nodelim_norole_nocot,lusa_73,5,extraction,SIV,,0.9
qwen3_14b,portuguese,participants,ext_def_exp,temp0.3_nodelim_norole_nocot,lusa_73,5,extraction,dois operacionais,,0.7
qwen3_14b,portuguese,participants,ext_def_exp,temp0.3_nodelim_norole_nocot,lusa_73,5,extraction,uma viatura dos bombeiros,,0.8
qwen3_14b,portuguese,participants,ext_def_exp,temp0.3_nodelim_norole_nocot,lusa_73,5,extraction,a Viatura de Emergência Médica (VMER) de Viana do Castelo,,0.9
qwen3_14b,portuguese,participants,ext_def_exp,temp0.3_nodelim_norole_nocot,lusa_73,5,extraction,a GNR,,0.9
qwen3_14b,portuguese,participants,ext_def_exp,temp0.3_nodelim_norole_nocot,lusa_73,5,extraction,bombeiros,,0.8
qwen3_14b,portuguese,participants,ext_def_exp,temp0.3_nodelim_norole_nocot,lusa_73,5,extraction,GNR,,0.9
qwen3_14b,portuguese,participants,cls_def_exp,temp0.3_nodelim_norole_nocot,lusa_73,5,classification,SIV,Org,0.95
qwen3_14b,portuguese,participants,cls_def_exp,temp0.3_nodelim_norole_nocot,lusa_73,5,classification,dois operacionais,Per,0.9
qwen3_14b,portuguese,participants,cls_def_exp,temp0.3_nodelim_norole_nocot,lusa_73,5,classification,uma viatura dos bombeiros,Veh,0.95
qwen3_14b,portuguese,participants,cls_def_exp,temp0.3_nodelim_norole_nocot,lusa_73,5,classification,a Viatura de Emergência Médica (VMER) de Viana do Castelo,Veh,0.98
qwen3_14b,portuguese,participants,cls_def_exp,temp0.3_nodelim_norole_nocot,lusa_73,5,classification,a GNR,Org,0.95
qwen3_14b,portuguese,participants,cls_def_exp,temp0.3_nodelim_norole_nocot,lusa_73,5,classification,bombeiros,Per,0.85
qwen3_14b,portuguese,participants,cls_def_exp,temp0.3_nodelim_norole_nocot,lusa_73,5,classification,GNR,Org,0.95
qwen3_14b,portuguese,participants,sent_def_exp,temp0.3_nodelim_norole_nocot,lusa_74,1,detection,,yes,0.95
qwen3_14b,portuguese,participants,ext_def_exp,temp0.3_nodelim_norole_nocot,lusa_74,1,extraction,Um homem de 33 anos,,0.95
qwen3_14b,portuguese,participants,ext_def_exp,temp0.3_nodelim_norole_nocot,lusa_74,1,extraction,"a mãe, de 57",,0.95
qwen3_14b,portuguese,participants,ext_def_exp,temp0.3_nodelim_norole_nocot,lusa_74,1,extraction,Valongo,,0.9
qwen3_14b,portuguese,participants,ext_def_exp,temp0.3_nodelim_norole_nocot,lusa_74,1,extraction,a GNR do Porto,,0.9
qwen3_14b,portuguese,participants,cls_def_exp,temp0.3_nodelim_norole_nocot,lusa_74,1,classification,Um homem de 33 anos,Per,0.95
qwen3_14b,portuguese,participants,cls_def_exp,temp0.3_nodelim_norole_nocot,lusa_74,1,classification,"a mãe, de 57",Per,0.95
qwen3_14b,portuguese,participants,cls_def_exp,temp0.3_nodelim_norole_nocot,lusa_74,1,classification,Valongo,Pl_civil,0.9
qwen3_14b,portuguese,participants,cls_def_exp,temp0.3_nodelim_norole_nocot,lusa_74,1,classification,a GNR do Porto,Org,0.95
qwen3_14b,portuguese,participants,sent_def_exp,temp0.3_nodelim_norole_nocot,lusa_74,2,detection,,yes,0.95
qwen3_14b,portuguese,participants,ext_def_exp,temp0.3_nodelim_norole_nocot,lusa_74,2,extraction,força policial,,0.95
qwen3_14b,portuguese,participants,ext_def_exp,temp0.3_nodelim_norole_nocot,lusa_74,2,extraction,detido,,0.9
qwen3_14b,portuguese,participants,cls_def_exp,temp0.3_nodelim_norole_nocot,lusa_74,2,classification,força policial,Org,0.95
qwen3_14b,portuguese,participants,cls_def_exp,temp0.3_nodelim_norole_nocot,lusa_74,2,classification,detido,Per,0.95
qwen3_14b,portuguese,participants,sent_def_exp,temp0.3_nodelim_norole_nocot,lusa_74,3,detection,,no,0.1
qwen3_14b,portuguese,participants,sent_def_exp,temp0.3_nodelim_norole_nocot,lusa_74,4,detection,,yes,0.95
qwen3_14b,portuguese,participants,ext_def_exp,temp0.3_nodelim_norole_nocot,lusa_74,4,extraction,os militares,,0.9
qwen3_14b,portuguese,participants,ext_def_exp,temp0.3_nodelim_norole_nocot,lusa_74,4,extraction,o homem,,0.9
qwen3_14b,portuguese,participants,ext_def_exp,temp0.3_nodelim_norole_nocot,lusa_74,4,extraction,a mãe,,0.9
qwen3_14b,portuguese,participants,cls_def_exp,temp0.3_nodelim_norole_nocot,lusa_74,4,classification,os militares,Per,0.95
qwen3_14b,portuguese,participants,cls_def_exp,temp0.3_nodelim_norole_nocot,lusa_74,4,classification,o homem,Per,0.95
qwen3_14b,portuguese,participants,cls_def_exp,temp0.3_nodelim_norole_nocot,lusa_74,4,classification,a mãe,Per,0.95
qwen3_14b,portuguese,participants,sent_def_exp,temp0.3_nodelim_norole_nocot,lusa_74,5,detection,,yes,0.98
qwen3_14b,portuguese,participants,ext_def_exp,temp0.3_nodelim_norole_nocot,lusa_74,5,extraction,a GNR,,0.95
qwen3_14b,portuguese,participants,ext_def_exp,temp0.3_nodelim_norole_nocot,lusa_74,5,extraction,o arguido,,0.95
qwen3_14b,portuguese,participants,ext_def_exp,temp0.3_nodelim_norole_nocot,lusa_74,5,extraction,a mãe,,0.95
qwen3_14b,portuguese,participants,ext_def_exp,temp0.3_nodelim_norole_nocot,lusa_74,5,extraction,a residência,,0.75
qwen3_14b,portuguese,participants,cls_def_exp,temp0.3_nodelim_norole_nocot,lusa_74,5,classification,a GNR,Org,0.95
qwen3_14b,portuguese,participants,cls_def_exp,temp0.3_nodelim_norole_nocot,lusa_74,5,classification,o arguido,Per,0.98
qwen3_14b,portuguese,participants,cls_def_exp,temp0.3_nodelim_norole_nocot,lusa_74,5,classification,a mãe,Per,0.99
qwen3_14b,portuguese,participants,cls_def_exp,temp0.3_nodelim_norole_nocot,lusa_74,5,classification,a residência,Fac,0.92
qwen3_14b,portuguese,participants,sent_def_exp,temp0.3_nodelim_norole_nocot,lusa_75,1,detection,,yes,0.95
qwen3_14b,portuguese,participants,ext_def_exp,temp0.3_nodelim_norole_nocot,lusa_75,1,extraction,Um homem de 61 anos,,0.95
qwen3_14b,portuguese,participants,ext_def_exp,temp0.3_nodelim_norole_nocot,lusa_75,1,extraction,automóvel,,0.9
qwen3_14b,portuguese,participants,ext_def_exp,temp0.3_nodelim_norole_nocot,lusa_75,1,extraction,Carreiras,,0.9
qwen3_14b,portuguese,participants,ext_def_exp,temp0.3_nodelim_norole_nocot,lusa_75,1,extraction,concelho de Portalegre,,0.85
qwen3_14b,portuguese,participants,ext_def_exp,temp0.3_nodelim_norole_nocot,lusa_75,1,extraction,agência Lusa,,0.95
qwen3_14b,portuguese,participants,ext_def_exp,temp0.3_nodelim_norole_nocot,lusa_75,1,extraction,fonte,,0.8
qwen3_14b,portuguese,participants,ext_def_exp,temp0.3_nodelim_norole_nocot,lusa_75,1,extraction,GNR,,0.95
qwen3_14b,portuguese,participants,cls_def_exp,temp0.3_nodelim_norole_nocot,lusa_75,1,classification,Um homem de 61 anos,Per,0.95
qwen3_14b,portuguese,participants,cls_def_exp,temp0.3_nodelim_norole_nocot,lusa_75,1,classification,automóvel,Veh,0.9
qwen3_14b,portuguese,participants,cls_def_exp,temp0.3_nodelim_norole_nocot,lusa_75,1,classification,Carreiras,Pl_civil,0.8
qwen3_14b,portuguese,participants,cls_def_exp,temp0.3_nodelim_norole_nocot,lusa_75,1,classification,concelho de Portalegre,Pl_civil,0.85
qwen3_14b,portuguese,participants,cls_def_exp,temp0.3_nodelim_norole_nocot,lusa_75,1,classification,agência Lusa,Org,0.95
qwen3_14b,portuguese,participants,cls_def_exp,temp0.3_nodelim_norole_nocot,lusa_75,1,classification,fonte,Per,0.8
qwen3_14b,portuguese,participants,cls_def_exp,temp0.3_nodelim_norole_nocot,lusa_75,1,classification,GNR,Org,0.95
qwen3_14b,portuguese,participants,sent_def_exp,temp0.3_nodelim_norole_nocot,lusa_75,2,detection,,yes,0.95
qwen3_14b,portuguese,participants,ext_def_exp,temp0.3_nodelim_norole_nocot,lusa_75,2,extraction,a mesma fonte,,0.7
qwen3_14b,portuguese,participants,ext_def_exp,temp0.3_nodelim_norole_nocot,lusa_75,2,extraction,a GNR,,1.0
qwen3_14b,portuguese,participants,ext_def_exp,temp0.3_nodelim_norole_nocot,lusa_75,2,extraction,o homem,,1.0
qwen3_14b,portuguese,participants,ext_def_exp,temp0.3_nodelim_norole_nocot,lusa_75,2,extraction,populares,,0.8
qwen3_14b,portuguese,participants,cls_def_exp,temp0.3_nodelim_norole_nocot,lusa_75,2,classification,a mesma fonte,Per,0.95
qwen3_14b,portuguese,participants,cls_def_exp,temp0.3_nodelim_norole_nocot,lusa_75,2,classification,a GNR,Org,0.95
qwen3_14b,portuguese,participants,cls_def_exp,temp0.3_nodelim_norole_nocot,lusa_75,2,classification,o homem,Per,0.95
qwen3_14b,portuguese,participants,cls_def_exp,temp0.3_nodelim_norole_nocot,lusa_75,2,classification,populares,Per,0.85
qwen3_14b,portuguese,participants,sent_def_exp,temp0.3_nodelim_norole_nocot,lusa_75,3,detection,,yes,0.95
qwen3_14b,portuguese,participants,ext_def_exp,temp0.3_nodelim_norole_nocot,lusa_75,3,extraction,militares da GNR,,0.95
qwen3_14b,portuguese,participants,ext_def_exp,temp0.3_nodelim_norole_nocot,lusa_75,3,extraction,o homem,,0.9
qwen3_14b,portuguese,participants,ext_def_exp,temp0.3_nodelim_norole_nocot,lusa_75,3,extraction,Polícia Judiciária,,0.95
qwen3_14b,portuguese,participants,ext_def_exp,temp0.3_nodelim_norole_nocot,lusa_75,3,extraction,a fonte da força de segurança,,0.85
qwen3_14b,portuguese,participants,cls_def_exp,temp0.3_nodelim_norole_nocot,lusa_75,3,classification,militares da GNR,Per,0.95
qwen3_14b,portuguese,participants,cls_def_exp,temp0.3_nodelim_norole_nocot,lusa_75,3,classification,o homem,Per,0.98
qwen3_14b,portuguese,participants,cls_def_exp,temp0.3_nodelim_norole_nocot,lusa_75,3,classification,Polícia Judiciária,Org,0.95
qwen3_14b,portuguese,participants,cls_def_exp,temp0.3_nodelim_norole_nocot,lusa_75,3,classification,a fonte da força de segurança,Per,0.85
qwen3_14b,portuguese,participants,sent_def_exp,temp0.3_nodelim_norole_nocot,lusa_75,4,detection,,yes,0.95
qwen3_14b,portuguese,participants,ext_def_exp,temp0.3_nodelim_norole_nocot,lusa_75,4,extraction,a fonte da guarda,,0.8
qwen3_14b,portuguese,participants,ext_def_exp,temp0.3_nodelim_norole_nocot,lusa_75,4,extraction,o homem,,0.95
qwen3_14b,portuguese,participants,ext_def_exp,temp0.3_nodelim_norole_nocot,lusa_75,4,extraction,Carreiras,,0.75
qwen3_14b,portuguese,participants,ext_def_exp,temp0.3_nodelim_norole_nocot,lusa_75,4,extraction,naquela localidade,,0.7
qwen3_14b,portuguese,participants,cls_def_exp,temp0.3_nodelim_norole_nocot,lusa_75,4,classification,a fonte da guarda,Per,0.9
qwen3_14b,portuguese,participants,cls_def_exp,temp0.3_nodelim_norole_nocot,lusa_75,4,classification,o homem,Per,0.95
qwen3_14b,portuguese,participants,cls_def_exp,temp0.3_nodelim_norole_nocot,lusa_75,4,classification,Carreiras,Pl_civil,0.85
qwen3_14b,portuguese,participants,cls_def_exp,temp0.3_nodelim_norole_nocot,lusa_75,4,classification,naquela localidade,Loc,0.75
qwen3_14b,portuguese,participants,sent_def_exp,temp0.3_nodelim_norole_nocot,lusa_75,5,detection,,yes,0.95
qwen3_14b,portuguese,participants,ext_def_exp,temp0.3_nodelim_norole_nocot,lusa_75,5,extraction,fonte,,0.8
qwen3_14b,portuguese,participants,ext_def_exp,temp0.3_nodelim_norole_nocot,lusa_75,5,extraction,Comando Distrital de Operações de Socorro (CDOS) de Portalegre,,1.0
qwen3_14b,portuguese,participants,ext_def_exp,temp0.3_nodelim_norole_nocot,lusa_75,5,extraction,o óbito,,0.9
qwen3_14b,portuguese,participants,ext_def_exp,temp0.3_nodelim_norole_nocot,lusa_75,5,extraction,o corpo,,0.9
qwen3_14b,portuguese,participants,ext_def_exp,temp0.3_nodelim_norole_nocot,lusa_75,5,extraction,serviço de Medicina Legal,,0.95
qwen3_14b,portuguese,participants,ext_def_exp,temp0.3_nodelim_norole_nocot,lusa_75,5,extraction,hospital de Portalegre,,0.95
qwen3_14b,portuguese,participants,ext_def_exp,temp0.3_nodelim_norole_nocot,lusa_75,5,extraction,Portalegre,,0.8
qwen3_14b,portuguese,participants,cls_def_exp,temp0.3_nodelim_norole_nocot,lusa_75,5,classification,fonte,Per,0.95
qwen3_14b,portuguese,participants,cls_def_exp,temp0.3_nodelim_norole_nocot,lusa_75,5,classification,Comando Distrital de Operações de Socorro (CDOS) de Portalegre,Org,0.98
qwen3_14b,portuguese,participants,cls_def_exp,temp0.3_nodelim_norole_nocot,lusa_75,5,classification,o óbito,Other,0.75
qwen3_14b,portuguese,participants,cls_def_exp,temp0.3_nodelim_norole_nocot,lusa_75,5,classification,o corpo,Obj,0.95
qwen3_14b,portuguese,participants,cls_def_exp,temp0.3_nodelim_norole_nocot,lusa_75,5,classification,serviço de Medicina Legal,Org,0.85
qwen3_14b,portuguese,participants,cls_def_exp,temp0.3_nodelim_norole_nocot,lusa_75,5,classification,hospital de Portalegre,Fac,0.95
qwen3_14b,portuguese,participants,cls_def_exp,temp0.3_nodelim_norole_nocot,lusa_75,5,classification,Portalegre,Pl_civil,0.95
qwen3_14b,portuguese,participants,sent_def_exp,temp0.3_nodelim_norole_nocot,lusa_76,1,detection,,yes,0.95
qwen3_14b,portuguese,participants,ext_def_exp,temp0.3_nodelim_norole_nocot,lusa_76,1,extraction,Um dirigente da Casa Branca,,0.85
qwen3_14b,portuguese,participants,ext_def_exp,temp0.3_nodelim_norole_nocot,lusa_76,1,extraction,Casa Branca,,0.95
qwen3_14b,portuguese,participants,ext_def_exp,temp0.3_nodelim_norole_nocot,lusa_76,1,extraction,Síria,,0.95
qwen3_14b,portuguese,participants,ext_def_exp,temp0.3_nodelim_norole_nocot,lusa_76,1,extraction,dois cidadãos dos EUA,,0.8
qwen3_14b,portuguese,participants,ext_def_exp,temp0.3_nodelim_norole_nocot,lusa_76,1,extraction,dos EUA,,0.9
qwen3_14b,portuguese,participants,ext_def_exp,temp0.3_nodelim_norole_nocot,lusa_76,1,extraction,dirigente,,0.7
qwen3_14b,portuguese,participants,cls_def_exp,temp0.3_nodelim_norole_nocot,lusa_76,1,classification,Um dirigente da Casa Branca,Per,0.95
qwen3_14b,portuguese,participants,cls_def_exp,temp0.3_nodelim_norole_nocot,lusa_76,1,classification,Casa Branca,Org,0.95
qwen3_14b,portuguese,participants,cls_def_exp,temp0.3_nodelim_norole_nocot,lusa_76,1,classification,Síria,Pl_country,0.95
qwen3_14b,portuguese,participants,cls_def_exp,temp0.3_nodelim_norole_nocot,lusa_76,1,classification,dois cidadãos dos EUA,Per,0.95
qwen3_14b,portuguese,participants,cls_def_exp,temp0.3_nodelim_norole_nocot,lusa_76,1,classification,dos EUA,Pl_country,0.95
qwen3_14b,portuguese,participants,cls_def_exp,temp0.3_nodelim_norole_nocot,lusa_76,1,classification,dirigente,Per,0.85
qwen3_14b,portuguese,participants,sent_def_exp,temp0.3_nodelim_norole_nocot,lusa_76,2,detection,,yes,0.95
qwen3_14b,portuguese,participants,ext_def_exp,temp0.3_nodelim_norole_nocot,lusa_76,2,extraction,pelo Wall Street Journal,,0.95
qwen3_14b,portuguese,participants,ext_def_exp,temp0.3_nodelim_norole_nocot,lusa_76,2,extraction,pela agência Associated Press (AP),,0.95
qwen3_14b,portuguese,participants,cls_def_exp,temp0.3_nodelim_norole_nocot,lusa_76,2,classification,pelo Wall Street Journal,Org,0.95
qwen3_14b,portuguese,participants,cls_def_exp,temp0.3_nodelim_norole_nocot,lusa_76,2,classification,pela agência Associated Press (AP),Org,0.95
qwen3_14b,portuguese,participants,sent_def_exp,temp0.3_nodelim_norole_nocot,lusa_76,3,detection,,yes,0.95
qwen3_14b,portuguese,participants,ext_def_exp,temp0.3_nodelim_norole_nocot,lusa_76,3,extraction,a AP,,0.9
qwen3_14b,portuguese,participants,ext_def_exp,temp0.3_nodelim_norole_nocot,lusa_76,3,extraction,um assessor de Donald Trump,,0.8
qwen3_14b,portuguese,participants,ext_def_exp,temp0.3_nodelim_norole_nocot,lusa_76,3,extraction,Donald Trump,,0.95
qwen3_14b,portuguese,participants,ext_def_exp,temp0.3_nodelim_norole_nocot,lusa_76,3,extraction,Kash Patel,,0.95
qwen3_14b,portuguese,participants,ext_def_exp,temp0.3_nodelim_norole_nocot,lusa_76,3,extraction,Síria,,0.9
qwen3_14b,portuguese,participants,ext_def_exp,temp0.3_nodelim_norole_nocot,lusa_76,3,extraction,dois cidadãos,,0.7
qwen3_14b,portuguese,participants,ext_def_exp,temp0.3_nodelim_norole_nocot,lusa_76,3,extraction,um dos quais o jornalista Austin Tice,,0.8
qwen3_14b,portuguese,participants,ext_def_exp,temp0.3_nodelim_norole_nocot,lusa_76,3,extraction,o jornalista Austin Tice,,0.95
qwen3_14b,portuguese,participants,cls_def_exp,temp0.3_nodelim_norole_nocot,lusa_76,3,classification,a AP,Org,0.95
qwen3_14b,portuguese,participants,cls_def_exp,temp0.3_nodelim_norole_nocot,lusa_76,3,classification,um assessor de Donald Trump,Per,0.9
qwen3_14b,portuguese,participants,cls_def_exp,temp0.3_nodelim_norole_nocot,lusa_76,3,classification,Donald Trump,Per,0.99
qwen3_14b,portuguese,participants,cls_def_exp,temp0.3_nodelim_norole_nocot,lusa_76,3,classification,Kash Patel,Per,0.98
qwen3_14b,portuguese,participants,cls_def_exp,temp0.3_nodelim_norole_nocot,lusa_76,3,classification,Síria,Pl_country,0.95
qwen3_14b,portuguese,participants,cls_def_exp,temp0.3_nodelim_norole_nocot,lusa_76,3,classification,dois cidadãos,Per,0.8
qwen3_14b,portuguese,participants,cls_def_exp,temp0.3_nodelim_norole_nocot,lusa_76,3,classification,um dos quais o jornalista Austin Tice,Per,0.95
qwen3_14b,portuguese,participants,cls_def_exp,temp0.3_nodelim_norole_nocot,lusa_76,3,classification,o jornalista Austin Tice,Per,0.98
qwen3_14b,portuguese,participants,sent_def_exp,temp0.3_nodelim_norole_nocot,lusa_76,4,detection,,yes,0.95
qwen3_14b,portuguese,participants,ext_def_exp,temp0.3_nodelim_norole_nocot,lusa_76,4,extraction,um dirigente dos EUA de alto nível,,0.95
qwen3_14b,portuguese,participants,ext_def_exp,temp0.3_nodelim_norole_nocot,lusa_76,4,extraction,dos EUA,,0.9
qwen3_14b,portuguese,participants,ext_def_exp,temp0.3_nodelim_norole_nocot,lusa_76,4,extraction,Síria,,0.95
qwen3_14b,portuguese,participants,cls_def_exp,temp0.3_nodelim_norole_nocot,lusa_76,4,classification,um dirigente dos EUA de alto nível,Per,0.95
qwen3_14b,portuguese,participants,cls_def_exp,temp0.3_nodelim_norole_nocot,lusa_76,4,classification,dos EUA,Pl_country,0.95
qwen3_14b,portuguese,participants,cls_def_exp,temp0.3_nodelim_norole_nocot,lusa_76,4,classification,Síria,Pl_country,0.95
qwen3_14b,portuguese,participants,sent_def_exp,temp0.3_nodelim_norole_nocot,lusa_76,5,detection,,yes,0.95
qwen3_14b,portuguese,participants,ext_def_exp,temp0.3_nodelim_norole_nocot,lusa_76,5,extraction,Tice,,0.95
qwen3_14b,portuguese,participants,ext_def_exp,temp0.3_nodelim_norole_nocot,lusa_76,5,extraction,Trump,,0.9
qwen3_14b,portuguese,participants,cls_def_exp,temp0.3_nodelim_norole_nocot,lusa_76,5,classification,Tice,Per,0.95
qwen3_14b,portuguese,participants,cls_def_exp,temp0.3_nodelim_norole_nocot,lusa_76,5,classification,Trump,Per,0.95
qwen3_14b,portuguese,participants,sent_def_exp,temp0.3_nodelim_norole_nocot,lusa_76,6,detection,,yes,0.95
qwen3_14b,portuguese,participants,ext_def_exp,temp0.3_nodelim_norole_nocot,lusa_76,6,extraction,Majd Kamalmaz,,0.95
qwen3_14b,portuguese,participants,ext_def_exp,temp0.3_nodelim_norole_nocot,lusa_76,6,extraction,Estado da Virgínia,,0.85
qwen3_14b,portuguese,participants,cls_def_exp,temp0.3_nodelim_norole_nocot,lusa_76,6,classification,Majd Kamalmaz,Per,0.95
qwen3_14b,portuguese,participants,cls_def_exp,temp0.3_nodelim_norole_nocot,lusa_76,6,classification,Estado da Virgínia,Pl_state,0.9
qwen3_14b,portuguese,participants,sent_def_exp,temp0.3_nodelim_norole_nocot,lusa_76,7,detection,,yes,0.85
qwen3_14b,portuguese,participants,ext_def_exp,temp0.3_nodelim_norole_nocot,lusa_76,7,extraction,o regime de Damasco,,0.95
qwen3_14b,portuguese,participants,ext_def_exp,temp0.3_nodelim_norole_nocot,lusa_76,7,extraction,prisões,,0.8
qwen3_14b,portuguese,participants,ext_def_exp,temp0.3_nodelim_norole_nocot,lusa_76,7,extraction,Damasco,,0.75
qwen3_14b,portuguese,participants,cls_def_exp,temp0.3_nodelim_norole_nocot,lusa_76,7,classification,o regime de Damasco,Org,0.95
qwen3_14b,portuguese,participants,cls_def_exp,temp0.3_nodelim_norole_nocot,lusa_76,7,classification,prisões,Fac,0.9
qwen3_14b,portuguese,participants,cls_def_exp,temp0.3_nodelim_norole_nocot,lusa_76,7,classification,Damasco,Pl_capital,0.95
qwen3_14b,portuguese,participants,sent_def_exp,temp0.3_nodelim_norole_nocot,lusa_76,8,detection,,yes,0.95
qwen3_14b,portuguese,participants,ext_def_exp,temp0.3_nodelim_norole_nocot,lusa_76,8,extraction,dirigentes de alto nível dos EUA,,0.95
qwen3_14b,portuguese,participants,ext_def_exp,temp0.3_nodelim_norole_nocot,lusa_76,8,extraction,Damasco,,0.9
qwen3_14b,portuguese,participants,ext_def_exp,temp0.3_nodelim_norole_nocot,lusa_76,8,extraction,embaixada norte-americana,,0.95
qwen3_14b,portuguese,participants,ext_def_exp,temp0.3_nodelim_norole_nocot,lusa_76,8,extraction,embaixador,,0.9
qwen3_14b,portuguese,participants,ext_def_exp,temp0.3_nodelim_norole_nocot,lusa_76,8,extraction,EUA,,0.95
qwen3_14b,portuguese,participants,cls_def_exp,temp0.3_nodelim_norole_nocot,lusa_76,8,classification,dirigentes de alto nível dos EUA,Per,0.95
qwen3_14b,portuguese,participants,cls_def_exp,temp0.3_nodelim_norole_nocot,lusa_76,8,classification,Damasco,Pl_capital,0.9
qwen3_14b,portuguese,participants,cls_def_exp,temp0.3_nodelim_norole_nocot,lusa_76,8,classification,embaixada norte-americana,Fac,0.95
qwen3_14b,portuguese,participants,cls_def_exp,temp0.3_nodelim_norole_nocot,lusa_76,8,classification,embaixador,Per,0.95
qwen3_14b,portuguese,participants,cls_def_exp,temp0.3_nodelim_norole_nocot,lusa_76,8,classification,EUA,Pl_country,0.95
qwen3_14b,portuguese,participants,sent_def_exp,temp0.3_nodelim_norole_nocot,lusa_78,1,detection,,yes,0.95
qwen3_14b,portuguese,participants,ext_def_exp,temp0.3_nodelim_norole_nocot,lusa_78,1,extraction,tribunal de Guimarães,,0.95
qwen3_14b,portuguese,participants,ext_def_exp,temp0.3_nodelim_norole_nocot,lusa_78,1,extraction,um homem,,0.9
qwen3_14b,portuguese,participants,ext_def_exp,temp0.3_nodelim_norole_nocot,lusa_78,1,extraction,o homem,,0.9
qwen3_14b,portuguese,participants,ext_def_exp,temp0.3_nodelim_norole_nocot,lusa_78,1,extraction,a amiga,,0.9
qwen3_14b,portuguese,participants,ext_def_exp,temp0.3_nodelim_norole_nocot,lusa_78,1,extraction,Procuradoria Regional,,0.9
qwen3_14b,portuguese,participants,cls_def_exp,temp0.3_nodelim_norole_nocot,lusa_78,1,classification,tribunal de Guimarães,Org,0.9
qwen3_14b,portuguese,participants,cls_def_exp,temp0.3_nodelim_norole_nocot,lusa_78,1,classification,um homem,Per,0.95
qwen3_14b,portuguese,participants,cls_def_exp,temp0.3_nodelim_norole_nocot,lusa_78,1,classification,o homem,Per,0.95
qwen3_14b,portuguese,participants,cls_def_exp,temp0.3_nodelim_norole_nocot,lusa_78,1,classification,a amiga,Per,0.9
qwen3_14b,portuguese,participants,cls_def_exp,temp0.3_nodelim_norole_nocot,lusa_78,1,classification,Procuradoria Regional,Org,0.9
qwen3_14b,portuguese,participants,sent_def_exp,temp0.3_nodelim_norole_nocot,lusa_78,2,detection,,yes,0.95
qwen3_14b,portuguese,participants,ext_def_exp,temp0.3_nodelim_norole_nocot,lusa_78,2,extraction,O tribunal,,1.0
qwen3_14b,portuguese,participants,ext_def_exp,temp0.3_nodelim_norole_nocot,lusa_78,2,extraction,o arguido,,1.0
qwen3_14b,portuguese,participants,ext_def_exp,temp0.3_nodelim_norole_nocot,lusa_78,2,extraction,a vítima,,1.0
qwen3_14b,portuguese,participants,ext_def_exp,temp0.3_nodelim_norole_nocot,lusa_78,2,extraction,freguesia de Guimarães,,0.9
qwen3_14b,portuguese,participants,ext_def_exp,temp0.3_nodelim_norole_nocot,lusa_78,2,extraction,Procuradoria Regional do Porto,,1.0
qwen3_14b,portuguese,participants,ext_def_exp,temp0.3_nodelim_norole_nocot,lusa_78,2,extraction,sua página na Internet,,0.8
qwen3_14b,portuguese,participants,cls_def_exp,temp0.3_nodelim_norole_nocot,lusa_78,2,classification,O tribunal,Org,0.95
qwen3_14b,portuguese,participants,cls_def_exp,temp0.3_nodelim_norole_nocot,lusa_78,2,classification,o arguido,Per,0.98
qwen3_14b,portuguese,participants,cls_def_exp,temp0.3_nodelim_norole_nocot,lusa_78,2,classification,a vítima,Per,0.99
qwen3_14b,portuguese,participants,cls_def_exp,temp0.3_nodelim_norole_nocot,lusa_78,2,classification,freguesia de Guimarães,Pl_civil,0.92
qwen3_14b,portuguese,participants,cls_def_exp,temp0.3_nodelim_norole_nocot,lusa_78,2,classification,Procuradoria Regional do Porto,Org,0.97
qwen3_14b,portuguese,participants,cls_def_exp,temp0.3_nodelim_norole_nocot,lusa_78,2,classification,sua página na Internet,Loc,0.9
qwen3_14b,portuguese,participants,sent_def_exp,temp0.3_nodelim_norole_nocot,lusa_78,3,detection,,yes,0.95
qwen3_14b,portuguese,participants,ext_def_exp,temp0.3_nodelim_norole_nocot,lusa_78,3,extraction,a mulher,,0.95
qwen3_14b,portuguese,participants,cls_def_exp,temp0.3_nodelim_norole_nocot,lusa_78,3,classification,a mulher,Per,1.0
qwen3_14b,portuguese,participants,sent_def_exp,temp0.3_nodelim_norole_nocot,lusa_78,4,detection,,yes,0.95
qwen3_14b,portuguese,participants,ext_def_exp,temp0.3_nodelim_norole_nocot,lusa_78,4,extraction,O tribunal,,0.95
qwen3_14b,portuguese,participants,ext_def_exp,temp0.3_nodelim_norole_nocot,lusa_78,4,extraction,o arguido,,0.9
qwen3_14b,portuguese,participants,cls_def_exp,temp0.3_nodelim_norole_nocot,lusa_78,4,classification,O tribunal,Org,0.95
qwen3_14b,portuguese,participants,cls_def_exp,temp0.3_nodelim_norole_nocot,lusa_78,4,classification,o arguido,Per,0.95
qwen3_14b,portuguese,participants,sent_def_exp,temp0.3_nodelim_norole_nocot,lusa_8,1,detection,,yes,0.95
qwen3_14b,portuguese,participants,ext_def_exp,temp0.3_nodelim_norole_nocot,lusa_8,1,extraction,Três pessoas,,0.95
qwen3_14b,portuguese,participants,ext_def_exp,temp0.3_nodelim_norole_nocot,lusa_8,1,extraction,município de Camacupa,,0.8
qwen3_14b,portuguese,participants,ext_def_exp,temp0.3_nodelim_norole_nocot,lusa_8,1,extraction,província angolana do Bié,,0.8
qwen3_14b,portuguese,participants,ext_def_exp,temp0.3_nodelim_norole_nocot,lusa_8,1,extraction,hipopótamo,,0.95
qwen3_14b,portuguese,participants,ext_def_exp,temp0.3_nodelim_norole_nocot,lusa_8,1,extraction,a rádio pública,,0.9
qwen3_14b,portuguese,participants,cls_def_exp,temp0.3_nodelim_norole_nocot,lusa_8,1,classification,Três pessoas,Per,0.95
qwen3_14b,portuguese,participants,cls_def_exp,temp0.3_nodelim_norole_nocot,lusa_8,1,classification,município de Camacupa,Pl_civil,0.9
qwen3_14b,portuguese,participants,cls_def_exp,temp0.3_nodelim_norole_nocot,lusa_8,1,classification,província angolana do Bié,Pl_state,0.95
qwen3_14b,portuguese,participants,cls_def_exp,temp0.3_nodelim_norole_nocot,lusa_8,1,classification,hipopótamo,Nat,0.95
qwen3_14b,portuguese,participants,cls_def_exp,temp0.3_nodelim_norole_nocot,lusa_8,1,classification,a rádio pública,Org,0.9
qwen3_14b,portuguese,participants,sent_def_exp,temp0.3_nodelim_norole_nocot,lusa_8,2,detection,,yes,0.95
qwen3_14b,portuguese,participants,ext_def_exp,temp0.3_nodelim_norole_nocot,lusa_8,2,extraction,a embarcação artesanal,,0.9
qwen3_14b,portuguese,participants,ext_def_exp,temp0.3_nodelim_norole_nocot,lusa_8,2,extraction,oito pessoas,,0.8
qwen3_14b,portuguese,participants,ext_def_exp,temp0.3_nodelim_norole_nocot,lusa_8,2,extraction,mamífero,,0.7
qwen3_14b,portuguese,participants,ext_def_exp,temp0.3_nodelim_norole_nocot,lusa_8,2,extraction,daquele mamífero,,0.7
qwen3_14b,portuguese,participants,ext_def_exp,temp0.3_nodelim_norole_nocot,lusa_8,2,extraction,rio Kwanza,,0.6
qwen3_14b,portuguese,participants,cls_def_exp,temp0.3_nodelim_norole_nocot,lusa_8,2,classification,a embarcação artesanal,Obj,0.95
qwen3_14b,portuguese,participants,cls_def_exp,temp0.3_nodelim_norole_nocot,lusa_8,2,classification,oito pessoas,Per,0.95
qwen3_14b,portuguese,participants,cls_def_exp,temp0.3_nodelim_norole_nocot,lusa_8,2,classification,mamífero,Nat,0.9
qwen3_14b,portuguese,participants,cls_def_exp,temp0.3_nodelim_norole_nocot,lusa_8,2,classification,daquele mamífero,Nat,0.85
qwen3_14b,portuguese,participants,cls_def_exp,temp0.3_nodelim_norole_nocot,lusa_8,2,classification,rio Kwanza,Pl_water,0.95
qwen3_14b,portuguese,participants,sent_def_exp,temp0.3_nodelim_norole_nocot,lusa_8,3,detection,,yes,0.95
qwen3_14b,portuguese,participants,ext_def_exp,temp0.3_nodelim_norole_nocot,lusa_8,3,extraction,um dos sobreviventes,,0.9
qwen3_14b,portuguese,participants,ext_def_exp,temp0.3_nodelim_norole_nocot,lusa_8,3,extraction,os camponeses,,0.9
qwen3_14b,portuguese,participants,ext_def_exp,temp0.3_nodelim_norole_nocot,lusa_8,3,extraction,os mortos,,0.9
qwen3_14b,portuguese,participants,ext_def_exp,temp0.3_nodelim_norole_nocot,lusa_8,3,extraction,uma criança,,0.9
qwen3_14b,portuguese,participants,cls_def_exp,temp0.3_nodelim_norole_nocot,lusa_8,3,classification,um dos sobreviventes,Per,0.95
qwen3_14b,portuguese,participants,cls_def_exp,temp0.3_nodelim_norole_nocot,lusa_8,3,classification,os camponeses,Per,0.9
qwen3_14b,portuguese,participants,cls_def_exp,temp0.3_nodelim_norole_nocot,lusa_8,3,classification,os mortos,Per,0.85
qwen3_14b,portuguese,participants,cls_def_exp,temp0.3_nodelim_norole_nocot,lusa_8,3,classification,uma criança,Per,0.95
qwen3_14b,portuguese,participants,sent_def_exp,temp0.3_nodelim_norole_nocot,lusa_8,4,detection,,yes,0.95
qwen3_14b,portuguese,participants,ext_def_exp,temp0.3_nodelim_norole_nocot,lusa_8,4,extraction,O administrador comunal da Muinha,,0.9
qwen3_14b,portuguese,participants,ext_def_exp,temp0.3_nodelim_norole_nocot,lusa_8,4,extraction,Baptista Sambango,,0.95
qwen3_14b,portuguese,participants,ext_def_exp,temp0.3_nodelim_norole_nocot,lusa_8,4,extraction,administrador municipal,,0.8
qwen3_14b,portuguese,participants,ext_def_exp,temp0.3_nodelim_norole_nocot,lusa_8,4,extraction,população,,0.7
qwen3_14b,portuguese,participants,ext_def_exp,temp0.3_nodelim_norole_nocot,lusa_8,4,extraction,Muinha,,0.9
qwen3_14b,portuguese,participants,cls_def_exp,temp0.3_nodelim_norole_nocot,lusa_8,4,classification,O administrador comunal da Muinha,Per,0.95
qwen3_14b,portuguese,participants,cls_def_exp,temp0.3_nodelim_norole_nocot,lusa_8,4,classification,Baptista Sambango,Per,1.0
qwen3_14b,portuguese,participants,cls_def_exp,temp0.3_nodelim_norole_nocot,lusa_8,4,classification,administrador municipal,Per,0.9
qwen3_14b,portuguese,participants,cls_def_exp,temp0.3_nodelim_norole_nocot,lusa_8,4,classification,população,Per,0.85
qwen3_14b,portuguese,participants,cls_def_exp,temp0.3_nodelim_norole_nocot,lusa_8,4,classification,Muinha,Pl_civil,0.95
qwen3_14b,portuguese,participants,sent_def_exp,temp0.3_nodelim_norole_nocot,lusa_81,1,detection,,yes,0.95
qwen3_14b,portuguese,participants,ext_def_exp,temp0.3_nodelim_norole_nocot,lusa_81,1,extraction,Um homem de 25 anos,,0.95
qwen3_14b,portuguese,participants,ext_def_exp,temp0.3_nodelim_norole_nocot,lusa_81,1,extraction,GNR,,0.95
qwen3_14b,portuguese,participants,ext_def_exp,temp0.3_nodelim_norole_nocot,lusa_81,1,extraction,a Guarda,,0.9
qwen3_14b,portuguese,participants,ext_def_exp,temp0.3_nodelim_norole_nocot,lusa_81,1,extraction,réplica de arma de fogo,,0.8
qwen3_14b,portuguese,participants,ext_def_exp,temp0.3_nodelim_norole_nocot,lusa_81,1,extraction,bastão extensível,,0.8
qwen3_14b,portuguese,participants,ext_def_exp,temp0.3_nodelim_norole_nocot,lusa_81,1,extraction,Paredes,,0.9
qwen3_14b,portuguese,participants,cls_def_exp,temp0.3_nodelim_norole_nocot,lusa_81,1,classification,Um homem de 25 anos,Per,0.95
qwen3_14b,portuguese,participants,cls_def_exp,temp0.3_nodelim_norole_nocot,lusa_81,1,classification,GNR,Org,0.9
qwen3_14b,portuguese,participants,cls_def_exp,temp0.3_nodelim_norole_nocot,lusa_81,1,classification,a Guarda,Org,0.95
qwen3_14b,portuguese,participants,cls_def_exp,temp0.3_nodelim_norole_nocot,lusa_81,1,classification,réplica de arma de fogo,Obj,0.9
qwen3_14b,portuguese,participants,cls_def_exp,temp0.3_nodelim_norole_nocot,lusa_81,1,classification,bastão extensível,Obj,0.9
qwen3_14b,portuguese,participants,cls_def_exp,temp0.3_nodelim_norole_nocot,lusa_81,1,classification,Paredes,Pl_civil,0.95
qwen3_14b,portuguese,participants,sent_def_exp,temp0.3_nodelim_norole_nocot,lusa_81,2,detection,,yes,0.95
qwen3_14b,portuguese,participants,ext_def_exp,temp0.3_nodelim_norole_nocot,lusa_81,2,extraction,Núcleo de Investigação Criminal (NIC) de Penafiel,,0.95
qwen3_14b,portuguese,participants,ext_def_exp,temp0.3_nodelim_norole_nocot,lusa_81,2,extraction,Penafiel,,0.9
qwen3_14b,portuguese,participants,cls_def_exp,temp0.3_nodelim_norole_nocot,lusa_81,2,classification,Núcleo de Investigação Criminal (NIC) de Penafiel,Org,0.95
qwen3_14b,portuguese,participants,cls_def_exp,temp0.3_nodelim_norole_nocot,lusa_81,2,classification,Penafiel,Pl_civil,0.9
qwen3_14b,portuguese,participants,sent_def_exp,temp0.3_nodelim_norole_nocot,lusa_81,3,detection,,yes,0.95
qwen3_14b,portuguese,participants,ext_def_exp,temp0.3_nodelim_norole_nocot,lusa_81,3,extraction,a GNR,,0.95
qwen3_14b,portuguese,participants,ext_def_exp,temp0.3_nodelim_norole_nocot,lusa_81,3,extraction,os militares,,0.9
qwen3_14b,portuguese,participants,ext_def_exp,temp0.3_nodelim_norole_nocot,lusa_81,3,extraction,réplica de arma de fogo,,0.8
qwen3_14b,portuguese,participants,ext_def_exp,temp0.3_nodelim_norole_nocot,lusa_81,3,extraction,bastão extensível,,0.8
qwen3_14b,portuguese,participants,cls_def_exp,temp0.3_nodelim_norole_nocot,lusa_81,3,classification,a GNR,Org,0.95
qwen3_14b,portuguese,participants,cls_def_exp,temp0.3_nodelim_norole_nocot,lusa_81,3,classification,os militares,Per,0.9
qwen3_14b,portuguese,participants,cls_def_exp,temp0.3_nodelim_norole_nocot,lusa_81,3,classification,réplica de arma de fogo,Obj,0.95
qwen3_14b,portuguese,participants,cls_def_exp,temp0.3_nodelim_norole_nocot,lusa_81,3,classification,bastão extensível,Obj,0.95
qwen3_14b,portuguese,participants,sent_def_exp,temp0.3_nodelim_norole_nocot,lusa_81,4,detection,,yes,0.95
qwen3_14b,portuguese,participants,ext_def_exp,temp0.3_nodelim_norole_nocot,lusa_81,4,extraction,O detido,,0.95
qwen3_14b,portuguese,participants,ext_def_exp,temp0.3_nodelim_norole_nocot,lusa_81,4,extraction,a Guarda,,0.9
qwen3_14b,portuguese,participants,ext_def_exp,temp0.3_nodelim_norole_nocot,lusa_81,4,extraction,Tribunal Judicial de Paredes,,0.85
qwen3_14b,portuguese,participants,cls_def_exp,temp0.3_nodelim_norole_nocot,lusa_81,4,classification,O detido,Per,0.95
qwen3_14b,portuguese,participants,cls_def_exp,temp0.3_nodelim_norole_nocot,lusa_81,4,classification,a Guarda,Org,0.9
qwen3_14b,portuguese,participants,cls_def_exp,temp0.3_nodelim_norole_nocot,lusa_81,4,classification,Tribunal Judicial de Paredes,Org,0.95
qwen3_14b,portuguese,participants,sent_def_exp,temp0.3_nodelim_norole_nocot,lusa_82,1,detection,,yes,0.95
qwen3_14b,portuguese,participants,ext_def_exp,temp0.3_nodelim_norole_nocot,lusa_82,1,extraction,O cadáver de um homem com cerca de 60 anos,,0.95
qwen3_14b,portuguese,participants,ext_def_exp,temp0.3_nodelim_norole_nocot,lusa_82,1,extraction,rio Douro,,0.9
qwen3_14b,portuguese,participants,ext_def_exp,temp0.3_nodelim_norole_nocot,lusa_82,1,extraction,Vila Nova de Gaia,,0.9
qwen3_14b,portuguese,participants,ext_def_exp,temp0.3_nodelim_norole_nocot,lusa_82,1,extraction,Polícia Marítima,,0.95
qwen3_14b,portuguese,participants,ext_def_exp,temp0.3_nodelim_norole_nocot,lusa_82,1,extraction,Lusa,,0.95
qwen3_14b,portuguese,participants,ext_def_exp,temp0.3_nodelim_norole_nocot,lusa_82,1,extraction,comandante da capitania do Porto,,0.85
qwen3_14b,portuguese,participants,ext_def_exp,temp0.3_nodelim_norole_nocot,lusa_82,1,extraction,capitania do Porto,,0.9
qwen3_14b,portuguese,participants,cls_def_exp,temp0.3_nodelim_norole_nocot,lusa_82,1,classification,O cadáver de um homem com cerca de 60 anos,Per,0.95
qwen3_14b,portuguese,participants,cls_def_exp,temp0.3_nodelim_norole_nocot,lusa_82,1,classification,rio Douro,Pl_water,1.0
qwen3_14b,portuguese,participants,cls_def_exp,temp0.3_nodelim_norole_nocot,lusa_82,1,classification,Vila Nova de Gaia,Pl_civil,1.0
qwen3_14b,portuguese,participants,cls_def_exp,temp0.3_nodelim_norole_nocot,lusa_82,1,classification,Polícia Marítima,Org,1.0
qwen3_14b,portuguese,participants,cls_def_exp,temp0.3_nodelim_norole_nocot,lusa_82,1,classification,Lusa,Org,1.0
qwen3_14b,portuguese,participants,cls_def_exp,temp0.3_nodelim_norole_nocot,lusa_82,1,classification,comandante da capitania do Porto,Per,1.0
qwen3_14b,portuguese,participants,cls_def_exp,temp0.3_nodelim_norole_nocot,lusa_82,1,classification,capitania do Porto,Org,1.0
qwen3_14b,portuguese,participants,sent_def_exp,temp0.3_nodelim_norole_nocot,lusa_82,2,detection,,yes,0.95
qwen3_14b,portuguese,participants,ext_def_exp,temp0.3_nodelim_norole_nocot,lusa_82,2,extraction,Rui Santos Amaral,,0.9
qwen3_14b,portuguese,participants,ext_def_exp,temp0.3_nodelim_norole_nocot,lusa_82,2,extraction,a autoridade marítima,,0.9
qwen3_14b,portuguese,participants,ext_def_exp,temp0.3_nodelim_norole_nocot,lusa_82,2,extraction,populares,,0.8
qwen3_14b,portuguese,participants,ext_def_exp,temp0.3_nodelim_norole_nocot,lusa_82,2,extraction,corpo de um homem,,0.7
qwen3_14b,portuguese,participants,ext_def_exp,temp0.3_nodelim_norole_nocot,lusa_82,2,extraction,cais flutuante de Santa Marinha,,0.8
qwen3_14b,portuguese,participants,ext_def_exp,temp0.3_nodelim_norole_nocot,lusa_82,2,extraction,Vila Nova de Gaia,,0.9
qwen3_14b,portuguese,participants,cls_def_exp,temp0.3_nodelim_norole_nocot,lusa_82,2,classification,Rui Santos Amaral,Per,0.95
qwen3_14b,portuguese,participants,cls_def_exp,temp0.3_nodelim_norole_nocot,lusa_82,2,classification,a autoridade marítima,Org,0.9
qwen3_14b,portuguese,participants,cls_def_exp,temp0.3_nodelim_norole_nocot,lusa_82,2,classification,populares,Per,0.85
qwen3_14b,portuguese,participants,cls_def_exp,temp0.3_nodelim_norole_nocot,lusa_82,2,classification,corpo de um homem,Obj,0.8
qwen3_14b,portuguese,participants,cls_def_exp,temp0.3_nodelim_norole_nocot,lusa_82,2,classification,cais flutuante de Santa Marinha,Fac,0.95
qwen3_14b,portuguese,participants,cls_def_exp,temp0.3_nodelim_norole_nocot,lusa_82,2,classification,Vila Nova de Gaia,Pl_civil,0.95
qwen3_14b,portuguese,participants,sent_def_exp,temp0.3_nodelim_norole_nocot,lusa_82,3,detection,,yes,0.95
qwen3_14b,portuguese,participants,ext_def_exp,temp0.3_nodelim_norole_nocot,lusa_82,3,extraction,A Polícia Marítima,,1.0
qwen3_14b,portuguese,participants,ext_def_exp,temp0.3_nodelim_norole_nocot,lusa_82,3,extraction,o cadáver,,0.9
qwen3_14b,portuguese,participants,ext_def_exp,temp0.3_nodelim_norole_nocot,lusa_82,3,extraction,a água,,0.8
qwen3_14b,portuguese,participants,ext_def_exp,temp0.3_nodelim_norole_nocot,lusa_82,3,extraction,a Polícia Judiciária,,1.0
qwen3_14b,portuguese,participants,cls_def_exp,temp0.3_nodelim_norole_nocot,lusa_82,3,classification,A Polícia Marítima,Org,0.95
qwen3_14b,portuguese,participants,cls_def_exp,temp0.3_nodelim_norole_nocot,lusa_82,3,classification,o cadáver,Per,0.9
qwen3_14b,portuguese,participants,cls_def_exp,temp0.3_nodelim_norole_nocot,lusa_82,3,classification,a água,Nat,0.8
qwen3_14b,portuguese,participants,cls_def_exp,temp0.3_nodelim_norole_nocot,lusa_82,3,classification,a Polícia Judiciária,Org,0.95
qwen3_14b,portuguese,participants,sent_def_exp,temp0.3_nodelim_norole_nocot,lusa_82,4,detection,,yes,0.95
qwen3_14b,portuguese,participants,ext_def_exp,temp0.3_nodelim_norole_nocot,lusa_82,4,extraction,os Sapadores de Vila Nova de Gaia,,0.95
qwen3_14b,portuguese,participants,ext_def_exp,temp0.3_nodelim_norole_nocot,lusa_82,4,extraction,Vila Nova de Gaia,,0.9
qwen3_14b,portuguese,participants,ext_def_exp,temp0.3_nodelim_norole_nocot,lusa_82,4,extraction,os Bombeiros de Coimbrões,,0.95
qwen3_14b,portuguese,participants,ext_def_exp,temp0.3_nodelim_norole_nocot,lusa_82,4,extraction,Coimbrões,,0.9
qwen3_14b,portuguese,participants,cls_def_exp,temp0.3_nodelim_norole_nocot,lusa_82,4,classification,os Sapadores de Vila Nova de Gaia,Org,0.95
qwen3_14b,portuguese,participants,cls_def_exp,temp0.3_nodelim_norole_nocot,lusa_82,4,classification,Vila Nova de Gaia,Pl_civil,0.9
qwen3_14b,portuguese,participants,cls_def_exp,temp0.3_nodelim_norole_nocot,lusa_82,4,classification,os Bombeiros de Coimbrões,Org,0.95
qwen3_14b,portuguese,participants,cls_def_exp,temp0.3_nodelim_norole_nocot,lusa_82,4,classification,Coimbrões,Pl_civil,0.9
qwen3_14b,portuguese,participants,sent_def_exp,temp0.3_nodelim_norole_nocot,lusa_84,1,detection,,yes,0.95
qwen3_14b,portuguese,participants,ext_def_exp,temp0.3_nodelim_norole_nocot,lusa_84,1,extraction,Um homem,,0.9
qwen3_14b,portuguese,participants,ext_def_exp,temp0.3_nodelim_norole_nocot,lusa_84,1,extraction,uma árvore de grande porte,,0.8
qwen3_14b,portuguese,participants,ext_def_exp,temp0.3_nodelim_norole_nocot,lusa_84,1,extraction,Milhazes,,0.9
qwen3_14b,portuguese,participants,ext_def_exp,temp0.3_nodelim_norole_nocot,lusa_84,1,extraction,Barcelos,,0.9
qwen3_14b,portuguese,participants,ext_def_exp,temp0.3_nodelim_norole_nocot,lusa_84,1,extraction,fonte,,0.8
qwen3_14b,portuguese,participants,ext_def_exp,temp0.3_nodelim_norole_nocot,lusa_84,1,extraction,Comando Distrital de Operações de Socorro de Braga,,0.9
qwen3_14b,portuguese,participants,cls_def_exp,temp0.3_nodelim_norole_nocot,lusa_84,1,classification,Um homem,Per,0.95
qwen3_14b,portuguese,participants,cls_def_exp,temp0.3_nodelim_norole_nocot,lusa_84,1,classification,uma árvore de grande porte,Nat,0.9
qwen3_14b,portuguese,participants,cls_def_exp,temp0.3_nodelim_norole_nocot,lusa_84,1,classification,Milhazes,Pl_civil,0.8
qwen3_14b,portuguese,participants,cls_def_exp,temp0.3_nodelim_norole_nocot,lusa_84,1,classification,Barcelos,Pl_civil,0.95
qwen3_14b,portuguese,participants,cls_def_exp,temp0.3_nodelim_norole_nocot,lusa_84,1,classification,fonte,Per,0.85
qwen3_14b,portuguese,participants,cls_def_exp,temp0.3_nodelim_norole_nocot,lusa_84,1,classification,Comando Distrital de Operações de Socorro de Braga,Org,0.95
qwen3_14b,portuguese,participants,sent_def_exp,temp0.3_nodelim_norole_nocot,lusa_84,2,detection,,no,0.65
qwen3_14b,portuguese,participants,sent_def_exp,temp0.3_nodelim_norole_nocot,lusa_84,3,detection,,yes,0.95
qwen3_14b,portuguese,participants,ext_def_exp,temp0.3_nodelim_norole_nocot,lusa_84,3,extraction,o homem,,0.9
qwen3_14b,portuguese,participants,ext_def_exp,temp0.3_nodelim_norole_nocot,lusa_84,3,extraction,a árvore,,0.9
qwen3_14b,portuguese,participants,ext_def_exp,temp0.3_nodelim_norole_nocot,lusa_84,3,extraction,a mesma,,0.7
qwen3_14b,portuguese,participants,cls_def_exp,temp0.3_nodelim_norole_nocot,lusa_84,3,classification,o homem,Per,0.95
qwen3_14b,portuguese,participants,cls_def_exp,temp0.3_nodelim_norole_nocot,lusa_84,3,classification,a árvore,Nat,0.95
qwen3_14b,portuguese,participants,cls_def_exp,temp0.3_nodelim_norole_nocot,lusa_84,3,classification,a mesma,Nat,0.8
qwen3_14b,portuguese,participants,sent_def_exp,temp0.3_nodelim_norole_nocot,lusa_84,4,detection,,yes,0.95
qwen3_14b,portuguese,participants,ext_def_exp,temp0.3_nodelim_norole_nocot,lusa_84,4,extraction,os Bombeiros Voluntários de Barcelinhos,,0.95
qwen3_14b,portuguese,participants,ext_def_exp,temp0.3_nodelim_norole_nocot,lusa_84,4,extraction,uma viatura médica de emergência e reanimação,,0.85
qwen3_14b,portuguese,participants,cls_def_exp,temp0.3_nodelim_norole_nocot,lusa_84,4,classification,os Bombeiros Voluntários de Barcelinhos,Org,0.95
qwen3_14b,portuguese,participants,cls_def_exp,temp0.3_nodelim_norole_nocot,lusa_84,4,classification,uma viatura médica de emergência e reanimação,Veh,0.95
qwen3_14b,portuguese,participants,sent_def_exp,temp0.3_nodelim_norole_nocot,lusa_84,5,detection,,no,0.6
qwen3_14b,portuguese,participants,sent_def_exp,temp0.3_nodelim_norole_nocot,lusa_84,6,detection,,yes,0.95
qwen3_14b,portuguese,participants,ext_def_exp,temp0.3_nodelim_norole_nocot,lusa_84,6,extraction,GNR,,1.0
qwen3_14b,portuguese,participants,cls_def_exp,temp0.3_nodelim_norole_nocot,lusa_84,6,classification,GNR,Org,1.0
qwen3_14b,portuguese,participants,sent_def_exp,temp0.3_nodelim_norole_nocot,lusa_85,1,detection,,yes,0.95
qwen3_14b,portuguese,participants,ext_def_exp,temp0.3_nodelim_norole_nocot,lusa_85,1,extraction,homem de 61 anos,,0.95
qwen3_14b,portuguese,participants,ext_def_exp,temp0.3_nodelim_norole_nocot,lusa_85,1,extraction,automóvel,,0.9
qwen3_14b,portuguese,participants,ext_def_exp,temp0.3_nodelim_norole_nocot,lusa_85,1,extraction,Estrada Municipal 524,,0.9
qwen3_14b,portuguese,participants,ext_def_exp,temp0.3_nodelim_norole_nocot,lusa_85,1,extraction,concelho de Marvão,,0.9
qwen3_14b,portuguese,participants,ext_def_exp,temp0.3_nodelim_norole_nocot,lusa_85,1,extraction,distrito de Portalegre,,0.9
qwen3_14b,portuguese,participants,ext_def_exp,temp0.3_nodelim_norole_nocot,lusa_85,1,extraction,Proteção Civil,,0.95
qwen3_14b,portuguese,participants,ext_def_exp,temp0.3_nodelim_norole_nocot,lusa_85,1,extraction,GNR,,0.95
qwen3_14b,portuguese,participants,ext_def_exp,temp0.3_nodelim_norole_nocot,lusa_85,1,extraction,fontes da Proteção Civil e da GNR,,0.85
qwen3_14b,portuguese,participants,cls_def_exp,temp0.3_nodelim_norole_nocot,lusa_85,1,classification,homem de 61 anos,Per,0.95
qwen3_14b,portuguese,participants,cls_def_exp,temp0.3_nodelim_norole_nocot,lusa_85,1,classification,automóvel,Veh,0.9
qwen3_14b,portuguese,participants,cls_def_exp,temp0.3_nodelim_norole_nocot,lusa_85,1,classification,Estrada Municipal 524,Path,0.95
qwen3_14b,portuguese,participants,cls_def_exp,temp0.3_nodelim_norole_nocot,lusa_85,1,classification,concelho de Marvão,Pl_civil,0.9
qwen3_14b,portuguese,participants,cls_def_exp,temp0.3_nodelim_norole_nocot,lusa_85,1,classification,distrito de Portalegre,Pl_state,0.9
qwen3_14b,portuguese,participants,cls_def_exp,temp0.3_nodelim_norole_nocot,lusa_85,1,classification,Proteção Civil,Org,0.95
qwen3_14b,portuguese,participants,cls_def_exp,temp0.3_nodelim_norole_nocot,lusa_85,1,classification,GNR,Org,0.95
qwen3_14b,portuguese,participants,cls_def_exp,temp0.3_nodelim_norole_nocot,lusa_85,1,classification,fontes da Proteção Civil e da GNR,Per,0.85
qwen3_14b,portuguese,participants,sent_def_exp,temp0.3_nodelim_norole_nocot,lusa_85,2,detection,,yes,0.95
qwen3_14b,portuguese,participants,ext_def_exp,temp0.3_nodelim_norole_nocot,lusa_85,2,extraction,As mesmas fontes,,0.8
qwen3_14b,portuguese,participants,ext_def_exp,temp0.3_nodelim_norole_nocot,lusa_85,2,extraction,agência Lusa,,0.9
qwen3_14b,portuguese,participants,ext_def_exp,temp0.3_nodelim_norole_nocot,lusa_85,2,extraction,médico da viatura médica de emergência e reanimação (VMER),,0.9
qwen3_14b,portuguese,participants,ext_def_exp,temp0.3_nodelim_norole_nocot,lusa_85,2,extraction,viatura médica de emergência e reanimação (VMER),,0.8
qwen3_14b,portuguese,participants,ext_def_exp,temp0.3_nodelim_norole_nocot,lusa_85,2,extraction,hospital de Portalegre,,0.9
qwen3_14b,portuguese,participants,ext_def_exp,temp0.3_nodelim_norole_nocot,lusa_85,2,extraction,o homem,,0.9
qwen3_14b,portuguese,participants,ext_def_exp,temp0.3_nodelim_norole_nocot,lusa_85,2,extraction,veículo ligeiro de passageiros,,0.8
qwen3_14b,portuguese,participants,cls_def_exp,temp0.3_nodelim_norole_nocot,lusa_85,2,classification,As mesmas fontes,Per,0.95
qwen3_14b,portuguese,participants,cls_def_exp,temp0.3_nodelim_norole_nocot,lusa_85,2,classification,agência Lusa,Org,0.98
qwen3_14b,portuguese,participants,cls_def_exp,temp0.3_nodelim_norole_nocot,lusa_85,2,classification,médico da viatura médica de emergência e reanimação (VMER),Per,0.92
qwen3_14b,portuguese,participants,cls_def_exp,temp0.3_nodelim_norole_nocot,lusa_85,2,classification,viatura médica de emergência e reanimação (VMER),Veh,0.95
qwen3_14b,portuguese,participants,cls_def_exp,temp0.3_nodelim_norole_nocot,lusa_85,2,classification,hospital de Portalegre,Fac,0.99
qwen3_14b,portuguese,participants,cls_def_exp,temp0.3_nodelim_norole_nocot,lusa_85,2,classification,o homem,Per,0.97
qwen3_14b,portuguese,participants,cls_def_exp,temp0.3_nodelim_norole_nocot,lusa_85,2,classification,veículo ligeiro de passageiros,Veh,0.96
qwen3_14b,portuguese,participants,sent_def_exp,temp0.3_nodelim_norole_nocot,lusa_85,3,detection,,yes,0.95
qwen3_14b,portuguese,participants,ext_def_exp,temp0.3_nodelim_norole_nocot,lusa_85,3,extraction,fonte,,0.8
qwen3_14b,portuguese,participants,ext_def_exp,temp0.3_nodelim_norole_nocot,lusa_85,3,extraction,Comando Distrital de Operações de Socorro (CDOS) de Portalegre,,0.9
qwen3_14b,portuguese,participants,ext_def_exp,temp0.3_nodelim_norole_nocot,lusa_85,3,extraction,zona da Bica,,0.7
qwen3_14b,portuguese,participants,ext_def_exp,temp0.3_nodelim_norole_nocot,lusa_85,3,extraction,freguesia de Beirã,,0.7
qwen3_14b,portuguese,participants,ext_def_exp,temp0.3_nodelim_norole_nocot,lusa_85,3,extraction,Portalegre,,0.8
qwen3_14b,portuguese,participants,ext_def_exp,temp0.3_nodelim_norole_nocot,lusa_85,3,extraction,o homem,,0.9
qwen3_14b,portuguese,participants,ext_def_exp,temp0.3_nodelim_norole_nocot,lusa_85,3,extraction,serviço de Medicina Legal,,0.8
qwen3_14b,portuguese,participants,ext_def_exp,temp0.3_nodelim_norole_nocot,lusa_85,3,extraction,hospital de Portalegre,,0.9
qwen3_14b,portuguese,participants,ext_def_exp,temp0.3_nodelim_norole_nocot,lusa_85,3,extraction,Portalegre,,0.8
qwen3_14b,portuguese,participants,ext_def_exp,temp0.3_nodelim_norole_nocot,lusa_85,3,extraction,o corpo do homem,,0.7
qwen3_14b,portuguese,participants,cls_def_exp,temp0.3_nodelim_norole_nocot,lusa_85,3,classification,fonte,Per,0.95
qwen3_14b,portuguese,participants,cls_def_exp,temp0.3_nodelim_norole_nocot,lusa_85,3,classification,Comando Distrital de Operações de Socorro (CDOS) de Portalegre,Org,0.9
qwen3_14b,portuguese,participants,cls_def_exp,temp0.3_nodelim_norole_nocot,lusa_85,3,classification,zona da Bica,Pl_region,0.8
qwen3_14b,portuguese,participants,cls_def_exp,temp0.3_nodelim_norole_nocot,lusa_85,3,classification,freguesia de Beirã,Pl_civil,0.95
qwen3_14b,portuguese,participants,cls_def_exp,temp0.3_nodelim_norole_nocot,lusa_85,3,classification,Portalegre,Pl_civil,0.85
qwen3_14b,portuguese,participants,cls_def_exp,temp0.3_nodelim_norole_nocot,lusa_85,3,classification,o homem,Per,0.95
qwen3_14b,portuguese,participants,cls_def_exp,temp0.3_nodelim_norole_nocot,lusa_85,3,classification,serviço de Medicina Legal,Fac,0.8
qwen3_14b,portuguese,participants,cls_def_exp,temp0.3_nodelim_norole_nocot,lusa_85,3,classification,hospital de Portalegre,Fac,0.95
qwen3_14b,portuguese,participants,cls_def_exp,temp0.3_nodelim_norole_nocot,lusa_85,3,classification,o corpo do homem,Nat,0.7
qwen3_14b,portuguese,participants,sent_def_exp,temp0.3_nodelim_norole_nocot,lusa_85,4,detection,,yes,0.95
qwen3_14b,portuguese,participants,ext_def_exp,temp0.3_nodelim_norole_nocot,lusa_85,4,extraction,CDOS,,0.9
qwen3_14b,portuguese,participants,cls_def_exp,temp0.3_nodelim_norole_nocot,lusa_85,4,classification,CDOS,Org,0.95
qwen3_14b,portuguese,participants,sent_def_exp,temp0.3_nodelim_norole_nocot,lusa_85,5,detection,,yes,0.95
qwen3_14b,portuguese,participants,ext_def_exp,temp0.3_nodelim_norole_nocot,lusa_85,5,extraction,bombeiros,,0.95
qwen3_14b,portuguese,participants,ext_def_exp,temp0.3_nodelim_norole_nocot,lusa_85,5,extraction,corporação de Marvão,,0.9
qwen3_14b,portuguese,participants,ext_def_exp,temp0.3_nodelim_norole_nocot,lusa_85,5,extraction,VMER,,0.8
qwen3_14b,portuguese,participants,ext_def_exp,temp0.3_nodelim_norole_nocot,lusa_85,5,extraction,GNR,,0.95
qwen3_14b,portuguese,participants,ext_def_exp,temp0.3_nodelim_norole_nocot,lusa_85,5,extraction,veículos da corporação de Marvão,,0.85
qwen3_14b,portuguese,participants,ext_def_exp,temp0.3_nodelim_norole_nocot,lusa_85,5,extraction,viaturas,,0.7
qwen3_14b,portuguese,participants,cls_def_exp,temp0.3_nodelim_norole_nocot,lusa_85,5,classification,bombeiros,Per,0.95
qwen3_14b,portuguese,participants,cls_def_exp,temp0.3_nodelim_norole_nocot,lusa_85,5,classification,corporação de Marvão,Org,0.9
qwen3_14b,portuguese,participants,cls_def_exp,temp0.3_nodelim_norole_nocot,lusa_85,5,classification,VMER,Org,0.85
qwen3_14b,portuguese,participants,cls_def_exp,temp0.3_nodelim_norole_nocot,lusa_85,5,classification,GNR,Org,0.95
qwen3_14b,portuguese,participants,cls_def_exp,temp0.3_nodelim_norole_nocot,lusa_85,5,classification,veículos da corporação de Marvão,Obj,0.95
qwen3_14b,portuguese,participants,cls_def_exp,temp0.3_nodelim_norole_nocot,lusa_85,5,classification,viaturas,Veh,0.9
qwen3_14b,portuguese,participants,sent_def_exp,temp0.3_nodelim_norole_nocot,lusa_87,1,detection,,yes,0.95
qwen3_14b,portuguese,participants,ext_def_exp,temp0.3_nodelim_norole_nocot,lusa_87,1,extraction,incêndio,,0.9
qwen3_14b,portuguese,participants,ext_def_exp,temp0.3_nodelim_norole_nocot,lusa_87,1,extraction,casa desabitada,,0.9
qwen3_14b,portuguese,participants,ext_def_exp,temp0.3_nodelim_norole_nocot,lusa_87,1,extraction,freguesia Jardim da Serra,,0.9
qwen3_14b,portuguese,participants,ext_def_exp,temp0.3_nodelim_norole_nocot,lusa_87,1,extraction,concelho de Câmara de Lobos,,0.9
qwen3_14b,portuguese,participants,ext_def_exp,temp0.3_nodelim_norole_nocot,lusa_87,1,extraction,a habitação,,0.9
qwen3_14b,portuguese,participants,ext_def_exp,temp0.3_nodelim_norole_nocot,lusa_87,1,extraction,fonte da autarquia,,0.8
qwen3_14b,portuguese,participants,ext_def_exp,temp0.3_nodelim_norole_nocot,lusa_87,1,extraction,autarquia,,0.9
qwen3_14b,portuguese,participants,cls_def_exp,temp0.3_nodelim_norole_nocot,lusa_87,1,classification,incêndio,Other,0.6
qwen3_14b,portuguese,participants,cls_def_exp,temp0.3_nodelim_norole_nocot,lusa_87,1,classification,casa desabitada,Obj,0.9
qwen3_14b,portuguese,participants,cls_def_exp,temp0.3_nodelim_norole_nocot,lusa_87,1,classification,freguesia Jardim da Serra,Pl_civil,0.9
qwen3_14b,portuguese,participants,cls_def_exp,temp0.3_nodelim_norole_nocot,lusa_87,1,classification,concelho de Câmara de Lobos,Pl_state,0.9
qwen3_14b,portuguese,participants,cls_def_exp,temp0.3_nodelim_norole_nocot,lusa_87,1,classification,a habitação,Obj,0.9
qwen3_14b,portuguese,participants,cls_def_exp,temp0.3_nodelim_norole_nocot,lusa_87,1,classification,fonte da autarquia,Per,0.8
qwen3_14b,portuguese,participants,cls_def_exp,temp0.3_nodelim_norole_nocot,lusa_87,1,classification,autarquia,Org,0.9
qwen3_14b,portuguese,participants,sent_def_exp,temp0.3_nodelim_norole_nocot,lusa_87,2,detection,,yes,0.95
qwen3_14b,portuguese,participants,ext_def_exp,temp0.3_nodelim_norole_nocot,lusa_87,2,extraction,o vereador da autarquia de Câmara de Lobos,,0.9
qwen3_14b,portuguese,participants,ext_def_exp,temp0.3_nodelim_norole_nocot,lusa_87,2,extraction,Leonel Correia da Silva,,0.9
qwen3_14b,portuguese,participants,ext_def_exp,temp0.3_nodelim_norole_nocot,lusa_87,2,extraction,agência Lusa,,0.9
qwen3_14b,portuguese,participants,ext_def_exp,temp0.3_nodelim_norole_nocot,lusa_87,2,extraction,Câmara de Lobos,,0.8
qwen3_14b,portuguese,participants,cls_def_exp,temp0.3_nodelim_norole_nocot,lusa_87,2,classification,o vereador da autarquia de Câmara de Lobos,Per,0.95
qwen3_14b,portuguese,participants,cls_def_exp,temp0.3_nodelim_norole_nocot,lusa_87,2,classification,Leonel Correia da Silva,Per,0.98
qwen3_14b,portuguese,participants,cls_def_exp,temp0.3_nodelim_norole_nocot,lusa_87,2,classification,agência Lusa,Org,0.95
qwen3_14b,portuguese,participants,cls_def_exp,temp0.3_nodelim_norole_nocot,lusa_87,2,classification,Câmara de Lobos,Pl_civil,0.95
qwen3_14b,portuguese,participants,sent_def_exp,temp0.3_nodelim_norole_nocot,lusa_87,3,detection,,yes,0.95
qwen3_14b,portuguese,participants,ext_def_exp,temp0.3_nodelim_norole_nocot,lusa_87,3,extraction,O autarca,,0.95
qwen3_14b,portuguese,participants,ext_def_exp,temp0.3_nodelim_norole_nocot,lusa_87,3,extraction,a habitação,,0.9
qwen3_14b,portuguese,participants,ext_def_exp,temp0.3_nodelim_norole_nocot,lusa_87,3,extraction,o fogo,,0.85
qwen3_14b,portuguese,participants,ext_def_exp,temp0.3_nodelim_norole_nocot,lusa_87,3,extraction,os danos,,0.9
qwen3_14b,portuguese,participants,cls_def_exp,temp0.3_nodelim_norole_nocot,lusa_87,3,classification,O autarca,Per,0.95
qwen3_14b,portuguese,participants,cls_def_exp,temp0.3_nodelim_norole_nocot,lusa_87,3,classification,a habitação,Obj,0.9
qwen3_14b,portuguese,participants,cls_def_exp,temp0.3_nodelim_norole_nocot,lusa_87,3,classification,o fogo,Other,0.7
qwen3_14b,portuguese,participants,cls_def_exp,temp0.3_nodelim_norole_nocot,lusa_87,3,classification,os danos,Other,0.8
qwen3_14b,portuguese,participants,sent_def_exp,temp0.3_nodelim_norole_nocot,lusa_87,4,detection,,yes,0.95
qwen3_14b,portuguese,participants,ext_def_exp,temp0.3_nodelim_norole_nocot,lusa_87,4,extraction,Os Bombeiros de Câmara de Lobos,,0.95
qwen3_14b,portuguese,participants,ext_def_exp,temp0.3_nodelim_norole_nocot,lusa_87,4,extraction,incêndio,,0.9
qwen3_14b,portuguese,participants,ext_def_exp,temp0.3_nodelim_norole_nocot,lusa_87,4,extraction,Câmara de Lobos,,0.8
qwen3_14b,portuguese,participants,cls_def_exp,temp0.3_nodelim_norole_nocot,lusa_87,4,classification,Os Bombeiros de Câmara de Lobos,Org,0.95
qwen3_14b,portuguese,participants,cls_def_exp,temp0.3_nodelim_norole_nocot,lusa_87,4,classification,incêndio,Other,0.7
qwen3_14b,portuguese,participants,cls_def_exp,temp0.3_nodelim_norole_nocot,lusa_87,4,classification,Câmara de Lobos,Pl_civil,0.9
qwen3_14b,portuguese,participants,sent_def_exp,temp0.3_nodelim_norole_nocot,lusa_88,1,detection,,yes,0.95
qwen3_14b,portuguese,participants,ext_def_exp,temp0.3_nodelim_norole_nocot,lusa_88,1,extraction,A Polícia da República de Moçambique,,0.95
qwen3_14b,portuguese,participants,ext_def_exp,temp0.3_nodelim_norole_nocot,lusa_88,1,extraction,PRM,,0.9
qwen3_14b,portuguese,participants,ext_def_exp,temp0.3_nodelim_norole_nocot,lusa_88,1,extraction,um homem,,0.9
qwen3_14b,portuguese,participants,ext_def_exp,temp0.3_nodelim_norole_nocot,lusa_88,1,extraction,o porta-voz da corporação,,0.85
qwen3_14b,portuguese,participants,cls_def_exp,temp0.3_nodelim_norole_nocot,lusa_88,1,classification,A Polícia da República de Moçambique,Org,0.95
qwen3_14b,portuguese,participants,cls_def_exp,temp0.3_nodelim_norole_nocot,lusa_88,1,classification,PRM,Org,0.95
qwen3_14b,portuguese,participants,cls_def_exp,temp0.3_nodelim_norole_nocot,lusa_88,1,classification,um homem,Per,0.9
qwen3_14b,portuguese,participants,cls_def_exp,temp0.3_nodelim_norole_nocot,lusa_88,1,classification,o porta-voz da corporação,Per,0.9
qwen3_14b,portuguese,participants,sent_def_exp,temp0.3_nodelim_norole_nocot,lusa_88,2,detection,,yes,0.95
qwen3_14b,portuguese,participants,ext_def_exp,temp0.3_nodelim_norole_nocot,lusa_88,2,extraction,este indivíduo,,0.95
qwen3_14b,portuguese,participants,ext_def_exp,temp0.3_nodelim_norole_nocot,lusa_88,2,extraction,Leonel Muchine,,0.95
qwen3_14b,portuguese,participants,ext_def_exp,temp0.3_nodelim_norole_nocot,lusa_88,2,extraction,a polícia moçambicana,,0.95
qwen3_14b,portuguese,participants,ext_def_exp,temp0.3_nodelim_norole_nocot,lusa_88,2,extraction,Maputo,,0.8
qwen3_14b,portuguese,participants,ext_def_exp,temp0.3_nodelim_norole_nocot,lusa_88,2,extraction,pessoas que os teriam solicitado,,0.7
qwen3_14b,portuguese,participants,cls_def_exp,temp0.3_nodelim_norole_nocot,lusa_88,2,classification,este indivíduo,Per,0.95
qwen3_14b,portuguese,participants,cls_def_exp,temp0.3_nodelim_norole_nocot,lusa_88,2,classification,Leonel Muchine,Per,0.99
qwen3_14b,portuguese,participants,cls_def_exp,temp0.3_nodelim_norole_nocot,lusa_88,2,classification,a polícia moçambicana,Org,0.95
qwen3_14b,portuguese,participants,cls_def_exp,temp0.3_nodelim_norole_nocot,lusa_88,2,classification,Maputo,Pl_capital,0.9
qwen3_14b,portuguese,participants,cls_def_exp,temp0.3_nodelim_norole_nocot,lusa_88,2,classification,pessoas que os teriam solicitado,Per,0.85
qwen3_14b,portuguese,participants,sent_def_exp,temp0.3_nodelim_norole_nocot,lusa_88,3,detection,,yes,0.95
qwen3_14b,portuguese,participants,ext_def_exp,temp0.3_nodelim_norole_nocot,lusa_88,3,extraction,O indiciado,,0.95
qwen3_14b,portuguese,participants,ext_def_exp,temp0.3_nodelim_norole_nocot,lusa_88,3,extraction,outro indivíduo,,0.9
qwen3_14b,portuguese,participants,ext_def_exp,temp0.3_nodelim_norole_nocot,lusa_88,3,extraction,as autoridades,,0.85
qwen3_14b,portuguese,participants,cls_def_exp,temp0.3_nodelim_norole_nocot,lusa_88,3,classification,O indiciado,Per,0.95
qwen3_14b,portuguese,participants,cls_def_exp,temp0.3_nodelim_norole_nocot,lusa_88,3,classification,outro indivíduo,Per,0.95
qwen3_14b,portuguese,participants,cls_def_exp,temp0.3_nodelim_norole_nocot,lusa_88,3,classification,as autoridades,Org,0.85
qwen3_14b,portuguese,participants,sent_def_exp,temp0.3_nodelim_norole_nocot,lusa_88,4,detection,,yes,0.95
qwen3_14b,portuguese,participants,ext_def_exp,temp0.3_nodelim_norole_nocot,lusa_88,4,extraction,comparsa,,0.9
qwen3_14b,portuguese,participants,ext_def_exp,temp0.3_nodelim_norole_nocot,lusa_88,4,extraction,porta-voz da polícia,,1.0
qwen3_14b,portuguese,participants,ext_def_exp,temp0.3_nodelim_norole_nocot,lusa_88,4,extraction,polícia,,0.8
qwen3_14b,portuguese,participants,cls_def_exp,temp0.3_nodelim_norole_nocot,lusa_88,4,classification,comparsa,Per,0.95
qwen3_14b,portuguese,participants,cls_def_exp,temp0.3_nodelim_norole_nocot,lusa_88,4,classification,porta-voz da polícia,Per,0.9
qwen3_14b,portuguese,participants,cls_def_exp,temp0.3_nodelim_norole_nocot,lusa_88,4,classification,polícia,Org,0.95
qwen3_14b,portuguese,participants,sent_def_exp,temp0.3_nodelim_norole_nocot,lusa_88,5,detection,,yes,0.95
qwen3_14b,portuguese,participants,ext_def_exp,temp0.3_nodelim_norole_nocot,lusa_88,5,extraction,as autoridades,,0.9
qwen3_14b,portuguese,participants,ext_def_exp,temp0.3_nodelim_norole_nocot,lusa_88,5,extraction,Filipe Nyusi,,0.95
qwen3_14b,portuguese,participants,ext_def_exp,temp0.3_nodelim_norole_nocot,lusa_88,5,extraction,país,,0.8
qwen3_14b,portuguese,participants,cls_def_exp,temp0.3_nodelim_norole_nocot,lusa_88,5,classification,as autoridades,Org,0.95
qwen3_14b,portuguese,participants,cls_def_exp,temp0.3_nodelim_norole_nocot,lusa_88,5,classification,Filipe Nyusi,Per,0.98
qwen3_14b,portuguese,participants,cls_def_exp,temp0.3_nodelim_norole_nocot,lusa_88,5,classification,país,Pl_country,0.95
qwen3_14b,portuguese,participants,sent_def_exp,temp0.3_nodelim_norole_nocot,lusa_88,6,detection,,no,0.65
qwen3_14b,portuguese,participants,sent_def_exp,temp0.3_nodelim_norole_nocot,lusa_89,1,detection,,yes,0.95
qwen3_14b,portuguese,participants,ext_def_exp,temp0.3_nodelim_norole_nocot,lusa_89,1,extraction,Um homem,,0.9
qwen3_14b,portuguese,participants,ext_def_exp,temp0.3_nodelim_norole_nocot,lusa_89,1,extraction,um tubarão,,0.9
qwen3_14b,portuguese,participants,ext_def_exp,temp0.3_nodelim_norole_nocot,lusa_89,1,extraction,praia,,0.8
qwen3_14b,portuguese,participants,ext_def_exp,temp0.3_nodelim_norole_nocot,lusa_89,1,extraction,costa ocidental da Austrália,,0.8
qwen3_14b,portuguese,participants,ext_def_exp,temp0.3_nodelim_norole_nocot,lusa_89,1,extraction,Austrália,,0.9
qwen3_14b,portuguese,participants,ext_def_exp,temp0.3_nodelim_norole_nocot,lusa_89,1,extraction,agências internacionais,,0.8
qwen3_14b,portuguese,participants,cls_def_exp,temp0.3_nodelim_norole_nocot,lusa_89,1,classification,Um homem,Per,0.95
qwen3_14b,portuguese,participants,cls_def_exp,temp0.3_nodelim_norole_nocot,lusa_89,1,classification,um tubarão,Nat,0.95
qwen3_14b,portuguese,participants,cls_def_exp,temp0.3_nodelim_norole_nocot,lusa_89,1,classification,praia,Loc,0.8
qwen3_14b,portuguese,participants,cls_def_exp,temp0.3_nodelim_norole_nocot,lusa_89,1,classification,costa ocidental da Austrália,Pl_region,0.9
qwen3_14b,portuguese,participants,cls_def_exp,temp0.3_nodelim_norole_nocot,lusa_89,1,classification,Austrália,Pl_country,0.95
qwen3_14b,portuguese,participants,cls_def_exp,temp0.3_nodelim_norole_nocot,lusa_89,1,classification,agências internacionais,Org,0.9
qwen3_14b,portuguese,participants,sent_def_exp,temp0.3_nodelim_norole_nocot,lusa_89,2,detection,,yes,0.95
qwen3_14b,portuguese,participants,ext_def_exp,temp0.3_nodelim_norole_nocot,lusa_89,2,extraction,O homem,,1.0
qwen3_14b,portuguese,participants,ext_def_exp,temp0.3_nodelim_norole_nocot,lusa_89,2,extraction,tubarão,,1.0
qwen3_14b,portuguese,participants,ext_def_exp,temp0.3_nodelim_norole_nocot,lusa_89,2,extraction,Cable,,1.0
qwen3_14b,portuguese,participants,ext_def_exp,temp0.3_nodelim_norole_nocot,lusa_89,2,extraction,noroeste da Austrália,,1.0
qwen3_14b,portuguese,participants,ext_def_exp,temp0.3_nodelim_norole_nocot,lusa_89,2,extraction,Austrália,,1.0
qwen3_14b,portuguese,participants,ext_def_exp,temp0.3_nodelim_norole_nocot,lusa_89,2,extraction,oceano Índico,,1.0
qwen3_14b,portuguese,participants,ext_def_exp,temp0.3_nodelim_norole_nocot,lusa_89,2,extraction,praia,,1.0
qwen3_14b,portuguese,participants,cls_def_exp,temp0.3_nodelim_norole_nocot,lusa_89,2,classification,O homem,Per,0.95
qwen3_14b,portuguese,participants,cls_def_exp,temp0.3_nodelim_norole_nocot,lusa_89,2,classification,tubarão,Nat,0.95
qwen3_14b,portuguese,participants,cls_def_exp,temp0.3_nodelim_norole_nocot,lusa_89,2,classification,Cable,Pl_region,0.8
qwen3_14b,portuguese,participants,cls_def_exp,temp0.3_nodelim_norole_nocot,lusa_89,2,classification,noroeste da Austrália,Pl_region,0.95
qwen3_14b,portuguese,participants,cls_def_exp,temp0.3_nodelim_norole_nocot,lusa_89,2,classification,Austrália,Pl_country,0.95
qwen3_14b,portuguese,participants,cls_def_exp,temp0.3_nodelim_norole_nocot,lusa_89,2,classification,oceano Índico,Pl_water,0.95
qwen3_14b,portuguese,participants,cls_def_exp,temp0.3_nodelim_norole_nocot,lusa_89,2,classification,praia,Pl_region,0.75
qwen3_14b,portuguese,participants,sent_def_exp,temp0.3_nodelim_norole_nocot,lusa_89,3,detection,,yes,0.95
qwen3_14b,portuguese,participants,ext_def_exp,temp0.3_nodelim_norole_nocot,lusa_89,3,extraction,A vítima,,0.95
qwen3_14b,portuguese,participants,ext_def_exp,temp0.3_nodelim_norole_nocot,lusa_89,3,extraction,a polícia,,0.9
qwen3_14b,portuguese,participants,ext_def_exp,temp0.3_nodelim_norole_nocot,lusa_89,3,extraction,os paramédicos,,0.9
qwen3_14b,portuguese,participants,ext_def_exp,temp0.3_nodelim_norole_nocot,lusa_89,3,extraction,a água,,0.8
qwen3_14b,portuguese,participants,cls_def_exp,temp0.3_nodelim_norole_nocot,lusa_89,3,classification,A vítima,Per,0.95
qwen3_14b,portuguese,participants,cls_def_exp,temp0.3_nodelim_norole_nocot,lusa_89,3,classification,a polícia,Org,0.9
qwen3_14b,portuguese,participants,cls_def_exp,temp0.3_nodelim_norole_nocot,lusa_89,3,classification,os paramédicos,Per,0.85
qwen3_14b,portuguese,participants,cls_def_exp,temp0.3_nodelim_norole_nocot,lusa_89,3,classification,a água,Pl_water,0.8
qwen3_14b,portuguese,participants,sent_def_exp,temp0.3_nodelim_norole_nocot,lusa_89,4,detection,,yes,0.95
qwen3_14b,portuguese,participants,ext_def_exp,temp0.3_nodelim_norole_nocot,lusa_89,4,extraction,A polícia,,1.0
qwen3_14b,portuguese,participants,ext_def_exp,temp0.3_nodelim_norole_nocot,lusa_89,4,extraction,o tubarão,,1.0
qwen3_14b,portuguese,participants,ext_def_exp,temp0.3_nodelim_norole_nocot,lusa_89,4,extraction,a praia,,1.0
qwen3_14b,portuguese,participants,cls_def_exp,temp0.3_nodelim_norole_nocot,lusa_89,4,classification,A polícia,Org,0.95
qwen3_14b,portuguese,participants,cls_def_exp,temp0.3_nodelim_norole_nocot,lusa_89,4,classification,o tubarão,Nat,0.95
qwen3_14b,portuguese,participants,cls_def_exp,temp0.3_nodelim_norole_nocot,lusa_89,4,classification,a praia,Pl_region,0.85
qwen3_14b,portuguese,participants,sent_def_exp,temp0.3_nodelim_norole_nocot,lusa_89,5,detection,,no,0.75
qwen3_14b,portuguese,participants,sent_def_exp,temp0.3_nodelim_norole_nocot,lusa_89,6,detection,,no,0.4
qwen3_14b,portuguese,participants,sent_def_exp,temp0.3_nodelim_norole_nocot,lusa_89,7,detection,,yes,0.85
qwen3_14b,portuguese,participants,ext_def_exp,temp0.3_nodelim_norole_nocot,lusa_89,7,extraction,agência científica governamental CSIRO,,0.95
qwen3_14b,portuguese,participants,ext_def_exp,temp0.3_nodelim_norole_nocot,lusa_89,7,extraction,a Austrália,,0.9
qwen3_14b,portuguese,participants,ext_def_exp,temp0.3_nodelim_norole_nocot,lusa_89,7,extraction,tubarões brancos,,0.9
qwen3_14b,portuguese,participants,cls_def_exp,temp0.3_nodelim_norole_nocot,lusa_89,7,classification,agência científica governamental CSIRO,Org,0.95
qwen3_14b,portuguese,participants,cls_def_exp,temp0.3_nodelim_norole_nocot,lusa_89,7,classification,a Austrália,Pl_country,0.95
qwen3_14b,portuguese,participants,cls_def_exp,temp0.3_nodelim_norole_nocot,lusa_89,7,classification,tubarões brancos,Nat,0.95
qwen3_14b,portuguese,participants,sent_def_exp,temp0.3_nodelim_norole_nocot,lusa_9,1,detection,,yes,0.95
qwen3_14b,portuguese,participants,ext_def_exp,temp0.3_nodelim_norole_nocot,lusa_9,1,extraction,Um homem de 38 anos,,0.95
qwen3_14b,portuguese,participants,ext_def_exp,temp0.3_nodelim_norole_nocot,lusa_9,1,extraction,GNR,,0.95
qwen3_14b,portuguese,participants,ext_def_exp,temp0.3_nodelim_norole_nocot,lusa_9,1,extraction,Vila do Conde,,0.9
qwen3_14b,portuguese,participants,ext_def_exp,temp0.3_nodelim_norole_nocot,lusa_9,1,extraction,aquela força policial,,0.85
qwen3_14b,portuguese,participants,ext_def_exp,temp0.3_nodelim_norole_nocot,lusa_9,1,extraction,estupefacientes,,0.9
qwen3_14b,portuguese,participants,cls_def_exp,temp0.3_nodelim_norole_nocot,lusa_9,1,classification,Um homem de 38 anos,Per,0.95
qwen3_14b,portuguese,participants,cls_def_exp,temp0.3_nodelim_norole_nocot,lusa_9,1,classification,GNR,Org,0.9
qwen3_14b,portuguese,participants,cls_def_exp,temp0.3_nodelim_norole_nocot,lusa_9,1,classification,Vila do Conde,Pl_civil,0.95
qwen3_14b,portuguese,participants,cls_def_exp,temp0.3_nodelim_norole_nocot,lusa_9,1,classification,aquela força policial,Org,0.9
qwen3_14b,portuguese,participants,cls_def_exp,temp0.3_nodelim_norole_nocot,lusa_9,1,classification,estupefacientes,Obj,0.85
qwen3_14b,portuguese,participants,sent_def_exp,temp0.3_nodelim_norole_nocot,lusa_9,2,detection,,yes,0.95
qwen3_14b,portuguese,participants,ext_def_exp,temp0.3_nodelim_norole_nocot,lusa_9,2,extraction,a GNR,,1.0
qwen3_14b,portuguese,participants,ext_def_exp,temp0.3_nodelim_norole_nocot,lusa_9,2,extraction,o veículo,,0.9
qwen3_14b,portuguese,participants,ext_def_exp,temp0.3_nodelim_norole_nocot,lusa_9,2,extraction,12 doses de heroína e nove doses de cocaína,,0.8
qwen3_14b,portuguese,participants,cls_def_exp,temp0.3_nodelim_norole_nocot,lusa_9,2,classification,a GNR,Org,0.95
qwen3_14b,portuguese,participants,cls_def_exp,temp0.3_nodelim_norole_nocot,lusa_9,2,classification,o veículo,Veh,0.9
qwen3_14b,portuguese,participants,cls_def_exp,temp0.3_nodelim_norole_nocot,lusa_9,2,classification,12 doses de heroína e nove doses de cocaína,Obj,0.85
qwen3_14b,portuguese,participants,sent_def_exp,temp0.3_nodelim_norole_nocot,lusa_9,3,detection,,yes,0.95
qwen3_14b,portuguese,participants,ext_def_exp,temp0.3_nodelim_norole_nocot,lusa_9,3,extraction,suspeito,,1.0
qwen3_14b,portuguese,participants,ext_def_exp,temp0.3_nodelim_norole_nocot,lusa_9,3,extraction,GNR,,1.0
qwen3_14b,portuguese,participants,cls_def_exp,temp0.3_nodelim_norole_nocot,lusa_9,3,classification,suspeito,Per,0.95
qwen3_14b,portuguese,participants,cls_def_exp,temp0.3_nodelim_norole_nocot,lusa_9,3,classification,GNR,Org,0.95
qwen3_14b,portuguese,participants,sent_def_exp,temp0.3_nodelim_norole_nocot,lusa_9,4,detection,,yes,0.95
qwen3_14b,portuguese,participants,ext_def_exp,temp0.3_nodelim_norole_nocot,lusa_9,4,extraction,A Guarda,,0.95
qwen3_14b,portuguese,participants,ext_def_exp,temp0.3_nodelim_norole_nocot,lusa_9,4,extraction,o homem,,0.9
qwen3_14b,portuguese,participants,ext_def_exp,temp0.3_nodelim_norole_nocot,lusa_9,4,extraction,Tribunal Judicial de Vila do Conde,,0.85
qwen3_14b,portuguese,participants,cls_def_exp,temp0.3_nodelim_norole_nocot,lusa_9,4,classification,A Guarda,Org,0.95
qwen3_14b,portuguese,participants,cls_def_exp,temp0.3_nodelim_norole_nocot,lusa_9,4,classification,o homem,Per,0.9
qwen3_14b,portuguese,participants,cls_def_exp,temp0.3_nodelim_norole_nocot,lusa_9,4,classification,Tribunal Judicial de Vila do Conde,Org,0.95
qwen3_14b,portuguese,participants,sent_def_exp,temp0.3_nodelim_norole_nocot,lusa_9,5,detection,,yes,0.95
qwen3_14b,portuguese,participants,ext_def_exp,temp0.3_nodelim_norole_nocot,lusa_9,5,extraction,o detido,,0.9
qwen3_14b,portuguese,participants,ext_def_exp,temp0.3_nodelim_norole_nocot,lusa_9,5,extraction,Estabelecimento Prisional do Porto,,0.95
qwen3_14b,portuguese,participants,ext_def_exp,temp0.3_nodelim_norole_nocot,lusa_9,5,extraction,Tribunal Judicial de Vila do Conde,,0.95
qwen3_14b,portuguese,participants,ext_def_exp,temp0.3_nodelim_norole_nocot,lusa_9,5,extraction,nota de imprensa,,0.8
qwen3_14b,portuguese,participants,cls_def_exp,temp0.3_nodelim_norole_nocot,lusa_9,5,classification,o detido,Per,0.95
qwen3_14b,portuguese,participants,cls_def_exp,temp0.3_nodelim_norole_nocot,lusa_9,5,classification,Estabelecimento Prisional do Porto,Fac,0.9
qwen3_14b,portuguese,participants,cls_def_exp,temp0.3_nodelim_norole_nocot,lusa_9,5,classification,Tribunal Judicial de Vila do Conde,Org,0.95
qwen3_14b,portuguese,participants,cls_def_exp,temp0.3_nodelim_norole_nocot,lusa_9,5,classification,nota de imprensa,Other,0.7
qwen3_14b,portuguese,participants,sent_def_exp,temp0.3_nodelim_norole_nocot,lusa_90,1,detection,,yes,0.95
qwen3_14b,portuguese,participants,ext_def_exp,temp0.3_nodelim_norole_nocot,lusa_90,1,extraction,Um homem de Amarante,,0.95
qwen3_14b,portuguese,participants,ext_def_exp,temp0.3_nodelim_norole_nocot,lusa_90,1,extraction,a sua mulher,,0.9
qwen3_14b,portuguese,participants,ext_def_exp,temp0.3_nodelim_norole_nocot,lusa_90,1,extraction,a vítima,,0.9
qwen3_14b,portuguese,participants,ext_def_exp,temp0.3_nodelim_norole_nocot,lusa_90,1,extraction,a filha comum,,0.9
qwen3_14b,portuguese,participants,ext_def_exp,temp0.3_nodelim_norole_nocot,lusa_90,1,extraction,casa de outros familiares,,0.8
qwen3_14b,portuguese,participants,ext_def_exp,temp0.3_nodelim_norole_nocot,lusa_90,1,extraction,Amarante,,0.8
qwen3_14b,portuguese,participants,ext_def_exp,temp0.3_nodelim_norole_nocot,lusa_90,1,extraction,a GNR,,0.95
qwen3_14b,portuguese,participants,cls_def_exp,temp0.3_nodelim_norole_nocot,lusa_90,1,classification,Um homem de Amarante,Per,0.95
qwen3_14b,portuguese,participants,cls_def_exp,temp0.3_nodelim_norole_nocot,lusa_90,1,classification,a sua mulher,Per,0.9
qwen3_14b,portuguese,participants,cls_def_exp,temp0.3_nodelim_norole_nocot,lusa_90,1,classification,a vítima,Per,0.95
qwen3_14b,portuguese,participants,cls_def_exp,temp0.3_nodelim_norole_nocot,lusa_90,1,classification,a filha comum,Per,0.9
qwen3_14b,portuguese,participants,cls_def_exp,temp0.3_nodelim_norole_nocot,lusa_90,1,classification,casa de outros familiares,Fac,0.85
qwen3_14b,portuguese,participants,cls_def_exp,temp0.3_nodelim_norole_nocot,lusa_90,1,classification,Amarante,Pl_civil,0.95
qwen3_14b,portuguese,participants,cls_def_exp,temp0.3_nodelim_norole_nocot,lusa_90,1,classification,a GNR,Org,0.95
qwen3_14b,portuguese,participants,sent_def_exp,temp0.3_nodelim_norole_nocot,lusa_90,2,detection,,yes,0.95
qwen3_14b,portuguese,participants,ext_def_exp,temp0.3_nodelim_norole_nocot,lusa_90,2,extraction,aquela força policial,,0.7
qwen3_14b,portuguese,participants,ext_def_exp,temp0.3_nodelim_norole_nocot,lusa_90,2,extraction,o arguido,,0.9
qwen3_14b,portuguese,participants,ext_def_exp,temp0.3_nodelim_norole_nocot,lusa_90,2,extraction,Tribunal de Instrução Criminal em Penafiel,,0.95
qwen3_14b,portuguese,participants,ext_def_exp,temp0.3_nodelim_norole_nocot,lusa_90,2,extraction,Penafiel,,0.8
qwen3_14b,portuguese,participants,cls_def_exp,temp0.3_nodelim_norole_nocot,lusa_90,2,classification,aquela força policial,Org,0.95
qwen3_14b,portuguese,participants,cls_def_exp,temp0.3_nodelim_norole_nocot,lusa_90,2,classification,o arguido,Per,0.9
qwen3_14b,portuguese,participants,cls_def_exp,temp0.3_nodelim_norole_nocot,lusa_90,2,classification,Tribunal de Instrução Criminal em Penafiel,Org,0.95
qwen3_14b,portuguese,participants,cls_def_exp,temp0.3_nodelim_norole_nocot,lusa_90,2,classification,Penafiel,Pl_civil,0.9
qwen3_14b,portuguese,participants,sent_def_exp,temp0.3_nodelim_norole_nocot,lusa_90,3,detection,,yes,0.95
qwen3_14b,portuguese,participants,ext_def_exp,temp0.3_nodelim_norole_nocot,lusa_90,3,extraction,a GNR,,0.95
qwen3_14b,portuguese,participants,ext_def_exp,temp0.3_nodelim_norole_nocot,lusa_90,3,extraction,o homem,,0.9
qwen3_14b,portuguese,participants,ext_def_exp,temp0.3_nodelim_norole_nocot,lusa_90,3,extraction,a vítima,,0.9
qwen3_14b,portuguese,participants,ext_def_exp,temp0.3_nodelim_norole_nocot,lusa_90,3,extraction,sua mulher de 46 anos,,0.85
qwen3_14b,portuguese,participants,ext_def_exp,temp0.3_nodelim_norole_nocot,lusa_90,3,extraction,a filha menor de ambos,,0.85
qwen3_14b,portuguese,participants,cls_def_exp,temp0.3_nodelim_norole_nocot,lusa_90,3,classification,a GNR,Org,0.95
qwen3_14b,portuguese,participants,cls_def_exp,temp0.3_nodelim_norole_nocot,lusa_90,3,classification,o homem,Per,0.9
qwen3_14b,portuguese,participants,cls_def_exp,temp0.3_nodelim_norole_nocot,lusa_90,3,classification,a vítima,Per,0.95
qwen3_14b,portuguese,participants,cls_def_exp,temp0.3_nodelim_norole_nocot,lusa_90,3,classification,sua mulher de 46 anos,Per,0.95
qwen3_14b,portuguese,participants,cls_def_exp,temp0.3_nodelim_norole_nocot,lusa_90,3,classification,a filha menor de ambos,Per,0.9
qwen3_14b,portuguese,participants,sent_def_exp,temp0.3_nodelim_norole_nocot,lusa_90,4,detection,,yes,0.95
qwen3_14b,portuguese,participants,ext_def_exp,temp0.3_nodelim_norole_nocot,lusa_90,4,extraction,a vítima,,0.9
qwen3_14b,portuguese,participants,ext_def_exp,temp0.3_nodelim_norole_nocot,lusa_90,4,extraction,a filha,,0.9
qwen3_14b,portuguese,participants,ext_def_exp,temp0.3_nodelim_norole_nocot,lusa_90,4,extraction,familiares,,0.7
qwen3_14b,portuguese,participants,cls_def_exp,temp0.3_nodelim_norole_nocot,lusa_90,4,classification,a vítima,Per,0.95
qwen3_14b,portuguese,participants,cls_def_exp,temp0.3_nodelim_norole_nocot,lusa_90,4,classification,a filha,Per,0.95
qwen3_14b,portuguese,participants,cls_def_exp,temp0.3_nodelim_norole_nocot,lusa_90,4,classification,familiares,Per,0.9
qwen3_14b,portuguese,participants,sent_def_exp,temp0.3_nodelim_norole_nocot,lusa_90,5,detection,,yes,0.95
qwen3_14b,portuguese,participants,ext_def_exp,temp0.3_nodelim_norole_nocot,lusa_90,5,extraction,O Tribunal de Instrução Criminal,,0.95
qwen3_14b,portuguese,participants,ext_def_exp,temp0.3_nodelim_norole_nocot,lusa_90,5,extraction,a vítima,,0.9
qwen3_14b,portuguese,participants,cls_def_exp,temp0.3_nodelim_norole_nocot,lusa_90,5,classification,O Tribunal de Instrução Criminal,Org,0.95
qwen3_14b,portuguese,participants,cls_def_exp,temp0.3_nodelim_norole_nocot,lusa_90,5,classification,a vítima,Per,0.95
qwen3_14b,portuguese,participants,sent_def_exp,temp0.3_nodelim_norole_nocot,lusa_90,6,detection,,yes,0.95
qwen3_14b,portuguese,participants,ext_def_exp,temp0.3_nodelim_norole_nocot,lusa_90,6,extraction,o,,0.5
qwen3_14b,portuguese,participants,ext_def_exp,temp0.3_nodelim_norole_nocot,lusa_90,6,extraction,vítima,,0.9
qwen3_14b,portuguese,participants,ext_def_exp,temp0.3_nodelim_norole_nocot,lusa_90,6,extraction,pulseira eletrónica,,0.7
qwen3_14b,portuguese,participants,cls_def_exp,temp0.3_nodelim_norole_nocot,lusa_90,6,classification,o,Other,0.2
qwen3_14b,portuguese,participants,cls_def_exp,temp0.3_nodelim_norole_nocot,lusa_90,6,classification,vítima,Per,0.95
qwen3_14b,portuguese,participants,cls_def_exp,temp0.3_nodelim_norole_nocot,lusa_90,6,classification,pulseira eletrónica,Obj,0.9
qwen3_14b,portuguese,participants,sent_def_exp,temp0.3_nodelim_norole_nocot,lusa_91,1,detection,,yes,0.95
qwen3_14b,portuguese,participants,ext_def_exp,temp0.3_nodelim_norole_nocot,lusa_91,1,extraction,Um homem de 28 anos,,0.95
qwen3_14b,portuguese,participants,ext_def_exp,temp0.3_nodelim_norole_nocot,lusa_91,1,extraction,a sua ex-companheira,,0.9
qwen3_14b,portuguese,participants,ext_def_exp,temp0.3_nodelim_norole_nocot,lusa_91,1,extraction,Vila Nova de Gaia,,0.8
qwen3_14b,portuguese,participants,ext_def_exp,temp0.3_nodelim_norole_nocot,lusa_91,1,extraction,a GNR,,0.9
qwen3_14b,portuguese,participants,cls_def_exp,temp0.3_nodelim_norole_nocot,lusa_91,1,classification,Um homem de 28 anos,Per,0.95
qwen3_14b,portuguese,participants,cls_def_exp,temp0.3_nodelim_norole_nocot,lusa_91,1,classification,a sua ex-companheira,Per,0.9
qwen3_14b,portuguese,participants,cls_def_exp,temp0.3_nodelim_norole_nocot,lusa_91,1,classification,Vila Nova de Gaia,Pl_civil,0.95
qwen3_14b,portuguese,participants,cls_def_exp,temp0.3_nodelim_norole_nocot,lusa_91,1,classification,a GNR,Org,0.95
qwen3_14b,portuguese,participants,sent_def_exp,temp0.3_nodelim_norole_nocot,lusa_91,2,detection,,yes,0.95
qwen3_14b,portuguese,participants,ext_def_exp,temp0.3_nodelim_norole_nocot,lusa_91,2,extraction,o detido,,0.95
qwen3_14b,portuguese,participants,ext_def_exp,temp0.3_nodelim_norole_nocot,lusa_91,2,extraction,a vítima,,0.95
qwen3_14b,portuguese,participants,ext_def_exp,temp0.3_nodelim_norole_nocot,lusa_91,2,extraction,pulseira eletrónica,,0.8
qwen3_14b,portuguese,participants,ext_def_exp,temp0.3_nodelim_norole_nocot,lusa_91,2,extraction,os mesmos locais,,0.7
qwen3_14b,portuguese,participants,ext_def_exp,temp0.3_nodelim_norole_nocot,lusa_91,2,extraction,esta força policial,,0.95
qwen3_14b,portuguese,participants,cls_def_exp,temp0.3_nodelim_norole_nocot,lusa_91,2,classification,o detido,Per,0.95
qwen3_14b,portuguese,participants,cls_def_exp,temp0.3_nodelim_norole_nocot,lusa_91,2,classification,a vítima,Per,0.95
qwen3_14b,portuguese,participants,cls_def_exp,temp0.3_nodelim_norole_nocot,lusa_91,2,classification,pulseira eletrónica,Obj,0.9
qwen3_14b,portuguese,participants,cls_def_exp,temp0.3_nodelim_norole_nocot,lusa_91,2,classification,os mesmos locais,Loc,0.8
qwen3_14b,portuguese,participants,cls_def_exp,temp0.3_nodelim_norole_nocot,lusa_91,2,classification,esta força policial,Org,0.95
qwen3_14b,portuguese,participants,sent_def_exp,temp0.3_nodelim_norole_nocot,lusa_91,3,detection,,yes,0.95
qwen3_14b,portuguese,participants,ext_def_exp,temp0.3_nodelim_norole_nocot,lusa_91,3,extraction,os militares da GNR,,0.95
qwen3_14b,portuguese,participants,ext_def_exp,temp0.3_nodelim_norole_nocot,lusa_91,3,extraction,o suspeito,,0.9
qwen3_14b,portuguese,participants,ext_def_exp,temp0.3_nodelim_norole_nocot,lusa_91,3,extraction,a vítima,,0.9
qwen3_14b,portuguese,participants,cls_def_exp,temp0.3_nodelim_norole_nocot,lusa_91,3,classification,os militares da GNR,Org,1.0
qwen3_14b,portuguese,participants,cls_def_exp,temp0.3_nodelim_norole_nocot,lusa_91,3,classification,o suspeito,Per,1.0
qwen3_14b,portuguese,participants,cls_def_exp,temp0.3_nodelim_norole_nocot,lusa_91,3,classification,a vítima,Per,1.0
qwen3_14b,portuguese,participants,sent_def_exp,temp0.3_nodelim_norole_nocot,lusa_91,4,detection,,yes,0.95
qwen3_14b,portuguese,participants,ext_def_exp,temp0.3_nodelim_norole_nocot,lusa_91,4,extraction,vítima,,0.95
qwen3_14b,portuguese,participants,ext_def_exp,temp0.3_nodelim_norole_nocot,lusa_91,4,extraction,veículo da vítima,,0.9
qwen3_14b,portuguese,participants,cls_def_exp,temp0.3_nodelim_norole_nocot,lusa_91,4,classification,vítima,Per,0.95
qwen3_14b,portuguese,participants,cls_def_exp,temp0.3_nodelim_norole_nocot,lusa_91,4,classification,veículo da vítima,Veh,0.9
qwen3_14b,portuguese,participants,sent_def_exp,temp0.3_nodelim_norole_nocot,lusa_92,1,detection,,yes,0.95
qwen3_14b,portuguese,participants,ext_def_exp,temp0.3_nodelim_norole_nocot,lusa_92,1,extraction,um homem,,0.9
qwen3_14b,portuguese,participants,ext_def_exp,temp0.3_nodelim_norole_nocot,lusa_92,1,extraction,"Jesufrei, Vila Nova de Famalicão",,0.9
qwen3_14b,portuguese,participants,ext_def_exp,temp0.3_nodelim_norole_nocot,lusa_92,1,extraction,telhado,,0.8
qwen3_14b,portuguese,participants,ext_def_exp,temp0.3_nodelim_norole_nocot,lusa_92,1,extraction,fonte do Comando Distrital de Operações de Socorro de Braga,,0.8
qwen3_14b,portuguese,participants,ext_def_exp,temp0.3_nodelim_norole_nocot,lusa_92,1,extraction,Comando Distrital de Operações de Socorro de Braga,,0.9
qwen3_14b,portuguese,participants,cls_def_exp,temp0.3_nodelim_norole_nocot,lusa_92,1,classification,um homem,Per,0.95
qwen3_14b,portuguese,participants,cls_def_exp,temp0.3_nodelim_norole_nocot,lusa_92,1,classification,"Jesufrei, Vila Nova de Famalicão",Pl_civil,0.95
qwen3_14b,portuguese,participants,cls_def_exp,temp0.3_nodelim_norole_nocot,lusa_92,1,classification,telhado,Obj,0.9
qwen3_14b,portuguese,participants,cls_def_exp,temp0.3_nodelim_norole_nocot,lusa_92,1,classification,fonte do Comando Distrital de Operações de Socorro de Braga,Org,0.85
qwen3_14b,portuguese,participants,cls_def_exp,temp0.3_nodelim_norole_nocot,lusa_92,1,classification,Comando Distrital de Operações de Socorro de Braga,Org,0.95
qwen3_14b,portuguese,participants,sent_def_exp,temp0.3_nodelim_norole_nocot,lusa_92,2,detection,,yes,0.95
qwen3_14b,portuguese,participants,ext_def_exp,temp0.3_nodelim_norole_nocot,lusa_92,2,extraction,a fonte,,0.95
qwen3_14b,portuguese,participants,ext_def_exp,temp0.3_nodelim_norole_nocot,lusa_92,2,extraction,a vítima,,0.9
qwen3_14b,portuguese,participants,cls_def_exp,temp0.3_nodelim_norole_nocot,lusa_92,2,classification,a fonte,Per,0.9
qwen3_14b,portuguese,participants,cls_def_exp,temp0.3_nodelim_norole_nocot,lusa_92,2,classification,a vítima,Per,0.95
qwen3_14b,portuguese,participants,sent_def_exp,temp0.3_nodelim_norole_nocot,lusa_92,3,detection,,no,0.3
qwen3_14b,portuguese,participants,sent_def_exp,temp0.3_nodelim_norole_nocot,lusa_92,4,detection,,no,0.85
qwen3_14b,portuguese,participants,sent_def_exp,temp0.3_nodelim_norole_nocot,lusa_92,5,detection,,yes,0.95
qwen3_14b,portuguese,participants,ext_def_exp,temp0.3_nodelim_norole_nocot,lusa_92,5,extraction,viatura médica de emergência e reanimação,,0.9
qwen3_14b,portuguese,participants,ext_def_exp,temp0.3_nodelim_norole_nocot,lusa_92,5,extraction,VMER,,0.9
qwen3_14b,portuguese,participants,ext_def_exp,temp0.3_nodelim_norole_nocot,lusa_92,5,extraction,bombeiros,,0.9
qwen3_14b,portuguese,participants,ext_def_exp,temp0.3_nodelim_norole_nocot,lusa_92,5,extraction,seis homens,,0.8
qwen3_14b,portuguese,participants,ext_def_exp,temp0.3_nodelim_norole_nocot,lusa_92,5,extraction,três viaturas,,0.8
qwen3_14b,portuguese,participants,cls_def_exp,temp0.3_nodelim_norole_nocot,lusa_92,5,classification,viatura médica de emergência e reanimação,Veh,0.95
qwen3_14b,portuguese,participants,cls_def_exp,temp0.3_nodelim_norole_nocot,lusa_92,5,classification,VMER,Veh,0.95
qwen3_14b,portuguese,participants,cls_def_exp,temp0.3_nodelim_norole_nocot,lusa_92,5,classification,bombeiros,Org,0.9
qwen3_14b,portuguese,participants,cls_def_exp,temp0.3_nodelim_norole_nocot,lusa_92,5,classification,seis homens,Per,0.85
qwen3_14b,portuguese,participants,cls_def_exp,temp0.3_nodelim_norole_nocot,lusa_92,5,classification,três viaturas,Veh,0.95
qwen3_14b,portuguese,participants,sent_def_exp,temp0.3_nodelim_norole_nocot,lusa_92,6,detection,,yes,0.95
qwen3_14b,portuguese,participants,ext_def_exp,temp0.3_nodelim_norole_nocot,lusa_92,6,extraction,GNR,,0.95
qwen3_14b,portuguese,participants,ext_def_exp,temp0.3_nodelim_norole_nocot,lusa_92,6,extraction,a ocorrência,,0.8
qwen3_14b,portuguese,participants,cls_def_exp,temp0.3_nodelim_norole_nocot,lusa_92,6,classification,GNR,Org,0.95
qwen3_14b,portuguese,participants,cls_def_exp,temp0.3_nodelim_norole_nocot,lusa_92,6,classification,a ocorrência,Other,0.85
qwen3_14b,portuguese,participants,sent_def_exp,temp0.3_nodelim_norole_nocot,lusa_93,1,detection,,yes,0.95
qwen3_14b,portuguese,participants,ext_def_exp,temp0.3_nodelim_norole_nocot,lusa_93,1,extraction,Um homem de 32 anos,,0.95
qwen3_14b,portuguese,participants,ext_def_exp,temp0.3_nodelim_norole_nocot,lusa_93,1,extraction,rio Tua,,0.9
qwen3_14b,portuguese,participants,ext_def_exp,temp0.3_nodelim_norole_nocot,lusa_93,1,extraction,Valverde da Gestosa,,0.85
qwen3_14b,portuguese,participants,ext_def_exp,temp0.3_nodelim_norole_nocot,lusa_93,1,extraction,Mirandela,,0.9
qwen3_14b,portuguese,participants,ext_def_exp,temp0.3_nodelim_norole_nocot,lusa_93,1,extraction,a GNR,,0.9
qwen3_14b,portuguese,participants,cls_def_exp,temp0.3_nodelim_norole_nocot,lusa_93,1,classification,Um homem de 32 anos,Per,0.95
qwen3_14b,portuguese,participants,cls_def_exp,temp0.3_nodelim_norole_nocot,lusa_93,1,classification,rio Tua,Pl_water,0.9
qwen3_14b,portuguese,participants,cls_def_exp,temp0.3_nodelim_norole_nocot,lusa_93,1,classification,Valverde da Gestosa,Pl_region,0.85
qwen3_14b,portuguese,participants,cls_def_exp,temp0.3_nodelim_norole_nocot,lusa_93,1,classification,Mirandela,Pl_civil,0.95
qwen3_14b,portuguese,participants,cls_def_exp,temp0.3_nodelim_norole_nocot,lusa_93,1,classification,a GNR,Org,0.95
qwen3_14b,portuguese,participants,sent_def_exp,temp0.3_nodelim_norole_nocot,lusa_93,2,detection,,yes,0.95
qwen3_14b,portuguese,participants,ext_def_exp,temp0.3_nodelim_norole_nocot,lusa_93,2,extraction,Lusa,,0.95
qwen3_14b,portuguese,participants,ext_def_exp,temp0.3_nodelim_norole_nocot,lusa_93,2,extraction,aquela força de segurança,,0.7
qwen3_14b,portuguese,participants,ext_def_exp,temp0.3_nodelim_norole_nocot,lusa_93,2,extraction,o homem,,0.9
qwen3_14b,portuguese,participants,ext_def_exp,temp0.3_nodelim_norole_nocot,lusa_93,2,extraction,casa,,0.6
qwen3_14b,portuguese,participants,cls_def_exp,temp0.3_nodelim_norole_nocot,lusa_93,2,classification,Lusa,Org,0.95
qwen3_14b,portuguese,participants,cls_def_exp,temp0.3_nodelim_norole_nocot,lusa_93,2,classification,aquela força de segurança,Org,0.9
qwen3_14b,portuguese,participants,cls_def_exp,temp0.3_nodelim_norole_nocot,lusa_93,2,classification,o homem,Per,0.95
qwen3_14b,portuguese,participants,cls_def_exp,temp0.3_nodelim_norole_nocot,lusa_93,2,classification,casa,Obj,0.8
qwen3_14b,portuguese,participants,sent_def_exp,temp0.3_nodelim_norole_nocot,lusa_93,3,detection,,yes,0.95
qwen3_14b,portuguese,participants,ext_def_exp,temp0.3_nodelim_norole_nocot,lusa_93,3,extraction,as autoridades,,0.95
qwen3_14b,portuguese,participants,cls_def_exp,temp0.3_nodelim_norole_nocot,lusa_93,3,classification,as autoridades,Org,0.95
qwen3_14b,portuguese,participants,sent_def_exp,temp0.3_nodelim_norole_nocot,lusa_93,4,detection,,yes,0.95
qwen3_14b,portuguese,participants,ext_def_exp,temp0.3_nodelim_norole_nocot,lusa_93,4,extraction,o corpo,,0.9
qwen3_14b,portuguese,participants,ext_def_exp,temp0.3_nodelim_norole_nocot,lusa_93,4,extraction,as autoridades,,0.95
qwen3_14b,portuguese,participants,ext_def_exp,temp0.3_nodelim_norole_nocot,lusa_93,4,extraction,os haveres do pescador,,0.8
qwen3_14b,portuguese,participants,cls_def_exp,temp0.3_nodelim_norole_nocot,lusa_93,4,classification,o corpo,Obj,0.8
qwen3_14b,portuguese,participants,cls_def_exp,temp0.3_nodelim_norole_nocot,lusa_93,4,classification,as autoridades,Org,0.95
qwen3_14b,portuguese,participants,cls_def_exp,temp0.3_nodelim_norole_nocot,lusa_93,4,classification,os haveres do pescador,Obj,0.9
qwen3_14b,portuguese,participants,sent_def_exp,temp0.3_nodelim_norole_nocot,lusa_93,5,detection,,yes,0.95
qwen3_14b,portuguese,participants,ext_def_exp,temp0.3_nodelim_norole_nocot,lusa_93,5,extraction,a fonte,,0.9
qwen3_14b,portuguese,participants,ext_def_exp,temp0.3_nodelim_norole_nocot,lusa_93,5,extraction,Polícia Judiciária,,0.9
qwen3_14b,portuguese,participants,cls_def_exp,temp0.3_nodelim_norole_nocot,lusa_93,5,classification,a fonte,Per,0.75
qwen3_14b,portuguese,participants,cls_def_exp,temp0.3_nodelim_norole_nocot,lusa_93,5,classification,Polícia Judiciária,Org,0.95
qwen3_14b,portuguese,participants,sent_def_exp,temp0.3_nodelim_norole_nocot,lusa_94,1,detection,,yes,0.95
qwen3_14b,portuguese,participants,ext_def_exp,temp0.3_nodelim_norole_nocot,lusa_94,1,extraction,Um homem,,0.9
qwen3_14b,portuguese,participants,ext_def_exp,temp0.3_nodelim_norole_nocot,lusa_94,1,extraction,poço,,0.8
qwen3_14b,portuguese,participants,ext_def_exp,temp0.3_nodelim_norole_nocot,lusa_94,1,extraction,Romariz,,0.9
qwen3_14b,portuguese,participants,ext_def_exp,temp0.3_nodelim_norole_nocot,lusa_94,1,extraction,Santa Maria da Feira,,0.9
qwen3_14b,portuguese,participants,ext_def_exp,temp0.3_nodelim_norole_nocot,lusa_94,1,extraction,Bombeiros de Arrifana,,0.9
qwen3_14b,portuguese,participants,ext_def_exp,temp0.3_nodelim_norole_nocot,lusa_94,1,extraction,fonte dos Bombeiros de Arrifana,,0.8
qwen3_14b,portuguese,participants,ext_def_exp,temp0.3_nodelim_norole_nocot,lusa_94,1,extraction,Lusa,,0.9
qwen3_14b,portuguese,participants,cls_def_exp,temp0.3_nodelim_norole_nocot,lusa_94,1,classification,Um homem,Per,0.95
qwen3_14b,portuguese,participants,cls_def_exp,temp0.3_nodelim_norole_nocot,lusa_94,1,classification,poço,Obj,0.8
qwen3_14b,portuguese,participants,cls_def_exp,temp0.3_nodelim_norole_nocot,lusa_94,1,classification,Romariz,Pl_civil,0.95
qwen3_14b,portuguese,participants,cls_def_exp,temp0.3_nodelim_norole_nocot,lusa_94,1,classification,Santa Maria da Feira,Pl_civil,0.95
qwen3_14b,portuguese,participants,cls_def_exp,temp0.3_nodelim_norole_nocot,lusa_94,1,classification,Bombeiros de Arrifana,Org,0.95
qwen3_14b,portuguese,participants,cls_def_exp,temp0.3_nodelim_norole_nocot,lusa_94,1,classification,fonte dos Bombeiros de Arrifana,Per,0.9
qwen3_14b,portuguese,participants,cls_def_exp,temp0.3_nodelim_norole_nocot,lusa_94,1,classification,Lusa,Org,0.95
qwen3_14b,portuguese,participants,sent_def_exp,temp0.3_nodelim_norole_nocot,lusa_94,2,detection,,yes,0.95
qwen3_14b,portuguese,participants,ext_def_exp,temp0.3_nodelim_norole_nocot,lusa_94,2,extraction,o homem,,0.9
qwen3_14b,portuguese,participants,ext_def_exp,temp0.3_nodelim_norole_nocot,lusa_94,2,extraction,a tampa do poço,,0.9
qwen3_14b,portuguese,participants,ext_def_exp,temp0.3_nodelim_norole_nocot,lusa_94,2,extraction,a propriedade de um vizinho,,0.8
qwen3_14b,portuguese,participants,ext_def_exp,temp0.3_nodelim_norole_nocot,lusa_94,2,extraction,um vizinho,,0.7
qwen3_14b,portuguese,participants,ext_def_exp,temp0.3_nodelim_norole_nocot,lusa_94,2,extraction,a água,,0.8
qwen3_14b,portuguese,participants,ext_def_exp,temp0.3_nodelim_norole_nocot,lusa_94,2,extraction,a fonte,,0.9
qwen3_14b,portuguese,participants,cls_def_exp,temp0.3_nodelim_norole_nocot,lusa_94,2,classification,o homem,Per,0.95
qwen3_14b,portuguese,participants,cls_def_exp,temp0.3_nodelim_norole_nocot,lusa_94,2,classification,a tampa do poço,Obj,0.9
qwen3_14b,portuguese,participants,cls_def_exp,temp0.3_nodelim_norole_nocot,lusa_94,2,classification,a propriedade de um vizinho,Fac,0.8
qwen3_14b,portuguese,participants,cls_def_exp,temp0.3_nodelim_norole_nocot,lusa_94,2,classification,um vizinho,Per,0.95
qwen3_14b,portuguese,participants,cls_def_exp,temp0.3_nodelim_norole_nocot,lusa_94,2,classification,a água,Pl_water,0.9
qwen3_14b,portuguese,participants,cls_def_exp,temp0.3_nodelim_norole_nocot,lusa_94,2,classification,a fonte,Per,0.85
qwen3_14b,portuguese,participants,sent_def_exp,temp0.3_nodelim_norole_nocot,lusa_94,3,detection,,yes,0.95
qwen3_14b,portuguese,participants,ext_def_exp,temp0.3_nodelim_norole_nocot,lusa_94,3,extraction,os bombeiros,,1.0
qwen3_14b,portuguese,participants,ext_def_exp,temp0.3_nodelim_norole_nocot,lusa_94,3,extraction,o homem,,1.0
qwen3_14b,portuguese,participants,ext_def_exp,temp0.3_nodelim_norole_nocot,lusa_94,3,extraction,hospital de Santa Maria da Feira,,1.0
qwen3_14b,portuguese,participants,cls_def_exp,temp0.3_nodelim_norole_nocot,lusa_94,3,classification,os bombeiros,Per,0.95
qwen3_14b,portuguese,participants,cls_def_exp,temp0.3_nodelim_norole_nocot,lusa_94,3,classification,o homem,Per,0.95
qwen3_14b,portuguese,participants,cls_def_exp,temp0.3_nodelim_norole_nocot,lusa_94,3,classification,hospital de Santa Maria da Feira,Fac,0.9
qwen3_14b,portuguese,participants,sent_def_exp,temp0.3_nodelim_norole_nocot,lusa_94,4,detection,,yes,0.95
qwen3_14b,portuguese,participants,ext_def_exp,temp0.3_nodelim_norole_nocot,lusa_94,4,extraction,GNR de Santa Maria da Feira,,0.95
qwen3_14b,portuguese,participants,ext_def_exp,temp0.3_nodelim_norole_nocot,lusa_94,4,extraction,Santa Maria da Feira,,0.8
qwen3_14b,portuguese,participants,cls_def_exp,temp0.3_nodelim_norole_nocot,lusa_94,4,classification,GNR de Santa Maria da Feira,Org,0.95
qwen3_14b,portuguese,participants,cls_def_exp,temp0.3_nodelim_norole_nocot,lusa_94,4,classification,Santa Maria da Feira,Pl_civil,0.9
qwen3_14b,portuguese,participants,sent_def_exp,temp0.3_nodelim_norole_nocot,lusa_95,1,detection,,yes,0.95
qwen3_14b,portuguese,participants,ext_def_exp,temp0.3_nodelim_norole_nocot,lusa_95,1,extraction,Reguengo,,0.9
qwen3_14b,portuguese,participants,ext_def_exp,temp0.3_nodelim_norole_nocot,lusa_95,1,extraction,Cartaxo,,0.9
qwen3_14b,portuguese,participants,ext_def_exp,temp0.3_nodelim_norole_nocot,lusa_95,1,extraction,Santarém,,0.9
qwen3_14b,portuguese,participants,ext_def_exp,temp0.3_nodelim_norole_nocot,lusa_95,1,extraction,distrito de Santarém,,0.8
qwen3_14b,portuguese,participants,ext_def_exp,temp0.3_nodelim_norole_nocot,lusa_95,1,extraction,no distrito de Santarém,,0.8
qwen3_14b,portuguese,participants,ext_def_exp,temp0.3_nodelim_norole_nocot,lusa_95,1,extraction,um morto,,0.7
qwen3_14b,portuguese,participants,ext_def_exp,temp0.3_nodelim_norole_nocot,lusa_95,1,extraction,um ferido grave,,0.7
qwen3_14b,portuguese,participants,ext_def_exp,temp0.3_nodelim_norole_nocot,lusa_95,1,extraction,agência Lusa,,0.9
qwen3_14b,portuguese,participants,ext_def_exp,temp0.3_nodelim_norole_nocot,lusa_95,1,extraction,fonte do Comando Distrital de Operações de Socorro,,0.8
qwen3_14b,portuguese,participants,ext_def_exp,temp0.3_nodelim_norole_nocot,lusa_95,1,extraction,Comando Distrital de Operações de Socorro,,0.9
qwen3_14b,portuguese,participants,ext_def_exp,temp0.3_nodelim_norole_nocot,lusa_95,1,extraction,fonte,,0.7
qwen3_14b,portuguese,participants,ext_def_exp,temp0.3_nodelim_norole_nocot,lusa_95,1,extraction,do Comando Distrital de Operações de Socorro,,0.8
qwen3_14b,portuguese,participants,cls_def_exp,temp0.3_nodelim_norole_nocot,lusa_95,1,classification,Reguengo,Pl_civil,0.9
qwen3_14b,portuguese,participants,cls_def_exp,temp0.3_nodelim_norole_nocot,lusa_95,1,classification,Cartaxo,Pl_civil,0.9
qwen3_14b,portuguese,participants,cls_def_exp,temp0.3_nodelim_norole_nocot,lusa_95,1,classification,Santarém,Pl_civil,0.85
qwen3_14b,portuguese,participants,cls_def_exp,temp0.3_nodelim_norole_nocot,lusa_95,1,classification,distrito de Santarém,Pl_state,0.8
qwen3_14b,portuguese,participants,cls_def_exp,temp0.3_nodelim_norole_nocot,lusa_95,1,classification,no distrito de Santarém,Pl_state,0.8
qwen3_14b,portuguese,participants,cls_def_exp,temp0.3_nodelim_norole_nocot,lusa_95,1,classification,um morto,Per,0.95
qwen3_14b,portuguese,participants,cls_def_exp,temp0.3_nodelim_norole_nocot,lusa_95,1,classification,um ferido grave,Per,0.95
qwen3_14b,portuguese,participants,cls_def_exp,temp0.3_nodelim_norole_nocot,lusa_95,1,classification,agência Lusa,Org,0.95
qwen3_14b,portuguese,participants,cls_def_exp,temp0.3_nodelim_norole_nocot,lusa_95,1,classification,fonte do Comando Distrital de Operações de Socorro,Per,0.8
qwen3_14b,portuguese,participants,cls_def_exp,temp0.3_nodelim_norole_nocot,lusa_95,1,classification,Comando Distrital de Operações de Socorro,Org,0.95
qwen3_14b,portuguese,participants,cls_def_exp,temp0.3_nodelim_norole_nocot,lusa_95,1,classification,fonte,Per,0.9
qwen3_14b,portuguese,participants,cls_def_exp,temp0.3_nodelim_norole_nocot,lusa_95,1,classification,do Comando Distrital de Operações de Socorro,Org,0.8
qwen3_14b,portuguese,participants,sent_def_exp,temp0.3_nodelim_norole_nocot,lusa_95,2,detection,,yes,0.95
qwen3_14b,portuguese,participants,ext_def_exp,temp0.3_nodelim_norole_nocot,lusa_95,2,extraction,a mesma fonte,,0.8
qwen3_14b,portuguese,participants,ext_def_exp,temp0.3_nodelim_norole_nocot,lusa_95,2,extraction,o ferido grave,,0.9
qwen3_14b,portuguese,participants,ext_def_exp,temp0.3_nodelim_norole_nocot,lusa_95,2,extraction,Hospital de São José,,0.95
qwen3_14b,portuguese,participants,ext_def_exp,temp0.3_nodelim_norole_nocot,lusa_95,2,extraction,Lisboa,,0.7
qwen3_14b,portuguese,participants,ext_def_exp,temp0.3_nodelim_norole_nocot,lusa_95,2,extraction,a outra vítima,,0.8
qwen3_14b,portuguese,participants,ext_def_exp,temp0.3_nodelim_norole_nocot,lusa_95,2,extraction,Estrada Nacional 2-3,,0.7
qwen3_14b,portuguese,participants,ext_def_exp,temp0.3_nodelim_norole_nocot,lusa_95,2,extraction,freguesia de Valada,,0.7
qwen3_14b,portuguese,participants,cls_def_exp,temp0.3_nodelim_norole_nocot,lusa_95,2,classification,a mesma fonte,Per,0.95
qwen3_14b,portuguese,participants,cls_def_exp,temp0.3_nodelim_norole_nocot,lusa_95,2,classification,o ferido grave,Per,0.98
qwen3_14b,portuguese,participants,cls_def_exp,temp0.3_nodelim_norole_nocot,lusa_95,2,classification,Hospital de São José,Fac,0.95
qwen3_14b,portuguese,participants,cls_def_exp,temp0.3_nodelim_norole_nocot,lusa_95,2,classification,Lisboa,Pl_capital,0.99
qwen3_14b,portuguese,participants,cls_def_exp,temp0.3_nodelim_norole_nocot,lusa_95,2,classification,a outra vítima,Per,0.97
qwen3_14b,portuguese,participants,cls_def_exp,temp0.3_nodelim_norole_nocot,lusa_95,2,classification,Estrada Nacional 2-3,Path,0.95
qwen3_14b,portuguese,participants,cls_def_exp,temp0.3_nodelim_norole_nocot,lusa_95,2,classification,freguesia de Valada,Pl_civil,0.9
qwen3_14b,portuguese,participants,sent_def_exp,temp0.3_nodelim_norole_nocot,lusa_95,3,detection,,yes,0.95
qwen3_14b,portuguese,participants,ext_def_exp,temp0.3_nodelim_norole_nocot,lusa_95,3,extraction,a GNR de Santarém,,0.95
qwen3_14b,portuguese,participants,ext_def_exp,temp0.3_nodelim_norole_nocot,lusa_95,3,extraction,dois homens,,0.9
qwen3_14b,portuguese,participants,ext_def_exp,temp0.3_nodelim_norole_nocot,lusa_95,3,extraction,um veículo ligeiro,,0.85
qwen3_14b,portuguese,participants,cls_def_exp,temp0.3_nodelim_norole_nocot,lusa_95,3,classification,a GNR de Santarém,Org,0.95
qwen3_14b,portuguese,participants,cls_def_exp,temp0.3_nodelim_norole_nocot,lusa_95,3,classification,dois homens,Per,0.95
qwen3_14b,portuguese,participants,cls_def_exp,temp0.3_nodelim_norole_nocot,lusa_95,3,classification,um veículo ligeiro,Veh,0.95
qwen3_14b,portuguese,participants,sent_def_exp,temp0.3_nodelim_norole_nocot,lusa_95,4,detection,,yes,0.95
qwen3_14b,portuguese,participants,ext_def_exp,temp0.3_nodelim_norole_nocot,lusa_95,4,extraction,a página na Internet da Autoridade Nacional de Emergência e Proteção Civil,,0.9
qwen3_14b,portuguese,participants,ext_def_exp,temp0.3_nodelim_norole_nocot,lusa_95,4,extraction,Autoridade Nacional de Emergência e Proteção Civil,,0.9
qwen3_14b,portuguese,participants,ext_def_exp,temp0.3_nodelim_norole_nocot,lusa_95,4,extraction,13 operacionais,,0.7
qwen3_14b,portuguese,participants,ext_def_exp,temp0.3_nodelim_norole_nocot,lusa_95,4,extraction,cinco viaturas,,0.7
qwen3_14b,portuguese,participants,cls_def_exp,temp0.3_nodelim_norole_nocot,lusa_95,4,classification,a página na Internet da Autoridade Nacional de Emergência e Proteção Civil,Loc,0.8
qwen3_14b,portuguese,participants,cls_def_exp,temp0.3_nodelim_norole_nocot,lusa_95,4,classification,Autoridade Nacional de Emergência e Proteção Civil,Org,0.95
qwen3_14b,portuguese,participants,cls_def_exp,temp0.3_nodelim_norole_nocot,lusa_95,4,classification,13 operacionais,Per,0.9
qwen3_14b,portuguese,participants,cls_def_exp,temp0.3_nodelim_norole_nocot,lusa_95,4,classification,cinco viaturas,Veh,0.95
qwen3_14b,portuguese,participants,sent_def_exp,temp0.3_nodelim_norole_nocot,lusa_98,1,detection,,yes,0.95
qwen3_14b,portuguese,participants,ext_def_exp,temp0.3_nodelim_norole_nocot,lusa_98,1,extraction,A Polícia Judiciária (PJ),,1.0
qwen3_14b,portuguese,participants,ext_def_exp,temp0.3_nodelim_norole_nocot,lusa_98,1,extraction,um casal,,1.0
qwen3_14b,portuguese,participants,ext_def_exp,temp0.3_nodelim_norole_nocot,lusa_98,1,extraction,uma mulher de 69 anos,,1.0
qwen3_14b,portuguese,participants,ext_def_exp,temp0.3_nodelim_norole_nocot,lusa_98,1,extraction,Braga,,1.0
qwen3_14b,portuguese,participants,ext_def_exp,temp0.3_nodelim_norole_nocot,lusa_98,1,extraction,fonte daquela força,,1.0
qwen3_14b,portuguese,participants,ext_def_exp,temp0.3_nodelim_norole_nocot,lusa_98,1,extraction,à Lusa,,1.0
qwen3_14b,portuguese,participants,ext_def_exp,temp0.3_nodelim_norole_nocot,lusa_98,1,extraction,a vítima,,1.0
qwen3_14b,portuguese,participants,ext_def_exp,temp0.3_nodelim_norole_nocot,lusa_98,1,extraction,daquela força,,1.0
qwen3_14b,portuguese,participants,cls_def_exp,temp0.3_nodelim_norole_nocot,lusa_98,1,classification,A Polícia Judiciária (PJ),Org,0.95
qwen3_14b,portuguese,participants,cls_def_exp,temp0.3_nodelim_norole_nocot,lusa_98,1,classification,um casal,Per,0.9
qwen3_14b,portuguese,participants,cls_def_exp,temp0.3_nodelim_norole_nocot,lusa_98,1,classification,uma mulher de 69 anos,Per,0.95
qwen3_14b,portuguese,participants,cls_def_exp,temp0.3_nodelim_norole_nocot,lusa_98,1,classification,Braga,Pl_civil,0.9
qwen3_14b,portuguese,participants,cls_def_exp,temp0.3_nodelim_norole_nocot,lusa_98,1,classification,fonte daquela força,Per,0.8
qwen3_14b,portuguese,participants,cls_def_exp,temp0.3_nodelim_norole_nocot,lusa_98,1,classification,à Lusa,Org,0.95
qwen3_14b,portuguese,participants,cls_def_exp,temp0.3_nodelim_norole_nocot,lusa_98,1,classification,a vítima,Per,0.9
qwen3_14b,portuguese,participants,cls_def_exp,temp0.3_nodelim_norole_nocot,lusa_98,1,classification,daquela força,Org,0.9
qwen3_14b,portuguese,participants,sent_def_exp,temp0.3_nodelim_norole_nocot,lusa_98,2,detection,,yes,0.95
qwen3_14b,portuguese,participants,ext_def_exp,temp0.3_nodelim_norole_nocot,lusa_98,2,extraction,a fonte,,0.7
qwen3_14b,portuguese,participants,ext_def_exp,temp0.3_nodelim_norole_nocot,lusa_98,2,extraction,o elemento masculino do casal,,0.6
qwen3_14b,portuguese,participants,ext_def_exp,temp0.3_nodelim_norole_nocot,lusa_98,2,extraction,a vítima,,0.9
qwen3_14b,portuguese,participants,cls_def_exp,temp0.3_nodelim_norole_nocot,lusa_98,2,classification,a fonte,Per,0.95
qwen3_14b,portuguese,participants,cls_def_exp,temp0.3_nodelim_norole_nocot,lusa_98,2,classification,o elemento masculino do casal,Per,0.9
qwen3_14b,portuguese,participants,cls_def_exp,temp0.3_nodelim_norole_nocot,lusa_98,2,classification,a vítima,Per,0.95
qwen3_14b,portuguese,participants,sent_def_exp,temp0.3_nodelim_norole_nocot,lusa_98,3,detection,,yes,0.95
qwen3_14b,portuguese,participants,ext_def_exp,temp0.3_nodelim_norole_nocot,lusa_98,3,extraction,a vítima,,0.95
qwen3_14b,portuguese,participants,ext_def_exp,temp0.3_nodelim_norole_nocot,lusa_98,3,extraction,os bens,,0.9
qwen3_14b,portuguese,participants,ext_def_exp,temp0.3_nodelim_norole_nocot,lusa_98,3,extraction,a casa,,0.9
qwen3_14b,portuguese,participants,cls_def_exp,temp0.3_nodelim_norole_nocot,lusa_98,3,classification,a vítima,Per,0.95
qwen3_14b,portuguese,participants,cls_def_exp,temp0.3_nodelim_norole_nocot,lusa_98,3,classification,os bens,Obj,0.9
qwen3_14b,portuguese,participants,cls_def_exp,temp0.3_nodelim_norole_nocot,lusa_98,3,classification,a casa,Fac,0.95
qwen3_14b,portuguese,participants,sent_def_exp,temp0.3_nodelim_norole_nocot,lusa_98,4,detection,,yes,0.95
qwen3_14b,portuguese,participants,ext_def_exp,temp0.3_nodelim_norole_nocot,lusa_98,4,extraction,A vítima,,0.95
qwen3_14b,portuguese,participants,ext_def_exp,temp0.3_nodelim_norole_nocot,lusa_98,4,extraction,suspeitos,,0.9
qwen3_14b,portuguese,participants,ext_def_exp,temp0.3_nodelim_norole_nocot,lusa_98,4,extraction,freguesia urbana de Braga,,0.9
qwen3_14b,portuguese,participants,ext_def_exp,temp0.3_nodelim_norole_nocot,lusa_98,4,extraction,Dume,,0.9
qwen3_14b,portuguese,participants,ext_def_exp,temp0.3_nodelim_norole_nocot,lusa_98,4,extraction,Braga,,0.8
qwen3_14b,portuguese,participants,ext_def_exp,temp0.3_nodelim_norole_nocot,lusa_98,4,extraction,caminho,,0.7
qwen3_14b,portuguese,participants,cls_def_exp,temp0.3_nodelim_norole_nocot,lusa_98,4,classification,A vítima,Per,0.95
qwen3_14b,portuguese,participants,cls_def_exp,temp0.3_nodelim_norole_nocot,lusa_98,4,classification,suspeitos,Per,0.9
qwen3_14b,portuguese,participants,cls_def_exp,temp0.3_nodelim_norole_nocot,lusa_98,4,classification,freguesia urbana de Braga,Pl_civil,0.9
qwen3_14b,portuguese,participants,cls_def_exp,temp0.3_nodelim_norole_nocot,lusa_98,4,classification,Dume,Pl_civil,0.85
qwen3_14b,portuguese,participants,cls_def_exp,temp0.3_nodelim_norole_nocot,lusa_98,4,classification,Braga,Pl_capital,0.95
qwen3_14b,portuguese,participants,cls_def_exp,temp0.3_nodelim_norole_nocot,lusa_98,4,classification,caminho,Path,0.8
qwen3_14b,portuguese,participants,sent_def_exp,temp0.3_nodelim_norole_nocot,lusa_98,5,detection,,yes,0.95
qwen3_14b,portuguese,participants,ext_def_exp,temp0.3_nodelim_norole_nocot,lusa_98,5,extraction,Os detidos,,0.9
qwen3_14b,portuguese,participants,ext_def_exp,temp0.3_nodelim_norole_nocot,lusa_98,5,extraction,ele,,0.8
qwen3_14b,portuguese,participants,ext_def_exp,temp0.3_nodelim_norole_nocot,lusa_98,5,extraction,ela,,0.8
qwen3_14b,portuguese,participants,ext_def_exp,temp0.3_nodelim_norole_nocot,lusa_98,5,extraction,Braga,,0.7
qwen3_14b,portuguese,participants,cls_def_exp,temp0.3_nodelim_norole_nocot,lusa_98,5,classification,Os detidos,Per,0.95
qwen3_14b,portuguese,participants,cls_def_exp,temp0.3_nodelim_norole_nocot,lusa_98,5,classification,ele,Per,0.95
qwen3_14b,portuguese,participants,cls_def_exp,temp0.3_nodelim_norole_nocot,lusa_98,5,classification,ela,Per,0.95
qwen3_14b,portuguese,participants,cls_def_exp,temp0.3_nodelim_norole_nocot,lusa_98,5,classification,Braga,Pl_civil,0.95
qwen3_14b,portuguese,participants,sent_def_exp,temp0.3_nodelim_norole_nocot,lusa_98,6,detection,,no,0.75
qwen3_14b,portuguese,participants,sent_def_exp,temp0.3_nodelim_norole_nocot,lusa_98,7,detection,,yes,0.75
qwen3_14b,portuguese,participants,ext_def_exp,temp0.3_nodelim_norole_nocot,lusa_98,7,extraction,they,,0.5
qwen3_14b,portuguese,participants,ext_def_exp,temp0.3_nodelim_norole_nocot,lusa_98,7,extraction,tribunal,,0.8
qwen3_14b,portuguese,participants,cls_def_exp,temp0.3_nodelim_norole_nocot,lusa_98,7,classification,they,Per,0.95
qwen3_14b,portuguese,participants,cls_def_exp,temp0.3_nodelim_norole_nocot,lusa_98,7,classification,tribunal,Fac,0.95
qwen3_14b,portuguese,participants,sent_def_exp,temp0.3_nodelim_norole_nocot,lusa_99,1,detection,,yes,0.95
qwen3_14b,portuguese,participants,ext_def_exp,temp0.3_nodelim_norole_nocot,lusa_99,1,extraction,Um homem de 66 anos,,0.9
qwen3_14b,portuguese,participants,ext_def_exp,temp0.3_nodelim_norole_nocot,lusa_99,1,extraction,Oleiros,,0.9
qwen3_14b,portuguese,participants,ext_def_exp,temp0.3_nodelim_norole_nocot,lusa_99,1,extraction,distrito de Castelo Branco,,0.9
qwen3_14b,portuguese,participants,ext_def_exp,temp0.3_nodelim_norole_nocot,lusa_99,1,extraction,agência Lusa,,0.9
qwen3_14b,portuguese,participants,ext_def_exp,temp0.3_nodelim_norole_nocot,lusa_99,1,extraction,fonte,,0.8
qwen3_14b,portuguese,participants,ext_def_exp,temp0.3_nodelim_norole_nocot,lusa_99,1,extraction,Comando Distrital de Operações de Socorro,,0.95
qwen3_14b,portuguese,participants,ext_def_exp,temp0.3_nodelim_norole_nocot,lusa_99,1,extraction,fonte do Comando Distrital de Operações de Socorro,,0.85
qwen3_14b,portuguese,participants,cls_def_exp,temp0.3_nodelim_norole_nocot,lusa_99,1,classification,Um homem de 66 anos,Per,0.95
qwen3_14b,portuguese,participants,cls_def_exp,temp0.3_nodelim_norole_nocot,lusa_99,1,classification,Oleiros,Pl_civil,0.9
qwen3_14b,portuguese,participants,cls_def_exp,temp0.3_nodelim_norole_nocot,lusa_99,1,classification,distrito de Castelo Branco,Pl_civil,0.95
qwen3_14b,portuguese,participants,cls_def_exp,temp0.3_nodelim_norole_nocot,lusa_99,1,classification,agência Lusa,Org,0.95
qwen3_14b,portuguese,participants,cls_def_exp,temp0.3_nodelim_norole_nocot,lusa_99,1,classification,fonte,Per,0.8
qwen3_14b,portuguese,participants,cls_def_exp,temp0.3_nodelim_norole_nocot,lusa_99,1,classification,Comando Distrital de Operações de Socorro,Org,0.95
qwen3_14b,portuguese,participants,cls_def_exp,temp0.3_nodelim_norole_nocot,lusa_99,1,classification,fonte do Comando Distrital de Operações de Socorro,Per,0.85
qwen3_14b,portuguese,participants,sent_def_exp,temp0.3_nodelim_norole_nocot,lusa_99,2,detection,,yes,0.95
qwen3_14b,portuguese,participants,ext_def_exp,temp0.3_nodelim_norole_nocot,lusa_99,2,extraction,a mesma fonte,,0.8
qwen3_14b,portuguese,participants,ext_def_exp,temp0.3_nodelim_norole_nocot,lusa_99,2,extraction,a vítima,,0.9
qwen3_14b,portuguese,participants,ext_def_exp,temp0.3_nodelim_norole_nocot,lusa_99,2,extraction,Centro Hospitalar e Universitário de Coimbra,,0.95
qwen3_14b,portuguese,participants,ext_def_exp,temp0.3_nodelim_norole_nocot,lusa_99,2,extraction,o Centro Hospitalar e Universitário de Coimbra,,0.95
qwen3_14b,portuguese,participants,cls_def_exp,temp0.3_nodelim_norole_nocot,lusa_99,2,classification,a mesma fonte,Per,0.95
qwen3_14b,portuguese,participants,cls_def_exp,temp0.3_nodelim_norole_nocot,lusa_99,2,classification,a vítima,Per,0.9
qwen3_14b,portuguese,participants,cls_def_exp,temp0.3_nodelim_norole_nocot,lusa_99,2,classification,Centro Hospitalar e Universitário de Coimbra,Fac,0.98
qwen3_14b,portuguese,participants,cls_def_exp,temp0.3_nodelim_norole_nocot,lusa_99,2,classification,o Centro Hospitalar e Universitário de Coimbra,Fac,0.98
qwen3_14b,portuguese,participants,sent_def_exp,temp0.3_nodelim_norole_nocot,lusa_99,3,detection,,yes,0.95
qwen3_14b,portuguese,participants,ext_def_exp,temp0.3_nodelim_norole_nocot,lusa_99,3,extraction,bombeiros,,0.9
qwen3_14b,portuguese,participants,ext_def_exp,temp0.3_nodelim_norole_nocot,lusa_99,3,extraction,uma habitação,,0.8
qwen3_14b,portuguese,participants,cls_def_exp,temp0.3_nodelim_norole_nocot,lusa_99,3,classification,bombeiros,Per,0.95
qwen3_14b,portuguese,participants,cls_def_exp,temp0.3_nodelim_norole_nocot,lusa_99,3,classification,uma habitação,Fac,0.85
qwen3_14b,portuguese,participants,sent_def_exp,temp0.3_nodelim_norole_nocot,lusa_99,4,detection,,yes,0.95
qwen3_14b,portuguese,participants,ext_def_exp,temp0.3_nodelim_norole_nocot,lusa_99,4,extraction,quatro operacionais,,0.9
qwen3_14b,portuguese,participants,ext_def_exp,temp0.3_nodelim_norole_nocot,lusa_99,4,extraction,duas viaturas,,0.9
qwen3_14b,portuguese,participants,cls_def_exp,temp0.3_nodelim_norole_nocot,lusa_99,4,classification,quatro operacionais,Per,0.95
qwen3_14b,portuguese,participants,cls_def_exp,temp0.3_nodelim_norole_nocot,lusa_99,4,classification,duas viaturas,Veh,0.95
