model,language,entity,template,variation,doc_id,sentence_id,stage,item,label,confidence
qwen3_14b,english,participants,sent_def_exp,temp0.3_nodelim_norole_nocot,lusa_1,1,detection,,yes,0.95
qwen3_14b,english,participants,ext_def_exp,temp0.3_nodelim_norole_nocot,lusa_1,1,extraction,GNR,,0.9
qwen3_14b,english,participants,ext_def_exp,temp0.3_nodelim_norole_nocot,lusa_1,1,extraction,bar,,0.8
qwen3_14b,english,participants,ext_def_exp,temp0.3_nodelim_norole_nocot,lusa_1,1,extraction,Corotelo,,0.9
qwen3_14b,english,participants,ext_def_exp,temp0.3_nodelim_norole_nocot,lusa_1,1,extraction,São Brás de Alportel,,0.9
qwen3_14b,english,participants,ext_def_exp,temp0.3_nodelim_norole_nocot,lusa_1,1,extraction,50 people,,0.8
qwen3_14b,english,participants,cls_def_exp,temp0.3_nodelim_norole_nocot,lusa_1,1,classification,GNR,Org,0.95
qwen3_14b,english,participants,cls_def_exp,temp0.3_nodelim_norole_nocot,lusa_1,1,classification,bar,Fac,0.9
qwen3_14b,english,participants,cls_def_exp,temp0.3_nodelim_norole_nocot,lusa_1,1,classification,Corotelo,Pl_civil,0.85
qwen3_14b,english,participants,cls_def_exp,temp0.3_nodelim_norole_nocot,lusa_1,1,classification,São Brás de Alportel,Pl_civil,0.9
qwen3_14b,english,participants,cls_def_exp,temp0.3_nodelim_norole_nocot,lusa_1,1,classification,50 people,Per,0.85
qwen3_14b,english,participants,sent_def_exp,temp0.3_nodelim_norole_nocot,lusa_1,2,detection,,yes,0.95
qwen3_14b,english,participants,ext_def_exp,temp0.3_nodelim_norole_nocot,lusa_1,2,extraction,Faro Territorial Command of the GNR,,0.95
qwen3_14b,english,participants,ext_def_exp,temp0.3_nodelim_norole_nocot,lusa_1,2,extraction,GNR,,0.8
qwen3_14b,english,participants,ext_def_exp,temp0.3_nodelim_norole_nocot,lusa_1,2,extraction,São de Alportel Territorial Post,,0.9
qwen3_14b,english,participants,ext_def_exp,temp0.3_nodelim_norole_nocot,lusa_1,2,extraction,soldiers,,0.7
qwen3_14b,english,participants,ext_def_exp,temp0.3_nodelim_norole_nocot,lusa_1,2,extraction,drinking establishment,,0.8
qwen3_14b,english,participants,cls_def_exp,temp0.3_nodelim_norole_nocot,lusa_1,2,classification,Faro Territorial Command of the GNR,Org,0.95
qwen3_14b,english,participants,cls_def_exp,temp0.3_nodelim_norole_nocot,lusa_1,2,classification,GNR,Org,0.9
qwen3_14b,english,participants,cls_def_exp,temp0.3_nodelim_norole_nocot,lusa_1,2,classification,São de Alportel Territorial Post,Org,0.75
qwen3_14b,english,participants,cls_def_exp,temp0.3_nodelim_norole_nocot,lusa_1,2,classification,soldiers,Per,0.95
qwen3_14b,english,participants,cls_def_exp,temp0.3_nodelim_norole_nocot,lusa_1,2,classification,drinking establishment,Fac,0.85
qwen3_14b,english,participants,sent_def_exp,temp0.3_nodelim_norole_nocot,lusa_1,3,detection,,yes,0.95
qwen3_14b,english,participants,ext_def_exp,temp0.3_nodelim_norole_nocot,lusa_1,3,extraction,the military,,0.95
qwen3_14b,english,participants,ext_def_exp,temp0.3_nodelim_norole_nocot,lusa_1,3,extraction,people,,0.9
qwen3_14b,english,participants,ext_def_exp,temp0.3_nodelim_norole_nocot,lusa_1,3,extraction,covid-19 pandemic,,0.7
qwen3_14b,english,participants,cls_def_exp,temp0.3_nodelim_norole_nocot,lusa_1,3,classification,the military,Org,0.95
qwen3_14b,english,participants,cls_def_exp,temp0.3_nodelim_norole_nocot,lusa_1,3,classification,people,Per,0.95
qwen3_14b,english,participants,cls_def_exp,temp0.3_nodelim_norole_nocot,lusa_1,3,classification,covid-19 pandemic,Other,0.85
qwen3_14b,english,participants,sent_def_exp,temp0.3_nodelim_norole_nocot,lusa_1,4,detection,,yes,0.95
qwen3_14b,english,participants,ext_def_exp,temp0.3_nodelim_norole_nocot,lusa_1,4,extraction,note,,0.9
qwen3_14b,english,participants,ext_def_exp,temp0.3_nodelim_norole_nocot,lusa_1,4,extraction,owner,,0.9
qwen3_14b,english,participants,ext_def_exp,temp0.3_nodelim_norole_nocot,lusa_1,4,extraction,administrative offense notice,,0.8
qwen3_14b,english,participants,cls_def_exp,temp0.3_nodelim_norole_nocot,lusa_1,4,classification,note,Obj,0.9
qwen3_14b,english,participants,cls_def_exp,temp0.3_nodelim_norole_nocot,lusa_1,4,classification,owner,Per,0.95
qwen3_14b,english,participants,cls_def_exp,temp0.3_nodelim_norole_nocot,lusa_1,4,classification,administrative offense notice,Obj,0.85
qwen3_14b,english,participants,sent_def_exp,temp0.3_nodelim_norole_nocot,lusa_101,1,detection,,yes,0.95
qwen3_14b,english,participants,ext_def_exp,temp0.3_nodelim_norole_nocot,lusa_101,1,extraction,The Viana do Castelo Court,,0.95
qwen3_14b,english,participants,ext_def_exp,temp0.3_nodelim_norole_nocot,lusa_101,1,extraction,a 36-year-old man,,0.9
qwen3_14b,english,participants,ext_def_exp,temp0.3_nodelim_norole_nocot,lusa_101,1,extraction,another man,,0.9
qwen3_14b,english,participants,cls_def_exp,temp0.3_nodelim_norole_nocot,lusa_101,1,classification,The Viana do Castelo Court,Org,0.95
qwen3_14b,english,participants,cls_def_exp,temp0.3_nodelim_norole_nocot,lusa_101,1,classification,a 36-year-old man,Per,0.95
qwen3_14b,english,participants,cls_def_exp,temp0.3_nodelim_norole_nocot,lusa_101,1,classification,another man,Per,0.95
qwen3_14b,english,participants,sent_def_exp,temp0.3_nodelim_norole_nocot,lusa_101,2,detection,,yes,0.95
qwen3_14b,english,participants,ext_def_exp,temp0.3_nodelim_norole_nocot,lusa_101,2,extraction,The man,,0.9
qwen3_14b,english,participants,ext_def_exp,temp0.3_nodelim_norole_nocot,lusa_101,2,extraction,qualified murder,,0.8
qwen3_14b,english,participants,ext_def_exp,temp0.3_nodelim_norole_nocot,lusa_101,2,extraction,simple murder,,0.8
qwen3_14b,english,participants,ext_def_exp,temp0.3_nodelim_norole_nocot,lusa_101,2,extraction,murder weapon,,0.9
qwen3_14b,english,participants,ext_def_exp,temp0.3_nodelim_norole_nocot,lusa_101,2,extraction,the murder weapon,,0.9
qwen3_14b,english,participants,cls_def_exp,temp0.3_nodelim_norole_nocot,lusa_101,2,classification,The man,Per,0.95
qwen3_14b,english,participants,cls_def_exp,temp0.3_nodelim_norole_nocot,lusa_101,2,classification,qualified murder,Other,0.7
qwen3_14b,english,participants,cls_def_exp,temp0.3_nodelim_norole_nocot,lusa_101,2,classification,simple murder,Other,0.7
qwen3_14b,english,participants,cls_def_exp,temp0.3_nodelim_norole_nocot,lusa_101,2,classification,murder weapon,Obj,0.95
qwen3_14b,english,participants,cls_def_exp,temp0.3_nodelim_norole_nocot,lusa_101,2,classification,the murder weapon,Obj,0.95
qwen3_14b,english,participants,sent_def_exp,temp0.3_nodelim_norole_nocot,lusa_101,3,detection,,yes,0.95
qwen3_14b,english,participants,ext_def_exp,temp0.3_nodelim_norole_nocot,lusa_101,3,extraction,presiding judge of the panel,,0.9
qwen3_14b,english,participants,ext_def_exp,temp0.3_nodelim_norole_nocot,lusa_101,3,extraction,the defendant,,0.9
qwen3_14b,english,participants,ext_def_exp,temp0.3_nodelim_norole_nocot,lusa_101,3,extraction,the courtroom,,0.8
qwen3_14b,english,participants,ext_def_exp,temp0.3_nodelim_norole_nocot,lusa_101,3,extraction,one crime of harm to qualified physical integrity,,0.8
qwen3_14b,english,participants,ext_def_exp,temp0.3_nodelim_norole_nocot,lusa_101,3,extraction,possession of a prohibited weapon,,0.8
qwen3_14b,english,participants,ext_def_exp,temp0.3_nodelim_norole_nocot,lusa_101,3,extraction,pre-trial detention,,0.7
qwen3_14b,english,participants,cls_def_exp,temp0.3_nodelim_norole_nocot,lusa_101,3,classification,presiding judge of the panel,Per,0.95
qwen3_14b,english,participants,cls_def_exp,temp0.3_nodelim_norole_nocot,lusa_101,3,classification,the defendant,Per,0.98
qwen3_14b,english,participants,cls_def_exp,temp0.3_nodelim_norole_nocot,lusa_101,3,classification,the courtroom,Fac,0.9
qwen3_14b,english,participants,cls_def_exp,temp0.3_nodelim_norole_nocot,lusa_101,3,classification,one crime of harm to qualified physical integrity,Other,0.7
qwen3_14b,english,participants,cls_def_exp,temp0.3_nodelim_norole_nocot,lusa_101,3,classification,possession of a prohibited weapon,Other,0.7
qwen3_14b,english,participants,cls_def_exp,temp0.3_nodelim_norole_nocot,lusa_101,3,classification,pre-trial detention,Other,0.8
qwen3_14b,english,participants,sent_def_exp,temp0.3_nodelim_norole_nocot,lusa_101,4,detection,,yes,0.95
qwen3_14b,english,participants,ext_def_exp,temp0.3_nodelim_norole_nocot,lusa_101,4,extraction,The judge,,1.0
qwen3_14b,english,participants,ext_def_exp,temp0.3_nodelim_norole_nocot,lusa_101,4,extraction,the documentary and testimonial evidence,,0.7
qwen3_14b,english,participants,ext_def_exp,temp0.3_nodelim_norole_nocot,lusa_101,4,extraction,the trial,,0.5
qwen3_14b,english,participants,ext_def_exp,temp0.3_nodelim_norole_nocot,lusa_101,4,extraction,those two crimes,,0.6
qwen3_14b,english,participants,cls_def_exp,temp0.3_nodelim_norole_nocot,lusa_101,4,classification,The judge,Per,0.95
qwen3_14b,english,participants,cls_def_exp,temp0.3_nodelim_norole_nocot,lusa_101,4,classification,the documentary and testimonial evidence,Obj,0.9
qwen3_14b,english,participants,cls_def_exp,temp0.3_nodelim_norole_nocot,lusa_101,4,classification,the trial,Other,0.7
qwen3_14b,english,participants,cls_def_exp,temp0.3_nodelim_norole_nocot,lusa_101,4,classification,those two crimes,Other,0.6
qwen3_14b,english,participants,sent_def_exp,temp0.3_nodelim_norole_nocot,lusa_101,5,detection,,yes,0.95
qwen3_14b,english,participants,ext_def_exp,temp0.3_nodelim_norole_nocot,lusa_101,5,extraction,The collective,,0.95
qwen3_14b,english,participants,ext_def_exp,temp0.3_nodelim_norole_nocot,lusa_101,5,extraction,the man,,0.95
qwen3_14b,english,participants,ext_def_exp,temp0.3_nodelim_norole_nocot,lusa_101,5,extraction,the mother of the fatal victim,,0.9
qwen3_14b,english,participants,ext_def_exp,temp0.3_nodelim_norole_nocot,lusa_101,5,extraction,the fatal victim,,0.9
qwen3_14b,english,participants,cls_def_exp,temp0.3_nodelim_norole_nocot,lusa_101,5,classification,The collective,Org,0.8
qwen3_14b,english,participants,cls_def_exp,temp0.3_nodelim_norole_nocot,lusa_101,5,classification,the man,Per,1.0
qwen3_14b,english,participants,cls_def_exp,temp0.3_nodelim_norole_nocot,lusa_101,5,classification,the mother of the fatal victim,Per,1.0
qwen3_14b,english,participants,cls_def_exp,temp0.3_nodelim_norole_nocot,lusa_101,5,classification,the fatal victim,Per,1.0
qwen3_14b,english,participants,sent_def_exp,temp0.3_nodelim_norole_nocot,lusa_102,1,detection,,yes,0.95
qwen3_14b,english,participants,ext_def_exp,temp0.3_nodelim_norole_nocot,lusa_102,1,extraction,A 68-year-old man,,0.95
qwen3_14b,english,participants,ext_def_exp,temp0.3_nodelim_norole_nocot,lusa_102,1,extraction,Tagus River,,0.5
qwen3_14b,english,participants,ext_def_exp,temp0.3_nodelim_norole_nocot,lusa_102,1,extraction,Cais das Colunas,,0.5
qwen3_14b,english,participants,ext_def_exp,temp0.3_nodelim_norole_nocot,lusa_102,1,extraction,Lisbon,,0.5
qwen3_14b,english,participants,ext_def_exp,temp0.3_nodelim_norole_nocot,lusa_102,1,extraction,another individual,,0.9
qwen3_14b,english,participants,ext_def_exp,temp0.3_nodelim_norole_nocot,lusa_102,1,extraction,São José Hospital,,0.85
qwen3_14b,english,participants,cls_def_exp,temp0.3_nodelim_norole_nocot,lusa_102,1,classification,A 68-year-old man,Per,0.95
qwen3_14b,english,participants,cls_def_exp,temp0.3_nodelim_norole_nocot,lusa_102,1,classification,Tagus River,Pl_water,0.9
qwen3_14b,english,participants,cls_def_exp,temp0.3_nodelim_norole_nocot,lusa_102,1,classification,Cais das Colunas,Fac,0.85
qwen3_14b,english,participants,cls_def_exp,temp0.3_nodelim_norole_nocot,lusa_102,1,classification,Lisbon,Pl_capital,0.95
qwen3_14b,english,participants,cls_def_exp,temp0.3_nodelim_norole_nocot,lusa_102,1,classification,another individual,Per,0.9
qwen3_14b,english,participants,cls_def_exp,temp0.3_nodelim_norole_nocot,lusa_102,1,classification,São José Hospital,Fac,0.95
qwen3_14b,english,participants,sent_def_exp,temp0.3_nodelim_norole_nocot,lusa_102,2,detection,,yes,0.95
qwen3_14b,english,participants,ext_def_exp,temp0.3_nodelim_norole_nocot,lusa_102,2,extraction,An official source,,0.8
qwen3_14b,english,participants,ext_def_exp,temp0.3_nodelim_norole_nocot,lusa_102,2,extraction,Maritime Police,,0.9
qwen3_14b,english,participants,ext_def_exp,temp0.3_nodelim_norole_nocot,lusa_102,2,extraction,Lusa,,0.9
qwen3_14b,english,participants,ext_def_exp,temp0.3_nodelim_norole_nocot,lusa_102,2,extraction,the man,,0.8
qwen3_14b,english,participants,ext_def_exp,temp0.3_nodelim_norole_nocot,lusa_102,2,extraction,cardiorespiratory resuscitation,,0.5
qwen3_14b,english,participants,cls_def_exp,temp0.3_nodelim_norole_nocot,lusa_102,2,classification,An official source,Per,0.9
qwen3_14b,english,participants,cls_def_exp,temp0.3_nodelim_norole_nocot,lusa_102,2,classification,Maritime Police,Org,0.95
qwen3_14b,english,participants,cls_def_exp,temp0.3_nodelim_norole_nocot,lusa_102,2,classification,Lusa,Org,0.9
qwen3_14b,english,participants,cls_def_exp,temp0.3_nodelim_norole_nocot,lusa_102,2,classification,the man,Per,0.95
qwen3_14b,english,participants,cls_def_exp,temp0.3_nodelim_norole_nocot,lusa_102,2,classification,cardiorespiratory resuscitation,Other,0.7
qwen3_14b,english,participants,sent_def_exp,temp0.3_nodelim_norole_nocot,lusa_102,3,detection,,yes,0.95
qwen3_14b,english,participants,ext_def_exp,temp0.3_nodelim_norole_nocot,lusa_102,3,extraction,another passerby,,0.95
qwen3_14b,english,participants,ext_def_exp,temp0.3_nodelim_norole_nocot,lusa_102,3,extraction,the man in difficulties,,0.9
qwen3_14b,english,participants,cls_def_exp,temp0.3_nodelim_norole_nocot,lusa_102,3,classification,another passerby,Per,0.95
qwen3_14b,english,participants,cls_def_exp,temp0.3_nodelim_norole_nocot,lusa_102,3,classification,the man in difficulties,Per,0.95
qwen3_14b,english,participants,sent_def_exp,temp0.3_nodelim_norole_nocot,lusa_102,4,detection,,yes,0.95
qwen3_14b,english,participants,ext_def_exp,temp0.3_nodelim_norole_nocot,lusa_102,4,extraction,The 68-year-old citizen,,0.95
qwen3_14b,english,participants,ext_def_exp,temp0.3_nodelim_norole_nocot,lusa_102,4,extraction,ambulance,,0.75
qwen3_14b,english,participants,ext_def_exp,temp0.3_nodelim_norole_nocot,lusa_102,4,extraction,National Institute of Medical Emergency (INEM),,0.9
qwen3_14b,english,participants,ext_def_exp,temp0.3_nodelim_norole_nocot,lusa_102,4,extraction,São José Hospital,,0.9
qwen3_14b,english,participants,cls_def_exp,temp0.3_nodelim_norole_nocot,lusa_102,4,classification,The 68-year-old citizen,Per,0.95
qwen3_14b,english,participants,cls_def_exp,temp0.3_nodelim_norole_nocot,lusa_102,4,classification,ambulance,Veh,0.9
qwen3_14b,english,participants,cls_def_exp,temp0.3_nodelim_norole_nocot,lusa_102,4,classification,National Institute of Medical Emergency (INEM),Org,0.95
qwen3_14b,english,participants,cls_def_exp,temp0.3_nodelim_norole_nocot,lusa_102,4,classification,São José Hospital,Fac,0.9
qwen3_14b,english,participants,sent_def_exp,temp0.3_nodelim_norole_nocot,lusa_103,1,detection,,yes,0.95
qwen3_14b,english,participants,ext_def_exp,temp0.3_nodelim_norole_nocot,lusa_103,1,extraction,The Judicial Police,,0.95
qwen3_14b,english,participants,ext_def_exp,temp0.3_nodelim_norole_nocot,lusa_103,1,extraction,a man aged around 60,,0.9
qwen3_14b,english,participants,ext_def_exp,temp0.3_nodelim_norole_nocot,lusa_103,1,extraction,Gandarela,,0.8
qwen3_14b,english,participants,ext_def_exp,temp0.3_nodelim_norole_nocot,lusa_103,1,extraction,Celorico de Basto,,0.8
qwen3_14b,english,participants,ext_def_exp,temp0.3_nodelim_norole_nocot,lusa_103,1,extraction,the district of Braga,,0.8
qwen3_14b,english,participants,ext_def_exp,temp0.3_nodelim_norole_nocot,lusa_103,1,extraction,a police source,,0.85
qwen3_14b,english,participants,ext_def_exp,temp0.3_nodelim_norole_nocot,lusa_103,1,extraction,source,,0.8
qwen3_14b,english,participants,cls_def_exp,temp0.3_nodelim_norole_nocot,lusa_103,1,classification,The Judicial Police,Org,0.95
qwen3_14b,english,participants,cls_def_exp,temp0.3_nodelim_norole_nocot,lusa_103,1,classification,a man aged around 60,Per,0.9
qwen3_14b,english,participants,cls_def_exp,temp0.3_nodelim_norole_nocot,lusa_103,1,classification,Gandarela,Pl_civil,0.8
qwen3_14b,english,participants,cls_def_exp,temp0.3_nodelim_norole_nocot,lusa_103,1,classification,Celorico de Basto,Pl_civil,0.8
qwen3_14b,english,participants,cls_def_exp,temp0.3_nodelim_norole_nocot,lusa_103,1,classification,the district of Braga,Pl_state,0.9
qwen3_14b,english,participants,cls_def_exp,temp0.3_nodelim_norole_nocot,lusa_103,1,classification,a police source,Per,0.85
qwen3_14b,english,participants,cls_def_exp,temp0.3_nodelim_norole_nocot,lusa_103,1,classification,source,Per,0.8
qwen3_14b,english,participants,sent_def_exp,temp0.3_nodelim_norole_nocot,lusa_103,2,detection,,yes,0.95
qwen3_14b,english,participants,ext_def_exp,temp0.3_nodelim_norole_nocot,lusa_103,2,extraction,A source,,0.8
qwen3_14b,english,participants,ext_def_exp,temp0.3_nodelim_norole_nocot,lusa_103,2,extraction,National Institute of Medical Emergency (INEM),,0.95
qwen3_14b,english,participants,ext_def_exp,temp0.3_nodelim_norole_nocot,lusa_103,2,extraction,Lusa,,0.9
qwen3_14b,english,participants,ext_def_exp,temp0.3_nodelim_norole_nocot,lusa_103,2,extraction,Gandarela case,,0.7
qwen3_14b,english,participants,ext_def_exp,temp0.3_nodelim_norole_nocot,lusa_103,2,extraction,municipality of Celorico de Basto,,0.8
qwen3_14b,english,participants,ext_def_exp,temp0.3_nodelim_norole_nocot,lusa_103,2,extraction,a person,,0.7
qwen3_14b,english,participants,cls_def_exp,temp0.3_nodelim_norole_nocot,lusa_103,2,classification,A source,Per,0.95
qwen3_14b,english,participants,cls_def_exp,temp0.3_nodelim_norole_nocot,lusa_103,2,classification,National Institute of Medical Emergency (INEM),Org,0.98
qwen3_14b,english,participants,cls_def_exp,temp0.3_nodelim_norole_nocot,lusa_103,2,classification,Lusa,Org,0.95
qwen3_14b,english,participants,cls_def_exp,temp0.3_nodelim_norole_nocot,lusa_103,2,classification,Gandarela case,Other,0.65
qwen3_14b,english,participants,cls_def_exp,temp0.3_nodelim_norole_nocot,lusa_103,2,classification,municipality of Celorico de Basto,Pl_civil,0.95
qwen3_14b,english,participants,cls_def_exp,temp0.3_nodelim_norole_nocot,lusa_103,2,classification,a person,Per,0.98
qwen3_14b,english,participants,sent_def_exp,temp0.3_nodelim_norole_nocot,lusa_103,3,detection,,yes,0.95
qwen3_14b,english,participants,ext_def_exp,temp0.3_nodelim_norole_nocot,lusa_103,3,extraction,rescuers,,0.8
qwen3_14b,english,participants,ext_def_exp,temp0.3_nodelim_norole_nocot,lusa_103,3,extraction,local Red Cross,,0.9
qwen3_14b,english,participants,ext_def_exp,temp0.3_nodelim_norole_nocot,lusa_103,3,extraction,he,,0.5
qwen3_14b,english,participants,ext_def_exp,temp0.3_nodelim_norole_nocot,lusa_103,3,extraction,him,,0.5
qwen3_14b,english,participants,cls_def_exp,temp0.3_nodelim_norole_nocot,lusa_103,3,classification,rescuers,Per,0.95
qwen3_14b,english,participants,cls_def_exp,temp0.3_nodelim_norole_nocot,lusa_103,3,classification,local Red Cross,Org,0.9
qwen3_14b,english,participants,cls_def_exp,temp0.3_nodelim_norole_nocot,lusa_103,3,classification,he,Per,0.95
qwen3_14b,english,participants,cls_def_exp,temp0.3_nodelim_norole_nocot,lusa_103,3,classification,him,Per,0.95
qwen3_14b,english,participants,sent_def_exp,temp0.3_nodelim_norole_nocot,lusa_103,4,detection,,yes,0.95
qwen3_14b,english,participants,ext_def_exp,temp0.3_nodelim_norole_nocot,lusa_103,4,extraction,The man,,0.95
qwen3_14b,english,participants,ext_def_exp,temp0.3_nodelim_norole_nocot,lusa_103,4,extraction,public road,,0.7
qwen3_14b,english,participants,cls_def_exp,temp0.3_nodelim_norole_nocot,lusa_103,4,classification,The man,Per,0.95
qwen3_14b,english,participants,cls_def_exp,temp0.3_nodelim_norole_nocot,lusa_103,4,classification,public road,Path,0.85
qwen3_14b,english,participants,sent_def_exp,temp0.3_nodelim_norole_nocot,lusa_103,5,detection,,yes,0.95
qwen3_14b,english,participants,ext_def_exp,temp0.3_nodelim_norole_nocot,lusa_103,5,extraction,the body,,0.95
qwen3_14b,english,participants,ext_def_exp,temp0.3_nodelim_norole_nocot,lusa_103,5,extraction,Guimarães morgue,,0.9
qwen3_14b,english,participants,cls_def_exp,temp0.3_nodelim_norole_nocot,lusa_103,5,classification,the body,Obj,0.9
qwen3_14b,english,participants,cls_def_exp,temp0.3_nodelim_norole_nocot,lusa_103,5,classification,Guimarães morgue,Fac,0.95
qwen3_14b,english,participants,sent_def_exp,temp0.3_nodelim_norole_nocot,lusa_105,1,detection,,yes,0.95
qwen3_14b,english,participants,ext_def_exp,temp0.3_nodelim_norole_nocot,lusa_105,1,extraction,A 31-year-old man,,0.95
qwen3_14b,english,participants,ext_def_exp,temp0.3_nodelim_norole_nocot,lusa_105,1,extraction,the shooter,,0.9
qwen3_14b,english,participants,ext_def_exp,temp0.3_nodelim_norole_nocot,lusa_105,1,extraction,Gulpilhares,,0.8
qwen3_14b,english,participants,ext_def_exp,temp0.3_nodelim_norole_nocot,lusa_105,1,extraction,Vila Nova de Gaia,,0.8
qwen3_14b,english,participants,ext_def_exp,temp0.3_nodelim_norole_nocot,lusa_105,1,extraction,police source,,0.8
qwen3_14b,english,participants,cls_def_exp,temp0.3_nodelim_norole_nocot,lusa_105,1,classification,A 31-year-old man,Per,0.95
qwen3_14b,english,participants,cls_def_exp,temp0.3_nodelim_norole_nocot,lusa_105,1,classification,the shooter,Per,0.9
qwen3_14b,english,participants,cls_def_exp,temp0.3_nodelim_norole_nocot,lusa_105,1,classification,Gulpilhares,Pl_civil,0.85
qwen3_14b,english,participants,cls_def_exp,temp0.3_nodelim_norole_nocot,lusa_105,1,classification,Vila Nova de Gaia,Pl_civil,0.9
qwen3_14b,english,participants,cls_def_exp,temp0.3_nodelim_norole_nocot,lusa_105,1,classification,police source,Org,0.95
qwen3_14b,english,participants,sent_def_exp,temp0.3_nodelim_norole_nocot,lusa_105,2,detection,,yes,0.95
qwen3_14b,english,participants,ext_def_exp,temp0.3_nodelim_norole_nocot,lusa_105,2,extraction,The victim,,0.9
qwen3_14b,english,participants,ext_def_exp,temp0.3_nodelim_norole_nocot,lusa_105,2,extraction,Santos Silva hospital,,0.9
qwen3_14b,english,participants,ext_def_exp,temp0.3_nodelim_norole_nocot,lusa_105,2,extraction,Vila de Gaia,,0.8
qwen3_14b,english,participants,ext_def_exp,temp0.3_nodelim_norole_nocot,lusa_105,2,extraction,district of Porto,,0.7
qwen3_14b,english,participants,ext_def_exp,temp0.3_nodelim_norole_nocot,lusa_105,2,extraction,firefighters from Valadares,,0.8
qwen3_14b,english,participants,ext_def_exp,temp0.3_nodelim_norole_nocot,lusa_105,2,extraction,Valadares,,0.7
qwen3_14b,english,participants,ext_def_exp,temp0.3_nodelim_norole_nocot,lusa_105,2,extraction,source,,0.8
qwen3_14b,english,participants,cls_def_exp,temp0.3_nodelim_norole_nocot,lusa_105,2,classification,The victim,Per,0.95
qwen3_14b,english,participants,cls_def_exp,temp0.3_nodelim_norole_nocot,lusa_105,2,classification,Santos Silva hospital,Fac,0.9
qwen3_14b,english,participants,cls_def_exp,temp0.3_nodelim_norole_nocot,lusa_105,2,classification,Vila de Gaia,Pl_civil,0.9
qwen3_14b,english,participants,cls_def_exp,temp0.3_nodelim_norole_nocot,lusa_105,2,classification,district of Porto,Pl_civil,0.8
qwen3_14b,english,participants,cls_def_exp,temp0.3_nodelim_norole_nocot,lusa_105,2,classification,firefighters from Valadares,Org,0.75
qwen3_14b,english,participants,cls_def_exp,temp0.3_nodelim_norole_nocot,lusa_105,2,classification,Valadares,Pl_civil,0.9
qwen3_14b,english,participants,cls_def_exp,temp0.3_nodelim_norole_nocot,lusa_105,2,classification,source,Per,0.9
qwen3_14b,english,participants,sent_def_exp,temp0.3_nodelim_norole_nocot,lusa_105,3,detection,,yes,0.95
qwen3_14b,english,participants,ext_def_exp,temp0.3_nodelim_norole_nocot,lusa_105,3,extraction,person,,1.0
qwen3_14b,english,participants,cls_def_exp,temp0.3_nodelim_norole_nocot,lusa_105,3,classification,person,Per,1.0
qwen3_14b,english,participants,sent_def_exp,temp0.3_nodelim_norole_nocot,lusa_105,4,detection,,yes,0.95
qwen3_14b,english,participants,ext_def_exp,temp0.3_nodelim_norole_nocot,lusa_105,4,extraction,authorities,,0.7
qwen3_14b,english,participants,ext_def_exp,temp0.3_nodelim_norole_nocot,lusa_105,4,extraction,Judiciary Police,,0.9
qwen3_14b,english,participants,ext_def_exp,temp0.3_nodelim_norole_nocot,lusa_105,4,extraction,criminal police body,,0.6
qwen3_14b,english,participants,cls_def_exp,temp0.3_nodelim_norole_nocot,lusa_105,4,classification,authorities,Org,0.95
qwen3_14b,english,participants,cls_def_exp,temp0.3_nodelim_norole_nocot,lusa_105,4,classification,Judiciary Police,Org,0.9
qwen3_14b,english,participants,cls_def_exp,temp0.3_nodelim_norole_nocot,lusa_105,4,classification,criminal police body,Org,0.85
qwen3_14b,english,participants,sent_def_exp,temp0.3_nodelim_norole_nocot,lusa_105,5,detection,,no,0.95
qwen3_14b,english,participants,sent_def_exp,temp0.3_nodelim_norole_nocot,lusa_106,1,detection,,yes,0.98
qwen3_14b,english,participants,ext_def_exp,temp0.3_nodelim_norole_nocot,lusa_106,1,extraction,A 52-year-old man,,0.95
qwen3_14b,english,participants,ext_def_exp,temp0.3_nodelim_norole_nocot,lusa_106,1,extraction,another,,0.85
qwen3_14b,english,participants,ext_def_exp,temp0.3_nodelim_norole_nocot,lusa_106,1,extraction,truck,,0.9
qwen3_14b,english,participants,ext_def_exp,temp0.3_nodelim_norole_nocot,lusa_106,1,extraction,electricity pole,,0.8
qwen3_14b,english,participants,ext_def_exp,temp0.3_nodelim_norole_nocot,lusa_106,1,extraction,Rua da Constitution,,0.85
qwen3_14b,english,participants,ext_def_exp,temp0.3_nodelim_norole_nocot,lusa_106,1,extraction,Porto,,0.8
qwen3_14b,english,participants,ext_def_exp,temp0.3_nodelim_norole_nocot,lusa_106,1,extraction,PSP source,,0.9
qwen3_14b,english,participants,ext_def_exp,temp0.3_nodelim_norole_nocot,lusa_106,1,extraction,Lusa.,,0.9
qwen3_14b,english,participants,cls_def_exp,temp0.3_nodelim_norole_nocot,lusa_106,1,classification,A 52-year-old man,Per,0.95
qwen3_14b,english,participants,cls_def_exp,temp0.3_nodelim_norole_nocot,lusa_106,1,classification,another,Per,0.85
qwen3_14b,english,participants,cls_def_exp,temp0.3_nodelim_norole_nocot,lusa_106,1,classification,truck,Veh,0.95
qwen3_14b,english,participants,cls_def_exp,temp0.3_nodelim_norole_nocot,lusa_106,1,classification,electricity pole,Obj,0.9
qwen3_14b,english,participants,cls_def_exp,temp0.3_nodelim_norole_nocot,lusa_106,1,classification,Rua da Constitution,Path,0.95
qwen3_14b,english,participants,cls_def_exp,temp0.3_nodelim_norole_nocot,lusa_106,1,classification,Porto,Pl_civil,0.95
qwen3_14b,english,participants,cls_def_exp,temp0.3_nodelim_norole_nocot,lusa_106,1,classification,PSP source,Org,0.9
qwen3_14b,english,participants,cls_def_exp,temp0.3_nodelim_norole_nocot,lusa_106,1,classification,Lusa.,Org,0.95
qwen3_14b,english,participants,sent_def_exp,temp0.3_nodelim_norole_nocot,lusa_106,2,detection,,yes,0.95
qwen3_14b,english,participants,ext_def_exp,temp0.3_nodelim_norole_nocot,lusa_106,2,extraction,Public Relations source of the Porto PSP Metropolitan Command,,0.9
qwen3_14b,english,participants,ext_def_exp,temp0.3_nodelim_norole_nocot,lusa_106,2,extraction,Porto PSP Metropolitan Command,,0.9
qwen3_14b,english,participants,ext_def_exp,temp0.3_nodelim_norole_nocot,lusa_106,2,extraction,lighting post,,0.9
qwen3_14b,english,participants,ext_def_exp,temp0.3_nodelim_norole_nocot,lusa_106,2,extraction,truck's crane,,0.9
qwen3_14b,english,participants,ext_def_exp,temp0.3_nodelim_norole_nocot,lusa_106,2,extraction,the man,,0.9
qwen3_14b,english,participants,ext_def_exp,temp0.3_nodelim_norole_nocot,lusa_106,2,extraction,the street,,0.7
qwen3_14b,english,participants,cls_def_exp,temp0.3_nodelim_norole_nocot,lusa_106,2,classification,Public Relations source of the Porto PSP Metropolitan Command,Org,0.8
qwen3_14b,english,participants,cls_def_exp,temp0.3_nodelim_norole_nocot,lusa_106,2,classification,Porto PSP Metropolitan Command,Org,1.0
qwen3_14b,english,participants,cls_def_exp,temp0.3_nodelim_norole_nocot,lusa_106,2,classification,lighting post,Obj,1.0
qwen3_14b,english,participants,cls_def_exp,temp0.3_nodelim_norole_nocot,lusa_106,2,classification,truck's crane,Obj,0.9
qwen3_14b,english,participants,cls_def_exp,temp0.3_nodelim_norole_nocot,lusa_106,2,classification,the man,Per,1.0
qwen3_14b,english,participants,cls_def_exp,temp0.3_nodelim_norole_nocot,lusa_106,2,classification,the street,Path,0.95
qwen3_14b,english,participants,sent_def_exp,temp0.3_nodelim_norole_nocot,lusa_106,3,detection,,yes,0.95
qwen3_14b,english,participants,ext_def_exp,temp0.3_nodelim_norole_nocot,lusa_106,3,extraction,the victim,,0.95
qwen3_14b,english,participants,ext_def_exp,temp0.3_nodelim_norole_nocot,lusa_106,3,extraction,Santo António Hospital,,0.95
qwen3_14b,english,participants,cls_def_exp,temp0.3_nodelim_norole_nocot,lusa_106,3,classification,the victim,Per,0.95
qwen3_14b,english,participants,cls_def_exp,temp0.3_nodelim_norole_nocot,lusa_106,3,classification,Santo António Hospital,Fac,0.95
qwen3_14b,english,participants,sent_def_exp,temp0.3_nodelim_norole_nocot,lusa_106,4,detection,,yes,0.95
qwen3_14b,english,participants,ext_def_exp,temp0.3_nodelim_norole_nocot,lusa_106,4,extraction,structure,,0.9
qwen3_14b,english,participants,ext_def_exp,temp0.3_nodelim_norole_nocot,lusa_106,4,extraction,gas station employee,,0.8
qwen3_14b,english,participants,ext_def_exp,temp0.3_nodelim_norole_nocot,lusa_106,4,extraction,gas station,,0.7
qwen3_14b,english,participants,cls_def_exp,temp0.3_nodelim_norole_nocot,lusa_106,4,classification,structure,Obj,0.95
qwen3_14b,english,participants,cls_def_exp,temp0.3_nodelim_norole_nocot,lusa_106,4,classification,gas station employee,Per,0.95
qwen3_14b,english,participants,cls_def_exp,temp0.3_nodelim_norole_nocot,lusa_106,4,classification,gas station,Fac,0.9
qwen3_14b,english,participants,sent_def_exp,temp0.3_nodelim_norole_nocot,lusa_106,5,detection,,no,0.95
qwen3_14b,english,participants,sent_def_exp,temp0.3_nodelim_norole_nocot,lusa_106,6,detection,,yes,0.95
qwen3_14b,english,participants,ext_def_exp,temp0.3_nodelim_norole_nocot,lusa_106,6,extraction,Porto City Council,,0.95
qwen3_14b,english,participants,ext_def_exp,temp0.3_nodelim_norole_nocot,lusa_106,6,extraction,Porto Municipal Environmental Company,,0.95
qwen3_14b,english,participants,ext_def_exp,temp0.3_nodelim_norole_nocot,lusa_106,6,extraction,vehicle,,0.8
qwen3_14b,english,participants,ext_def_exp,temp0.3_nodelim_norole_nocot,lusa_106,6,extraction,electricity pole,,0.8
qwen3_14b,english,participants,cls_def_exp,temp0.3_nodelim_norole_nocot,lusa_106,6,classification,Porto City Council,Org,0.95
qwen3_14b,english,participants,cls_def_exp,temp0.3_nodelim_norole_nocot,lusa_106,6,classification,Porto Municipal Environmental Company,Org,0.95
qwen3_14b,english,participants,cls_def_exp,temp0.3_nodelim_norole_nocot,lusa_106,6,classification,vehicle,Veh,0.9
qwen3_14b,english,participants,cls_def_exp,temp0.3_nodelim_norole_nocot,lusa_106,6,classification,electricity pole,Obj,0.85
qwen3_14b,english,participants,sent_def_exp,temp0.3_nodelim_norole_nocot,lusa_106,7,detection,,yes,0.95
qwen3_14b,english,participants,ext_def_exp,temp0.3_nodelim_norole_nocot,lusa_106,7,extraction,The company,,0.9
qwen3_14b,english,participants,ext_def_exp,temp0.3_nodelim_norole_nocot,lusa_106,7,extraction,the authorities,,0.8
qwen3_14b,english,participants,ext_def_exp,temp0.3_nodelim_norole_nocot,lusa_106,7,extraction,the municipality,,0.9
qwen3_14b,english,participants,ext_def_exp,temp0.3_nodelim_norole_nocot,lusa_106,7,extraction,his family,,0.8
qwen3_14b,english,participants,cls_def_exp,temp0.3_nodelim_norole_nocot,lusa_106,7,classification,The company,Org,0.95
qwen3_14b,english,participants,cls_def_exp,temp0.3_nodelim_norole_nocot,lusa_106,7,classification,the authorities,Org,0.9
qwen3_14b,english,participants,cls_def_exp,temp0.3_nodelim_norole_nocot,lusa_106,7,classification,the municipality,Org,0.95
qwen3_14b,english,participants,cls_def_exp,temp0.3_nodelim_norole_nocot,lusa_106,7,classification,his family,Per,0.85
qwen3_14b,english,participants,sent_def_exp,temp0.3_nodelim_norole_nocot,lusa_107,1,detection,,yes,0.95
qwen3_14b,english,participants,ext_def_exp,temp0.3_nodelim_norole_nocot,lusa_107,1,extraction,A 60-year-old man,,0.95
qwen3_14b,english,participants,ext_def_exp,temp0.3_nodelim_norole_nocot,lusa_107,1,extraction,Matosinhos,,0.9
qwen3_14b,english,participants,ext_def_exp,temp0.3_nodelim_norole_nocot,lusa_107,1,extraction,district of Porto,,0.85
qwen3_14b,english,participants,ext_def_exp,temp0.3_nodelim_norole_nocot,lusa_107,1,extraction,PSP,,0.9
qwen3_14b,english,participants,ext_def_exp,temp0.3_nodelim_norole_nocot,lusa_107,1,extraction,Lusa,,0.9
qwen3_14b,english,participants,ext_def_exp,temp0.3_nodelim_norole_nocot,lusa_107,1,extraction,a PSP source,,0.8
qwen3_14b,english,participants,cls_def_exp,temp0.3_nodelim_norole_nocot,lusa_107,1,classification,A 60-year-old man,Per,0.95
qwen3_14b,english,participants,cls_def_exp,temp0.3_nodelim_norole_nocot,lusa_107,1,classification,Matosinhos,Pl_civil,0.9
qwen3_14b,english,participants,cls_def_exp,temp0.3_nodelim_norole_nocot,lusa_107,1,classification,district of Porto,Pl_civil,0.8
qwen3_14b,english,participants,cls_def_exp,temp0.3_nodelim_norole_nocot,lusa_107,1,classification,PSP,Org,0.95
qwen3_14b,english,participants,cls_def_exp,temp0.3_nodelim_norole_nocot,lusa_107,1,classification,Lusa,Org,0.95
qwen3_14b,english,participants,cls_def_exp,temp0.3_nodelim_norole_nocot,lusa_107,1,classification,a PSP source,Per,0.9
qwen3_14b,english,participants,sent_def_exp,temp0.3_nodelim_norole_nocot,lusa_107,2,detection,,yes,0.95
qwen3_14b,english,participants,ext_def_exp,temp0.3_nodelim_norole_nocot,lusa_107,2,extraction,Rua Augusto Gil,,0.9
qwen3_14b,english,participants,ext_def_exp,temp0.3_nodelim_norole_nocot,lusa_107,2,extraction,the man,,0.95
qwen3_14b,english,participants,ext_def_exp,temp0.3_nodelim_norole_nocot,lusa_107,2,extraction,the source,,0.8
qwen3_14b,english,participants,cls_def_exp,temp0.3_nodelim_norole_nocot,lusa_107,2,classification,Rua Augusto Gil,Path,0.95
qwen3_14b,english,participants,cls_def_exp,temp0.3_nodelim_norole_nocot,lusa_107,2,classification,the man,Per,0.99
qwen3_14b,english,participants,cls_def_exp,temp0.3_nodelim_norole_nocot,lusa_107,2,classification,the source,Per,0.9
qwen3_14b,english,participants,sent_def_exp,temp0.3_nodelim_norole_nocot,lusa_107,3,detection,,yes,0.95
qwen3_14b,english,participants,ext_def_exp,temp0.3_nodelim_norole_nocot,lusa_107,3,extraction,Leixões firefighters,,0.95
qwen3_14b,english,participants,cls_def_exp,temp0.3_nodelim_norole_nocot,lusa_107,3,classification,Leixões firefighters,Org,0.95
qwen3_14b,english,participants,sent_def_exp,temp0.3_nodelim_norole_nocot,lusa_108,1,detection,,yes,0.95
qwen3_14b,english,participants,ext_def_exp,temp0.3_nodelim_norole_nocot,lusa_108,1,extraction,One man,,0.9
qwen3_14b,english,participants,ext_def_exp,temp0.3_nodelim_norole_nocot,lusa_108,1,extraction,another,,0.8
qwen3_14b,english,participants,ext_def_exp,temp0.3_nodelim_norole_nocot,lusa_108,1,extraction,Algueirão-Mem Martins,,0.8
qwen3_14b,english,participants,ext_def_exp,temp0.3_nodelim_norole_nocot,lusa_108,1,extraction,Sintra,,0.8
qwen3_14b,english,participants,ext_def_exp,temp0.3_nodelim_norole_nocot,lusa_108,1,extraction,Lisbon district,,0.8
qwen3_14b,english,participants,ext_def_exp,temp0.3_nodelim_norole_nocot,lusa_108,1,extraction,disorder with a firearm,,0.7
qwen3_14b,english,participants,ext_def_exp,temp0.3_nodelim_norole_nocot,lusa_108,1,extraction,PSP,,0.9
qwen3_14b,english,participants,ext_def_exp,temp0.3_nodelim_norole_nocot,lusa_108,1,extraction,Lusa agency,,0.9
qwen3_14b,english,participants,ext_def_exp,temp0.3_nodelim_norole_nocot,lusa_108,1,extraction,the PSP,,0.8
qwen3_14b,english,participants,ext_def_exp,temp0.3_nodelim_norole_nocot,lusa_108,1,extraction,the Lusa agency,,0.8
qwen3_14b,english,participants,cls_def_exp,temp0.3_nodelim_norole_nocot,lusa_108,1,classification,One man,Per,0.95
qwen3_14b,english,participants,cls_def_exp,temp0.3_nodelim_norole_nocot,lusa_108,1,classification,another,Per,0.95
qwen3_14b,english,participants,cls_def_exp,temp0.3_nodelim_norole_nocot,lusa_108,1,classification,Algueirão-Mem Martins,Pl_civil,0.8
qwen3_14b,english,participants,cls_def_exp,temp0.3_nodelim_norole_nocot,lusa_108,1,classification,Sintra,Pl_civil,0.85
qwen3_14b,english,participants,cls_def_exp,temp0.3_nodelim_norole_nocot,lusa_108,1,classification,Lisbon district,Pl_state,0.8
qwen3_14b,english,participants,cls_def_exp,temp0.3_nodelim_norole_nocot,lusa_108,1,classification,disorder with a firearm,Other,0.6
qwen3_14b,english,participants,cls_def_exp,temp0.3_nodelim_norole_nocot,lusa_108,1,classification,PSP,Org,0.95
qwen3_14b,english,participants,cls_def_exp,temp0.3_nodelim_norole_nocot,lusa_108,1,classification,Lusa agency,Org,0.95
qwen3_14b,english,participants,cls_def_exp,temp0.3_nodelim_norole_nocot,lusa_108,1,classification,the PSP,Org,0.95
qwen3_14b,english,participants,cls_def_exp,temp0.3_nodelim_norole_nocot,lusa_108,1,classification,the Lusa agency,Org,0.95
qwen3_14b,english,participants,sent_def_exp,temp0.3_nodelim_norole_nocot,lusa_108,2,detection,,yes,0.95
qwen3_14b,english,participants,ext_def_exp,temp0.3_nodelim_norole_nocot,lusa_108,2,extraction,Lisbon Metropolitan Command (Cometlis),,0.95
qwen3_14b,english,participants,ext_def_exp,temp0.3_nodelim_norole_nocot,lusa_108,2,extraction,Estrada de Mem Martins,,0.9
qwen3_14b,english,participants,ext_def_exp,temp0.3_nodelim_norole_nocot,lusa_108,2,extraction,Hospital Professor Doutor Fernando Fonseca (Amadora-Sintra),,0.95
qwen3_14b,english,participants,ext_def_exp,temp0.3_nodelim_norole_nocot,lusa_108,2,extraction,people,,0.7
qwen3_14b,english,participants,cls_def_exp,temp0.3_nodelim_norole_nocot,lusa_108,2,classification,Lisbon Metropolitan Command (Cometlis),Org,0.95
qwen3_14b,english,participants,cls_def_exp,temp0.3_nodelim_norole_nocot,lusa_108,2,classification,Estrada de Mem Martins,Path,0.9
qwen3_14b,english,participants,cls_def_exp,temp0.3_nodelim_norole_nocot,lusa_108,2,classification,Hospital Professor Doutor Fernando Fonseca (Amadora-Sintra),Fac,0.98
qwen3_14b,english,participants,cls_def_exp,temp0.3_nodelim_norole_nocot,lusa_108,2,classification,people,Per,0.95
qwen3_14b,english,participants,sent_def_exp,temp0.3_nodelim_norole_nocot,lusa_108,3,detection,,yes,0.95
qwen3_14b,english,participants,ext_def_exp,temp0.3_nodelim_norole_nocot,lusa_108,3,extraction,Cometlis source,,0.95
qwen3_14b,english,participants,ext_def_exp,temp0.3_nodelim_norole_nocot,lusa_108,3,extraction,injury situation,,0.8
qwen3_14b,english,participants,cls_def_exp,temp0.3_nodelim_norole_nocot,lusa_108,3,classification,Cometlis source,Per,0.8
qwen3_14b,english,participants,cls_def_exp,temp0.3_nodelim_norole_nocot,lusa_108,3,classification,injury situation,Other,0.7
qwen3_14b,english,participants,sent_def_exp,temp0.3_nodelim_norole_nocot,lusa_108,4,detection,,yes,0.95
qwen3_14b,english,participants,ext_def_exp,temp0.3_nodelim_norole_nocot,lusa_108,4,extraction,PSP,,0.95
qwen3_14b,english,participants,ext_def_exp,temp0.3_nodelim_norole_nocot,lusa_108,4,extraction,victims,,0.8
qwen3_14b,english,participants,cls_def_exp,temp0.3_nodelim_norole_nocot,lusa_108,4,classification,PSP,Org,0.95
qwen3_14b,english,participants,cls_def_exp,temp0.3_nodelim_norole_nocot,lusa_108,4,classification,victims,Per,0.95
qwen3_14b,english,participants,sent_def_exp,temp0.3_nodelim_norole_nocot,lusa_108,5,detection,,yes,0.95
qwen3_14b,english,participants,ext_def_exp,temp0.3_nodelim_norole_nocot,lusa_108,5,extraction,Judicial Police (PJ),,1.0
qwen3_14b,english,participants,cls_def_exp,temp0.3_nodelim_norole_nocot,lusa_108,5,classification,Judicial Police (PJ),Org,0.95
qwen3_14b,english,participants,sent_def_exp,temp0.3_nodelim_norole_nocot,lusa_109,1,detection,,yes,0.95
qwen3_14b,english,participants,ext_def_exp,temp0.3_nodelim_norole_nocot,lusa_109,1,extraction,A 31-year-old man,,0.95
qwen3_14b,english,participants,ext_def_exp,temp0.3_nodelim_norole_nocot,lusa_109,1,extraction,a tree,,0.7
qwen3_14b,english,participants,ext_def_exp,temp0.3_nodelim_norole_nocot,lusa_109,1,extraction,a ravine,,0.7
qwen3_14b,english,participants,ext_def_exp,temp0.3_nodelim_norole_nocot,lusa_109,1,extraction,Regilde,,0.8
qwen3_14b,english,participants,ext_def_exp,temp0.3_nodelim_norole_nocot,lusa_109,1,extraction,Felgueiras,,0.8
qwen3_14b,english,participants,ext_def_exp,temp0.3_nodelim_norole_nocot,lusa_109,1,extraction,a fire source,,0.9
qwen3_14b,english,participants,ext_def_exp,temp0.3_nodelim_norole_nocot,lusa_109,1,extraction,Lusa,,0.9
qwen3_14b,english,participants,ext_def_exp,temp0.3_nodelim_norole_nocot,lusa_109,1,extraction,the municipality of Felgueiras,,0.7
qwen3_14b,english,participants,cls_def_exp,temp0.3_nodelim_norole_nocot,lusa_109,1,classification,A 31-year-old man,Per,0.95
qwen3_14b,english,participants,cls_def_exp,temp0.3_nodelim_norole_nocot,lusa_109,1,classification,a tree,Nat,0.95
qwen3_14b,english,participants,cls_def_exp,temp0.3_nodelim_norole_nocot,lusa_109,1,classification,a ravine,Pl_region,0.7
qwen3_14b,english,participants,cls_def_exp,temp0.3_nodelim_norole_nocot,lusa_109,1,classification,Regilde,Pl_civil,0.8
qwen3_14b,english,participants,cls_def_exp,temp0.3_nodelim_norole_nocot,lusa_109,1,classification,Felgueiras,Pl_civil,0.95
qwen3_14b,english,participants,cls_def_exp,temp0.3_nodelim_norole_nocot,lusa_109,1,classification,a fire source,Per,0.9
qwen3_14b,english,participants,cls_def_exp,temp0.3_nodelim_norole_nocot,lusa_109,1,classification,Lusa,Org,0.95
qwen3_14b,english,participants,cls_def_exp,temp0.3_nodelim_norole_nocot,lusa_109,1,classification,the municipality of Felgueiras,Pl_civil,0.95
qwen3_14b,english,participants,sent_def_exp,temp0.3_nodelim_norole_nocot,lusa_109,2,detection,,yes,0.95
qwen3_14b,english,participants,ext_def_exp,temp0.3_nodelim_norole_nocot,lusa_109,2,extraction,The victim,,0.9
qwen3_14b,english,participants,ext_def_exp,temp0.3_nodelim_norole_nocot,lusa_109,2,extraction,the falling tree,,0.7
qwen3_14b,english,participants,ext_def_exp,temp0.3_nodelim_norole_nocot,lusa_109,2,extraction,the ravine,,0.6
qwen3_14b,english,participants,ext_def_exp,temp0.3_nodelim_norole_nocot,lusa_109,2,extraction,the source,,0.8
qwen3_14b,english,participants,ext_def_exp,temp0.3_nodelim_norole_nocot,lusa_109,2,extraction,Felgueiras corporation,,0.9
qwen3_14b,english,participants,cls_def_exp,temp0.3_nodelim_norole_nocot,lusa_109,2,classification,The victim,Per,0.95
qwen3_14b,english,participants,cls_def_exp,temp0.3_nodelim_norole_nocot,lusa_109,2,classification,the falling tree,Nat,0.9
qwen3_14b,english,participants,cls_def_exp,temp0.3_nodelim_norole_nocot,lusa_109,2,classification,the ravine,Pl_region,0.8
qwen3_14b,english,participants,cls_def_exp,temp0.3_nodelim_norole_nocot,lusa_109,2,classification,the source,Per,0.9
qwen3_14b,english,participants,cls_def_exp,temp0.3_nodelim_norole_nocot,lusa_109,2,classification,Felgueiras corporation,Org,0.95
qwen3_14b,english,participants,sent_def_exp,temp0.3_nodelim_norole_nocot,lusa_109,3,detection,,yes,0.95
qwen3_14b,english,participants,ext_def_exp,temp0.3_nodelim_norole_nocot,lusa_109,3,extraction,commander Júlio Pereira,,0.95
qwen3_14b,english,participants,ext_def_exp,temp0.3_nodelim_norole_nocot,lusa_109,3,extraction,the victim,,0.9
qwen3_14b,english,participants,ext_def_exp,temp0.3_nodelim_norole_nocot,lusa_109,3,extraction,a firefighter,,0.8
qwen3_14b,english,participants,ext_def_exp,temp0.3_nodelim_norole_nocot,lusa_109,3,extraction,the corporation's wide-angle team,,0.9
qwen3_14b,english,participants,ext_def_exp,temp0.3_nodelim_norole_nocot,lusa_109,3,extraction,Vizela,,0.8
qwen3_14b,english,participants,cls_def_exp,temp0.3_nodelim_norole_nocot,lusa_109,3,classification,commander Júlio Pereira,Per,0.95
qwen3_14b,english,participants,cls_def_exp,temp0.3_nodelim_norole_nocot,lusa_109,3,classification,the victim,Per,0.9
qwen3_14b,english,participants,cls_def_exp,temp0.3_nodelim_norole_nocot,lusa_109,3,classification,a firefighter,Per,0.95
qwen3_14b,english,participants,cls_def_exp,temp0.3_nodelim_norole_nocot,lusa_109,3,classification,the corporation's wide-angle team,Org,0.85
qwen3_14b,english,participants,cls_def_exp,temp0.3_nodelim_norole_nocot,lusa_109,3,classification,Vizela,Pl_civil,0.95
qwen3_14b,english,participants,sent_def_exp,temp0.3_nodelim_norole_nocot,lusa_109,4,detection,,yes,0.95
qwen3_14b,english,participants,ext_def_exp,temp0.3_nodelim_norole_nocot,lusa_109,4,extraction,The Felgueiras Fire Department,,0.95
qwen3_14b,english,participants,ext_def_exp,temp0.3_nodelim_norole_nocot,lusa_109,4,extraction,ambulance,,0.9
qwen3_14b,english,participants,ext_def_exp,temp0.3_nodelim_norole_nocot,lusa_109,4,extraction,extrication vehicle,,0.9
qwen3_14b,english,participants,ext_def_exp,temp0.3_nodelim_norole_nocot,lusa_109,4,extraction,high-angle rescue vehicle,,0.9
qwen3_14b,english,participants,cls_def_exp,temp0.3_nodelim_norole_nocot,lusa_109,4,classification,The Felgueiras Fire Department,Org,1.0
qwen3_14b,english,participants,cls_def_exp,temp0.3_nodelim_norole_nocot,lusa_109,4,classification,ambulance,Veh,1.0
qwen3_14b,english,participants,cls_def_exp,temp0.3_nodelim_norole_nocot,lusa_109,4,classification,extrication vehicle,Veh,1.0
qwen3_14b,english,participants,cls_def_exp,temp0.3_nodelim_norole_nocot,lusa_109,4,classification,high-angle rescue vehicle,Veh,1.0
qwen3_14b,english,participants,sent_def_exp,temp0.3_nodelim_norole_nocot,lusa_109,5,detection,,yes,0.95
qwen3_14b,english,participants,ext_def_exp,temp0.3_nodelim_norole_nocot,lusa_109,5,extraction,The man,,0.9
qwen3_14b,english,participants,ext_def_exp,temp0.3_nodelim_norole_nocot,lusa_109,5,extraction,Emergency and Resuscitation Medical Vehicle (VMER) team,,0.95
qwen3_14b,english,participants,ext_def_exp,temp0.3_nodelim_norole_nocot,lusa_109,5,extraction,Vale do Sousa,,0.8
qwen3_14b,english,participants,ext_def_exp,temp0.3_nodelim_norole_nocot,lusa_109,5,extraction,Guimarães Hospital,,0.9
qwen3_14b,english,participants,cls_def_exp,temp0.3_nodelim_norole_nocot,lusa_109,5,classification,The man,Per,0.95
qwen3_14b,english,participants,cls_def_exp,temp0.3_nodelim_norole_nocot,lusa_109,5,classification,Emergency and Resuscitation Medical Vehicle (VMER) team,Org,0.9
qwen3_14b,english,participants,cls_def_exp,temp0.3_nodelim_norole_nocot,lusa_109,5,classification,Vale do Sousa,Pl_civil,0.85
qwen3_14b,english,participants,cls_def_exp,temp0.3_nodelim_norole_nocot,lusa_109,5,classification,Guimarães Hospital,Fac,0.95
qwen3_14b,english,participants,sent_def_exp,temp0.3_nodelim_norole_nocot,lusa_109,6,detection,,yes,1.0
qwen3_14b,english,participants,ext_def_exp,temp0.3_nodelim_norole_nocot,lusa_109,6,extraction,GNR,,1.0
qwen3_14b,english,participants,cls_def_exp,temp0.3_nodelim_norole_nocot,lusa_109,6,classification,GNR,Org,0.95
qwen3_14b,english,participants,sent_def_exp,temp0.3_nodelim_norole_nocot,lusa_110,1,detection,,yes,0.95
qwen3_14b,english,participants,ext_def_exp,temp0.3_nodelim_norole_nocot,lusa_110,1,extraction,A man,,0.9
qwen3_14b,english,participants,ext_def_exp,temp0.3_nodelim_norole_nocot,lusa_110,1,extraction,fire,,0.8
qwen3_14b,english,participants,ext_def_exp,temp0.3_nodelim_norole_nocot,lusa_110,1,extraction,municipality of Ribeira Brava,,0.8
qwen3_14b,english,participants,ext_def_exp,temp0.3_nodelim_norole_nocot,lusa_110,1,extraction,possible smoke inhalation,,0.6
qwen3_14b,english,participants,ext_def_exp,temp0.3_nodelim_norole_nocot,lusa_110,1,extraction,local fire department,,0.9
qwen3_14b,english,participants,ext_def_exp,temp0.3_nodelim_norole_nocot,lusa_110,1,extraction,source,,0.8
qwen3_14b,english,participants,ext_def_exp,temp0.3_nodelim_norole_nocot,lusa_110,1,extraction,Lusa.,,0.9
qwen3_14b,english,participants,cls_def_exp,temp0.3_nodelim_norole_nocot,lusa_110,1,classification,A man,Per,0.95
qwen3_14b,english,participants,cls_def_exp,temp0.3_nodelim_norole_nocot,lusa_110,1,classification,fire,Other,0.7
qwen3_14b,english,participants,cls_def_exp,temp0.3_nodelim_norole_nocot,lusa_110,1,classification,municipality of Ribeira Brava,Pl_civil,0.95
qwen3_14b,english,participants,cls_def_exp,temp0.3_nodelim_norole_nocot,lusa_110,1,classification,possible smoke inhalation,Other,0.8
qwen3_14b,english,participants,cls_def_exp,temp0.3_nodelim_norole_nocot,lusa_110,1,classification,local fire department,Org,0.95
qwen3_14b,english,participants,cls_def_exp,temp0.3_nodelim_norole_nocot,lusa_110,1,classification,source,Per,0.8
qwen3_14b,english,participants,cls_def_exp,temp0.3_nodelim_norole_nocot,lusa_110,1,classification,Lusa.,Org,0.95
qwen3_14b,english,participants,sent_def_exp,temp0.3_nodelim_norole_nocot,lusa_110,2,detection,,yes,0.95
qwen3_14b,english,participants,ext_def_exp,temp0.3_nodelim_norole_nocot,lusa_110,2,extraction,Ribeira Brava and Ponta do Sol Volunteer Fire Department,,0.95
qwen3_14b,english,participants,ext_def_exp,temp0.3_nodelim_norole_nocot,lusa_110,2,extraction,the man,,0.9
qwen3_14b,english,participants,ext_def_exp,temp0.3_nodelim_norole_nocot,lusa_110,2,extraction,the victim,,0.9
qwen3_14b,english,participants,ext_def_exp,temp0.3_nodelim_norole_nocot,lusa_110,2,extraction,Madeira,,0.8
qwen3_14b,english,participants,ext_def_exp,temp0.3_nodelim_norole_nocot,lusa_110,2,extraction,the room,,0.7
qwen3_14b,english,participants,ext_def_exp,temp0.3_nodelim_norole_nocot,lusa_110,2,extraction,the same source,,0.8
qwen3_14b,english,participants,ext_def_exp,temp0.3_nodelim_norole_nocot,lusa_110,2,extraction,source,,0.7
qwen3_14b,english,participants,cls_def_exp,temp0.3_nodelim_norole_nocot,lusa_110,2,classification,Ribeira Brava and Ponta do Sol Volunteer Fire Department,Org,0.95
qwen3_14b,english,participants,cls_def_exp,temp0.3_nodelim_norole_nocot,lusa_110,2,classification,the man,Per,0.95
qwen3_14b,english,participants,cls_def_exp,temp0.3_nodelim_norole_nocot,lusa_110,2,classification,the victim,Per,0.95
qwen3_14b,english,participants,cls_def_exp,temp0.3_nodelim_norole_nocot,lusa_110,2,classification,Madeira,Pl_civil,0.9
qwen3_14b,english,participants,cls_def_exp,temp0.3_nodelim_norole_nocot,lusa_110,2,classification,the room,Obj,0.7
qwen3_14b,english,participants,cls_def_exp,temp0.3_nodelim_norole_nocot,lusa_110,2,classification,the same source,Org,0.95
qwen3_14b,english,participants,cls_def_exp,temp0.3_nodelim_norole_nocot,lusa_110,2,classification,source,Org,0.95
qwen3_14b,english,participants,sent_def_exp,temp0.3_nodelim_norole_nocot,lusa_110,3,detection,,yes,0.95
qwen3_14b,english,participants,ext_def_exp,temp0.3_nodelim_norole_nocot,lusa_110,3,extraction,Roberto Gonçalves,,0.9
qwen3_14b,english,participants,ext_def_exp,temp0.3_nodelim_norole_nocot,lusa_110,3,extraction,the corporation,,0.9
qwen3_14b,english,participants,ext_def_exp,temp0.3_nodelim_norole_nocot,lusa_110,3,extraction,the victim,,0.7
qwen3_14b,english,participants,ext_def_exp,temp0.3_nodelim_norole_nocot,lusa_110,3,extraction,the house,,0.8
qwen3_14b,english,participants,ext_def_exp,temp0.3_nodelim_norole_nocot,lusa_110,3,extraction,the entrance hall,,0.6
qwen3_14b,english,participants,ext_def_exp,temp0.3_nodelim_norole_nocot,lusa_110,3,extraction,a bedroom,,0.6
qwen3_14b,english,participants,ext_def_exp,temp0.3_nodelim_norole_nocot,lusa_110,3,extraction,the room where the victim was,,0.6
qwen3_14b,english,participants,cls_def_exp,temp0.3_nodelim_norole_nocot,lusa_110,3,classification,Roberto Gonçalves,Per,0.95
qwen3_14b,english,participants,cls_def_exp,temp0.3_nodelim_norole_nocot,lusa_110,3,classification,the corporation,Org,0.9
qwen3_14b,english,participants,cls_def_exp,temp0.3_nodelim_norole_nocot,lusa_110,3,classification,the victim,Per,0.9
qwen3_14b,english,participants,cls_def_exp,temp0.3_nodelim_norole_nocot,lusa_110,3,classification,the house,Fac,0.95
qwen3_14b,english,participants,cls_def_exp,temp0.3_nodelim_norole_nocot,lusa_110,3,classification,the entrance hall,Fac,0.9
qwen3_14b,english,participants,cls_def_exp,temp0.3_nodelim_norole_nocot,lusa_110,3,classification,a bedroom,Fac,0.9
qwen3_14b,english,participants,cls_def_exp,temp0.3_nodelim_norole_nocot,lusa_110,3,classification,the room where the victim was,Fac,0.9
qwen3_14b,english,participants,sent_def_exp,temp0.3_nodelim_norole_nocot,lusa_110,4,detection,,yes,0.95
qwen3_14b,english,participants,ext_def_exp,temp0.3_nodelim_norole_nocot,lusa_110,4,extraction,the fire,,0.7
qwen3_14b,english,participants,ext_def_exp,temp0.3_nodelim_norole_nocot,lusa_110,4,extraction,he,,0.6
qwen3_14b,english,participants,ext_def_exp,temp0.3_nodelim_norole_nocot,lusa_110,4,extraction,members of the corporation,,0.9
qwen3_14b,english,participants,ext_def_exp,temp0.3_nodelim_norole_nocot,lusa_110,4,extraction,the victim,,0.9
qwen3_14b,english,participants,ext_def_exp,temp0.3_nodelim_norole_nocot,lusa_110,4,extraction,the corporation,,0.9
qwen3_14b,english,participants,cls_def_exp,temp0.3_nodelim_norole_nocot,lusa_110,4,classification,the fire,Other,0.6
qwen3_14b,english,participants,cls_def_exp,temp0.3_nodelim_norole_nocot,lusa_110,4,classification,he,Per,1.0
qwen3_14b,english,participants,cls_def_exp,temp0.3_nodelim_norole_nocot,lusa_110,4,classification,members of the corporation,Per,0.8
qwen3_14b,english,participants,cls_def_exp,temp0.3_nodelim_norole_nocot,lusa_110,4,classification,the victim,Per,1.0
qwen3_14b,english,participants,cls_def_exp,temp0.3_nodelim_norole_nocot,lusa_110,4,classification,the corporation,Org,1.0
qwen3_14b,english,participants,sent_def_exp,temp0.3_nodelim_norole_nocot,lusa_110,5,detection,,yes,0.95
qwen3_14b,english,participants,ext_def_exp,temp0.3_nodelim_norole_nocot,lusa_110,5,extraction,Ribeira Brava City Council,,0.9
qwen3_14b,english,participants,ext_def_exp,temp0.3_nodelim_norole_nocot,lusa_110,5,extraction,Ricardo Nascimento,,0.95
qwen3_14b,english,participants,ext_def_exp,temp0.3_nodelim_norole_nocot,lusa_110,5,extraction,Lusa,,0.95
qwen3_14b,english,participants,ext_def_exp,temp0.3_nodelim_norole_nocot,lusa_110,5,extraction,police forces,,0.85
qwen3_14b,english,participants,cls_def_exp,temp0.3_nodelim_norole_nocot,lusa_110,5,classification,Ribeira Brava City Council,Org,0.95
qwen3_14b,english,participants,cls_def_exp,temp0.3_nodelim_norole_nocot,lusa_110,5,classification,Ricardo Nascimento,Per,1.0
qwen3_14b,english,participants,cls_def_exp,temp0.3_nodelim_norole_nocot,lusa_110,5,classification,Lusa,Org,0.95
qwen3_14b,english,participants,cls_def_exp,temp0.3_nodelim_norole_nocot,lusa_110,5,classification,police forces,Org,0.9
qwen3_14b,english,participants,sent_def_exp,temp0.3_nodelim_norole_nocot,lusa_110,6,detection,,yes,0.95
qwen3_14b,english,participants,ext_def_exp,temp0.3_nodelim_norole_nocot,lusa_110,6,extraction,the victim,,0.9
qwen3_14b,english,participants,ext_def_exp,temp0.3_nodelim_norole_nocot,lusa_110,6,extraction,he,,0.7
qwen3_14b,english,participants,ext_def_exp,temp0.3_nodelim_norole_nocot,lusa_110,6,extraction,a man in his 70s,,0.9
qwen3_14b,english,participants,cls_def_exp,temp0.3_nodelim_norole_nocot,lusa_110,6,classification,the victim,Per,0.95
qwen3_14b,english,participants,cls_def_exp,temp0.3_nodelim_norole_nocot,lusa_110,6,classification,he,Per,0.9
qwen3_14b,english,participants,cls_def_exp,temp0.3_nodelim_norole_nocot,lusa_110,6,classification,a man in his 70s,Per,0.95
qwen3_14b,english,participants,sent_def_exp,temp0.3_nodelim_norole_nocot,lusa_111,1,detection,,yes,0.95
qwen3_14b,english,participants,ext_def_exp,temp0.3_nodelim_norole_nocot,lusa_111,1,extraction,A 34-year-old man,,0.95
qwen3_14b,english,participants,ext_def_exp,temp0.3_nodelim_norole_nocot,lusa_111,1,extraction,Estrada Nacional 17,,0.8
qwen3_14b,english,participants,ext_def_exp,temp0.3_nodelim_norole_nocot,lusa_111,1,extraction,Celorico da Beira,,0.8
qwen3_14b,english,participants,ext_def_exp,temp0.3_nodelim_norole_nocot,lusa_111,1,extraction,district of Guarda,,0.75
qwen3_14b,english,participants,ext_def_exp,temp0.3_nodelim_norole_nocot,lusa_111,1,extraction,motorcycle,,0.9
qwen3_14b,english,participants,ext_def_exp,temp0.3_nodelim_norole_nocot,lusa_111,1,extraction,civil protection,,0.9
qwen3_14b,english,participants,ext_def_exp,temp0.3_nodelim_norole_nocot,lusa_111,1,extraction,GNR,,0.95
qwen3_14b,english,participants,ext_def_exp,temp0.3_nodelim_norole_nocot,lusa_111,1,extraction,sources,,0.8
qwen3_14b,english,participants,ext_def_exp,temp0.3_nodelim_norole_nocot,lusa_111,1,extraction,Lusa agency,,0.9
qwen3_14b,english,participants,cls_def_exp,temp0.3_nodelim_norole_nocot,lusa_111,1,classification,A 34-year-old man,Per,0.95
qwen3_14b,english,participants,cls_def_exp,temp0.3_nodelim_norole_nocot,lusa_111,1,classification,Estrada Nacional 17,Path,0.95
qwen3_14b,english,participants,cls_def_exp,temp0.3_nodelim_norole_nocot,lusa_111,1,classification,Celorico da Beira,Pl_civil,0.9
qwen3_14b,english,participants,cls_def_exp,temp0.3_nodelim_norole_nocot,lusa_111,1,classification,district of Guarda,Pl_state,0.8
qwen3_14b,english,participants,cls_def_exp,temp0.3_nodelim_norole_nocot,lusa_111,1,classification,motorcycle,Veh,0.95
qwen3_14b,english,participants,cls_def_exp,temp0.3_nodelim_norole_nocot,lusa_111,1,classification,civil protection,Org,0.95
qwen3_14b,english,participants,cls_def_exp,temp0.3_nodelim_norole_nocot,lusa_111,1,classification,GNR,Org,0.95
qwen3_14b,english,participants,cls_def_exp,temp0.3_nodelim_norole_nocot,lusa_111,1,classification,sources,Per,0.8
qwen3_14b,english,participants,cls_def_exp,temp0.3_nodelim_norole_nocot,lusa_111,1,classification,Lusa agency,Org,0.95
qwen3_14b,english,participants,sent_def_exp,temp0.3_nodelim_norole_nocot,lusa_111,2,detection,,yes,0.95
qwen3_14b,english,participants,ext_def_exp,temp0.3_nodelim_norole_nocot,lusa_111,2,extraction,source,,0.9
qwen3_14b,english,participants,ext_def_exp,temp0.3_nodelim_norole_nocot,lusa_111,2,extraction,Guarda District Relief Operations Command (CDOS),,0.95
qwen3_14b,english,participants,cls_def_exp,temp0.3_nodelim_norole_nocot,lusa_111,2,classification,source,Per,0.9
qwen3_14b,english,participants,cls_def_exp,temp0.3_nodelim_norole_nocot,lusa_111,2,classification,Guarda District Relief Operations Command (CDOS),Org,0.95
qwen3_14b,english,participants,sent_def_exp,temp0.3_nodelim_norole_nocot,lusa_111,3,detection,,yes,0.95
qwen3_14b,english,participants,ext_def_exp,temp0.3_nodelim_norole_nocot,lusa_111,3,extraction,Territorial Command of GNR da Guarda,,0.95
qwen3_14b,english,participants,ext_def_exp,temp0.3_nodelim_norole_nocot,lusa_111,3,extraction,Lusa,,0.95
qwen3_14b,english,participants,ext_def_exp,temp0.3_nodelim_norole_nocot,lusa_111,3,extraction,motorcycle,,0.9
qwen3_14b,english,participants,ext_def_exp,temp0.3_nodelim_norole_nocot,lusa_111,3,extraction,Estrada Nacional 17,,0.95
qwen3_14b,english,participants,ext_def_exp,temp0.3_nodelim_norole_nocot,lusa_111,3,extraction,Celorico da Beira,,0.95
qwen3_14b,english,participants,ext_def_exp,temp0.3_nodelim_norole_nocot,lusa_111,3,extraction,Cortiço da Serra,,0.95
qwen3_14b,english,participants,ext_def_exp,temp0.3_nodelim_norole_nocot,lusa_111,3,extraction,the town of Cortiço da Serra,,0.8
qwen3_14b,english,participants,ext_def_exp,temp0.3_nodelim_norole_nocot,lusa_111,3,extraction,the municipality by Celorico da Beira,,0.85
qwen3_14b,english,participants,ext_def_exp,temp0.3_nodelim_norole_nocot,lusa_111,3,extraction,Source,,0.8
qwen3_14b,english,participants,cls_def_exp,temp0.3_nodelim_norole_nocot,lusa_111,3,classification,Territorial Command of GNR da Guarda,Org,0.95
qwen3_14b,english,participants,cls_def_exp,temp0.3_nodelim_norole_nocot,lusa_111,3,classification,Lusa,Org,0.95
qwen3_14b,english,participants,cls_def_exp,temp0.3_nodelim_norole_nocot,lusa_111,3,classification,motorcycle,Veh,0.9
qwen3_14b,english,participants,cls_def_exp,temp0.3_nodelim_norole_nocot,lusa_111,3,classification,Estrada Nacional 17,Path,0.95
qwen3_14b,english,participants,cls_def_exp,temp0.3_nodelim_norole_nocot,lusa_111,3,classification,Celorico da Beira,Pl_civil,0.9
qwen3_14b,english,participants,cls_def_exp,temp0.3_nodelim_norole_nocot,lusa_111,3,classification,Cortiço da Serra,Pl_civil,0.8
qwen3_14b,english,participants,cls_def_exp,temp0.3_nodelim_norole_nocot,lusa_111,3,classification,the town of Cortiço da Serra,Pl_civil,0.85
qwen3_14b,english,participants,cls_def_exp,temp0.3_nodelim_norole_nocot,lusa_111,3,classification,the municipality by Celorico da Beira,Pl_civil,0.9
qwen3_14b,english,participants,cls_def_exp,temp0.3_nodelim_norole_nocot,lusa_111,3,classification,Source,Other,0.6
qwen3_14b,english,participants,sent_def_exp,temp0.3_nodelim_norole_nocot,lusa_111,4,detection,,yes,0.95
qwen3_14b,english,participants,ext_def_exp,temp0.3_nodelim_norole_nocot,lusa_111,4,extraction,motorcycle driver,,0.95
qwen3_14b,english,participants,ext_def_exp,temp0.3_nodelim_norole_nocot,lusa_111,4,extraction,doctor,,0.9
qwen3_14b,english,participants,ext_def_exp,temp0.3_nodelim_norole_nocot,lusa_111,4,extraction,Emergency and Resuscitation Medical Vehicle (VMER),,0.95
qwen3_14b,english,participants,ext_def_exp,temp0.3_nodelim_norole_nocot,lusa_111,4,extraction,VMER,,0.8
qwen3_14b,english,participants,cls_def_exp,temp0.3_nodelim_norole_nocot,lusa_111,4,classification,motorcycle driver,Per,0.95
qwen3_14b,english,participants,cls_def_exp,temp0.3_nodelim_norole_nocot,lusa_111,4,classification,doctor,Per,0.95
qwen3_14b,english,participants,cls_def_exp,temp0.3_nodelim_norole_nocot,lusa_111,4,classification,Emergency and Resuscitation Medical Vehicle (VMER),Veh,0.9
qwen3_14b,english,participants,cls_def_exp,temp0.3_nodelim_norole_nocot,lusa_111,4,classification,VMER,Veh,0.9
qwen3_14b,english,participants,sent_def_exp,temp0.3_nodelim_norole_nocot,lusa_111,5,detection,,yes,0.95
qwen3_14b,english,participants,ext_def_exp,temp0.3_nodelim_norole_nocot,lusa_111,5,extraction,the source,,0.95
qwen3_14b,english,participants,ext_def_exp,temp0.3_nodelim_norole_nocot,lusa_111,5,extraction,GNR's Road Accident Crime Investigation Unit,,0.9
qwen3_14b,english,participants,ext_def_exp,temp0.3_nodelim_norole_nocot,lusa_111,5,extraction,the accident,,0.85
qwen3_14b,english,participants,cls_def_exp,temp0.3_nodelim_norole_nocot,lusa_111,5,classification,the source,Per,0.9
qwen3_14b,english,participants,cls_def_exp,temp0.3_nodelim_norole_nocot,lusa_111,5,classification,GNR's Road Accident Crime Investigation Unit,Org,0.95
qwen3_14b,english,participants,cls_def_exp,temp0.3_nodelim_norole_nocot,lusa_111,5,classification,the accident,Other,0.7
qwen3_14b,english,participants,sent_def_exp,temp0.3_nodelim_norole_nocot,lusa_111,6,detection,,yes,0.95
qwen3_14b,english,participants,ext_def_exp,temp0.3_nodelim_norole_nocot,lusa_111,6,extraction,Five vehicles,,0.9
qwen3_14b,english,participants,ext_def_exp,temp0.3_nodelim_norole_nocot,lusa_111,6,extraction,Celorico da Beira Volunteer Fire Department,,0.95
qwen3_14b,english,participants,ext_def_exp,temp0.3_nodelim_norole_nocot,lusa_111,6,extraction,VMER da Guarda,,0.9
qwen3_14b,english,participants,ext_def_exp,temp0.3_nodelim_norole_nocot,lusa_111,6,extraction,GNR,,0.9
qwen3_14b,english,participants,ext_def_exp,temp0.3_nodelim_norole_nocot,lusa_111,6,extraction,CDOS,,0.9
qwen3_14b,english,participants,ext_def_exp,temp0.3_nodelim_norole_nocot,lusa_111,6,extraction,source,,0.8
qwen3_14b,english,participants,cls_def_exp,temp0.3_nodelim_norole_nocot,lusa_111,6,classification,Five vehicles,Veh,0.95
qwen3_14b,english,participants,cls_def_exp,temp0.3_nodelim_norole_nocot,lusa_111,6,classification,Celorico da Beira Volunteer Fire Department,Org,0.9
qwen3_14b,english,participants,cls_def_exp,temp0.3_nodelim_norole_nocot,lusa_111,6,classification,VMER da Guarda,Org,0.9
qwen3_14b,english,participants,cls_def_exp,temp0.3_nodelim_norole_nocot,lusa_111,6,classification,GNR,Org,0.95
qwen3_14b,english,participants,cls_def_exp,temp0.3_nodelim_norole_nocot,lusa_111,6,classification,CDOS,Org,0.9
qwen3_14b,english,participants,cls_def_exp,temp0.3_nodelim_norole_nocot,lusa_111,6,classification,source,Per,0.8
qwen3_14b,english,participants,sent_def_exp,temp0.3_nodelim_norole_nocot,lusa_113,1,detection,,yes,0.95
qwen3_14b,english,participants,ext_def_exp,temp0.3_nodelim_norole_nocot,lusa_113,1,extraction,A 26-year-old man,,0.95
qwen3_14b,english,participants,ext_def_exp,temp0.3_nodelim_norole_nocot,lusa_113,1,extraction,his mother,,0.9
qwen3_14b,english,participants,ext_def_exp,temp0.3_nodelim_norole_nocot,lusa_113,1,extraction,his sister,,0.9
qwen3_14b,english,participants,ext_def_exp,temp0.3_nodelim_norole_nocot,lusa_113,1,extraction,GNR,,0.95
qwen3_14b,english,participants,ext_def_exp,temp0.3_nodelim_norole_nocot,lusa_113,1,extraction,Foz Côa,,0.85
qwen3_14b,english,participants,cls_def_exp,temp0.3_nodelim_norole_nocot,lusa_113,1,classification,A 26-year-old man,Per,0.95
qwen3_14b,english,participants,cls_def_exp,temp0.3_nodelim_norole_nocot,lusa_113,1,classification,his mother,Per,0.9
qwen3_14b,english,participants,cls_def_exp,temp0.3_nodelim_norole_nocot,lusa_113,1,classification,his sister,Per,0.9
qwen3_14b,english,participants,cls_def_exp,temp0.3_nodelim_norole_nocot,lusa_113,1,classification,GNR,Org,0.95
qwen3_14b,english,participants,cls_def_exp,temp0.3_nodelim_norole_nocot,lusa_113,1,classification,Foz Côa,Pl_civil,0.9
qwen3_14b,english,participants,sent_def_exp,temp0.3_nodelim_norole_nocot,lusa_113,2,detection,,yes,0.95
qwen3_14b,english,participants,ext_def_exp,temp0.3_nodelim_norole_nocot,lusa_113,2,extraction,Guard soldiers,,0.9
qwen3_14b,english,participants,ext_def_exp,temp0.3_nodelim_norole_nocot,lusa_113,2,extraction,the location,,0.8
qwen3_14b,english,participants,ext_def_exp,temp0.3_nodelim_norole_nocot,lusa_113,2,extraction,the suspect,,0.9
qwen3_14b,english,participants,ext_def_exp,temp0.3_nodelim_norole_nocot,lusa_113,2,extraction,the 46-year-old mother and sister of 12 years,,0.9
qwen3_14b,english,participants,ext_def_exp,temp0.3_nodelim_norole_nocot,lusa_113,2,extraction,ax,,0.7
qwen3_14b,english,participants,ext_def_exp,temp0.3_nodelim_norole_nocot,lusa_113,2,extraction,knife,,0.7
qwen3_14b,english,participants,ext_def_exp,temp0.3_nodelim_norole_nocot,lusa_113,2,extraction,security force,,0.9
qwen3_14b,english,participants,cls_def_exp,temp0.3_nodelim_norole_nocot,lusa_113,2,classification,Guard soldiers,Per,0.95
qwen3_14b,english,participants,cls_def_exp,temp0.3_nodelim_norole_nocot,lusa_113,2,classification,the location,Loc,0.8
qwen3_14b,english,participants,cls_def_exp,temp0.3_nodelim_norole_nocot,lusa_113,2,classification,the suspect,Per,0.95
qwen3_14b,english,participants,cls_def_exp,temp0.3_nodelim_norole_nocot,lusa_113,2,classification,the 46-year-old mother and sister of 12 years,Per,0.95
qwen3_14b,english,participants,cls_def_exp,temp0.3_nodelim_norole_nocot,lusa_113,2,classification,ax,Obj,0.95
qwen3_14b,english,participants,cls_def_exp,temp0.3_nodelim_norole_nocot,lusa_113,2,classification,knife,Obj,0.95
qwen3_14b,english,participants,cls_def_exp,temp0.3_nodelim_norole_nocot,lusa_113,2,classification,security force,Org,0.9
qwen3_14b,english,participants,sent_def_exp,temp0.3_nodelim_norole_nocot,lusa_113,3,detection,,yes,0.95
qwen3_14b,english,participants,ext_def_exp,temp0.3_nodelim_norole_nocot,lusa_113,3,extraction,GNR,,0.95
qwen3_14b,english,participants,ext_def_exp,temp0.3_nodelim_norole_nocot,lusa_113,3,extraction,the attacker,,0.9
qwen3_14b,english,participants,ext_def_exp,temp0.3_nodelim_norole_nocot,lusa_113,3,extraction,the doors of the house,,0.8
qwen3_14b,english,participants,ext_def_exp,temp0.3_nodelim_norole_nocot,lusa_113,3,extraction,the house,,0.8
qwen3_14b,english,participants,ext_def_exp,temp0.3_nodelim_norole_nocot,lusa_113,3,extraction,the victims,,0.9
qwen3_14b,english,participants,cls_def_exp,temp0.3_nodelim_norole_nocot,lusa_113,3,classification,GNR,Org,0.95
qwen3_14b,english,participants,cls_def_exp,temp0.3_nodelim_norole_nocot,lusa_113,3,classification,the attacker,Per,0.9
qwen3_14b,english,participants,cls_def_exp,temp0.3_nodelim_norole_nocot,lusa_113,3,classification,the doors of the house,Obj,0.95
qwen3_14b,english,participants,cls_def_exp,temp0.3_nodelim_norole_nocot,lusa_113,3,classification,the house,Fac,0.9
qwen3_14b,english,participants,cls_def_exp,temp0.3_nodelim_norole_nocot,lusa_113,3,classification,the victims,Per,0.9
qwen3_14b,english,participants,sent_def_exp,temp0.3_nodelim_norole_nocot,lusa_113,4,detection,,yes,0.95
qwen3_14b,english,participants,ext_def_exp,temp0.3_nodelim_norole_nocot,lusa_113,4,extraction,the military,,0.95
qwen3_14b,english,participants,ext_def_exp,temp0.3_nodelim_norole_nocot,lusa_113,4,extraction,he,,0.7
qwen3_14b,english,participants,cls_def_exp,temp0.3_nodelim_norole_nocot,lusa_113,4,classification,the military,Org,0.95
qwen3_14b,english,participants,cls_def_exp,temp0.3_nodelim_norole_nocot,lusa_113,4,classification,he,Per,0.95
qwen3_14b,english,participants,sent_def_exp,temp0.3_nodelim_norole_nocot,lusa_113,5,detection,,yes,0.95
qwen3_14b,english,participants,ext_def_exp,temp0.3_nodelim_norole_nocot,lusa_113,5,extraction,the objects,,0.8
qwen3_14b,english,participants,ext_def_exp,temp0.3_nodelim_norole_nocot,lusa_113,5,extraction,the threats,,0.6
qwen3_14b,english,participants,ext_def_exp,temp0.3_nodelim_norole_nocot,lusa_113,5,extraction,the Guard,,0.9
qwen3_14b,english,participants,ext_def_exp,temp0.3_nodelim_norole_nocot,lusa_113,5,extraction,statement,,0.5
qwen3_14b,english,participants,cls_def_exp,temp0.3_nodelim_norole_nocot,lusa_113,5,classification,the objects,Obj,0.95
qwen3_14b,english,participants,cls_def_exp,temp0.3_nodelim_norole_nocot,lusa_113,5,classification,the threats,Other,0.7
qwen3_14b,english,participants,cls_def_exp,temp0.3_nodelim_norole_nocot,lusa_113,5,classification,the Guard,Org,0.9
qwen3_14b,english,participants,cls_def_exp,temp0.3_nodelim_norole_nocot,lusa_113,5,classification,statement,Other,0.6
qwen3_14b,english,participants,sent_def_exp,temp0.3_nodelim_norole_nocot,lusa_113,6,detection,,yes,0.95
qwen3_14b,english,participants,ext_def_exp,temp0.3_nodelim_norole_nocot,lusa_113,6,extraction,The detainee,,0.95
qwen3_14b,english,participants,ext_def_exp,temp0.3_nodelim_norole_nocot,lusa_113,6,extraction,Judicial Court of Seia,,0.9
qwen3_14b,english,participants,cls_def_exp,temp0.3_nodelim_norole_nocot,lusa_113,6,classification,The detainee,Per,0.95
qwen3_14b,english,participants,cls_def_exp,temp0.3_nodelim_norole_nocot,lusa_113,6,classification,Judicial Court of Seia,Org,0.9
qwen3_14b,english,participants,sent_def_exp,temp0.3_nodelim_norole_nocot,lusa_114,1,detection,,yes,0.95
qwen3_14b,english,participants,ext_def_exp,temp0.3_nodelim_norole_nocot,lusa_114,1,extraction,The Judiciary Police (PJ),,0.95
qwen3_14b,english,participants,ext_def_exp,temp0.3_nodelim_norole_nocot,lusa_114,1,extraction,a 56-year-old man,,0.9
qwen3_14b,english,participants,ext_def_exp,temp0.3_nodelim_norole_nocot,lusa_114,1,extraction,district of Évora,,0.8
qwen3_14b,english,participants,cls_def_exp,temp0.3_nodelim_norole_nocot,lusa_114,1,classification,The Judiciary Police (PJ),Org,0.95
qwen3_14b,english,participants,cls_def_exp,temp0.3_nodelim_norole_nocot,lusa_114,1,classification,a 56-year-old man,Per,0.98
qwen3_14b,english,participants,cls_def_exp,temp0.3_nodelim_norole_nocot,lusa_114,1,classification,district of Évora,Pl_civil,0.9
qwen3_14b,english,participants,sent_def_exp,temp0.3_nodelim_norole_nocot,lusa_114,2,detection,,yes,0.95
qwen3_14b,english,participants,ext_def_exp,temp0.3_nodelim_norole_nocot,lusa_114,2,extraction,PJ,,0.95
qwen3_14b,english,participants,ext_def_exp,temp0.3_nodelim_norole_nocot,lusa_114,2,extraction,the suspect,,0.85
qwen3_14b,english,participants,ext_def_exp,temp0.3_nodelim_norole_nocot,lusa_114,2,extraction,Évora Local Criminal Investigation Unit,,0.95
qwen3_14b,english,participants,cls_def_exp,temp0.3_nodelim_norole_nocot,lusa_114,2,classification,PJ,Org,0.95
qwen3_14b,english,participants,cls_def_exp,temp0.3_nodelim_norole_nocot,lusa_114,2,classification,the suspect,Per,0.98
qwen3_14b,english,participants,cls_def_exp,temp0.3_nodelim_norole_nocot,lusa_114,2,classification,Évora Local Criminal Investigation Unit,Org,0.95
qwen3_14b,english,participants,sent_def_exp,temp0.3_nodelim_norole_nocot,lusa_114,3,detection,,yes,0.95
qwen3_14b,english,participants,ext_def_exp,temp0.3_nodelim_norole_nocot,lusa_114,3,extraction,the police,,0.9
qwen3_14b,english,participants,ext_def_exp,temp0.3_nodelim_norole_nocot,lusa_114,3,extraction,PJ,,0.9
qwen3_14b,english,participants,ext_def_exp,temp0.3_nodelim_norole_nocot,lusa_114,3,extraction,the man,,0.9
qwen3_14b,english,participants,ext_def_exp,temp0.3_nodelim_norole_nocot,lusa_114,3,extraction,several cell phones,,0.8
qwen3_14b,english,participants,ext_def_exp,temp0.3_nodelim_norole_nocot,lusa_114,3,extraction,more than two hundred computer files,,0.8
qwen3_14b,english,participants,cls_def_exp,temp0.3_nodelim_norole_nocot,lusa_114,3,classification,the police,Org,0.95
qwen3_14b,english,participants,cls_def_exp,temp0.3_nodelim_norole_nocot,lusa_114,3,classification,PJ,Org,0.98
qwen3_14b,english,participants,cls_def_exp,temp0.3_nodelim_norole_nocot,lusa_114,3,classification,the man,Per,0.9
qwen3_14b,english,participants,cls_def_exp,temp0.3_nodelim_norole_nocot,lusa_114,3,classification,several cell phones,Obj,0.95
qwen3_14b,english,participants,cls_def_exp,temp0.3_nodelim_norole_nocot,lusa_114,3,classification,more than two hundred computer files,Other,0.8
qwen3_14b,english,participants,sent_def_exp,temp0.3_nodelim_norole_nocot,lusa_114,4,detection,,yes,0.95
qwen3_14b,english,participants,ext_def_exp,temp0.3_nodelim_norole_nocot,lusa_114,4,extraction,the PJ,,0.9
qwen3_14b,english,participants,ext_def_exp,temp0.3_nodelim_norole_nocot,lusa_114,4,extraction,the suspect,,0.9
qwen3_14b,english,participants,ext_def_exp,temp0.3_nodelim_norole_nocot,lusa_114,4,extraction,equipment,,0.8
qwen3_14b,english,participants,ext_def_exp,temp0.3_nodelim_norole_nocot,lusa_114,4,extraction,content,,0.7
qwen3_14b,english,participants,ext_def_exp,temp0.3_nodelim_norole_nocot,lusa_114,4,extraction,images of minors in sexual situations,,0.8
qwen3_14b,english,participants,cls_def_exp,temp0.3_nodelim_norole_nocot,lusa_114,4,classification,the PJ,Org,0.95
qwen3_14b,english,participants,cls_def_exp,temp0.3_nodelim_norole_nocot,lusa_114,4,classification,the suspect,Per,0.9
qwen3_14b,english,participants,cls_def_exp,temp0.3_nodelim_norole_nocot,lusa_114,4,classification,equipment,Obj,0.95
qwen3_14b,english,participants,cls_def_exp,temp0.3_nodelim_norole_nocot,lusa_114,4,classification,content,Other,0.7
qwen3_14b,english,participants,cls_def_exp,temp0.3_nodelim_norole_nocot,lusa_114,4,classification,images of minors in sexual situations,Other,0.8
qwen3_14b,english,participants,sent_def_exp,temp0.3_nodelim_norole_nocot,lusa_114,5,detection,,yes,0.95
qwen3_14b,english,participants,ext_def_exp,temp0.3_nodelim_norole_nocot,lusa_114,5,extraction,the detainee,,0.95
qwen3_14b,english,participants,cls_def_exp,temp0.3_nodelim_norole_nocot,lusa_114,5,classification,the detainee,Per,0.95
qwen3_14b,english,participants,sent_def_exp,temp0.3_nodelim_norole_nocot,lusa_115,1,detection,,yes,0.95
qwen3_14b,english,participants,ext_def_exp,temp0.3_nodelim_norole_nocot,lusa_115,1,extraction,Four men,,0.95
qwen3_14b,english,participants,ext_def_exp,temp0.3_nodelim_norole_nocot,lusa_115,1,extraction,two different vehicles,,0.8
qwen3_14b,english,participants,ext_def_exp,temp0.3_nodelim_norole_nocot,lusa_115,1,extraction,vehicles parked in the area,,0.7
qwen3_14b,english,participants,ext_def_exp,temp0.3_nodelim_norole_nocot,lusa_115,1,extraction,Rego area,,0.9
qwen3_14b,english,participants,ext_def_exp,temp0.3_nodelim_norole_nocot,lusa_115,1,extraction,Lisbon,,0.9
qwen3_14b,english,participants,ext_def_exp,temp0.3_nodelim_norole_nocot,lusa_115,1,extraction,police source,,0.9
qwen3_14b,english,participants,ext_def_exp,temp0.3_nodelim_norole_nocot,lusa_115,1,extraction,firearms,,0.8
qwen3_14b,english,participants,cls_def_exp,temp0.3_nodelim_norole_nocot,lusa_115,1,classification,Four men,Per,0.95
qwen3_14b,english,participants,cls_def_exp,temp0.3_nodelim_norole_nocot,lusa_115,1,classification,two different vehicles,Veh,0.9
qwen3_14b,english,participants,cls_def_exp,temp0.3_nodelim_norole_nocot,lusa_115,1,classification,vehicles parked in the area,Veh,0.85
qwen3_14b,english,participants,cls_def_exp,temp0.3_nodelim_norole_nocot,lusa_115,1,classification,Rego area,Pl_region,0.8
qwen3_14b,english,participants,cls_def_exp,temp0.3_nodelim_norole_nocot,lusa_115,1,classification,Lisbon,Pl_capital,0.95
qwen3_14b,english,participants,cls_def_exp,temp0.3_nodelim_norole_nocot,lusa_115,1,classification,police source,Per,0.8
qwen3_14b,english,participants,cls_def_exp,temp0.3_nodelim_norole_nocot,lusa_115,1,classification,firearms,Obj,0.9
qwen3_14b,english,participants,sent_def_exp,temp0.3_nodelim_norole_nocot,lusa_115,2,detection,,yes,0.95
qwen3_14b,english,participants,ext_def_exp,temp0.3_nodelim_norole_nocot,lusa_115,2,extraction,Lusa,,1.0
qwen3_14b,english,participants,ext_def_exp,temp0.3_nodelim_norole_nocot,lusa_115,2,extraction,a source,,0.8
qwen3_14b,english,participants,ext_def_exp,temp0.3_nodelim_norole_nocot,lusa_115,2,extraction,PSP Lisbon Metropolitan Command,,1.0
qwen3_14b,english,participants,cls_def_exp,temp0.3_nodelim_norole_nocot,lusa_115,2,classification,Lusa,Org,0.95
qwen3_14b,english,participants,cls_def_exp,temp0.3_nodelim_norole_nocot,lusa_115,2,classification,a source,Per,0.9
qwen3_14b,english,participants,cls_def_exp,temp0.3_nodelim_norole_nocot,lusa_115,2,classification,PSP Lisbon Metropolitan Command,Org,0.98
qwen3_14b,english,participants,sent_def_exp,temp0.3_nodelim_norole_nocot,lusa_115,3,detection,,yes,0.95
qwen3_14b,english,participants,ext_def_exp,temp0.3_nodelim_norole_nocot,lusa_115,3,extraction,The four men,,0.95
qwen3_14b,english,participants,ext_def_exp,temp0.3_nodelim_norole_nocot,lusa_115,3,extraction,authorities,,0.85
qwen3_14b,english,participants,cls_def_exp,temp0.3_nodelim_norole_nocot,lusa_115,3,classification,The four men,Per,0.95
qwen3_14b,english,participants,cls_def_exp,temp0.3_nodelim_norole_nocot,lusa_115,3,classification,authorities,Org,0.9
qwen3_14b,english,participants,sent_def_exp,temp0.3_nodelim_norole_nocot,lusa_115,4,detection,,yes,0.65
qwen3_14b,english,participants,ext_def_exp,temp0.3_nodelim_norole_nocot,lusa_115,4,extraction,the same source,,0.9
qwen3_14b,english,participants,ext_def_exp,temp0.3_nodelim_norole_nocot,lusa_115,4,extraction,vehicles,,0.8
qwen3_14b,english,participants,ext_def_exp,temp0.3_nodelim_norole_nocot,lusa_115,4,extraction,bullet casings,,0.7
qwen3_14b,english,participants,ext_def_exp,temp0.3_nodelim_norole_nocot,lusa_115,4,extraction,scene,,0.6
qwen3_14b,english,participants,cls_def_exp,temp0.3_nodelim_norole_nocot,lusa_115,4,classification,the same source,Per,0.95
qwen3_14b,english,participants,cls_def_exp,temp0.3_nodelim_norole_nocot,lusa_115,4,classification,vehicles,Obj,0.9
qwen3_14b,english,participants,cls_def_exp,temp0.3_nodelim_norole_nocot,lusa_115,4,classification,bullet casings,Obj,0.85
qwen3_14b,english,participants,cls_def_exp,temp0.3_nodelim_norole_nocot,lusa_115,4,classification,scene,Loc,0.7
qwen3_14b,english,participants,sent_def_exp,temp0.3_nodelim_norole_nocot,lusa_115,5,detection,,yes,0.95
qwen3_14b,english,participants,ext_def_exp,temp0.3_nodelim_norole_nocot,lusa_115,5,extraction,the same source,,0.9
qwen3_14b,english,participants,ext_def_exp,temp0.3_nodelim_norole_nocot,lusa_115,5,extraction,one of the suspects,,0.9
qwen3_14b,english,participants,ext_def_exp,temp0.3_nodelim_norole_nocot,lusa_115,5,extraction,magazine,,0.8
qwen3_14b,english,participants,ext_def_exp,temp0.3_nodelim_norole_nocot,lusa_115,5,extraction,ammunition,,0.8
qwen3_14b,english,participants,cls_def_exp,temp0.3_nodelim_norole_nocot,lusa_115,5,classification,the same source,Per,0.95
qwen3_14b,english,participants,cls_def_exp,temp0.3_nodelim_norole_nocot,lusa_115,5,classification,one of the suspects,Per,0.9
qwen3_14b,english,participants,cls_def_exp,temp0.3_nodelim_norole_nocot,lusa_115,5,classification,magazine,Obj,0.95
qwen3_14b,english,participants,cls_def_exp,temp0.3_nodelim_norole_nocot,lusa_115,5,classification,ammunition,Obj,0.9
qwen3_14b,english,participants,sent_def_exp,temp0.3_nodelim_norole_nocot,lusa_115,6,detection,,yes,0.95
qwen3_14b,english,participants,ext_def_exp,temp0.3_nodelim_norole_nocot,lusa_115,6,extraction,Judiciary Police,,0.95
qwen3_14b,english,participants,cls_def_exp,temp0.3_nodelim_norole_nocot,lusa_115,6,classification,Judiciary Police,Org,1.0
qwen3_14b,english,participants,sent_def_exp,temp0.3_nodelim_norole_nocot,lusa_116,1,detection,,yes,0.95
qwen3_14b,english,participants,ext_def_exp,temp0.3_nodelim_norole_nocot,lusa_116,1,extraction,Two men aged 22 and 33,,0.95
qwen3_14b,english,participants,ext_def_exp,temp0.3_nodelim_norole_nocot,lusa_116,1,extraction,Casal dos Machados neighborhood,,0.85
qwen3_14b,english,participants,ext_def_exp,temp0.3_nodelim_norole_nocot,lusa_116,1,extraction,Lisbon,,0.8
qwen3_14b,english,participants,ext_def_exp,temp0.3_nodelim_norole_nocot,lusa_116,1,extraction,a PSP source,,0.75
qwen3_14b,english,participants,ext_def_exp,temp0.3_nodelim_norole_nocot,lusa_116,1,extraction,Lusa,,0.8
qwen3_14b,english,participants,cls_def_exp,temp0.3_nodelim_norole_nocot,lusa_116,1,classification,Two men aged 22 and 33,Per,0.95
qwen3_14b,english,participants,cls_def_exp,temp0.3_nodelim_norole_nocot,lusa_116,1,classification,Casal dos Machados neighborhood,Pl_civil,0.9
qwen3_14b,english,participants,cls_def_exp,temp0.3_nodelim_norole_nocot,lusa_116,1,classification,Lisbon,Pl_capital,0.98
qwen3_14b,english,participants,cls_def_exp,temp0.3_nodelim_norole_nocot,lusa_116,1,classification,a PSP source,Org,0.95
qwen3_14b,english,participants,cls_def_exp,temp0.3_nodelim_norole_nocot,lusa_116,1,classification,Lusa,Org,0.95
qwen3_14b,english,participants,sent_def_exp,temp0.3_nodelim_norole_nocot,lusa_116,2,detection,,yes,0.95
qwen3_14b,english,participants,ext_def_exp,temp0.3_nodelim_norole_nocot,lusa_116,2,extraction,source,,0.7
qwen3_14b,english,participants,ext_def_exp,temp0.3_nodelim_norole_nocot,lusa_116,2,extraction,several people,,0.9
qwen3_14b,english,participants,ext_def_exp,temp0.3_nodelim_norole_nocot,lusa_116,2,extraction,firearms,,0.6
qwen3_14b,english,participants,ext_def_exp,temp0.3_nodelim_norole_nocot,lusa_116,2,extraction,gas pumps,,0.8
qwen3_14b,english,participants,ext_def_exp,temp0.3_nodelim_norole_nocot,lusa_116,2,extraction,Avenida Infante D.,,0.9
qwen3_14b,english,participants,cls_def_exp,temp0.3_nodelim_norole_nocot,lusa_116,2,classification,source,Per,0.7
qwen3_14b,english,participants,cls_def_exp,temp0.3_nodelim_norole_nocot,lusa_116,2,classification,several people,Per,0.95
qwen3_14b,english,participants,cls_def_exp,temp0.3_nodelim_norole_nocot,lusa_116,2,classification,firearms,Obj,0.95
qwen3_14b,english,participants,cls_def_exp,temp0.3_nodelim_norole_nocot,lusa_116,2,classification,gas pumps,Obj,0.95
qwen3_14b,english,participants,cls_def_exp,temp0.3_nodelim_norole_nocot,lusa_116,2,classification,Avenida Infante D.,Path,0.95
qwen3_14b,english,participants,sent_def_exp,temp0.3_nodelim_norole_nocot,lusa_116,3,detection,,yes,0.95
qwen3_14b,english,participants,ext_def_exp,temp0.3_nodelim_norole_nocot,lusa_116,3,extraction,Henrique,,0.95
qwen3_14b,english,participants,ext_def_exp,temp0.3_nodelim_norole_nocot,lusa_116,3,extraction,Largo Maria Judite de Carvalho,,0.9
qwen3_14b,english,participants,ext_def_exp,temp0.3_nodelim_norole_nocot,lusa_116,3,extraction,Casal dos Machados,,0.9
qwen3_14b,english,participants,ext_def_exp,temp0.3_nodelim_norole_nocot,lusa_116,3,extraction,Parque das Nations,,0.9
qwen3_14b,english,participants,cls_def_exp,temp0.3_nodelim_norole_nocot,lusa_116,3,classification,Henrique,Per,0.95
qwen3_14b,english,participants,cls_def_exp,temp0.3_nodelim_norole_nocot,lusa_116,3,classification,Largo Maria Judite de Carvalho,Path,0.85
qwen3_14b,english,participants,cls_def_exp,temp0.3_nodelim_norole_nocot,lusa_116,3,classification,Casal dos Machados,Pl_civil,0.9
qwen3_14b,english,participants,cls_def_exp,temp0.3_nodelim_norole_nocot,lusa_116,3,classification,Parque das Nations,Pl_civil,0.8
qwen3_14b,english,participants,sent_def_exp,temp0.3_nodelim_norole_nocot,lusa_116,4,detection,,yes,0.95
qwen3_14b,english,participants,ext_def_exp,temp0.3_nodelim_norole_nocot,lusa_116,4,extraction,a 33-year-old man,,0.95
qwen3_14b,english,participants,ext_def_exp,temp0.3_nodelim_norole_nocot,lusa_116,4,extraction,ambulance,,0.8
qwen3_14b,english,participants,ext_def_exp,temp0.3_nodelim_norole_nocot,lusa_116,4,extraction,Santa Maria Hospital,,0.9
qwen3_14b,english,participants,cls_def_exp,temp0.3_nodelim_norole_nocot,lusa_116,4,classification,a 33-year-old man,Per,0.95
qwen3_14b,english,participants,cls_def_exp,temp0.3_nodelim_norole_nocot,lusa_116,4,classification,ambulance,Veh,0.9
qwen3_14b,english,participants,cls_def_exp,temp0.3_nodelim_norole_nocot,lusa_116,4,classification,Santa Maria Hospital,Fac,0.95
qwen3_14b,english,participants,sent_def_exp,temp0.3_nodelim_norole_nocot,lusa_116,5,detection,,yes,0.95
qwen3_14b,english,participants,ext_def_exp,temp0.3_nodelim_norole_nocot,lusa_116,5,extraction,The slightly injured person,,0.9
qwen3_14b,english,participants,ext_def_exp,temp0.3_nodelim_norole_nocot,lusa_116,5,extraction,the same hospital,,0.8
qwen3_14b,english,participants,ext_def_exp,temp0.3_nodelim_norole_nocot,lusa_116,5,extraction,PSP source,,0.9
qwen3_14b,english,participants,cls_def_exp,temp0.3_nodelim_norole_nocot,lusa_116,5,classification,The slightly injured person,Per,0.95
qwen3_14b,english,participants,cls_def_exp,temp0.3_nodelim_norole_nocot,lusa_116,5,classification,the same hospital,Fac,0.9
qwen3_14b,english,participants,cls_def_exp,temp0.3_nodelim_norole_nocot,lusa_116,5,classification,PSP source,Org,0.9
qwen3_14b,english,participants,sent_def_exp,temp0.3_nodelim_norole_nocot,lusa_116,6,detection,,yes,0.95
qwen3_14b,english,participants,ext_def_exp,temp0.3_nodelim_norole_nocot,lusa_116,6,extraction,PSP,,0.95
qwen3_14b,english,participants,ext_def_exp,temp0.3_nodelim_norole_nocot,lusa_116,6,extraction,firearm cartridge,,0.85
qwen3_14b,english,participants,cls_def_exp,temp0.3_nodelim_norole_nocot,lusa_116,6,classification,PSP,Org,0.95
qwen3_14b,english,participants,cls_def_exp,temp0.3_nodelim_norole_nocot,lusa_116,6,classification,firearm cartridge,Obj,0.9
qwen3_14b,english,participants,sent_def_exp,temp0.3_nodelim_norole_nocot,lusa_116,7,detection,,yes,0.95
qwen3_14b,english,participants,ext_def_exp,temp0.3_nodelim_norole_nocot,lusa_116,7,extraction,Three vehicles,,0.9
qwen3_14b,english,participants,cls_def_exp,temp0.3_nodelim_norole_nocot,lusa_116,7,classification,Three vehicles,Veh,0.95
qwen3_14b,english,participants,sent_def_exp,temp0.3_nodelim_norole_nocot,lusa_116,8,detection,,no,0.75
qwen3_14b,english,participants,sent_def_exp,temp0.3_nodelim_norole_nocot,lusa_116,9,detection,,yes,0.95
qwen3_14b,english,participants,ext_def_exp,temp0.3_nodelim_norole_nocot,lusa_116,9,extraction,Judicial Police,,1.0
qwen3_14b,english,participants,cls_def_exp,temp0.3_nodelim_norole_nocot,lusa_116,9,classification,Judicial Police,Org,1.0
qwen3_14b,english,participants,sent_def_exp,temp0.3_nodelim_norole_nocot,lusa_12,1,detection,,yes,0.95
qwen3_14b,english,participants,ext_def_exp,temp0.3_nodelim_norole_nocot,lusa_12,1,extraction,A Mozambican police officer,,0.9
qwen3_14b,english,participants,ext_def_exp,temp0.3_nodelim_norole_nocot,lusa_12,1,extraction,a colleague,,0.8
qwen3_14b,english,participants,ext_def_exp,temp0.3_nodelim_norole_nocot,lusa_12,1,extraction,police source,,0.7
qwen3_14b,english,participants,ext_def_exp,temp0.3_nodelim_norole_nocot,lusa_12,1,extraction,Lusa,,0.9
qwen3_14b,english,participants,ext_def_exp,temp0.3_nodelim_norole_nocot,lusa_12,1,extraction,province of Maputo,,0.8
qwen3_14b,english,participants,ext_def_exp,temp0.3_nodelim_norole_nocot,lusa_12,1,extraction,southern Mozambique,,0.7
qwen3_14b,english,participants,cls_def_exp,temp0.3_nodelim_norole_nocot,lusa_12,1,classification,A Mozambican police officer,Per,0.95
qwen3_14b,english,participants,cls_def_exp,temp0.3_nodelim_norole_nocot,lusa_12,1,classification,a colleague,Per,0.9
qwen3_14b,english,participants,cls_def_exp,temp0.3_nodelim_norole_nocot,lusa_12,1,classification,police source,Per,0.85
qwen3_14b,english,participants,cls_def_exp,temp0.3_nodelim_norole_nocot,lusa_12,1,classification,Lusa,Org,0.95
qwen3_14b,english,participants,cls_def_exp,temp0.3_nodelim_norole_nocot,lusa_12,1,classification,province of Maputo,Pl_civil,0.9
qwen3_14b,english,participants,cls_def_exp,temp0.3_nodelim_norole_nocot,lusa_12,1,classification,southern Mozambique,Pl_region,0.85
qwen3_14b,english,participants,sent_def_exp,temp0.3_nodelim_norole_nocot,lusa_12,2,detection,,yes,0.95
qwen3_14b,english,participants,ext_def_exp,temp0.3_nodelim_norole_nocot,lusa_12,2,extraction,members,,0.8
qwen3_14b,english,participants,ext_def_exp,temp0.3_nodelim_norole_nocot,lusa_12,2,extraction,one of the members,,0.7
qwen3_14b,english,participants,ext_def_exp,temp0.3_nodelim_norole_nocot,lusa_12,2,extraction,the other,,0.6
qwen3_14b,english,participants,ext_def_exp,temp0.3_nodelim_norole_nocot,lusa_12,2,extraction,Juarce Martins,,0.95
qwen3_14b,english,participants,ext_def_exp,temp0.3_nodelim_norole_nocot,lusa_12,2,extraction,Police of the Republic of Mozambique (PRM),,0.9
qwen3_14b,english,participants,ext_def_exp,temp0.3_nodelim_norole_nocot,lusa_12,2,extraction,Maputo province,,0.7
qwen3_14b,english,participants,cls_def_exp,temp0.3_nodelim_norole_nocot,lusa_12,2,classification,members,Per,0.95
qwen3_14b,english,participants,cls_def_exp,temp0.3_nodelim_norole_nocot,lusa_12,2,classification,one of the members,Per,0.95
qwen3_14b,english,participants,cls_def_exp,temp0.3_nodelim_norole_nocot,lusa_12,2,classification,the other,Per,0.95
qwen3_14b,english,participants,cls_def_exp,temp0.3_nodelim_norole_nocot,lusa_12,2,classification,Juarce Martins,Per,0.95
qwen3_14b,english,participants,cls_def_exp,temp0.3_nodelim_norole_nocot,lusa_12,2,classification,Police of the Republic of Mozambique (PRM),Org,0.95
qwen3_14b,english,participants,cls_def_exp,temp0.3_nodelim_norole_nocot,lusa_12,2,classification,Maputo province,Pl_civil,0.9
qwen3_14b,english,participants,sent_def_exp,temp0.3_nodelim_norole_nocot,lusa_12,3,detection,,yes,0.95
qwen3_14b,english,participants,ext_def_exp,temp0.3_nodelim_norole_nocot,lusa_12,3,extraction,PRM agents,,0.9
qwen3_14b,english,participants,ext_def_exp,temp0.3_nodelim_norole_nocot,lusa_12,3,extraction,Department of Protection of Natural Resources and Environment,,0.9
qwen3_14b,english,participants,ext_def_exp,temp0.3_nodelim_norole_nocot,lusa_12,3,extraction,Magude,,0.8
qwen3_14b,english,participants,ext_def_exp,temp0.3_nodelim_norole_nocot,lusa_12,3,extraction,Maputo,,0.8
qwen3_14b,english,participants,cls_def_exp,temp0.3_nodelim_norole_nocot,lusa_12,3,classification,PRM agents,Per,0.95
qwen3_14b,english,participants,cls_def_exp,temp0.3_nodelim_norole_nocot,lusa_12,3,classification,Department of Protection of Natural Resources and Environment,Org,0.9
qwen3_14b,english,participants,cls_def_exp,temp0.3_nodelim_norole_nocot,lusa_12,3,classification,Magude,Pl_civil,0.95
qwen3_14b,english,participants,cls_def_exp,temp0.3_nodelim_norole_nocot,lusa_12,3,classification,Maputo,Pl_state,0.9
qwen3_14b,english,participants,sent_def_exp,temp0.3_nodelim_norole_nocot,lusa_12,4,detection,,yes,0.95
qwen3_14b,english,participants,ext_def_exp,temp0.3_nodelim_norole_nocot,lusa_12,4,extraction,police,,0.9
qwen3_14b,english,participants,ext_def_exp,temp0.3_nodelim_norole_nocot,lusa_12,4,extraction,the two officers,,0.7
qwen3_14b,english,participants,ext_def_exp,temp0.3_nodelim_norole_nocot,lusa_12,4,extraction,the camp,,0.8
qwen3_14b,english,participants,ext_def_exp,temp0.3_nodelim_norole_nocot,lusa_12,4,extraction,the protected area,,0.8
qwen3_14b,english,participants,ext_def_exp,temp0.3_nodelim_norole_nocot,lusa_12,4,extraction,the province,,0.8
qwen3_14b,english,participants,ext_def_exp,temp0.3_nodelim_norole_nocot,lusa_12,4,extraction,that province,,0.7
qwen3_14b,english,participants,cls_def_exp,temp0.3_nodelim_norole_nocot,lusa_12,4,classification,police,Org,0.95
qwen3_14b,english,participants,cls_def_exp,temp0.3_nodelim_norole_nocot,lusa_12,4,classification,the two officers,Per,0.9
qwen3_14b,english,participants,cls_def_exp,temp0.3_nodelim_norole_nocot,lusa_12,4,classification,the camp,Fac,0.85
qwen3_14b,english,participants,cls_def_exp,temp0.3_nodelim_norole_nocot,lusa_12,4,classification,the protected area,Pl_region,0.75
qwen3_14b,english,participants,cls_def_exp,temp0.3_nodelim_norole_nocot,lusa_12,4,classification,the province,Pl_state,0.9
qwen3_14b,english,participants,cls_def_exp,temp0.3_nodelim_norole_nocot,lusa_12,4,classification,that province,Pl_state,0.9
qwen3_14b,english,participants,sent_def_exp,temp0.3_nodelim_norole_nocot,lusa_12,5,detection,,yes,0.95
qwen3_14b,english,participants,ext_def_exp,temp0.3_nodelim_norole_nocot,lusa_12,5,extraction,other colleagues,,0.9
qwen3_14b,english,participants,ext_def_exp,temp0.3_nodelim_norole_nocot,lusa_12,5,extraction,the perpetrator,,0.95
qwen3_14b,english,participants,ext_def_exp,temp0.3_nodelim_norole_nocot,lusa_12,5,extraction,PRM spokesperson,,0.9
qwen3_14b,english,participants,cls_def_exp,temp0.3_nodelim_norole_nocot,lusa_12,5,classification,other colleagues,Per,0.95
qwen3_14b,english,participants,cls_def_exp,temp0.3_nodelim_norole_nocot,lusa_12,5,classification,the perpetrator,Per,0.95
qwen3_14b,english,participants,cls_def_exp,temp0.3_nodelim_norole_nocot,lusa_12,5,classification,PRM spokesperson,Per,0.9
qwen3_14b,english,participants,sent_def_exp,temp0.3_nodelim_norole_nocot,lusa_12,6,detection,,yes,0.95
qwen3_14b,english,participants,ext_def_exp,temp0.3_nodelim_norole_nocot,lusa_12,6,extraction,Juarce Martins,,0.95
qwen3_14b,english,participants,ext_def_exp,temp0.3_nodelim_norole_nocot,lusa_12,6,extraction,the agent,,0.85
qwen3_14b,english,participants,cls_def_exp,temp0.3_nodelim_norole_nocot,lusa_12,6,classification,Juarce Martins,Per,0.95
qwen3_14b,english,participants,cls_def_exp,temp0.3_nodelim_norole_nocot,lusa_12,6,classification,the agent,Per,0.85
qwen3_14b,english,participants,sent_def_exp,temp0.3_nodelim_norole_nocot,lusa_12,7,detection,,no,0.3
qwen3_14b,english,participants,sent_def_exp,temp0.3_nodelim_norole_nocot,lusa_13,1,detection,,yes,0.95
qwen3_14b,english,participants,ext_def_exp,temp0.3_nodelim_norole_nocot,lusa_13,1,extraction,Mozambican maritime inspection,,0.95
qwen3_14b,english,participants,ext_def_exp,temp0.3_nodelim_norole_nocot,lusa_13,1,extraction,"1,100 kilos of crab",,0.8
qwen3_14b,english,participants,ext_def_exp,temp0.3_nodelim_norole_nocot,lusa_13,1,extraction,crab,,0.7
qwen3_14b,english,participants,ext_def_exp,temp0.3_nodelim_norole_nocot,lusa_13,1,extraction,an authority source,,0.9
qwen3_14b,english,participants,ext_def_exp,temp0.3_nodelim_norole_nocot,lusa_13,1,extraction,Lusa,,0.95
qwen3_14b,english,participants,cls_def_exp,temp0.3_nodelim_norole_nocot,lusa_13,1,classification,Mozambican maritime inspection,Org,0.95
qwen3_14b,english,participants,cls_def_exp,temp0.3_nodelim_norole_nocot,lusa_13,1,classification,"1,100 kilos of crab",Nat,0.85
qwen3_14b,english,participants,cls_def_exp,temp0.3_nodelim_norole_nocot,lusa_13,1,classification,crab,Nat,0.95
qwen3_14b,english,participants,cls_def_exp,temp0.3_nodelim_norole_nocot,lusa_13,1,classification,an authority source,Per,0.8
qwen3_14b,english,participants,cls_def_exp,temp0.3_nodelim_norole_nocot,lusa_13,1,classification,Lusa,Org,0.95
qwen3_14b,english,participants,sent_def_exp,temp0.3_nodelim_norole_nocot,lusa_13,2,detection,,yes,0.95
qwen3_14b,english,participants,ext_def_exp,temp0.3_nodelim_norole_nocot,lusa_13,2,extraction,authorities,,0.9
qwen3_14b,english,participants,ext_def_exp,temp0.3_nodelim_norole_nocot,lusa_13,2,extraction,vessel,,0.8
qwen3_14b,english,participants,ext_def_exp,temp0.3_nodelim_norole_nocot,lusa_13,2,extraction,crab,,0.7
qwen3_14b,english,participants,cls_def_exp,temp0.3_nodelim_norole_nocot,lusa_13,2,classification,authorities,Org,0.95
qwen3_14b,english,participants,cls_def_exp,temp0.3_nodelim_norole_nocot,lusa_13,2,classification,vessel,Veh,0.9
qwen3_14b,english,participants,cls_def_exp,temp0.3_nodelim_norole_nocot,lusa_13,2,classification,crab,Nat,0.95
qwen3_14b,english,participants,sent_def_exp,temp0.3_nodelim_norole_nocot,lusa_13,3,detection,,yes,0.95
qwen3_14b,english,participants,ext_def_exp,temp0.3_nodelim_norole_nocot,lusa_13,3,extraction,César Maphossa,,0.95
qwen3_14b,english,participants,ext_def_exp,temp0.3_nodelim_norole_nocot,lusa_13,3,extraction,crabs,,0.7
qwen3_14b,english,participants,ext_def_exp,temp0.3_nodelim_norole_nocot,lusa_13,3,extraction,vessels,,0.7
qwen3_14b,english,participants,ext_def_exp,temp0.3_nodelim_norole_nocot,lusa_13,3,extraction,those responsible,,0.6
qwen3_14b,english,participants,cls_def_exp,temp0.3_nodelim_norole_nocot,lusa_13,3,classification,César Maphossa,Per,0.95
qwen3_14b,english,participants,cls_def_exp,temp0.3_nodelim_norole_nocot,lusa_13,3,classification,crabs,Nat,0.9
qwen3_14b,english,participants,cls_def_exp,temp0.3_nodelim_norole_nocot,lusa_13,3,classification,vessels,Obj,0.95
qwen3_14b,english,participants,cls_def_exp,temp0.3_nodelim_norole_nocot,lusa_13,3,classification,those responsible,Per,0.85
qwen3_14b,english,participants,sent_def_exp,temp0.3_nodelim_norole_nocot,lusa_13,4,detection,,yes,0.95
qwen3_14b,english,participants,ext_def_exp,temp0.3_nodelim_norole_nocot,lusa_13,4,extraction,crew,,0.95
qwen3_14b,english,participants,ext_def_exp,temp0.3_nodelim_norole_nocot,lusa_13,4,extraction,the boat,,0.9
qwen3_14b,english,participants,ext_def_exp,temp0.3_nodelim_norole_nocot,lusa_13,4,extraction,Beira,,0.9
qwen3_14b,english,participants,ext_def_exp,temp0.3_nodelim_norole_nocot,lusa_13,4,extraction,Mozambique,,0.9
qwen3_14b,english,participants,ext_def_exp,temp0.3_nodelim_norole_nocot,lusa_13,4,extraction,inspectors,,0.95
qwen3_14b,english,participants,cls_def_exp,temp0.3_nodelim_norole_nocot,lusa_13,4,classification,crew,Per,0.95
qwen3_14b,english,participants,cls_def_exp,temp0.3_nodelim_norole_nocot,lusa_13,4,classification,the boat,Obj,0.9
qwen3_14b,english,participants,cls_def_exp,temp0.3_nodelim_norole_nocot,lusa_13,4,classification,Beira,Pl_civil,0.95
qwen3_14b,english,participants,cls_def_exp,temp0.3_nodelim_norole_nocot,lusa_13,4,classification,Mozambique,Pl_country,0.95
qwen3_14b,english,participants,cls_def_exp,temp0.3_nodelim_norole_nocot,lusa_13,4,classification,inspectors,Per,0.9
qwen3_14b,english,participants,sent_def_exp,temp0.3_nodelim_norole_nocot,lusa_13,5,detection,,yes,0.7
qwen3_14b,english,participants,ext_def_exp,temp0.3_nodelim_norole_nocot,lusa_13,5,extraction,The vessel,,0.95
qwen3_14b,english,participants,ext_def_exp,temp0.3_nodelim_norole_nocot,lusa_13,5,extraction,the crabs,,0.95
qwen3_14b,english,participants,ext_def_exp,temp0.3_nodelim_norole_nocot,lusa_13,5,extraction,boxes,,0.7
qwen3_14b,english,participants,ext_def_exp,temp0.3_nodelim_norole_nocot,lusa_13,5,extraction,Maria River mangrove,,0.9
qwen3_14b,english,participants,ext_def_exp,temp0.3_nodelim_norole_nocot,lusa_13,5,extraction,Sofala,,0.9
qwen3_14b,english,participants,cls_def_exp,temp0.3_nodelim_norole_nocot,lusa_13,5,classification,The vessel,Veh,0.95
qwen3_14b,english,participants,cls_def_exp,temp0.3_nodelim_norole_nocot,lusa_13,5,classification,the crabs,Nat,0.9
qwen3_14b,english,participants,cls_def_exp,temp0.3_nodelim_norole_nocot,lusa_13,5,classification,boxes,Obj,0.95
qwen3_14b,english,participants,cls_def_exp,temp0.3_nodelim_norole_nocot,lusa_13,5,classification,Maria River mangrove,Pl_water,0.8
qwen3_14b,english,participants,cls_def_exp,temp0.3_nodelim_norole_nocot,lusa_13,5,classification,Sofala,Pl_civil,0.85
qwen3_14b,english,participants,sent_def_exp,temp0.3_nodelim_norole_nocot,lusa_13,6,detection,,yes,0.75
qwen3_14b,english,participants,ext_def_exp,temp0.3_nodelim_norole_nocot,lusa_13,6,extraction,authorities,,0.95
qwen3_14b,english,participants,ext_def_exp,temp0.3_nodelim_norole_nocot,lusa_13,6,extraction,crab,,0.85
qwen3_14b,english,participants,ext_def_exp,temp0.3_nodelim_norole_nocot,lusa_13,6,extraction,500 kilograms of crab,,0.8
qwen3_14b,english,participants,ext_def_exp,temp0.3_nodelim_norole_nocot,lusa_13,6,extraction,ban period,,0.75
qwen3_14b,english,participants,cls_def_exp,temp0.3_nodelim_norole_nocot,lusa_13,6,classification,authorities,Org,0.95
qwen3_14b,english,participants,cls_def_exp,temp0.3_nodelim_norole_nocot,lusa_13,6,classification,crab,Nat,0.9
qwen3_14b,english,participants,cls_def_exp,temp0.3_nodelim_norole_nocot,lusa_13,6,classification,500 kilograms of crab,Obj,0.85
qwen3_14b,english,participants,cls_def_exp,temp0.3_nodelim_norole_nocot,lusa_13,6,classification,ban period,Other,0.7
qwen3_14b,english,participants,sent_def_exp,temp0.3_nodelim_norole_nocot,lusa_13,7,detection,,no,0.2
qwen3_14b,english,participants,sent_def_exp,temp0.3_nodelim_norole_nocot,lusa_14,1,detection,,yes,0.95
qwen3_14b,english,participants,ext_def_exp,temp0.3_nodelim_norole_nocot,lusa_14,1,extraction,Hired killers (sicarios),,0.95
qwen3_14b,english,participants,ext_def_exp,temp0.3_nodelim_norole_nocot,lusa_14,1,extraction,drug trafficking,,0.6
qwen3_14b,english,participants,ext_def_exp,temp0.3_nodelim_norole_nocot,lusa_14,1,extraction,local authorities,,0.9
qwen3_14b,english,participants,ext_def_exp,temp0.3_nodelim_norole_nocot,lusa_14,1,extraction,Mexican state of Michoacán,,0.8
qwen3_14b,english,participants,ext_def_exp,temp0.3_nodelim_norole_nocot,lusa_14,1,extraction,seven people,,0.7
qwen3_14b,english,participants,ext_def_exp,temp0.3_nodelim_norole_nocot,lusa_14,1,extraction,victims,,0.9
qwen3_14b,english,participants,ext_def_exp,temp0.3_nodelim_norole_nocot,lusa_14,1,extraction,rural road,,0.7
qwen3_14b,english,participants,cls_def_exp,temp0.3_nodelim_norole_nocot,lusa_14,1,classification,Hired killers (sicarios),Per,0.95
qwen3_14b,english,participants,cls_def_exp,temp0.3_nodelim_norole_nocot,lusa_14,1,classification,drug trafficking,Other,0.7
qwen3_14b,english,participants,cls_def_exp,temp0.3_nodelim_norole_nocot,lusa_14,1,classification,local authorities,Org,0.9
qwen3_14b,english,participants,cls_def_exp,temp0.3_nodelim_norole_nocot,lusa_14,1,classification,Mexican state of Michoacán,Pl_state,0.95
qwen3_14b,english,participants,cls_def_exp,temp0.3_nodelim_norole_nocot,lusa_14,1,classification,seven people,Per,0.9
qwen3_14b,english,participants,cls_def_exp,temp0.3_nodelim_norole_nocot,lusa_14,1,classification,victims,Per,0.9
qwen3_14b,english,participants,cls_def_exp,temp0.3_nodelim_norole_nocot,lusa_14,1,classification,rural road,Path,0.85
qwen3_14b,english,participants,sent_def_exp,temp0.3_nodelim_norole_nocot,lusa_14,2,detection,,yes,0.95
qwen3_14b,english,participants,ext_def_exp,temp0.3_nodelim_norole_nocot,lusa_14,2,extraction,victims,,0.8
qwen3_14b,english,participants,ext_def_exp,temp0.3_nodelim_norole_nocot,lusa_14,2,extraction,group of agricultural workers,,0.9
qwen3_14b,english,participants,ext_def_exp,temp0.3_nodelim_norole_nocot,lusa_14,2,extraction,Public Prosecutor's Office,,0.9
qwen3_14b,english,participants,ext_def_exp,temp0.3_nodelim_norole_nocot,lusa_14,2,extraction,municipality of Tangamandapio,,0.8
qwen3_14b,english,participants,ext_def_exp,temp0.3_nodelim_norole_nocot,lusa_14,2,extraction,road,,0.6
qwen3_14b,english,participants,cls_def_exp,temp0.3_nodelim_norole_nocot,lusa_14,2,classification,victims,Per,0.95
qwen3_14b,english,participants,cls_def_exp,temp0.3_nodelim_norole_nocot,lusa_14,2,classification,group of agricultural workers,Per,0.9
qwen3_14b,english,participants,cls_def_exp,temp0.3_nodelim_norole_nocot,lusa_14,2,classification,Public Prosecutor's Office,Org,0.95
qwen3_14b,english,participants,cls_def_exp,temp0.3_nodelim_norole_nocot,lusa_14,2,classification,municipality of Tangamandapio,Pl_civil,0.9
qwen3_14b,english,participants,cls_def_exp,temp0.3_nodelim_norole_nocot,lusa_14,2,classification,road,Path,0.85
qwen3_14b,english,participants,sent_def_exp,temp0.3_nodelim_norole_nocot,lusa_14,3,detection,,yes,0.95
qwen3_14b,english,participants,ext_def_exp,temp0.3_nodelim_norole_nocot,lusa_14,3,extraction,Public Prosecutor's Office,,1.0
qwen3_14b,english,participants,ext_def_exp,temp0.3_nodelim_norole_nocot,lusa_14,3,extraction,victims – six men and one woman,,1.0
qwen3_14b,english,participants,cls_def_exp,temp0.3_nodelim_norole_nocot,lusa_14,3,classification,Public Prosecutor's Office,Org,0.95
qwen3_14b,english,participants,cls_def_exp,temp0.3_nodelim_norole_nocot,lusa_14,3,classification,victims – six men and one woman,Per,0.95
qwen3_14b,english,participants,sent_def_exp,temp0.3_nodelim_norole_nocot,lusa_14,4,detection,,no,0.3
qwen3_14b,english,participants,sent_def_exp,temp0.3_nodelim_norole_nocot,lusa_14,5,detection,,yes,0.95
qwen3_14b,english,participants,ext_def_exp,temp0.3_nodelim_norole_nocot,lusa_14,5,extraction,victims,,0.8
qwen3_14b,english,participants,cls_def_exp,temp0.3_nodelim_norole_nocot,lusa_14,5,classification,victims,Per,1.0
qwen3_14b,english,participants,sent_def_exp,temp0.3_nodelim_norole_nocot,lusa_14,6,detection,,yes,0.95
qwen3_14b,english,participants,ext_def_exp,temp0.3_nodelim_norole_nocot,lusa_14,6,extraction,Authorities,,0.9
qwen3_14b,english,participants,ext_def_exp,temp0.3_nodelim_norole_nocot,lusa_14,6,extraction,rival cartels,,0.8
qwen3_14b,english,participants,cls_def_exp,temp0.3_nodelim_norole_nocot,lusa_14,6,classification,Authorities,Org,0.95
qwen3_14b,english,participants,cls_def_exp,temp0.3_nodelim_norole_nocot,lusa_14,6,classification,rival cartels,Org,0.95
qwen3_14b,english,participants,sent_def_exp,temp0.3_nodelim_norole_nocot,lusa_14,7,detection,,yes,0.75
qwen3_14b,english,participants,ext_def_exp,temp0.3_nodelim_norole_nocot,lusa_14,7,extraction,organized crime,,0.9
qwen3_14b,english,participants,ext_def_exp,temp0.3_nodelim_norole_nocot,lusa_14,7,extraction,Mexico,,0.9
qwen3_14b,english,participants,cls_def_exp,temp0.3_nodelim_norole_nocot,lusa_14,7,classification,organized crime,Org,0.95
qwen3_14b,english,participants,cls_def_exp,temp0.3_nodelim_norole_nocot,lusa_14,7,classification,Mexico,Pl_country,0.99
qwen3_14b,english,participants,sent_def_exp,temp0.3_nodelim_norole_nocot,lusa_15,1,detection,,yes,0.95
qwen3_14b,english,participants,ext_def_exp,temp0.3_nodelim_norole_nocot,lusa_15,1,extraction,Islamic State (IS),,1.0
qwen3_14b,english,participants,ext_def_exp,temp0.3_nodelim_norole_nocot,lusa_15,1,extraction,Vienna,,0.9
qwen3_14b,english,participants,ext_def_exp,temp0.3_nodelim_norole_nocot,lusa_15,1,extraction,Telegram,,0.8
qwen3_14b,english,participants,cls_def_exp,temp0.3_nodelim_norole_nocot,lusa_15,1,classification,Islamic State (IS),Org,0.95
qwen3_14b,english,participants,cls_def_exp,temp0.3_nodelim_norole_nocot,lusa_15,1,classification,Vienna,Pl_capital,0.9
qwen3_14b,english,participants,cls_def_exp,temp0.3_nodelim_norole_nocot,lusa_15,1,classification,Telegram,Org,0.85
qwen3_14b,english,participants,sent_def_exp,temp0.3_nodelim_norole_nocot,lusa_15,2,detection,,yes,0.95
qwen3_14b,english,participants,ext_def_exp,temp0.3_nodelim_norole_nocot,lusa_15,2,extraction,IS,,0.95
qwen3_14b,english,participants,ext_def_exp,temp0.3_nodelim_norole_nocot,lusa_15,2,extraction,synagogue,,0.7
qwen3_14b,english,participants,ext_def_exp,temp0.3_nodelim_norole_nocot,lusa_15,2,extraction,opera house,,0.7
qwen3_14b,english,participants,ext_def_exp,temp0.3_nodelim_norole_nocot,lusa_15,2,extraction,soldier of the caliphate,,0.8
qwen3_14b,english,participants,cls_def_exp,temp0.3_nodelim_norole_nocot,lusa_15,2,classification,IS,Org,0.95
qwen3_14b,english,participants,cls_def_exp,temp0.3_nodelim_norole_nocot,lusa_15,2,classification,synagogue,Fac,0.9
qwen3_14b,english,participants,cls_def_exp,temp0.3_nodelim_norole_nocot,lusa_15,2,classification,opera house,Fac,0.95
qwen3_14b,english,participants,cls_def_exp,temp0.3_nodelim_norole_nocot,lusa_15,2,classification,soldier of the caliphate,Per,0.85
qwen3_14b,english,participants,sent_def_exp,temp0.3_nodelim_norole_nocot,lusa_15,3,detection,,yes,0.95
qwen3_14b,english,participants,ext_def_exp,temp0.3_nodelim_norole_nocot,lusa_15,3,extraction,Amaq propaganda agency,,0.95
qwen3_14b,english,participants,ext_def_exp,temp0.3_nodelim_norole_nocot,lusa_15,3,extraction,Islamic State fighter,,0.9
qwen3_14b,english,participants,ext_def_exp,temp0.3_nodelim_norole_nocot,lusa_15,3,extraction,Vienna,,0.85
qwen3_14b,english,participants,ext_def_exp,temp0.3_nodelim_norole_nocot,lusa_15,3,extraction,armed robber,,0.7
qwen3_14b,english,participants,cls_def_exp,temp0.3_nodelim_norole_nocot,lusa_15,3,classification,Amaq propaganda agency,Org,0.95
qwen3_14b,english,participants,cls_def_exp,temp0.3_nodelim_norole_nocot,lusa_15,3,classification,Islamic State fighter,Per,0.98
qwen3_14b,english,participants,cls_def_exp,temp0.3_nodelim_norole_nocot,lusa_15,3,classification,Vienna,Pl_capital,0.99
qwen3_14b,english,participants,cls_def_exp,temp0.3_nodelim_norole_nocot,lusa_15,3,classification,armed robber,Per,0.97
qwen3_14b,english,participants,sent_def_exp,temp0.3_nodelim_norole_nocot,lusa_15,4,detection,,yes,1.0
qwen3_14b,english,participants,ext_def_exp,temp0.3_nodelim_norole_nocot,lusa_15,4,extraction,The 20-year-old perpetrator of the attack,,0.95
qwen3_14b,english,participants,ext_def_exp,temp0.3_nodelim_norole_nocot,lusa_15,4,extraction,police,,0.9
qwen3_14b,english,participants,ext_def_exp,temp0.3_nodelim_norole_nocot,lusa_15,4,extraction,Vienna,,0.8
qwen3_14b,english,participants,cls_def_exp,temp0.3_nodelim_norole_nocot,lusa_15,4,classification,The 20-year-old perpetrator of the attack,Per,0.95
qwen3_14b,english,participants,cls_def_exp,temp0.3_nodelim_norole_nocot,lusa_15,4,classification,police,Org,0.9
qwen3_14b,english,participants,cls_def_exp,temp0.3_nodelim_norole_nocot,lusa_15,4,classification,Vienna,Pl_capital,0.95
qwen3_14b,english,participants,sent_def_exp,temp0.3_nodelim_norole_nocot,lusa_15,5,detection,,yes,0.95
qwen3_14b,english,participants,ext_def_exp,temp0.3_nodelim_norole_nocot,lusa_15,5,extraction,The young man,,0.95
qwen3_14b,english,participants,ext_def_exp,temp0.3_nodelim_norole_nocot,lusa_15,5,extraction,Austrian,,0.9
qwen3_14b,english,participants,ext_def_exp,temp0.3_nodelim_norole_nocot,lusa_15,5,extraction,North Macedonia,,0.9
qwen3_14b,english,participants,ext_def_exp,temp0.3_nodelim_norole_nocot,lusa_15,5,extraction,Syria,,0.9
qwen3_14b,english,participants,ext_def_exp,temp0.3_nodelim_norole_nocot,lusa_15,5,extraction,IS,,0.95
qwen3_14b,english,participants,cls_def_exp,temp0.3_nodelim_norole_nocot,lusa_15,5,classification,The young man,Per,0.95
qwen3_14b,english,participants,cls_def_exp,temp0.3_nodelim_norole_nocot,lusa_15,5,classification,Austrian,Pl_country,0.9
qwen3_14b,english,participants,cls_def_exp,temp0.3_nodelim_norole_nocot,lusa_15,5,classification,North Macedonia,Pl_country,0.95
qwen3_14b,english,participants,cls_def_exp,temp0.3_nodelim_norole_nocot,lusa_15,5,classification,Syria,Pl_country,0.95
qwen3_14b,english,participants,cls_def_exp,temp0.3_nodelim_norole_nocot,lusa_15,5,classification,IS,Org,0.95
qwen3_14b,english,participants,sent_def_exp,temp0.3_nodelim_norole_nocot,lusa_16,1,detection,,yes,0.95
qwen3_14b,english,participants,ext_def_exp,temp0.3_nodelim_norole_nocot,lusa_16,1,extraction,Ricardo Pinheiro,,0.95
qwen3_14b,english,participants,ext_def_exp,temp0.3_nodelim_norole_nocot,lusa_16,1,extraction,José Mendes,,0.95
qwen3_14b,english,participants,ext_def_exp,temp0.3_nodelim_norole_nocot,lusa_16,1,extraction,Secretary of State for Planning,,0.8
qwen3_14b,english,participants,ext_def_exp,temp0.3_nodelim_norole_nocot,lusa_16,1,extraction,Presidency of the Republic portal,,0.85
qwen3_14b,english,participants,cls_def_exp,temp0.3_nodelim_norole_nocot,lusa_16,1,classification,Ricardo Pinheiro,Per,0.95
qwen3_14b,english,participants,cls_def_exp,temp0.3_nodelim_norole_nocot,lusa_16,1,classification,José Mendes,Per,0.95
qwen3_14b,english,participants,cls_def_exp,temp0.3_nodelim_norole_nocot,lusa_16,1,classification,Secretary of State for Planning,Org,0.9
qwen3_14b,english,participants,cls_def_exp,temp0.3_nodelim_norole_nocot,lusa_16,1,classification,Presidency of the Republic portal,Loc,0.85
qwen3_14b,english,participants,sent_def_exp,temp0.3_nodelim_norole_nocot,lusa_16,2,detection,,yes,0.95
qwen3_14b,english,participants,ext_def_exp,temp0.3_nodelim_norole_nocot,lusa_16,2,extraction,The President of the Republic,,0.8
qwen3_14b,english,participants,ext_def_exp,temp0.3_nodelim_norole_nocot,lusa_16,2,extraction,the Prime Minister,,0.8
qwen3_14b,english,participants,ext_def_exp,temp0.3_nodelim_norole_nocot,lusa_16,2,extraction,José Fernandes Gomes Mendes,,0.95
qwen3_14b,english,participants,ext_def_exp,temp0.3_nodelim_norole_nocot,lusa_16,2,extraction,Ricardo Miguel Furtado Pinheiro,,0.95
qwen3_14b,english,participants,ext_def_exp,temp0.3_nodelim_norole_nocot,lusa_16,2,extraction,the note.,,0.7
qwen3_14b,english,participants,cls_def_exp,temp0.3_nodelim_norole_nocot,lusa_16,2,classification,The President of the Republic,Per,0.95
qwen3_14b,english,participants,cls_def_exp,temp0.3_nodelim_norole_nocot,lusa_16,2,classification,the Prime Minister,Per,0.95
qwen3_14b,english,participants,cls_def_exp,temp0.3_nodelim_norole_nocot,lusa_16,2,classification,José Fernandes Gomes Mendes,Per,0.95
qwen3_14b,english,participants,cls_def_exp,temp0.3_nodelim_norole_nocot,lusa_16,2,classification,Ricardo Miguel Furtado Pinheiro,Per,0.95
qwen3_14b,english,participants,cls_def_exp,temp0.3_nodelim_norole_nocot,lusa_16,2,classification,the note.,Loc,0.8
qwen3_14b,english,participants,sent_def_exp,temp0.3_nodelim_norole_nocot,lusa_16,3,detection,,yes,0.95
qwen3_14b,english,participants,ext_def_exp,temp0.3_nodelim_norole_nocot,lusa_16,3,extraction,Nelson de Sousa,,1.0
qwen3_14b,english,participants,ext_def_exp,temp0.3_nodelim_norole_nocot,lusa_16,3,extraction,the Palácio de Belém,,1.0
qwen3_14b,english,participants,cls_def_exp,temp0.3_nodelim_norole_nocot,lusa_16,3,classification,Nelson de Sousa,Per,0.95
qwen3_14b,english,participants,cls_def_exp,temp0.3_nodelim_norole_nocot,lusa_16,3,classification,the Palácio de Belém,Fac,0.9
qwen3_14b,english,participants,sent_def_exp,temp0.3_nodelim_norole_nocot,lusa_16,4,detection,,yes,0.95
qwen3_14b,english,participants,ext_def_exp,temp0.3_nodelim_norole_nocot,lusa_16,4,extraction,Ricardo Pinheiro,,0.95
qwen3_14b,english,participants,ext_def_exp,temp0.3_nodelim_norole_nocot,lusa_16,4,extraction,Chamber of Campo Maior,,0.9
qwen3_14b,english,participants,ext_def_exp,temp0.3_nodelim_norole_nocot,lusa_16,4,extraction,district of Portalegre,,0.85
qwen3_14b,english,participants,ext_def_exp,temp0.3_nodelim_norole_nocot,lusa_16,4,extraction,a circle,,0.7
qwen3_14b,english,participants,cls_def_exp,temp0.3_nodelim_norole_nocot,lusa_16,4,classification,Ricardo Pinheiro,Per,0.95
qwen3_14b,english,participants,cls_def_exp,temp0.3_nodelim_norole_nocot,lusa_16,4,classification,Chamber of Campo Maior,Org,0.9
qwen3_14b,english,participants,cls_def_exp,temp0.3_nodelim_norole_nocot,lusa_16,4,classification,district of Portalegre,Pl_civil,0.9
qwen3_14b,english,participants,cls_def_exp,temp0.3_nodelim_norole_nocot,lusa_16,4,classification,a circle,Pl_civil,0.75
qwen3_14b,english,participants,sent_def_exp,temp0.3_nodelim_norole_nocot,lusa_17,1,detection,,yes,0.95
qwen3_14b,english,participants,ext_def_exp,temp0.3_nodelim_norole_nocot,lusa_17,1,extraction,people,,0.9
qwen3_14b,english,participants,ext_def_exp,temp0.3_nodelim_norole_nocot,lusa_17,1,extraction,fire,,0.8
qwen3_14b,english,participants,ext_def_exp,temp0.3_nodelim_norole_nocot,lusa_17,1,extraction,residential building,,0.9
qwen3_14b,english,participants,ext_def_exp,temp0.3_nodelim_norole_nocot,lusa_17,1,extraction,Hong Kong,,0.9
qwen3_14b,english,participants,ext_def_exp,temp0.3_nodelim_norole_nocot,lusa_17,1,extraction,local media,,0.8
qwen3_14b,english,participants,cls_def_exp,temp0.3_nodelim_norole_nocot,lusa_17,1,classification,people,Per,0.95
qwen3_14b,english,participants,cls_def_exp,temp0.3_nodelim_norole_nocot,lusa_17,1,classification,fire,Other,0.7
qwen3_14b,english,participants,cls_def_exp,temp0.3_nodelim_norole_nocot,lusa_17,1,classification,residential building,Fac,0.95
qwen3_14b,english,participants,cls_def_exp,temp0.3_nodelim_norole_nocot,lusa_17,1,classification,Hong Kong,Pl_civil,0.9
qwen3_14b,english,participants,cls_def_exp,temp0.3_nodelim_norole_nocot,lusa_17,1,classification,local media,Org,0.95
qwen3_14b,english,participants,sent_def_exp,temp0.3_nodelim_norole_nocot,lusa_17,2,detection,,yes,1.0
qwen3_14b,english,participants,ext_def_exp,temp0.3_nodelim_norole_nocot,lusa_17,2,extraction,three men,,0.9
qwen3_14b,english,participants,ext_def_exp,temp0.3_nodelim_norole_nocot,lusa_17,2,extraction,three women,,0.9
qwen3_14b,english,participants,ext_def_exp,temp0.3_nodelim_norole_nocot,lusa_17,2,extraction,a 9-year-old child,,0.9
qwen3_14b,english,participants,ext_def_exp,temp0.3_nodelim_norole_nocot,lusa_17,2,extraction,South China Morning Post (SCMP),,0.95
qwen3_14b,english,participants,cls_def_exp,temp0.3_nodelim_norole_nocot,lusa_17,2,classification,three men,Per,1.0
qwen3_14b,english,participants,cls_def_exp,temp0.3_nodelim_norole_nocot,lusa_17,2,classification,three women,Per,1.0
qwen3_14b,english,participants,cls_def_exp,temp0.3_nodelim_norole_nocot,lusa_17,2,classification,a 9-year-old child,Per,1.0
qwen3_14b,english,participants,cls_def_exp,temp0.3_nodelim_norole_nocot,lusa_17,2,classification,South China Morning Post (SCMP),Org,1.0
qwen3_14b,english,participants,sent_def_exp,temp0.3_nodelim_norole_nocot,lusa_17,3,detection,,yes,0.95
qwen3_14b,english,participants,ext_def_exp,temp0.3_nodelim_norole_nocot,lusa_17,3,extraction,Three men,,1.0
qwen3_14b,english,participants,ext_def_exp,temp0.3_nodelim_norole_nocot,lusa_17,3,extraction,four women,,1.0
qwen3_14b,english,participants,cls_def_exp,temp0.3_nodelim_norole_nocot,lusa_17,3,classification,Three men,Per,1.0
qwen3_14b,english,participants,cls_def_exp,temp0.3_nodelim_norole_nocot,lusa_17,3,classification,four women,Per,1.0
qwen3_14b,english,participants,sent_def_exp,temp0.3_nodelim_norole_nocot,lusa_17,4,detection,,yes,0.95
qwen3_14b,english,participants,ext_def_exp,temp0.3_nodelim_norole_nocot,lusa_17,4,extraction,Two other people,,1.0
qwen3_14b,english,participants,cls_def_exp,temp0.3_nodelim_norole_nocot,lusa_17,4,classification,Two other people,Per,0.95
qwen3_14b,english,participants,sent_def_exp,temp0.3_nodelim_norole_nocot,lusa_17,5,detection,,no,0.2
qwen3_14b,english,participants,sent_def_exp,temp0.3_nodelim_norole_nocot,lusa_17,6,detection,,yes,0.95
qwen3_14b,english,participants,ext_def_exp,temp0.3_nodelim_norole_nocot,lusa_17,6,extraction,apartment,,1.0
qwen3_14b,english,participants,ext_def_exp,temp0.3_nodelim_norole_nocot,lusa_17,6,extraction,family gathering,,0.9
qwen3_14b,english,participants,ext_def_exp,temp0.3_nodelim_norole_nocot,lusa_17,6,extraction,authorities,,1.0
qwen3_14b,english,participants,ext_def_exp,temp0.3_nodelim_norole_nocot,lusa_17,6,extraction,unlicensed restaurant,,1.0
qwen3_14b,english,participants,cls_def_exp,temp0.3_nodelim_norole_nocot,lusa_17,6,classification,apartment,Fac,0.9
qwen3_14b,english,participants,cls_def_exp,temp0.3_nodelim_norole_nocot,lusa_17,6,classification,family gathering,Other,0.6
qwen3_14b,english,participants,cls_def_exp,temp0.3_nodelim_norole_nocot,lusa_17,6,classification,authorities,Org,0.9
qwen3_14b,english,participants,cls_def_exp,temp0.3_nodelim_norole_nocot,lusa_17,6,classification,unlicensed restaurant,Org,0.8
qwen3_14b,english,participants,sent_def_exp,temp0.3_nodelim_norole_nocot,lusa_17,7,detection,,yes,0.95
qwen3_14b,english,participants,ext_def_exp,temp0.3_nodelim_norole_nocot,lusa_17,7,extraction,victims,,1.0
qwen3_14b,english,participants,ext_def_exp,temp0.3_nodelim_norole_nocot,lusa_17,7,extraction,Nepalese,,0.9
qwen3_14b,english,participants,cls_def_exp,temp0.3_nodelim_norole_nocot,lusa_17,7,classification,victims,Per,0.95
qwen3_14b,english,participants,cls_def_exp,temp0.3_nodelim_norole_nocot,lusa_17,7,classification,Nepalese,Other,0.7
qwen3_14b,english,participants,sent_def_exp,temp0.3_nodelim_norole_nocot,lusa_17,8,detection,,yes,0.95
qwen3_14b,english,participants,ext_def_exp,temp0.3_nodelim_norole_nocot,lusa_17,8,extraction,Firefighters,,0.95
qwen3_14b,english,participants,ext_def_exp,temp0.3_nodelim_norole_nocot,lusa_17,8,extraction,building,,0.7
qwen3_14b,english,participants,ext_def_exp,temp0.3_nodelim_norole_nocot,lusa_17,8,extraction,those present during the event,,0.6
qwen3_14b,english,participants,cls_def_exp,temp0.3_nodelim_norole_nocot,lusa_17,8,classification,Firefighters,Per,0.95
qwen3_14b,english,participants,cls_def_exp,temp0.3_nodelim_norole_nocot,lusa_17,8,classification,building,Obj,0.9
qwen3_14b,english,participants,cls_def_exp,temp0.3_nodelim_norole_nocot,lusa_17,8,classification,those present during the event,Per,0.85
qwen3_14b,english,participants,sent_def_exp,temp0.3_nodelim_norole_nocot,lusa_18,1,detection,,yes,0.95
qwen3_14b,english,participants,ext_def_exp,temp0.3_nodelim_norole_nocot,lusa_18,1,extraction,The Attorney General's Office of the Republic (PGR) of Angola,,1.0
qwen3_14b,english,participants,ext_def_exp,temp0.3_nodelim_norole_nocot,lusa_18,1,extraction,National Asset Recovery Service,,1.0
qwen3_14b,english,participants,ext_def_exp,temp0.3_nodelim_norole_nocot,lusa_18,1,extraction,three more buildings,,1.0
qwen3_14b,english,participants,ext_def_exp,temp0.3_nodelim_norole_nocot,lusa_18,1,extraction,real estate project,,1.0
qwen3_14b,english,participants,ext_def_exp,temp0.3_nodelim_norole_nocot,lusa_18,1,extraction,Luanda Medical Center clinic,,1.0
qwen3_14b,english,participants,ext_def_exp,temp0.3_nodelim_norole_nocot,lusa_18,1,extraction,a hotel,,0.8
qwen3_14b,english,participants,cls_def_exp,temp0.3_nodelim_norole_nocot,lusa_18,1,classification,The Attorney General's Office of the Republic (PGR) of Angola,Org,0.95
qwen3_14b,english,participants,cls_def_exp,temp0.3_nodelim_norole_nocot,lusa_18,1,classification,National Asset Recovery Service,Org,0.9
qwen3_14b,english,participants,cls_def_exp,temp0.3_nodelim_norole_nocot,lusa_18,1,classification,three more buildings,Obj,0.9
qwen3_14b,english,participants,cls_def_exp,temp0.3_nodelim_norole_nocot,lusa_18,1,classification,real estate project,Obj,0.7
qwen3_14b,english,participants,cls_def_exp,temp0.3_nodelim_norole_nocot,lusa_18,1,classification,Luanda Medical Center clinic,Fac,0.95
qwen3_14b,english,participants,cls_def_exp,temp0.3_nodelim_norole_nocot,lusa_18,1,classification,a hotel,Fac,0.95
qwen3_14b,english,participants,sent_def_exp,temp0.3_nodelim_norole_nocot,lusa_18,2,detection,,yes,0.95
qwen3_14b,english,participants,ext_def_exp,temp0.3_nodelim_norole_nocot,lusa_18,2,extraction,Monalisa Residence hotels,,0.95
qwen3_14b,english,participants,ext_def_exp,temp0.3_nodelim_norole_nocot,lusa_18,2,extraction,Torres Eucaliptos real estate project,,0.95
qwen3_14b,english,participants,ext_def_exp,temp0.3_nodelim_norole_nocot,lusa_18,2,extraction,Instituto Sapiens building,,0.95
qwen3_14b,english,participants,ext_def_exp,temp0.3_nodelim_norole_nocot,lusa_18,2,extraction,Luanda Medical Center (LMC) building,,0.95
qwen3_14b,english,participants,ext_def_exp,temp0.3_nodelim_norole_nocot,lusa_18,2,extraction,Talatona,,0.7
qwen3_14b,english,participants,ext_def_exp,temp0.3_nodelim_norole_nocot,lusa_18,2,extraction,Rua Amílcar Cabral,,0.7
qwen3_14b,english,participants,ext_def_exp,temp0.3_nodelim_norole_nocot,lusa_18,2,extraction,Ingombota district,,0.7
qwen3_14b,english,participants,ext_def_exp,temp0.3_nodelim_norole_nocot,lusa_18,2,extraction,Luanda,,0.7
qwen3_14b,english,participants,cls_def_exp,temp0.3_nodelim_norole_nocot,lusa_18,2,classification,Monalisa Residence hotels,Fac,0.95
qwen3_14b,english,participants,cls_def_exp,temp0.3_nodelim_norole_nocot,lusa_18,2,classification,Torres Eucaliptos real estate project,Org,0.75
qwen3_14b,english,participants,cls_def_exp,temp0.3_nodelim_norole_nocot,lusa_18,2,classification,Instituto Sapiens building,Fac,0.95
qwen3_14b,english,participants,cls_def_exp,temp0.3_nodelim_norole_nocot,lusa_18,2,classification,Luanda Medical Center (LMC) building,Fac,0.95
qwen3_14b,english,participants,cls_def_exp,temp0.3_nodelim_norole_nocot,lusa_18,2,classification,Talatona,Pl_civil,0.9
qwen3_14b,english,participants,cls_def_exp,temp0.3_nodelim_norole_nocot,lusa_18,2,classification,Rua Amílcar Cabral,Path,0.95
qwen3_14b,english,participants,cls_def_exp,temp0.3_nodelim_norole_nocot,lusa_18,2,classification,Ingombota district,Pl_civil,0.9
qwen3_14b,english,participants,cls_def_exp,temp0.3_nodelim_norole_nocot,lusa_18,2,classification,Luanda,Pl_capital,0.95
qwen3_14b,english,participants,sent_def_exp,temp0.3_nodelim_norole_nocot,lusa_18,3,detection,,yes,0.95
qwen3_14b,english,participants,ext_def_exp,temp0.3_nodelim_norole_nocot,lusa_18,3,extraction,the legal representatives,,1.0
qwen3_14b,english,participants,ext_def_exp,temp0.3_nodelim_norole_nocot,lusa_18,3,extraction,Méssene – Investimentos Limitada,,1.0
qwen3_14b,english,participants,ext_def_exp,temp0.3_nodelim_norole_nocot,lusa_18,3,extraction,Heavy Group – Investimentos Limitada,,1.0
qwen3_14b,english,participants,ext_def_exp,temp0.3_nodelim_norole_nocot,lusa_18,3,extraction,Universal Sabedoria,,1.0
qwen3_14b,english,participants,ext_def_exp,temp0.3_nodelim_norole_nocot,lusa_18,3,extraction,LMC,,1.0
qwen3_14b,english,participants,cls_def_exp,temp0.3_nodelim_norole_nocot,lusa_18,3,classification,the legal representatives,Per,0.95
qwen3_14b,english,participants,cls_def_exp,temp0.3_nodelim_norole_nocot,lusa_18,3,classification,Méssene – Investimentos Limitada,Org,1.0
qwen3_14b,english,participants,cls_def_exp,temp0.3_nodelim_norole_nocot,lusa_18,3,classification,Heavy Group – Investimentos Limitada,Org,1.0
qwen3_14b,english,participants,cls_def_exp,temp0.3_nodelim_norole_nocot,lusa_18,3,classification,Universal Sabedoria,Org,1.0
qwen3_14b,english,participants,cls_def_exp,temp0.3_nodelim_norole_nocot,lusa_18,3,classification,LMC,Org,1.0
qwen3_14b,english,participants,sent_def_exp,temp0.3_nodelim_norole_nocot,lusa_18,4,detection,,yes,0.95
qwen3_14b,english,participants,ext_def_exp,temp0.3_nodelim_norole_nocot,lusa_18,4,extraction,National Social Security Institute,,0.95
qwen3_14b,english,participants,ext_def_exp,temp0.3_nodelim_norole_nocot,lusa_18,4,extraction,private companies,,0.9
qwen3_14b,english,participants,ext_def_exp,temp0.3_nodelim_norole_nocot,lusa_18,4,extraction,the State,,0.9
qwen3_14b,english,participants,ext_def_exp,temp0.3_nodelim_norole_nocot,lusa_18,4,extraction,PGR statement,,0.85
qwen3_14b,english,participants,cls_def_exp,temp0.3_nodelim_norole_nocot,lusa_18,4,classification,National Social Security Institute,Org,0.95
qwen3_14b,english,participants,cls_def_exp,temp0.3_nodelim_norole_nocot,lusa_18,4,classification,private companies,Org,0.9
qwen3_14b,english,participants,cls_def_exp,temp0.3_nodelim_norole_nocot,lusa_18,4,classification,the State,Org,0.85
qwen3_14b,english,participants,cls_def_exp,temp0.3_nodelim_norole_nocot,lusa_18,4,classification,PGR statement,Other,0.7
qwen3_14b,english,participants,sent_def_exp,temp0.3_nodelim_norole_nocot,lusa_18,5,detection,,yes,0.95
qwen3_14b,english,participants,ext_def_exp,temp0.3_nodelim_norole_nocot,lusa_18,5,extraction,the assets,,0.95
qwen3_14b,english,participants,ext_def_exp,temp0.3_nodelim_norole_nocot,lusa_18,5,extraction,the State,,0.95
qwen3_14b,english,participants,ext_def_exp,temp0.3_nodelim_norole_nocot,lusa_18,5,extraction,the note,,0.85
qwen3_14b,english,participants,cls_def_exp,temp0.3_nodelim_norole_nocot,lusa_18,5,classification,the assets,Obj,0.95
qwen3_14b,english,participants,cls_def_exp,temp0.3_nodelim_norole_nocot,lusa_18,5,classification,the State,Org,0.9
qwen3_14b,english,participants,cls_def_exp,temp0.3_nodelim_norole_nocot,lusa_18,5,classification,the note,Obj,0.85
qwen3_14b,english,participants,sent_def_exp,temp0.3_nodelim_norole_nocot,lusa_18,6,detection,,yes,0.95
qwen3_14b,english,participants,ext_def_exp,temp0.3_nodelim_norole_nocot,lusa_18,6,extraction,The PGR,,0.9
qwen3_14b,english,participants,ext_def_exp,temp0.3_nodelim_norole_nocot,lusa_18,6,extraction,Luanda Medical Center clinic,,0.8
qwen3_14b,english,participants,cls_def_exp,temp0.3_nodelim_norole_nocot,lusa_18,6,classification,The PGR,Org,0.95
qwen3_14b,english,participants,cls_def_exp,temp0.3_nodelim_norole_nocot,lusa_18,6,classification,Luanda Medical Center clinic,Fac,0.9
qwen3_14b,english,participants,sent_def_exp,temp0.3_nodelim_norole_nocot,lusa_19,1,detection,,yes,0.95
qwen3_14b,english,participants,ext_def_exp,temp0.3_nodelim_norole_nocot,lusa_19,1,extraction,A 75-year-old man,,1.0
qwen3_14b,english,participants,ext_def_exp,temp0.3_nodelim_norole_nocot,lusa_19,1,extraction,the town of Fervença,,1.0
qwen3_14b,english,participants,ext_def_exp,temp0.3_nodelim_norole_nocot,lusa_19,1,extraction,parish of Maiorga,,1.0
qwen3_14b,english,participants,ext_def_exp,temp0.3_nodelim_norole_nocot,lusa_19,1,extraction,municipality of Alcobaça,,1.0
qwen3_14b,english,participants,ext_def_exp,temp0.3_nodelim_norole_nocot,lusa_19,1,extraction,GNR,,1.0
qwen3_14b,english,participants,cls_def_exp,temp0.3_nodelim_norole_nocot,lusa_19,1,classification,A 75-year-old man,Per,0.95
qwen3_14b,english,participants,cls_def_exp,temp0.3_nodelim_norole_nocot,lusa_19,1,classification,the town of Fervença,Pl_civil,0.9
qwen3_14b,english,participants,cls_def_exp,temp0.3_nodelim_norole_nocot,lusa_19,1,classification,parish of Maiorga,Pl_civil,0.9
qwen3_14b,english,participants,cls_def_exp,temp0.3_nodelim_norole_nocot,lusa_19,1,classification,municipality of Alcobaça,Pl_civil,0.95
qwen3_14b,english,participants,cls_def_exp,temp0.3_nodelim_norole_nocot,lusa_19,1,classification,GNR,Org,0.95
qwen3_14b,english,participants,sent_def_exp,temp0.3_nodelim_norole_nocot,lusa_19,2,detection,,yes,0.95
qwen3_14b,english,participants,ext_def_exp,temp0.3_nodelim_norole_nocot,lusa_19,2,extraction,GNR,,0.95
qwen3_14b,english,participants,ext_def_exp,temp0.3_nodelim_norole_nocot,lusa_19,2,extraction,family member,,0.9
qwen3_14b,english,participants,ext_def_exp,temp0.3_nodelim_norole_nocot,lusa_19,2,extraction,75-year-old man,,0.95
qwen3_14b,english,participants,ext_def_exp,temp0.3_nodelim_norole_nocot,lusa_19,2,extraction,Diogo Morgado,,0.95
qwen3_14b,english,participants,ext_def_exp,temp0.3_nodelim_norole_nocot,lusa_19,2,extraction,Caldas da Rainha Territorial Detachment of the GNR,,0.9
qwen3_14b,english,participants,ext_def_exp,temp0.3_nodelim_norole_nocot,lusa_19,2,extraction,Lusa agency,,0.95
qwen3_14b,english,participants,cls_def_exp,temp0.3_nodelim_norole_nocot,lusa_19,2,classification,GNR,Org,0.95
qwen3_14b,english,participants,cls_def_exp,temp0.3_nodelim_norole_nocot,lusa_19,2,classification,family member,Per,0.9
qwen3_14b,english,participants,cls_def_exp,temp0.3_nodelim_norole_nocot,lusa_19,2,classification,75-year-old man,Per,0.95
qwen3_14b,english,participants,cls_def_exp,temp0.3_nodelim_norole_nocot,lusa_19,2,classification,Diogo Morgado,Per,0.98
qwen3_14b,english,participants,cls_def_exp,temp0.3_nodelim_norole_nocot,lusa_19,2,classification,Caldas da Rainha Territorial Detachment of the GNR,Org,0.95
qwen3_14b,english,participants,cls_def_exp,temp0.3_nodelim_norole_nocot,lusa_19,2,classification,Lusa agency,Org,0.9
qwen3_14b,english,participants,sent_def_exp,temp0.3_nodelim_norole_nocot,lusa_19,3,detection,,yes,0.95
qwen3_14b,english,participants,ext_def_exp,temp0.3_nodelim_norole_nocot,lusa_19,3,extraction,the Judiciary Police,,0.95
qwen3_14b,english,participants,ext_def_exp,temp0.3_nodelim_norole_nocot,lusa_19,3,extraction,the victim,,0.8
qwen3_14b,english,participants,ext_def_exp,temp0.3_nodelim_norole_nocot,lusa_19,3,extraction,the victim's residence,,0.8
qwen3_14b,english,participants,ext_def_exp,temp0.3_nodelim_norole_nocot,lusa_19,3,extraction,the district of Leiria,,0.7
qwen3_14b,english,participants,ext_def_exp,temp0.3_nodelim_norole_nocot,lusa_19,3,extraction,the same person in charge,,0.7
qwen3_14b,english,participants,cls_def_exp,temp0.3_nodelim_norole_nocot,lusa_19,3,classification,the Judiciary Police,Org,0.95
qwen3_14b,english,participants,cls_def_exp,temp0.3_nodelim_norole_nocot,lusa_19,3,classification,the victim,Per,0.9
qwen3_14b,english,participants,cls_def_exp,temp0.3_nodelim_norole_nocot,lusa_19,3,classification,the victim's residence,Fac,0.85
qwen3_14b,english,participants,cls_def_exp,temp0.3_nodelim_norole_nocot,lusa_19,3,classification,the district of Leiria,Pl_civil,0.9
qwen3_14b,english,participants,cls_def_exp,temp0.3_nodelim_norole_nocot,lusa_19,3,classification,the same person in charge,Per,0.85
qwen3_14b,english,participants,sent_def_exp,temp0.3_nodelim_norole_nocot,lusa_19,4,detection,,yes,0.95
qwen3_14b,english,participants,ext_def_exp,temp0.3_nodelim_norole_nocot,lusa_19,4,extraction,The man,,0.9
qwen3_14b,english,participants,ext_def_exp,temp0.3_nodelim_norole_nocot,lusa_19,4,extraction,Legal Medicine service,,0.9
qwen3_14b,english,participants,ext_def_exp,temp0.3_nodelim_norole_nocot,lusa_19,4,extraction,Leiria,,0.8
qwen3_14b,english,participants,ext_def_exp,temp0.3_nodelim_norole_nocot,lusa_19,4,extraction,Judiciary Police,,0.9
qwen3_14b,english,participants,cls_def_exp,temp0.3_nodelim_norole_nocot,lusa_19,4,classification,The man,Per,0.95
qwen3_14b,english,participants,cls_def_exp,temp0.3_nodelim_norole_nocot,lusa_19,4,classification,Legal Medicine service,Org,0.9
qwen3_14b,english,participants,cls_def_exp,temp0.3_nodelim_norole_nocot,lusa_19,4,classification,Leiria,Pl_civil,0.95
qwen3_14b,english,participants,cls_def_exp,temp0.3_nodelim_norole_nocot,lusa_19,4,classification,Judiciary Police,Org,0.95
qwen3_14b,english,participants,sent_def_exp,temp0.3_nodelim_norole_nocot,lusa_19,5,detection,,yes,0.95
qwen3_14b,english,participants,ext_def_exp,temp0.3_nodelim_norole_nocot,lusa_19,5,extraction,Lusa,,1.0
qwen3_14b,english,participants,ext_def_exp,temp0.3_nodelim_norole_nocot,lusa_19,5,extraction,Leiria Judiciary Police,,1.0
qwen3_14b,english,participants,cls_def_exp,temp0.3_nodelim_norole_nocot,lusa_19,5,classification,Lusa,Org,0.95
qwen3_14b,english,participants,cls_def_exp,temp0.3_nodelim_norole_nocot,lusa_19,5,classification,Leiria Judiciary Police,Org,0.9
qwen3_14b,english,participants,sent_def_exp,temp0.3_nodelim_norole_nocot,lusa_2,1,detection,,yes,0.95
qwen3_14b,english,participants,ext_def_exp,temp0.3_nodelim_norole_nocot,lusa_2,1,extraction,A 20-year-old man,,0.95
qwen3_14b,english,participants,ext_def_exp,temp0.3_nodelim_norole_nocot,lusa_2,1,extraction,PSP,,0.95
qwen3_14b,english,participants,ext_def_exp,temp0.3_nodelim_norole_nocot,lusa_2,1,extraction,Pasteleira Nova neighborhood,,0.9
qwen3_14b,english,participants,ext_def_exp,temp0.3_nodelim_norole_nocot,lusa_2,1,extraction,Porto,,0.9
qwen3_14b,english,participants,ext_def_exp,temp0.3_nodelim_norole_nocot,lusa_2,1,extraction,heroin,,0.8
qwen3_14b,english,participants,ext_def_exp,temp0.3_nodelim_norole_nocot,lusa_2,1,extraction,cocaine,,0.8
qwen3_14b,english,participants,ext_def_exp,temp0.3_nodelim_norole_nocot,lusa_2,1,extraction,a firearm,,0.8
qwen3_14b,english,participants,ext_def_exp,temp0.3_nodelim_norole_nocot,lusa_2,1,extraction,that police force,,0.7
qwen3_14b,english,participants,ext_def_exp,temp0.3_nodelim_norole_nocot,lusa_2,1,extraction,the police force,,0.7
qwen3_14b,english,participants,cls_def_exp,temp0.3_nodelim_norole_nocot,lusa_2,1,classification,A 20-year-old man,Per,0.95
qwen3_14b,english,participants,cls_def_exp,temp0.3_nodelim_norole_nocot,lusa_2,1,classification,PSP,Org,0.9
qwen3_14b,english,participants,cls_def_exp,temp0.3_nodelim_norole_nocot,lusa_2,1,classification,Pasteleira Nova neighborhood,Pl_civil,0.85
qwen3_14b,english,participants,cls_def_exp,temp0.3_nodelim_norole_nocot,lusa_2,1,classification,Porto,Pl_civil,0.8
qwen3_14b,english,participants,cls_def_exp,temp0.3_nodelim_norole_nocot,lusa_2,1,classification,heroin,Obj,0.8
qwen3_14b,english,participants,cls_def_exp,temp0.3_nodelim_norole_nocot,lusa_2,1,classification,cocaine,Obj,0.8
qwen3_14b,english,participants,cls_def_exp,temp0.3_nodelim_norole_nocot,lusa_2,1,classification,a firearm,Obj,0.95
qwen3_14b,english,participants,cls_def_exp,temp0.3_nodelim_norole_nocot,lusa_2,1,classification,that police force,Org,0.9
qwen3_14b,english,participants,cls_def_exp,temp0.3_nodelim_norole_nocot,lusa_2,1,classification,the police force,Org,0.9
qwen3_14b,english,participants,sent_def_exp,temp0.3_nodelim_norole_nocot,lusa_2,2,detection,,yes,0.95
qwen3_14b,english,participants,ext_def_exp,temp0.3_nodelim_norole_nocot,lusa_2,2,extraction,Porto Metropolitan Command of the PSP,,0.9
qwen3_14b,english,participants,ext_def_exp,temp0.3_nodelim_norole_nocot,lusa_2,2,extraction,PSP,,0.9
qwen3_14b,english,participants,cls_def_exp,temp0.3_nodelim_norole_nocot,lusa_2,2,classification,Porto Metropolitan Command of the PSP,Org,0.95
qwen3_14b,english,participants,cls_def_exp,temp0.3_nodelim_norole_nocot,lusa_2,2,classification,PSP,Org,0.98
qwen3_14b,english,participants,sent_def_exp,temp0.3_nodelim_norole_nocot,lusa_2,3,detection,,yes,0.95
qwen3_14b,english,participants,ext_def_exp,temp0.3_nodelim_norole_nocot,lusa_2,3,extraction,PSP,,0.95
qwen3_14b,english,participants,ext_def_exp,temp0.3_nodelim_norole_nocot,lusa_2,3,extraction,the unemployed person,,0.9
qwen3_14b,english,participants,ext_def_exp,temp0.3_nodelim_norole_nocot,lusa_2,3,extraction,heroin,,0.8
qwen3_14b,english,participants,ext_def_exp,temp0.3_nodelim_norole_nocot,lusa_2,3,extraction,cocaine,,0.8
qwen3_14b,english,participants,cls_def_exp,temp0.3_nodelim_norole_nocot,lusa_2,3,classification,PSP,Org,0.95
qwen3_14b,english,participants,cls_def_exp,temp0.3_nodelim_norole_nocot,lusa_2,3,classification,the unemployed person,Per,0.9
qwen3_14b,english,participants,cls_def_exp,temp0.3_nodelim_norole_nocot,lusa_2,3,classification,heroin,Obj,0.95
qwen3_14b,english,participants,cls_def_exp,temp0.3_nodelim_norole_nocot,lusa_2,3,classification,cocaine,Obj,0.95
qwen3_14b,english,participants,sent_def_exp,temp0.3_nodelim_norole_nocot,lusa_2,4,detection,,yes,0.85
qwen3_14b,english,participants,ext_def_exp,temp0.3_nodelim_norole_nocot,lusa_2,4,extraction,firearm,,0.9
qwen3_14b,english,participants,ext_def_exp,temp0.3_nodelim_norole_nocot,lusa_2,4,extraction,four rounds of ammunition,,0.8
qwen3_14b,english,participants,ext_def_exp,temp0.3_nodelim_norole_nocot,lusa_2,4,extraction,tablet,,0.9
qwen3_14b,english,participants,ext_def_exp,temp0.3_nodelim_norole_nocot,lusa_2,4,extraction,speaker,,0.9
qwen3_14b,english,participants,ext_def_exp,temp0.3_nodelim_norole_nocot,lusa_2,4,extraction,222 euros in cash,,0.8
qwen3_14b,english,participants,ext_def_exp,temp0.3_nodelim_norole_nocot,lusa_2,4,extraction,police force,,0.7
qwen3_14b,english,participants,cls_def_exp,temp0.3_nodelim_norole_nocot,lusa_2,4,classification,firearm,Obj,0.95
qwen3_14b,english,participants,cls_def_exp,temp0.3_nodelim_norole_nocot,lusa_2,4,classification,four rounds of ammunition,Obj,0.9
qwen3_14b,english,participants,cls_def_exp,temp0.3_nodelim_norole_nocot,lusa_2,4,classification,tablet,Obj,0.95
qwen3_14b,english,participants,cls_def_exp,temp0.3_nodelim_norole_nocot,lusa_2,4,classification,speaker,Obj,0.95
qwen3_14b,english,participants,cls_def_exp,temp0.3_nodelim_norole_nocot,lusa_2,4,classification,222 euros in cash,Obj,0.9
qwen3_14b,english,participants,cls_def_exp,temp0.3_nodelim_norole_nocot,lusa_2,4,classification,police force,Org,0.95
qwen3_14b,english,participants,sent_def_exp,temp0.3_nodelim_norole_nocot,lusa_2,5,detection,,yes,0.95
qwen3_14b,english,participants,ext_def_exp,temp0.3_nodelim_norole_nocot,lusa_2,5,extraction,Police Intervention and Surveillance Squadron of the 2nd Division,,0.95
qwen3_14b,english,participants,ext_def_exp,temp0.3_nodelim_norole_nocot,lusa_2,5,extraction,Prevention and Immediate Reaction Teams (EPRI),,0.95
qwen3_14b,english,participants,ext_def_exp,temp0.3_nodelim_norole_nocot,lusa_2,5,extraction,PSP,,0.9
qwen3_14b,english,participants,cls_def_exp,temp0.3_nodelim_norole_nocot,lusa_2,5,classification,Police Intervention and Surveillance Squadron of the 2nd Division,Org,0.95
qwen3_14b,english,participants,cls_def_exp,temp0.3_nodelim_norole_nocot,lusa_2,5,classification,Prevention and Immediate Reaction Teams (EPRI),Org,0.95
qwen3_14b,english,participants,cls_def_exp,temp0.3_nodelim_norole_nocot,lusa_2,5,classification,PSP,Org,0.95
qwen3_14b,english,participants,sent_def_exp,temp0.3_nodelim_norole_nocot,lusa_2,6,detection,,yes,0.95
qwen3_14b,english,participants,ext_def_exp,temp0.3_nodelim_norole_nocot,lusa_2,6,extraction,PSP,,0.95
qwen3_14b,english,participants,ext_def_exp,temp0.3_nodelim_norole_nocot,lusa_2,6,extraction,the detainee,,0.9
qwen3_14b,english,participants,ext_def_exp,temp0.3_nodelim_norole_nocot,lusa_2,6,extraction,Judicial Authorities,,0.95
qwen3_14b,english,participants,cls_def_exp,temp0.3_nodelim_norole_nocot,lusa_2,6,classification,PSP,Org,0.95
qwen3_14b,english,participants,cls_def_exp,temp0.3_nodelim_norole_nocot,lusa_2,6,classification,the detainee,Per,0.95
qwen3_14b,english,participants,cls_def_exp,temp0.3_nodelim_norole_nocot,lusa_2,6,classification,Judicial Authorities,Org,0.95
qwen3_14b,english,participants,sent_def_exp,temp0.3_nodelim_norole_nocot,lusa_21,1,detection,,yes,0.95
qwen3_14b,english,participants,ext_def_exp,temp0.3_nodelim_norole_nocot,lusa_21,1,extraction,vehicle,,0.8
qwen3_14b,english,participants,ext_def_exp,temp0.3_nodelim_norole_nocot,lusa_21,1,extraction,Arcos de Valdevez,,0.9
qwen3_14b,english,participants,ext_def_exp,temp0.3_nodelim_norole_nocot,lusa_21,1,extraction,driver,,0.9
qwen3_14b,english,participants,ext_def_exp,temp0.3_nodelim_norole_nocot,lusa_21,1,extraction,Braga Hospital,,0.9
qwen3_14b,english,participants,ext_def_exp,temp0.3_nodelim_norole_nocot,lusa_21,1,extraction,local fire commander,,0.8
qwen3_14b,english,participants,cls_def_exp,temp0.3_nodelim_norole_nocot,lusa_21,1,classification,vehicle,Veh,0.95
qwen3_14b,english,participants,cls_def_exp,temp0.3_nodelim_norole_nocot,lusa_21,1,classification,Arcos de Valdevez,Pl_civil,0.9
qwen3_14b,english,participants,cls_def_exp,temp0.3_nodelim_norole_nocot,lusa_21,1,classification,driver,Per,0.95
qwen3_14b,english,participants,cls_def_exp,temp0.3_nodelim_norole_nocot,lusa_21,1,classification,Braga Hospital,Fac,0.95
qwen3_14b,english,participants,cls_def_exp,temp0.3_nodelim_norole_nocot,lusa_21,1,classification,local fire commander,Per,0.95
qwen3_14b,english,participants,sent_def_exp,temp0.3_nodelim_norole_nocot,lusa_21,2,detection,,yes,0.95
qwen3_14b,english,participants,ext_def_exp,temp0.3_nodelim_norole_nocot,lusa_21,2,extraction,Estrada Nacional 101,,0.95
qwen3_14b,english,participants,ext_def_exp,temp0.3_nodelim_norole_nocot,lusa_21,2,extraction,traffic,,0.8
qwen3_14b,english,participants,ext_def_exp,temp0.3_nodelim_norole_nocot,lusa_21,2,extraction,the wreckage of the car,,0.9
qwen3_14b,english,participants,ext_def_exp,temp0.3_nodelim_norole_nocot,lusa_21,2,extraction,Filipe Guimarães,,0.95
qwen3_14b,english,participants,ext_def_exp,temp0.3_nodelim_norole_nocot,lusa_21,2,extraction,Lusa,,0.9
qwen3_14b,english,participants,ext_def_exp,temp0.3_nodelim_norole_nocot,lusa_21,2,extraction,the accident,,0.8
qwen3_14b,english,participants,ext_def_exp,temp0.3_nodelim_norole_nocot,lusa_21,2,extraction,a 'tunning' [transformed] vehicle,,0.9
qwen3_14b,english,participants,ext_def_exp,temp0.3_nodelim_norole_nocot,lusa_21,2,extraction,the driver,,0.95
qwen3_14b,english,participants,ext_def_exp,temp0.3_nodelim_norole_nocot,lusa_21,2,extraction,the pole,,0.8
qwen3_14b,english,participants,cls_def_exp,temp0.3_nodelim_norole_nocot,lusa_21,2,classification,Estrada Nacional 101,Path,0.95
qwen3_14b,english,participants,cls_def_exp,temp0.3_nodelim_norole_nocot,lusa_21,2,classification,traffic,Other,0.5
qwen3_14b,english,participants,cls_def_exp,temp0.3_nodelim_norole_nocot,lusa_21,2,classification,the wreckage of the car,Obj,0.9
qwen3_14b,english,participants,cls_def_exp,temp0.3_nodelim_norole_nocot,lusa_21,2,classification,Filipe Guimarães,Per,0.95
qwen3_14b,english,participants,cls_def_exp,temp0.3_nodelim_norole_nocot,lusa_21,2,classification,Lusa,Org,0.95
qwen3_14b,english,participants,cls_def_exp,temp0.3_nodelim_norole_nocot,lusa_21,2,classification,the accident,Other,0.6
qwen3_14b,english,participants,cls_def_exp,temp0.3_nodelim_norole_nocot,lusa_21,2,classification,a 'tunning' [transformed] vehicle,Veh,0.95
qwen3_14b,english,participants,cls_def_exp,temp0.3_nodelim_norole_nocot,lusa_21,2,classification,the driver,Per,0.95
qwen3_14b,english,participants,cls_def_exp,temp0.3_nodelim_norole_nocot,lusa_21,2,classification,the pole,Obj,0.9
qwen3_14b,english,participants,sent_def_exp,temp0.3_nodelim_norole_nocot,lusa_21,3,detection,,yes,0.95
qwen3_14b,english,participants,ext_def_exp,temp0.3_nodelim_norole_nocot,lusa_21,3,extraction,Filipe Guimarães,,0.95
qwen3_14b,english,participants,ext_def_exp,temp0.3_nodelim_norole_nocot,lusa_21,3,extraction,the second occupant of the car,,0.8
qwen3_14b,english,participants,ext_def_exp,temp0.3_nodelim_norole_nocot,lusa_21,3,extraction,eyewitnesses,,0.7
qwen3_14b,english,participants,ext_def_exp,temp0.3_nodelim_norole_nocot,lusa_21,3,extraction,the car,,0.8
qwen3_14b,english,participants,ext_def_exp,temp0.3_nodelim_norole_nocot,lusa_21,3,extraction,vehicle,,0.8
qwen3_14b,english,participants,ext_def_exp,temp0.3_nodelim_norole_nocot,lusa_21,3,extraction,Viana do Castelo Hospital,,0.95
qwen3_14b,english,participants,cls_def_exp,temp0.3_nodelim_norole_nocot,lusa_21,3,classification,Filipe Guimarães,Per,0.95
qwen3_14b,english,participants,cls_def_exp,temp0.3_nodelim_norole_nocot,lusa_21,3,classification,the second occupant of the car,Per,0.9
qwen3_14b,english,participants,cls_def_exp,temp0.3_nodelim_norole_nocot,lusa_21,3,classification,eyewitnesses,Per,0.95
qwen3_14b,english,participants,cls_def_exp,temp0.3_nodelim_norole_nocot,lusa_21,3,classification,the car,Obj,0.95
qwen3_14b,english,participants,cls_def_exp,temp0.3_nodelim_norole_nocot,lusa_21,3,classification,vehicle,Obj,0.95
qwen3_14b,english,participants,cls_def_exp,temp0.3_nodelim_norole_nocot,lusa_21,3,classification,Viana do Castelo Hospital,Fac,0.95
qwen3_14b,english,participants,sent_def_exp,temp0.3_nodelim_norole_nocot,lusa_21,4,detection,,no,0.95
qwen3_14b,english,participants,sent_def_exp,temp0.3_nodelim_norole_nocot,lusa_21,5,detection,,yes,0.95
qwen3_14b,english,participants,ext_def_exp,temp0.3_nodelim_norole_nocot,lusa_21,5,extraction,Filipe Guimarães,,1.0
qwen3_14b,english,participants,cls_def_exp,temp0.3_nodelim_norole_nocot,lusa_21,5,classification,Filipe Guimarães,Per,1.0
qwen3_14b,english,participants,sent_def_exp,temp0.3_nodelim_norole_nocot,lusa_22,1,detection,,yes,0.95
qwen3_14b,english,participants,ext_def_exp,temp0.3_nodelim_norole_nocot,lusa_22,1,extraction,The Portuguese Prime Minister,,0.95
qwen3_14b,english,participants,ext_def_exp,temp0.3_nodelim_norole_nocot,lusa_22,1,extraction,the French President,,0.95
qwen3_14b,english,participants,ext_def_exp,temp0.3_nodelim_norole_nocot,lusa_22,1,extraction,Emmanuel Macron,,0.95
qwen3_14b,english,participants,ext_def_exp,temp0.3_nodelim_norole_nocot,lusa_22,1,extraction,new coronavirus,,0.7
qwen3_14b,english,participants,ext_def_exp,temp0.3_nodelim_norole_nocot,lusa_22,1,extraction,Paris,,0.7
qwen3_14b,english,participants,cls_def_exp,temp0.3_nodelim_norole_nocot,lusa_22,1,classification,The Portuguese Prime Minister,Per,0.95
qwen3_14b,english,participants,cls_def_exp,temp0.3_nodelim_norole_nocot,lusa_22,1,classification,the French President,Per,0.95
qwen3_14b,english,participants,cls_def_exp,temp0.3_nodelim_norole_nocot,lusa_22,1,classification,Emmanuel Macron,Per,0.95
qwen3_14b,english,participants,cls_def_exp,temp0.3_nodelim_norole_nocot,lusa_22,1,classification,new coronavirus,Nat,0.9
qwen3_14b,english,participants,cls_def_exp,temp0.3_nodelim_norole_nocot,lusa_22,1,classification,Paris,Pl_capital,0.95
qwen3_14b,english,participants,sent_def_exp,temp0.3_nodelim_norole_nocot,lusa_22,2,detection,,yes,0.95
qwen3_14b,english,participants,ext_def_exp,temp0.3_nodelim_norole_nocot,lusa_22,2,extraction,French President Emmanuel Macron,,0.95
qwen3_14b,english,participants,ext_def_exp,temp0.3_nodelim_norole_nocot,lusa_22,2,extraction,Élysée Palace,,0.85
qwen3_14b,english,participants,ext_def_exp,temp0.3_nodelim_norole_nocot,lusa_22,2,extraction,the Prime Minister,,0.8
qwen3_14b,english,participants,ext_def_exp,temp0.3_nodelim_norole_nocot,lusa_22,2,extraction,health authorities,,0.75
qwen3_14b,english,participants,ext_def_exp,temp0.3_nodelim_norole_nocot,lusa_22,2,extraction,António Costa's office,,0.85
qwen3_14b,english,participants,cls_def_exp,temp0.3_nodelim_norole_nocot,lusa_22,2,classification,French President Emmanuel Macron,Per,0.95
qwen3_14b,english,participants,cls_def_exp,temp0.3_nodelim_norole_nocot,lusa_22,2,classification,Élysée Palace,Fac,0.95
qwen3_14b,english,participants,cls_def_exp,temp0.3_nodelim_norole_nocot,lusa_22,2,classification,the Prime Minister,Per,0.95
qwen3_14b,english,participants,cls_def_exp,temp0.3_nodelim_norole_nocot,lusa_22,2,classification,health authorities,Org,0.9
qwen3_14b,english,participants,cls_def_exp,temp0.3_nodelim_norole_nocot,lusa_22,2,classification,António Costa's office,Org,0.95
qwen3_14b,english,participants,sent_def_exp,temp0.3_nodelim_norole_nocot,lusa_22,3,detection,,yes,0.95
qwen3_14b,english,participants,ext_def_exp,temp0.3_nodelim_norole_nocot,lusa_22,3,extraction,Lusa agency,,0.9
qwen3_14b,english,participants,ext_def_exp,temp0.3_nodelim_norole_nocot,lusa_22,3,extraction,São Tomé and Príncipe,,0.9
qwen3_14b,english,participants,ext_def_exp,temp0.3_nodelim_norole_nocot,lusa_22,3,extraction,Guinea Bissau,,0.9
qwen3_14b,english,participants,ext_def_exp,temp0.3_nodelim_norole_nocot,lusa_22,3,extraction,the prime minister,,0.9
qwen3_14b,english,participants,cls_def_exp,temp0.3_nodelim_norole_nocot,lusa_22,3,classification,Lusa agency,Org,0.95
qwen3_14b,english,participants,cls_def_exp,temp0.3_nodelim_norole_nocot,lusa_22,3,classification,São Tomé and Príncipe,Pl_country,0.9
qwen3_14b,english,participants,cls_def_exp,temp0.3_nodelim_norole_nocot,lusa_22,3,classification,Guinea Bissau,Pl_country,0.9
qwen3_14b,english,participants,cls_def_exp,temp0.3_nodelim_norole_nocot,lusa_22,3,classification,the prime minister,Per,0.95
qwen3_14b,english,participants,sent_def_exp,temp0.3_nodelim_norole_nocot,lusa_22,4,detection,,yes,0.95
qwen3_14b,english,participants,ext_def_exp,temp0.3_nodelim_norole_nocot,lusa_22,4,extraction,The Prime Minister,,1.0
qwen3_14b,english,participants,ext_def_exp,temp0.3_nodelim_norole_nocot,lusa_22,4,extraction,this trip,,0.8
qwen3_14b,english,participants,ext_def_exp,temp0.3_nodelim_norole_nocot,lusa_22,4,extraction,public agenda,,0.7
qwen3_14b,english,participants,cls_def_exp,temp0.3_nodelim_norole_nocot,lusa_22,4,classification,The Prime Minister,Per,0.95
qwen3_14b,english,participants,cls_def_exp,temp0.3_nodelim_norole_nocot,lusa_22,4,classification,this trip,Other,0.7
qwen3_14b,english,participants,cls_def_exp,temp0.3_nodelim_norole_nocot,lusa_22,4,classification,public agenda,Other,0.7
qwen3_14b,english,participants,sent_def_exp,temp0.3_nodelim_norole_nocot,lusa_22,5,detection,,yes,0.95
qwen3_14b,english,participants,ext_def_exp,temp0.3_nodelim_norole_nocot,lusa_22,5,extraction,He,,0.8
qwen3_14b,english,participants,cls_def_exp,temp0.3_nodelim_norole_nocot,lusa_22,5,classification,He,Per,1.0
qwen3_14b,english,participants,sent_def_exp,temp0.3_nodelim_norole_nocot,lusa_22,6,detection,,yes,0.95
qwen3_14b,english,participants,ext_def_exp,temp0.3_nodelim_norole_nocot,lusa_22,6,extraction,The Prime Minister,,1.0
qwen3_14b,english,participants,cls_def_exp,temp0.3_nodelim_norole_nocot,lusa_22,6,classification,The Prime Minister,Per,0.95
qwen3_14b,english,participants,sent_def_exp,temp0.3_nodelim_norole_nocot,lusa_23,1,detection,,yes,0.95
qwen3_14b,english,participants,ext_def_exp,temp0.3_nodelim_norole_nocot,lusa_23,1,extraction,The leader,,0.95
qwen3_14b,english,participants,ext_def_exp,temp0.3_nodelim_norole_nocot,lusa_23,1,extraction,government of Victoria,,0.9
qwen3_14b,english,participants,ext_def_exp,temp0.3_nodelim_norole_nocot,lusa_23,1,extraction,Australian state of Victoria,,0.9
qwen3_14b,english,participants,ext_def_exp,temp0.3_nodelim_norole_nocot,lusa_23,1,extraction,two hotels,,0.7
qwen3_14b,english,participants,cls_def_exp,temp0.3_nodelim_norole_nocot,lusa_23,1,classification,The leader,Per,0.95
qwen3_14b,english,participants,cls_def_exp,temp0.3_nodelim_norole_nocot,lusa_23,1,classification,government of Victoria,Org,0.9
qwen3_14b,english,participants,cls_def_exp,temp0.3_nodelim_norole_nocot,lusa_23,1,classification,Australian state of Victoria,Pl_civil,0.95
qwen3_14b,english,participants,cls_def_exp,temp0.3_nodelim_norole_nocot,lusa_23,1,classification,two hotels,Fac,0.9
qwen3_14b,english,participants,sent_def_exp,temp0.3_nodelim_norole_nocot,lusa_23,2,detection,,yes,0.95
qwen3_14b,english,participants,ext_def_exp,temp0.3_nodelim_norole_nocot,lusa_23,2,extraction,Victorian Premier Dan Andrews,,0.95
qwen3_14b,english,participants,ext_def_exp,temp0.3_nodelim_norole_nocot,lusa_23,2,extraction,Victorian Premier,,0.7
qwen3_14b,english,participants,ext_def_exp,temp0.3_nodelim_norole_nocot,lusa_23,2,extraction,quarantine system,,0.8
qwen3_14b,english,participants,ext_def_exp,temp0.3_nodelim_norole_nocot,lusa_23,2,extraction,pandemic rulebook,,0.7
qwen3_14b,english,participants,ext_def_exp,temp0.3_nodelim_norole_nocot,lusa_23,2,extraction,investigation report,,0.8
qwen3_14b,english,participants,ext_def_exp,temp0.3_nodelim_norole_nocot,lusa_23,2,extraction,the quarantine system,,0.8
qwen3_14b,english,participants,ext_def_exp,temp0.3_nodelim_norole_nocot,lusa_23,2,extraction,the pandemic rulebook,,0.7
qwen3_14b,english,participants,ext_def_exp,temp0.3_nodelim_norole_nocot,lusa_23,2,extraction,the investigation report,,0.8
qwen3_14b,english,participants,cls_def_exp,temp0.3_nodelim_norole_nocot,lusa_23,2,classification,Victorian Premier Dan Andrews,Per,0.95
qwen3_14b,english,participants,cls_def_exp,temp0.3_nodelim_norole_nocot,lusa_23,2,classification,Victorian Premier,Other,0.6
qwen3_14b,english,participants,cls_def_exp,temp0.3_nodelim_norole_nocot,lusa_23,2,classification,quarantine system,Obj,0.9
qwen3_14b,english,participants,cls_def_exp,temp0.3_nodelim_norole_nocot,lusa_23,2,classification,pandemic rulebook,Obj,0.9
qwen3_14b,english,participants,cls_def_exp,temp0.3_nodelim_norole_nocot,lusa_23,2,classification,investigation report,Obj,0.9
qwen3_14b,english,participants,cls_def_exp,temp0.3_nodelim_norole_nocot,lusa_23,2,classification,the quarantine system,Obj,0.9
qwen3_14b,english,participants,cls_def_exp,temp0.3_nodelim_norole_nocot,lusa_23,2,classification,the pandemic rulebook,Obj,0.9
qwen3_14b,english,participants,cls_def_exp,temp0.3_nodelim_norole_nocot,lusa_23,2,classification,the investigation report,Obj,0.9
qwen3_14b,english,participants,sent_def_exp,temp0.3_nodelim_norole_nocot,lusa_23,3,detection,,yes,0.95
qwen3_14b,english,participants,ext_def_exp,temp0.3_nodelim_norole_nocot,lusa_23,3,extraction,Andrews,,0.95
qwen3_14b,english,participants,ext_def_exp,temp0.3_nodelim_norole_nocot,lusa_23,3,extraction,the Victorian community,,0.9
qwen3_14b,english,participants,cls_def_exp,temp0.3_nodelim_norole_nocot,lusa_23,3,classification,Andrews,Per,0.95
qwen3_14b,english,participants,cls_def_exp,temp0.3_nodelim_norole_nocot,lusa_23,3,classification,the Victorian community,Per,0.7
qwen3_14b,english,participants,sent_def_exp,temp0.3_nodelim_norole_nocot,lusa_23,4,detection,,yes,0.95
qwen3_14b,english,participants,ext_def_exp,temp0.3_nodelim_norole_nocot,lusa_23,4,extraction,quarantine hotels,,0.9
qwen3_14b,english,participants,ext_def_exp,temp0.3_nodelim_norole_nocot,lusa_23,4,extraction,two quarantine hotels,,0.8
qwen3_14b,english,participants,ext_def_exp,temp0.3_nodelim_norole_nocot,lusa_23,4,extraction,Australia's second-largest city,,0.7
qwen3_14b,english,participants,ext_def_exp,temp0.3_nodelim_norole_nocot,lusa_23,4,extraction,the rest of the country,,0.6
qwen3_14b,english,participants,ext_def_exp,temp0.3_nodelim_norole_nocot,lusa_23,4,extraction,virus,,0.8
qwen3_14b,english,participants,ext_def_exp,temp0.3_nodelim_norole_nocot,lusa_23,4,extraction,Australia,,0.8
qwen3_14b,english,participants,cls_def_exp,temp0.3_nodelim_norole_nocot,lusa_23,4,classification,quarantine hotels,Fac,0.95
qwen3_14b,english,participants,cls_def_exp,temp0.3_nodelim_norole_nocot,lusa_23,4,classification,two quarantine hotels,Fac,0.95
qwen3_14b,english,participants,cls_def_exp,temp0.3_nodelim_norole_nocot,lusa_23,4,classification,Australia's second-largest city,Pl_civil,0.9
qwen3_14b,english,participants,cls_def_exp,temp0.3_nodelim_norole_nocot,lusa_23,4,classification,the rest of the country,Pl_region,0.7
qwen3_14b,english,participants,cls_def_exp,temp0.3_nodelim_norole_nocot,lusa_23,4,classification,virus,Nat,0.95
qwen3_14b,english,participants,cls_def_exp,temp0.3_nodelim_norole_nocot,lusa_23,4,classification,Australia,Pl_country,0.99
qwen3_14b,english,participants,sent_def_exp,temp0.3_nodelim_norole_nocot,lusa_23,5,detection,,yes,0.75
qwen3_14b,english,participants,ext_def_exp,temp0.3_nodelim_norole_nocot,lusa_23,5,extraction,Australian deaths,,0.95
qwen3_14b,english,participants,ext_def_exp,temp0.3_nodelim_norole_nocot,lusa_23,5,extraction,Covid-19,,0.95
qwen3_14b,english,participants,ext_def_exp,temp0.3_nodelim_norole_nocot,lusa_23,5,extraction,Victoria,,0.9
qwen3_14b,english,participants,cls_def_exp,temp0.3_nodelim_norole_nocot,lusa_23,5,classification,Australian deaths,Per,0.8
qwen3_14b,english,participants,cls_def_exp,temp0.3_nodelim_norole_nocot,lusa_23,5,classification,Covid-19,Other,0.7
qwen3_14b,english,participants,cls_def_exp,temp0.3_nodelim_norole_nocot,lusa_23,5,classification,Victoria,Pl_state,0.95
qwen3_14b,english,participants,sent_def_exp,temp0.3_nodelim_norole_nocot,lusa_23,6,detection,,yes,0.95
qwen3_14b,english,participants,ext_def_exp,temp0.3_nodelim_norole_nocot,lusa_23,6,extraction,Police,,0.95
qwen3_14b,english,participants,ext_def_exp,temp0.3_nodelim_norole_nocot,lusa_23,6,extraction,Melbourne's quarantine hotels,,0.85
qwen3_14b,english,participants,ext_def_exp,temp0.3_nodelim_norole_nocot,lusa_23,6,extraction,private security guards,,0.9
qwen3_14b,english,participants,ext_def_exp,temp0.3_nodelim_norole_nocot,lusa_23,6,extraction,Melbourne,,0.8
qwen3_14b,english,participants,cls_def_exp,temp0.3_nodelim_norole_nocot,lusa_23,6,classification,Police,Org,0.95
qwen3_14b,english,participants,cls_def_exp,temp0.3_nodelim_norole_nocot,lusa_23,6,classification,Melbourne's quarantine hotels,Fac,0.9
qwen3_14b,english,participants,cls_def_exp,temp0.3_nodelim_norole_nocot,lusa_23,6,classification,private security guards,Per,0.95
qwen3_14b,english,participants,cls_def_exp,temp0.3_nodelim_norole_nocot,lusa_23,6,classification,Melbourne,Pl_civil,0.95
qwen3_14b,english,participants,sent_def_exp,temp0.3_nodelim_norole_nocot,lusa_23,7,detection,,yes,0.95
qwen3_14b,english,participants,ext_def_exp,temp0.3_nodelim_norole_nocot,lusa_23,7,extraction,the state of Victoria,,0.9
qwen3_14b,english,participants,ext_def_exp,temp0.3_nodelim_norole_nocot,lusa_23,7,extraction,Melbourne airport,,0.9
qwen3_14b,english,participants,ext_def_exp,temp0.3_nodelim_norole_nocot,lusa_23,7,extraction,international arrivals,,0.8
qwen3_14b,english,participants,cls_def_exp,temp0.3_nodelim_norole_nocot,lusa_23,7,classification,the state of Victoria,Pl_state,0.95
qwen3_14b,english,participants,cls_def_exp,temp0.3_nodelim_norole_nocot,lusa_23,7,classification,Melbourne airport,Fac,0.9
qwen3_14b,english,participants,cls_def_exp,temp0.3_nodelim_norole_nocot,lusa_23,7,classification,international arrivals,Other,0.6
qwen3_14b,english,participants,sent_def_exp,temp0.3_nodelim_norole_nocot,lusa_24,1,detection,,yes,0.95
qwen3_14b,english,participants,ext_def_exp,temp0.3_nodelim_norole_nocot,lusa_24,1,extraction,The National Maritime Authority,,0.95
qwen3_14b,english,participants,ext_def_exp,temp0.3_nodelim_norole_nocot,lusa_24,1,extraction,Guadiana River,,0.9
qwen3_14b,english,participants,ext_def_exp,temp0.3_nodelim_norole_nocot,lusa_24,1,extraction,a 48-year-old man,,0.85
qwen3_14b,english,participants,ext_def_exp,temp0.3_nodelim_norole_nocot,lusa_24,1,extraction,Foz de Odeleite,,0.9
qwen3_14b,english,participants,ext_def_exp,temp0.3_nodelim_norole_nocot,lusa_24,1,extraction,Castro Marim,,0.9
qwen3_14b,english,participants,cls_def_exp,temp0.3_nodelim_norole_nocot,lusa_24,1,classification,The National Maritime Authority,Org,0.95
qwen3_14b,english,participants,cls_def_exp,temp0.3_nodelim_norole_nocot,lusa_24,1,classification,Guadiana River,Pl_water,0.98
qwen3_14b,english,participants,cls_def_exp,temp0.3_nodelim_norole_nocot,lusa_24,1,classification,a 48-year-old man,Per,0.92
qwen3_14b,english,participants,cls_def_exp,temp0.3_nodelim_norole_nocot,lusa_24,1,classification,Foz de Odeleite,Pl_civil,0.85
qwen3_14b,english,participants,cls_def_exp,temp0.3_nodelim_norole_nocot,lusa_24,1,classification,Castro Marim,Pl_civil,0.9
qwen3_14b,english,participants,sent_def_exp,temp0.3_nodelim_norole_nocot,lusa_24,2,detection,,yes,0.95
qwen3_14b,english,participants,ext_def_exp,temp0.3_nodelim_norole_nocot,lusa_24,2,extraction,the authority,,0.7
qwen3_14b,english,participants,ext_def_exp,temp0.3_nodelim_norole_nocot,lusa_24,2,extraction,the man of Romanian nationality,,0.9
qwen3_14b,english,participants,ext_def_exp,temp0.3_nodelim_norole_nocot,lusa_24,2,extraction,two fishermen,,0.9
qwen3_14b,english,participants,cls_def_exp,temp0.3_nodelim_norole_nocot,lusa_24,2,classification,the authority,Org,0.95
qwen3_14b,english,participants,cls_def_exp,temp0.3_nodelim_norole_nocot,lusa_24,2,classification,the man of Romanian nationality,Per,0.98
qwen3_14b,english,participants,cls_def_exp,temp0.3_nodelim_norole_nocot,lusa_24,2,classification,two fishermen,Per,0.95
qwen3_14b,english,participants,sent_def_exp,temp0.3_nodelim_norole_nocot,lusa_24,3,detection,,yes,0.95
qwen3_14b,english,participants,ext_def_exp,temp0.3_nodelim_norole_nocot,lusa_24,3,extraction,The Captain of the Port of Vila Real de Santo António,,0.9
qwen3_14b,english,participants,ext_def_exp,temp0.3_nodelim_norole_nocot,lusa_24,3,extraction,Maritime Police vessel,,0.8
qwen3_14b,english,participants,ext_def_exp,temp0.3_nodelim_norole_nocot,lusa_24,3,extraction,Vila Real de Santo António Lifeguard Station,,0.9
qwen3_14b,english,participants,ext_def_exp,temp0.3_nodelim_norole_nocot,lusa_24,3,extraction,Search Coordination Center,,0.8
qwen3_14b,english,participants,ext_def_exp,temp0.3_nodelim_norole_nocot,lusa_24,3,extraction,Lisbon Maritime Rescue,,0.8
qwen3_14b,english,participants,ext_def_exp,temp0.3_nodelim_norole_nocot,lusa_24,3,extraction,Port of Vila Real de Santo António,,0.7
qwen3_14b,english,participants,ext_def_exp,temp0.3_nodelim_norole_nocot,lusa_24,3,extraction,Vila Real de Santo António,,0.7
qwen3_14b,english,participants,cls_def_exp,temp0.3_nodelim_norole_nocot,lusa_24,3,classification,The Captain of the Port of Vila Real de Santo António,Per,0.95
qwen3_14b,english,participants,cls_def_exp,temp0.3_nodelim_norole_nocot,lusa_24,3,classification,Maritime Police vessel,Veh,0.9
qwen3_14b,english,participants,cls_def_exp,temp0.3_nodelim_norole_nocot,lusa_24,3,classification,Vila Real de Santo António Lifeguard Station,Fac,0.95
qwen3_14b,english,participants,cls_def_exp,temp0.3_nodelim_norole_nocot,lusa_24,3,classification,Search Coordination Center,Org,0.85
qwen3_14b,english,participants,cls_def_exp,temp0.3_nodelim_norole_nocot,lusa_24,3,classification,Lisbon Maritime Rescue,Org,0.9
qwen3_14b,english,participants,cls_def_exp,temp0.3_nodelim_norole_nocot,lusa_24,3,classification,Port of Vila Real de Santo António,Fac,0.95
qwen3_14b,english,participants,cls_def_exp,temp0.3_nodelim_norole_nocot,lusa_24,3,classification,Vila Real de Santo António,Pl_civil,0.9
qwen3_14b,english,participants,sent_def_exp,temp0.3_nodelim_norole_nocot,lusa_24,4,detection,,yes,0.95
qwen3_14b,english,participants,ext_def_exp,temp0.3_nodelim_norole_nocot,lusa_24,4,extraction,source,,0.8
qwen3_14b,english,participants,ext_def_exp,temp0.3_nodelim_norole_nocot,lusa_24,4,extraction,National Maritime Authority,,0.9
qwen3_14b,english,participants,ext_def_exp,temp0.3_nodelim_norole_nocot,lusa_24,4,extraction,Lusa,,0.9
qwen3_14b,english,participants,cls_def_exp,temp0.3_nodelim_norole_nocot,lusa_24,4,classification,source,Per,0.8
qwen3_14b,english,participants,cls_def_exp,temp0.3_nodelim_norole_nocot,lusa_24,4,classification,National Maritime Authority,Org,0.95
qwen3_14b,english,participants,cls_def_exp,temp0.3_nodelim_norole_nocot,lusa_24,4,classification,Lusa,Org,0.95
qwen3_14b,english,participants,sent_def_exp,temp0.3_nodelim_norole_nocot,lusa_25,1,detection,,yes,0.95
qwen3_14b,english,participants,ext_def_exp,temp0.3_nodelim_norole_nocot,lusa_25,1,extraction,A 17-year-old young man,,1.0
qwen3_14b,english,participants,ext_def_exp,temp0.3_nodelim_norole_nocot,lusa_25,1,extraction,Casal da Mira neighborhood,,0.9
qwen3_14b,english,participants,ext_def_exp,temp0.3_nodelim_norole_nocot,lusa_25,1,extraction,Amadora,,0.9
qwen3_14b,english,participants,ext_def_exp,temp0.3_nodelim_norole_nocot,lusa_25,1,extraction,the Lisbon district,,0.9
qwen3_14b,english,participants,ext_def_exp,temp0.3_nodelim_norole_nocot,lusa_25,1,extraction,PSP source,,0.9
qwen3_14b,english,participants,ext_def_exp,temp0.3_nodelim_norole_nocot,lusa_25,1,extraction,Lusa agency,,0.9
qwen3_14b,english,participants,cls_def_exp,temp0.3_nodelim_norole_nocot,lusa_25,1,classification,A 17-year-old young man,Per,0.95
qwen3_14b,english,participants,cls_def_exp,temp0.3_nodelim_norole_nocot,lusa_25,1,classification,Casal da Mira neighborhood,Pl_civil,0.85
qwen3_14b,english,participants,cls_def_exp,temp0.3_nodelim_norole_nocot,lusa_25,1,classification,Amadora,Pl_civil,0.95
qwen3_14b,english,participants,cls_def_exp,temp0.3_nodelim_norole_nocot,lusa_25,1,classification,the Lisbon district,Pl_state,0.8
qwen3_14b,english,participants,cls_def_exp,temp0.3_nodelim_norole_nocot,lusa_25,1,classification,PSP source,Per,0.7
qwen3_14b,english,participants,cls_def_exp,temp0.3_nodelim_norole_nocot,lusa_25,1,classification,Lusa agency,Org,0.95
qwen3_14b,english,participants,sent_def_exp,temp0.3_nodelim_norole_nocot,lusa_25,2,detection,,yes,0.95
qwen3_14b,english,participants,ext_def_exp,temp0.3_nodelim_norole_nocot,lusa_25,2,extraction,source,,0.8
qwen3_14b,english,participants,ext_def_exp,temp0.3_nodelim_norole_nocot,lusa_25,2,extraction,Lisbon Metropolitan Command,,0.95
qwen3_14b,english,participants,ext_def_exp,temp0.3_nodelim_norole_nocot,lusa_25,2,extraction,Cometlis,,0.9
qwen3_14b,english,participants,cls_def_exp,temp0.3_nodelim_norole_nocot,lusa_25,2,classification,source,Per,0.7
qwen3_14b,english,participants,cls_def_exp,temp0.3_nodelim_norole_nocot,lusa_25,2,classification,Lisbon Metropolitan Command,Org,0.95
qwen3_14b,english,participants,cls_def_exp,temp0.3_nodelim_norole_nocot,lusa_25,2,classification,Cometlis,Org,0.9
qwen3_14b,english,participants,sent_def_exp,temp0.3_nodelim_norole_nocot,lusa_25,3,detection,,yes,0.95
qwen3_14b,english,participants,ext_def_exp,temp0.3_nodelim_norole_nocot,lusa_25,3,extraction,A 17-year-old boy,,0.95
qwen3_14b,english,participants,ext_def_exp,temp0.3_nodelim_norole_nocot,lusa_25,3,extraction,firearm,,0.7
qwen3_14b,english,participants,cls_def_exp,temp0.3_nodelim_norole_nocot,lusa_25,3,classification,A 17-year-old boy,Per,0.95
qwen3_14b,english,participants,cls_def_exp,temp0.3_nodelim_norole_nocot,lusa_25,3,classification,firearm,Obj,0.95
qwen3_14b,english,participants,sent_def_exp,temp0.3_nodelim_norole_nocot,lusa_25,4,detection,,yes,0.95
qwen3_14b,english,participants,ext_def_exp,temp0.3_nodelim_norole_nocot,lusa_25,4,extraction,He,,0.8
qwen3_14b,english,participants,ext_def_exp,temp0.3_nodelim_norole_nocot,lusa_25,4,extraction,he,,0.8
qwen3_14b,english,participants,ext_def_exp,temp0.3_nodelim_norole_nocot,lusa_25,4,extraction,Hospital Professor Doutor Fernando Fonseca [Amadora-Sintra],,0.95
qwen3_14b,english,participants,cls_def_exp,temp0.3_nodelim_norole_nocot,lusa_25,4,classification,He,Per,0.95
qwen3_14b,english,participants,cls_def_exp,temp0.3_nodelim_norole_nocot,lusa_25,4,classification,he,Per,0.95
qwen3_14b,english,participants,cls_def_exp,temp0.3_nodelim_norole_nocot,lusa_25,4,classification,Hospital Professor Doutor Fernando Fonseca [Amadora-Sintra],Fac,0.95
qwen3_14b,english,participants,sent_def_exp,temp0.3_nodelim_norole_nocot,lusa_25,5,detection,,yes,0.95
qwen3_14b,english,participants,ext_def_exp,temp0.3_nodelim_norole_nocot,lusa_25,5,extraction,Lusa,,0.95
qwen3_14b,english,participants,ext_def_exp,temp0.3_nodelim_norole_nocot,lusa_25,5,extraction,Cometlis,,0.8
qwen3_14b,english,participants,cls_def_exp,temp0.3_nodelim_norole_nocot,lusa_25,5,classification,Lusa,Org,0.95
qwen3_14b,english,participants,cls_def_exp,temp0.3_nodelim_norole_nocot,lusa_25,5,classification,Cometlis,Per,0.85
qwen3_14b,english,participants,sent_def_exp,temp0.3_nodelim_norole_nocot,lusa_25,6,detection,,yes,0.95
qwen3_14b,english,participants,ext_def_exp,temp0.3_nodelim_norole_nocot,lusa_25,6,extraction,Judiciary Police (PJ),,0.95
qwen3_14b,english,participants,ext_def_exp,temp0.3_nodelim_norole_nocot,lusa_25,6,extraction,the case,,0.7
qwen3_14b,english,participants,cls_def_exp,temp0.3_nodelim_norole_nocot,lusa_25,6,classification,Judiciary Police (PJ),Org,0.95
qwen3_14b,english,participants,cls_def_exp,temp0.3_nodelim_norole_nocot,lusa_25,6,classification,the case,Other,0.8
qwen3_14b,english,participants,sent_def_exp,temp0.3_nodelim_norole_nocot,lusa_26,1,detection,,yes,0.95
qwen3_14b,english,participants,ext_def_exp,temp0.3_nodelim_norole_nocot,lusa_26,1,extraction,Alex Apolinário,,0.95
qwen3_14b,english,participants,ext_def_exp,temp0.3_nodelim_norole_nocot,lusa_26,1,extraction,Brazilian footballer,,0.8
qwen3_14b,english,participants,ext_def_exp,temp0.3_nodelim_norole_nocot,lusa_26,1,extraction,Alverca,,0.85
qwen3_14b,english,participants,ext_def_exp,temp0.3_nodelim_norole_nocot,lusa_26,1,extraction,Portuguese Championship club,,0.9
qwen3_14b,english,participants,ext_def_exp,temp0.3_nodelim_norole_nocot,lusa_26,1,extraction,cardiorespiratory arrest,,0.8
qwen3_14b,english,participants,ext_def_exp,temp0.3_nodelim_norole_nocot,lusa_26,1,extraction,induced coma,,0.75
qwen3_14b,english,participants,ext_def_exp,temp0.3_nodelim_norole_nocot,lusa_26,1,extraction,the Portuguese Championship club,,0.9
qwen3_14b,english,participants,cls_def_exp,temp0.3_nodelim_norole_nocot,lusa_26,1,classification,Alex Apolinário,Per,0.95
qwen3_14b,english,participants,cls_def_exp,temp0.3_nodelim_norole_nocot,lusa_26,1,classification,Brazilian footballer,Per,0.7
qwen3_14b,english,participants,cls_def_exp,temp0.3_nodelim_norole_nocot,lusa_26,1,classification,Alverca,Pl_civil,0.9
qwen3_14b,english,participants,cls_def_exp,temp0.3_nodelim_norole_nocot,lusa_26,1,classification,Portuguese Championship club,Org,0.95
qwen3_14b,english,participants,cls_def_exp,temp0.3_nodelim_norole_nocot,lusa_26,1,classification,cardiorespiratory arrest,Other,0.8
qwen3_14b,english,participants,cls_def_exp,temp0.3_nodelim_norole_nocot,lusa_26,1,classification,induced coma,Other,0.8
qwen3_14b,english,participants,cls_def_exp,temp0.3_nodelim_norole_nocot,lusa_26,1,classification,the Portuguese Championship club,Org,0.95
qwen3_14b,english,participants,sent_def_exp,temp0.3_nodelim_norole_nocot,lusa_26,2,detection,,yes,0.95
qwen3_14b,english,participants,ext_def_exp,temp0.3_nodelim_norole_nocot,lusa_26,2,extraction,clinical staff,,0.9
qwen3_14b,english,participants,ext_def_exp,temp0.3_nodelim_norole_nocot,lusa_26,2,extraction,Vila Franca de Xira Hospital,,0.95
qwen3_14b,english,participants,ext_def_exp,temp0.3_nodelim_norole_nocot,lusa_26,2,extraction,the athlete,,0.8
qwen3_14b,english,participants,ext_def_exp,temp0.3_nodelim_norole_nocot,lusa_26,2,extraction,the club,,0.8
qwen3_14b,english,participants,ext_def_exp,temp0.3_nodelim_norole_nocot,lusa_26,2,extraction,Facebook,,0.8
qwen3_14b,english,participants,ext_def_exp,temp0.3_nodelim_norole_nocot,lusa_26,2,extraction,note,,0.7
qwen3_14b,english,participants,ext_def_exp,temp0.3_nodelim_norole_nocot,lusa_26,2,extraction,club's Facebook,,0.7
qwen3_14b,english,participants,cls_def_exp,temp0.3_nodelim_norole_nocot,lusa_26,2,classification,clinical staff,Org,0.7
qwen3_14b,english,participants,cls_def_exp,temp0.3_nodelim_norole_nocot,lusa_26,2,classification,Vila Franca de Xira Hospital,Fac,0.95
qwen3_14b,english,participants,cls_def_exp,temp0.3_nodelim_norole_nocot,lusa_26,2,classification,the athlete,Per,0.95
qwen3_14b,english,participants,cls_def_exp,temp0.3_nodelim_norole_nocot,lusa_26,2,classification,the club,Org,0.9
qwen3_14b,english,participants,cls_def_exp,temp0.3_nodelim_norole_nocot,lusa_26,2,classification,Facebook,Org,0.95
qwen3_14b,english,participants,cls_def_exp,temp0.3_nodelim_norole_nocot,lusa_26,2,classification,note,Obj,0.6
qwen3_14b,english,participants,cls_def_exp,temp0.3_nodelim_norole_nocot,lusa_26,2,classification,club's Facebook,Loc,0.85
qwen3_14b,english,participants,sent_def_exp,temp0.3_nodelim_norole_nocot,lusa_26,3,detection,,yes,0.95
qwen3_14b,english,participants,ext_def_exp,temp0.3_nodelim_norole_nocot,lusa_26,3,extraction,Ribatejo residents,,0.9
qwen3_14b,english,participants,ext_def_exp,temp0.3_nodelim_norole_nocot,lusa_26,3,extraction,the athlete,,0.8
qwen3_14b,english,participants,ext_def_exp,temp0.3_nodelim_norole_nocot,lusa_26,3,extraction,the wave of solidarity with the athlete who arrived from the four corners of the world,,0.7
qwen3_14b,english,participants,cls_def_exp,temp0.3_nodelim_norole_nocot,lusa_26,3,classification,Ribatejo residents,Per,0.95
qwen3_14b,english,participants,cls_def_exp,temp0.3_nodelim_norole_nocot,lusa_26,3,classification,the athlete,Per,0.95
qwen3_14b,english,participants,cls_def_exp,temp0.3_nodelim_norole_nocot,lusa_26,3,classification,the wave of solidarity with the athlete who arrived from the four corners of the world,Other,0.7
qwen3_14b,english,participants,sent_def_exp,temp0.3_nodelim_norole_nocot,lusa_26,4,detection,,yes,0.95
qwen3_14b,english,participants,ext_def_exp,temp0.3_nodelim_norole_nocot,lusa_26,4,extraction,Alverca Futebol SAD,,0.95
qwen3_14b,english,participants,ext_def_exp,temp0.3_nodelim_norole_nocot,lusa_26,4,extraction,SAD Alverquense,,0.8
qwen3_14b,english,participants,ext_def_exp,temp0.3_nodelim_norole_nocot,lusa_26,4,extraction,the athlete and his family,,0.95
qwen3_14b,english,participants,ext_def_exp,temp0.3_nodelim_norole_nocot,lusa_26,4,extraction,health professionals,,0.9
qwen3_14b,english,participants,ext_def_exp,temp0.3_nodelim_norole_nocot,lusa_26,4,extraction,clubs,,0.9
qwen3_14b,english,participants,ext_def_exp,temp0.3_nodelim_norole_nocot,lusa_26,4,extraction,athletes,,0.9
qwen3_14b,english,participants,ext_def_exp,temp0.3_nodelim_norole_nocot,lusa_26,4,extraction,institutions,,0.9
qwen3_14b,english,participants,ext_def_exp,temp0.3_nodelim_norole_nocot,lusa_26,4,extraction,fans from all over the world,,0.9
qwen3_14b,english,participants,cls_def_exp,temp0.3_nodelim_norole_nocot,lusa_26,4,classification,Alverca Futebol SAD,Org,0.95
qwen3_14b,english,participants,cls_def_exp,temp0.3_nodelim_norole_nocot,lusa_26,4,classification,SAD Alverquense,Org,0.95
qwen3_14b,english,participants,cls_def_exp,temp0.3_nodelim_norole_nocot,lusa_26,4,classification,the athlete and his family,Per,0.9
qwen3_14b,english,participants,cls_def_exp,temp0.3_nodelim_norole_nocot,lusa_26,4,classification,health professionals,Per,0.85
qwen3_14b,english,participants,cls_def_exp,temp0.3_nodelim_norole_nocot,lusa_26,4,classification,clubs,Org,0.9
qwen3_14b,english,participants,cls_def_exp,temp0.3_nodelim_norole_nocot,lusa_26,4,classification,athletes,Per,0.9
qwen3_14b,english,participants,cls_def_exp,temp0.3_nodelim_norole_nocot,lusa_26,4,classification,institutions,Org,0.9
qwen3_14b,english,participants,cls_def_exp,temp0.3_nodelim_norole_nocot,lusa_26,4,classification,fans from all over the world,Per,0.85
qwen3_14b,english,participants,sent_def_exp,temp0.3_nodelim_norole_nocot,lusa_26,5,detection,,yes,0.95
qwen3_14b,english,participants,ext_def_exp,temp0.3_nodelim_norole_nocot,lusa_26,5,extraction,Alex Apolinário,,1.0
qwen3_14b,english,participants,ext_def_exp,temp0.3_nodelim_norole_nocot,lusa_26,5,extraction,Alverca,,0.9
qwen3_14b,english,participants,ext_def_exp,temp0.3_nodelim_norole_nocot,lusa_26,5,extraction,União de Almeirim,,0.9
qwen3_14b,english,participants,ext_def_exp,temp0.3_nodelim_norole_nocot,lusa_26,5,extraction,Portuguese Championship,,0.9
qwen3_14b,english,participants,cls_def_exp,temp0.3_nodelim_norole_nocot,lusa_26,5,classification,Alex Apolinário,Per,0.95
qwen3_14b,english,participants,cls_def_exp,temp0.3_nodelim_norole_nocot,lusa_26,5,classification,Alverca,Org,0.9
qwen3_14b,english,participants,cls_def_exp,temp0.3_nodelim_norole_nocot,lusa_26,5,classification,União de Almeirim,Org,0.9
qwen3_14b,english,participants,cls_def_exp,temp0.3_nodelim_norole_nocot,lusa_26,5,classification,Portuguese Championship,Org,0.95
qwen3_14b,english,participants,sent_def_exp,temp0.3_nodelim_norole_nocot,lusa_27,1,detection,,yes,0.95
qwen3_14b,english,participants,ext_def_exp,temp0.3_nodelim_norole_nocot,lusa_27,1,extraction,The 12-year-old child,,0.95
qwen3_14b,english,participants,ext_def_exp,temp0.3_nodelim_norole_nocot,lusa_27,1,extraction,São João da Talha,,0.85
qwen3_14b,english,participants,ext_def_exp,temp0.3_nodelim_norole_nocot,lusa_27,1,extraction,Loures,,0.85
qwen3_14b,english,participants,ext_def_exp,temp0.3_nodelim_norole_nocot,lusa_27,1,extraction,North,,0.75
qwen3_14b,english,participants,ext_def_exp,temp0.3_nodelim_norole_nocot,lusa_27,1,extraction,highway,,0.75
qwen3_14b,english,participants,ext_def_exp,temp0.3_nodelim_norole_nocot,lusa_27,1,extraction,hospital,,0.85
qwen3_14b,english,participants,ext_def_exp,temp0.3_nodelim_norole_nocot,lusa_27,1,extraction,GNR,,0.9
qwen3_14b,english,participants,ext_def_exp,temp0.3_nodelim_norole_nocot,lusa_27,1,extraction,Lusa,,0.9
qwen3_14b,english,participants,ext_def_exp,temp0.3_nodelim_norole_nocot,lusa_27,1,extraction,a GNR source,,0.85
qwen3_14b,english,participants,cls_def_exp,temp0.3_nodelim_norole_nocot,lusa_27,1,classification,The 12-year-old child,Per,0.95
qwen3_14b,english,participants,cls_def_exp,temp0.3_nodelim_norole_nocot,lusa_27,1,classification,São João da Talha,Pl_civil,0.9
qwen3_14b,english,participants,cls_def_exp,temp0.3_nodelim_norole_nocot,lusa_27,1,classification,Loures,Pl_civil,0.9
qwen3_14b,english,participants,cls_def_exp,temp0.3_nodelim_norole_nocot,lusa_27,1,classification,North,Pl_region,0.7
qwen3_14b,english,participants,cls_def_exp,temp0.3_nodelim_norole_nocot,lusa_27,1,classification,highway,Path,0.95
qwen3_14b,english,participants,cls_def_exp,temp0.3_nodelim_norole_nocot,lusa_27,1,classification,hospital,Fac,0.9
qwen3_14b,english,participants,cls_def_exp,temp0.3_nodelim_norole_nocot,lusa_27,1,classification,GNR,Org,0.95
qwen3_14b,english,participants,cls_def_exp,temp0.3_nodelim_norole_nocot,lusa_27,1,classification,Lusa,Org,0.95
qwen3_14b,english,participants,cls_def_exp,temp0.3_nodelim_norole_nocot,lusa_27,1,classification,a GNR source,Per,0.85
qwen3_14b,english,participants,sent_def_exp,temp0.3_nodelim_norole_nocot,lusa_27,2,detection,,yes,0.95
qwen3_14b,english,participants,ext_def_exp,temp0.3_nodelim_norole_nocot,lusa_27,2,extraction,three cars,,0.9
qwen3_14b,english,participants,ext_def_exp,temp0.3_nodelim_norole_nocot,lusa_27,2,extraction,North Motorway,,0.8
qwen3_14b,english,participants,cls_def_exp,temp0.3_nodelim_norole_nocot,lusa_27,2,classification,three cars,Obj,0.95
qwen3_14b,english,participants,cls_def_exp,temp0.3_nodelim_norole_nocot,lusa_27,2,classification,North Motorway,Path,0.9
qwen3_14b,english,participants,sent_def_exp,temp0.3_nodelim_norole_nocot,lusa_27,3,detection,,yes,0.95
qwen3_14b,english,participants,ext_def_exp,temp0.3_nodelim_norole_nocot,lusa_27,3,extraction,source,,0.9
qwen3_14b,english,participants,ext_def_exp,temp0.3_nodelim_norole_nocot,lusa_27,3,extraction,GNR General Command,,0.9
qwen3_14b,english,participants,ext_def_exp,temp0.3_nodelim_norole_nocot,lusa_27,3,extraction,Lusa,,0.9
qwen3_14b,english,participants,ext_def_exp,temp0.3_nodelim_norole_nocot,lusa_27,3,extraction,12-year-old child,,0.9
qwen3_14b,english,participants,ext_def_exp,temp0.3_nodelim_norole_nocot,lusa_27,3,extraction,vehicles involved in the accident,,0.8
qwen3_14b,english,participants,ext_def_exp,temp0.3_nodelim_norole_nocot,lusa_27,3,extraction,hospital,,0.8
qwen3_14b,english,participants,cls_def_exp,temp0.3_nodelim_norole_nocot,lusa_27,3,classification,source,Per,0.9
qwen3_14b,english,participants,cls_def_exp,temp0.3_nodelim_norole_nocot,lusa_27,3,classification,GNR General Command,Org,1.0
qwen3_14b,english,participants,cls_def_exp,temp0.3_nodelim_norole_nocot,lusa_27,3,classification,Lusa,Org,1.0
qwen3_14b,english,participants,cls_def_exp,temp0.3_nodelim_norole_nocot,lusa_27,3,classification,12-year-old child,Per,1.0
qwen3_14b,english,participants,cls_def_exp,temp0.3_nodelim_norole_nocot,lusa_27,3,classification,vehicles involved in the accident,Obj,1.0
qwen3_14b,english,participants,cls_def_exp,temp0.3_nodelim_norole_nocot,lusa_27,3,classification,hospital,Fac,1.0
qwen3_14b,english,participants,sent_def_exp,temp0.3_nodelim_norole_nocot,lusa_27,4,detection,,no,0.2
qwen3_14b,english,participants,sent_def_exp,temp0.3_nodelim_norole_nocot,lusa_27,5,detection,,yes,0.98
qwen3_14b,english,participants,ext_def_exp,temp0.3_nodelim_norole_nocot,lusa_27,5,extraction,22 firefighters,,0.9
qwen3_14b,english,participants,ext_def_exp,temp0.3_nodelim_norole_nocot,lusa_27,5,extraction,the National Institute of Medical Emergency (INEM),,0.9
qwen3_14b,english,participants,ext_def_exp,temp0.3_nodelim_norole_nocot,lusa_27,5,extraction,the police,,0.9
qwen3_14b,english,participants,ext_def_exp,temp0.3_nodelim_norole_nocot,lusa_27,5,extraction,10 vehicles,,0.7
qwen3_14b,english,participants,cls_def_exp,temp0.3_nodelim_norole_nocot,lusa_27,5,classification,22 firefighters,Per,0.95
qwen3_14b,english,participants,cls_def_exp,temp0.3_nodelim_norole_nocot,lusa_27,5,classification,the National Institute of Medical Emergency (INEM),Org,0.9
qwen3_14b,english,participants,cls_def_exp,temp0.3_nodelim_norole_nocot,lusa_27,5,classification,the police,Org,0.95
qwen3_14b,english,participants,cls_def_exp,temp0.3_nodelim_norole_nocot,lusa_27,5,classification,10 vehicles,Veh,0.95
qwen3_14b,english,participants,sent_def_exp,temp0.3_nodelim_norole_nocot,lusa_28,1,detection,,yes,0.95
qwen3_14b,english,participants,ext_def_exp,temp0.3_nodelim_norole_nocot,lusa_28,1,extraction,Quincy Promes,,1.0
qwen3_14b,english,participants,ext_def_exp,temp0.3_nodelim_norole_nocot,lusa_28,1,extraction,Ajax,,1.0
qwen3_14b,english,participants,ext_def_exp,temp0.3_nodelim_norole_nocot,lusa_28,1,extraction,Dutch media,,0.9
qwen3_14b,english,participants,ext_def_exp,temp0.3_nodelim_norole_nocot,lusa_28,1,extraction,police sources,,0.9
qwen3_14b,english,participants,ext_def_exp,temp0.3_nodelim_norole_nocot,lusa_28,1,extraction,family member,,0.8
qwen3_14b,english,participants,cls_def_exp,temp0.3_nodelim_norole_nocot,lusa_28,1,classification,Quincy Promes,Per,0.95
qwen3_14b,english,participants,cls_def_exp,temp0.3_nodelim_norole_nocot,lusa_28,1,classification,Ajax,Org,0.9
qwen3_14b,english,participants,cls_def_exp,temp0.3_nodelim_norole_nocot,lusa_28,1,classification,Dutch media,Org,0.9
qwen3_14b,english,participants,cls_def_exp,temp0.3_nodelim_norole_nocot,lusa_28,1,classification,police sources,Per,0.8
qwen3_14b,english,participants,cls_def_exp,temp0.3_nodelim_norole_nocot,lusa_28,1,classification,family member,Per,0.95
qwen3_14b,english,participants,sent_def_exp,temp0.3_nodelim_norole_nocot,lusa_28,2,detection,,yes,0.95
qwen3_14b,english,participants,ext_def_exp,temp0.3_nodelim_norole_nocot,lusa_28,2,extraction,De Telegraaf,,0.95
qwen3_14b,english,participants,ext_def_exp,temp0.3_nodelim_norole_nocot,lusa_28,2,extraction,Promes,,0.9
qwen3_14b,english,participants,ext_def_exp,temp0.3_nodelim_norole_nocot,lusa_28,2,extraction,the victim,,0.8
qwen3_14b,english,participants,cls_def_exp,temp0.3_nodelim_norole_nocot,lusa_28,2,classification,De Telegraaf,Org,1.0
qwen3_14b,english,participants,cls_def_exp,temp0.3_nodelim_norole_nocot,lusa_28,2,classification,Promes,Per,1.0
qwen3_14b,english,participants,cls_def_exp,temp0.3_nodelim_norole_nocot,lusa_28,2,classification,the victim,Per,1.0
qwen3_14b,english,participants,sent_def_exp,temp0.3_nodelim_norole_nocot,lusa_28,3,detection,,yes,0.95
qwen3_14b,english,participants,ext_def_exp,temp0.3_nodelim_norole_nocot,lusa_28,3,extraction,those present at the party,,0.5
qwen3_14b,english,participants,ext_def_exp,temp0.3_nodelim_norole_nocot,lusa_28,3,extraction,the two,,0.4
qwen3_14b,english,participants,cls_def_exp,temp0.3_nodelim_norole_nocot,lusa_28,3,classification,those present at the party,Per,0.95
qwen3_14b,english,participants,cls_def_exp,temp0.3_nodelim_norole_nocot,lusa_28,3,classification,the two,Per,0.75
qwen3_14b,english,participants,sent_def_exp,temp0.3_nodelim_norole_nocot,lusa_28,4,detection,,yes,0.75
qwen3_14b,english,participants,ext_def_exp,temp0.3_nodelim_norole_nocot,lusa_28,4,extraction,Promes,,1.0
qwen3_14b,english,participants,ext_def_exp,temp0.3_nodelim_norole_nocot,lusa_28,4,extraction,warehouse,,0.9
qwen3_14b,english,participants,ext_def_exp,temp0.3_nodelim_norole_nocot,lusa_28,4,extraction,Abcoude,,1.0
qwen3_14b,english,participants,ext_def_exp,temp0.3_nodelim_norole_nocot,lusa_28,4,extraction,Utrecht,,1.0
qwen3_14b,english,participants,ext_def_exp,temp0.3_nodelim_norole_nocot,lusa_28,4,extraction,province of Utrecht,,1.0
qwen3_14b,english,participants,cls_def_exp,temp0.3_nodelim_norole_nocot,lusa_28,4,classification,Promes,Org,0.95
qwen3_14b,english,participants,cls_def_exp,temp0.3_nodelim_norole_nocot,lusa_28,4,classification,warehouse,Fac,0.9
qwen3_14b,english,participants,cls_def_exp,temp0.3_nodelim_norole_nocot,lusa_28,4,classification,Abcoude,Pl_civil,0.9
qwen3_14b,english,participants,cls_def_exp,temp0.3_nodelim_norole_nocot,lusa_28,4,classification,Utrecht,Pl_state,0.9
qwen3_14b,english,participants,cls_def_exp,temp0.3_nodelim_norole_nocot,lusa_28,4,classification,province of Utrecht,Pl_state,0.85
qwen3_14b,english,participants,sent_def_exp,temp0.3_nodelim_norole_nocot,lusa_28,5,detection,,yes,0.75
qwen3_14b,english,participants,ext_def_exp,temp0.3_nodelim_norole_nocot,lusa_28,5,extraction,The complaint,,0.7
qwen3_14b,english,participants,ext_def_exp,temp0.3_nodelim_norole_nocot,lusa_28,5,extraction,an investigation,,0.8
qwen3_14b,english,participants,ext_def_exp,temp0.3_nodelim_norole_nocot,lusa_28,5,extraction,an arrest,,0.8
qwen3_14b,english,participants,ext_def_exp,temp0.3_nodelim_norole_nocot,lusa_28,5,extraction,a police source,,0.9
qwen3_14b,english,participants,ext_def_exp,temp0.3_nodelim_norole_nocot,lusa_28,5,extraction,that newspaper,,0.8
qwen3_14b,english,participants,cls_def_exp,temp0.3_nodelim_norole_nocot,lusa_28,5,classification,The complaint,Other,0.7
qwen3_14b,english,participants,cls_def_exp,temp0.3_nodelim_norole_nocot,lusa_28,5,classification,an investigation,Other,0.8
qwen3_14b,english,participants,cls_def_exp,temp0.3_nodelim_norole_nocot,lusa_28,5,classification,an arrest,Other,0.8
qwen3_14b,english,participants,cls_def_exp,temp0.3_nodelim_norole_nocot,lusa_28,5,classification,a police source,Per,0.9
qwen3_14b,english,participants,cls_def_exp,temp0.3_nodelim_norole_nocot,lusa_28,5,classification,that newspaper,Org,0.95
qwen3_14b,english,participants,sent_def_exp,temp0.3_nodelim_norole_nocot,lusa_28,6,detection,,no,0.95
qwen3_14b,english,participants,sent_def_exp,temp0.3_nodelim_norole_nocot,lusa_28,7,detection,,yes,0.95
qwen3_14b,english,participants,ext_def_exp,temp0.3_nodelim_norole_nocot,lusa_28,7,extraction,The 28-year-old forward,,1.0
qwen3_14b,english,participants,ext_def_exp,temp0.3_nodelim_norole_nocot,lusa_28,7,extraction,the Dutch national team,,1.0
qwen3_14b,english,participants,cls_def_exp,temp0.3_nodelim_norole_nocot,lusa_28,7,classification,The 28-year-old forward,Per,1.0
qwen3_14b,english,participants,cls_def_exp,temp0.3_nodelim_norole_nocot,lusa_28,7,classification,the Dutch national team,Org,1.0
qwen3_14b,english,participants,sent_def_exp,temp0.3_nodelim_norole_nocot,lusa_28,8,detection,,yes,0.95
qwen3_14b,english,participants,ext_def_exp,temp0.3_nodelim_norole_nocot,lusa_28,8,extraction,Twente,,0.95
qwen3_14b,english,participants,ext_def_exp,temp0.3_nodelim_norole_nocot,lusa_28,8,extraction,Spartak Moscow,,0.95
qwen3_14b,english,participants,ext_def_exp,temp0.3_nodelim_norole_nocot,lusa_28,8,extraction,Seville,,0.9
qwen3_14b,english,participants,ext_def_exp,temp0.3_nodelim_norole_nocot,lusa_28,8,extraction,Ajax,,0.95
qwen3_14b,english,participants,cls_def_exp,temp0.3_nodelim_norole_nocot,lusa_28,8,classification,Twente,Org,0.95
qwen3_14b,english,participants,cls_def_exp,temp0.3_nodelim_norole_nocot,lusa_28,8,classification,Spartak Moscow,Org,0.95
qwen3_14b,english,participants,cls_def_exp,temp0.3_nodelim_norole_nocot,lusa_28,8,classification,Seville,Org,0.95
qwen3_14b,english,participants,cls_def_exp,temp0.3_nodelim_norole_nocot,lusa_28,8,classification,Ajax,Org,0.95
qwen3_14b,english,participants,sent_def_exp,temp0.3_nodelim_norole_nocot,lusa_29,1,detection,,yes,0.95
qwen3_14b,english,participants,ext_def_exp,temp0.3_nodelim_norole_nocot,lusa_29,1,extraction,GNR Coastal Control Unit (UCC),,0.95
qwen3_14b,english,participants,ext_def_exp,temp0.3_nodelim_norole_nocot,lusa_29,1,extraction,785 kilos of hashish,,0.8
qwen3_14b,english,participants,ext_def_exp,temp0.3_nodelim_norole_nocot,lusa_29,1,extraction,two men,,0.9
qwen3_14b,english,participants,ext_def_exp,temp0.3_nodelim_norole_nocot,lusa_29,1,extraction,two vessels,,0.8
qwen3_14b,english,participants,ext_def_exp,temp0.3_nodelim_norole_nocot,lusa_29,1,extraction,Olhão (Algarve),,0.9
qwen3_14b,english,participants,cls_def_exp,temp0.3_nodelim_norole_nocot,lusa_29,1,classification,GNR Coastal Control Unit (UCC),Org,0.95
qwen3_14b,english,participants,cls_def_exp,temp0.3_nodelim_norole_nocot,lusa_29,1,classification,785 kilos of hashish,Obj,0.9
qwen3_14b,english,participants,cls_def_exp,temp0.3_nodelim_norole_nocot,lusa_29,1,classification,two men,Per,0.95
qwen3_14b,english,participants,cls_def_exp,temp0.3_nodelim_norole_nocot,lusa_29,1,classification,two vessels,Veh,0.9
qwen3_14b,english,participants,cls_def_exp,temp0.3_nodelim_norole_nocot,lusa_29,1,classification,Olhão (Algarve),Pl_civil,0.85
qwen3_14b,english,participants,sent_def_exp,temp0.3_nodelim_norole_nocot,lusa_29,2,detection,,yes,0.95
qwen3_14b,english,participants,ext_def_exp,temp0.3_nodelim_norole_nocot,lusa_29,2,extraction,National Republican Guard (GNR),,0.95
qwen3_14b,english,participants,ext_def_exp,temp0.3_nodelim_norole_nocot,lusa_29,2,extraction,Integrated Surveillance and Command and Control System (SIVICC),,0.9
qwen3_14b,english,participants,ext_def_exp,temp0.3_nodelim_norole_nocot,lusa_29,2,extraction,vessels,,0.8
qwen3_14b,english,participants,ext_def_exp,temp0.3_nodelim_norole_nocot,lusa_29,2,extraction,objects,,0.7
qwen3_14b,english,participants,ext_def_exp,temp0.3_nodelim_norole_nocot,lusa_29,2,extraction,bales of hashish,,0.6
qwen3_14b,english,participants,cls_def_exp,temp0.3_nodelim_norole_nocot,lusa_29,2,classification,National Republican Guard (GNR),Org,0.95
qwen3_14b,english,participants,cls_def_exp,temp0.3_nodelim_norole_nocot,lusa_29,2,classification,Integrated Surveillance and Command and Control System (SIVICC),Fac,0.9
qwen3_14b,english,participants,cls_def_exp,temp0.3_nodelim_norole_nocot,lusa_29,2,classification,vessels,Veh,0.95
qwen3_14b,english,participants,cls_def_exp,temp0.3_nodelim_norole_nocot,lusa_29,2,classification,objects,Obj,0.9
qwen3_14b,english,participants,cls_def_exp,temp0.3_nodelim_norole_nocot,lusa_29,2,classification,bales of hashish,Obj,0.95
qwen3_14b,english,participants,sent_def_exp,temp0.3_nodelim_norole_nocot,lusa_29,3,detection,,yes,0.95
qwen3_14b,english,participants,ext_def_exp,temp0.3_nodelim_norole_nocot,lusa_29,3,extraction,UCC maritime resources,,0.95
qwen3_14b,english,participants,ext_def_exp,temp0.3_nodelim_norole_nocot,lusa_29,3,extraction,the vessel that was receiving the narcotic product,,0.8
qwen3_14b,english,participants,ext_def_exp,temp0.3_nodelim_norole_nocot,lusa_29,3,extraction,the two crew members,,0.9
qwen3_14b,english,participants,ext_def_exp,temp0.3_nodelim_norole_nocot,lusa_29,3,extraction,fiber vessel,,0.8
qwen3_14b,english,participants,ext_def_exp,temp0.3_nodelim_norole_nocot,lusa_29,3,extraction,the vessel,,0.8
qwen3_14b,english,participants,ext_def_exp,temp0.3_nodelim_norole_nocot,lusa_29,3,extraction,"the two crew members, aged 24 and 26",,0.85
qwen3_14b,english,participants,ext_def_exp,temp0.3_nodelim_norole_nocot,lusa_29,3,extraction,five meters in length,,0.3
qwen3_14b,english,participants,cls_def_exp,temp0.3_nodelim_norole_nocot,lusa_29,3,classification,UCC maritime resources,Org,0.95
qwen3_14b,english,participants,cls_def_exp,temp0.3_nodelim_norole_nocot,lusa_29,3,classification,the vessel that was receiving the narcotic product,Veh,0.9
qwen3_14b,english,participants,cls_def_exp,temp0.3_nodelim_norole_nocot,lusa_29,3,classification,the two crew members,Per,0.95
qwen3_14b,english,participants,cls_def_exp,temp0.3_nodelim_norole_nocot,lusa_29,3,classification,fiber vessel,Veh,0.85
qwen3_14b,english,participants,cls_def_exp,temp0.3_nodelim_norole_nocot,lusa_29,3,classification,the vessel,Veh,0.9
qwen3_14b,english,participants,cls_def_exp,temp0.3_nodelim_norole_nocot,lusa_29,3,classification,"the two crew members, aged 24 and 26",Per,0.95
qwen3_14b,english,participants,cls_def_exp,temp0.3_nodelim_norole_nocot,lusa_29,3,classification,five meters in length,Other,0.7
qwen3_14b,english,participants,sent_def_exp,temp0.3_nodelim_norole_nocot,lusa_29,4,detection,,yes,0.6
qwen3_14b,english,participants,ext_def_exp,temp0.3_nodelim_norole_nocot,lusa_29,4,extraction,GNR.,,0.95
qwen3_14b,english,participants,cls_def_exp,temp0.3_nodelim_norole_nocot,lusa_29,4,classification,GNR.,Org,0.95
qwen3_14b,english,participants,sent_def_exp,temp0.3_nodelim_norole_nocot,lusa_29,5,detection,,no,0.7
qwen3_14b,english,participants,sent_def_exp,temp0.3_nodelim_norole_nocot,lusa_3,1,detection,,yes,0.95
qwen3_14b,english,participants,ext_def_exp,temp0.3_nodelim_norole_nocot,lusa_3,1,extraction,The GNR,,0.95
qwen3_14b,english,participants,ext_def_exp,temp0.3_nodelim_norole_nocot,lusa_3,1,extraction,a man,,0.8
qwen3_14b,english,participants,ext_def_exp,temp0.3_nodelim_norole_nocot,lusa_3,1,extraction,Cabeceiras de Basto,,0.7
qwen3_14b,english,participants,ext_def_exp,temp0.3_nodelim_norole_nocot,lusa_3,1,extraction,live ammunition,,0.7
qwen3_14b,english,participants,ext_def_exp,temp0.3_nodelim_norole_nocot,lusa_3,1,extraction,rubber bullets,,0.8
qwen3_14b,english,participants,ext_def_exp,temp0.3_nodelim_norole_nocot,lusa_3,1,extraction,a police source,,0.8
qwen3_14b,english,participants,cls_def_exp,temp0.3_nodelim_norole_nocot,lusa_3,1,classification,The GNR,Org,0.95
qwen3_14b,english,participants,cls_def_exp,temp0.3_nodelim_norole_nocot,lusa_3,1,classification,a man,Per,0.98
qwen3_14b,english,participants,cls_def_exp,temp0.3_nodelim_norole_nocot,lusa_3,1,classification,Cabeceiras de Basto,Pl_civil,0.92
qwen3_14b,english,participants,cls_def_exp,temp0.3_nodelim_norole_nocot,lusa_3,1,classification,live ammunition,Obj,0.99
qwen3_14b,english,participants,cls_def_exp,temp0.3_nodelim_norole_nocot,lusa_3,1,classification,rubber bullets,Obj,0.97
qwen3_14b,english,participants,cls_def_exp,temp0.3_nodelim_norole_nocot,lusa_3,1,classification,a police source,Per,0.93
qwen3_14b,english,participants,sent_def_exp,temp0.3_nodelim_norole_nocot,lusa_3,2,detection,,no,0.95
qwen3_14b,english,participants,sent_def_exp,temp0.3_nodelim_norole_nocot,lusa_3,3,detection,,yes,0.95
qwen3_14b,english,participants,ext_def_exp,temp0.3_nodelim_norole_nocot,lusa_3,3,extraction,The 52-year-old man,,0.95
qwen3_14b,english,participants,ext_def_exp,temp0.3_nodelim_norole_nocot,lusa_3,3,extraction,rubber bullets,,0.8
qwen3_14b,english,participants,cls_def_exp,temp0.3_nodelim_norole_nocot,lusa_3,3,classification,The 52-year-old man,Per,0.95
qwen3_14b,english,participants,cls_def_exp,temp0.3_nodelim_norole_nocot,lusa_3,3,classification,rubber bullets,Obj,0.95
qwen3_14b,english,participants,sent_def_exp,temp0.3_nodelim_norole_nocot,lusa_3,4,detection,,yes,0.95
qwen3_14b,english,participants,ext_def_exp,temp0.3_nodelim_norole_nocot,lusa_3,4,extraction,A source,,0.95
qwen3_14b,english,participants,ext_def_exp,temp0.3_nodelim_norole_nocot,lusa_3,4,extraction,GNR Territorial Command,,0.95
qwen3_14b,english,participants,ext_def_exp,temp0.3_nodelim_norole_nocot,lusa_3,4,extraction,Braga,,0.8
qwen3_14b,english,participants,ext_def_exp,temp0.3_nodelim_norole_nocot,lusa_3,4,extraction,Lusa agency,,0.95
qwen3_14b,english,participants,ext_def_exp,temp0.3_nodelim_norole_nocot,lusa_3,4,extraction,the operatives,,0.9
qwen3_14b,english,participants,ext_def_exp,temp0.3_nodelim_norole_nocot,lusa_3,4,extraction,the man,,0.9
qwen3_14b,english,participants,ext_def_exp,temp0.3_nodelim_norole_nocot,lusa_3,4,extraction,source,,0.9
qwen3_14b,english,participants,cls_def_exp,temp0.3_nodelim_norole_nocot,lusa_3,4,classification,A source,Per,0.95
qwen3_14b,english,participants,cls_def_exp,temp0.3_nodelim_norole_nocot,lusa_3,4,classification,GNR Territorial Command,Org,0.95
qwen3_14b,english,participants,cls_def_exp,temp0.3_nodelim_norole_nocot,lusa_3,4,classification,Braga,Pl_civil,0.9
qwen3_14b,english,participants,cls_def_exp,temp0.3_nodelim_norole_nocot,lusa_3,4,classification,Lusa agency,Org,0.95
qwen3_14b,english,participants,cls_def_exp,temp0.3_nodelim_norole_nocot,lusa_3,4,classification,the operatives,Per,0.95
qwen3_14b,english,participants,cls_def_exp,temp0.3_nodelim_norole_nocot,lusa_3,4,classification,the man,Per,0.95
qwen3_14b,english,participants,cls_def_exp,temp0.3_nodelim_norole_nocot,lusa_3,4,classification,source,Per,0.95
qwen3_14b,english,participants,sent_def_exp,temp0.3_nodelim_norole_nocot,lusa_3,5,detection,,yes,0.95
qwen3_14b,english,participants,ext_def_exp,temp0.3_nodelim_norole_nocot,lusa_3,5,extraction,the military,,0.9
qwen3_14b,english,participants,ext_def_exp,temp0.3_nodelim_norole_nocot,lusa_3,5,extraction,the source,,0.8
qwen3_14b,english,participants,ext_def_exp,temp0.3_nodelim_norole_nocot,lusa_3,5,extraction,the detainee,,0.8
qwen3_14b,english,participants,cls_def_exp,temp0.3_nodelim_norole_nocot,lusa_3,5,classification,the military,Org,0.95
qwen3_14b,english,participants,cls_def_exp,temp0.3_nodelim_norole_nocot,lusa_3,5,classification,the source,Per,0.9
qwen3_14b,english,participants,cls_def_exp,temp0.3_nodelim_norole_nocot,lusa_3,5,classification,the detainee,Per,0.95
qwen3_14b,english,participants,sent_def_exp,temp0.3_nodelim_norole_nocot,lusa_3,6,detection,,yes,0.95
qwen3_14b,english,participants,ext_def_exp,temp0.3_nodelim_norole_nocot,lusa_3,6,extraction,he,,0.5
qwen3_14b,english,participants,ext_def_exp,temp0.3_nodelim_norole_nocot,lusa_3,6,extraction,GNR post in Cabeceiras,,0.9
qwen3_14b,english,participants,ext_def_exp,temp0.3_nodelim_norole_nocot,lusa_3,6,extraction,investigating judge,,0.7
qwen3_14b,english,participants,ext_def_exp,temp0.3_nodelim_norole_nocot,lusa_3,6,extraction,hospital unit,,0.8
qwen3_14b,english,participants,ext_def_exp,temp0.3_nodelim_norole_nocot,lusa_3,6,extraction,Cabeceiras,,0.8
qwen3_14b,english,participants,cls_def_exp,temp0.3_nodelim_norole_nocot,lusa_3,6,classification,he,Per,0.95
qwen3_14b,english,participants,cls_def_exp,temp0.3_nodelim_norole_nocot,lusa_3,6,classification,GNR post in Cabeceiras,Fac,0.9
qwen3_14b,english,participants,cls_def_exp,temp0.3_nodelim_norole_nocot,lusa_3,6,classification,investigating judge,Per,0.95
qwen3_14b,english,participants,cls_def_exp,temp0.3_nodelim_norole_nocot,lusa_3,6,classification,hospital unit,Fac,0.9
qwen3_14b,english,participants,cls_def_exp,temp0.3_nodelim_norole_nocot,lusa_3,6,classification,Cabeceiras,Pl_civil,0.85
qwen3_14b,english,participants,sent_def_exp,temp0.3_nodelim_norole_nocot,lusa_3,7,detection,,yes,0.95
qwen3_14b,english,participants,ext_def_exp,temp0.3_nodelim_norole_nocot,lusa_3,7,extraction,Judiciary Police,,0.95
qwen3_14b,english,participants,ext_def_exp,temp0.3_nodelim_norole_nocot,lusa_3,7,extraction,the source,,0.7
qwen3_14b,english,participants,ext_def_exp,temp0.3_nodelim_norole_nocot,lusa_3,7,extraction,firearms,,0.8
qwen3_14b,english,participants,cls_def_exp,temp0.3_nodelim_norole_nocot,lusa_3,7,classification,Judiciary Police,Org,0.95
qwen3_14b,english,participants,cls_def_exp,temp0.3_nodelim_norole_nocot,lusa_3,7,classification,the source,Per,0.85
qwen3_14b,english,participants,cls_def_exp,temp0.3_nodelim_norole_nocot,lusa_3,7,classification,firearms,Obj,0.9
qwen3_14b,english,participants,sent_def_exp,temp0.3_nodelim_norole_nocot,lusa_31,1,detection,,yes,0.95
qwen3_14b,english,participants,ext_def_exp,temp0.3_nodelim_norole_nocot,lusa_31,1,extraction,The GNR of Freamunde,,0.95
qwen3_14b,english,participants,ext_def_exp,temp0.3_nodelim_norole_nocot,lusa_31,1,extraction,a restaurant and drinks establishment,,0.85
qwen3_14b,english,participants,ext_def_exp,temp0.3_nodelim_norole_nocot,lusa_31,1,extraction,50 people,,0.75
qwen3_14b,english,participants,ext_def_exp,temp0.3_nodelim_norole_nocot,lusa_31,1,extraction,Paços de Ferreira,,0.9
qwen3_14b,english,participants,ext_def_exp,temp0.3_nodelim_norole_nocot,lusa_31,1,extraction,the municipality of Paços de Ferreira,,0.8
qwen3_14b,english,participants,sent_def_exp,temp0.3_nodelim_norole_nocot,lusa_31,2,detection,,yes,0.95
qwen3_14b,english,participants,ext_def_exp,temp0.3_nodelim_norole_nocot,lusa_31,2,extraction,The military,,0.9
qwen3_14b,english,participants,ext_def_exp,temp0.3_nodelim_norole_nocot,lusa_31,2,extraction,the establishment,,0.8
qwen3_14b,english,participants,ext_def_exp,temp0.3_nodelim_norole_nocot,lusa_31,2,extraction,live music,,0.7
qwen3_14b,english,participants,ext_def_exp,temp0.3_nodelim_norole_nocot,lusa_31,2,extraction,inspection action,,0.6
qwen3_14b,english,participants,ext_def_exp,temp0.3_nodelim_norole_nocot,lusa_31,2,extraction,the authority,,0.9
qwen3_14b,english,participants,ext_def_exp,temp0.3_nodelim_norole_nocot,lusa_31,2,extraction,covid-19 pandemic,,0.5
qwen3_14b,english,participants,ext_def_exp,temp0.3_nodelim_norole_nocot,lusa_31,2,extraction,rules relating to the covid-19 pandemic,,0.6
qwen3_14b,english,participants,ext_def_exp,temp0.3_nodelim_norole_nocot,lusa_31,2,extraction,statement,,0.7
qwen3_14b,english,participants,cls_def_exp,temp0.3_nodelim_norole_nocot,lusa_31,2,classification,The military,Org,0.95
qwen3_14b,english,participants,cls_def_exp,temp0.3_nodelim_norole_nocot,lusa_31,2,classification,the establishment,Fac,0.85
qwen3_14b,english,participants,cls_def_exp,temp0.3_nodelim_norole_nocot,lusa_31,2,classification,live music,Other,0.7
qwen3_14b,english,participants,cls_def_exp,temp0.3_nodelim_norole_nocot,lusa_31,2,classification,inspection action,Other,0.6
qwen3_14b,english,participants,cls_def_exp,temp0.3_nodelim_norole_nocot,lusa_31,2,classification,the authority,Org,0.9
qwen3_14b,english,participants,cls_def_exp,temp0.3_nodelim_norole_nocot,lusa_31,2,classification,covid-19 pandemic,Other,0.7
qwen3_14b,english,participants,cls_def_exp,temp0.3_nodelim_norole_nocot,lusa_31,2,classification,rules relating to the covid-19 pandemic,Other,0.6
qwen3_14b,english,participants,cls_def_exp,temp0.3_nodelim_norole_nocot,lusa_31,2,classification,statement,Other,0.7
qwen3_14b,english,participants,sent_def_exp,temp0.3_nodelim_norole_nocot,lusa_31,3,detection,,yes,0.95
qwen3_14b,english,participants,ext_def_exp,temp0.3_nodelim_norole_nocot,lusa_31,3,extraction,The 48-year-old owner,,0.95
qwen3_14b,english,participants,cls_def_exp,temp0.3_nodelim_norole_nocot,lusa_31,3,classification,The 48-year-old owner,Per,0.95
qwen3_14b,english,participants,sent_def_exp,temp0.3_nodelim_norole_nocot,lusa_32,1,detection,,yes,0.95
qwen3_14b,english,participants,ext_def_exp,temp0.3_nodelim_norole_nocot,lusa_32,1,extraction,GNR,,0.95
qwen3_14b,english,participants,ext_def_exp,temp0.3_nodelim_norole_nocot,lusa_32,1,extraction,a shotgun,,0.8
qwen3_14b,english,participants,ext_def_exp,temp0.3_nodelim_norole_nocot,lusa_32,1,extraction,a pistol,,0.8
qwen3_14b,english,participants,ext_def_exp,temp0.3_nodelim_norole_nocot,lusa_32,1,extraction,two compressed air guns,,0.8
qwen3_14b,english,participants,ext_def_exp,temp0.3_nodelim_norole_nocot,lusa_32,1,extraction,a holster,,0.8
qwen3_14b,english,participants,ext_def_exp,temp0.3_nodelim_norole_nocot,lusa_32,1,extraction,Felgueiras,,0.9
qwen3_14b,english,participants,ext_def_exp,temp0.3_nodelim_norole_nocot,lusa_32,1,extraction,Porto district,,0.9
qwen3_14b,english,participants,ext_def_exp,temp0.3_nodelim_norole_nocot,lusa_32,1,extraction,complaint of domestic violence,,0.7
qwen3_14b,english,participants,cls_def_exp,temp0.3_nodelim_norole_nocot,lusa_32,1,classification,GNR,Org,0.95
qwen3_14b,english,participants,cls_def_exp,temp0.3_nodelim_norole_nocot,lusa_32,1,classification,a shotgun,Obj,0.9
qwen3_14b,english,participants,cls_def_exp,temp0.3_nodelim_norole_nocot,lusa_32,1,classification,a pistol,Obj,0.9
qwen3_14b,english,participants,cls_def_exp,temp0.3_nodelim_norole_nocot,lusa_32,1,classification,two compressed air guns,Obj,0.9
qwen3_14b,english,participants,cls_def_exp,temp0.3_nodelim_norole_nocot,lusa_32,1,classification,a holster,Obj,0.9
qwen3_14b,english,participants,cls_def_exp,temp0.3_nodelim_norole_nocot,lusa_32,1,classification,Felgueiras,Pl_civil,0.9
qwen3_14b,english,participants,cls_def_exp,temp0.3_nodelim_norole_nocot,lusa_32,1,classification,Porto district,Pl_state,0.95
qwen3_14b,english,participants,cls_def_exp,temp0.3_nodelim_norole_nocot,lusa_32,1,classification,complaint of domestic violence,Other,0.7
qwen3_14b,english,participants,sent_def_exp,temp0.3_nodelim_norole_nocot,lusa_32,2,detection,,yes,0.95
qwen3_14b,english,participants,ext_def_exp,temp0.3_nodelim_norole_nocot,lusa_32,2,extraction,The Guard,,0.95
qwen3_14b,english,participants,ext_def_exp,temp0.3_nodelim_norole_nocot,lusa_32,2,extraction,the military,,0.9
qwen3_14b,english,participants,ext_def_exp,temp0.3_nodelim_norole_nocot,lusa_32,2,extraction,the victim,,0.9
qwen3_14b,english,participants,ext_def_exp,temp0.3_nodelim_norole_nocot,lusa_32,2,extraction,a 25-year-old woman,,0.85
qwen3_14b,english,participants,ext_def_exp,temp0.3_nodelim_norole_nocot,lusa_32,2,extraction,her partner,,0.9
qwen3_14b,english,participants,ext_def_exp,temp0.3_nodelim_norole_nocot,lusa_32,2,extraction,a 33-year-old man,,0.85
qwen3_14b,english,participants,ext_def_exp,temp0.3_nodelim_norole_nocot,lusa_32,2,extraction,the location,,0.75
qwen3_14b,english,participants,cls_def_exp,temp0.3_nodelim_norole_nocot,lusa_32,2,classification,The Guard,Org,0.95
qwen3_14b,english,participants,cls_def_exp,temp0.3_nodelim_norole_nocot,lusa_32,2,classification,the military,Org,0.9
qwen3_14b,english,participants,cls_def_exp,temp0.3_nodelim_norole_nocot,lusa_32,2,classification,the victim,Per,0.98
qwen3_14b,english,participants,cls_def_exp,temp0.3_nodelim_norole_nocot,lusa_32,2,classification,a 25-year-old woman,Per,0.99
qwen3_14b,english,participants,cls_def_exp,temp0.3_nodelim_norole_nocot,lusa_32,2,classification,her partner,Per,0.97
qwen3_14b,english,participants,cls_def_exp,temp0.3_nodelim_norole_nocot,lusa_32,2,classification,a 33-year-old man,Per,0.99
qwen3_14b,english,participants,cls_def_exp,temp0.3_nodelim_norole_nocot,lusa_32,2,classification,the location,Loc,0.8
qwen3_14b,english,participants,sent_def_exp,temp0.3_nodelim_norole_nocot,lusa_32,3,detection,,no,0.75
qwen3_14b,english,participants,sent_def_exp,temp0.3_nodelim_norole_nocot,lusa_32,4,detection,,yes,0.95
qwen3_14b,english,participants,ext_def_exp,temp0.3_nodelim_norole_nocot,lusa_32,4,extraction,GNR,,1.0
qwen3_14b,english,participants,ext_def_exp,temp0.3_nodelim_norole_nocot,lusa_32,4,extraction,Felgueiras Judicial Court,,1.0
qwen3_14b,english,participants,cls_def_exp,temp0.3_nodelim_norole_nocot,lusa_32,4,classification,GNR,Org,0.95
qwen3_14b,english,participants,cls_def_exp,temp0.3_nodelim_norole_nocot,lusa_32,4,classification,Felgueiras Judicial Court,Org,0.9
qwen3_14b,english,participants,sent_def_exp,temp0.3_nodelim_norole_nocot,lusa_33,1,detection,,yes,0.95
qwen3_14b,english,participants,ext_def_exp,temp0.3_nodelim_norole_nocot,lusa_33,1,extraction,GNR Coastal Control Unit,,0.9
qwen3_14b,english,participants,ext_def_exp,temp0.3_nodelim_norole_nocot,lusa_33,1,extraction,Valença,,0.8
qwen3_14b,english,participants,ext_def_exp,temp0.3_nodelim_norole_nocot,lusa_33,1,extraction,district of Viana do Castelo,,0.8
qwen3_14b,english,participants,ext_def_exp,temp0.3_nodelim_norole_nocot,lusa_33,1,extraction,cockles,,0.7
qwen3_14b,english,participants,ext_def_exp,temp0.3_nodelim_norole_nocot,lusa_33,1,extraction,police force,,0.8
qwen3_14b,english,participants,cls_def_exp,temp0.3_nodelim_norole_nocot,lusa_33,1,classification,GNR Coastal Control Unit,Org,0.95
qwen3_14b,english,participants,cls_def_exp,temp0.3_nodelim_norole_nocot,lusa_33,1,classification,Valença,Pl_civil,0.9
qwen3_14b,english,participants,cls_def_exp,temp0.3_nodelim_norole_nocot,lusa_33,1,classification,district of Viana do Castelo,Pl_state,0.95
qwen3_14b,english,participants,cls_def_exp,temp0.3_nodelim_norole_nocot,lusa_33,1,classification,cockles,Nat,0.9
qwen3_14b,english,participants,cls_def_exp,temp0.3_nodelim_norole_nocot,lusa_33,1,classification,police force,Org,0.9
qwen3_14b,english,participants,sent_def_exp,temp0.3_nodelim_norole_nocot,lusa_33,2,detection,,yes,0.95
qwen3_14b,english,participants,ext_def_exp,temp0.3_nodelim_norole_nocot,lusa_33,2,extraction,GNR,,0.9
qwen3_14b,english,participants,ext_def_exp,temp0.3_nodelim_norole_nocot,lusa_33,2,extraction,50-year-old man,,0.8
qwen3_14b,english,participants,ext_def_exp,temp0.3_nodelim_norole_nocot,lusa_33,2,extraction,administrative offense report,,0.7
qwen3_14b,english,participants,ext_def_exp,temp0.3_nodelim_norole_nocot,lusa_33,2,extraction,bivalve species,,0.8
qwen3_14b,english,participants,ext_def_exp,temp0.3_nodelim_norole_nocot,lusa_33,2,extraction,the offense,,0.7
qwen3_14b,english,participants,cls_def_exp,temp0.3_nodelim_norole_nocot,lusa_33,2,classification,GNR,Org,0.95
qwen3_14b,english,participants,cls_def_exp,temp0.3_nodelim_norole_nocot,lusa_33,2,classification,50-year-old man,Per,0.9
qwen3_14b,english,participants,cls_def_exp,temp0.3_nodelim_norole_nocot,lusa_33,2,classification,administrative offense report,Obj,0.85
qwen3_14b,english,participants,cls_def_exp,temp0.3_nodelim_norole_nocot,lusa_33,2,classification,bivalve species,Nat,0.9
qwen3_14b,english,participants,cls_def_exp,temp0.3_nodelim_norole_nocot,lusa_33,2,classification,the offense,Other,0.7
qwen3_14b,english,participants,sent_def_exp,temp0.3_nodelim_norole_nocot,lusa_33,3,detection,,yes,0.95
qwen3_14b,english,participants,ext_def_exp,temp0.3_nodelim_norole_nocot,lusa_33,3,extraction,Coastal Control Unit (UCC),,1.0
qwen3_14b,english,participants,ext_def_exp,temp0.3_nodelim_norole_nocot,lusa_33,3,extraction,Matosinhos,,1.0
qwen3_14b,english,participants,ext_def_exp,temp0.3_nodelim_norole_nocot,lusa_33,3,extraction,road inspection action,,0.8
qwen3_14b,english,participants,ext_def_exp,temp0.3_nodelim_norole_nocot,lusa_33,3,extraction,transport of fresh fish and bivalve molluscs,,0.7
qwen3_14b,english,participants,ext_def_exp,temp0.3_nodelim_norole_nocot,lusa_33,3,extraction,fresh fish,,0.8
qwen3_14b,english,participants,ext_def_exp,temp0.3_nodelim_norole_nocot,lusa_33,3,extraction,bivalve molluscs,,0.8
qwen3_14b,english,participants,cls_def_exp,temp0.3_nodelim_norole_nocot,lusa_33,3,classification,Coastal Control Unit (UCC),Org,0.95
qwen3_14b,english,participants,cls_def_exp,temp0.3_nodelim_norole_nocot,lusa_33,3,classification,Matosinhos,Pl_civil,0.9
qwen3_14b,english,participants,cls_def_exp,temp0.3_nodelim_norole_nocot,lusa_33,3,classification,road inspection action,Other,0.65
qwen3_14b,english,participants,cls_def_exp,temp0.3_nodelim_norole_nocot,lusa_33,3,classification,transport of fresh fish and bivalve molluscs,Other,0.7
qwen3_14b,english,participants,cls_def_exp,temp0.3_nodelim_norole_nocot,lusa_33,3,classification,fresh fish,Nat,0.95
qwen3_14b,english,participants,cls_def_exp,temp0.3_nodelim_norole_nocot,lusa_33,3,classification,bivalve molluscs,Nat,0.95
qwen3_14b,english,participants,sent_def_exp,temp0.3_nodelim_norole_nocot,lusa_33,4,detection,,yes,0.75
qwen3_14b,english,participants,ext_def_exp,temp0.3_nodelim_norole_nocot,lusa_33,4,extraction,heavy goods vehicle,,0.95
qwen3_14b,english,participants,ext_def_exp,temp0.3_nodelim_norole_nocot,lusa_33,4,extraction,immature cockles,,0.85
qwen3_14b,english,participants,cls_def_exp,temp0.3_nodelim_norole_nocot,lusa_33,4,classification,heavy goods vehicle,Veh,0.95
qwen3_14b,english,participants,cls_def_exp,temp0.3_nodelim_norole_nocot,lusa_33,4,classification,immature cockles,Nat,0.95
qwen3_14b,english,participants,sent_def_exp,temp0.3_nodelim_norole_nocot,lusa_33,5,detection,,yes,0.95
qwen3_14b,english,participants,ext_def_exp,temp0.3_nodelim_norole_nocot,lusa_33,5,extraction,police force,,0.95
qwen3_14b,english,participants,ext_def_exp,temp0.3_nodelim_norole_nocot,lusa_33,5,extraction,cerastoderma edule,,0.9
qwen3_14b,english,participants,ext_def_exp,temp0.3_nodelim_norole_nocot,lusa_33,5,extraction,cockle,,0.9
qwen3_14b,english,participants,ext_def_exp,temp0.3_nodelim_norole_nocot,lusa_33,5,extraction,a type of bivalve saltwater mollusk,,0.7
qwen3_14b,english,participants,cls_def_exp,temp0.3_nodelim_norole_nocot,lusa_33,5,classification,police force,Org,0.95
qwen3_14b,english,participants,cls_def_exp,temp0.3_nodelim_norole_nocot,lusa_33,5,classification,cerastoderma edule,Nat,0.9
qwen3_14b,english,participants,cls_def_exp,temp0.3_nodelim_norole_nocot,lusa_33,5,classification,cockle,Nat,0.95
qwen3_14b,english,participants,cls_def_exp,temp0.3_nodelim_norole_nocot,lusa_33,5,classification,a type of bivalve saltwater mollusk,Other,0.7
qwen3_14b,english,participants,sent_def_exp,temp0.3_nodelim_norole_nocot,lusa_33,6,detection,,no,0.65
qwen3_14b,english,participants,sent_def_exp,temp0.3_nodelim_norole_nocot,lusa_35,1,detection,,yes,0.95
qwen3_14b,english,participants,ext_def_exp,temp0.3_nodelim_norole_nocot,lusa_35,1,extraction,GNR,,0.95
qwen3_14b,english,participants,ext_def_exp,temp0.3_nodelim_norole_nocot,lusa_35,1,extraction,a 52-year-old man,,0.9
qwen3_14b,english,participants,ext_def_exp,temp0.3_nodelim_norole_nocot,lusa_35,1,extraction,Idanha-a-Nova,,0.95
qwen3_14b,english,participants,ext_def_exp,temp0.3_nodelim_norole_nocot,lusa_35,1,extraction,Castelo Branco,,0.95
qwen3_14b,english,participants,ext_def_exp,temp0.3_nodelim_norole_nocot,lusa_35,1,extraction,the security force,,0.85
qwen3_14b,english,participants,cls_def_exp,temp0.3_nodelim_norole_nocot,lusa_35,1,classification,GNR,Org,0.95
qwen3_14b,english,participants,cls_def_exp,temp0.3_nodelim_norole_nocot,lusa_35,1,classification,a 52-year-old man,Per,0.98
qwen3_14b,english,participants,cls_def_exp,temp0.3_nodelim_norole_nocot,lusa_35,1,classification,Idanha-a-Nova,Pl_civil,0.9
qwen3_14b,english,participants,cls_def_exp,temp0.3_nodelim_norole_nocot,lusa_35,1,classification,Castelo Branco,Pl_state,0.95
qwen3_14b,english,participants,cls_def_exp,temp0.3_nodelim_norole_nocot,lusa_35,1,classification,the security force,Org,0.92
qwen3_14b,english,participants,sent_def_exp,temp0.3_nodelim_norole_nocot,lusa_35,2,detection,,yes,0.95
qwen3_14b,english,participants,ext_def_exp,temp0.3_nodelim_norole_nocot,lusa_35,2,extraction,Castelo Branco Territorial Command,,0.95
qwen3_14b,english,participants,ext_def_exp,temp0.3_nodelim_norole_nocot,lusa_35,2,extraction,the 52-year-old man,,0.8
qwen3_14b,english,participants,ext_def_exp,temp0.3_nodelim_norole_nocot,lusa_35,2,extraction,Criminal Investigation Center (NIC),,0.95
qwen3_14b,english,participants,ext_def_exp,temp0.3_nodelim_norole_nocot,lusa_35,2,extraction,Idanha-a-Nova,,0.9
qwen3_14b,english,participants,cls_def_exp,temp0.3_nodelim_norole_nocot,lusa_35,2,classification,Castelo Branco Territorial Command,Org,0.95
qwen3_14b,english,participants,cls_def_exp,temp0.3_nodelim_norole_nocot,lusa_35,2,classification,the 52-year-old man,Per,0.9
qwen3_14b,english,participants,cls_def_exp,temp0.3_nodelim_norole_nocot,lusa_35,2,classification,Criminal Investigation Center (NIC),Org,0.95
qwen3_14b,english,participants,cls_def_exp,temp0.3_nodelim_norole_nocot,lusa_35,2,classification,Idanha-a-Nova,Pl_civil,0.85
qwen3_14b,english,participants,sent_def_exp,temp0.3_nodelim_norole_nocot,lusa_35,3,detection,,yes,0.95
qwen3_14b,english,participants,ext_def_exp,temp0.3_nodelim_norole_nocot,lusa_35,3,extraction,the military,,0.95
qwen3_14b,english,participants,ext_def_exp,temp0.3_nodelim_norole_nocot,lusa_35,3,extraction,the suspect,,0.9
qwen3_14b,english,participants,ext_def_exp,temp0.3_nodelim_norole_nocot,lusa_35,3,extraction,agricultural land,,0.7
qwen3_14b,english,participants,ext_def_exp,temp0.3_nodelim_norole_nocot,lusa_35,3,extraction,cannabis,,0.6
qwen3_14b,english,participants,ext_def_exp,temp0.3_nodelim_norole_nocot,lusa_35,3,extraction,the note,,0.8
qwen3_14b,english,participants,cls_def_exp,temp0.3_nodelim_norole_nocot,lusa_35,3,classification,the military,Org,0.95
qwen3_14b,english,participants,cls_def_exp,temp0.3_nodelim_norole_nocot,lusa_35,3,classification,the suspect,Per,0.9
qwen3_14b,english,participants,cls_def_exp,temp0.3_nodelim_norole_nocot,lusa_35,3,classification,agricultural land,Loc,0.7
qwen3_14b,english,participants,cls_def_exp,temp0.3_nodelim_norole_nocot,lusa_35,3,classification,cannabis,Nat,0.9
qwen3_14b,english,participants,cls_def_exp,temp0.3_nodelim_norole_nocot,lusa_35,3,classification,the note,Loc,0.8
qwen3_14b,english,participants,sent_def_exp,temp0.3_nodelim_norole_nocot,lusa_35,4,detection,,yes,0.95
qwen3_14b,english,participants,ext_def_exp,temp0.3_nodelim_norole_nocot,lusa_35,4,extraction,The military,,1.0
qwen3_14b,english,participants,ext_def_exp,temp0.3_nodelim_norole_nocot,lusa_35,4,extraction,six kilos of cannabis heads,,1.0
qwen3_14b,english,participants,ext_def_exp,temp0.3_nodelim_norole_nocot,lusa_35,4,extraction,2.25 kilos of marijuana,,1.0
qwen3_14b,english,participants,ext_def_exp,temp0.3_nodelim_norole_nocot,lusa_35,4,extraction,26 cannabis plants,,1.0
qwen3_14b,english,participants,ext_def_exp,temp0.3_nodelim_norole_nocot,lusa_35,4,extraction,a scale,,1.0
qwen3_14b,english,participants,ext_def_exp,temp0.3_nodelim_norole_nocot,lusa_35,4,extraction,a mill,,1.0
qwen3_14b,english,participants,cls_def_exp,temp0.3_nodelim_norole_nocot,lusa_35,4,classification,The military,Org,0.95
qwen3_14b,english,participants,cls_def_exp,temp0.3_nodelim_norole_nocot,lusa_35,4,classification,six kilos of cannabis heads,Nat,0.9
qwen3_14b,english,participants,cls_def_exp,temp0.3_nodelim_norole_nocot,lusa_35,4,classification,2.25 kilos of marijuana,Nat,0.9
qwen3_14b,english,participants,cls_def_exp,temp0.3_nodelim_norole_nocot,lusa_35,4,classification,26 cannabis plants,Nat,0.95
qwen3_14b,english,participants,cls_def_exp,temp0.3_nodelim_norole_nocot,lusa_35,4,classification,a scale,Obj,0.9
qwen3_14b,english,participants,cls_def_exp,temp0.3_nodelim_norole_nocot,lusa_35,4,classification,a mill,Obj,0.9
qwen3_14b,english,participants,sent_def_exp,temp0.3_nodelim_norole_nocot,lusa_35,5,detection,,yes,0.95
qwen3_14b,english,participants,ext_def_exp,temp0.3_nodelim_norole_nocot,lusa_35,5,extraction,soldiers,,0.95
qwen3_14b,english,participants,ext_def_exp,temp0.3_nodelim_norole_nocot,lusa_35,5,extraction,GNR Territorial Post of Idanha-a-Nova,,0.9
qwen3_14b,english,participants,cls_def_exp,temp0.3_nodelim_norole_nocot,lusa_35,5,classification,soldiers,Per,0.95
qwen3_14b,english,participants,cls_def_exp,temp0.3_nodelim_norole_nocot,lusa_35,5,classification,GNR Territorial Post of Idanha-a-Nova,Org,0.9
qwen3_14b,english,participants,sent_def_exp,temp0.3_nodelim_norole_nocot,lusa_35,6,detection,,yes,0.95
qwen3_14b,english,participants,ext_def_exp,temp0.3_nodelim_norole_nocot,lusa_35,6,extraction,the detainee,,0.95
qwen3_14b,english,participants,ext_def_exp,temp0.3_nodelim_norole_nocot,lusa_35,6,extraction,Idanha-a-Nova Judicial Court,,0.95
qwen3_14b,english,participants,cls_def_exp,temp0.3_nodelim_norole_nocot,lusa_35,6,classification,the detainee,Per,0.95
qwen3_14b,english,participants,cls_def_exp,temp0.3_nodelim_norole_nocot,lusa_35,6,classification,Idanha-a-Nova Judicial Court,Org,0.95
qwen3_14b,english,participants,sent_def_exp,temp0.3_nodelim_norole_nocot,lusa_36,1,detection,,yes,0.95
qwen3_14b,english,participants,ext_def_exp,temp0.3_nodelim_norole_nocot,lusa_36,1,extraction,GNR Coastal Control Unit (UCC),,0.95
qwen3_14b,english,participants,ext_def_exp,temp0.3_nodelim_norole_nocot,lusa_36,1,extraction,illegal nurseries,,0.85
qwen3_14b,english,participants,ext_def_exp,temp0.3_nodelim_norole_nocot,lusa_36,1,extraction,Aveiro estuary,,0.7
qwen3_14b,english,participants,ext_def_exp,temp0.3_nodelim_norole_nocot,lusa_36,1,extraction,crustaceans,,0.8
qwen3_14b,english,participants,ext_def_exp,temp0.3_nodelim_norole_nocot,lusa_36,1,extraction,European eel,,0.8
qwen3_14b,english,participants,ext_def_exp,temp0.3_nodelim_norole_nocot,lusa_36,1,extraction,"2,765 euros",,0.7
qwen3_14b,english,participants,cls_def_exp,temp0.3_nodelim_norole_nocot,lusa_36,1,classification,GNR Coastal Control Unit (UCC),Org,0.95
qwen3_14b,english,participants,cls_def_exp,temp0.3_nodelim_norole_nocot,lusa_36,1,classification,illegal nurseries,Fac,0.8
qwen3_14b,english,participants,cls_def_exp,temp0.3_nodelim_norole_nocot,lusa_36,1,classification,Aveiro estuary,Pl_water,0.9
qwen3_14b,english,participants,cls_def_exp,temp0.3_nodelim_norole_nocot,lusa_36,1,classification,crustaceans,Nat,0.95
qwen3_14b,english,participants,cls_def_exp,temp0.3_nodelim_norole_nocot,lusa_36,1,classification,European eel,Nat,0.95
qwen3_14b,english,participants,cls_def_exp,temp0.3_nodelim_norole_nocot,lusa_36,1,classification,"2,765 euros",Other,0.85
qwen3_14b,english,participants,sent_def_exp,temp0.3_nodelim_norole_nocot,lusa_36,2,detection,,yes,0.95
qwen3_14b,english,participants,ext_def_exp,temp0.3_nodelim_norole_nocot,lusa_36,2,extraction,GNR,,1.0
qwen3_14b,english,participants,ext_def_exp,temp0.3_nodelim_norole_nocot,lusa_36,2,extraction,fishponds,,0.8
qwen3_14b,english,participants,cls_def_exp,temp0.3_nodelim_norole_nocot,lusa_36,2,classification,GNR,Org,0.95
qwen3_14b,english,participants,cls_def_exp,temp0.3_nodelim_norole_nocot,lusa_36,2,classification,fishponds,Obj,0.9
qwen3_14b,english,participants,sent_def_exp,temp0.3_nodelim_norole_nocot,lusa_36,3,detection,,yes,0.95
qwen3_14b,english,participants,ext_def_exp,temp0.3_nodelim_norole_nocot,lusa_36,3,extraction,the Guard's soldiers,,0.95
qwen3_14b,english,participants,ext_def_exp,temp0.3_nodelim_norole_nocot,lusa_36,3,extraction,illegal nurseries,,0.8
qwen3_14b,english,participants,ext_def_exp,temp0.3_nodelim_norole_nocot,lusa_36,3,extraction,crustaceans,,0.7
qwen3_14b,english,participants,ext_def_exp,temp0.3_nodelim_norole_nocot,lusa_36,3,extraction,European eel,,0.85
qwen3_14b,english,participants,ext_def_exp,temp0.3_nodelim_norole_nocot,lusa_36,3,extraction,Convention on International Trade in Endangered Species of Wild Fauna and Flora,,0.9
qwen3_14b,english,participants,cls_def_exp,temp0.3_nodelim_norole_nocot,lusa_36,3,classification,the Guard's soldiers,Per,0.95
qwen3_14b,english,participants,cls_def_exp,temp0.3_nodelim_norole_nocot,lusa_36,3,classification,illegal nurseries,Fac,0.85
qwen3_14b,english,participants,cls_def_exp,temp0.3_nodelim_norole_nocot,lusa_36,3,classification,crustaceans,Nat,0.9
qwen3_14b,english,participants,cls_def_exp,temp0.3_nodelim_norole_nocot,lusa_36,3,classification,European eel,Nat,0.95
qwen3_14b,english,participants,cls_def_exp,temp0.3_nodelim_norole_nocot,lusa_36,3,classification,Convention on International Trade in Endangered Species of Wild Fauna and Flora,Org,0.9
qwen3_14b,english,participants,sent_def_exp,temp0.3_nodelim_norole_nocot,lusa_36,4,detection,,no,0.3
qwen3_14b,english,participants,sent_def_exp,temp0.3_nodelim_norole_nocot,lusa_36,5,detection,,no,0.7
qwen3_14b,english,participants,sent_def_exp,temp0.3_nodelim_norole_nocot,lusa_36,6,detection,,yes,0.75
qwen3_14b,english,participants,ext_def_exp,temp0.3_nodelim_norole_nocot,lusa_36,6,extraction,crustaceans,,0.95
qwen3_14b,english,participants,ext_def_exp,temp0.3_nodelim_norole_nocot,lusa_36,6,extraction,European eels,,0.95
qwen3_14b,english,participants,ext_def_exp,temp0.3_nodelim_norole_nocot,lusa_36,6,extraction,natural environment,,0.8
qwen3_14b,english,participants,cls_def_exp,temp0.3_nodelim_norole_nocot,lusa_36,6,classification,crustaceans,Nat,0.95
qwen3_14b,english,participants,cls_def_exp,temp0.3_nodelim_norole_nocot,lusa_36,6,classification,European eels,Nat,0.95
qwen3_14b,english,participants,cls_def_exp,temp0.3_nodelim_norole_nocot,lusa_36,6,classification,natural environment,Other,0.6
qwen3_14b,english,participants,sent_def_exp,temp0.3_nodelim_norole_nocot,lusa_37,1,detection,,yes,0.95
qwen3_14b,english,participants,ext_def_exp,temp0.3_nodelim_norole_nocot,lusa_37,1,extraction,GNR,,0.9
qwen3_14b,english,participants,ext_def_exp,temp0.3_nodelim_norole_nocot,lusa_37,1,extraction,a 47-year-old man,,0.9
qwen3_14b,english,participants,ext_def_exp,temp0.3_nodelim_norole_nocot,lusa_37,1,extraction,his ex-partner,,0.8
qwen3_14b,english,participants,ext_def_exp,temp0.3_nodelim_norole_nocot,lusa_37,1,extraction,municipality of Belmonte,,0.8
qwen3_14b,english,participants,ext_def_exp,temp0.3_nodelim_norole_nocot,lusa_37,1,extraction,firearms,,0.7
qwen3_14b,english,participants,cls_def_exp,temp0.3_nodelim_norole_nocot,lusa_37,1,classification,GNR,Org,0.95
qwen3_14b,english,participants,cls_def_exp,temp0.3_nodelim_norole_nocot,lusa_37,1,classification,a 47-year-old man,Per,0.9
qwen3_14b,english,participants,cls_def_exp,temp0.3_nodelim_norole_nocot,lusa_37,1,classification,his ex-partner,Per,0.9
qwen3_14b,english,participants,cls_def_exp,temp0.3_nodelim_norole_nocot,lusa_37,1,classification,municipality of Belmonte,Pl_civil,0.95
qwen3_14b,english,participants,cls_def_exp,temp0.3_nodelim_norole_nocot,lusa_37,1,classification,firearms,Obj,0.9
qwen3_14b,english,participants,sent_def_exp,temp0.3_nodelim_norole_nocot,lusa_37,2,detection,,yes,0.95
qwen3_14b,english,participants,ext_def_exp,temp0.3_nodelim_norole_nocot,lusa_37,2,extraction,Lusa agency,,0.9
qwen3_14b,english,participants,ext_def_exp,temp0.3_nodelim_norole_nocot,lusa_37,2,extraction,GNR Territorial Command of Castelo Branco,,0.9
qwen3_14b,english,participants,ext_def_exp,temp0.3_nodelim_norole_nocot,lusa_37,2,extraction,Belmonte,,0.8
qwen3_14b,english,participants,ext_def_exp,temp0.3_nodelim_norole_nocot,lusa_37,2,extraction,Caria,,0.8
qwen3_14b,english,participants,cls_def_exp,temp0.3_nodelim_norole_nocot,lusa_37,2,classification,Lusa agency,Org,0.95
qwen3_14b,english,participants,cls_def_exp,temp0.3_nodelim_norole_nocot,lusa_37,2,classification,GNR Territorial Command of Castelo Branco,Org,0.9
qwen3_14b,english,participants,cls_def_exp,temp0.3_nodelim_norole_nocot,lusa_37,2,classification,Belmonte,Pl_civil,0.8
qwen3_14b,english,participants,cls_def_exp,temp0.3_nodelim_norole_nocot,lusa_37,2,classification,Caria,Pl_civil,0.8
qwen3_14b,english,participants,sent_def_exp,temp0.3_nodelim_norole_nocot,lusa_37,3,detection,,yes,0.95
qwen3_14b,english,participants,ext_def_exp,temp0.3_nodelim_norole_nocot,lusa_37,3,extraction,Military,,0.95
qwen3_14b,english,participants,ext_def_exp,temp0.3_nodelim_norole_nocot,lusa_37,3,extraction,the suspect,,0.95
qwen3_14b,english,participants,ext_def_exp,temp0.3_nodelim_norole_nocot,lusa_37,3,extraction,a 47-year-old man,,0.95
qwen3_14b,english,participants,ext_def_exp,temp0.3_nodelim_norole_nocot,lusa_37,3,extraction,the victim,,0.95
qwen3_14b,english,participants,ext_def_exp,temp0.3_nodelim_norole_nocot,lusa_37,3,extraction,"his ex-partner, aged 33",,0.95
qwen3_14b,english,participants,ext_def_exp,temp0.3_nodelim_norole_nocot,lusa_37,3,extraction,firearm,,0.9
qwen3_14b,english,participants,ext_def_exp,temp0.3_nodelim_norole_nocot,lusa_37,3,extraction,domestic violence,,0.85
qwen3_14b,english,participants,ext_def_exp,temp0.3_nodelim_norole_nocot,lusa_37,3,extraction,note,,0.8
qwen3_14b,english,participants,cls_def_exp,temp0.3_nodelim_norole_nocot,lusa_37,3,classification,Military,Org,0.95
qwen3_14b,english,participants,cls_def_exp,temp0.3_nodelim_norole_nocot,lusa_37,3,classification,the suspect,Per,0.9
qwen3_14b,english,participants,cls_def_exp,temp0.3_nodelim_norole_nocot,lusa_37,3,classification,a 47-year-old man,Per,0.95
qwen3_14b,english,participants,cls_def_exp,temp0.3_nodelim_norole_nocot,lusa_37,3,classification,the victim,Per,0.95
qwen3_14b,english,participants,cls_def_exp,temp0.3_nodelim_norole_nocot,lusa_37,3,classification,"his ex-partner, aged 33",Per,0.95
qwen3_14b,english,participants,cls_def_exp,temp0.3_nodelim_norole_nocot,lusa_37,3,classification,firearm,Obj,0.9
qwen3_14b,english,participants,cls_def_exp,temp0.3_nodelim_norole_nocot,lusa_37,3,classification,domestic violence,Other,0.7
qwen3_14b,english,participants,cls_def_exp,temp0.3_nodelim_norole_nocot,lusa_37,3,classification,note,Obj,0.8
qwen3_14b,english,participants,sent_def_exp,temp0.3_nodelim_norole_nocot,lusa_37,4,detection,,yes,0.95
qwen3_14b,english,participants,sent_def_exp,temp0.3_nodelim_norole_nocot,lusa_37,5,detection,,yes,0.95
qwen3_14b,english,participants,ext_def_exp,temp0.3_nodelim_norole_nocot,lusa_37,5,extraction,the suspect,,0.95
qwen3_14b,english,participants,ext_def_exp,temp0.3_nodelim_norole_nocot,lusa_37,5,extraction,Covilhã Judicial Court,,0.9
qwen3_14b,english,participants,cls_def_exp,temp0.3_nodelim_norole_nocot,lusa_37,5,classification,the suspect,Per,0.95
qwen3_14b,english,participants,cls_def_exp,temp0.3_nodelim_norole_nocot,lusa_37,5,classification,Covilhã Judicial Court,Org,0.9
qwen3_14b,english,participants,sent_def_exp,temp0.3_nodelim_norole_nocot,lusa_39,1,detection,,yes,0.95
qwen3_14b,english,participants,ext_def_exp,temp0.3_nodelim_norole_nocot,lusa_39,1,extraction,Two men,,0.95
qwen3_14b,english,participants,ext_def_exp,temp0.3_nodelim_norole_nocot,lusa_39,1,extraction,a confectionery shop,,0.8
qwen3_14b,english,participants,ext_def_exp,temp0.3_nodelim_norole_nocot,lusa_39,1,extraction,authorities,,0.9
qwen3_14b,english,participants,ext_def_exp,temp0.3_nodelim_norole_nocot,lusa_39,1,extraction,GNR,,0.95
qwen3_14b,english,participants,ext_def_exp,temp0.3_nodelim_norole_nocot,lusa_39,1,extraction,official GNR source,,0.9
qwen3_14b,english,participants,ext_def_exp,temp0.3_nodelim_norole_nocot,lusa_39,1,extraction,municipality of Santa Maria da Feira,,0.7
qwen3_14b,english,participants,cls_def_exp,temp0.3_nodelim_norole_nocot,lusa_39,1,classification,Two men,Per,0.95
qwen3_14b,english,participants,cls_def_exp,temp0.3_nodelim_norole_nocot,lusa_39,1,classification,a confectionery shop,Fac,0.9
qwen3_14b,english,participants,cls_def_exp,temp0.3_nodelim_norole_nocot,lusa_39,1,classification,authorities,Org,0.9
qwen3_14b,english,participants,cls_def_exp,temp0.3_nodelim_norole_nocot,lusa_39,1,classification,GNR,Org,0.95
qwen3_14b,english,participants,cls_def_exp,temp0.3_nodelim_norole_nocot,lusa_39,1,classification,official GNR source,Per,0.9
qwen3_14b,english,participants,cls_def_exp,temp0.3_nodelim_norole_nocot,lusa_39,1,classification,municipality of Santa Maria da Feira,Pl_civil,0.95
qwen3_14b,english,participants,sent_def_exp,temp0.3_nodelim_norole_nocot,lusa_39,2,detection,,yes,0.95
qwen3_14b,english,participants,ext_def_exp,temp0.3_nodelim_norole_nocot,lusa_39,2,extraction,those involved,,0.8
qwen3_14b,english,participants,ext_def_exp,temp0.3_nodelim_norole_nocot,lusa_39,2,extraction,confectionery shop,,0.95
qwen3_14b,english,participants,ext_def_exp,temp0.3_nodelim_norole_nocot,lusa_39,2,extraction,Milheirós de Poiares,,0.7
qwen3_14b,english,participants,ext_def_exp,temp0.3_nodelim_norole_nocot,lusa_39,2,extraction,Santa Maria da Feria,,0.7
qwen3_14b,english,participants,ext_def_exp,temp0.3_nodelim_norole_nocot,lusa_39,2,extraction,district of Aveiro,,0.7
qwen3_14b,english,participants,cls_def_exp,temp0.3_nodelim_norole_nocot,lusa_39,2,classification,those involved,Per,0.95
qwen3_14b,english,participants,cls_def_exp,temp0.3_nodelim_norole_nocot,lusa_39,2,classification,confectionery shop,Fac,0.9
qwen3_14b,english,participants,cls_def_exp,temp0.3_nodelim_norole_nocot,lusa_39,2,classification,Milheirós de Poiares,Pl_civil,0.85
qwen3_14b,english,participants,cls_def_exp,temp0.3_nodelim_norole_nocot,lusa_39,2,classification,Santa Maria da Feria,Pl_civil,0.85
qwen3_14b,english,participants,cls_def_exp,temp0.3_nodelim_norole_nocot,lusa_39,2,classification,district of Aveiro,Pl_state,0.9
qwen3_14b,english,participants,sent_def_exp,temp0.3_nodelim_norole_nocot,lusa_39,3,detection,,yes,0.4
qwen3_14b,english,participants,ext_def_exp,temp0.3_nodelim_norole_nocot,lusa_39,3,extraction,They,,0.5
qwen3_14b,english,participants,ext_def_exp,temp0.3_nodelim_norole_nocot,lusa_39,3,extraction,cash register,,0.8
qwen3_14b,english,participants,ext_def_exp,temp0.3_nodelim_norole_nocot,lusa_39,3,extraction,amount of money,,0.7
qwen3_14b,english,participants,ext_def_exp,temp0.3_nodelim_norole_nocot,lusa_39,3,extraction,source,,0.8
qwen3_14b,english,participants,cls_def_exp,temp0.3_nodelim_norole_nocot,lusa_39,3,classification,They,Per,0.95
qwen3_14b,english,participants,cls_def_exp,temp0.3_nodelim_norole_nocot,lusa_39,3,classification,cash register,Obj,0.9
qwen3_14b,english,participants,cls_def_exp,temp0.3_nodelim_norole_nocot,lusa_39,3,classification,amount of money,Other,0.6
qwen3_14b,english,participants,cls_def_exp,temp0.3_nodelim_norole_nocot,lusa_39,3,classification,source,Per,0.8
qwen3_14b,english,participants,sent_def_exp,temp0.3_nodelim_norole_nocot,lusa_39,4,detection,,yes,0.95
qwen3_14b,english,participants,ext_def_exp,temp0.3_nodelim_norole_nocot,lusa_39,4,extraction,robbers,,0.9
qwen3_14b,english,participants,ext_def_exp,temp0.3_nodelim_norole_nocot,lusa_39,4,extraction,one of the robbers,,0.7
qwen3_14b,english,participants,ext_def_exp,temp0.3_nodelim_norole_nocot,lusa_39,4,extraction,the other,,0.7
qwen3_14b,english,participants,ext_def_exp,temp0.3_nodelim_norole_nocot,lusa_39,4,extraction,Milheirós de Poiares,,0.9
qwen3_14b,english,participants,cls_def_exp,temp0.3_nodelim_norole_nocot,lusa_39,4,classification,robbers,Per,0.95
qwen3_14b,english,participants,cls_def_exp,temp0.3_nodelim_norole_nocot,lusa_39,4,classification,one of the robbers,Per,0.9
qwen3_14b,english,participants,cls_def_exp,temp0.3_nodelim_norole_nocot,lusa_39,4,classification,the other,Per,0.9
qwen3_14b,english,participants,cls_def_exp,temp0.3_nodelim_norole_nocot,lusa_39,4,classification,Milheirós de Poiares,Pl_civil,0.95
qwen3_14b,english,participants,sent_def_exp,temp0.3_nodelim_norole_nocot,lusa_39,5,detection,,yes,0.95
qwen3_14b,english,participants,ext_def_exp,temp0.3_nodelim_norole_nocot,lusa_39,5,extraction,the man,,0.9
qwen3_14b,english,participants,ext_def_exp,temp0.3_nodelim_norole_nocot,lusa_39,5,extraction,GNR,,0.95
qwen3_14b,english,participants,ext_def_exp,temp0.3_nodelim_norole_nocot,lusa_39,5,extraction,the territorial device of the GNR,,0.8
qwen3_14b,english,participants,ext_def_exp,temp0.3_nodelim_norole_nocot,lusa_39,5,extraction,the Intervention Detachment of that police force,,0.8
qwen3_14b,english,participants,ext_def_exp,temp0.3_nodelim_norole_nocot,lusa_39,5,extraction,that police force,,0.9
qwen3_14b,english,participants,cls_def_exp,temp0.3_nodelim_norole_nocot,lusa_39,5,classification,the man,Per,0.95
qwen3_14b,english,participants,cls_def_exp,temp0.3_nodelim_norole_nocot,lusa_39,5,classification,GNR,Org,0.9
qwen3_14b,english,participants,cls_def_exp,temp0.3_nodelim_norole_nocot,lusa_39,5,classification,the territorial device of the GNR,Org,0.85
qwen3_14b,english,participants,cls_def_exp,temp0.3_nodelim_norole_nocot,lusa_39,5,classification,the Intervention Detachment of that police force,Org,0.85
qwen3_14b,english,participants,cls_def_exp,temp0.3_nodelim_norole_nocot,lusa_39,5,classification,that police force,Org,0.9
qwen3_14b,english,participants,sent_def_exp,temp0.3_nodelim_norole_nocot,lusa_40,1,detection,,yes,0.95
qwen3_14b,english,participants,ext_def_exp,temp0.3_nodelim_norole_nocot,lusa_40,1,extraction,The Coastal Control Unit,,0.95
qwen3_14b,english,participants,ext_def_exp,temp0.3_nodelim_norole_nocot,lusa_40,1,extraction,four tons of hashish,,0.8
qwen3_14b,english,participants,ext_def_exp,temp0.3_nodelim_norole_nocot,lusa_40,1,extraction,high-speed vessel,,0.8
qwen3_14b,english,participants,ext_def_exp,temp0.3_nodelim_norole_nocot,lusa_40,1,extraction,Guadiana River,,0.9
qwen3_14b,english,participants,ext_def_exp,temp0.3_nodelim_norole_nocot,lusa_40,1,extraction,Algarve,,0.9
qwen3_14b,english,participants,ext_def_exp,temp0.3_nodelim_norole_nocot,lusa_40,1,extraction,GNR,,0.95
qwen3_14b,english,participants,cls_def_exp,temp0.3_nodelim_norole_nocot,lusa_40,1,classification,The Coastal Control Unit,Org,0.9
qwen3_14b,english,participants,cls_def_exp,temp0.3_nodelim_norole_nocot,lusa_40,1,classification,four tons of hashish,Obj,0.8
qwen3_14b,english,participants,cls_def_exp,temp0.3_nodelim_norole_nocot,lusa_40,1,classification,high-speed vessel,Veh,0.95
qwen3_14b,english,participants,cls_def_exp,temp0.3_nodelim_norole_nocot,lusa_40,1,classification,Guadiana River,Pl_water,0.95
qwen3_14b,english,participants,cls_def_exp,temp0.3_nodelim_norole_nocot,lusa_40,1,classification,Algarve,Pl_civil,0.9
qwen3_14b,english,participants,cls_def_exp,temp0.3_nodelim_norole_nocot,lusa_40,1,classification,GNR,Org,0.95
qwen3_14b,english,participants,sent_def_exp,temp0.3_nodelim_norole_nocot,lusa_40,2,detection,,yes,0.95
qwen3_14b,english,participants,ext_def_exp,temp0.3_nodelim_norole_nocot,lusa_40,2,extraction,GNR,,0.95
qwen3_14b,english,participants,ext_def_exp,temp0.3_nodelim_norole_nocot,lusa_40,2,extraction,115 bales of hashish,,0.85
qwen3_14b,english,participants,ext_def_exp,temp0.3_nodelim_norole_nocot,lusa_40,2,extraction,high-speed vessel,,0.9
qwen3_14b,english,participants,ext_def_exp,temp0.3_nodelim_norole_nocot,lusa_40,2,extraction,Guadiana River,,0.8
qwen3_14b,english,participants,ext_def_exp,temp0.3_nodelim_norole_nocot,lusa_40,2,extraction,Foz de Odeleite,,0.8
qwen3_14b,english,participants,cls_def_exp,temp0.3_nodelim_norole_nocot,lusa_40,2,classification,GNR,Org,0.95
qwen3_14b,english,participants,cls_def_exp,temp0.3_nodelim_norole_nocot,lusa_40,2,classification,115 bales of hashish,Obj,0.9
qwen3_14b,english,participants,cls_def_exp,temp0.3_nodelim_norole_nocot,lusa_40,2,classification,high-speed vessel,Veh,0.95
qwen3_14b,english,participants,cls_def_exp,temp0.3_nodelim_norole_nocot,lusa_40,2,classification,Guadiana River,Pl_water,0.9
qwen3_14b,english,participants,cls_def_exp,temp0.3_nodelim_norole_nocot,lusa_40,2,classification,Foz de Odeleite,Pl_civil,0.85
qwen3_14b,english,participants,sent_def_exp,temp0.3_nodelim_norole_nocot,lusa_40,3,detection,,yes,0.95
qwen3_14b,english,participants,ext_def_exp,temp0.3_nodelim_norole_nocot,lusa_40,3,extraction,GNR soldiers,,0.9
qwen3_14b,english,participants,ext_def_exp,temp0.3_nodelim_norole_nocot,lusa_40,3,extraction,suspects,,0.9
qwen3_14b,english,participants,ext_def_exp,temp0.3_nodelim_norole_nocot,lusa_40,3,extraction,Spanish territory,,0.8
qwen3_14b,english,participants,ext_def_exp,temp0.3_nodelim_norole_nocot,lusa_40,3,extraction,Spanish police authorities,,0.9
qwen3_14b,english,participants,ext_def_exp,temp0.3_nodelim_norole_nocot,lusa_40,3,extraction,note,,0.7
qwen3_14b,english,participants,cls_def_exp,temp0.3_nodelim_norole_nocot,lusa_40,3,classification,GNR soldiers,Per,0.9
qwen3_14b,english,participants,cls_def_exp,temp0.3_nodelim_norole_nocot,lusa_40,3,classification,suspects,Per,1.0
qwen3_14b,english,participants,cls_def_exp,temp0.3_nodelim_norole_nocot,lusa_40,3,classification,Spanish territory,Pl_region,0.7
qwen3_14b,english,participants,cls_def_exp,temp0.3_nodelim_norole_nocot,lusa_40,3,classification,Spanish police authorities,Org,1.0
qwen3_14b,english,participants,cls_def_exp,temp0.3_nodelim_norole_nocot,lusa_40,3,classification,note,Other,0.8
qwen3_14b,english,participants,sent_def_exp,temp0.3_nodelim_norole_nocot,lusa_40,4,detection,,yes,0.95
qwen3_14b,english,participants,ext_def_exp,temp0.3_nodelim_norole_nocot,lusa_40,4,extraction,GNR,,0.95
qwen3_14b,english,participants,ext_def_exp,temp0.3_nodelim_norole_nocot,lusa_40,4,extraction,the vessel,,0.7
qwen3_14b,english,participants,ext_def_exp,temp0.3_nodelim_norole_nocot,lusa_40,4,extraction,"Integrated Surveillance, Command and Control System (SIVICC)",,0.95
qwen3_14b,english,participants,cls_def_exp,temp0.3_nodelim_norole_nocot,lusa_40,4,classification,GNR,Org,0.95
qwen3_14b,english,participants,cls_def_exp,temp0.3_nodelim_norole_nocot,lusa_40,4,classification,the vessel,Veh,0.9
qwen3_14b,english,participants,cls_def_exp,temp0.3_nodelim_norole_nocot,lusa_40,4,classification,"Integrated Surveillance, Command and Control System (SIVICC)",Obj,0.85
qwen3_14b,english,participants,sent_def_exp,temp0.3_nodelim_norole_nocot,lusa_40,5,detection,,yes,0.95
qwen3_14b,english,participants,ext_def_exp,temp0.3_nodelim_norole_nocot,lusa_40,5,extraction,Judiciary Police (PJ),,1.0
qwen3_14b,english,participants,cls_def_exp,temp0.3_nodelim_norole_nocot,lusa_40,5,classification,Judiciary Police (PJ),Org,0.95
qwen3_14b,english,participants,sent_def_exp,temp0.3_nodelim_norole_nocot,lusa_41,1,detection,,yes,0.95
qwen3_14b,english,participants,ext_def_exp,temp0.3_nodelim_norole_nocot,lusa_41,1,extraction,GNR,,0.95
qwen3_14b,english,participants,ext_def_exp,temp0.3_nodelim_norole_nocot,lusa_41,1,extraction,a 59-year-old man,,0.9
qwen3_14b,english,participants,ext_def_exp,temp0.3_nodelim_norole_nocot,lusa_41,1,extraction,his 89-year-old father,,0.9
qwen3_14b,english,participants,ext_def_exp,temp0.3_nodelim_norole_nocot,lusa_41,1,extraction,the municipality of Maia,,0.8
qwen3_14b,english,participants,ext_def_exp,temp0.3_nodelim_norole_nocot,lusa_41,1,extraction,the district of Porto,,0.8
qwen3_14b,english,participants,cls_def_exp,temp0.3_nodelim_norole_nocot,lusa_41,1,classification,GNR,Org,1.0
qwen3_14b,english,participants,cls_def_exp,temp0.3_nodelim_norole_nocot,lusa_41,1,classification,a 59-year-old man,Per,1.0
qwen3_14b,english,participants,cls_def_exp,temp0.3_nodelim_norole_nocot,lusa_41,1,classification,his 89-year-old father,Per,1.0
qwen3_14b,english,participants,cls_def_exp,temp0.3_nodelim_norole_nocot,lusa_41,1,classification,the municipality of Maia,Pl_civil,1.0
qwen3_14b,english,participants,cls_def_exp,temp0.3_nodelim_norole_nocot,lusa_41,1,classification,the district of Porto,Pl_state,1.0
qwen3_14b,english,participants,sent_def_exp,temp0.3_nodelim_norole_nocot,lusa_41,2,detection,,yes,0.95
qwen3_14b,english,participants,ext_def_exp,temp0.3_nodelim_norole_nocot,lusa_41,2,extraction,GNR,,0.95
qwen3_14b,english,participants,ext_def_exp,temp0.3_nodelim_norole_nocot,lusa_41,2,extraction,the aggressor,,0.8
qwen3_14b,english,participants,ext_def_exp,temp0.3_nodelim_norole_nocot,lusa_41,2,extraction,the elderly person,,0.9
qwen3_14b,english,participants,ext_def_exp,temp0.3_nodelim_norole_nocot,lusa_41,2,extraction,the victim,,0.9
qwen3_14b,english,participants,ext_def_exp,temp0.3_nodelim_norole_nocot,lusa_41,2,extraction,his 89-year-old father,,0.8
qwen3_14b,english,participants,cls_def_exp,temp0.3_nodelim_norole_nocot,lusa_41,2,classification,GNR,Org,1.0
qwen3_14b,english,participants,cls_def_exp,temp0.3_nodelim_norole_nocot,lusa_41,2,classification,the aggressor,Per,1.0
qwen3_14b,english,participants,cls_def_exp,temp0.3_nodelim_norole_nocot,lusa_41,2,classification,the elderly person,Per,1.0
qwen3_14b,english,participants,cls_def_exp,temp0.3_nodelim_norole_nocot,lusa_41,2,classification,the victim,Per,1.0
qwen3_14b,english,participants,cls_def_exp,temp0.3_nodelim_norole_nocot,lusa_41,2,classification,his 89-year-old father,Per,1.0
qwen3_14b,english,participants,sent_def_exp,temp0.3_nodelim_norole_nocot,lusa_41,3,detection,,yes,0.95
qwen3_14b,english,participants,ext_def_exp,temp0.3_nodelim_norole_nocot,lusa_41,3,extraction,GNR soldiers,,0.95
qwen3_14b,english,participants,ext_def_exp,temp0.3_nodelim_norole_nocot,lusa_41,3,extraction,Maia Territorial Post,,0.9
qwen3_14b,english,participants,cls_def_exp,temp0.3_nodelim_norole_nocot,lusa_41,3,classification,GNR soldiers,Org,0.95
qwen3_14b,english,participants,cls_def_exp,temp0.3_nodelim_norole_nocot,lusa_41,3,classification,Maia Territorial Post,Fac,0.9
qwen3_14b,english,participants,sent_def_exp,temp0.3_nodelim_norole_nocot,lusa_41,4,detection,,yes,0.95
qwen3_14b,english,participants,ext_def_exp,temp0.3_nodelim_norole_nocot,lusa_41,4,extraction,The detainee,,0.95
qwen3_14b,english,participants,ext_def_exp,temp0.3_nodelim_norole_nocot,lusa_41,4,extraction,Matosinhos Criminal Instruction Court,,0.9
qwen3_14b,english,participants,cls_def_exp,temp0.3_nodelim_norole_nocot,lusa_41,4,classification,The detainee,Per,0.95
qwen3_14b,english,participants,cls_def_exp,temp0.3_nodelim_norole_nocot,lusa_41,4,classification,Matosinhos Criminal Instruction Court,Fac,0.9
qwen3_14b,english,participants,sent_def_exp,temp0.3_nodelim_norole_nocot,lusa_42,1,detection,,yes,0.95
qwen3_14b,english,participants,ext_def_exp,temp0.3_nodelim_norole_nocot,lusa_42,1,extraction,GNR,,0.95
qwen3_14b,english,participants,ext_def_exp,temp0.3_nodelim_norole_nocot,lusa_42,1,extraction,81-year-old woman,,0.9
qwen3_14b,english,participants,ext_def_exp,temp0.3_nodelim_norole_nocot,lusa_42,1,extraction,Sabroso,,0.8
qwen3_14b,english,participants,ext_def_exp,temp0.3_nodelim_norole_nocot,lusa_42,1,extraction,Vila Real,,0.8
qwen3_14b,english,participants,ext_def_exp,temp0.3_nodelim_norole_nocot,lusa_42,1,extraction,source,,0.8
qwen3_14b,english,participants,ext_def_exp,temp0.3_nodelim_norole_nocot,lusa_42,1,extraction,municipality of Vila Real,,0.75
qwen3_14b,english,participants,cls_def_exp,temp0.3_nodelim_norole_nocot,lusa_42,1,classification,GNR,Org,0.95
qwen3_14b,english,participants,cls_def_exp,temp0.3_nodelim_norole_nocot,lusa_42,1,classification,81-year-old woman,Per,0.95
qwen3_14b,english,participants,cls_def_exp,temp0.3_nodelim_norole_nocot,lusa_42,1,classification,Sabroso,Pl_civil,0.8
qwen3_14b,english,participants,cls_def_exp,temp0.3_nodelim_norole_nocot,lusa_42,1,classification,Vila Real,Pl_civil,0.9
qwen3_14b,english,participants,cls_def_exp,temp0.3_nodelim_norole_nocot,lusa_42,1,classification,source,Per,0.8
qwen3_14b,english,participants,cls_def_exp,temp0.3_nodelim_norole_nocot,lusa_42,1,classification,municipality of Vila Real,Pl_civil,0.9
qwen3_14b,english,participants,sent_def_exp,temp0.3_nodelim_norole_nocot,lusa_42,2,detection,,yes,0.95
qwen3_14b,english,participants,ext_def_exp,temp0.3_nodelim_norole_nocot,lusa_42,2,extraction,The octogenarian,,0.95
qwen3_14b,english,participants,ext_def_exp,temp0.3_nodelim_norole_nocot,lusa_42,2,extraction,a dog,,0.85
qwen3_14b,english,participants,ext_def_exp,temp0.3_nodelim_norole_nocot,lusa_42,2,extraction,GNR dog team,,0.9
qwen3_14b,english,participants,ext_def_exp,temp0.3_nodelim_norole_nocot,lusa_42,2,extraction,GNR,,0.9
qwen3_14b,english,participants,ext_def_exp,temp0.3_nodelim_norole_nocot,lusa_42,2,extraction,Vila Real unit,,0.8
qwen3_14b,english,participants,ext_def_exp,temp0.3_nodelim_norole_nocot,lusa_42,2,extraction,Trás-os-Montes and Alto Douro Hospital Center,,0.95
qwen3_14b,english,participants,cls_def_exp,temp0.3_nodelim_norole_nocot,lusa_42,2,classification,The octogenarian,Per,0.95
qwen3_14b,english,participants,cls_def_exp,temp0.3_nodelim_norole_nocot,lusa_42,2,classification,a dog,Nat,0.9
qwen3_14b,english,participants,cls_def_exp,temp0.3_nodelim_norole_nocot,lusa_42,2,classification,GNR dog team,Org,0.95
qwen3_14b,english,participants,cls_def_exp,temp0.3_nodelim_norole_nocot,lusa_42,2,classification,GNR,Org,0.98
qwen3_14b,english,participants,cls_def_exp,temp0.3_nodelim_norole_nocot,lusa_42,2,classification,Vila Real unit,Fac,0.85
qwen3_14b,english,participants,cls_def_exp,temp0.3_nodelim_norole_nocot,lusa_42,2,classification,Trás-os-Montes and Alto Douro Hospital Center,Fac,0.95
qwen3_14b,english,participants,sent_def_exp,temp0.3_nodelim_norole_nocot,lusa_42,3,detection,,yes,0.95
qwen3_14b,english,participants,ext_def_exp,temp0.3_nodelim_norole_nocot,lusa_42,3,extraction,elderly woman,,0.9
qwen3_14b,english,participants,ext_def_exp,temp0.3_nodelim_norole_nocot,lusa_42,3,extraction,family member,,0.7
qwen3_14b,english,participants,ext_def_exp,temp0.3_nodelim_norole_nocot,lusa_42,3,extraction,GNR's Emergency Protection and Relief Unit (UEPS),,0.9
qwen3_14b,english,participants,cls_def_exp,temp0.3_nodelim_norole_nocot,lusa_42,3,classification,elderly woman,Per,0.95
qwen3_14b,english,participants,cls_def_exp,temp0.3_nodelim_norole_nocot,lusa_42,3,classification,family member,Per,0.9
qwen3_14b,english,participants,cls_def_exp,temp0.3_nodelim_norole_nocot,lusa_42,3,classification,GNR's Emergency Protection and Relief Unit (UEPS),Org,0.95
qwen3_14b,english,participants,sent_def_exp,temp0.3_nodelim_norole_nocot,lusa_42,4,detection,,yes,0.95
qwen3_14b,english,participants,ext_def_exp,temp0.3_nodelim_norole_nocot,lusa_42,4,extraction,members of the GNR,,0.95
qwen3_14b,english,participants,ext_def_exp,temp0.3_nodelim_norole_nocot,lusa_42,4,extraction,firefighters,,0.9
qwen3_14b,english,participants,ext_def_exp,temp0.3_nodelim_norole_nocot,lusa_42,4,extraction,the woman,,0.9
qwen3_14b,english,participants,cls_def_exp,temp0.3_nodelim_norole_nocot,lusa_42,4,classification,members of the GNR,Per,0.95
qwen3_14b,english,participants,cls_def_exp,temp0.3_nodelim_norole_nocot,lusa_42,4,classification,firefighters,Per,0.95
qwen3_14b,english,participants,cls_def_exp,temp0.3_nodelim_norole_nocot,lusa_42,4,classification,the woman,Per,0.95
qwen3_14b,english,participants,sent_def_exp,temp0.3_nodelim_norole_nocot,lusa_42,5,detection,,yes,0.95
qwen3_14b,english,participants,ext_def_exp,temp0.3_nodelim_norole_nocot,lusa_42,5,extraction,National Emergency and Civil Protection Authority,,0.9
qwen3_14b,english,participants,ext_def_exp,temp0.3_nodelim_norole_nocot,lusa_42,5,extraction,29 officers,,0.9
qwen3_14b,english,participants,ext_def_exp,temp0.3_nodelim_norole_nocot,lusa_42,5,extraction,nine vehicles,,0.7
qwen3_14b,english,participants,ext_def_exp,temp0.3_nodelim_norole_nocot,lusa_42,5,extraction,the website of the National Emergency and Civil Protection Authority,,0.7
qwen3_14b,english,participants,cls_def_exp,temp0.3_nodelim_norole_nocot,lusa_42,5,classification,National Emergency and Civil Protection Authority,Org,0.95
qwen3_14b,english,participants,cls_def_exp,temp0.3_nodelim_norole_nocot,lusa_42,5,classification,29 officers,Per,0.9
qwen3_14b,english,participants,cls_def_exp,temp0.3_nodelim_norole_nocot,lusa_42,5,classification,nine vehicles,Veh,0.9
qwen3_14b,english,participants,cls_def_exp,temp0.3_nodelim_norole_nocot,lusa_42,5,classification,the website of the National Emergency and Civil Protection Authority,Loc,0.9
qwen3_14b,english,participants,sent_def_exp,temp0.3_nodelim_norole_nocot,lusa_43,1,detection,,yes,0.95
qwen3_14b,english,participants,ext_def_exp,temp0.3_nodelim_norole_nocot,lusa_43,1,extraction,A 50-year-old man,,0.95
qwen3_14b,english,participants,ext_def_exp,temp0.3_nodelim_norole_nocot,lusa_43,1,extraction,his 73-year-old mother,,0.95
qwen3_14b,english,participants,ext_def_exp,temp0.3_nodelim_norole_nocot,lusa_43,1,extraction,Gondomar,,0.8
qwen3_14b,english,participants,ext_def_exp,temp0.3_nodelim_norole_nocot,lusa_43,1,extraction,the Porto district,,0.8
qwen3_14b,english,participants,ext_def_exp,temp0.3_nodelim_norole_nocot,lusa_43,1,extraction,the GNR,,0.9
qwen3_14b,english,participants,cls_def_exp,temp0.3_nodelim_norole_nocot,lusa_43,1,classification,A 50-year-old man,Per,0.95
qwen3_14b,english,participants,cls_def_exp,temp0.3_nodelim_norole_nocot,lusa_43,1,classification,his 73-year-old mother,Per,0.95
qwen3_14b,english,participants,cls_def_exp,temp0.3_nodelim_norole_nocot,lusa_43,1,classification,Gondomar,Pl_civil,0.9
qwen3_14b,english,participants,cls_def_exp,temp0.3_nodelim_norole_nocot,lusa_43,1,classification,the Porto district,Pl_civil,0.95
qwen3_14b,english,participants,cls_def_exp,temp0.3_nodelim_norole_nocot,lusa_43,1,classification,the GNR,Org,0.95
qwen3_14b,english,participants,sent_def_exp,temp0.3_nodelim_norole_nocot,lusa_43,2,detection,,yes,0.95
qwen3_14b,english,participants,ext_def_exp,temp0.3_nodelim_norole_nocot,lusa_43,2,extraction,the military,,0.9
qwen3_14b,english,participants,ext_def_exp,temp0.3_nodelim_norole_nocot,lusa_43,2,extraction,the suspect,,0.9
qwen3_14b,english,participants,ext_def_exp,temp0.3_nodelim_norole_nocot,lusa_43,2,extraction,the mother,,0.9
qwen3_14b,english,participants,ext_def_exp,temp0.3_nodelim_norole_nocot,lusa_43,2,extraction,sharp weapons,,0.7
qwen3_14b,english,participants,cls_def_exp,temp0.3_nodelim_norole_nocot,lusa_43,2,classification,the military,Org,0.95
qwen3_14b,english,participants,cls_def_exp,temp0.3_nodelim_norole_nocot,lusa_43,2,classification,the suspect,Per,0.9
qwen3_14b,english,participants,cls_def_exp,temp0.3_nodelim_norole_nocot,lusa_43,2,classification,the mother,Per,0.95
qwen3_14b,english,participants,cls_def_exp,temp0.3_nodelim_norole_nocot,lusa_43,2,classification,sharp weapons,Obj,0.9
qwen3_14b,english,participants,sent_def_exp,temp0.3_nodelim_norole_nocot,lusa_43,3,detection,,yes,0.95
qwen3_14b,english,participants,ext_def_exp,temp0.3_nodelim_norole_nocot,lusa_43,3,extraction,police force,,0.9
qwen3_14b,english,participants,cls_def_exp,temp0.3_nodelim_norole_nocot,lusa_43,3,classification,police force,Org,0.95
qwen3_14b,english,participants,sent_def_exp,temp0.3_nodelim_norole_nocot,lusa_43,4,detection,,yes,0.95
qwen3_14b,english,participants,ext_def_exp,temp0.3_nodelim_norole_nocot,lusa_43,4,extraction,GNR,,0.95
qwen3_14b,english,participants,ext_def_exp,temp0.3_nodelim_norole_nocot,lusa_43,4,extraction,he,,0.5
qwen3_14b,english,participants,ext_def_exp,temp0.3_nodelim_norole_nocot,lusa_43,4,extraction,two bladed weapons,,0.8
qwen3_14b,english,participants,cls_def_exp,temp0.3_nodelim_norole_nocot,lusa_43,4,classification,GNR,Org,0.95
qwen3_14b,english,participants,cls_def_exp,temp0.3_nodelim_norole_nocot,lusa_43,4,classification,he,Per,0.8
qwen3_14b,english,participants,cls_def_exp,temp0.3_nodelim_norole_nocot,lusa_43,4,classification,two bladed weapons,Obj,0.95
qwen3_14b,english,participants,sent_def_exp,temp0.3_nodelim_norole_nocot,lusa_43,5,detection,,yes,0.95
qwen3_14b,english,participants,ext_def_exp,temp0.3_nodelim_norole_nocot,lusa_43,5,extraction,The suspect,,1.0
qwen3_14b,english,participants,ext_def_exp,temp0.3_nodelim_norole_nocot,lusa_43,5,extraction,Porto Judicial Court,,1.0
qwen3_14b,english,participants,cls_def_exp,temp0.3_nodelim_norole_nocot,lusa_43,5,classification,The suspect,Per,0.95
qwen3_14b,english,participants,cls_def_exp,temp0.3_nodelim_norole_nocot,lusa_43,5,classification,Porto Judicial Court,Fac,0.95
qwen3_14b,english,participants,sent_def_exp,temp0.3_nodelim_norole_nocot,lusa_44,1,detection,,yes,0.95
qwen3_14b,english,participants,ext_def_exp,temp0.3_nodelim_norole_nocot,lusa_44,1,extraction,GNR of Leiria,,0.95
qwen3_14b,english,participants,ext_def_exp,temp0.3_nodelim_norole_nocot,lusa_44,1,extraction,parish of Bidoeira de Cima,,0.85
qwen3_14b,english,participants,ext_def_exp,temp0.3_nodelim_norole_nocot,lusa_44,1,extraction,municipality of Leiria,,0.8
qwen3_14b,english,participants,cls_def_exp,temp0.3_nodelim_norole_nocot,lusa_44,1,classification,GNR of Leiria,Org,0.95
qwen3_14b,english,participants,cls_def_exp,temp0.3_nodelim_norole_nocot,lusa_44,1,classification,parish of Bidoeira de Cima,Pl_civil,0.9
qwen3_14b,english,participants,cls_def_exp,temp0.3_nodelim_norole_nocot,lusa_44,1,classification,municipality of Leiria,Pl_civil,0.85
qwen3_14b,english,participants,sent_def_exp,temp0.3_nodelim_norole_nocot,lusa_44,2,detection,,yes,0.95
qwen3_14b,english,participants,ext_def_exp,temp0.3_nodelim_norole_nocot,lusa_44,2,extraction,The GNR Territorial Command,,0.95
qwen3_14b,english,participants,ext_def_exp,temp0.3_nodelim_norole_nocot,lusa_44,2,extraction,Leiria Environmental Protection Center,,0.9
qwen3_14b,english,participants,ext_def_exp,temp0.3_nodelim_norole_nocot,lusa_44,2,extraction,agricultural holding,,0.85
qwen3_14b,english,participants,cls_def_exp,temp0.3_nodelim_norole_nocot,lusa_44,2,classification,The GNR Territorial Command,Org,0.95
qwen3_14b,english,participants,cls_def_exp,temp0.3_nodelim_norole_nocot,lusa_44,2,classification,Leiria Environmental Protection Center,Org,0.9
qwen3_14b,english,participants,cls_def_exp,temp0.3_nodelim_norole_nocot,lusa_44,2,classification,agricultural holding,Pl_civil,0.7
qwen3_14b,english,participants,sent_def_exp,temp0.3_nodelim_norole_nocot,lusa_44,3,detection,,yes,0.95
qwen3_14b,english,participants,ext_def_exp,temp0.3_nodelim_norole_nocot,lusa_44,3,extraction,GNR soldiers,,0.9
qwen3_14b,english,participants,ext_def_exp,temp0.3_nodelim_norole_nocot,lusa_44,3,extraction,livestock effluents,,0.85
qwen3_14b,english,participants,ext_def_exp,temp0.3_nodelim_norole_nocot,lusa_44,3,extraction,livestock effluent storage lagoon,,0.8
qwen3_14b,english,participants,ext_def_exp,temp0.3_nodelim_norole_nocot,lusa_44,3,extraction,mechanism,,0.7
qwen3_14b,english,participants,ext_def_exp,temp0.3_nodelim_norole_nocot,lusa_44,3,extraction,press release,,0.8
qwen3_14b,english,participants,ext_def_exp,temp0.3_nodelim_norole_nocot,lusa_44,3,extraction,GNR,,0.9
qwen3_14b,english,participants,cls_def_exp,temp0.3_nodelim_norole_nocot,lusa_44,3,classification,GNR soldiers,Per,0.95
qwen3_14b,english,participants,cls_def_exp,temp0.3_nodelim_norole_nocot,lusa_44,3,classification,livestock effluents,Nat,0.85
qwen3_14b,english,participants,cls_def_exp,temp0.3_nodelim_norole_nocot,lusa_44,3,classification,livestock effluent storage lagoon,Fac,0.9
qwen3_14b,english,participants,cls_def_exp,temp0.3_nodelim_norole_nocot,lusa_44,3,classification,mechanism,Obj,0.8
qwen3_14b,english,participants,cls_def_exp,temp0.3_nodelim_norole_nocot,lusa_44,3,classification,press release,Other,0.7
qwen3_14b,english,participants,cls_def_exp,temp0.3_nodelim_norole_nocot,lusa_44,3,classification,GNR,Org,0.95
qwen3_14b,english,participants,sent_def_exp,temp0.3_nodelim_norole_nocot,lusa_44,4,detection,,no,0.75
qwen3_14b,english,participants,sent_def_exp,temp0.3_nodelim_norole_nocot,lusa_45,1,detection,,yes,0.95
qwen3_14b,english,participants,ext_def_exp,temp0.3_nodelim_norole_nocot,lusa_45,1,extraction,The Criminal Investigation Service (SIC),,0.95
qwen3_14b,english,participants,ext_def_exp,temp0.3_nodelim_norole_nocot,lusa_45,1,extraction,three children,,0.9
qwen3_14b,english,participants,ext_def_exp,temp0.3_nodelim_norole_nocot,lusa_45,1,extraction,Democratic Republic of Congo (RDCongo),,0.95
qwen3_14b,english,participants,ext_def_exp,temp0.3_nodelim_norole_nocot,lusa_45,1,extraction,Dundo,,0.85
qwen3_14b,english,participants,ext_def_exp,temp0.3_nodelim_norole_nocot,lusa_45,1,extraction,Angolan province of Lunda Norte,,0.85
qwen3_14b,english,participants,ext_def_exp,temp0.3_nodelim_norole_nocot,lusa_45,1,extraction,Angolan authorities,,0.9
qwen3_14b,english,participants,cls_def_exp,temp0.3_nodelim_norole_nocot,lusa_45,1,classification,The Criminal Investigation Service (SIC),Org,0.95
qwen3_14b,english,participants,cls_def_exp,temp0.3_nodelim_norole_nocot,lusa_45,1,classification,three children,Per,0.9
qwen3_14b,english,participants,cls_def_exp,temp0.3_nodelim_norole_nocot,lusa_45,1,classification,Democratic Republic of Congo (RDCongo),Pl_country,0.95
qwen3_14b,english,participants,cls_def_exp,temp0.3_nodelim_norole_nocot,lusa_45,1,classification,Dundo,Pl_civil,0.9
qwen3_14b,english,participants,cls_def_exp,temp0.3_nodelim_norole_nocot,lusa_45,1,classification,Angolan province of Lunda Norte,Pl_state,0.8
qwen3_14b,english,participants,cls_def_exp,temp0.3_nodelim_norole_nocot,lusa_45,1,classification,Angolan authorities,Org,0.9
qwen3_14b,english,participants,sent_def_exp,temp0.3_nodelim_norole_nocot,lusa_45,2,detection,,yes,0.95
qwen3_14b,english,participants,ext_def_exp,temp0.3_nodelim_norole_nocot,lusa_45,2,extraction,Veríssimo Pandamari,,0.95
qwen3_14b,english,participants,ext_def_exp,temp0.3_nodelim_norole_nocot,lusa_45,2,extraction,the children,,0.95
qwen3_14b,english,participants,ext_def_exp,temp0.3_nodelim_norole_nocot,lusa_45,2,extraction,two alleged traffickers,,0.75
qwen3_14b,english,participants,ext_def_exp,temp0.3_nodelim_norole_nocot,lusa_45,2,extraction,Luanda,,0.95
qwen3_14b,english,participants,ext_def_exp,temp0.3_nodelim_norole_nocot,lusa_45,2,extraction,Angola,,0.95
qwen3_14b,english,participants,ext_def_exp,temp0.3_nodelim_norole_nocot,lusa_45,2,extraction,SIC,,0.95
qwen3_14b,english,participants,ext_def_exp,temp0.3_nodelim_norole_nocot,lusa_45,2,extraction,Lunda Norte,,0.95
qwen3_14b,english,participants,ext_def_exp,temp0.3_nodelim_norole_nocot,lusa_45,2,extraction,minors,,0.8
qwen3_14b,english,participants,cls_def_exp,temp0.3_nodelim_norole_nocot,lusa_45,2,classification,Veríssimo Pandamari,Per,0.95
qwen3_14b,english,participants,cls_def_exp,temp0.3_nodelim_norole_nocot,lusa_45,2,classification,the children,Per,0.9
qwen3_14b,english,participants,cls_def_exp,temp0.3_nodelim_norole_nocot,lusa_45,2,classification,two alleged traffickers,Per,0.85
qwen3_14b,english,participants,cls_def_exp,temp0.3_nodelim_norole_nocot,lusa_45,2,classification,Luanda,Pl_capital,0.95
qwen3_14b,english,participants,cls_def_exp,temp0.3_nodelim_norole_nocot,lusa_45,2,classification,Angola,Pl_country,0.95
qwen3_14b,english,participants,cls_def_exp,temp0.3_nodelim_norole_nocot,lusa_45,2,classification,SIC,Org,0.9
qwen3_14b,english,participants,cls_def_exp,temp0.3_nodelim_norole_nocot,lusa_45,2,classification,Lunda Norte,Pl_civil,0.9
qwen3_14b,english,participants,cls_def_exp,temp0.3_nodelim_norole_nocot,lusa_45,2,classification,minors,Per,0.85
qwen3_14b,english,participants,sent_def_exp,temp0.3_nodelim_norole_nocot,lusa_45,3,detection,,yes,0.95
qwen3_14b,english,participants,ext_def_exp,temp0.3_nodelim_norole_nocot,lusa_45,3,extraction,Veríssimo Pandamari,,0.95
qwen3_14b,english,participants,ext_def_exp,temp0.3_nodelim_norole_nocot,lusa_45,3,extraction,Angolan news agency,,0.85
qwen3_14b,english,participants,ext_def_exp,temp0.3_nodelim_norole_nocot,lusa_45,3,extraction,Angop,,0.9
qwen3_14b,english,participants,ext_def_exp,temp0.3_nodelim_norole_nocot,lusa_45,3,extraction,the men,,0.8
qwen3_14b,english,participants,ext_def_exp,temp0.3_nodelim_norole_nocot,lusa_45,3,extraction,members of the public,,0.75
qwen3_14b,english,participants,cls_def_exp,temp0.3_nodelim_norole_nocot,lusa_45,3,classification,Veríssimo Pandamari,Per,0.95
qwen3_14b,english,participants,cls_def_exp,temp0.3_nodelim_norole_nocot,lusa_45,3,classification,Angolan news agency,Org,0.9
qwen3_14b,english,participants,cls_def_exp,temp0.3_nodelim_norole_nocot,lusa_45,3,classification,Angop,Org,0.95
qwen3_14b,english,participants,cls_def_exp,temp0.3_nodelim_norole_nocot,lusa_45,3,classification,the men,Per,0.85
qwen3_14b,english,participants,cls_def_exp,temp0.3_nodelim_norole_nocot,lusa_45,3,classification,members of the public,Per,0.8
qwen3_14b,english,participants,sent_def_exp,temp0.3_nodelim_norole_nocot,lusa_45,4,detection,,yes,0.75
qwen3_14b,english,participants,ext_def_exp,temp0.3_nodelim_norole_nocot,lusa_45,4,extraction,minors,,1.0
qwen3_14b,english,participants,cls_def_exp,temp0.3_nodelim_norole_nocot,lusa_45,4,classification,minors,Per,0.95
qwen3_14b,english,participants,sent_def_exp,temp0.3_nodelim_norole_nocot,lusa_46,1,detection,,yes,0.95
qwen3_14b,english,participants,ext_def_exp,temp0.3_nodelim_norole_nocot,lusa_46,1,extraction,The Public Ministry (MP),,0.9
qwen3_14b,english,participants,ext_def_exp,temp0.3_nodelim_norole_nocot,lusa_46,1,extraction,GNR soldier,,0.9
qwen3_14b,english,participants,ext_def_exp,temp0.3_nodelim_norole_nocot,lusa_46,1,extraction,GNR,,0.8
qwen3_14b,english,participants,ext_def_exp,temp0.3_nodelim_norole_nocot,lusa_46,1,extraction,Braga,,0.7
qwen3_14b,english,participants,ext_def_exp,temp0.3_nodelim_norole_nocot,lusa_46,1,extraction,monthly pay supplement statements,,0.6
qwen3_14b,english,participants,cls_def_exp,temp0.3_nodelim_norole_nocot,lusa_46,1,classification,The Public Ministry (MP),Org,1.0
qwen3_14b,english,participants,cls_def_exp,temp0.3_nodelim_norole_nocot,lusa_46,1,classification,GNR soldier,Per,1.0
qwen3_14b,english,participants,cls_def_exp,temp0.3_nodelim_norole_nocot,lusa_46,1,classification,GNR,Org,1.0
qwen3_14b,english,participants,cls_def_exp,temp0.3_nodelim_norole_nocot,lusa_46,1,classification,Braga,Pl_civil,0.9
qwen3_14b,english,participants,cls_def_exp,temp0.3_nodelim_norole_nocot,lusa_46,1,classification,monthly pay supplement statements,Obj,1.0
qwen3_14b,english,participants,sent_def_exp,temp0.3_nodelim_norole_nocot,lusa_46,2,detection,,yes,0.95
qwen3_14b,english,participants,ext_def_exp,temp0.3_nodelim_norole_nocot,lusa_46,2,extraction,Porto Regional Attorney General's Office,,0.95
qwen3_14b,english,participants,ext_def_exp,temp0.3_nodelim_norole_nocot,lusa_46,2,extraction,the defendant,,0.9
qwen3_14b,english,participants,ext_def_exp,temp0.3_nodelim_norole_nocot,lusa_46,2,extraction,Criminal Investigation Unit,,0.9
qwen3_14b,english,participants,ext_def_exp,temp0.3_nodelim_norole_nocot,lusa_46,2,extraction,GNR,,0.95
qwen3_14b,english,participants,ext_def_exp,temp0.3_nodelim_norole_nocot,lusa_46,2,extraction,Braga,,0.8
qwen3_14b,english,participants,ext_def_exp,temp0.3_nodelim_norole_nocot,lusa_46,2,extraction,website of the Porto Regional Attorney General's Office,,0.85
qwen3_14b,english,participants,cls_def_exp,temp0.3_nodelim_norole_nocot,lusa_46,2,classification,Porto Regional Attorney General's Office,Org,0.95
qwen3_14b,english,participants,cls_def_exp,temp0.3_nodelim_norole_nocot,lusa_46,2,classification,the defendant,Per,0.9
qwen3_14b,english,participants,cls_def_exp,temp0.3_nodelim_norole_nocot,lusa_46,2,classification,Criminal Investigation Unit,Org,0.9
qwen3_14b,english,participants,cls_def_exp,temp0.3_nodelim_norole_nocot,lusa_46,2,classification,GNR,Org,0.95
qwen3_14b,english,participants,cls_def_exp,temp0.3_nodelim_norole_nocot,lusa_46,2,classification,Braga,Pl_civil,0.9
qwen3_14b,english,participants,cls_def_exp,temp0.3_nodelim_norole_nocot,lusa_46,2,classification,website of the Porto Regional Attorney General's Office,Loc,0.85
qwen3_14b,english,participants,sent_def_exp,temp0.3_nodelim_norole_nocot,lusa_46,3,detection,,yes,0.95
qwen3_14b,english,participants,ext_def_exp,temp0.3_nodelim_norole_nocot,lusa_46,3,extraction,he,,0.5
qwen3_14b,english,participants,cls_def_exp,temp0.3_nodelim_norole_nocot,lusa_46,3,classification,he,Per,0.95
qwen3_14b,english,participants,sent_def_exp,temp0.3_nodelim_norole_nocot,lusa_46,4,detection,,yes,0.95
qwen3_14b,english,participants,ext_def_exp,temp0.3_nodelim_norole_nocot,lusa_46,4,extraction,The Public Prosecutor's Office,,1.0
qwen3_14b,english,participants,ext_def_exp,temp0.3_nodelim_norole_nocot,lusa_46,4,extraction,the defendant,,1.0
qwen3_14b,english,participants,cls_def_exp,temp0.3_nodelim_norole_nocot,lusa_46,4,classification,The Public Prosecutor's Office,Org,0.95
qwen3_14b,english,participants,cls_def_exp,temp0.3_nodelim_norole_nocot,lusa_46,4,classification,the defendant,Per,0.95
qwen3_14b,english,participants,sent_def_exp,temp0.3_nodelim_norole_nocot,lusa_46,5,detection,,yes,0.95
qwen3_14b,english,participants,ext_def_exp,temp0.3_nodelim_norole_nocot,lusa_46,5,extraction,The defendant,,1.0
qwen3_14b,english,participants,ext_def_exp,temp0.3_nodelim_norole_nocot,lusa_46,5,extraction,military personnel,,1.0
qwen3_14b,english,participants,ext_def_exp,temp0.3_nodelim_norole_nocot,lusa_46,5,extraction,Criminal Investigation Unit,,1.0
qwen3_14b,english,participants,ext_def_exp,temp0.3_nodelim_norole_nocot,lusa_46,5,extraction,his subordinates,,0.8
qwen3_14b,english,participants,cls_def_exp,temp0.3_nodelim_norole_nocot,lusa_46,5,classification,The defendant,Per,0.95
qwen3_14b,english,participants,cls_def_exp,temp0.3_nodelim_norole_nocot,lusa_46,5,classification,military personnel,Per,0.95
qwen3_14b,english,participants,cls_def_exp,temp0.3_nodelim_norole_nocot,lusa_46,5,classification,Criminal Investigation Unit,Org,0.95
qwen3_14b,english,participants,cls_def_exp,temp0.3_nodelim_norole_nocot,lusa_46,5,classification,his subordinates,Per,0.9
qwen3_14b,english,participants,sent_def_exp,temp0.3_nodelim_norole_nocot,lusa_48,1,detection,,yes,0.95
qwen3_14b,english,participants,ext_def_exp,temp0.3_nodelim_norole_nocot,lusa_48,1,extraction,GNR,,0.95
qwen3_14b,english,participants,ext_def_exp,temp0.3_nodelim_norole_nocot,lusa_48,1,extraction,two men,,0.85
qwen3_14b,english,participants,ext_def_exp,temp0.3_nodelim_norole_nocot,lusa_48,1,extraction,gaming machines,,0.75
qwen3_14b,english,participants,ext_def_exp,temp0.3_nodelim_norole_nocot,lusa_48,1,extraction,Vila Meã,,0.9
qwen3_14b,english,participants,ext_def_exp,temp0.3_nodelim_norole_nocot,lusa_48,1,extraction,Amarante,,0.9
qwen3_14b,english,participants,ext_def_exp,temp0.3_nodelim_norole_nocot,lusa_48,1,extraction,district of Porto,,0.85
qwen3_14b,english,participants,ext_def_exp,temp0.3_nodelim_norole_nocot,lusa_48,1,extraction,police source,,0.8
qwen3_14b,english,participants,cls_def_exp,temp0.3_nodelim_norole_nocot,lusa_48,1,classification,GNR,Org,0.95
qwen3_14b,english,participants,cls_def_exp,temp0.3_nodelim_norole_nocot,lusa_48,1,classification,two men,Per,0.98
qwen3_14b,english,participants,cls_def_exp,temp0.3_nodelim_norole_nocot,lusa_48,1,classification,gaming machines,Obj,0.95
qwen3_14b,english,participants,cls_def_exp,temp0.3_nodelim_norole_nocot,lusa_48,1,classification,Vila Meã,Pl_civil,0.9
qwen3_14b,english,participants,cls_def_exp,temp0.3_nodelim_norole_nocot,lusa_48,1,classification,Amarante,Pl_civil,0.9
qwen3_14b,english,participants,cls_def_exp,temp0.3_nodelim_norole_nocot,lusa_48,1,classification,district of Porto,Pl_state,0.95
qwen3_14b,english,participants,cls_def_exp,temp0.3_nodelim_norole_nocot,lusa_48,1,classification,police source,Per,0.85
qwen3_14b,english,participants,sent_def_exp,temp0.3_nodelim_norole_nocot,lusa_48,2,detection,,yes,0.95
qwen3_14b,english,participants,ext_def_exp,temp0.3_nodelim_norole_nocot,lusa_48,2,extraction,GNR,,0.9
qwen3_14b,english,participants,ext_def_exp,temp0.3_nodelim_norole_nocot,lusa_48,2,extraction,suspects,,0.7
qwen3_14b,english,participants,ext_def_exp,temp0.3_nodelim_norole_nocot,lusa_48,2,extraction,food and beverage establishments,,0.6
qwen3_14b,english,participants,cls_def_exp,temp0.3_nodelim_norole_nocot,lusa_48,2,classification,GNR,Org,0.95
qwen3_14b,english,participants,cls_def_exp,temp0.3_nodelim_norole_nocot,lusa_48,2,classification,suspects,Per,0.9
qwen3_14b,english,participants,cls_def_exp,temp0.3_nodelim_norole_nocot,lusa_48,2,classification,food and beverage establishments,Fac,0.95
qwen3_14b,english,participants,sent_def_exp,temp0.3_nodelim_norole_nocot,lusa_48,3,detection,,no,0.7
qwen3_14b,english,participants,sent_def_exp,temp0.3_nodelim_norole_nocot,lusa_48,4,detection,,yes,0.95
qwen3_14b,english,participants,ext_def_exp,temp0.3_nodelim_norole_nocot,lusa_48,4,extraction,The facts,,0.6
qwen3_14b,english,participants,ext_def_exp,temp0.3_nodelim_norole_nocot,lusa_48,4,extraction,the Judicial Court of Amarante,,0.9
qwen3_14b,english,participants,cls_def_exp,temp0.3_nodelim_norole_nocot,lusa_48,4,classification,The facts,Other,0.95
qwen3_14b,english,participants,cls_def_exp,temp0.3_nodelim_norole_nocot,lusa_48,4,classification,the Judicial Court of Amarante,Org,0.95
qwen3_14b,english,participants,sent_def_exp,temp0.3_nodelim_norole_nocot,lusa_49,1,detection,,yes,0.95
qwen3_14b,english,participants,ext_def_exp,temp0.3_nodelim_norole_nocot,lusa_49,1,extraction,The GNR,,0.95
qwen3_14b,english,participants,ext_def_exp,temp0.3_nodelim_norole_nocot,lusa_49,1,extraction,a 31-year-old man,,0.9
qwen3_14b,english,participants,ext_def_exp,temp0.3_nodelim_norole_nocot,lusa_49,1,extraction,Borba,,0.8
qwen3_14b,english,participants,ext_def_exp,temp0.3_nodelim_norole_nocot,lusa_49,1,extraction,Évora district,,0.8
qwen3_14b,english,participants,ext_def_exp,temp0.3_nodelim_norole_nocot,lusa_49,1,extraction,a source,,0.85
qwen3_14b,english,participants,ext_def_exp,temp0.3_nodelim_norole_nocot,lusa_49,1,extraction,Lusa agency,,0.95
qwen3_14b,english,participants,cls_def_exp,temp0.3_nodelim_norole_nocot,lusa_49,1,classification,The GNR,Org,0.95
qwen3_14b,english,participants,cls_def_exp,temp0.3_nodelim_norole_nocot,lusa_49,1,classification,a 31-year-old man,Per,0.99
qwen3_14b,english,participants,cls_def_exp,temp0.3_nodelim_norole_nocot,lusa_49,1,classification,Borba,Pl_civil,0.9
qwen3_14b,english,participants,cls_def_exp,temp0.3_nodelim_norole_nocot,lusa_49,1,classification,Évora district,Pl_state,0.85
qwen3_14b,english,participants,cls_def_exp,temp0.3_nodelim_norole_nocot,lusa_49,1,classification,a source,Per,0.9
qwen3_14b,english,participants,cls_def_exp,temp0.3_nodelim_norole_nocot,lusa_49,1,classification,Lusa agency,Org,0.95
qwen3_14b,english,participants,sent_def_exp,temp0.3_nodelim_norole_nocot,lusa_49,2,detection,,yes,0.95
qwen3_14b,english,participants,ext_def_exp,temp0.3_nodelim_norole_nocot,lusa_49,2,extraction,the man,,0.95
qwen3_14b,english,participants,ext_def_exp,temp0.3_nodelim_norole_nocot,lusa_49,2,extraction,military personnel,,0.9
qwen3_14b,english,participants,ext_def_exp,temp0.3_nodelim_norole_nocot,lusa_49,2,extraction,Estremoz Territorial Detachment,,0.9
qwen3_14b,english,participants,ext_def_exp,temp0.3_nodelim_norole_nocot,lusa_49,2,extraction,Vila Viçosa Court,,0.9
qwen3_14b,english,participants,ext_def_exp,temp0.3_nodelim_norole_nocot,lusa_49,2,extraction,the same source,,0.7
qwen3_14b,english,participants,cls_def_exp,temp0.3_nodelim_norole_nocot,lusa_49,2,classification,the man,Per,0.95
qwen3_14b,english,participants,cls_def_exp,temp0.3_nodelim_norole_nocot,lusa_49,2,classification,military personnel,Org,0.9
qwen3_14b,english,participants,cls_def_exp,temp0.3_nodelim_norole_nocot,lusa_49,2,classification,Estremoz Territorial Detachment,Org,0.95
qwen3_14b,english,participants,cls_def_exp,temp0.3_nodelim_norole_nocot,lusa_49,2,classification,Vila Viçosa Court,Fac,0.9
qwen3_14b,english,participants,cls_def_exp,temp0.3_nodelim_norole_nocot,lusa_49,2,classification,the same source,Per,0.85
qwen3_14b,english,participants,sent_def_exp,temp0.3_nodelim_norole_nocot,lusa_49,3,detection,,yes,0.95
qwen3_14b,english,participants,ext_def_exp,temp0.3_nodelim_norole_nocot,lusa_49,3,extraction,GNR,,0.95
qwen3_14b,english,participants,ext_def_exp,temp0.3_nodelim_norole_nocot,lusa_49,3,extraction,the suspect,,0.9
qwen3_14b,english,participants,ext_def_exp,temp0.3_nodelim_norole_nocot,lusa_49,3,extraction,heroin,,0.8
qwen3_14b,english,participants,ext_def_exp,temp0.3_nodelim_norole_nocot,lusa_49,3,extraction,digital scale,,0.8
qwen3_14b,english,participants,ext_def_exp,temp0.3_nodelim_norole_nocot,lusa_49,3,extraction,scissors,,0.8
qwen3_14b,english,participants,ext_def_exp,temp0.3_nodelim_norole_nocot,lusa_49,3,extraction,plastic bags,,0.8
qwen3_14b,english,participants,ext_def_exp,temp0.3_nodelim_norole_nocot,lusa_49,3,extraction,cash,,0.8
qwen3_14b,english,participants,cls_def_exp,temp0.3_nodelim_norole_nocot,lusa_49,3,classification,GNR,Org,0.95
qwen3_14b,english,participants,cls_def_exp,temp0.3_nodelim_norole_nocot,lusa_49,3,classification,the suspect,Per,0.9
qwen3_14b,english,participants,cls_def_exp,temp0.3_nodelim_norole_nocot,lusa_49,3,classification,heroin,Other,0.7
qwen3_14b,english,participants,cls_def_exp,temp0.3_nodelim_norole_nocot,lusa_49,3,classification,digital scale,Obj,0.95
qwen3_14b,english,participants,cls_def_exp,temp0.3_nodelim_norole_nocot,lusa_49,3,classification,scissors,Obj,0.95
qwen3_14b,english,participants,cls_def_exp,temp0.3_nodelim_norole_nocot,lusa_49,3,classification,plastic bags,Obj,0.95
qwen3_14b,english,participants,cls_def_exp,temp0.3_nodelim_norole_nocot,lusa_49,3,classification,cash,Obj,0.95
qwen3_14b,english,participants,sent_def_exp,temp0.3_nodelim_norole_nocot,lusa_5,1,detection,,yes,0.95
qwen3_14b,english,participants,ext_def_exp,temp0.3_nodelim_norole_nocot,lusa_5,1,extraction,A 50-year-old man,,0.9
qwen3_14b,english,participants,ext_def_exp,temp0.3_nodelim_norole_nocot,lusa_5,1,extraction,National Republican Guard (GNR),,0.9
qwen3_14b,english,participants,ext_def_exp,temp0.3_nodelim_norole_nocot,lusa_5,1,extraction,force of authority,,0.7
qwen3_14b,english,participants,cls_def_exp,temp0.3_nodelim_norole_nocot,lusa_5,1,classification,A 50-year-old man,Per,0.95
qwen3_14b,english,participants,cls_def_exp,temp0.3_nodelim_norole_nocot,lusa_5,1,classification,National Republican Guard (GNR),Org,0.95
qwen3_14b,english,participants,cls_def_exp,temp0.3_nodelim_norole_nocot,lusa_5,1,classification,force of authority,Other,0.5
qwen3_14b,english,participants,sent_def_exp,temp0.3_nodelim_norole_nocot,lusa_5,2,detection,,yes,0.95
qwen3_14b,english,participants,ext_def_exp,temp0.3_nodelim_norole_nocot,lusa_5,2,extraction,the military,,0.95
qwen3_14b,english,participants,ext_def_exp,temp0.3_nodelim_norole_nocot,lusa_5,2,extraction,the suspect,,0.9
qwen3_14b,english,participants,ext_def_exp,temp0.3_nodelim_norole_nocot,lusa_5,2,extraction,GNR,,0.95
qwen3_14b,english,participants,ext_def_exp,temp0.3_nodelim_norole_nocot,lusa_5,2,extraction,Óbidos Territorial Post,,0.9
qwen3_14b,english,participants,ext_def_exp,temp0.3_nodelim_norole_nocot,lusa_5,2,extraction,Caldas da Rainha Environmental Protection Center,,0.9
qwen3_14b,english,participants,cls_def_exp,temp0.3_nodelim_norole_nocot,lusa_5,2,classification,the military,Org,0.95
qwen3_14b,english,participants,cls_def_exp,temp0.3_nodelim_norole_nocot,lusa_5,2,classification,the suspect,Per,0.9
qwen3_14b,english,participants,cls_def_exp,temp0.3_nodelim_norole_nocot,lusa_5,2,classification,GNR,Org,0.95
qwen3_14b,english,participants,cls_def_exp,temp0.3_nodelim_norole_nocot,lusa_5,2,classification,Óbidos Territorial Post,Org,0.85
qwen3_14b,english,participants,cls_def_exp,temp0.3_nodelim_norole_nocot,lusa_5,2,classification,Caldas da Rainha Environmental Protection Center,Org,0.8
qwen3_14b,english,participants,sent_def_exp,temp0.3_nodelim_norole_nocot,lusa_5,3,detection,,yes,0.95
qwen3_14b,english,participants,ext_def_exp,temp0.3_nodelim_norole_nocot,lusa_5,3,extraction,The man,,0.95
qwen3_14b,english,participants,ext_def_exp,temp0.3_nodelim_norole_nocot,lusa_5,3,extraction,Caldas da Rainha Court,,0.9
qwen3_14b,english,participants,cls_def_exp,temp0.3_nodelim_norole_nocot,lusa_5,3,classification,The man,Per,0.95
qwen3_14b,english,participants,cls_def_exp,temp0.3_nodelim_norole_nocot,lusa_5,3,classification,Caldas da Rainha Court,Org,0.95
qwen3_14b,english,participants,sent_def_exp,temp0.3_nodelim_norole_nocot,lusa_5,4,detection,,no,0.75
qwen3_14b,english,participants,sent_def_exp,temp0.3_nodelim_norole_nocot,lusa_50,1,detection,,yes,0.95
qwen3_14b,english,participants,ext_def_exp,temp0.3_nodelim_norole_nocot,lusa_50,1,extraction,GNR,,0.95
qwen3_14b,english,participants,ext_def_exp,temp0.3_nodelim_norole_nocot,lusa_50,1,extraction,four men,,0.9
qwen3_14b,english,participants,ext_def_exp,temp0.3_nodelim_norole_nocot,lusa_50,1,extraction,Viana do Castelo command,,0.9
qwen3_14b,english,participants,ext_def_exp,temp0.3_nodelim_norole_nocot,lusa_50,1,extraction,Alto Minho,,0.8
qwen3_14b,english,participants,cls_def_exp,temp0.3_nodelim_norole_nocot,lusa_50,1,classification,GNR,Org,0.95
qwen3_14b,english,participants,cls_def_exp,temp0.3_nodelim_norole_nocot,lusa_50,1,classification,four men,Per,0.9
qwen3_14b,english,participants,cls_def_exp,temp0.3_nodelim_norole_nocot,lusa_50,1,classification,Viana do Castelo command,Org,0.9
qwen3_14b,english,participants,cls_def_exp,temp0.3_nodelim_norole_nocot,lusa_50,1,classification,Alto Minho,Pl_region,0.75
qwen3_14b,english,participants,sent_def_exp,temp0.3_nodelim_norole_nocot,lusa_50,2,detection,,yes,0.95
qwen3_14b,english,participants,ext_def_exp,temp0.3_nodelim_norole_nocot,lusa_50,2,extraction,The suspects,,0.95
qwen3_14b,english,participants,ext_def_exp,temp0.3_nodelim_norole_nocot,lusa_50,2,extraction,Arcos de Valdevez,,0.9
qwen3_14b,english,participants,ext_def_exp,temp0.3_nodelim_norole_nocot,lusa_50,2,extraction,Paredes de Coura,,0.9
qwen3_14b,english,participants,ext_def_exp,temp0.3_nodelim_norole_nocot,lusa_50,2,extraction,Ponte da Barca,,0.9
qwen3_14b,english,participants,ext_def_exp,temp0.3_nodelim_norole_nocot,lusa_50,2,extraction,Ponte de Lima,,0.9
qwen3_14b,english,participants,ext_def_exp,temp0.3_nodelim_norole_nocot,lusa_50,2,extraction,Viana do Castelo,,0.9
qwen3_14b,english,participants,cls_def_exp,temp0.3_nodelim_norole_nocot,lusa_50,2,classification,The suspects,Per,0.95
qwen3_14b,english,participants,cls_def_exp,temp0.3_nodelim_norole_nocot,lusa_50,2,classification,Arcos de Valdevez,Pl_civil,0.9
qwen3_14b,english,participants,cls_def_exp,temp0.3_nodelim_norole_nocot,lusa_50,2,classification,Paredes de Coura,Pl_civil,0.9
qwen3_14b,english,participants,cls_def_exp,temp0.3_nodelim_norole_nocot,lusa_50,2,classification,Ponte da Barca,Pl_civil,0.9
qwen3_14b,english,participants,cls_def_exp,temp0.3_nodelim_norole_nocot,lusa_50,2,classification,Ponte de Lima,Pl_civil,0.9
qwen3_14b,english,participants,cls_def_exp,temp0.3_nodelim_norole_nocot,lusa_50,2,classification,Viana do Castelo,Pl_state,0.95
qwen3_14b,english,participants,sent_def_exp,temp0.3_nodelim_norole_nocot,lusa_50,3,detection,,yes,0.75
qwen3_14b,english,participants,ext_def_exp,temp0.3_nodelim_norole_nocot,lusa_50,3,extraction,They,,0.5
qwen3_14b,english,participants,ext_def_exp,temp0.3_nodelim_norole_nocot,lusa_50,3,extraction,Vila Verde,,0.9
qwen3_14b,english,participants,ext_def_exp,temp0.3_nodelim_norole_nocot,lusa_50,3,extraction,district of Braga,,0.8
qwen3_14b,english,participants,cls_def_exp,temp0.3_nodelim_norole_nocot,lusa_50,3,classification,They,Per,0.9
qwen3_14b,english,participants,cls_def_exp,temp0.3_nodelim_norole_nocot,lusa_50,3,classification,Vila Verde,Pl_civil,0.95
qwen3_14b,english,participants,cls_def_exp,temp0.3_nodelim_norole_nocot,lusa_50,3,classification,district of Braga,Pl_state,0.9
qwen3_14b,english,participants,sent_def_exp,temp0.3_nodelim_norole_nocot,lusa_50,4,detection,,no,0.75
qwen3_14b,english,participants,sent_def_exp,temp0.3_nodelim_norole_nocot,lusa_51,1,detection,,yes,0.95
qwen3_14b,english,participants,ext_def_exp,temp0.3_nodelim_norole_nocot,lusa_51,1,extraction,The GNR,,0.95
qwen3_14b,english,participants,ext_def_exp,temp0.3_nodelim_norole_nocot,lusa_51,1,extraction,25 dogs,,0.8
qwen3_14b,english,participants,ext_def_exp,temp0.3_nodelim_norole_nocot,lusa_51,1,extraction,a 58-year-old man,,0.95
qwen3_14b,english,participants,ext_def_exp,temp0.3_nodelim_norole_nocot,lusa_51,1,extraction,municipality of Seia,,0.7
qwen3_14b,english,participants,ext_def_exp,temp0.3_nodelim_norole_nocot,lusa_51,1,extraction,district of Guarda,,0.7
qwen3_14b,english,participants,cls_def_exp,temp0.3_nodelim_norole_nocot,lusa_51,1,classification,The GNR,Org,0.95
qwen3_14b,english,participants,cls_def_exp,temp0.3_nodelim_norole_nocot,lusa_51,1,classification,25 dogs,Nat,0.9
qwen3_14b,english,participants,cls_def_exp,temp0.3_nodelim_norole_nocot,lusa_51,1,classification,a 58-year-old man,Per,0.95
qwen3_14b,english,participants,cls_def_exp,temp0.3_nodelim_norole_nocot,lusa_51,1,classification,municipality of Seia,Pl_civil,0.9
qwen3_14b,english,participants,cls_def_exp,temp0.3_nodelim_norole_nocot,lusa_51,1,classification,district of Guarda,Pl_state,0.85
qwen3_14b,english,participants,sent_def_exp,temp0.3_nodelim_norole_nocot,lusa_51,2,detection,,yes,0.95
qwen3_14b,english,participants,ext_def_exp,temp0.3_nodelim_norole_nocot,lusa_51,2,extraction,The Territorial Command of GNR da Guarda,,0.95
qwen3_14b,english,participants,ext_def_exp,temp0.3_nodelim_norole_nocot,lusa_51,2,extraction,GNR da Guarda,,0.8
qwen3_14b,english,participants,ext_def_exp,temp0.3_nodelim_norole_nocot,lusa_51,2,extraction,Environmental Crimes and Administrative Offenses Investigation Center (NICCOA),,0.95
qwen3_14b,english,participants,ext_def_exp,temp0.3_nodelim_norole_nocot,lusa_51,2,extraction,Environmental Protection Center (NPA) of Gouveia,,0.95
qwen3_14b,english,participants,ext_def_exp,temp0.3_nodelim_norole_nocot,lusa_51,2,extraction,the animals,,0.9
qwen3_14b,english,participants,cls_def_exp,temp0.3_nodelim_norole_nocot,lusa_51,2,classification,The Territorial Command of GNR da Guarda,Org,0.95
qwen3_14b,english,participants,cls_def_exp,temp0.3_nodelim_norole_nocot,lusa_51,2,classification,GNR da Guarda,Org,0.9
qwen3_14b,english,participants,cls_def_exp,temp0.3_nodelim_norole_nocot,lusa_51,2,classification,Environmental Crimes and Administrative Offenses Investigation Center (NICCOA),Org,0.95
qwen3_14b,english,participants,cls_def_exp,temp0.3_nodelim_norole_nocot,lusa_51,2,classification,Environmental Protection Center (NPA) of Gouveia,Org,0.9
qwen3_14b,english,participants,cls_def_exp,temp0.3_nodelim_norole_nocot,lusa_51,2,classification,the animals,Nat,0.95
qwen3_14b,english,participants,sent_def_exp,temp0.3_nodelim_norole_nocot,lusa_51,3,detection,,yes,0.95
qwen3_14b,english,participants,ext_def_exp,temp0.3_nodelim_norole_nocot,lusa_51,3,extraction,military,,0.95
qwen3_14b,english,participants,ext_def_exp,temp0.3_nodelim_norole_nocot,lusa_51,3,extraction,investigation into mistreatment of pet animals,,0.9
qwen3_14b,english,participants,ext_def_exp,temp0.3_nodelim_norole_nocot,lusa_51,3,extraction,home search warrant,,0.85
qwen3_14b,english,participants,ext_def_exp,temp0.3_nodelim_norole_nocot,lusa_51,3,extraction,scenario of overpopulation of dogs,,0.8
qwen3_14b,english,participants,ext_def_exp,temp0.3_nodelim_norole_nocot,lusa_51,3,extraction,hygienic conditions,,0.7
qwen3_14b,english,participants,ext_def_exp,temp0.3_nodelim_norole_nocot,lusa_51,3,extraction,lack of care for the animals,,0.7
qwen3_14b,english,participants,ext_def_exp,temp0.3_nodelim_norole_nocot,lusa_51,3,extraction,pet animals,,0.9
qwen3_14b,english,participants,ext_def_exp,temp0.3_nodelim_norole_nocot,lusa_51,3,extraction,dogs,,0.9
qwen3_14b,english,participants,ext_def_exp,temp0.3_nodelim_norole_nocot,lusa_51,3,extraction,the animals,,0.6
qwen3_14b,english,participants,cls_def_exp,temp0.3_nodelim_norole_nocot,lusa_51,3,classification,military,Org,0.95
qwen3_14b,english,participants,cls_def_exp,temp0.3_nodelim_norole_nocot,lusa_51,3,classification,investigation into mistreatment of pet animals,Other,0.7
qwen3_14b,english,participants,cls_def_exp,temp0.3_nodelim_norole_nocot,lusa_51,3,classification,home search warrant,Obj,0.85
qwen3_14b,english,participants,cls_def_exp,temp0.3_nodelim_norole_nocot,lusa_51,3,classification,scenario of overpopulation of dogs,Other,0.6
qwen3_14b,english,participants,cls_def_exp,temp0.3_nodelim_norole_nocot,lusa_51,3,classification,hygienic conditions,Other,0.7
qwen3_14b,english,participants,cls_def_exp,temp0.3_nodelim_norole_nocot,lusa_51,3,classification,lack of care for the animals,Other,0.7
qwen3_14b,english,participants,cls_def_exp,temp0.3_nodelim_norole_nocot,lusa_51,3,classification,pet animals,Nat,0.9
qwen3_14b,english,participants,cls_def_exp,temp0.3_nodelim_norole_nocot,lusa_51,3,classification,dogs,Nat,0.95
qwen3_14b,english,participants,cls_def_exp,temp0.3_nodelim_norole_nocot,lusa_51,3,classification,the animals,Nat,0.9
qwen3_14b,english,participants,sent_def_exp,temp0.3_nodelim_norole_nocot,lusa_51,4,detection,,no,0.1
qwen3_14b,english,participants,sent_def_exp,temp0.3_nodelim_norole_nocot,lusa_51,5,detection,,yes,0.95
qwen3_14b,english,participants,ext_def_exp,temp0.3_nodelim_norole_nocot,lusa_51,5,extraction,source,,0.8
qwen3_14b,english,participants,ext_def_exp,temp0.3_nodelim_norole_nocot,lusa_51,5,extraction,police,,0.7
qwen3_14b,english,participants,ext_def_exp,temp0.3_nodelim_norole_nocot,lusa_51,5,extraction,25 dogs,,0.95
qwen3_14b,english,participants,cls_def_exp,temp0.3_nodelim_norole_nocot,lusa_51,5,classification,source,Per,0.8
qwen3_14b,english,participants,cls_def_exp,temp0.3_nodelim_norole_nocot,lusa_51,5,classification,police,Org,0.95
qwen3_14b,english,participants,cls_def_exp,temp0.3_nodelim_norole_nocot,lusa_51,5,classification,25 dogs,Nat,0.95
qwen3_14b,english,participants,sent_def_exp,temp0.3_nodelim_norole_nocot,lusa_51,6,detection,,yes,0.95
qwen3_14b,english,participants,ext_def_exp,temp0.3_nodelim_norole_nocot,lusa_51,6,extraction,The animals,,0.95
qwen3_14b,english,participants,ext_def_exp,temp0.3_nodelim_norole_nocot,lusa_51,6,extraction,the owner,,0.9
qwen3_14b,english,participants,ext_def_exp,temp0.3_nodelim_norole_nocot,lusa_51,6,extraction,Seia Municipal Veterinarian,,0.95
qwen3_14b,english,participants,ext_def_exp,temp0.3_nodelim_norole_nocot,lusa_51,6,extraction,GNR,,0.9
qwen3_14b,english,participants,cls_def_exp,temp0.3_nodelim_norole_nocot,lusa_51,6,classification,The animals,Nat,0.95
qwen3_14b,english,participants,cls_def_exp,temp0.3_nodelim_norole_nocot,lusa_51,6,classification,the owner,Per,0.98
qwen3_14b,english,participants,cls_def_exp,temp0.3_nodelim_norole_nocot,lusa_51,6,classification,Seia Municipal Veterinarian,Org,0.9
qwen3_14b,english,participants,cls_def_exp,temp0.3_nodelim_norole_nocot,lusa_51,6,classification,GNR,Org,0.99
qwen3_14b,english,participants,sent_def_exp,temp0.3_nodelim_norole_nocot,lusa_51,7,detection,,yes,0.95
qwen3_14b,english,participants,ext_def_exp,temp0.3_nodelim_norole_nocot,lusa_51,7,extraction,The man,,1.0
qwen3_14b,english,participants,ext_def_exp,temp0.3_nodelim_norole_nocot,lusa_51,7,extraction,Seia Judicial Court,,1.0
qwen3_14b,english,participants,cls_def_exp,temp0.3_nodelim_norole_nocot,lusa_51,7,classification,The man,Per,0.95
qwen3_14b,english,participants,cls_def_exp,temp0.3_nodelim_norole_nocot,lusa_51,7,classification,Seia Judicial Court,Fac,0.95
qwen3_14b,english,participants,sent_def_exp,temp0.3_nodelim_norole_nocot,lusa_52,1,detection,,yes,0.95
qwen3_14b,english,participants,ext_def_exp,temp0.3_nodelim_norole_nocot,lusa_52,1,extraction,State Budget for 2021,,0.95
qwen3_14b,english,participants,ext_def_exp,temp0.3_nodelim_norole_nocot,lusa_52,1,extraction,parliament,,0.9
qwen3_14b,english,participants,ext_def_exp,temp0.3_nodelim_norole_nocot,lusa_52,1,extraction,Government members,,0.95
qwen3_14b,english,participants,cls_def_exp,temp0.3_nodelim_norole_nocot,lusa_52,1,classification,State Budget for 2021,Obj,0.8
qwen3_14b,english,participants,cls_def_exp,temp0.3_nodelim_norole_nocot,lusa_52,1,classification,parliament,Org,0.9
qwen3_14b,english,participants,cls_def_exp,temp0.3_nodelim_norole_nocot,lusa_52,1,classification,Government members,Per,0.95
qwen3_14b,english,participants,sent_def_exp,temp0.3_nodelim_norole_nocot,lusa_52,2,detection,,yes,0.95
qwen3_14b,english,participants,ext_def_exp,temp0.3_nodelim_norole_nocot,lusa_52,2,extraction,Ferro Rodrigues,,0.95
qwen3_14b,english,participants,ext_def_exp,temp0.3_nodelim_norole_nocot,lusa_52,2,extraction,the president of the Assembly of the Republic,,0.8
qwen3_14b,english,participants,ext_def_exp,temp0.3_nodelim_norole_nocot,lusa_52,2,extraction,Assembly of the Republic,,0.9
qwen3_14b,english,participants,ext_def_exp,temp0.3_nodelim_norole_nocot,lusa_52,2,extraction,the members of the executive,,0.8
qwen3_14b,english,participants,ext_def_exp,temp0.3_nodelim_norole_nocot,lusa_52,2,extraction,the executive,,0.8
qwen3_14b,english,participants,ext_def_exp,temp0.3_nodelim_norole_nocot,lusa_52,2,extraction,the room,,0.7
qwen3_14b,english,participants,cls_def_exp,temp0.3_nodelim_norole_nocot,lusa_52,2,classification,Ferro Rodrigues,Per,0.95
qwen3_14b,english,participants,cls_def_exp,temp0.3_nodelim_norole_nocot,lusa_52,2,classification,the president of the Assembly of the Republic,Per,0.95
qwen3_14b,english,participants,cls_def_exp,temp0.3_nodelim_norole_nocot,lusa_52,2,classification,Assembly of the Republic,Org,0.9
qwen3_14b,english,participants,cls_def_exp,temp0.3_nodelim_norole_nocot,lusa_52,2,classification,the members of the executive,Per,0.8
qwen3_14b,english,participants,cls_def_exp,temp0.3_nodelim_norole_nocot,lusa_52,2,classification,the executive,Org,0.9
qwen3_14b,english,participants,cls_def_exp,temp0.3_nodelim_norole_nocot,lusa_52,2,classification,the room,Fac,0.9
qwen3_14b,english,participants,sent_def_exp,temp0.3_nodelim_norole_nocot,lusa_52,3,detection,,yes,0.75
qwen3_14b,english,participants,ext_def_exp,temp0.3_nodelim_norole_nocot,lusa_52,3,extraction,he,,0.5
qwen3_14b,english,participants,cls_def_exp,temp0.3_nodelim_norole_nocot,lusa_52,3,classification,he,Per,0.95
qwen3_14b,english,participants,sent_def_exp,temp0.3_nodelim_norole_nocot,lusa_52,4,detection,,yes,0.95
qwen3_14b,english,participants,ext_def_exp,temp0.3_nodelim_norole_nocot,lusa_52,4,extraction,deputies,,0.95
qwen3_14b,english,participants,cls_def_exp,temp0.3_nodelim_norole_nocot,lusa_52,4,classification,deputies,Per,0.95
qwen3_14b,english,participants,sent_def_exp,temp0.3_nodelim_norole_nocot,lusa_52,5,detection,,yes,0.95
qwen3_14b,english,participants,ext_def_exp,temp0.3_nodelim_norole_nocot,lusa_52,5,extraction,"Prime Minister, António Costa",,0.95
qwen3_14b,english,participants,ext_def_exp,temp0.3_nodelim_norole_nocot,lusa_52,5,extraction,the ministers,,0.8
qwen3_14b,english,participants,ext_def_exp,temp0.3_nodelim_norole_nocot,lusa_52,5,extraction,Ana Gomes Godinho,,0.95
qwen3_14b,english,participants,ext_def_exp,temp0.3_nodelim_norole_nocot,lusa_52,5,extraction,Labor,,0.8
qwen3_14b,english,participants,ext_def_exp,temp0.3_nodelim_norole_nocot,lusa_52,5,extraction,João Pedro Matos Fernandes,,0.95
qwen3_14b,english,participants,ext_def_exp,temp0.3_nodelim_norole_nocot,lusa_52,5,extraction,Environment,,0.8
qwen3_14b,english,participants,ext_def_exp,temp0.3_nodelim_norole_nocot,lusa_52,5,extraction,Finance,,0.7
qwen3_14b,english,participants,cls_def_exp,temp0.3_nodelim_norole_nocot,lusa_52,5,classification,"Prime Minister, António Costa",Per,0.95
qwen3_14b,english,participants,cls_def_exp,temp0.3_nodelim_norole_nocot,lusa_52,5,classification,the ministers,Per,0.9
qwen3_14b,english,participants,cls_def_exp,temp0.3_nodelim_norole_nocot,lusa_52,5,classification,Ana Gomes Godinho,Per,0.95
qwen3_14b,english,participants,cls_def_exp,temp0.3_nodelim_norole_nocot,lusa_52,5,classification,Labor,Org,0.85
qwen3_14b,english,participants,cls_def_exp,temp0.3_nodelim_norole_nocot,lusa_52,5,classification,João Pedro Matos Fernandes,Per,0.95
qwen3_14b,english,participants,cls_def_exp,temp0.3_nodelim_norole_nocot,lusa_52,5,classification,Environment,Org,0.85
qwen3_14b,english,participants,cls_def_exp,temp0.3_nodelim_norole_nocot,lusa_52,5,classification,Finance,Org,0.85
qwen3_14b,english,participants,sent_def_exp,temp0.3_nodelim_norole_nocot,lusa_53,1,detection,,yes,1.0
qwen3_14b,english,participants,ext_def_exp,temp0.3_nodelim_norole_nocot,lusa_53,1,extraction,The Dutch government,,0.95
qwen3_14b,english,participants,ext_def_exp,temp0.3_nodelim_norole_nocot,lusa_53,1,extraction,KLM,,0.95
qwen3_14b,english,participants,ext_def_exp,temp0.3_nodelim_norole_nocot,lusa_53,1,extraction,pilots,,0.85
qwen3_14b,english,participants,cls_def_exp,temp0.3_nodelim_norole_nocot,lusa_53,1,classification,The Dutch government,Org,0.95
qwen3_14b,english,participants,cls_def_exp,temp0.3_nodelim_norole_nocot,lusa_53,1,classification,KLM,Org,0.95
qwen3_14b,english,participants,cls_def_exp,temp0.3_nodelim_norole_nocot,lusa_53,1,classification,pilots,Per,0.9
qwen3_14b,english,participants,sent_def_exp,temp0.3_nodelim_norole_nocot,lusa_53,2,detection,,yes,0.95
qwen3_14b,english,participants,ext_def_exp,temp0.3_nodelim_norole_nocot,lusa_53,2,extraction,Finance Minister Wopke Hoekstra,,0.95
qwen3_14b,english,participants,ext_def_exp,temp0.3_nodelim_norole_nocot,lusa_53,2,extraction,the Dutch branch of Air France-KLM,,0.9
qwen3_14b,english,participants,ext_def_exp,temp0.3_nodelim_norole_nocot,lusa_53,2,extraction,Air France-KLM,,0.8
qwen3_14b,english,participants,ext_def_exp,temp0.3_nodelim_norole_nocot,lusa_53,2,extraction,VNV pilots' union,,0.95
qwen3_14b,english,participants,cls_def_exp,temp0.3_nodelim_norole_nocot,lusa_53,2,classification,Finance Minister Wopke Hoekstra,Per,0.98
qwen3_14b,english,participants,cls_def_exp,temp0.3_nodelim_norole_nocot,lusa_53,2,classification,the Dutch branch of Air France-KLM,Org,0.95
qwen3_14b,english,participants,cls_def_exp,temp0.3_nodelim_norole_nocot,lusa_53,2,classification,Air France-KLM,Org,0.99
qwen3_14b,english,participants,cls_def_exp,temp0.3_nodelim_norole_nocot,lusa_53,2,classification,VNV pilots' union,Org,0.97
qwen3_14b,english,participants,sent_def_exp,temp0.3_nodelim_norole_nocot,lusa_53,3,detection,,yes,0.95
qwen3_14b,english,participants,ext_def_exp,temp0.3_nodelim_norole_nocot,lusa_53,3,extraction,KLM,,0.95
qwen3_14b,english,participants,ext_def_exp,temp0.3_nodelim_norole_nocot,lusa_53,3,extraction,the union,,0.85
qwen3_14b,english,participants,ext_def_exp,temp0.3_nodelim_norole_nocot,lusa_53,3,extraction,the government,,0.9
qwen3_14b,english,participants,ext_def_exp,temp0.3_nodelim_norole_nocot,lusa_53,3,extraction,France-Presse (AFP),,0.95
qwen3_14b,english,participants,cls_def_exp,temp0.3_nodelim_norole_nocot,lusa_53,3,classification,KLM,Org,0.95
qwen3_14b,english,participants,cls_def_exp,temp0.3_nodelim_norole_nocot,lusa_53,3,classification,the union,Org,0.9
qwen3_14b,english,participants,cls_def_exp,temp0.3_nodelim_norole_nocot,lusa_53,3,classification,the government,Org,0.95
qwen3_14b,english,participants,cls_def_exp,temp0.3_nodelim_norole_nocot,lusa_53,3,classification,France-Presse (AFP),Org,0.98
qwen3_14b,english,participants,sent_def_exp,temp0.3_nodelim_norole_nocot,lusa_53,4,detection,,yes,0.95
qwen3_14b,english,participants,ext_def_exp,temp0.3_nodelim_norole_nocot,lusa_53,4,extraction,KLM,,1.0
qwen3_14b,english,participants,cls_def_exp,temp0.3_nodelim_norole_nocot,lusa_53,4,classification,KLM,Org,0.95
qwen3_14b,english,participants,sent_def_exp,temp0.3_nodelim_norole_nocot,lusa_53,5,detection,,yes,0.95
qwen3_14b,english,participants,ext_def_exp,temp0.3_nodelim_norole_nocot,lusa_53,5,extraction,pilots,,1.0
qwen3_14b,english,participants,ext_def_exp,temp0.3_nodelim_norole_nocot,lusa_53,5,extraction,country's media,,1.0
qwen3_14b,english,participants,ext_def_exp,temp0.3_nodelim_norole_nocot,lusa_53,5,extraction,plan,,0.8
qwen3_14b,english,participants,cls_def_exp,temp0.3_nodelim_norole_nocot,lusa_53,5,classification,pilots,Per,0.95
qwen3_14b,english,participants,cls_def_exp,temp0.3_nodelim_norole_nocot,lusa_53,5,classification,country's media,Org,0.85
qwen3_14b,english,participants,cls_def_exp,temp0.3_nodelim_norole_nocot,lusa_53,5,classification,plan,Other,0.7
qwen3_14b,english,participants,sent_def_exp,temp0.3_nodelim_norole_nocot,lusa_53,6,detection,,yes,0.95
qwen3_14b,english,participants,ext_def_exp,temp0.3_nodelim_norole_nocot,lusa_53,6,extraction,Air France-KLM,,1.0
qwen3_14b,english,participants,cls_def_exp,temp0.3_nodelim_norole_nocot,lusa_53,6,classification,Air France-KLM,Org,1.0
qwen3_14b,english,participants,sent_def_exp,temp0.3_nodelim_norole_nocot,lusa_54,1,detection,,yes,0.95
qwen3_14b,english,participants,ext_def_exp,temp0.3_nodelim_norole_nocot,lusa_54,1,extraction,The Portuguese Government,,1.0
qwen3_14b,english,participants,ext_def_exp,temp0.3_nodelim_norole_nocot,lusa_54,1,extraction,families of the victims,,0.9
qwen3_14b,english,participants,ext_def_exp,temp0.3_nodelim_norole_nocot,lusa_54,1,extraction,victims,,0.9
qwen3_14b,english,participants,ext_def_exp,temp0.3_nodelim_norole_nocot,lusa_54,1,extraction,German people,,0.9
qwen3_14b,english,participants,ext_def_exp,temp0.3_nodelim_norole_nocot,lusa_54,1,extraction,German authorities,,0.9
qwen3_14b,english,participants,ext_def_exp,temp0.3_nodelim_norole_nocot,lusa_54,1,extraction,Trier,,0.8
qwen3_14b,english,participants,ext_def_exp,temp0.3_nodelim_norole_nocot,lusa_54,1,extraction,Germany,,0.8
qwen3_14b,english,participants,cls_def_exp,temp0.3_nodelim_norole_nocot,lusa_54,1,classification,The Portuguese Government,Org,0.95
qwen3_14b,english,participants,cls_def_exp,temp0.3_nodelim_norole_nocot,lusa_54,1,classification,families of the victims,Per,0.8
qwen3_14b,english,participants,cls_def_exp,temp0.3_nodelim_norole_nocot,lusa_54,1,classification,victims,Per,0.95
qwen3_14b,english,participants,cls_def_exp,temp0.3_nodelim_norole_nocot,lusa_54,1,classification,German people,Per,0.8
qwen3_14b,english,participants,cls_def_exp,temp0.3_nodelim_norole_nocot,lusa_54,1,classification,German authorities,Org,0.95
qwen3_14b,english,participants,cls_def_exp,temp0.3_nodelim_norole_nocot,lusa_54,1,classification,Trier,Pl_civil,0.95
qwen3_14b,english,participants,cls_def_exp,temp0.3_nodelim_norole_nocot,lusa_54,1,classification,Germany,Pl_country,0.95
qwen3_14b,english,participants,sent_def_exp,temp0.3_nodelim_norole_nocot,lusa_54,2,detection,,yes,0.95
qwen3_14b,english,participants,ext_def_exp,temp0.3_nodelim_norole_nocot,lusa_54,2,extraction,Two people,,0.9
qwen3_14b,english,participants,ext_def_exp,temp0.3_nodelim_norole_nocot,lusa_54,2,extraction,several,,0.7
qwen3_14b,english,participants,ext_def_exp,temp0.3_nodelim_norole_nocot,lusa_54,2,extraction,a vehicle,,0.9
qwen3_14b,english,participants,ext_def_exp,temp0.3_nodelim_norole_nocot,lusa_54,2,extraction,pedestrian zone,,0.8
qwen3_14b,english,participants,ext_def_exp,temp0.3_nodelim_norole_nocot,lusa_54,2,extraction,city of Trier,,0.8
qwen3_14b,english,participants,ext_def_exp,temp0.3_nodelim_norole_nocot,lusa_54,2,extraction,southwestern Germany,,0.8
qwen3_14b,english,participants,ext_def_exp,temp0.3_nodelim_norole_nocot,lusa_54,2,extraction,local police,,0.9
qwen3_14b,english,participants,cls_def_exp,temp0.3_nodelim_norole_nocot,lusa_54,2,classification,Two people,Per,0.95
qwen3_14b,english,participants,cls_def_exp,temp0.3_nodelim_norole_nocot,lusa_54,2,classification,several,Per,0.6
qwen3_14b,english,participants,cls_def_exp,temp0.3_nodelim_norole_nocot,lusa_54,2,classification,a vehicle,Obj,0.95
qwen3_14b,english,participants,cls_def_exp,temp0.3_nodelim_norole_nocot,lusa_54,2,classification,pedestrian zone,Pl_region,0.7
qwen3_14b,english,participants,cls_def_exp,temp0.3_nodelim_norole_nocot,lusa_54,2,classification,city of Trier,Pl_civil,0.95
qwen3_14b,english,participants,cls_def_exp,temp0.3_nodelim_norole_nocot,lusa_54,2,classification,southwestern Germany,Pl_region,0.8
qwen3_14b,english,participants,cls_def_exp,temp0.3_nodelim_norole_nocot,lusa_54,2,classification,local police,Org,0.95
qwen3_14b,english,participants,sent_def_exp,temp0.3_nodelim_norole_nocot,lusa_54,3,detection,,yes,0.95
qwen3_14b,english,participants,ext_def_exp,temp0.3_nodelim_norole_nocot,lusa_54,3,extraction,Ministry of Foreign Affairs,,0.95
qwen3_14b,english,participants,ext_def_exp,temp0.3_nodelim_norole_nocot,lusa_54,3,extraction,Portuguese Government,,0.95
qwen3_14b,english,participants,ext_def_exp,temp0.3_nodelim_norole_nocot,lusa_54,3,extraction,families of the victims,,0.9
qwen3_14b,english,participants,ext_def_exp,temp0.3_nodelim_norole_nocot,lusa_54,3,extraction,German city,,0.8
qwen3_14b,english,participants,cls_def_exp,temp0.3_nodelim_norole_nocot,lusa_54,3,classification,Ministry of Foreign Affairs,Org,0.95
qwen3_14b,english,participants,cls_def_exp,temp0.3_nodelim_norole_nocot,lusa_54,3,classification,Portuguese Government,Org,0.95
qwen3_14b,english,participants,cls_def_exp,temp0.3_nodelim_norole_nocot,lusa_54,3,classification,families of the victims,Per,0.8
qwen3_14b,english,participants,cls_def_exp,temp0.3_nodelim_norole_nocot,lusa_54,3,classification,German city,Pl_civil,0.95
qwen3_14b,english,participants,sent_def_exp,temp0.3_nodelim_norole_nocot,lusa_54,4,detection,,yes,0.95
qwen3_14b,english,participants,ext_def_exp,temp0.3_nodelim_norole_nocot,lusa_54,4,extraction,injured people,,0.9
qwen3_14b,english,participants,ext_def_exp,temp0.3_nodelim_norole_nocot,lusa_54,4,extraction,people,,0.7
qwen3_14b,english,participants,ext_def_exp,temp0.3_nodelim_norole_nocot,lusa_54,4,extraction,authorities of Germany,,0.9
qwen3_14b,english,participants,ext_def_exp,temp0.3_nodelim_norole_nocot,lusa_54,4,extraction,the same publication,,0.95
qwen3_14b,english,participants,ext_def_exp,temp0.3_nodelim_norole_nocot,lusa_54,4,extraction,Germany,,0.8
qwen3_14b,english,participants,cls_def_exp,temp0.3_nodelim_norole_nocot,lusa_54,4,classification,injured people,Per,0.95
qwen3_14b,english,participants,cls_def_exp,temp0.3_nodelim_norole_nocot,lusa_54,4,classification,people,Per,0.8
qwen3_14b,english,participants,cls_def_exp,temp0.3_nodelim_norole_nocot,lusa_54,4,classification,authorities of Germany,Org,0.9
qwen3_14b,english,participants,cls_def_exp,temp0.3_nodelim_norole_nocot,lusa_54,4,classification,the same publication,Org,0.95
qwen3_14b,english,participants,cls_def_exp,temp0.3_nodelim_norole_nocot,lusa_54,4,classification,Germany,Pl_country,0.95
qwen3_14b,english,participants,sent_def_exp,temp0.3_nodelim_norole_nocot,lusa_54,5,detection,,yes,0.95
qwen3_14b,english,participants,ext_def_exp,temp0.3_nodelim_norole_nocot,lusa_54,5,extraction,The driver,,0.9
qwen3_14b,english,participants,ext_def_exp,temp0.3_nodelim_norole_nocot,lusa_54,5,extraction,the vehicle,,0.8
qwen3_14b,english,participants,ext_def_exp,temp0.3_nodelim_norole_nocot,lusa_54,5,extraction,Trier police,,0.95
qwen3_14b,english,participants,cls_def_exp,temp0.3_nodelim_norole_nocot,lusa_54,5,classification,The driver,Per,0.95
qwen3_14b,english,participants,cls_def_exp,temp0.3_nodelim_norole_nocot,lusa_54,5,classification,the vehicle,Veh,0.9
qwen3_14b,english,participants,cls_def_exp,temp0.3_nodelim_norole_nocot,lusa_54,5,classification,Trier police,Org,0.95
qwen3_14b,english,participants,sent_def_exp,temp0.3_nodelim_norole_nocot,lusa_54,6,detection,,yes,0.95
qwen3_14b,english,participants,ext_def_exp,temp0.3_nodelim_norole_nocot,lusa_54,6,extraction,Police,,0.95
qwen3_14b,english,participants,ext_def_exp,temp0.3_nodelim_norole_nocot,lusa_54,6,extraction,rescue teams,,0.95
qwen3_14b,english,participants,ext_def_exp,temp0.3_nodelim_norole_nocot,lusa_54,6,extraction,people,,0.9
qwen3_14b,english,participants,ext_def_exp,temp0.3_nodelim_norole_nocot,lusa_54,6,extraction,city center,,0.8
qwen3_14b,english,participants,cls_def_exp,temp0.3_nodelim_norole_nocot,lusa_54,6,classification,Police,Org,0.95
qwen3_14b,english,participants,cls_def_exp,temp0.3_nodelim_norole_nocot,lusa_54,6,classification,rescue teams,Org,0.9
qwen3_14b,english,participants,cls_def_exp,temp0.3_nodelim_norole_nocot,lusa_54,6,classification,people,Per,0.98
qwen3_14b,english,participants,cls_def_exp,temp0.3_nodelim_norole_nocot,lusa_54,6,classification,city center,Loc,0.8
qwen3_14b,english,participants,sent_def_exp,temp0.3_nodelim_norole_nocot,lusa_54,7,detection,,no,0.95
qwen3_14b,english,participants,sent_def_exp,temp0.3_nodelim_norole_nocot,lusa_55,1,detection,,yes,0.95
qwen3_14b,english,participants,ext_def_exp,temp0.3_nodelim_norole_nocot,lusa_55,1,extraction,A house,,0.9
qwen3_14b,english,participants,ext_def_exp,temp0.3_nodelim_norole_nocot,lusa_55,1,extraction,Hyderabad,,0.9
qwen3_14b,english,participants,ext_def_exp,temp0.3_nodelim_norole_nocot,lusa_55,1,extraction,unprecedented rains,,0.8
qwen3_14b,english,participants,ext_def_exp,temp0.3_nodelim_norole_nocot,lusa_55,1,extraction,severe flooding,,0.8
qwen3_14b,english,participants,ext_def_exp,temp0.3_nodelim_norole_nocot,lusa_55,1,extraction,eight people,,0.9
qwen3_14b,english,participants,ext_def_exp,temp0.3_nodelim_norole_nocot,lusa_55,1,extraction,local police,,0.9
qwen3_14b,english,participants,cls_def_exp,temp0.3_nodelim_norole_nocot,lusa_55,1,classification,A house,Obj,0.95
qwen3_14b,english,participants,cls_def_exp,temp0.3_nodelim_norole_nocot,lusa_55,1,classification,Hyderabad,Pl_civil,0.9
qwen3_14b,english,participants,cls_def_exp,temp0.3_nodelim_norole_nocot,lusa_55,1,classification,unprecedented rains,Other,0.7
qwen3_14b,english,participants,cls_def_exp,temp0.3_nodelim_norole_nocot,lusa_55,1,classification,severe flooding,Other,0.7
qwen3_14b,english,participants,cls_def_exp,temp0.3_nodelim_norole_nocot,lusa_55,1,classification,eight people,Per,0.95
qwen3_14b,english,participants,cls_def_exp,temp0.3_nodelim_norole_nocot,lusa_55,1,classification,local police,Org,0.95
qwen3_14b,english,participants,sent_def_exp,temp0.3_nodelim_norole_nocot,lusa_55,2,detection,,yes,0.95
qwen3_14b,english,participants,ext_def_exp,temp0.3_nodelim_norole_nocot,lusa_55,2,extraction,the dead,,0.8
qwen3_14b,english,participants,ext_def_exp,temp0.3_nodelim_norole_nocot,lusa_55,2,extraction,four other people,,0.7
qwen3_14b,english,participants,ext_def_exp,temp0.3_nodelim_norole_nocot,lusa_55,2,extraction,wall,,0.9
qwen3_14b,english,participants,ext_def_exp,temp0.3_nodelim_norole_nocot,lusa_55,2,extraction,neighboring house,,0.85
qwen3_14b,english,participants,cls_def_exp,temp0.3_nodelim_norole_nocot,lusa_55,2,classification,the dead,Per,0.95
qwen3_14b,english,participants,cls_def_exp,temp0.3_nodelim_norole_nocot,lusa_55,2,classification,four other people,Per,0.95
qwen3_14b,english,participants,cls_def_exp,temp0.3_nodelim_norole_nocot,lusa_55,2,classification,wall,Obj,0.9
qwen3_14b,english,participants,cls_def_exp,temp0.3_nodelim_norole_nocot,lusa_55,2,classification,neighboring house,Fac,0.85
qwen3_14b,english,participants,sent_def_exp,temp0.3_nodelim_norole_nocot,lusa_55,3,detection,,yes,0.95
qwen3_14b,english,participants,ext_def_exp,temp0.3_nodelim_norole_nocot,lusa_55,3,extraction,Hyderabad,,0.95
qwen3_14b,english,participants,ext_def_exp,temp0.3_nodelim_norole_nocot,lusa_55,3,extraction,record,,0.8
qwen3_14b,english,participants,ext_def_exp,temp0.3_nodelim_norole_nocot,lusa_55,3,extraction,low-lying areas,,0.8
qwen3_14b,english,participants,ext_def_exp,temp0.3_nodelim_norole_nocot,lusa_55,3,extraction,authorities,,0.9
qwen3_14b,english,participants,ext_def_exp,temp0.3_nodelim_norole_nocot,lusa_55,3,extraction,boats,,0.75
qwen3_14b,english,participants,ext_def_exp,temp0.3_nodelim_norole_nocot,lusa_55,3,extraction,people,,0.9
qwen3_14b,english,participants,cls_def_exp,temp0.3_nodelim_norole_nocot,lusa_55,3,classification,Hyderabad,Pl_civil,0.8
qwen3_14b,english,participants,cls_def_exp,temp0.3_nodelim_norole_nocot,lusa_55,3,classification,record,Other,0.7
qwen3_14b,english,participants,cls_def_exp,temp0.3_nodelim_norole_nocot,lusa_55,3,classification,low-lying areas,Pl_region,0.8
qwen3_14b,english,participants,cls_def_exp,temp0.3_nodelim_norole_nocot,lusa_55,3,classification,authorities,Org,0.9
qwen3_14b,english,participants,cls_def_exp,temp0.3_nodelim_norole_nocot,lusa_55,3,classification,boats,Veh,0.95
qwen3_14b,english,participants,cls_def_exp,temp0.3_nodelim_norole_nocot,lusa_55,3,classification,people,Per,0.9
qwen3_14b,english,participants,sent_def_exp,temp0.3_nodelim_norole_nocot,lusa_55,4,detection,,yes,0.95
qwen3_14b,english,participants,ext_def_exp,temp0.3_nodelim_norole_nocot,lusa_55,4,extraction,people,,1.0
qwen3_14b,english,participants,ext_def_exp,temp0.3_nodelim_norole_nocot,lusa_55,4,extraction,South Asia,,1.0
qwen3_14b,english,participants,cls_def_exp,temp0.3_nodelim_norole_nocot,lusa_55,4,classification,people,Per,0.95
qwen3_14b,english,participants,cls_def_exp,temp0.3_nodelim_norole_nocot,lusa_55,4,classification,South Asia,Pl_region,0.9
qwen3_14b,english,participants,sent_def_exp,temp0.3_nodelim_norole_nocot,lusa_55,5,detection,,yes,0.95
qwen3_14b,english,participants,ext_def_exp,temp0.3_nodelim_norole_nocot,lusa_55,5,extraction,people,,0.9
qwen3_14b,english,participants,ext_def_exp,temp0.3_nodelim_norole_nocot,lusa_55,5,extraction,India,,0.95
qwen3_14b,english,participants,ext_def_exp,temp0.3_nodelim_norole_nocot,lusa_55,5,extraction,Bangladesh,,0.95
qwen3_14b,english,participants,ext_def_exp,temp0.3_nodelim_norole_nocot,lusa_55,5,extraction,Nepal,,0.95
qwen3_14b,english,participants,cls_def_exp,temp0.3_nodelim_norole_nocot,lusa_55,5,classification,people,Per,0.95
qwen3_14b,english,participants,cls_def_exp,temp0.3_nodelim_norole_nocot,lusa_55,5,classification,India,Pl_country,1.0
qwen3_14b,english,participants,cls_def_exp,temp0.3_nodelim_norole_nocot,lusa_55,5,classification,Bangladesh,Pl_country,1.0
qwen3_14b,english,participants,cls_def_exp,temp0.3_nodelim_norole_nocot,lusa_55,5,classification,Nepal,Pl_country,1.0
qwen3_14b,english,participants,sent_def_exp,temp0.3_nodelim_norole_nocot,lusa_56,1,detection,,yes,0.95
qwen3_14b,english,participants,ext_def_exp,temp0.3_nodelim_norole_nocot,lusa_56,1,extraction,Soumaila Cissé,,0.95
qwen3_14b,english,participants,ext_def_exp,temp0.3_nodelim_norole_nocot,lusa_56,1,extraction,the Government of Mali,,0.85
qwen3_14b,english,participants,ext_def_exp,temp0.3_nodelim_norole_nocot,lusa_56,1,extraction,jihadists,,0.75
qwen3_14b,english,participants,ext_def_exp,temp0.3_nodelim_norole_nocot,lusa_56,1,extraction,France,,0.7
qwen3_14b,english,participants,ext_def_exp,temp0.3_nodelim_norole_nocot,lusa_56,1,extraction,the new coronavirus,,0.8
qwen3_14b,english,participants,ext_def_exp,temp0.3_nodelim_norole_nocot,lusa_56,1,extraction,his family,,0.85
qwen3_14b,english,participants,ext_def_exp,temp0.3_nodelim_norole_nocot,lusa_56,1,extraction,party,,0.8
qwen3_14b,english,participants,cls_def_exp,temp0.3_nodelim_norole_nocot,lusa_56,1,classification,Soumaila Cissé,Per,0.95
qwen3_14b,english,participants,cls_def_exp,temp0.3_nodelim_norole_nocot,lusa_56,1,classification,the Government of Mali,Org,0.9
qwen3_14b,english,participants,cls_def_exp,temp0.3_nodelim_norole_nocot,lusa_56,1,classification,jihadists,Per,0.7
qwen3_14b,english,participants,cls_def_exp,temp0.3_nodelim_norole_nocot,lusa_56,1,classification,France,Pl_country,0.95
qwen3_14b,english,participants,cls_def_exp,temp0.3_nodelim_norole_nocot,lusa_56,1,classification,the new coronavirus,Nat,0.9
qwen3_14b,english,participants,cls_def_exp,temp0.3_nodelim_norole_nocot,lusa_56,1,classification,his family,Other,0.6
qwen3_14b,english,participants,cls_def_exp,temp0.3_nodelim_norole_nocot,lusa_56,1,classification,party,Org,0.9
qwen3_14b,english,participants,sent_def_exp,temp0.3_nodelim_norole_nocot,lusa_56,2,detection,,yes,0.95
qwen3_14b,english,participants,ext_def_exp,temp0.3_nodelim_norole_nocot,lusa_56,2,extraction,Soumaila Cissé,,1.0
qwen3_14b,english,participants,ext_def_exp,temp0.3_nodelim_norole_nocot,lusa_56,2,extraction,Mali's opposition,,1.0
qwen3_14b,english,participants,ext_def_exp,temp0.3_nodelim_norole_nocot,lusa_56,2,extraction,France,,1.0
qwen3_14b,english,participants,ext_def_exp,temp0.3_nodelim_norole_nocot,lusa_56,2,extraction,a family member,,0.9
qwen3_14b,english,participants,ext_def_exp,temp0.3_nodelim_norole_nocot,lusa_56,2,extraction,Agence France-Presse (AFP),,1.0
qwen3_14b,english,participants,cls_def_exp,temp0.3_nodelim_norole_nocot,lusa_56,2,classification,Soumaila Cissé,Per,0.95
qwen3_14b,english,participants,cls_def_exp,temp0.3_nodelim_norole_nocot,lusa_56,2,classification,Mali's opposition,Org,0.9
qwen3_14b,english,participants,cls_def_exp,temp0.3_nodelim_norole_nocot,lusa_56,2,classification,France,Pl_country,1.0
qwen3_14b,english,participants,cls_def_exp,temp0.3_nodelim_norole_nocot,lusa_56,2,classification,a family member,Per,0.9
qwen3_14b,english,participants,cls_def_exp,temp0.3_nodelim_norole_nocot,lusa_56,2,classification,Agence France-Presse (AFP),Org,1.0
qwen3_14b,english,participants,sent_def_exp,temp0.3_nodelim_norole_nocot,lusa_56,3,detection,,yes,0.7
qwen3_14b,english,participants,ext_def_exp,temp0.3_nodelim_norole_nocot,lusa_56,3,extraction,I,,0.7
qwen3_14b,english,participants,cls_def_exp,temp0.3_nodelim_norole_nocot,lusa_56,3,classification,I,Per,1.0
qwen3_14b,english,participants,sent_def_exp,temp0.3_nodelim_norole_nocot,lusa_56,4,detection,,no,0.3
qwen3_14b,english,participants,sent_def_exp,temp0.3_nodelim_norole_nocot,lusa_56,5,detection,,yes,0.95
qwen3_14b,english,participants,ext_def_exp,temp0.3_nodelim_norole_nocot,lusa_56,5,extraction,His wife,,0.9
qwen3_14b,english,participants,ext_def_exp,temp0.3_nodelim_norole_nocot,lusa_56,5,extraction,France,,0.9
qwen3_14b,english,participants,ext_def_exp,temp0.3_nodelim_norole_nocot,lusa_56,5,extraction,member of the Union for the Republic and Democracy (URD),,0.8
qwen3_14b,english,participants,ext_def_exp,temp0.3_nodelim_norole_nocot,lusa_56,5,extraction,Union for the Republic and Democracy (URD),,0.9
qwen3_14b,english,participants,ext_def_exp,temp0.3_nodelim_norole_nocot,lusa_56,5,extraction,AFP,,0.9
qwen3_14b,english,participants,cls_def_exp,temp0.3_nodelim_norole_nocot,lusa_56,5,classification,His wife,Per,0.95
qwen3_14b,english,participants,cls_def_exp,temp0.3_nodelim_norole_nocot,lusa_56,5,classification,France,Pl_country,1.0
qwen3_14b,english,participants,cls_def_exp,temp0.3_nodelim_norole_nocot,lusa_56,5,classification,member of the Union for the Republic and Democracy (URD),Per,0.9
qwen3_14b,english,participants,cls_def_exp,temp0.3_nodelim_norole_nocot,lusa_56,5,classification,Union for the Republic and Democracy (URD),Org,1.0
qwen3_14b,english,participants,cls_def_exp,temp0.3_nodelim_norole_nocot,lusa_56,5,classification,AFP,Org,1.0
qwen3_14b,english,participants,sent_def_exp,temp0.3_nodelim_norole_nocot,lusa_56,6,detection,,yes,0.95
qwen3_14b,english,participants,ext_def_exp,temp0.3_nodelim_norole_nocot,lusa_56,6,extraction,Soumaila Cissé,,1.0
qwen3_14b,english,participants,ext_def_exp,temp0.3_nodelim_norole_nocot,lusa_56,6,extraction,Malian opposition,,0.9
qwen3_14b,english,participants,ext_def_exp,temp0.3_nodelim_norole_nocot,lusa_56,6,extraction,Tumbuktu region,,0.8
qwen3_14b,english,participants,ext_def_exp,temp0.3_nodelim_norole_nocot,lusa_56,6,extraction,Northwest,,0.7
qwen3_14b,english,participants,cls_def_exp,temp0.3_nodelim_norole_nocot,lusa_56,6,classification,Soumaila Cissé,Per,0.95
qwen3_14b,english,participants,cls_def_exp,temp0.3_nodelim_norole_nocot,lusa_56,6,classification,Malian opposition,Org,0.8
qwen3_14b,english,participants,cls_def_exp,temp0.3_nodelim_norole_nocot,lusa_56,6,classification,Tumbuktu region,Pl_civil,0.9
qwen3_14b,english,participants,cls_def_exp,temp0.3_nodelim_norole_nocot,lusa_56,6,classification,Northwest,Pl_civil,0.8
qwen3_14b,english,participants,sent_def_exp,temp0.3_nodelim_norole_nocot,lusa_56,7,detection,,yes,0.95
qwen3_14b,english,participants,ext_def_exp,temp0.3_nodelim_norole_nocot,lusa_56,7,extraction,He,,0.5
qwen3_14b,english,participants,ext_def_exp,temp0.3_nodelim_norole_nocot,lusa_56,7,extraction,jihadists,,0.95
qwen3_14b,english,participants,ext_def_exp,temp0.3_nodelim_norole_nocot,lusa_56,7,extraction,Frenchwoman Sophie Pétronin,,0.95
qwen3_14b,english,participants,ext_def_exp,temp0.3_nodelim_norole_nocot,lusa_56,7,extraction,two Italians,,0.8
qwen3_14b,english,participants,ext_def_exp,temp0.3_nodelim_norole_nocot,lusa_56,7,extraction,200 released detainees,,0.85
qwen3_14b,english,participants,cls_def_exp,temp0.3_nodelim_norole_nocot,lusa_56,7,classification,He,Per,0.95
qwen3_14b,english,participants,cls_def_exp,temp0.3_nodelim_norole_nocot,lusa_56,7,classification,jihadists,Per,0.8
qwen3_14b,english,participants,cls_def_exp,temp0.3_nodelim_norole_nocot,lusa_56,7,classification,Frenchwoman Sophie Pétronin,Per,0.95
qwen3_14b,english,participants,cls_def_exp,temp0.3_nodelim_norole_nocot,lusa_56,7,classification,two Italians,Per,0.95
qwen3_14b,english,participants,cls_def_exp,temp0.3_nodelim_norole_nocot,lusa_56,7,classification,200 released detainees,Per,0.9
qwen3_14b,english,participants,sent_def_exp,temp0.3_nodelim_norole_nocot,lusa_56,8,detection,,yes,0.75
qwen3_14b,english,participants,ext_def_exp,temp0.3_nodelim_norole_nocot,lusa_56,8,extraction,he,,0.95
qwen3_14b,english,participants,cls_def_exp,temp0.3_nodelim_norole_nocot,lusa_56,8,classification,he,Per,1.0
qwen3_14b,english,participants,sent_def_exp,temp0.3_nodelim_norole_nocot,lusa_56,9,detection,,yes,0.95
qwen3_14b,english,participants,ext_def_exp,temp0.3_nodelim_norole_nocot,lusa_56,9,extraction,Soumaila Cissé,,1.0
qwen3_14b,english,participants,cls_def_exp,temp0.3_nodelim_norole_nocot,lusa_56,9,classification,Soumaila Cissé,Per,0.95
qwen3_14b,english,participants,sent_def_exp,temp0.3_nodelim_norole_nocot,lusa_57,1,detection,,yes,0.95
qwen3_14b,english,participants,ext_def_exp,temp0.3_nodelim_norole_nocot,lusa_57,1,extraction,Indonesia,,1.0
qwen3_14b,english,participants,ext_def_exp,temp0.3_nodelim_norole_nocot,lusa_57,1,extraction,a Muslim group,,1.0
qwen3_14b,english,participants,ext_def_exp,temp0.3_nodelim_norole_nocot,lusa_57,1,extraction,Western embassies,,1.0
qwen3_14b,english,participants,ext_def_exp,temp0.3_nodelim_norole_nocot,lusa_57,1,extraction,non-Islamic places of worship,,1.0
qwen3_14b,english,participants,cls_def_exp,temp0.3_nodelim_norole_nocot,lusa_57,1,classification,Indonesia,Pl_country,0.95
qwen3_14b,english,participants,cls_def_exp,temp0.3_nodelim_norole_nocot,lusa_57,1,classification,a Muslim group,Org,0.85
qwen3_14b,english,participants,cls_def_exp,temp0.3_nodelim_norole_nocot,lusa_57,1,classification,Western embassies,Fac,0.9
qwen3_14b,english,participants,cls_def_exp,temp0.3_nodelim_norole_nocot,lusa_57,1,classification,non-Islamic places of worship,Fac,0.85
qwen3_14b,english,participants,sent_def_exp,temp0.3_nodelim_norole_nocot,lusa_57,2,detection,,yes,0.95
qwen3_14b,english,participants,ext_def_exp,temp0.3_nodelim_norole_nocot,lusa_57,2,extraction,Security Minister Mohammad Mahfud,,0.95
qwen3_14b,english,participants,ext_def_exp,temp0.3_nodelim_norole_nocot,lusa_57,2,extraction,journalists,,0.8
qwen3_14b,english,participants,ext_def_exp,temp0.3_nodelim_norole_nocot,lusa_57,2,extraction,Islamic Defense Front,,0.95
qwen3_14b,english,participants,ext_def_exp,temp0.3_nodelim_norole_nocot,lusa_57,2,extraction,FPI,,0.9
qwen3_14b,english,participants,ext_def_exp,temp0.3_nodelim_norole_nocot,lusa_57,2,extraction,the organization,,0.75
qwen3_14b,english,participants,cls_def_exp,temp0.3_nodelim_norole_nocot,lusa_57,2,classification,Security Minister Mohammad Mahfud,Per,0.95
qwen3_14b,english,participants,cls_def_exp,temp0.3_nodelim_norole_nocot,lusa_57,2,classification,journalists,Per,0.9
qwen3_14b,english,participants,cls_def_exp,temp0.3_nodelim_norole_nocot,lusa_57,2,classification,Islamic Defense Front,Org,0.95
qwen3_14b,english,participants,cls_def_exp,temp0.3_nodelim_norole_nocot,lusa_57,2,classification,FPI,Org,0.95
qwen3_14b,english,participants,cls_def_exp,temp0.3_nodelim_norole_nocot,lusa_57,2,classification,the organization,Org,0.85
qwen3_14b,english,participants,sent_def_exp,temp0.3_nodelim_norole_nocot,lusa_57,3,detection,,yes,0.95
qwen3_14b,english,participants,ext_def_exp,temp0.3_nodelim_norole_nocot,lusa_57,3,extraction,The Jakarta government,,0.95
qwen3_14b,english,participants,ext_def_exp,temp0.3_nodelim_norole_nocot,lusa_57,3,extraction,FPI,,0.9
qwen3_14b,english,participants,cls_def_exp,temp0.3_nodelim_norole_nocot,lusa_57,3,classification,The Jakarta government,Org,0.95
qwen3_14b,english,participants,cls_def_exp,temp0.3_nodelim_norole_nocot,lusa_57,3,classification,FPI,Org,0.85
qwen3_14b,english,participants,sent_def_exp,temp0.3_nodelim_norole_nocot,lusa_57,4,detection,,yes,0.95
qwen3_14b,english,participants,ext_def_exp,temp0.3_nodelim_norole_nocot,lusa_57,4,extraction,The radical group,,0.95
qwen3_14b,english,participants,ext_def_exp,temp0.3_nodelim_norole_nocot,lusa_57,4,extraction,the group,,0.9
qwen3_14b,english,participants,ext_def_exp,temp0.3_nodelim_norole_nocot,lusa_57,4,extraction,Indonesia,,0.95
qwen3_14b,english,participants,ext_def_exp,temp0.3_nodelim_norole_nocot,lusa_57,4,extraction,the population,,0.8
qwen3_14b,english,participants,ext_def_exp,temp0.3_nodelim_norole_nocot,lusa_57,4,extraction,230 million Muslims,,0.8
qwen3_14b,english,participants,cls_def_exp,temp0.3_nodelim_norole_nocot,lusa_57,4,classification,The radical group,Org,0.95
qwen3_14b,english,participants,cls_def_exp,temp0.3_nodelim_norole_nocot,lusa_57,4,classification,the group,Org,0.9
qwen3_14b,english,participants,cls_def_exp,temp0.3_nodelim_norole_nocot,lusa_57,4,classification,Indonesia,Pl_country,1.0
qwen3_14b,english,participants,cls_def_exp,temp0.3_nodelim_norole_nocot,lusa_57,4,classification,the population,Other,0.6
qwen3_14b,english,participants,cls_def_exp,temp0.3_nodelim_norole_nocot,lusa_57,4,classification,230 million Muslims,Other,0.7
qwen3_14b,english,participants,sent_def_exp,temp0.3_nodelim_norole_nocot,lusa_57,5,detection,,yes,0.95
qwen3_14b,english,participants,ext_def_exp,temp0.3_nodelim_norole_nocot,lusa_57,5,extraction,FPI,,0.95
qwen3_14b,english,participants,ext_def_exp,temp0.3_nodelim_norole_nocot,lusa_57,5,extraction,the Christian governor of Jakarta,,0.7
qwen3_14b,english,participants,cls_def_exp,temp0.3_nodelim_norole_nocot,lusa_57,5,classification,FPI,Org,0.95
qwen3_14b,english,participants,cls_def_exp,temp0.3_nodelim_norole_nocot,lusa_57,5,classification,the Christian governor of Jakarta,Per,0.95
qwen3_14b,english,participants,sent_def_exp,temp0.3_nodelim_norole_nocot,lusa_57,6,detection,,yes,0.95
qwen3_14b,english,participants,ext_def_exp,temp0.3_nodelim_norole_nocot,lusa_57,6,extraction,Rizieg Shihab,,0.95
qwen3_14b,english,participants,ext_def_exp,temp0.3_nodelim_norole_nocot,lusa_57,6,extraction,authorities,,0.8
qwen3_14b,english,participants,ext_def_exp,temp0.3_nodelim_norole_nocot,lusa_57,6,extraction,the Government,,0.9
qwen3_14b,english,participants,ext_def_exp,temp0.3_nodelim_norole_nocot,lusa_57,6,extraction,the population,,0.7
qwen3_14b,english,participants,cls_def_exp,temp0.3_nodelim_norole_nocot,lusa_57,6,classification,Rizieg Shihab,Per,0.95
qwen3_14b,english,participants,cls_def_exp,temp0.3_nodelim_norole_nocot,lusa_57,6,classification,authorities,Org,0.9
qwen3_14b,english,participants,cls_def_exp,temp0.3_nodelim_norole_nocot,lusa_57,6,classification,the Government,Org,0.95
qwen3_14b,english,participants,cls_def_exp,temp0.3_nodelim_norole_nocot,lusa_57,6,classification,the population,Other,0.8
qwen3_14b,english,participants,sent_def_exp,temp0.3_nodelim_norole_nocot,lusa_58,1,detection,,yes,0.95
qwen3_14b,english,participants,ext_def_exp,temp0.3_nodelim_norole_nocot,lusa_58,1,extraction,The Minister of Health of Angola,,0.95
qwen3_14b,english,participants,ext_def_exp,temp0.3_nodelim_norole_nocot,lusa_58,1,extraction,Sílvia Lutucuta,,0.95
qwen3_14b,english,participants,ext_def_exp,temp0.3_nodelim_norole_nocot,lusa_58,1,extraction,two people,,0.6
qwen3_14b,english,participants,ext_def_exp,temp0.3_nodelim_norole_nocot,lusa_58,1,extraction,fire,,0.8
qwen3_14b,english,participants,ext_def_exp,temp0.3_nodelim_norole_nocot,lusa_58,1,extraction,General Hospital,,0.9
qwen3_14b,english,participants,ext_def_exp,temp0.3_nodelim_norole_nocot,lusa_58,1,extraction,province of Cunene,,0.8
qwen3_14b,english,participants,ext_def_exp,temp0.3_nodelim_norole_nocot,lusa_58,1,extraction,Angola,,0.95
qwen3_14b,english,participants,cls_def_exp,temp0.3_nodelim_norole_nocot,lusa_58,1,classification,The Minister of Health of Angola,Per,0.95
qwen3_14b,english,participants,cls_def_exp,temp0.3_nodelim_norole_nocot,lusa_58,1,classification,Sílvia Lutucuta,Per,0.99
qwen3_14b,english,participants,cls_def_exp,temp0.3_nodelim_norole_nocot,lusa_58,1,classification,two people,Per,0.9
qwen3_14b,english,participants,cls_def_exp,temp0.3_nodelim_norole_nocot,lusa_58,1,classification,fire,Other,0.7
qwen3_14b,english,participants,cls_def_exp,temp0.3_nodelim_norole_nocot,lusa_58,1,classification,General Hospital,Fac,0.95
qwen3_14b,english,participants,cls_def_exp,temp0.3_nodelim_norole_nocot,lusa_58,1,classification,province of Cunene,Pl_civil,0.9
qwen3_14b,english,participants,cls_def_exp,temp0.3_nodelim_norole_nocot,lusa_58,1,classification,Angola,Pl_country,0.95
qwen3_14b,english,participants,sent_def_exp,temp0.3_nodelim_norole_nocot,lusa_58,2,detection,,yes,0.95
qwen3_14b,english,participants,sent_def_exp,temp0.3_nodelim_norole_nocot,lusa_58,3,detection,,no,0.75
qwen3_14b,english,participants,sent_def_exp,temp0.3_nodelim_norole_nocot,lusa_58,4,detection,,yes,0.95
qwen3_14b,english,participants,ext_def_exp,temp0.3_nodelim_norole_nocot,lusa_58,4,extraction,Sílvia Lutucuta,,0.95
qwen3_14b,english,participants,ext_def_exp,temp0.3_nodelim_norole_nocot,lusa_58,4,extraction,patients,,0.8
qwen3_14b,english,participants,ext_def_exp,temp0.3_nodelim_norole_nocot,lusa_58,4,extraction,hospital units,,0.75
qwen3_14b,english,participants,ext_def_exp,temp0.3_nodelim_norole_nocot,lusa_58,4,extraction,frontline team,,0.9
qwen3_14b,english,participants,ext_def_exp,temp0.3_nodelim_norole_nocot,lusa_58,4,extraction,other patients,,0.7
qwen3_14b,english,participants,cls_def_exp,temp0.3_nodelim_norole_nocot,lusa_58,4,classification,Sílvia Lutucuta,Per,0.95
qwen3_14b,english,participants,cls_def_exp,temp0.3_nodelim_norole_nocot,lusa_58,4,classification,patients,Per,0.9
qwen3_14b,english,participants,cls_def_exp,temp0.3_nodelim_norole_nocot,lusa_58,4,classification,hospital units,Fac,0.9
qwen3_14b,english,participants,cls_def_exp,temp0.3_nodelim_norole_nocot,lusa_58,4,classification,frontline team,Org,0.85
qwen3_14b,english,participants,cls_def_exp,temp0.3_nodelim_norole_nocot,lusa_58,4,classification,other patients,Per,0.9
qwen3_14b,english,participants,sent_def_exp,temp0.3_nodelim_norole_nocot,lusa_58,5,detection,,yes,0.95
qwen3_14b,english,participants,ext_def_exp,temp0.3_nodelim_norole_nocot,lusa_58,5,extraction,patients,,1.0
qwen3_14b,english,participants,ext_def_exp,temp0.3_nodelim_norole_nocot,lusa_58,5,extraction,health centers,,0.9
qwen3_14b,english,participants,ext_def_exp,temp0.3_nodelim_norole_nocot,lusa_58,5,extraction,various health centers,,0.9
qwen3_14b,english,participants,ext_def_exp,temp0.3_nodelim_norole_nocot,lusa_58,5,extraction,Municipal Hospital of Cuanhama,,1.0
qwen3_14b,english,participants,ext_def_exp,temp0.3_nodelim_norole_nocot,lusa_58,5,extraction,Cuanhama,,0.8
qwen3_14b,english,participants,cls_def_exp,temp0.3_nodelim_norole_nocot,lusa_58,5,classification,patients,Per,0.95
qwen3_14b,english,participants,cls_def_exp,temp0.3_nodelim_norole_nocot,lusa_58,5,classification,health centers,Fac,0.9
qwen3_14b,english,participants,cls_def_exp,temp0.3_nodelim_norole_nocot,lusa_58,5,classification,various health centers,Fac,0.9
qwen3_14b,english,participants,cls_def_exp,temp0.3_nodelim_norole_nocot,lusa_58,5,classification,Municipal Hospital of Cuanhama,Fac,0.95
qwen3_14b,english,participants,cls_def_exp,temp0.3_nodelim_norole_nocot,lusa_58,5,classification,Cuanhama,Pl_civil,0.85
qwen3_14b,english,participants,sent_def_exp,temp0.3_nodelim_norole_nocot,lusa_59,1,detection,,yes,0.95
qwen3_14b,english,participants,ext_def_exp,temp0.3_nodelim_norole_nocot,lusa_59,1,extraction,A 60-year-old man,,0.95
qwen3_14b,english,participants,ext_def_exp,temp0.3_nodelim_norole_nocot,lusa_59,1,extraction,his 59-year-old wife,,0.95
qwen3_14b,english,participants,ext_def_exp,temp0.3_nodelim_norole_nocot,lusa_59,1,extraction,GNR,,0.9
qwen3_14b,english,participants,cls_def_exp,temp0.3_nodelim_norole_nocot,lusa_59,1,classification,A 60-year-old man,Per,0.95
qwen3_14b,english,participants,cls_def_exp,temp0.3_nodelim_norole_nocot,lusa_59,1,classification,his 59-year-old wife,Per,0.95
qwen3_14b,english,participants,cls_def_exp,temp0.3_nodelim_norole_nocot,lusa_59,1,classification,GNR,Org,0.95
qwen3_14b,english,participants,sent_def_exp,temp0.3_nodelim_norole_nocot,lusa_59,2,detection,,yes,0.95
qwen3_14b,english,participants,ext_def_exp,temp0.3_nodelim_norole_nocot,lusa_59,2,extraction,Center for Investigation and Support for Specific Victims (NIAVE),,0.95
qwen3_14b,english,participants,ext_def_exp,temp0.3_nodelim_norole_nocot,lusa_59,2,extraction,NIAVE,,0.9
qwen3_14b,english,participants,ext_def_exp,temp0.3_nodelim_norole_nocot,lusa_59,2,extraction,Porto,,0.8
qwen3_14b,english,participants,ext_def_exp,temp0.3_nodelim_norole_nocot,lusa_59,2,extraction,the military,,0.9
qwen3_14b,english,participants,ext_def_exp,temp0.3_nodelim_norole_nocot,lusa_59,2,extraction,the attacker,,0.8
qwen3_14b,english,participants,ext_def_exp,temp0.3_nodelim_norole_nocot,lusa_59,2,extraction,the victim,,0.8
qwen3_14b,english,participants,ext_def_exp,temp0.3_nodelim_norole_nocot,lusa_59,2,extraction,his 59-year-old wife,,0.7
qwen3_14b,english,participants,cls_def_exp,temp0.3_nodelim_norole_nocot,lusa_59,2,classification,Center for Investigation and Support for Specific Victims (NIAVE),Org,0.98
qwen3_14b,english,participants,cls_def_exp,temp0.3_nodelim_norole_nocot,lusa_59,2,classification,NIAVE,Org,0.95
qwen3_14b,english,participants,cls_def_exp,temp0.3_nodelim_norole_nocot,lusa_59,2,classification,Porto,Pl_civil,0.92
qwen3_14b,english,participants,cls_def_exp,temp0.3_nodelim_norole_nocot,lusa_59,2,classification,the military,Org,0.9
qwen3_14b,english,participants,cls_def_exp,temp0.3_nodelim_norole_nocot,lusa_59,2,classification,the attacker,Per,0.95
qwen3_14b,english,participants,cls_def_exp,temp0.3_nodelim_norole_nocot,lusa_59,2,classification,the victim,Per,0.95
qwen3_14b,english,participants,cls_def_exp,temp0.3_nodelim_norole_nocot,lusa_59,2,classification,his 59-year-old wife,Per,0.95
qwen3_14b,english,participants,sent_def_exp,temp0.3_nodelim_norole_nocot,lusa_59,3,detection,,yes,0.95
qwen3_14b,english,participants,ext_def_exp,temp0.3_nodelim_norole_nocot,lusa_59,3,extraction,GNR,,0.9
qwen3_14b,english,participants,ext_def_exp,temp0.3_nodelim_norole_nocot,lusa_59,3,extraction,the woman,,0.9
qwen3_14b,english,participants,ext_def_exp,temp0.3_nodelim_norole_nocot,lusa_59,3,extraction,the suspect,,0.9
qwen3_14b,english,participants,ext_def_exp,temp0.3_nodelim_norole_nocot,lusa_59,3,extraction,the victim,,0.8
qwen3_14b,english,participants,cls_def_exp,temp0.3_nodelim_norole_nocot,lusa_59,3,classification,GNR,Org,0.95
qwen3_14b,english,participants,cls_def_exp,temp0.3_nodelim_norole_nocot,lusa_59,3,classification,the woman,Per,0.9
qwen3_14b,english,participants,cls_def_exp,temp0.3_nodelim_norole_nocot,lusa_59,3,classification,the suspect,Per,0.95
qwen3_14b,english,participants,cls_def_exp,temp0.3_nodelim_norole_nocot,lusa_59,3,classification,the victim,Per,0.95
qwen3_14b,english,participants,sent_def_exp,temp0.3_nodelim_norole_nocot,lusa_59,4,detection,,yes,0.95
qwen3_14b,english,participants,ext_def_exp,temp0.3_nodelim_norole_nocot,lusa_59,4,extraction,The detainee,,0.9
qwen3_14b,english,participants,ext_def_exp,temp0.3_nodelim_norole_nocot,lusa_59,4,extraction,Matosinhos Judicial Court,,0.9
qwen3_14b,english,participants,ext_def_exp,temp0.3_nodelim_norole_nocot,lusa_59,4,extraction,the statement,,0.7
qwen3_14b,english,participants,cls_def_exp,temp0.3_nodelim_norole_nocot,lusa_59,4,classification,The detainee,Per,0.95
qwen3_14b,english,participants,cls_def_exp,temp0.3_nodelim_norole_nocot,lusa_59,4,classification,Matosinhos Judicial Court,Fac,0.9
qwen3_14b,english,participants,cls_def_exp,temp0.3_nodelim_norole_nocot,lusa_59,4,classification,the statement,Other,0.7
qwen3_14b,english,participants,sent_def_exp,temp0.3_nodelim_norole_nocot,lusa_59,5,detection,,yes,0.95
qwen3_14b,english,participants,ext_def_exp,temp0.3_nodelim_norole_nocot,lusa_59,5,extraction,the Trofa Territorial Post,,0.95
qwen3_14b,english,participants,cls_def_exp,temp0.3_nodelim_norole_nocot,lusa_59,5,classification,the Trofa Territorial Post,Org,0.95
qwen3_14b,english,participants,sent_def_exp,temp0.3_nodelim_norole_nocot,lusa_6,1,detection,,yes,0.95
qwen3_14b,english,participants,ext_def_exp,temp0.3_nodelim_norole_nocot,lusa_6,1,extraction,man,,0.95
qwen3_14b,english,participants,ext_def_exp,temp0.3_nodelim_norole_nocot,lusa_6,1,extraction,PSP,,0.95
qwen3_14b,english,participants,ext_def_exp,temp0.3_nodelim_norole_nocot,lusa_6,1,extraction,residential building,,0.9
qwen3_14b,english,participants,ext_def_exp,temp0.3_nodelim_norole_nocot,lusa_6,1,extraction,Espinho,,0.95
qwen3_14b,english,participants,ext_def_exp,temp0.3_nodelim_norole_nocot,lusa_6,1,extraction,Aveiro,,0.95
qwen3_14b,english,participants,ext_def_exp,temp0.3_nodelim_norole_nocot,lusa_6,1,extraction,police force,,0.85
qwen3_14b,english,participants,cls_def_exp,temp0.3_nodelim_norole_nocot,lusa_6,1,classification,man,Per,0.95
qwen3_14b,english,participants,cls_def_exp,temp0.3_nodelim_norole_nocot,lusa_6,1,classification,PSP,Org,0.9
qwen3_14b,english,participants,cls_def_exp,temp0.3_nodelim_norole_nocot,lusa_6,1,classification,residential building,Obj,0.95
qwen3_14b,english,participants,cls_def_exp,temp0.3_nodelim_norole_nocot,lusa_6,1,classification,Espinho,Pl_civil,0.85
qwen3_14b,english,participants,cls_def_exp,temp0.3_nodelim_norole_nocot,lusa_6,1,classification,Aveiro,Pl_state,0.9
qwen3_14b,english,participants,cls_def_exp,temp0.3_nodelim_norole_nocot,lusa_6,1,classification,police force,Org,0.85
qwen3_14b,english,participants,sent_def_exp,temp0.3_nodelim_norole_nocot,lusa_6,2,detection,,yes,0.95
qwen3_14b,english,participants,ext_def_exp,temp0.3_nodelim_norole_nocot,lusa_6,2,extraction,PSP,,0.95
qwen3_14b,english,participants,ext_def_exp,temp0.3_nodelim_norole_nocot,lusa_6,2,extraction,the alleged perpetrator of the fire,,0.85
qwen3_14b,english,participants,ext_def_exp,temp0.3_nodelim_norole_nocot,lusa_6,2,extraction,resident there,,0.8
qwen3_14b,english,participants,ext_def_exp,temp0.3_nodelim_norole_nocot,lusa_6,2,extraction,the building,,0.8
qwen3_14b,english,participants,ext_def_exp,temp0.3_nodelim_norole_nocot,lusa_6,2,extraction,the said building,,0.7
qwen3_14b,english,participants,ext_def_exp,temp0.3_nodelim_norole_nocot,lusa_6,2,extraction,the entrance hall of the said building,,0.7
qwen3_14b,english,participants,ext_def_exp,temp0.3_nodelim_norole_nocot,lusa_6,2,extraction,some of his clothes,,0.7
qwen3_14b,english,participants,cls_def_exp,temp0.3_nodelim_norole_nocot,lusa_6,2,classification,PSP,Org,0.95
qwen3_14b,english,participants,cls_def_exp,temp0.3_nodelim_norole_nocot,lusa_6,2,classification,the alleged perpetrator of the fire,Per,0.9
qwen3_14b,english,participants,cls_def_exp,temp0.3_nodelim_norole_nocot,lusa_6,2,classification,resident there,Per,0.9
qwen3_14b,english,participants,cls_def_exp,temp0.3_nodelim_norole_nocot,lusa_6,2,classification,the building,Fac,0.95
qwen3_14b,english,participants,cls_def_exp,temp0.3_nodelim_norole_nocot,lusa_6,2,classification,the said building,Fac,0.95
qwen3_14b,english,participants,cls_def_exp,temp0.3_nodelim_norole_nocot,lusa_6,2,classification,the entrance hall of the said building,Fac,0.9
qwen3_14b,english,participants,cls_def_exp,temp0.3_nodelim_norole_nocot,lusa_6,2,classification,some of his clothes,Obj,0.9
qwen3_14b,english,participants,sent_def_exp,temp0.3_nodelim_norole_nocot,lusa_6,3,detection,,no,1.0
qwen3_14b,english,participants,sent_def_exp,temp0.3_nodelim_norole_nocot,lusa_6,4,detection,,yes,0.95
qwen3_14b,english,participants,ext_def_exp,temp0.3_nodelim_norole_nocot,lusa_6,4,extraction,PSP,,0.9
qwen3_14b,english,participants,ext_def_exp,temp0.3_nodelim_norole_nocot,lusa_6,4,extraction,people,,0.8
qwen3_14b,english,participants,cls_def_exp,temp0.3_nodelim_norole_nocot,lusa_6,4,classification,PSP,Org,0.95
qwen3_14b,english,participants,cls_def_exp,temp0.3_nodelim_norole_nocot,lusa_6,4,classification,people,Per,0.98
qwen3_14b,english,participants,sent_def_exp,temp0.3_nodelim_norole_nocot,lusa_6,5,detection,,no,0.65
qwen3_14b,english,participants,sent_def_exp,temp0.3_nodelim_norole_nocot,lusa_6,6,detection,,yes,0.95
qwen3_14b,english,participants,ext_def_exp,temp0.3_nodelim_norole_nocot,lusa_6,6,extraction,The fire,,1.0
qwen3_14b,english,participants,ext_def_exp,temp0.3_nodelim_norole_nocot,lusa_6,6,extraction,Espinho Volunteer Firefighters,,1.0
qwen3_14b,english,participants,cls_def_exp,temp0.3_nodelim_norole_nocot,lusa_6,6,classification,The fire,Nat,0.7
qwen3_14b,english,participants,cls_def_exp,temp0.3_nodelim_norole_nocot,lusa_6,6,classification,Espinho Volunteer Firefighters,Org,0.95
qwen3_14b,english,participants,sent_def_exp,temp0.3_nodelim_norole_nocot,lusa_6,7,detection,,yes,0.95
qwen3_14b,english,participants,ext_def_exp,temp0.3_nodelim_norole_nocot,lusa_6,7,extraction,PSP,,0.95
qwen3_14b,english,participants,ext_def_exp,temp0.3_nodelim_norole_nocot,lusa_6,7,extraction,Judicial Police,,0.9
qwen3_14b,english,participants,cls_def_exp,temp0.3_nodelim_norole_nocot,lusa_6,7,classification,PSP,Org,0.95
qwen3_14b,english,participants,cls_def_exp,temp0.3_nodelim_norole_nocot,lusa_6,7,classification,Judicial Police,Org,0.9
qwen3_14b,english,participants,sent_def_exp,temp0.3_nodelim_norole_nocot,lusa_61,1,detection,,yes,0.95
qwen3_14b,english,participants,ext_def_exp,temp0.3_nodelim_norole_nocot,lusa_61,1,extraction,an armed man,,0.95
qwen3_14b,english,participants,ext_def_exp,temp0.3_nodelim_norole_nocot,lusa_61,1,extraction,hostages,,0.9
qwen3_14b,english,participants,ext_def_exp,temp0.3_nodelim_norole_nocot,lusa_61,1,extraction,the premises of a bank,,0.8
qwen3_14b,english,participants,ext_def_exp,temp0.3_nodelim_norole_nocot,lusa_61,1,extraction,a bank,,0.8
qwen3_14b,english,participants,ext_def_exp,temp0.3_nodelim_norole_nocot,lusa_61,1,extraction,Georgia,,0.95
qwen3_14b,english,participants,ext_def_exp,temp0.3_nodelim_norole_nocot,lusa_61,1,extraction,authorities,,0.9
qwen3_14b,english,participants,ext_def_exp,temp0.3_nodelim_norole_nocot,lusa_61,1,extraction,this former Soviet republic,,0.85
qwen3_14b,english,participants,cls_def_exp,temp0.3_nodelim_norole_nocot,lusa_61,1,classification,an armed man,Per,0.95
qwen3_14b,english,participants,cls_def_exp,temp0.3_nodelim_norole_nocot,lusa_61,1,classification,hostages,Per,0.9
qwen3_14b,english,participants,cls_def_exp,temp0.3_nodelim_norole_nocot,lusa_61,1,classification,the premises of a bank,Fac,0.9
qwen3_14b,english,participants,cls_def_exp,temp0.3_nodelim_norole_nocot,lusa_61,1,classification,a bank,Fac,0.95
qwen3_14b,english,participants,cls_def_exp,temp0.3_nodelim_norole_nocot,lusa_61,1,classification,Georgia,Pl_country,0.95
qwen3_14b,english,participants,cls_def_exp,temp0.3_nodelim_norole_nocot,lusa_61,1,classification,authorities,Org,0.9
qwen3_14b,english,participants,cls_def_exp,temp0.3_nodelim_norole_nocot,lusa_61,1,classification,this former Soviet republic,Pl_country,0.9
qwen3_14b,english,participants,sent_def_exp,temp0.3_nodelim_norole_nocot,lusa_61,2,detection,,yes,0.95
qwen3_14b,english,participants,ext_def_exp,temp0.3_nodelim_norole_nocot,lusa_61,2,extraction,The Georgian Ministry of the Interior,,0.95
qwen3_14b,english,participants,ext_def_exp,temp0.3_nodelim_norole_nocot,lusa_61,2,extraction,the bank,,0.8
qwen3_14b,english,participants,ext_def_exp,temp0.3_nodelim_norole_nocot,lusa_61,2,extraction,the city of Zugdidi,,0.85
qwen3_14b,english,participants,ext_def_exp,temp0.3_nodelim_norole_nocot,lusa_61,2,extraction,the attacker,,0.9
qwen3_14b,english,participants,ext_def_exp,temp0.3_nodelim_norole_nocot,lusa_61,2,extraction,people,,0.75
qwen3_14b,english,participants,cls_def_exp,temp0.3_nodelim_norole_nocot,lusa_61,2,classification,The Georgian Ministry of the Interior,Org,0.95
qwen3_14b,english,participants,cls_def_exp,temp0.3_nodelim_norole_nocot,lusa_61,2,classification,the bank,Fac,0.85
qwen3_14b,english,participants,cls_def_exp,temp0.3_nodelim_norole_nocot,lusa_61,2,classification,the city of Zugdidi,Pl_civil,0.9
qwen3_14b,english,participants,cls_def_exp,temp0.3_nodelim_norole_nocot,lusa_61,2,classification,the attacker,Per,0.95
qwen3_14b,english,participants,cls_def_exp,temp0.3_nodelim_norole_nocot,lusa_61,2,classification,people,Per,0.9
qwen3_14b,english,participants,sent_def_exp,temp0.3_nodelim_norole_nocot,lusa_61,3,detection,,yes,0.95
qwen3_14b,english,participants,ext_def_exp,temp0.3_nodelim_norole_nocot,lusa_61,3,extraction,The police,,1.0
qwen3_14b,english,participants,ext_def_exp,temp0.3_nodelim_norole_nocot,lusa_61,3,extraction,the bank branch,,1.0
qwen3_14b,english,participants,ext_def_exp,temp0.3_nodelim_norole_nocot,lusa_61,3,extraction,the attacker,,1.0
qwen3_14b,english,participants,ext_def_exp,temp0.3_nodelim_norole_nocot,lusa_61,3,extraction,the ministry,,1.0
qwen3_14b,english,participants,ext_def_exp,temp0.3_nodelim_norole_nocot,lusa_61,3,extraction,the area,,0.9
qwen3_14b,english,participants,cls_def_exp,temp0.3_nodelim_norole_nocot,lusa_61,3,classification,The police,Org,0.9
qwen3_14b,english,participants,cls_def_exp,temp0.3_nodelim_norole_nocot,lusa_61,3,classification,the bank branch,Fac,0.95
qwen3_14b,english,participants,cls_def_exp,temp0.3_nodelim_norole_nocot,lusa_61,3,classification,the attacker,Per,0.9
qwen3_14b,english,participants,cls_def_exp,temp0.3_nodelim_norole_nocot,lusa_61,3,classification,the ministry,Org,0.95
qwen3_14b,english,participants,cls_def_exp,temp0.3_nodelim_norole_nocot,lusa_61,3,classification,the area,Loc,0.8
qwen3_14b,english,participants,sent_def_exp,temp0.3_nodelim_norole_nocot,lusa_61,4,detection,,yes,0.95
qwen3_14b,english,participants,ext_def_exp,temp0.3_nodelim_norole_nocot,lusa_61,4,extraction,Georgian state television,,0.95
qwen3_14b,english,participants,ext_def_exp,temp0.3_nodelim_norole_nocot,lusa_61,4,extraction,Mtavari TV,,0.95
qwen3_14b,english,participants,ext_def_exp,temp0.3_nodelim_norole_nocot,lusa_61,4,extraction,the kidnapper,,0.95
qwen3_14b,english,participants,cls_def_exp,temp0.3_nodelim_norole_nocot,lusa_61,4,classification,Georgian state television,Org,0.95
qwen3_14b,english,participants,cls_def_exp,temp0.3_nodelim_norole_nocot,lusa_61,4,classification,Mtavari TV,Org,0.95
qwen3_14b,english,participants,cls_def_exp,temp0.3_nodelim_norole_nocot,lusa_61,4,classification,the kidnapper,Per,0.9
qwen3_14b,english,participants,sent_def_exp,temp0.3_nodelim_norole_nocot,lusa_61,5,detection,,yes,0.95
qwen3_14b,english,participants,ext_def_exp,temp0.3_nodelim_norole_nocot,lusa_61,5,extraction,Mtavari TV,,0.9
qwen3_14b,english,participants,ext_def_exp,temp0.3_nodelim_norole_nocot,lusa_61,5,extraction,hostages,,0.8
qwen3_14b,english,participants,ext_def_exp,temp0.3_nodelim_norole_nocot,lusa_61,5,extraction,attacker,,0.8
qwen3_14b,english,participants,ext_def_exp,temp0.3_nodelim_norole_nocot,lusa_61,5,extraction,banking facilities,,0.7
qwen3_14b,english,participants,ext_def_exp,temp0.3_nodelim_norole_nocot,lusa_61,5,extraction,19 people,,0.6
qwen3_14b,english,participants,cls_def_exp,temp0.3_nodelim_norole_nocot,lusa_61,5,classification,Mtavari TV,Org,0.95
qwen3_14b,english,participants,cls_def_exp,temp0.3_nodelim_norole_nocot,lusa_61,5,classification,hostages,Per,0.95
qwen3_14b,english,participants,cls_def_exp,temp0.3_nodelim_norole_nocot,lusa_61,5,classification,attacker,Per,0.95
qwen3_14b,english,participants,cls_def_exp,temp0.3_nodelim_norole_nocot,lusa_61,5,classification,banking facilities,Fac,0.85
qwen3_14b,english,participants,cls_def_exp,temp0.3_nodelim_norole_nocot,lusa_61,5,classification,19 people,Per,0.85
qwen3_14b,english,participants,sent_def_exp,temp0.3_nodelim_norole_nocot,lusa_61,6,detection,,yes,0.95
qwen3_14b,english,participants,ext_def_exp,temp0.3_nodelim_norole_nocot,lusa_61,6,extraction,The television channel,,0.9
qwen3_14b,english,participants,ext_def_exp,temp0.3_nodelim_norole_nocot,lusa_61,6,extraction,people,,0.7
qwen3_14b,english,participants,ext_def_exp,temp0.3_nodelim_norole_nocot,lusa_61,6,extraction,a man,,0.9
qwen3_14b,english,participants,ext_def_exp,temp0.3_nodelim_norole_nocot,lusa_61,6,extraction,military uniform,,0.6
qwen3_14b,english,participants,ext_def_exp,temp0.3_nodelim_norole_nocot,lusa_61,6,extraction,shotgun,,0.6
qwen3_14b,english,participants,ext_def_exp,temp0.3_nodelim_norole_nocot,lusa_61,6,extraction,room,,0.7
qwen3_14b,english,participants,cls_def_exp,temp0.3_nodelim_norole_nocot,lusa_61,6,classification,The television channel,Org,0.95
qwen3_14b,english,participants,cls_def_exp,temp0.3_nodelim_norole_nocot,lusa_61,6,classification,people,Per,0.9
qwen3_14b,english,participants,cls_def_exp,temp0.3_nodelim_norole_nocot,lusa_61,6,classification,a man,Per,0.95
qwen3_14b,english,participants,cls_def_exp,temp0.3_nodelim_norole_nocot,lusa_61,6,classification,military uniform,Obj,0.9
qwen3_14b,english,participants,cls_def_exp,temp0.3_nodelim_norole_nocot,lusa_61,6,classification,shotgun,Obj,0.95
qwen3_14b,english,participants,cls_def_exp,temp0.3_nodelim_norole_nocot,lusa_61,6,classification,room,Fac,0.9
qwen3_14b,english,participants,sent_def_exp,temp0.3_nodelim_norole_nocot,lusa_62,1,detection,,yes,0.95
qwen3_14b,english,participants,ext_def_exp,temp0.3_nodelim_norole_nocot,lusa_62,1,extraction,A 59-year-old man,,0.95
qwen3_14b,english,participants,ext_def_exp,temp0.3_nodelim_norole_nocot,lusa_62,1,extraction,a tree,,0.8
qwen3_14b,english,participants,ext_def_exp,temp0.3_nodelim_norole_nocot,lusa_62,1,extraction,Barreiro,,0.9
qwen3_14b,english,participants,ext_def_exp,temp0.3_nodelim_norole_nocot,lusa_62,1,extraction,Tangil,,0.9
qwen3_14b,english,participants,ext_def_exp,temp0.3_nodelim_norole_nocot,lusa_62,1,extraction,Monção,,0.9
qwen3_14b,english,participants,ext_def_exp,temp0.3_nodelim_norole_nocot,lusa_62,1,extraction,Viana do Castelo,,0.9
qwen3_14b,english,participants,ext_def_exp,temp0.3_nodelim_norole_nocot,lusa_62,1,extraction,civil protection source,,0.9
qwen3_14b,english,participants,cls_def_exp,temp0.3_nodelim_norole_nocot,lusa_62,1,classification,A 59-year-old man,Per,0.95
qwen3_14b,english,participants,cls_def_exp,temp0.3_nodelim_norole_nocot,lusa_62,1,classification,a tree,Nat,0.9
qwen3_14b,english,participants,cls_def_exp,temp0.3_nodelim_norole_nocot,lusa_62,1,classification,Barreiro,Pl_civil,0.85
qwen3_14b,english,participants,cls_def_exp,temp0.3_nodelim_norole_nocot,lusa_62,1,classification,Tangil,Pl_civil,0.85
qwen3_14b,english,participants,cls_def_exp,temp0.3_nodelim_norole_nocot,lusa_62,1,classification,Monção,Pl_state,0.9
qwen3_14b,english,participants,cls_def_exp,temp0.3_nodelim_norole_nocot,lusa_62,1,classification,Viana do Castelo,Pl_state,0.9
qwen3_14b,english,participants,cls_def_exp,temp0.3_nodelim_norole_nocot,lusa_62,1,classification,civil protection source,Org,0.9
qwen3_14b,english,participants,sent_def_exp,temp0.3_nodelim_norole_nocot,lusa_62,2,detection,,yes,0.95
qwen3_14b,english,participants,ext_def_exp,temp0.3_nodelim_norole_nocot,lusa_62,2,extraction,source,,0.8
qwen3_14b,english,participants,ext_def_exp,temp0.3_nodelim_norole_nocot,lusa_62,2,extraction,District Relief Operations Command (CDOS),,0.9
qwen3_14b,english,participants,ext_def_exp,temp0.3_nodelim_norole_nocot,lusa_62,2,extraction,Viana do Castelo,,0.8
qwen3_14b,english,participants,ext_def_exp,temp0.3_nodelim_norole_nocot,lusa_62,2,extraction,helicopter doctor,,0.7
qwen3_14b,english,participants,ext_def_exp,temp0.3_nodelim_norole_nocot,lusa_62,2,extraction,National Institute of Medical Emergency (INEM),,0.9
qwen3_14b,english,participants,cls_def_exp,temp0.3_nodelim_norole_nocot,lusa_62,2,classification,source,Per,0.9
qwen3_14b,english,participants,cls_def_exp,temp0.3_nodelim_norole_nocot,lusa_62,2,classification,District Relief Operations Command (CDOS),Org,0.95
qwen3_14b,english,participants,cls_def_exp,temp0.3_nodelim_norole_nocot,lusa_62,2,classification,Viana do Castelo,Pl_civil,0.9
qwen3_14b,english,participants,cls_def_exp,temp0.3_nodelim_norole_nocot,lusa_62,2,classification,helicopter doctor,Per,0.95
qwen3_14b,english,participants,cls_def_exp,temp0.3_nodelim_norole_nocot,lusa_62,2,classification,National Institute of Medical Emergency (INEM),Org,0.95
qwen3_14b,english,participants,sent_def_exp,temp0.3_nodelim_norole_nocot,lusa_62,3,detection,,yes,0.95
qwen3_14b,english,participants,ext_def_exp,temp0.3_nodelim_norole_nocot,lusa_62,3,extraction,the source,,0.9
qwen3_14b,english,participants,ext_def_exp,temp0.3_nodelim_norole_nocot,lusa_62,3,extraction,the man,,0.95
qwen3_14b,english,participants,ext_def_exp,temp0.3_nodelim_norole_nocot,lusa_62,3,extraction,the tree,,0.8
qwen3_14b,english,participants,cls_def_exp,temp0.3_nodelim_norole_nocot,lusa_62,3,classification,the source,Per,0.9
qwen3_14b,english,participants,cls_def_exp,temp0.3_nodelim_norole_nocot,lusa_62,3,classification,the man,Per,0.95
qwen3_14b,english,participants,cls_def_exp,temp0.3_nodelim_norole_nocot,lusa_62,3,classification,the tree,Nat,0.95
qwen3_14b,english,participants,sent_def_exp,temp0.3_nodelim_norole_nocot,lusa_62,4,detection,,no,0.8
qwen3_14b,english,participants,sent_def_exp,temp0.3_nodelim_norole_nocot,lusa_62,5,detection,,yes,0.95
qwen3_14b,english,participants,ext_def_exp,temp0.3_nodelim_norole_nocot,lusa_62,5,extraction,An INEM source,,0.9
qwen3_14b,english,participants,ext_def_exp,temp0.3_nodelim_norole_nocot,lusa_62,5,extraction,Lusa,,0.9
qwen3_14b,english,participants,ext_def_exp,temp0.3_nodelim_norole_nocot,lusa_62,5,extraction,air transport,,0.7
qwen3_14b,english,participants,ext_def_exp,temp0.3_nodelim_norole_nocot,lusa_62,5,extraction,two ambulances,,0.8
qwen3_14b,english,participants,ext_def_exp,temp0.3_nodelim_norole_nocot,lusa_62,5,extraction,Monção,,0.9
qwen3_14b,english,participants,ext_def_exp,temp0.3_nodelim_norole_nocot,lusa_62,5,extraction,Valença,,0.9
qwen3_14b,english,participants,ext_def_exp,temp0.3_nodelim_norole_nocot,lusa_62,5,extraction,two injured people,,0.6
qwen3_14b,english,participants,ext_def_exp,temp0.3_nodelim_norole_nocot,lusa_62,5,extraction,source,,0.8
qwen3_14b,english,participants,cls_def_exp,temp0.3_nodelim_norole_nocot,lusa_62,5,classification,An INEM source,Org,0.95
qwen3_14b,english,participants,cls_def_exp,temp0.3_nodelim_norole_nocot,lusa_62,5,classification,Lusa,Org,0.95
qwen3_14b,english,participants,cls_def_exp,temp0.3_nodelim_norole_nocot,lusa_62,5,classification,air transport,Obj,0.75
qwen3_14b,english,participants,cls_def_exp,temp0.3_nodelim_norole_nocot,lusa_62,5,classification,two ambulances,Veh,0.95
qwen3_14b,english,participants,cls_def_exp,temp0.3_nodelim_norole_nocot,lusa_62,5,classification,Monção,Pl_civil,0.95
qwen3_14b,english,participants,cls_def_exp,temp0.3_nodelim_norole_nocot,lusa_62,5,classification,Valença,Pl_civil,0.95
qwen3_14b,english,participants,cls_def_exp,temp0.3_nodelim_norole_nocot,lusa_62,5,classification,two injured people,Per,0.9
qwen3_14b,english,participants,cls_def_exp,temp0.3_nodelim_norole_nocot,lusa_62,5,classification,source,Per,0.7
qwen3_14b,english,participants,sent_def_exp,temp0.3_nodelim_norole_nocot,lusa_62,6,detection,,yes,0.95
qwen3_14b,english,participants,ext_def_exp,temp0.3_nodelim_norole_nocot,lusa_62,6,extraction,INEM,,0.95
qwen3_14b,english,participants,ext_def_exp,temp0.3_nodelim_norole_nocot,lusa_62,6,extraction,team of psychologists,,0.85
qwen3_14b,english,participants,ext_def_exp,temp0.3_nodelim_norole_nocot,lusa_62,6,extraction,psychologists,,0.75
qwen3_14b,english,participants,cls_def_exp,temp0.3_nodelim_norole_nocot,lusa_62,6,classification,INEM,Org,0.95
qwen3_14b,english,participants,cls_def_exp,temp0.3_nodelim_norole_nocot,lusa_62,6,classification,team of psychologists,Org,0.85
qwen3_14b,english,participants,cls_def_exp,temp0.3_nodelim_norole_nocot,lusa_62,6,classification,psychologists,Per,0.9
qwen3_14b,english,participants,sent_def_exp,temp0.3_nodelim_norole_nocot,lusa_62,7,detection,,yes,0.95
qwen3_14b,english,participants,ext_def_exp,temp0.3_nodelim_norole_nocot,lusa_62,7,extraction,firefighters,,0.95
qwen3_14b,english,participants,ext_def_exp,temp0.3_nodelim_norole_nocot,lusa_62,7,extraction,Monção and Valença Fire Department,,0.95
qwen3_14b,english,participants,ext_def_exp,temp0.3_nodelim_norole_nocot,lusa_62,7,extraction,vehicles,,0.8
qwen3_14b,english,participants,ext_def_exp,temp0.3_nodelim_norole_nocot,lusa_62,7,extraction,Immediate Life Support (SIV) ambulance,,0.95
qwen3_14b,english,participants,ext_def_exp,temp0.3_nodelim_norole_nocot,lusa_62,7,extraction,Melgaço,,0.7
qwen3_14b,english,participants,cls_def_exp,temp0.3_nodelim_norole_nocot,lusa_62,7,classification,firefighters,Per,0.95
qwen3_14b,english,participants,cls_def_exp,temp0.3_nodelim_norole_nocot,lusa_62,7,classification,Monção and Valença Fire Department,Org,0.95
qwen3_14b,english,participants,cls_def_exp,temp0.3_nodelim_norole_nocot,lusa_62,7,classification,vehicles,Veh,0.9
qwen3_14b,english,participants,cls_def_exp,temp0.3_nodelim_norole_nocot,lusa_62,7,classification,Immediate Life Support (SIV) ambulance,Veh,0.95
qwen3_14b,english,participants,cls_def_exp,temp0.3_nodelim_norole_nocot,lusa_62,7,classification,Melgaço,Pl_civil,0.9
qwen3_14b,english,participants,sent_def_exp,temp0.3_nodelim_norole_nocot,lusa_63,1,detection,,yes,0.95
qwen3_14b,english,participants,ext_def_exp,temp0.3_nodelim_norole_nocot,lusa_63,1,extraction,A 48-year-old man,,0.95
qwen3_14b,english,participants,ext_def_exp,temp0.3_nodelim_norole_nocot,lusa_63,1,extraction,two light vehicles,,0.8
qwen3_14b,english,participants,ext_def_exp,temp0.3_nodelim_norole_nocot,lusa_63,1,extraction,parish of Chorente,,0.9
qwen3_14b,english,participants,ext_def_exp,temp0.3_nodelim_norole_nocot,lusa_63,1,extraction,municipality of Barcelos,,0.9
qwen3_14b,english,participants,ext_def_exp,temp0.3_nodelim_norole_nocot,lusa_63,1,extraction,Braga,,0.9
qwen3_14b,english,participants,ext_def_exp,temp0.3_nodelim_norole_nocot,lusa_63,1,extraction,source,,0.8
qwen3_14b,english,participants,ext_def_exp,temp0.3_nodelim_norole_nocot,lusa_63,1,extraction,District Relief Operations Command (CDOS),,0.95
qwen3_14b,english,participants,cls_def_exp,temp0.3_nodelim_norole_nocot,lusa_63,1,classification,A 48-year-old man,Per,0.95
qwen3_14b,english,participants,cls_def_exp,temp0.3_nodelim_norole_nocot,lusa_63,1,classification,two light vehicles,Veh,0.9
qwen3_14b,english,participants,cls_def_exp,temp0.3_nodelim_norole_nocot,lusa_63,1,classification,parish of Chorente,Pl_civil,0.9
qwen3_14b,english,participants,cls_def_exp,temp0.3_nodelim_norole_nocot,lusa_63,1,classification,municipality of Barcelos,Pl_civil,0.95
qwen3_14b,english,participants,cls_def_exp,temp0.3_nodelim_norole_nocot,lusa_63,1,classification,Braga,Pl_civil,0.9
qwen3_14b,english,participants,cls_def_exp,temp0.3_nodelim_norole_nocot,lusa_63,1,classification,source,Per,0.85
qwen3_14b,english,participants,cls_def_exp,temp0.3_nodelim_norole_nocot,lusa_63,1,classification,District Relief Operations Command (CDOS),Org,0.95
qwen3_14b,english,participants,sent_def_exp,temp0.3_nodelim_norole_nocot,lusa_63,2,detection,,yes,0.95
qwen3_14b,english,participants,ext_def_exp,temp0.3_nodelim_norole_nocot,lusa_63,2,extraction,the accident,,0.9
qwen3_14b,english,participants,ext_def_exp,temp0.3_nodelim_norole_nocot,lusa_63,2,extraction,the two cars,,0.9
qwen3_14b,english,participants,cls_def_exp,temp0.3_nodelim_norole_nocot,lusa_63,2,classification,the accident,Other,0.2
qwen3_14b,english,participants,cls_def_exp,temp0.3_nodelim_norole_nocot,lusa_63,2,classification,the two cars,Veh,0.95
qwen3_14b,english,participants,sent_def_exp,temp0.3_nodelim_norole_nocot,lusa_63,3,detection,,yes,0.95
qwen3_14b,english,participants,ext_def_exp,temp0.3_nodelim_norole_nocot,lusa_63,3,extraction,the driver,,0.95
qwen3_14b,english,participants,ext_def_exp,temp0.3_nodelim_norole_nocot,lusa_63,3,extraction,a slightly injured person,,0.9
qwen3_14b,english,participants,ext_def_exp,temp0.3_nodelim_norole_nocot,lusa_63,3,extraction,Barcelos Hospital,,0.9
qwen3_14b,english,participants,ext_def_exp,temp0.3_nodelim_norole_nocot,lusa_63,3,extraction,a source,,0.8
qwen3_14b,english,participants,ext_def_exp,temp0.3_nodelim_norole_nocot,lusa_63,3,extraction,the source,,0.8
qwen3_14b,english,participants,ext_def_exp,temp0.3_nodelim_norole_nocot,lusa_63,3,extraction,Braga CDOS,,0.95
qwen3_14b,english,participants,ext_def_exp,temp0.3_nodelim_norole_nocot,lusa_63,3,extraction,Viatodos Volunteer Fire Department,,0.95
qwen3_14b,english,participants,cls_def_exp,temp0.3_nodelim_norole_nocot,lusa_63,3,classification,the driver,Per,0.95
qwen3_14b,english,participants,cls_def_exp,temp0.3_nodelim_norole_nocot,lusa_63,3,classification,a slightly injured person,Per,0.9
qwen3_14b,english,participants,cls_def_exp,temp0.3_nodelim_norole_nocot,lusa_63,3,classification,Barcelos Hospital,Fac,0.95
qwen3_14b,english,participants,cls_def_exp,temp0.3_nodelim_norole_nocot,lusa_63,3,classification,a source,Per,0.8
qwen3_14b,english,participants,cls_def_exp,temp0.3_nodelim_norole_nocot,lusa_63,3,classification,the source,Per,0.85
qwen3_14b,english,participants,cls_def_exp,temp0.3_nodelim_norole_nocot,lusa_63,3,classification,Braga CDOS,Org,0.95
qwen3_14b,english,participants,cls_def_exp,temp0.3_nodelim_norole_nocot,lusa_63,3,classification,Viatodos Volunteer Fire Department,Org,0.95
qwen3_14b,english,participants,sent_def_exp,temp0.3_nodelim_norole_nocot,lusa_64,1,detection,,yes,0.95
qwen3_14b,english,participants,ext_def_exp,temp0.3_nodelim_norole_nocot,lusa_64,1,extraction,The Judicial Police of Guinea-Bissau,,0.95
qwen3_14b,english,participants,ext_def_exp,temp0.3_nodelim_norole_nocot,lusa_64,1,extraction,a man,,0.9
qwen3_14b,english,participants,ext_def_exp,temp0.3_nodelim_norole_nocot,lusa_64,1,extraction,three kilograms of cocaine,,0.7
qwen3_14b,english,participants,ext_def_exp,temp0.3_nodelim_norole_nocot,lusa_64,1,extraction,flight,,0.8
qwen3_14b,english,participants,ext_def_exp,temp0.3_nodelim_norole_nocot,lusa_64,1,extraction,Lisbon,,0.9
qwen3_14b,english,participants,ext_def_exp,temp0.3_nodelim_norole_nocot,lusa_64,1,extraction,the police force,,0.8
qwen3_14b,english,participants,cls_def_exp,temp0.3_nodelim_norole_nocot,lusa_64,1,classification,The Judicial Police of Guinea-Bissau,Org,0.95
qwen3_14b,english,participants,cls_def_exp,temp0.3_nodelim_norole_nocot,lusa_64,1,classification,a man,Per,0.9
qwen3_14b,english,participants,cls_def_exp,temp0.3_nodelim_norole_nocot,lusa_64,1,classification,three kilograms of cocaine,Obj,0.8
qwen3_14b,english,participants,cls_def_exp,temp0.3_nodelim_norole_nocot,lusa_64,1,classification,flight,Path,0.7
qwen3_14b,english,participants,cls_def_exp,temp0.3_nodelim_norole_nocot,lusa_64,1,classification,Lisbon,Pl_capital,0.95
qwen3_14b,english,participants,cls_def_exp,temp0.3_nodelim_norole_nocot,lusa_64,1,classification,the police force,Org,0.95
qwen3_14b,english,participants,sent_def_exp,temp0.3_nodelim_norole_nocot,lusa_64,2,detection,,yes,0.95
qwen3_14b,english,participants,ext_def_exp,temp0.3_nodelim_norole_nocot,lusa_64,2,extraction,the man,,0.9
qwen3_14b,english,participants,ext_def_exp,temp0.3_nodelim_norole_nocot,lusa_64,2,extraction,drug,,0.8
qwen3_14b,english,participants,ext_def_exp,temp0.3_nodelim_norole_nocot,lusa_64,2,extraction,Osvaldo Vieira international airport,,0.95
qwen3_14b,english,participants,ext_def_exp,temp0.3_nodelim_norole_nocot,lusa_64,2,extraction,Bissau,,0.9
qwen3_14b,english,participants,cls_def_exp,temp0.3_nodelim_norole_nocot,lusa_64,2,classification,the man,Per,0.95
qwen3_14b,english,participants,cls_def_exp,temp0.3_nodelim_norole_nocot,lusa_64,2,classification,drug,Obj,0.85
qwen3_14b,english,participants,cls_def_exp,temp0.3_nodelim_norole_nocot,lusa_64,2,classification,Osvaldo Vieira international airport,Fac,0.95
qwen3_14b,english,participants,cls_def_exp,temp0.3_nodelim_norole_nocot,lusa_64,2,classification,Bissau,Pl_capital,0.9
qwen3_14b,english,participants,sent_def_exp,temp0.3_nodelim_norole_nocot,lusa_64,3,detection,,yes,0.95
qwen3_14b,english,participants,ext_def_exp,temp0.3_nodelim_norole_nocot,lusa_64,3,extraction,PJ,,0.9
qwen3_14b,english,participants,ext_def_exp,temp0.3_nodelim_norole_nocot,lusa_64,3,extraction,the man,,0.9
qwen3_14b,english,participants,ext_def_exp,temp0.3_nodelim_norole_nocot,lusa_64,3,extraction,Public Prosecutor's Office,,0.9
qwen3_14b,english,participants,cls_def_exp,temp0.3_nodelim_norole_nocot,lusa_64,3,classification,PJ,Org,0.95
qwen3_14b,english,participants,cls_def_exp,temp0.3_nodelim_norole_nocot,lusa_64,3,classification,the man,Per,0.95
qwen3_14b,english,participants,cls_def_exp,temp0.3_nodelim_norole_nocot,lusa_64,3,classification,Public Prosecutor's Office,Org,0.95
qwen3_14b,english,participants,sent_def_exp,temp0.3_nodelim_norole_nocot,lusa_64,4,detection,,yes,0.95
qwen3_14b,english,participants,ext_def_exp,temp0.3_nodelim_norole_nocot,lusa_64,4,extraction,PJ,,0.9
qwen3_14b,english,participants,ext_def_exp,temp0.3_nodelim_norole_nocot,lusa_64,4,extraction,Portuguese-Guinean citizen,,0.9
qwen3_14b,english,participants,ext_def_exp,temp0.3_nodelim_norole_nocot,lusa_64,4,extraction,Osvaldo Vieira airport,,0.8
qwen3_14b,english,participants,ext_def_exp,temp0.3_nodelim_norole_nocot,lusa_64,4,extraction,a kilogram of cocaine,,0.7
qwen3_14b,english,participants,ext_def_exp,temp0.3_nodelim_norole_nocot,lusa_64,4,extraction,Lisbon,,0.8
qwen3_14b,english,participants,cls_def_exp,temp0.3_nodelim_norole_nocot,lusa_64,4,classification,PJ,Org,0.95
qwen3_14b,english,participants,cls_def_exp,temp0.3_nodelim_norole_nocot,lusa_64,4,classification,Portuguese-Guinean citizen,Per,0.95
qwen3_14b,english,participants,cls_def_exp,temp0.3_nodelim_norole_nocot,lusa_64,4,classification,Osvaldo Vieira airport,Fac,0.95
qwen3_14b,english,participants,cls_def_exp,temp0.3_nodelim_norole_nocot,lusa_64,4,classification,a kilogram of cocaine,Obj,0.9
qwen3_14b,english,participants,cls_def_exp,temp0.3_nodelim_norole_nocot,lusa_64,4,classification,Lisbon,Pl_capital,0.95
qwen3_14b,english,participants,sent_def_exp,temp0.3_nodelim_norole_nocot,lusa_64,5,detection,,yes,0.95
qwen3_14b,english,participants,ext_def_exp,temp0.3_nodelim_norole_nocot,lusa_64,5,extraction,PJ,,0.95
qwen3_14b,english,participants,ext_def_exp,temp0.3_nodelim_norole_nocot,lusa_64,5,extraction,three men,,0.9
qwen3_14b,english,participants,ext_def_exp,temp0.3_nodelim_norole_nocot,lusa_64,5,extraction,airport,,0.85
qwen3_14b,english,participants,ext_def_exp,temp0.3_nodelim_norole_nocot,lusa_64,5,extraction,drugs,,0.75
qwen3_14b,english,participants,cls_def_exp,temp0.3_nodelim_norole_nocot,lusa_64,5,classification,PJ,Org,0.95
qwen3_14b,english,participants,cls_def_exp,temp0.3_nodelim_norole_nocot,lusa_64,5,classification,three men,Per,0.95
qwen3_14b,english,participants,cls_def_exp,temp0.3_nodelim_norole_nocot,lusa_64,5,classification,airport,Fac,0.9
qwen3_14b,english,participants,cls_def_exp,temp0.3_nodelim_norole_nocot,lusa_64,5,classification,drugs,Obj,0.9
qwen3_14b,english,participants,sent_def_exp,temp0.3_nodelim_norole_nocot,lusa_65,1,detection,,yes,0.95
qwen3_14b,english,participants,ext_def_exp,temp0.3_nodelim_norole_nocot,lusa_65,1,extraction,A 25-year-old man,,0.9
qwen3_14b,english,participants,ext_def_exp,temp0.3_nodelim_norole_nocot,lusa_65,1,extraction,fire,,0.8
qwen3_14b,english,participants,ext_def_exp,temp0.3_nodelim_norole_nocot,lusa_65,1,extraction,Arcozelo,,0.9
qwen3_14b,english,participants,ext_def_exp,temp0.3_nodelim_norole_nocot,lusa_65,1,extraction,Vila Nova de Gaia,,0.9
qwen3_14b,english,participants,ext_def_exp,temp0.3_nodelim_norole_nocot,lusa_65,1,extraction,local Sapadores,,0.8
qwen3_14b,english,participants,ext_def_exp,temp0.3_nodelim_norole_nocot,lusa_65,1,extraction,source,,0.7
qwen3_14b,english,participants,ext_def_exp,temp0.3_nodelim_norole_nocot,lusa_65,1,extraction,Lusa.,,0.9
qwen3_14b,english,participants,cls_def_exp,temp0.3_nodelim_norole_nocot,lusa_65,1,classification,A 25-year-old man,Per,0.95
qwen3_14b,english,participants,cls_def_exp,temp0.3_nodelim_norole_nocot,lusa_65,1,classification,fire,Nat,0.6
qwen3_14b,english,participants,cls_def_exp,temp0.3_nodelim_norole_nocot,lusa_65,1,classification,Arcozelo,Pl_civil,0.9
qwen3_14b,english,participants,cls_def_exp,temp0.3_nodelim_norole_nocot,lusa_65,1,classification,Vila Nova de Gaia,Pl_civil,0.95
qwen3_14b,english,participants,cls_def_exp,temp0.3_nodelim_norole_nocot,lusa_65,1,classification,local Sapadores,Org,0.95
qwen3_14b,english,participants,cls_def_exp,temp0.3_nodelim_norole_nocot,lusa_65,1,classification,source,Per,0.8
qwen3_14b,english,participants,cls_def_exp,temp0.3_nodelim_norole_nocot,lusa_65,1,classification,Lusa.,Org,0.95
qwen3_14b,english,participants,sent_def_exp,temp0.3_nodelim_norole_nocot,lusa_65,2,detection,,yes,0.95
qwen3_14b,english,participants,ext_def_exp,temp0.3_nodelim_norole_nocot,lusa_65,2,extraction,Vila Nova de Gaia Firefighters,,0.95
qwen3_14b,english,participants,ext_def_exp,temp0.3_nodelim_norole_nocot,lusa_65,2,extraction,Aguda Firefighters,,0.95
qwen3_14b,english,participants,ext_def_exp,temp0.3_nodelim_norole_nocot,lusa_65,2,extraction,the source,,0.8
qwen3_14b,english,participants,ext_def_exp,temp0.3_nodelim_norole_nocot,lusa_65,2,extraction,the house,,0.7
qwen3_14b,english,participants,ext_def_exp,temp0.3_nodelim_norole_nocot,lusa_65,2,extraction,the kitchen,,0.6
qwen3_14b,english,participants,ext_def_exp,temp0.3_nodelim_norole_nocot,lusa_65,2,extraction,flames,,0.5
qwen3_14b,english,participants,cls_def_exp,temp0.3_nodelim_norole_nocot,lusa_65,2,classification,Vila Nova de Gaia Firefighters,Org,0.95
qwen3_14b,english,participants,cls_def_exp,temp0.3_nodelim_norole_nocot,lusa_65,2,classification,Aguda Firefighters,Org,0.95
qwen3_14b,english,participants,cls_def_exp,temp0.3_nodelim_norole_nocot,lusa_65,2,classification,the source,Per,0.8
qwen3_14b,english,participants,cls_def_exp,temp0.3_nodelim_norole_nocot,lusa_65,2,classification,the house,Obj,0.95
qwen3_14b,english,participants,cls_def_exp,temp0.3_nodelim_norole_nocot,lusa_65,2,classification,the kitchen,Obj,0.9
qwen3_14b,english,participants,cls_def_exp,temp0.3_nodelim_norole_nocot,lusa_65,2,classification,flames,Nat,0.95
qwen3_14b,english,participants,sent_def_exp,temp0.3_nodelim_norole_nocot,lusa_65,3,detection,,yes,0.95
qwen3_14b,english,participants,ext_def_exp,temp0.3_nodelim_norole_nocot,lusa_65,3,extraction,the man,,0.95
qwen3_14b,english,participants,ext_def_exp,temp0.3_nodelim_norole_nocot,lusa_65,3,extraction,Vila Nova de Gaia/Espinho Hospital Center,,0.9
qwen3_14b,english,participants,cls_def_exp,temp0.3_nodelim_norole_nocot,lusa_65,3,classification,the man,Per,0.95
qwen3_14b,english,participants,cls_def_exp,temp0.3_nodelim_norole_nocot,lusa_65,3,classification,Vila Nova de Gaia/Espinho Hospital Center,Fac,0.95
qwen3_14b,english,participants,sent_def_exp,temp0.3_nodelim_norole_nocot,lusa_65,4,detection,,yes,0.95
qwen3_14b,english,participants,ext_def_exp,temp0.3_nodelim_norole_nocot,lusa_65,4,extraction,fire,,1.0
qwen3_14b,english,participants,ext_def_exp,temp0.3_nodelim_norole_nocot,lusa_65,4,extraction,house,,1.0
qwen3_14b,english,participants,ext_def_exp,temp0.3_nodelim_norole_nocot,lusa_65,4,extraction,Civil Protection,,1.0
qwen3_14b,english,participants,cls_def_exp,temp0.3_nodelim_norole_nocot,lusa_65,4,classification,fire,Nat,0.7
qwen3_14b,english,participants,cls_def_exp,temp0.3_nodelim_norole_nocot,lusa_65,4,classification,house,Obj,0.9
qwen3_14b,english,participants,cls_def_exp,temp0.3_nodelim_norole_nocot,lusa_65,4,classification,Civil Protection,Org,0.9
qwen3_14b,english,participants,sent_def_exp,temp0.3_nodelim_norole_nocot,lusa_66,1,detection,,yes,0.95
qwen3_14b,english,participants,ext_def_exp,temp0.3_nodelim_norole_nocot,lusa_66,1,extraction,The Public Prosecutor's Office (MP) of Braga,,0.95
qwen3_14b,english,participants,ext_def_exp,temp0.3_nodelim_norole_nocot,lusa_66,1,extraction,a man,,0.95
qwen3_14b,english,participants,ext_def_exp,temp0.3_nodelim_norole_nocot,lusa_66,1,extraction,his partner's daughter,,0.9
qwen3_14b,english,participants,ext_def_exp,temp0.3_nodelim_norole_nocot,lusa_66,1,extraction,the Porto District Attorney General's Office,,0.95
qwen3_14b,english,participants,cls_def_exp,temp0.3_nodelim_norole_nocot,lusa_66,1,classification,The Public Prosecutor's Office (MP) of Braga,Org,0.95
qwen3_14b,english,participants,cls_def_exp,temp0.3_nodelim_norole_nocot,lusa_66,1,classification,a man,Per,0.9
qwen3_14b,english,participants,cls_def_exp,temp0.3_nodelim_norole_nocot,lusa_66,1,classification,his partner's daughter,Per,0.95
qwen3_14b,english,participants,cls_def_exp,temp0.3_nodelim_norole_nocot,lusa_66,1,classification,the Porto District Attorney General's Office,Org,0.95
qwen3_14b,english,participants,sent_def_exp,temp0.3_nodelim_norole_nocot,lusa_66,2,detection,,yes,0.95
qwen3_14b,english,participants,ext_def_exp,temp0.3_nodelim_norole_nocot,lusa_66,2,extraction,prosecutor's office,,0.95
qwen3_14b,english,participants,ext_def_exp,temp0.3_nodelim_norole_nocot,lusa_66,2,extraction,victim,,0.9
qwen3_14b,english,participants,cls_def_exp,temp0.3_nodelim_norole_nocot,lusa_66,2,classification,prosecutor's office,Org,0.95
qwen3_14b,english,participants,cls_def_exp,temp0.3_nodelim_norole_nocot,lusa_66,2,classification,victim,Per,0.95
qwen3_14b,english,participants,sent_def_exp,temp0.3_nodelim_norole_nocot,lusa_66,3,detection,,yes,0.95
qwen3_14b,english,participants,ext_def_exp,temp0.3_nodelim_norole_nocot,lusa_66,3,extraction,The MP,,0.95
qwen3_14b,english,participants,ext_def_exp,temp0.3_nodelim_norole_nocot,lusa_66,3,extraction,the defendant,,0.95
qwen3_14b,english,participants,ext_def_exp,temp0.3_nodelim_norole_nocot,lusa_66,3,extraction,his partner,,0.9
qwen3_14b,english,participants,ext_def_exp,temp0.3_nodelim_norole_nocot,lusa_66,3,extraction,Braga,,0.8
qwen3_14b,english,participants,ext_def_exp,temp0.3_nodelim_norole_nocot,lusa_66,3,extraction,Amares,,0.8
qwen3_14b,english,participants,cls_def_exp,temp0.3_nodelim_norole_nocot,lusa_66,3,classification,The MP,Per,0.95
qwen3_14b,english,participants,cls_def_exp,temp0.3_nodelim_norole_nocot,lusa_66,3,classification,the defendant,Per,0.9
qwen3_14b,english,participants,cls_def_exp,temp0.3_nodelim_norole_nocot,lusa_66,3,classification,his partner,Per,0.95
qwen3_14b,english,participants,cls_def_exp,temp0.3_nodelim_norole_nocot,lusa_66,3,classification,Braga,Pl_civil,0.95
qwen3_14b,english,participants,cls_def_exp,temp0.3_nodelim_norole_nocot,lusa_66,3,classification,Amares,Pl_civil,0.95
qwen3_14b,english,participants,sent_def_exp,temp0.3_nodelim_norole_nocot,lusa_66,4,detection,,yes,0.95
qwen3_14b,english,participants,ext_def_exp,temp0.3_nodelim_norole_nocot,lusa_66,4,extraction,MP,,0.9
qwen3_14b,english,participants,ext_def_exp,temp0.3_nodelim_norole_nocot,lusa_66,4,extraction,the defendant,,0.95
qwen3_14b,english,participants,ext_def_exp,temp0.3_nodelim_norole_nocot,lusa_66,4,extraction,his partner's daughter,,0.9
qwen3_14b,english,participants,cls_def_exp,temp0.3_nodelim_norole_nocot,lusa_66,4,classification,MP,Org,0.9
qwen3_14b,english,participants,cls_def_exp,temp0.3_nodelim_norole_nocot,lusa_66,4,classification,the defendant,Per,0.95
qwen3_14b,english,participants,cls_def_exp,temp0.3_nodelim_norole_nocot,lusa_66,4,classification,his partner's daughter,Per,0.95
qwen3_14b,english,participants,sent_def_exp,temp0.3_nodelim_norole_nocot,lusa_66,5,detection,,no,0.95
qwen3_14b,english,participants,sent_def_exp,temp0.3_nodelim_norole_nocot,lusa_68,1,detection,,yes,0.95
qwen3_14b,english,participants,ext_def_exp,temp0.3_nodelim_norole_nocot,lusa_68,1,extraction,An 84-year-old man,,0.9
qwen3_14b,english,participants,ext_def_exp,temp0.3_nodelim_norole_nocot,lusa_68,1,extraction,Vila Maior,,0.8
qwen3_14b,english,participants,ext_def_exp,temp0.3_nodelim_norole_nocot,lusa_68,1,extraction,municipality of Santa Marta de Penaguião,,0.8
qwen3_14b,english,participants,ext_def_exp,temp0.3_nodelim_norole_nocot,lusa_68,1,extraction,district of Vila Real,,0.8
qwen3_14b,english,participants,ext_def_exp,temp0.3_nodelim_norole_nocot,lusa_68,1,extraction,GNR,,0.9
qwen3_14b,english,participants,ext_def_exp,temp0.3_nodelim_norole_nocot,lusa_68,1,extraction,source,,0.8
qwen3_14b,english,participants,cls_def_exp,temp0.3_nodelim_norole_nocot,lusa_68,1,classification,An 84-year-old man,Per,0.95
qwen3_14b,english,participants,cls_def_exp,temp0.3_nodelim_norole_nocot,lusa_68,1,classification,Vila Maior,Pl_civil,0.8
qwen3_14b,english,participants,cls_def_exp,temp0.3_nodelim_norole_nocot,lusa_68,1,classification,municipality of Santa Marta de Penaguião,Pl_civil,0.9
qwen3_14b,english,participants,cls_def_exp,temp0.3_nodelim_norole_nocot,lusa_68,1,classification,district of Vila Real,Pl_state,0.95
qwen3_14b,english,participants,cls_def_exp,temp0.3_nodelim_norole_nocot,lusa_68,1,classification,GNR,Org,0.95
qwen3_14b,english,participants,cls_def_exp,temp0.3_nodelim_norole_nocot,lusa_68,1,classification,source,Per,0.8
qwen3_14b,english,participants,sent_def_exp,temp0.3_nodelim_norole_nocot,lusa_68,2,detection,,yes,0.95
qwen3_14b,english,participants,ext_def_exp,temp0.3_nodelim_norole_nocot,lusa_68,2,extraction,Santa Marta de Penaguião fire commander,,0.9
qwen3_14b,english,participants,ext_def_exp,temp0.3_nodelim_norole_nocot,lusa_68,2,extraction,Vasco Correia,,0.95
qwen3_14b,english,participants,ext_def_exp,temp0.3_nodelim_norole_nocot,lusa_68,2,extraction,Emergency and Resuscitation Medical Vehicle (VMER) team,,0.85
qwen3_14b,english,participants,ext_def_exp,temp0.3_nodelim_norole_nocot,lusa_68,2,extraction,the Santa Marta de Penaguião fire commander,,0.9
qwen3_14b,english,participants,ext_def_exp,temp0.3_nodelim_norole_nocot,lusa_68,2,extraction,the Emergency and Resuscitation Medical Vehicle (VMER) team,,0.85
qwen3_14b,english,participants,cls_def_exp,temp0.3_nodelim_norole_nocot,lusa_68,2,classification,Santa Marta de Penaguião fire commander,Per,0.95
qwen3_14b,english,participants,cls_def_exp,temp0.3_nodelim_norole_nocot,lusa_68,2,classification,Vasco Correia,Per,0.98
qwen3_14b,english,participants,cls_def_exp,temp0.3_nodelim_norole_nocot,lusa_68,2,classification,Emergency and Resuscitation Medical Vehicle (VMER) team,Org,0.9
qwen3_14b,english,participants,cls_def_exp,temp0.3_nodelim_norole_nocot,lusa_68,2,classification,the Santa Marta de Penaguião fire commander,Per,0.95
qwen3_14b,english,participants,cls_def_exp,temp0.3_nodelim_norole_nocot,lusa_68,2,classification,the Emergency and Resuscitation Medical Vehicle (VMER) team,Org,0.9
qwen3_14b,english,participants,sent_def_exp,temp0.3_nodelim_norole_nocot,lusa_68,3,detection,,yes,0.95
qwen3_14b,english,participants,ext_def_exp,temp0.3_nodelim_norole_nocot,lusa_68,3,extraction,GNR,,0.95
qwen3_14b,english,participants,ext_def_exp,temp0.3_nodelim_norole_nocot,lusa_68,3,extraction,a small car,,0.9
qwen3_14b,english,participants,cls_def_exp,temp0.3_nodelim_norole_nocot,lusa_68,3,classification,GNR,Org,0.95
qwen3_14b,english,participants,cls_def_exp,temp0.3_nodelim_norole_nocot,lusa_68,3,classification,a small car,Obj,0.9
qwen3_14b,english,participants,sent_def_exp,temp0.3_nodelim_norole_nocot,lusa_68,4,detection,,yes,0.95
qwen3_14b,english,participants,ext_def_exp,temp0.3_nodelim_norole_nocot,lusa_68,4,extraction,six firefighters,,0.9
qwen3_14b,english,participants,ext_def_exp,temp0.3_nodelim_norole_nocot,lusa_68,4,extraction,Santa Marta de Penaguião,,0.7
qwen3_14b,english,participants,ext_def_exp,temp0.3_nodelim_norole_nocot,lusa_68,4,extraction,GNR,,0.9
qwen3_14b,english,participants,ext_def_exp,temp0.3_nodelim_norole_nocot,lusa_68,4,extraction,INEM,,0.9
qwen3_14b,english,participants,cls_def_exp,temp0.3_nodelim_norole_nocot,lusa_68,4,classification,six firefighters,Per,0.95
qwen3_14b,english,participants,cls_def_exp,temp0.3_nodelim_norole_nocot,lusa_68,4,classification,Santa Marta de Penaguião,Pl_civil,0.9
qwen3_14b,english,participants,cls_def_exp,temp0.3_nodelim_norole_nocot,lusa_68,4,classification,GNR,Org,0.95
qwen3_14b,english,participants,cls_def_exp,temp0.3_nodelim_norole_nocot,lusa_68,4,classification,INEM,Org,0.95
qwen3_14b,english,participants,sent_def_exp,temp0.3_nodelim_norole_nocot,lusa_69,1,detection,,yes,0.95
qwen3_14b,english,participants,ext_def_exp,temp0.3_nodelim_norole_nocot,lusa_69,1,extraction,A man,,0.95
qwen3_14b,english,participants,ext_def_exp,temp0.3_nodelim_norole_nocot,lusa_69,1,extraction,man,,0.85
qwen3_14b,english,participants,ext_def_exp,temp0.3_nodelim_norole_nocot,lusa_69,1,extraction,gasoline,,0.75
qwen3_14b,english,participants,ext_def_exp,temp0.3_nodelim_norole_nocot,lusa_69,1,extraction,Vale de S.,,0.9
qwen3_14b,english,participants,cls_def_exp,temp0.3_nodelim_norole_nocot,lusa_69,1,classification,A man,Per,0.95
qwen3_14b,english,participants,cls_def_exp,temp0.3_nodelim_norole_nocot,lusa_69,1,classification,man,Per,0.95
qwen3_14b,english,participants,cls_def_exp,temp0.3_nodelim_norole_nocot,lusa_69,1,classification,gasoline,Obj,0.9
qwen3_14b,english,participants,cls_def_exp,temp0.3_nodelim_norole_nocot,lusa_69,1,classification,Vale de S.,Loc,0.75
qwen3_14b,english,participants,sent_def_exp,temp0.3_nodelim_norole_nocot,lusa_69,2,detection,,yes,0.95
qwen3_14b,english,participants,ext_def_exp,temp0.3_nodelim_norole_nocot,lusa_69,2,extraction,Martinho,,0.95
qwen3_14b,english,participants,ext_def_exp,temp0.3_nodelim_norole_nocot,lusa_69,2,extraction,Vila Nova de Famalicão,,0.9
qwen3_14b,english,participants,ext_def_exp,temp0.3_nodelim_norole_nocot,lusa_69,2,extraction,Hospital de São João,,0.9
qwen3_14b,english,participants,ext_def_exp,temp0.3_nodelim_norole_nocot,lusa_69,2,extraction,Porto,,0.85
qwen3_14b,english,participants,ext_def_exp,temp0.3_nodelim_norole_nocot,lusa_69,2,extraction,local fire department,,0.9
qwen3_14b,english,participants,ext_def_exp,temp0.3_nodelim_norole_nocot,lusa_69,2,extraction,source,,0.8
qwen3_14b,english,participants,cls_def_exp,temp0.3_nodelim_norole_nocot,lusa_69,2,classification,Martinho,Per,0.95
qwen3_14b,english,participants,cls_def_exp,temp0.3_nodelim_norole_nocot,lusa_69,2,classification,Vila Nova de Famalicão,Pl_civil,0.9
qwen3_14b,english,participants,cls_def_exp,temp0.3_nodelim_norole_nocot,lusa_69,2,classification,Hospital de São João,Fac,0.95
qwen3_14b,english,participants,cls_def_exp,temp0.3_nodelim_norole_nocot,lusa_69,2,classification,Porto,Pl_capital,0.95
qwen3_14b,english,participants,cls_def_exp,temp0.3_nodelim_norole_nocot,lusa_69,2,classification,local fire department,Org,0.9
qwen3_14b,english,participants,cls_def_exp,temp0.3_nodelim_norole_nocot,lusa_69,2,classification,source,Per,0.8
qwen3_14b,english,participants,sent_def_exp,temp0.3_nodelim_norole_nocot,lusa_69,3,detection,,yes,0.95
qwen3_14b,english,participants,ext_def_exp,temp0.3_nodelim_norole_nocot,lusa_69,3,extraction,The 58-year-old man,,1.0
qwen3_14b,english,participants,cls_def_exp,temp0.3_nodelim_norole_nocot,lusa_69,3,classification,The 58-year-old man,Per,1.0
qwen3_14b,english,participants,sent_def_exp,temp0.3_nodelim_norole_nocot,lusa_69,4,detection,,yes,0.95
qwen3_14b,english,participants,ext_def_exp,temp0.3_nodelim_norole_nocot,lusa_69,4,extraction,Famalicenses Volunteer Firefighters,,0.95
qwen3_14b,english,participants,ext_def_exp,temp0.3_nodelim_norole_nocot,lusa_69,4,extraction,Lusa,,0.9
qwen3_14b,english,participants,ext_def_exp,temp0.3_nodelim_norole_nocot,lusa_69,4,extraction,source,,0.7
qwen3_14b,english,participants,ext_def_exp,temp0.3_nodelim_norole_nocot,lusa_69,4,extraction,victim,,0.9
qwen3_14b,english,participants,ext_def_exp,temp0.3_nodelim_norole_nocot,lusa_69,4,extraction,Hospital de São João,,0.95
qwen3_14b,english,participants,ext_def_exp,temp0.3_nodelim_norole_nocot,lusa_69,4,extraction,gasoline,,0.7
qwen3_14b,english,participants,cls_def_exp,temp0.3_nodelim_norole_nocot,lusa_69,4,classification,Famalicenses Volunteer Firefighters,Org,0.95
qwen3_14b,english,participants,cls_def_exp,temp0.3_nodelim_norole_nocot,lusa_69,4,classification,Lusa,Org,0.9
qwen3_14b,english,participants,cls_def_exp,temp0.3_nodelim_norole_nocot,lusa_69,4,classification,source,Per,0.8
qwen3_14b,english,participants,cls_def_exp,temp0.3_nodelim_norole_nocot,lusa_69,4,classification,victim,Per,0.95
qwen3_14b,english,participants,cls_def_exp,temp0.3_nodelim_norole_nocot,lusa_69,4,classification,Hospital de São João,Fac,0.95
qwen3_14b,english,participants,cls_def_exp,temp0.3_nodelim_norole_nocot,lusa_69,4,classification,gasoline,Obj,0.8
qwen3_14b,english,participants,sent_def_exp,temp0.3_nodelim_norole_nocot,lusa_69,5,detection,,yes,0.95
qwen3_14b,english,participants,ext_def_exp,temp0.3_nodelim_norole_nocot,lusa_69,5,extraction,Emergency and Resuscitation Medical Vehicle (VMER),,0.95
qwen3_14b,english,participants,ext_def_exp,temp0.3_nodelim_norole_nocot,lusa_69,5,extraction,VMER,,0.9
qwen3_14b,english,participants,ext_def_exp,temp0.3_nodelim_norole_nocot,lusa_69,5,extraction,Famalicão Hospital,,0.95
qwen3_14b,english,participants,ext_def_exp,temp0.3_nodelim_norole_nocot,lusa_69,5,extraction,district of Braga,,0.85
qwen3_14b,english,participants,cls_def_exp,temp0.3_nodelim_norole_nocot,lusa_69,5,classification,Emergency and Resuscitation Medical Vehicle (VMER),Veh,0.95
qwen3_14b,english,participants,cls_def_exp,temp0.3_nodelim_norole_nocot,lusa_69,5,classification,VMER,Veh,0.95
qwen3_14b,english,participants,cls_def_exp,temp0.3_nodelim_norole_nocot,lusa_69,5,classification,Famalicão Hospital,Fac,0.95
qwen3_14b,english,participants,cls_def_exp,temp0.3_nodelim_norole_nocot,lusa_69,5,classification,district of Braga,Pl_civil,0.9
qwen3_14b,english,participants,sent_def_exp,temp0.3_nodelim_norole_nocot,lusa_7,1,detection,,yes,0.95
qwen3_14b,english,participants,ext_def_exp,temp0.3_nodelim_norole_nocot,lusa_7,1,extraction,A man,,0.9
qwen3_14b,english,participants,ext_def_exp,temp0.3_nodelim_norole_nocot,lusa_7,1,extraction,his three children,,0.9
qwen3_14b,english,participants,ext_def_exp,temp0.3_nodelim_norole_nocot,lusa_7,1,extraction,the children's mother,,0.9
qwen3_14b,english,participants,ext_def_exp,temp0.3_nodelim_norole_nocot,lusa_7,1,extraction,prosecutors,,0.9
qwen3_14b,english,participants,ext_def_exp,temp0.3_nodelim_norole_nocot,lusa_7,1,extraction,northern Mexico,,0.8
qwen3_14b,english,participants,cls_def_exp,temp0.3_nodelim_norole_nocot,lusa_7,1,classification,A man,Per,0.95
qwen3_14b,english,participants,cls_def_exp,temp0.3_nodelim_norole_nocot,lusa_7,1,classification,his three children,Per,0.9
qwen3_14b,english,participants,cls_def_exp,temp0.3_nodelim_norole_nocot,lusa_7,1,classification,the children's mother,Per,0.95
qwen3_14b,english,participants,cls_def_exp,temp0.3_nodelim_norole_nocot,lusa_7,1,classification,prosecutors,Per,0.9
qwen3_14b,english,participants,cls_def_exp,temp0.3_nodelim_norole_nocot,lusa_7,1,classification,northern Mexico,Pl_region,0.85
qwen3_14b,english,participants,sent_def_exp,temp0.3_nodelim_norole_nocot,lusa_7,2,detection,,yes,0.95
qwen3_14b,english,participants,ext_def_exp,temp0.3_nodelim_norole_nocot,lusa_7,2,extraction,The prosecutors' office,,0.9
qwen3_14b,english,participants,ext_def_exp,temp0.3_nodelim_norole_nocot,lusa_7,2,extraction,Sonora,,0.8
qwen3_14b,english,participants,ext_def_exp,temp0.3_nodelim_norole_nocot,lusa_7,2,extraction,the boys,,0.9
qwen3_14b,english,participants,cls_def_exp,temp0.3_nodelim_norole_nocot,lusa_7,2,classification,The prosecutors' office,Org,0.95
qwen3_14b,english,participants,cls_def_exp,temp0.3_nodelim_norole_nocot,lusa_7,2,classification,Sonora,Pl_state,0.9
qwen3_14b,english,participants,cls_def_exp,temp0.3_nodelim_norole_nocot,lusa_7,2,classification,the boys,Per,0.95
qwen3_14b,english,participants,sent_def_exp,temp0.3_nodelim_norole_nocot,lusa_7,3,detection,,yes,0.98
qwen3_14b,english,participants,ext_def_exp,temp0.3_nodelim_norole_nocot,lusa_7,3,extraction,The suspect,,1.0
qwen3_14b,english,participants,ext_def_exp,temp0.3_nodelim_norole_nocot,lusa_7,3,extraction,his father,,1.0
qwen3_14b,english,participants,ext_def_exp,temp0.3_nodelim_norole_nocot,lusa_7,3,extraction,the children's grandfather,,1.0
qwen3_14b,english,participants,ext_def_exp,temp0.3_nodelim_norole_nocot,lusa_7,3,extraction,the police,,1.0
qwen3_14b,english,participants,cls_def_exp,temp0.3_nodelim_norole_nocot,lusa_7,3,classification,The suspect,Per,0.95
qwen3_14b,english,participants,cls_def_exp,temp0.3_nodelim_norole_nocot,lusa_7,3,classification,his father,Per,0.95
qwen3_14b,english,participants,cls_def_exp,temp0.3_nodelim_norole_nocot,lusa_7,3,classification,the children's grandfather,Per,0.95
qwen3_14b,english,participants,cls_def_exp,temp0.3_nodelim_norole_nocot,lusa_7,3,classification,the police,Org,0.95
qwen3_14b,english,participants,sent_def_exp,temp0.3_nodelim_norole_nocot,lusa_7,4,detection,,yes,0.95
qwen3_14b,english,participants,ext_def_exp,temp0.3_nodelim_norole_nocot,lusa_7,4,extraction,The suspect,,0.9
qwen3_14b,english,participants,ext_def_exp,temp0.3_nodelim_norole_nocot,lusa_7,4,extraction,Sonora,,0.8
qwen3_14b,english,participants,ext_def_exp,temp0.3_nodelim_norole_nocot,lusa_7,4,extraction,Hidalgo,,0.8
qwen3_14b,english,participants,cls_def_exp,temp0.3_nodelim_norole_nocot,lusa_7,4,classification,The suspect,Per,0.95
qwen3_14b,english,participants,cls_def_exp,temp0.3_nodelim_norole_nocot,lusa_7,4,classification,Sonora,Pl_state,0.85
qwen3_14b,english,participants,cls_def_exp,temp0.3_nodelim_norole_nocot,lusa_7,4,classification,Hidalgo,Pl_state,0.85
qwen3_14b,english,participants,sent_def_exp,temp0.3_nodelim_norole_nocot,lusa_7,5,detection,,yes,1.0
qwen3_14b,english,participants,ext_def_exp,temp0.3_nodelim_norole_nocot,lusa_7,5,extraction,Prosecutors,,0.95
qwen3_14b,english,participants,ext_def_exp,temp0.3_nodelim_norole_nocot,lusa_7,5,extraction,the man,,0.9
qwen3_14b,english,participants,ext_def_exp,temp0.3_nodelim_norole_nocot,lusa_7,5,extraction,the children's mother,,0.9
qwen3_14b,english,participants,ext_def_exp,temp0.3_nodelim_norole_nocot,lusa_7,5,extraction,her children,,0.85
qwen3_14b,english,participants,cls_def_exp,temp0.3_nodelim_norole_nocot,lusa_7,5,classification,Prosecutors,Org,0.95
qwen3_14b,english,participants,cls_def_exp,temp0.3_nodelim_norole_nocot,lusa_7,5,classification,the man,Per,0.98
qwen3_14b,english,participants,cls_def_exp,temp0.3_nodelim_norole_nocot,lusa_7,5,classification,the children's mother,Per,0.99
qwen3_14b,english,participants,cls_def_exp,temp0.3_nodelim_norole_nocot,lusa_7,5,classification,her children,Per,0.97
qwen3_14b,english,participants,sent_def_exp,temp0.3_nodelim_norole_nocot,lusa_7,6,detection,,yes,0.95
qwen3_14b,english,participants,ext_def_exp,temp0.3_nodelim_norole_nocot,lusa_7,6,extraction,he,,0.7
qwen3_14b,english,participants,ext_def_exp,temp0.3_nodelim_norole_nocot,lusa_7,6,extraction,his wife,,0.8
qwen3_14b,english,participants,ext_def_exp,temp0.3_nodelim_norole_nocot,lusa_7,6,extraction,his children,,0.8
qwen3_14b,english,participants,ext_def_exp,temp0.3_nodelim_norole_nocot,lusa_7,6,extraction,the office,,0.7
qwen3_14b,english,participants,cls_def_exp,temp0.3_nodelim_norole_nocot,lusa_7,6,classification,he,Per,0.95
qwen3_14b,english,participants,cls_def_exp,temp0.3_nodelim_norole_nocot,lusa_7,6,classification,his wife,Per,0.9
qwen3_14b,english,participants,cls_def_exp,temp0.3_nodelim_norole_nocot,lusa_7,6,classification,his children,Per,0.95
qwen3_14b,english,participants,cls_def_exp,temp0.3_nodelim_norole_nocot,lusa_7,6,classification,the office,Org,0.85
qwen3_14b,english,participants,sent_def_exp,temp0.3_nodelim_norole_nocot,lusa_70,1,detection,,yes,0.95
qwen3_14b,english,participants,ext_def_exp,temp0.3_nodelim_norole_nocot,lusa_70,1,extraction,Judiciary Police (PJ),,0.95
qwen3_14b,english,participants,ext_def_exp,temp0.3_nodelim_norole_nocot,lusa_70,1,extraction,Penafiel man,,0.9
qwen3_14b,english,participants,ext_def_exp,temp0.3_nodelim_norole_nocot,lusa_70,1,extraction,his wife,,0.8
qwen3_14b,english,participants,ext_def_exp,temp0.3_nodelim_norole_nocot,lusa_70,1,extraction,Northern Directorate of that corporation,,0.7
qwen3_14b,english,participants,ext_def_exp,temp0.3_nodelim_norole_nocot,lusa_70,1,extraction,that corporation,,0.6
qwen3_14b,english,participants,cls_def_exp,temp0.3_nodelim_norole_nocot,lusa_70,1,classification,Judiciary Police (PJ),Org,0.95
qwen3_14b,english,participants,cls_def_exp,temp0.3_nodelim_norole_nocot,lusa_70,1,classification,Penafiel man,Per,0.9
qwen3_14b,english,participants,cls_def_exp,temp0.3_nodelim_norole_nocot,lusa_70,1,classification,his wife,Per,0.95
qwen3_14b,english,participants,cls_def_exp,temp0.3_nodelim_norole_nocot,lusa_70,1,classification,Northern Directorate of that corporation,Org,0.85
qwen3_14b,english,participants,cls_def_exp,temp0.3_nodelim_norole_nocot,lusa_70,1,classification,that corporation,Org,0.8
qwen3_14b,english,participants,sent_def_exp,temp0.3_nodelim_norole_nocot,lusa_70,2,detection,,yes,0.95
qwen3_14b,english,participants,ext_def_exp,temp0.3_nodelim_norole_nocot,lusa_70,2,extraction,the defendant,,1.0
qwen3_14b,english,participants,ext_def_exp,temp0.3_nodelim_norole_nocot,lusa_70,2,extraction,the victim,,1.0
qwen3_14b,english,participants,ext_def_exp,temp0.3_nodelim_norole_nocot,lusa_70,2,extraction,a bladed weapon,,0.8
qwen3_14b,english,participants,ext_def_exp,temp0.3_nodelim_norole_nocot,lusa_70,2,extraction,the PJ's Northern Directorate,,1.0
qwen3_14b,english,participants,cls_def_exp,temp0.3_nodelim_norole_nocot,lusa_70,2,classification,the defendant,Per,0.95
qwen3_14b,english,participants,cls_def_exp,temp0.3_nodelim_norole_nocot,lusa_70,2,classification,the victim,Per,0.95
qwen3_14b,english,participants,cls_def_exp,temp0.3_nodelim_norole_nocot,lusa_70,2,classification,a bladed weapon,Obj,0.95
qwen3_14b,english,participants,cls_def_exp,temp0.3_nodelim_norole_nocot,lusa_70,2,classification,the PJ's Northern Directorate,Org,0.95
qwen3_14b,english,participants,sent_def_exp,temp0.3_nodelim_norole_nocot,lusa_70,3,detection,,yes,0.95
qwen3_14b,english,participants,ext_def_exp,temp0.3_nodelim_norole_nocot,lusa_70,3,extraction,GNR,,0.95
qwen3_14b,english,participants,ext_def_exp,temp0.3_nodelim_norole_nocot,lusa_70,3,extraction,the alleged killer,,0.85
qwen3_14b,english,participants,ext_def_exp,temp0.3_nodelim_norole_nocot,lusa_70,3,extraction,the police force,,0.75
qwen3_14b,english,participants,cls_def_exp,temp0.3_nodelim_norole_nocot,lusa_70,3,classification,GNR,Org,0.95
qwen3_14b,english,participants,cls_def_exp,temp0.3_nodelim_norole_nocot,lusa_70,3,classification,the alleged killer,Per,0.9
qwen3_14b,english,participants,cls_def_exp,temp0.3_nodelim_norole_nocot,lusa_70,3,classification,the police force,Org,0.95
qwen3_14b,english,participants,sent_def_exp,temp0.3_nodelim_norole_nocot,lusa_70,4,detection,,no,0.75
qwen3_14b,english,participants,sent_def_exp,temp0.3_nodelim_norole_nocot,lusa_70,5,detection,,yes,0.95
qwen3_14b,english,participants,ext_def_exp,temp0.3_nodelim_norole_nocot,lusa_70,5,extraction,Emergency services,,0.95
qwen3_14b,english,participants,ext_def_exp,temp0.3_nodelim_norole_nocot,lusa_70,5,extraction,the 74-year-old victim,,0.9
qwen3_14b,english,participants,ext_def_exp,temp0.3_nodelim_norole_nocot,lusa_70,5,extraction,cardiorespiratory arrest,,0.8
qwen3_14b,english,participants,ext_def_exp,temp0.3_nodelim_norole_nocot,lusa_70,5,extraction,maneuvers,,0.7
qwen3_14b,english,participants,ext_def_exp,temp0.3_nodelim_norole_nocot,lusa_70,5,extraction,death,,0.8
qwen3_14b,english,participants,ext_def_exp,temp0.3_nodelim_norole_nocot,lusa_70,5,extraction,the scene,,0.7
qwen3_14b,english,participants,cls_def_exp,temp0.3_nodelim_norole_nocot,lusa_70,5,classification,Emergency services,Org,0.95
qwen3_14b,english,participants,cls_def_exp,temp0.3_nodelim_norole_nocot,lusa_70,5,classification,the 74-year-old victim,Per,0.9
qwen3_14b,english,participants,cls_def_exp,temp0.3_nodelim_norole_nocot,lusa_70,5,classification,cardiorespiratory arrest,Other,0.8
qwen3_14b,english,participants,cls_def_exp,temp0.3_nodelim_norole_nocot,lusa_70,5,classification,maneuvers,Other,0.6
qwen3_14b,english,participants,cls_def_exp,temp0.3_nodelim_norole_nocot,lusa_70,5,classification,death,Other,0.7
qwen3_14b,english,participants,cls_def_exp,temp0.3_nodelim_norole_nocot,lusa_70,5,classification,the scene,Loc,0.8
qwen3_14b,english,participants,sent_def_exp,temp0.3_nodelim_norole_nocot,lusa_70,6,detection,,yes,0.95
qwen3_14b,english,participants,ext_def_exp,temp0.3_nodelim_norole_nocot,lusa_70,6,extraction,The detainee,,0.9
qwen3_14b,english,participants,ext_def_exp,temp0.3_nodelim_norole_nocot,lusa_70,6,extraction,a construction worker,,0.8
qwen3_14b,english,participants,ext_def_exp,temp0.3_nodelim_norole_nocot,lusa_70,6,extraction,judicial authority,,0.9
qwen3_14b,english,participants,cls_def_exp,temp0.3_nodelim_norole_nocot,lusa_70,6,classification,The detainee,Per,0.95
qwen3_14b,english,participants,cls_def_exp,temp0.3_nodelim_norole_nocot,lusa_70,6,classification,a construction worker,Per,0.7
qwen3_14b,english,participants,cls_def_exp,temp0.3_nodelim_norole_nocot,lusa_70,6,classification,judicial authority,Org,0.95
qwen3_14b,english,participants,sent_def_exp,temp0.3_nodelim_norole_nocot,lusa_71,1,detection,,yes,0.95
qwen3_14b,english,participants,ext_def_exp,temp0.3_nodelim_norole_nocot,lusa_71,1,extraction,A man,,0.95
qwen3_14b,english,participants,ext_def_exp,temp0.3_nodelim_norole_nocot,lusa_71,1,extraction,the facilities of the Estádio da Luz,,0.9
qwen3_14b,english,participants,ext_def_exp,temp0.3_nodelim_norole_nocot,lusa_71,1,extraction,Lisbon,,0.8
qwen3_14b,english,participants,ext_def_exp,temp0.3_nodelim_norole_nocot,lusa_71,1,extraction,a car,,0.7
qwen3_14b,english,participants,ext_def_exp,temp0.3_nodelim_norole_nocot,lusa_71,1,extraction,a source,,0.5
qwen3_14b,english,participants,ext_def_exp,temp0.3_nodelim_norole_nocot,lusa_71,1,extraction,Lisbon Metropolitan Command,,0.9
qwen3_14b,english,participants,ext_def_exp,temp0.3_nodelim_norole_nocot,lusa_71,1,extraction,Cometlis,,0.9
qwen3_14b,english,participants,ext_def_exp,temp0.3_nodelim_norole_nocot,lusa_71,1,extraction,PSP,,0.9
qwen3_14b,english,participants,ext_def_exp,temp0.3_nodelim_norole_nocot,lusa_71,1,extraction,Lusa agency,,0.9
qwen3_14b,english,participants,cls_def_exp,temp0.3_nodelim_norole_nocot,lusa_71,1,classification,A man,Per,0.95
qwen3_14b,english,participants,cls_def_exp,temp0.3_nodelim_norole_nocot,lusa_71,1,classification,the facilities of the Estádio da Luz,Fac,0.9
qwen3_14b,english,participants,cls_def_exp,temp0.3_nodelim_norole_nocot,lusa_71,1,classification,Lisbon,Pl_capital,0.95
qwen3_14b,english,participants,cls_def_exp,temp0.3_nodelim_norole_nocot,lusa_71,1,classification,a car,Veh,0.9
qwen3_14b,english,participants,cls_def_exp,temp0.3_nodelim_norole_nocot,lusa_71,1,classification,a source,Per,0.85
qwen3_14b,english,participants,cls_def_exp,temp0.3_nodelim_norole_nocot,lusa_71,1,classification,Lisbon Metropolitan Command,Org,0.9
qwen3_14b,english,participants,cls_def_exp,temp0.3_nodelim_norole_nocot,lusa_71,1,classification,Cometlis,Org,0.95
qwen3_14b,english,participants,cls_def_exp,temp0.3_nodelim_norole_nocot,lusa_71,1,classification,PSP,Org,0.95
qwen3_14b,english,participants,cls_def_exp,temp0.3_nodelim_norole_nocot,lusa_71,1,classification,Lusa agency,Org,0.95
qwen3_14b,english,participants,sent_def_exp,temp0.3_nodelim_norole_nocot,lusa_71,2,detection,,yes,0.95
qwen3_14b,english,participants,ext_def_exp,temp0.3_nodelim_norole_nocot,lusa_71,2,extraction,police,,0.95
qwen3_14b,english,participants,ext_def_exp,temp0.3_nodelim_norole_nocot,lusa_71,2,extraction,a man,,0.9
qwen3_14b,english,participants,ext_def_exp,temp0.3_nodelim_norole_nocot,lusa_71,2,extraction,vehicle,,0.8
qwen3_14b,english,participants,ext_def_exp,temp0.3_nodelim_norole_nocot,lusa_71,2,extraction,Estádio da Luz,,0.95
qwen3_14b,english,participants,ext_def_exp,temp0.3_nodelim_norole_nocot,lusa_71,2,extraction,São Domingos de Benfica,,0.9
qwen3_14b,english,participants,cls_def_exp,temp0.3_nodelim_norole_nocot,lusa_71,2,classification,police,Org,0.95
qwen3_14b,english,participants,cls_def_exp,temp0.3_nodelim_norole_nocot,lusa_71,2,classification,a man,Per,0.9
qwen3_14b,english,participants,cls_def_exp,temp0.3_nodelim_norole_nocot,lusa_71,2,classification,vehicle,Veh,0.95
qwen3_14b,english,participants,cls_def_exp,temp0.3_nodelim_norole_nocot,lusa_71,2,classification,Estádio da Luz,Fac,0.9
qwen3_14b,english,participants,cls_def_exp,temp0.3_nodelim_norole_nocot,lusa_71,2,classification,São Domingos de Benfica,Pl_civil,0.9
qwen3_14b,english,participants,sent_def_exp,temp0.3_nodelim_norole_nocot,lusa_71,3,detection,,yes,0.95
qwen3_14b,english,participants,ext_def_exp,temp0.3_nodelim_norole_nocot,lusa_71,3,extraction,the driver,,0.9
qwen3_14b,english,participants,ext_def_exp,temp0.3_nodelim_norole_nocot,lusa_71,3,extraction,PSP,,0.8
qwen3_14b,english,participants,cls_def_exp,temp0.3_nodelim_norole_nocot,lusa_71,3,classification,the driver,Per,0.95
qwen3_14b,english,participants,cls_def_exp,temp0.3_nodelim_norole_nocot,lusa_71,3,classification,PSP,Org,0.95
qwen3_14b,english,participants,sent_def_exp,temp0.3_nodelim_norole_nocot,lusa_71,4,detection,,yes,0.95
qwen3_14b,english,participants,ext_def_exp,temp0.3_nodelim_norole_nocot,lusa_71,4,extraction,Rádio Renascença,,1.0
qwen3_14b,english,participants,ext_def_exp,temp0.3_nodelim_norole_nocot,lusa_71,4,extraction,the man,,1.0
qwen3_14b,english,participants,ext_def_exp,temp0.3_nodelim_norole_nocot,lusa_71,4,extraction,the car,,1.0
qwen3_14b,english,participants,ext_def_exp,temp0.3_nodelim_norole_nocot,lusa_71,4,extraction,the lawn,,1.0
qwen3_14b,english,participants,cls_def_exp,temp0.3_nodelim_norole_nocot,lusa_71,4,classification,Rádio Renascença,Org,0.95
qwen3_14b,english,participants,cls_def_exp,temp0.3_nodelim_norole_nocot,lusa_71,4,classification,the man,Per,0.9
qwen3_14b,english,participants,cls_def_exp,temp0.3_nodelim_norole_nocot,lusa_71,4,classification,the car,Obj,0.95
qwen3_14b,english,participants,cls_def_exp,temp0.3_nodelim_norole_nocot,lusa_71,4,classification,the lawn,Loc,0.75
qwen3_14b,english,participants,sent_def_exp,temp0.3_nodelim_norole_nocot,lusa_71,5,detection,,yes,0.95
qwen3_14b,english,participants,ext_def_exp,temp0.3_nodelim_norole_nocot,lusa_71,5,extraction,The police,,0.9
qwen3_14b,english,participants,ext_def_exp,temp0.3_nodelim_norole_nocot,lusa_71,5,extraction,the driver,,0.8
qwen3_14b,english,participants,ext_def_exp,temp0.3_nodelim_norole_nocot,lusa_71,5,extraction,Benfica stadium facilities,,0.7
qwen3_14b,english,participants,cls_def_exp,temp0.3_nodelim_norole_nocot,lusa_71,5,classification,The police,Org,0.95
qwen3_14b,english,participants,cls_def_exp,temp0.3_nodelim_norole_nocot,lusa_71,5,classification,the driver,Per,0.95
qwen3_14b,english,participants,cls_def_exp,temp0.3_nodelim_norole_nocot,lusa_71,5,classification,Benfica stadium facilities,Fac,0.95
qwen3_14b,english,participants,sent_def_exp,temp0.3_nodelim_norole_nocot,lusa_71,6,detection,,yes,0.95
qwen3_14b,english,participants,ext_def_exp,temp0.3_nodelim_norole_nocot,lusa_71,6,extraction,Cometlis,,0.9
qwen3_14b,english,participants,ext_def_exp,temp0.3_nodelim_norole_nocot,lusa_71,6,extraction,this man,,0.8
qwen3_14b,english,participants,cls_def_exp,temp0.3_nodelim_norole_nocot,lusa_71,6,classification,Cometlis,Org,0.95
qwen3_14b,english,participants,cls_def_exp,temp0.3_nodelim_norole_nocot,lusa_71,6,classification,this man,Per,0.95
qwen3_14b,english,participants,sent_def_exp,temp0.3_nodelim_norole_nocot,lusa_72,1,detection,,yes,0.95
qwen3_14b,english,participants,ext_def_exp,temp0.3_nodelim_norole_nocot,lusa_72,1,extraction,A 54-year-old man,,0.95
qwen3_14b,english,participants,ext_def_exp,temp0.3_nodelim_norole_nocot,lusa_72,1,extraction,GNR,,0.9
qwen3_14b,english,participants,ext_def_exp,temp0.3_nodelim_norole_nocot,lusa_72,1,extraction,a GNR source,,0.8
qwen3_14b,english,participants,ext_def_exp,temp0.3_nodelim_norole_nocot,lusa_72,1,extraction,Lusa agency,,0.9
qwen3_14b,english,participants,ext_def_exp,temp0.3_nodelim_norole_nocot,lusa_72,1,extraction,Fráguas,,0.75
qwen3_14b,english,participants,ext_def_exp,temp0.3_nodelim_norole_nocot,lusa_72,1,extraction,Tondela,,0.75
qwen3_14b,english,participants,ext_def_exp,temp0.3_nodelim_norole_nocot,lusa_72,1,extraction,the river,,0.7
qwen3_14b,english,participants,cls_def_exp,temp0.3_nodelim_norole_nocot,lusa_72,1,classification,A 54-year-old man,Per,0.95
qwen3_14b,english,participants,cls_def_exp,temp0.3_nodelim_norole_nocot,lusa_72,1,classification,GNR,Org,0.9
qwen3_14b,english,participants,cls_def_exp,temp0.3_nodelim_norole_nocot,lusa_72,1,classification,a GNR source,Per,0.85
qwen3_14b,english,participants,cls_def_exp,temp0.3_nodelim_norole_nocot,lusa_72,1,classification,Lusa agency,Org,0.95
qwen3_14b,english,participants,cls_def_exp,temp0.3_nodelim_norole_nocot,lusa_72,1,classification,Fráguas,Pl_civil,0.9
qwen3_14b,english,participants,cls_def_exp,temp0.3_nodelim_norole_nocot,lusa_72,1,classification,Tondela,Pl_civil,0.95
qwen3_14b,english,participants,cls_def_exp,temp0.3_nodelim_norole_nocot,lusa_72,1,classification,the river,Pl_water,0.9
qwen3_14b,english,participants,sent_def_exp,temp0.3_nodelim_norole_nocot,lusa_72,2,detection,,yes,0.95
qwen3_14b,english,participants,ext_def_exp,temp0.3_nodelim_norole_nocot,lusa_72,2,extraction,man,,0.95
qwen3_14b,english,participants,ext_def_exp,temp0.3_nodelim_norole_nocot,lusa_72,2,extraction,Viseu GNR Territorial Command,,0.95
qwen3_14b,english,participants,ext_def_exp,temp0.3_nodelim_norole_nocot,lusa_72,2,extraction,source,,0.85
qwen3_14b,english,participants,ext_def_exp,temp0.3_nodelim_norole_nocot,lusa_72,2,extraction,the river,,0.8
qwen3_14b,english,participants,ext_def_exp,temp0.3_nodelim_norole_nocot,lusa_72,2,extraction,the road,,0.8
qwen3_14b,english,participants,ext_def_exp,temp0.3_nodelim_norole_nocot,lusa_72,2,extraction,a fall of around two meters,,0.7
qwen3_14b,english,participants,cls_def_exp,temp0.3_nodelim_norole_nocot,lusa_72,2,classification,man,Per,0.95
qwen3_14b,english,participants,cls_def_exp,temp0.3_nodelim_norole_nocot,lusa_72,2,classification,Viseu GNR Territorial Command,Org,0.9
qwen3_14b,english,participants,cls_def_exp,temp0.3_nodelim_norole_nocot,lusa_72,2,classification,source,Per,0.85
qwen3_14b,english,participants,cls_def_exp,temp0.3_nodelim_norole_nocot,lusa_72,2,classification,the river,Pl_water,0.95
qwen3_14b,english,participants,cls_def_exp,temp0.3_nodelim_norole_nocot,lusa_72,2,classification,the road,Path,0.9
qwen3_14b,english,participants,cls_def_exp,temp0.3_nodelim_norole_nocot,lusa_72,2,classification,a fall of around two meters,Other,0.7
qwen3_14b,english,participants,sent_def_exp,temp0.3_nodelim_norole_nocot,lusa_72,3,detection,,no,0.7
qwen3_14b,english,participants,sent_def_exp,temp0.3_nodelim_norole_nocot,lusa_72,4,detection,,yes,0.75
qwen3_14b,english,participants,ext_def_exp,temp0.3_nodelim_norole_nocot,lusa_72,4,extraction,he,,0.6
qwen3_14b,english,participants,cls_def_exp,temp0.3_nodelim_norole_nocot,lusa_72,4,classification,he,Per,0.95
qwen3_14b,english,participants,sent_def_exp,temp0.3_nodelim_norole_nocot,lusa_72,5,detection,,yes,0.85
qwen3_14b,english,participants,ext_def_exp,temp0.3_nodelim_norole_nocot,lusa_72,5,extraction,the same source,,0.8
qwen3_14b,english,participants,ext_def_exp,temp0.3_nodelim_norole_nocot,lusa_72,5,extraction,National Institute of Legal Medicine,,0.95
qwen3_14b,english,participants,ext_def_exp,temp0.3_nodelim_norole_nocot,lusa_72,5,extraction,the body,,0.7
qwen3_14b,english,participants,cls_def_exp,temp0.3_nodelim_norole_nocot,lusa_72,5,classification,the same source,Per,0.7
qwen3_14b,english,participants,cls_def_exp,temp0.3_nodelim_norole_nocot,lusa_72,5,classification,National Institute of Legal Medicine,Org,0.95
qwen3_14b,english,participants,cls_def_exp,temp0.3_nodelim_norole_nocot,lusa_72,5,classification,the body,Nat,0.9
qwen3_14b,english,participants,sent_def_exp,temp0.3_nodelim_norole_nocot,lusa_72,6,detection,,yes,0.95
qwen3_14b,english,participants,ext_def_exp,temp0.3_nodelim_norole_nocot,lusa_72,6,extraction,Viseu District Relief Operations Command,,0.95
qwen3_14b,english,participants,ext_def_exp,temp0.3_nodelim_norole_nocot,lusa_72,6,extraction,operatives,,0.8
qwen3_14b,english,participants,ext_def_exp,temp0.3_nodelim_norole_nocot,lusa_72,6,extraction,vehicles,,0.75
qwen3_14b,english,participants,cls_def_exp,temp0.3_nodelim_norole_nocot,lusa_72,6,classification,Viseu District Relief Operations Command,Org,0.95
qwen3_14b,english,participants,cls_def_exp,temp0.3_nodelim_norole_nocot,lusa_72,6,classification,operatives,Per,0.9
qwen3_14b,english,participants,cls_def_exp,temp0.3_nodelim_norole_nocot,lusa_72,6,classification,vehicles,Veh,0.95
qwen3_14b,english,participants,sent_def_exp,temp0.3_nodelim_norole_nocot,lusa_73,1,detection,,yes,0.95
qwen3_14b,english,participants,ext_def_exp,temp0.3_nodelim_norole_nocot,lusa_73,1,extraction,A 60-year-old man,,1.0
qwen3_14b,english,participants,ext_def_exp,temp0.3_nodelim_norole_nocot,lusa_73,1,extraction,man,,0.9
qwen3_14b,english,participants,ext_def_exp,temp0.3_nodelim_norole_nocot,lusa_73,1,extraction,scaffold,,0.8
qwen3_14b,english,participants,ext_def_exp,temp0.3_nodelim_norole_nocot,lusa_73,1,extraction,construction site,,0.7
qwen3_14b,english,participants,ext_def_exp,temp0.3_nodelim_norole_nocot,lusa_73,1,extraction,Ponte de Lima,,0.8
qwen3_14b,english,participants,ext_def_exp,temp0.3_nodelim_norole_nocot,lusa_73,1,extraction,local fire commander,,1.0
qwen3_14b,english,participants,cls_def_exp,temp0.3_nodelim_norole_nocot,lusa_73,1,classification,A 60-year-old man,Per,0.95
qwen3_14b,english,participants,cls_def_exp,temp0.3_nodelim_norole_nocot,lusa_73,1,classification,man,Per,0.9
qwen3_14b,english,participants,cls_def_exp,temp0.3_nodelim_norole_nocot,lusa_73,1,classification,scaffold,Obj,0.95
qwen3_14b,english,participants,cls_def_exp,temp0.3_nodelim_norole_nocot,lusa_73,1,classification,construction site,Loc,0.8
qwen3_14b,english,participants,cls_def_exp,temp0.3_nodelim_norole_nocot,lusa_73,1,classification,Ponte de Lima,Pl_civil,0.95
qwen3_14b,english,participants,cls_def_exp,temp0.3_nodelim_norole_nocot,lusa_73,1,classification,local fire commander,Per,0.9
qwen3_14b,english,participants,sent_def_exp,temp0.3_nodelim_norole_nocot,lusa_73,2,detection,,yes,0.95
qwen3_14b,english,participants,ext_def_exp,temp0.3_nodelim_norole_nocot,lusa_73,2,extraction,Lusa agency,,0.95
qwen3_14b,english,participants,ext_def_exp,temp0.3_nodelim_norole_nocot,lusa_73,2,extraction,Carlos Lima,,0.99
qwen3_14b,english,participants,ext_def_exp,temp0.3_nodelim_norole_nocot,lusa_73,2,extraction,the man,,0.8
qwen3_14b,english,participants,ext_def_exp,temp0.3_nodelim_norole_nocot,lusa_73,2,extraction,Immediate Life Support (SIV) ambulance,,0.9
qwen3_14b,english,participants,ext_def_exp,temp0.3_nodelim_norole_nocot,lusa_73,2,extraction,the hospital,,0.9
qwen3_14b,english,participants,ext_def_exp,temp0.3_nodelim_norole_nocot,lusa_73,2,extraction,Braga,,0.8
qwen3_14b,english,participants,cls_def_exp,temp0.3_nodelim_norole_nocot,lusa_73,2,classification,Lusa agency,Org,1.0
qwen3_14b,english,participants,cls_def_exp,temp0.3_nodelim_norole_nocot,lusa_73,2,classification,Carlos Lima,Per,1.0
qwen3_14b,english,participants,cls_def_exp,temp0.3_nodelim_norole_nocot,lusa_73,2,classification,the man,Per,1.0
qwen3_14b,english,participants,cls_def_exp,temp0.3_nodelim_norole_nocot,lusa_73,2,classification,Immediate Life Support (SIV) ambulance,Veh,1.0
qwen3_14b,english,participants,cls_def_exp,temp0.3_nodelim_norole_nocot,lusa_73,2,classification,the hospital,Fac,1.0
qwen3_14b,english,participants,cls_def_exp,temp0.3_nodelim_norole_nocot,lusa_73,2,classification,Braga,Pl_civil,1.0
qwen3_14b,english,participants,sent_def_exp,temp0.3_nodelim_norole_nocot,lusa_73,3,detection,,yes,0.95
qwen3_14b,english,participants,ext_def_exp,temp0.3_nodelim_norole_nocot,lusa_73,3,extraction,Fire Commander of Ponte de Lima,,0.95
qwen3_14b,english,participants,ext_def_exp,temp0.3_nodelim_norole_nocot,lusa_73,3,extraction,Ponte de Lima,,0.8
qwen3_14b,english,participants,ext_def_exp,temp0.3_nodelim_norole_nocot,lusa_73,3,extraction,district of Viana do Castelo,,0.7
qwen3_14b,english,participants,ext_def_exp,temp0.3_nodelim_norole_nocot,lusa_73,3,extraction,construction site,,0.9
qwen3_14b,english,participants,ext_def_exp,temp0.3_nodelim_norole_nocot,lusa_73,3,extraction,parish of Ribeira,,0.9
qwen3_14b,english,participants,cls_def_exp,temp0.3_nodelim_norole_nocot,lusa_73,3,classification,Fire Commander of Ponte de Lima,Per,0.95
qwen3_14b,english,participants,cls_def_exp,temp0.3_nodelim_norole_nocot,lusa_73,3,classification,Ponte de Lima,Pl_civil,0.9
qwen3_14b,english,participants,cls_def_exp,temp0.3_nodelim_norole_nocot,lusa_73,3,classification,district of Viana do Castelo,Pl_state,0.95
qwen3_14b,english,participants,cls_def_exp,temp0.3_nodelim_norole_nocot,lusa_73,3,classification,construction site,Fac,0.85
qwen3_14b,english,participants,cls_def_exp,temp0.3_nodelim_norole_nocot,lusa_73,3,classification,parish of Ribeira,Pl_civil,0.9
qwen3_14b,english,participants,sent_def_exp,temp0.3_nodelim_norole_nocot,lusa_73,4,detection,,yes,0.95
qwen3_14b,english,participants,ext_def_exp,temp0.3_nodelim_norole_nocot,lusa_73,4,extraction,Lusa,,0.95
qwen3_14b,english,participants,ext_def_exp,temp0.3_nodelim_norole_nocot,lusa_73,4,extraction,source,,0.85
qwen3_14b,english,participants,ext_def_exp,temp0.3_nodelim_norole_nocot,lusa_73,4,extraction,District Relief Operations Command (CDOS),,0.9
qwen3_14b,english,participants,cls_def_exp,temp0.3_nodelim_norole_nocot,lusa_73,4,classification,Lusa,Org,0.95
qwen3_14b,english,participants,cls_def_exp,temp0.3_nodelim_norole_nocot,lusa_73,4,classification,source,Per,0.85
qwen3_14b,english,participants,cls_def_exp,temp0.3_nodelim_norole_nocot,lusa_73,4,classification,District Relief Operations Command (CDOS),Org,0.95
qwen3_14b,english,participants,sent_def_exp,temp0.3_nodelim_norole_nocot,lusa_73,5,detection,,yes,0.95
qwen3_14b,english,participants,ext_def_exp,temp0.3_nodelim_norole_nocot,lusa_73,5,extraction,the SIV,,0.95
qwen3_14b,english,participants,ext_def_exp,temp0.3_nodelim_norole_nocot,lusa_73,5,extraction,two operatives,,0.9
qwen3_14b,english,participants,ext_def_exp,temp0.3_nodelim_norole_nocot,lusa_73,5,extraction,a fire engine,,0.9
qwen3_14b,english,participants,ext_def_exp,temp0.3_nodelim_norole_nocot,lusa_73,5,extraction,the Viana do Castelo Emergency Medical Vehicle (VMER),,0.95
qwen3_14b,english,participants,ext_def_exp,temp0.3_nodelim_norole_nocot,lusa_73,5,extraction,the GNR,,0.95
qwen3_14b,english,participants,cls_def_exp,temp0.3_nodelim_norole_nocot,lusa_73,5,classification,the SIV,Veh,0.8
qwen3_14b,english,participants,cls_def_exp,temp0.3_nodelim_norole_nocot,lusa_73,5,classification,two operatives,Per,1.0
qwen3_14b,english,participants,cls_def_exp,temp0.3_nodelim_norole_nocot,lusa_73,5,classification,a fire engine,Veh,1.0
qwen3_14b,english,participants,cls_def_exp,temp0.3_nodelim_norole_nocot,lusa_73,5,classification,the Viana do Castelo Emergency Medical Vehicle (VMER),Veh,1.0
qwen3_14b,english,participants,cls_def_exp,temp0.3_nodelim_norole_nocot,lusa_73,5,classification,the GNR,Org,1.0
qwen3_14b,english,participants,sent_def_exp,temp0.3_nodelim_norole_nocot,lusa_74,1,detection,,yes,0.95
qwen3_14b,english,participants,ext_def_exp,temp0.3_nodelim_norole_nocot,lusa_74,1,extraction,A 33-year-old man,,0.95
qwen3_14b,english,participants,ext_def_exp,temp0.3_nodelim_norole_nocot,lusa_74,1,extraction,his 57-year-old mother,,0.9
qwen3_14b,english,participants,ext_def_exp,temp0.3_nodelim_norole_nocot,lusa_74,1,extraction,Valongo,,0.9
qwen3_14b,english,participants,ext_def_exp,temp0.3_nodelim_norole_nocot,lusa_74,1,extraction,Porto's GNR,,0.95
qwen3_14b,english,participants,ext_def_exp,temp0.3_nodelim_norole_nocot,lusa_74,1,extraction,Porto,,0.85
qwen3_14b,english,participants,cls_def_exp,temp0.3_nodelim_norole_nocot,lusa_74,1,classification,A 33-year-old man,Per,0.95
qwen3_14b,english,participants,cls_def_exp,temp0.3_nodelim_norole_nocot,lusa_74,1,classification,his 57-year-old mother,Per,0.95
qwen3_14b,english,participants,cls_def_exp,temp0.3_nodelim_norole_nocot,lusa_74,1,classification,Valongo,Pl_civil,0.9
qwen3_14b,english,participants,cls_def_exp,temp0.3_nodelim_norole_nocot,lusa_74,1,classification,Porto's GNR,Org,0.95
qwen3_14b,english,participants,cls_def_exp,temp0.3_nodelim_norole_nocot,lusa_74,1,classification,Porto,Pl_civil,0.9
qwen3_14b,english,participants,sent_def_exp,temp0.3_nodelim_norole_nocot,lusa_74,2,detection,,yes,0.95
qwen3_14b,english,participants,ext_def_exp,temp0.3_nodelim_norole_nocot,lusa_74,2,extraction,police force,,0.9
qwen3_14b,english,participants,ext_def_exp,temp0.3_nodelim_norole_nocot,lusa_74,2,extraction,person arrested,,0.8
qwen3_14b,english,participants,ext_def_exp,temp0.3_nodelim_norole_nocot,lusa_74,2,extraction,criminal record,,0.6
qwen3_14b,english,participants,cls_def_exp,temp0.3_nodelim_norole_nocot,lusa_74,2,classification,police force,Org,0.95
qwen3_14b,english,participants,cls_def_exp,temp0.3_nodelim_norole_nocot,lusa_74,2,classification,person arrested,Per,0.95
qwen3_14b,english,participants,cls_def_exp,temp0.3_nodelim_norole_nocot,lusa_74,2,classification,criminal record,Other,0.8
qwen3_14b,english,participants,sent_def_exp,temp0.3_nodelim_norole_nocot,lusa_74,3,detection,,no,1.0
qwen3_14b,english,participants,sent_def_exp,temp0.3_nodelim_norole_nocot,lusa_74,4,detection,,yes,0.95
qwen3_14b,english,participants,ext_def_exp,temp0.3_nodelim_norole_nocot,lusa_74,4,extraction,the military,,0.95
qwen3_14b,english,participants,ext_def_exp,temp0.3_nodelim_norole_nocot,lusa_74,4,extraction,the man,,0.95
qwen3_14b,english,participants,ext_def_exp,temp0.3_nodelim_norole_nocot,lusa_74,4,extraction,his mother,,0.95
qwen3_14b,english,participants,cls_def_exp,temp0.3_nodelim_norole_nocot,lusa_74,4,classification,the military,Org,0.95
qwen3_14b,english,participants,cls_def_exp,temp0.3_nodelim_norole_nocot,lusa_74,4,classification,the man,Per,1.0
qwen3_14b,english,participants,cls_def_exp,temp0.3_nodelim_norole_nocot,lusa_74,4,classification,his mother,Per,1.0
qwen3_14b,english,participants,sent_def_exp,temp0.3_nodelim_norole_nocot,lusa_74,5,detection,,yes,0.95
qwen3_14b,english,participants,ext_def_exp,temp0.3_nodelim_norole_nocot,lusa_74,5,extraction,GNR,,0.95
qwen3_14b,english,participants,ext_def_exp,temp0.3_nodelim_norole_nocot,lusa_74,5,extraction,defendant,,0.9
qwen3_14b,english,participants,ext_def_exp,temp0.3_nodelim_norole_nocot,lusa_74,5,extraction,his mother,,0.9
qwen3_14b,english,participants,ext_def_exp,temp0.3_nodelim_norole_nocot,lusa_74,5,extraction,property,,0.8
qwen3_14b,english,participants,ext_def_exp,temp0.3_nodelim_norole_nocot,lusa_74,5,extraction,residence,,0.8
qwen3_14b,english,participants,ext_def_exp,temp0.3_nodelim_norole_nocot,lusa_74,5,extraction,arrest warrant,,0.7
qwen3_14b,english,participants,cls_def_exp,temp0.3_nodelim_norole_nocot,lusa_74,5,classification,GNR,Org,1.0
qwen3_14b,english,participants,cls_def_exp,temp0.3_nodelim_norole_nocot,lusa_74,5,classification,defendant,Per,1.0
qwen3_14b,english,participants,cls_def_exp,temp0.3_nodelim_norole_nocot,lusa_74,5,classification,his mother,Per,1.0
qwen3_14b,english,participants,cls_def_exp,temp0.3_nodelim_norole_nocot,lusa_74,5,classification,property,Obj,1.0
qwen3_14b,english,participants,cls_def_exp,temp0.3_nodelim_norole_nocot,lusa_74,5,classification,residence,Fac,0.8
qwen3_14b,english,participants,cls_def_exp,temp0.3_nodelim_norole_nocot,lusa_74,5,classification,arrest warrant,Obj,1.0
qwen3_14b,english,participants,sent_def_exp,temp0.3_nodelim_norole_nocot,lusa_75,1,detection,,yes,0.95
qwen3_14b,english,participants,ext_def_exp,temp0.3_nodelim_norole_nocot,lusa_75,1,extraction,A 61-year-old man,,1.0
qwen3_14b,english,participants,ext_def_exp,temp0.3_nodelim_norole_nocot,lusa_75,1,extraction,Carreiras,,1.0
qwen3_14b,english,participants,ext_def_exp,temp0.3_nodelim_norole_nocot,lusa_75,1,extraction,Portalegre,,1.0
qwen3_14b,english,participants,ext_def_exp,temp0.3_nodelim_norole_nocot,lusa_75,1,extraction,GNR,,1.0
qwen3_14b,english,participants,ext_def_exp,temp0.3_nodelim_norole_nocot,lusa_75,1,extraction,a GNR source,,1.0
qwen3_14b,english,participants,ext_def_exp,temp0.3_nodelim_norole_nocot,lusa_75,1,extraction,Lusa.,,1.0
qwen3_14b,english,participants,ext_def_exp,temp0.3_nodelim_norole_nocot,lusa_75,1,extraction,his car,,0.9
qwen3_14b,english,participants,ext_def_exp,temp0.3_nodelim_norole_nocot,lusa_75,1,extraction,the municipality of Portalegre,,0.8
qwen3_14b,english,participants,cls_def_exp,temp0.3_nodelim_norole_nocot,lusa_75,1,classification,A 61-year-old man,Per,0.95
qwen3_14b,english,participants,cls_def_exp,temp0.3_nodelim_norole_nocot,lusa_75,1,classification,Carreiras,Pl_civil,0.8
qwen3_14b,english,participants,cls_def_exp,temp0.3_nodelim_norole_nocot,lusa_75,1,classification,Portalegre,Pl_civil,0.9
qwen3_14b,english,participants,cls_def_exp,temp0.3_nodelim_norole_nocot,lusa_75,1,classification,GNR,Org,0.95
qwen3_14b,english,participants,cls_def_exp,temp0.3_nodelim_norole_nocot,lusa_75,1,classification,a GNR source,Per,0.8
qwen3_14b,english,participants,cls_def_exp,temp0.3_nodelim_norole_nocot,lusa_75,1,classification,Lusa.,Org,0.95
qwen3_14b,english,participants,cls_def_exp,temp0.3_nodelim_norole_nocot,lusa_75,1,classification,his car,Obj,0.95
qwen3_14b,english,participants,cls_def_exp,temp0.3_nodelim_norole_nocot,lusa_75,1,classification,the municipality of Portalegre,Pl_civil,0.95
qwen3_14b,english,participants,sent_def_exp,temp0.3_nodelim_norole_nocot,lusa_75,2,detection,,yes,0.95
qwen3_14b,english,participants,ext_def_exp,temp0.3_nodelim_norole_nocot,lusa_75,2,extraction,the same source,,0.9
qwen3_14b,english,participants,ext_def_exp,temp0.3_nodelim_norole_nocot,lusa_75,2,extraction,GNR,,0.9
qwen3_14b,english,participants,ext_def_exp,temp0.3_nodelim_norole_nocot,lusa_75,2,extraction,the man,,0.9
qwen3_14b,english,participants,ext_def_exp,temp0.3_nodelim_norole_nocot,lusa_75,2,extraction,members of the public,,0.9
qwen3_14b,english,participants,ext_def_exp,temp0.3_nodelim_norole_nocot,lusa_75,2,extraction,his vehicle,,0.7
qwen3_14b,english,participants,cls_def_exp,temp0.3_nodelim_norole_nocot,lusa_75,2,classification,the same source,Per,0.9
qwen3_14b,english,participants,cls_def_exp,temp0.3_nodelim_norole_nocot,lusa_75,2,classification,GNR,Org,0.95
qwen3_14b,english,participants,cls_def_exp,temp0.3_nodelim_norole_nocot,lusa_75,2,classification,the man,Per,0.95
qwen3_14b,english,participants,cls_def_exp,temp0.3_nodelim_norole_nocot,lusa_75,2,classification,members of the public,Per,0.85
qwen3_14b,english,participants,cls_def_exp,temp0.3_nodelim_norole_nocot,lusa_75,2,classification,his vehicle,Veh,0.9
qwen3_14b,english,participants,sent_def_exp,temp0.3_nodelim_norole_nocot,lusa_75,3,detection,,yes,0.95
qwen3_14b,english,participants,ext_def_exp,temp0.3_nodelim_norole_nocot,lusa_75,3,extraction,GNR soldiers,,0.95
qwen3_14b,english,participants,ext_def_exp,temp0.3_nodelim_norole_nocot,lusa_75,3,extraction,the man,,0.8
qwen3_14b,english,participants,ext_def_exp,temp0.3_nodelim_norole_nocot,lusa_75,3,extraction,Judiciary Police,,0.95
qwen3_14b,english,participants,ext_def_exp,temp0.3_nodelim_norole_nocot,lusa_75,3,extraction,the security force source,,0.9
qwen3_14b,english,participants,cls_def_exp,temp0.3_nodelim_norole_nocot,lusa_75,3,classification,GNR soldiers,Org,0.8
qwen3_14b,english,participants,cls_def_exp,temp0.3_nodelim_norole_nocot,lusa_75,3,classification,the man,Per,1.0
qwen3_14b,english,participants,cls_def_exp,temp0.3_nodelim_norole_nocot,lusa_75,3,classification,Judiciary Police,Org,0.9
qwen3_14b,english,participants,cls_def_exp,temp0.3_nodelim_norole_nocot,lusa_75,3,classification,the security force source,Per,0.95
qwen3_14b,english,participants,sent_def_exp,temp0.3_nodelim_norole_nocot,lusa_75,4,detection,,yes,0.95
qwen3_14b,english,participants,ext_def_exp,temp0.3_nodelim_norole_nocot,lusa_75,4,extraction,the man,,0.95
qwen3_14b,english,participants,ext_def_exp,temp0.3_nodelim_norole_nocot,lusa_75,4,extraction,guard source,,0.8
qwen3_14b,english,participants,ext_def_exp,temp0.3_nodelim_norole_nocot,lusa_75,4,extraction,Carreiras,,0.9
qwen3_14b,english,participants,ext_def_exp,temp0.3_nodelim_norole_nocot,lusa_75,4,extraction,the location,,0.7
qwen3_14b,english,participants,cls_def_exp,temp0.3_nodelim_norole_nocot,lusa_75,4,classification,the man,Per,0.95
qwen3_14b,english,participants,cls_def_exp,temp0.3_nodelim_norole_nocot,lusa_75,4,classification,guard source,Per,0.85
qwen3_14b,english,participants,cls_def_exp,temp0.3_nodelim_norole_nocot,lusa_75,4,classification,Carreiras,Pl_civil,0.8
qwen3_14b,english,participants,cls_def_exp,temp0.3_nodelim_norole_nocot,lusa_75,4,classification,the location,Loc,0.7
qwen3_14b,english,participants,sent_def_exp,temp0.3_nodelim_norole_nocot,lusa_75,5,detection,,yes,0.95
qwen3_14b,english,participants,ext_def_exp,temp0.3_nodelim_norole_nocot,lusa_75,5,extraction,a source,,0.7
qwen3_14b,english,participants,ext_def_exp,temp0.3_nodelim_norole_nocot,lusa_75,5,extraction,District Relief Operations Command (CDOS),,0.9
qwen3_14b,english,participants,ext_def_exp,temp0.3_nodelim_norole_nocot,lusa_75,5,extraction,Portalegre,,0.8
qwen3_14b,english,participants,ext_def_exp,temp0.3_nodelim_norole_nocot,lusa_75,5,extraction,the body,,0.6
qwen3_14b,english,participants,ext_def_exp,temp0.3_nodelim_norole_nocot,lusa_75,5,extraction,Forensic Medicine service,,0.8
qwen3_14b,english,participants,ext_def_exp,temp0.3_nodelim_norole_nocot,lusa_75,5,extraction,Portalegre hospital,,0.8
qwen3_14b,english,participants,cls_def_exp,temp0.3_nodelim_norole_nocot,lusa_75,5,classification,a source,Per,0.95
qwen3_14b,english,participants,cls_def_exp,temp0.3_nodelim_norole_nocot,lusa_75,5,classification,District Relief Operations Command (CDOS),Org,0.9
qwen3_14b,english,participants,cls_def_exp,temp0.3_nodelim_norole_nocot,lusa_75,5,classification,Portalegre,Pl_civil,0.8
qwen3_14b,english,participants,cls_def_exp,temp0.3_nodelim_norole_nocot,lusa_75,5,classification,the body,Obj,0.95
qwen3_14b,english,participants,cls_def_exp,temp0.3_nodelim_norole_nocot,lusa_75,5,classification,Forensic Medicine service,Fac,0.75
qwen3_14b,english,participants,cls_def_exp,temp0.3_nodelim_norole_nocot,lusa_75,5,classification,Portalegre hospital,Fac,0.95
qwen3_14b,english,participants,sent_def_exp,temp0.3_nodelim_norole_nocot,lusa_76,1,detection,,yes,0.95
qwen3_14b,english,participants,ext_def_exp,temp0.3_nodelim_norole_nocot,lusa_76,1,extraction,A White House official,,0.9
qwen3_14b,english,participants,ext_def_exp,temp0.3_nodelim_norole_nocot,lusa_76,1,extraction,White House,,0.8
qwen3_14b,english,participants,ext_def_exp,temp0.3_nodelim_norole_nocot,lusa_76,1,extraction,Syria,,0.9
qwen3_14b,english,participants,ext_def_exp,temp0.3_nodelim_norole_nocot,lusa_76,1,extraction,the country,,0.7
qwen3_14b,english,participants,ext_def_exp,temp0.3_nodelim_norole_nocot,lusa_76,1,extraction,two US citizens,,0.8
qwen3_14b,english,participants,ext_def_exp,temp0.3_nodelim_norole_nocot,lusa_76,1,extraction,US citizens,,0.7
qwen3_14b,english,participants,cls_def_exp,temp0.3_nodelim_norole_nocot,lusa_76,1,classification,A White House official,Per,0.95
qwen3_14b,english,participants,cls_def_exp,temp0.3_nodelim_norole_nocot,lusa_76,1,classification,White House,Org,0.9
qwen3_14b,english,participants,cls_def_exp,temp0.3_nodelim_norole_nocot,lusa_76,1,classification,Syria,Pl_country,0.95
qwen3_14b,english,participants,cls_def_exp,temp0.3_nodelim_norole_nocot,lusa_76,1,classification,the country,Pl_country,0.9
qwen3_14b,english,participants,cls_def_exp,temp0.3_nodelim_norole_nocot,lusa_76,1,classification,two US citizens,Per,0.95
qwen3_14b,english,participants,cls_def_exp,temp0.3_nodelim_norole_nocot,lusa_76,1,classification,US citizens,Per,0.8
qwen3_14b,english,participants,sent_def_exp,temp0.3_nodelim_norole_nocot,lusa_76,2,detection,,yes,0.95
qwen3_14b,english,participants,ext_def_exp,temp0.3_nodelim_norole_nocot,lusa_76,2,extraction,Wall Street Journal,,1.0
qwen3_14b,english,participants,ext_def_exp,temp0.3_nodelim_norole_nocot,lusa_76,2,extraction,Associated Press,,1.0
qwen3_14b,english,participants,ext_def_exp,temp0.3_nodelim_norole_nocot,lusa_76,2,extraction,AP,,1.0
qwen3_14b,english,participants,cls_def_exp,temp0.3_nodelim_norole_nocot,lusa_76,2,classification,Wall Street Journal,Org,0.95
qwen3_14b,english,participants,cls_def_exp,temp0.3_nodelim_norole_nocot,lusa_76,2,classification,Associated Press,Org,0.95
qwen3_14b,english,participants,cls_def_exp,temp0.3_nodelim_norole_nocot,lusa_76,2,classification,AP,Org,0.9
qwen3_14b,english,participants,sent_def_exp,temp0.3_nodelim_norole_nocot,lusa_76,3,detection,,yes,0.95
qwen3_14b,english,participants,ext_def_exp,temp0.3_nodelim_norole_nocot,lusa_76,3,extraction,the AP,,0.95
qwen3_14b,english,participants,ext_def_exp,temp0.3_nodelim_norole_nocot,lusa_76,3,extraction,Donald Trump,,0.98
qwen3_14b,english,participants,ext_def_exp,temp0.3_nodelim_norole_nocot,lusa_76,3,extraction,Kash Patel,,0.98
qwen3_14b,english,participants,ext_def_exp,temp0.3_nodelim_norole_nocot,lusa_76,3,extraction,Syria,,0.9
qwen3_14b,english,participants,ext_def_exp,temp0.3_nodelim_norole_nocot,lusa_76,3,extraction,those two citizens,,0.7
qwen3_14b,english,participants,ext_def_exp,temp0.3_nodelim_norole_nocot,lusa_76,3,extraction,Austin Tice,,0.98
qwen3_14b,english,participants,cls_def_exp,temp0.3_nodelim_norole_nocot,lusa_76,3,classification,the AP,Org,0.95
qwen3_14b,english,participants,cls_def_exp,temp0.3_nodelim_norole_nocot,lusa_76,3,classification,Donald Trump,Per,1.0
qwen3_14b,english,participants,cls_def_exp,temp0.3_nodelim_norole_nocot,lusa_76,3,classification,Kash Patel,Per,1.0
qwen3_14b,english,participants,cls_def_exp,temp0.3_nodelim_norole_nocot,lusa_76,3,classification,Syria,Pl_country,1.0
qwen3_14b,english,participants,cls_def_exp,temp0.3_nodelim_norole_nocot,lusa_76,3,classification,those two citizens,Per,0.9
qwen3_14b,english,participants,cls_def_exp,temp0.3_nodelim_norole_nocot,lusa_76,3,classification,Austin Tice,Per,1.0
qwen3_14b,english,participants,sent_def_exp,temp0.3_nodelim_norole_nocot,lusa_76,4,detection,,yes,0.95
qwen3_14b,english,participants,ext_def_exp,temp0.3_nodelim_norole_nocot,lusa_76,4,extraction,Syria,,0.95
qwen3_14b,english,participants,ext_def_exp,temp0.3_nodelim_norole_nocot,lusa_76,4,extraction,high-level US official,,0.85
qwen3_14b,english,participants,ext_def_exp,temp0.3_nodelim_norole_nocot,lusa_76,4,extraction,US,,0.9
qwen3_14b,english,participants,cls_def_exp,temp0.3_nodelim_norole_nocot,lusa_76,4,classification,Syria,Pl_country,0.95
qwen3_14b,english,participants,cls_def_exp,temp0.3_nodelim_norole_nocot,lusa_76,4,classification,high-level US official,Per,0.9
qwen3_14b,english,participants,cls_def_exp,temp0.3_nodelim_norole_nocot,lusa_76,4,classification,US,Pl_country,0.95
qwen3_14b,english,participants,sent_def_exp,temp0.3_nodelim_norole_nocot,lusa_76,5,detection,,yes,0.95
qwen3_14b,english,participants,ext_def_exp,temp0.3_nodelim_norole_nocot,lusa_76,5,extraction,Tice,,0.95
qwen3_14b,english,participants,ext_def_exp,temp0.3_nodelim_norole_nocot,lusa_76,5,extraction,a Texas journalist,,0.85
qwen3_14b,english,participants,ext_def_exp,temp0.3_nodelim_norole_nocot,lusa_76,5,extraction,Trump,,0.9
qwen3_14b,english,participants,cls_def_exp,temp0.3_nodelim_norole_nocot,lusa_76,5,classification,Tice,Per,0.95
qwen3_14b,english,participants,cls_def_exp,temp0.3_nodelim_norole_nocot,lusa_76,5,classification,a Texas journalist,Per,0.85
qwen3_14b,english,participants,cls_def_exp,temp0.3_nodelim_norole_nocot,lusa_76,5,classification,Trump,Per,0.95
qwen3_14b,english,participants,sent_def_exp,temp0.3_nodelim_norole_nocot,lusa_76,6,detection,,yes,0.95
qwen3_14b,english,participants,ext_def_exp,temp0.3_nodelim_norole_nocot,lusa_76,6,extraction,Majd Kamalmaz,,1.0
qwen3_14b,english,participants,ext_def_exp,temp0.3_nodelim_norole_nocot,lusa_76,6,extraction,the State of Virginia,,0.9
qwen3_14b,english,participants,cls_def_exp,temp0.3_nodelim_norole_nocot,lusa_76,6,classification,Majd Kamalmaz,Per,1.0
qwen3_14b,english,participants,cls_def_exp,temp0.3_nodelim_norole_nocot,lusa_76,6,classification,the State of Virginia,Pl_state,0.95
qwen3_14b,english,participants,sent_def_exp,temp0.3_nodelim_norole_nocot,lusa_76,7,detection,,yes,0.95
qwen3_14b,english,participants,ext_def_exp,temp0.3_nodelim_norole_nocot,lusa_76,7,extraction,He,,0.5
qwen3_14b,english,participants,ext_def_exp,temp0.3_nodelim_norole_nocot,lusa_76,7,extraction,Damascus regime,,0.9
qwen3_14b,english,participants,ext_def_exp,temp0.3_nodelim_norole_nocot,lusa_76,7,extraction,prisons,,0.7
qwen3_14b,english,participants,ext_def_exp,temp0.3_nodelim_norole_nocot,lusa_76,7,extraction,Damascus,,0.8
qwen3_14b,english,participants,cls_def_exp,temp0.3_nodelim_norole_nocot,lusa_76,7,classification,He,Per,0.95
qwen3_14b,english,participants,cls_def_exp,temp0.3_nodelim_norole_nocot,lusa_76,7,classification,Damascus regime,Org,0.9
qwen3_14b,english,participants,cls_def_exp,temp0.3_nodelim_norole_nocot,lusa_76,7,classification,prisons,Fac,0.95
qwen3_14b,english,participants,cls_def_exp,temp0.3_nodelim_norole_nocot,lusa_76,7,classification,Damascus,Pl_capital,0.9
qwen3_14b,english,participants,sent_def_exp,temp0.3_nodelim_norole_nocot,lusa_76,8,detection,,yes,0.95
qwen3_14b,english,participants,ext_def_exp,temp0.3_nodelim_norole_nocot,lusa_76,8,extraction,high-level US leaders,,0.9
qwen3_14b,english,participants,ext_def_exp,temp0.3_nodelim_norole_nocot,lusa_76,8,extraction,Damascus,,0.9
qwen3_14b,english,participants,ext_def_exp,temp0.3_nodelim_norole_nocot,lusa_76,8,extraction,US embassy,,0.9
qwen3_14b,english,participants,ext_def_exp,temp0.3_nodelim_norole_nocot,lusa_76,8,extraction,ambassador,,0.7
qwen3_14b,english,participants,cls_def_exp,temp0.3_nodelim_norole_nocot,lusa_76,8,classification,high-level US leaders,Per,0.95
qwen3_14b,english,participants,cls_def_exp,temp0.3_nodelim_norole_nocot,lusa_76,8,classification,Damascus,Pl_capital,0.9
qwen3_14b,english,participants,cls_def_exp,temp0.3_nodelim_norole_nocot,lusa_76,8,classification,US embassy,Fac,0.95
qwen3_14b,english,participants,cls_def_exp,temp0.3_nodelim_norole_nocot,lusa_76,8,classification,ambassador,Per,0.95
qwen3_14b,english,participants,sent_def_exp,temp0.3_nodelim_norole_nocot,lusa_78,1,detection,,yes,0.95
qwen3_14b,english,participants,ext_def_exp,temp0.3_nodelim_norole_nocot,lusa_78,1,extraction,The Guimarães court,,0.95
qwen3_14b,english,participants,ext_def_exp,temp0.3_nodelim_norole_nocot,lusa_78,1,extraction,a man,,0.9
qwen3_14b,english,participants,ext_def_exp,temp0.3_nodelim_norole_nocot,lusa_78,1,extraction,his friend,,0.9
qwen3_14b,english,participants,ext_def_exp,temp0.3_nodelim_norole_nocot,lusa_78,1,extraction,the Regional Prosecutor's Office,,0.95
qwen3_14b,english,participants,cls_def_exp,temp0.3_nodelim_norole_nocot,lusa_78,1,classification,The Guimarães court,Org,0.95
qwen3_14b,english,participants,cls_def_exp,temp0.3_nodelim_norole_nocot,lusa_78,1,classification,a man,Per,0.95
qwen3_14b,english,participants,cls_def_exp,temp0.3_nodelim_norole_nocot,lusa_78,1,classification,his friend,Per,0.95
qwen3_14b,english,participants,cls_def_exp,temp0.3_nodelim_norole_nocot,lusa_78,1,classification,the Regional Prosecutor's Office,Org,0.95
qwen3_14b,english,participants,sent_def_exp,temp0.3_nodelim_norole_nocot,lusa_78,2,detection,,yes,0.95
qwen3_14b,english,participants,ext_def_exp,temp0.3_nodelim_norole_nocot,lusa_78,2,extraction,the defendant,,0.9
qwen3_14b,english,participants,ext_def_exp,temp0.3_nodelim_norole_nocot,lusa_78,2,extraction,the victim,,0.9
qwen3_14b,english,participants,ext_def_exp,temp0.3_nodelim_norole_nocot,lusa_78,2,extraction,the court,,0.9
qwen3_14b,english,participants,ext_def_exp,temp0.3_nodelim_norole_nocot,lusa_78,2,extraction,Regional Prosecutor's Office do Porto,,0.95
qwen3_14b,english,participants,ext_def_exp,temp0.3_nodelim_norole_nocot,lusa_78,2,extraction,Guimarães,,0.8
qwen3_14b,english,participants,ext_def_exp,temp0.3_nodelim_norole_nocot,lusa_78,2,extraction,parish of Guimarães,,0.8
qwen3_14b,english,participants,ext_def_exp,temp0.3_nodelim_norole_nocot,lusa_78,2,extraction,website.,,0.7
qwen3_14b,english,participants,cls_def_exp,temp0.3_nodelim_norole_nocot,lusa_78,2,classification,the defendant,Per,0.95
qwen3_14b,english,participants,cls_def_exp,temp0.3_nodelim_norole_nocot,lusa_78,2,classification,the victim,Per,0.95
qwen3_14b,english,participants,cls_def_exp,temp0.3_nodelim_norole_nocot,lusa_78,2,classification,the court,Org,0.9
qwen3_14b,english,participants,cls_def_exp,temp0.3_nodelim_norole_nocot,lusa_78,2,classification,Regional Prosecutor's Office do Porto,Org,0.95
qwen3_14b,english,participants,cls_def_exp,temp0.3_nodelim_norole_nocot,lusa_78,2,classification,Guimarães,Pl_civil,0.85
qwen3_14b,english,participants,cls_def_exp,temp0.3_nodelim_norole_nocot,lusa_78,2,classification,parish of Guimarães,Pl_civil,0.8
qwen3_14b,english,participants,cls_def_exp,temp0.3_nodelim_norole_nocot,lusa_78,2,classification,website.,Loc,0.9
qwen3_14b,english,participants,sent_def_exp,temp0.3_nodelim_norole_nocot,lusa_78,3,detection,,yes,0.95
qwen3_14b,english,participants,ext_def_exp,temp0.3_nodelim_norole_nocot,lusa_78,3,extraction,he,,0.95
qwen3_14b,english,participants,ext_def_exp,temp0.3_nodelim_norole_nocot,lusa_78,3,extraction,the woman,,0.9
qwen3_14b,english,participants,cls_def_exp,temp0.3_nodelim_norole_nocot,lusa_78,3,classification,he,Per,0.95
qwen3_14b,english,participants,cls_def_exp,temp0.3_nodelim_norole_nocot,lusa_78,3,classification,the woman,Per,0.95
qwen3_14b,english,participants,sent_def_exp,temp0.3_nodelim_norole_nocot,lusa_78,4,detection,,yes,0.95
qwen3_14b,english,participants,ext_def_exp,temp0.3_nodelim_norole_nocot,lusa_78,4,extraction,the court,,1.0
qwen3_14b,english,participants,ext_def_exp,temp0.3_nodelim_norole_nocot,lusa_78,4,extraction,the defendant,,1.0
qwen3_14b,english,participants,ext_def_exp,temp0.3_nodelim_norole_nocot,lusa_78,4,extraction,the criminal record,,0.9
qwen3_14b,english,participants,ext_def_exp,temp0.3_nodelim_norole_nocot,lusa_78,4,extraction,the personality,,0.8
qwen3_14b,english,participants,ext_def_exp,temp0.3_nodelim_norole_nocot,lusa_78,4,extraction,the legal obligation,,0.8
qwen3_14b,english,participants,ext_def_exp,temp0.3_nodelim_norole_nocot,lusa_78,4,extraction,the unstructured life,,0.7
qwen3_14b,english,participants,ext_def_exp,temp0.3_nodelim_norole_nocot,lusa_78,4,extraction,the sentence,,0.9
qwen3_14b,english,participants,cls_def_exp,temp0.3_nodelim_norole_nocot,lusa_78,4,classification,the court,Org,0.95
qwen3_14b,english,participants,cls_def_exp,temp0.3_nodelim_norole_nocot,lusa_78,4,classification,the defendant,Per,0.9
qwen3_14b,english,participants,cls_def_exp,temp0.3_nodelim_norole_nocot,lusa_78,4,classification,the criminal record,Obj,0.85
qwen3_14b,english,participants,cls_def_exp,temp0.3_nodelim_norole_nocot,lusa_78,4,classification,the personality,Other,0.7
qwen3_14b,english,participants,cls_def_exp,temp0.3_nodelim_norole_nocot,lusa_78,4,classification,the legal obligation,Other,0.7
qwen3_14b,english,participants,cls_def_exp,temp0.3_nodelim_norole_nocot,lusa_78,4,classification,the unstructured life,Other,0.7
qwen3_14b,english,participants,cls_def_exp,temp0.3_nodelim_norole_nocot,lusa_78,4,classification,the sentence,Obj,0.9
qwen3_14b,english,participants,sent_def_exp,temp0.3_nodelim_norole_nocot,lusa_8,1,detection,,yes,0.95
qwen3_14b,english,participants,ext_def_exp,temp0.3_nodelim_norole_nocot,lusa_8,1,extraction,Three people,,0.95
qwen3_14b,english,participants,ext_def_exp,temp0.3_nodelim_norole_nocot,lusa_8,1,extraction,hippopotamus,,0.9
qwen3_14b,english,participants,ext_def_exp,temp0.3_nodelim_norole_nocot,lusa_8,1,extraction,municipality of Camacupa,,0.9
qwen3_14b,english,participants,ext_def_exp,temp0.3_nodelim_norole_nocot,lusa_8,1,extraction,Angolan province of Bié,,0.9
qwen3_14b,english,participants,ext_def_exp,temp0.3_nodelim_norole_nocot,lusa_8,1,extraction,public radio,,0.8
qwen3_14b,english,participants,cls_def_exp,temp0.3_nodelim_norole_nocot,lusa_8,1,classification,Three people,Per,0.95
qwen3_14b,english,participants,cls_def_exp,temp0.3_nodelim_norole_nocot,lusa_8,1,classification,hippopotamus,Nat,0.9
qwen3_14b,english,participants,cls_def_exp,temp0.3_nodelim_norole_nocot,lusa_8,1,classification,municipality of Camacupa,Pl_civil,0.95
qwen3_14b,english,participants,cls_def_exp,temp0.3_nodelim_norole_nocot,lusa_8,1,classification,Angolan province of Bié,Pl_state,0.9
qwen3_14b,english,participants,cls_def_exp,temp0.3_nodelim_norole_nocot,lusa_8,1,classification,public radio,Org,0.85
qwen3_14b,english,participants,sent_def_exp,temp0.3_nodelim_norole_nocot,lusa_8,2,detection,,yes,0.95
qwen3_14b,english,participants,ext_def_exp,temp0.3_nodelim_norole_nocot,lusa_8,2,extraction,the artisanal boat,,0.95
qwen3_14b,english,participants,ext_def_exp,temp0.3_nodelim_norole_nocot,lusa_8,2,extraction,eight people on board,,0.9
qwen3_14b,english,participants,ext_def_exp,temp0.3_nodelim_norole_nocot,lusa_8,2,extraction,the Kwanza River,,0.95
qwen3_14b,english,participants,ext_def_exp,temp0.3_nodelim_norole_nocot,lusa_8,2,extraction,that mammal.,,0.8
qwen3_14b,english,participants,cls_def_exp,temp0.3_nodelim_norole_nocot,lusa_8,2,classification,the artisanal boat,Obj,0.85
qwen3_14b,english,participants,cls_def_exp,temp0.3_nodelim_norole_nocot,lusa_8,2,classification,eight people on board,Per,0.75
qwen3_14b,english,participants,cls_def_exp,temp0.3_nodelim_norole_nocot,lusa_8,2,classification,the Kwanza River,Pl_water,0.95
qwen3_14b,english,participants,cls_def_exp,temp0.3_nodelim_norole_nocot,lusa_8,2,classification,that mammal.,Nat,0.9
qwen3_14b,english,participants,sent_def_exp,temp0.3_nodelim_norole_nocot,lusa_8,3,detection,,yes,0.95
qwen3_14b,english,participants,ext_def_exp,temp0.3_nodelim_norole_nocot,lusa_8,3,extraction,survivors,,0.9
qwen3_14b,english,participants,ext_def_exp,temp0.3_nodelim_norole_nocot,lusa_8,3,extraction,peasants,,0.9
qwen3_14b,english,participants,ext_def_exp,temp0.3_nodelim_norole_nocot,lusa_8,3,extraction,the dead,,0.8
qwen3_14b,english,participants,ext_def_exp,temp0.3_nodelim_norole_nocot,lusa_8,3,extraction,a child,,0.9
qwen3_14b,english,participants,cls_def_exp,temp0.3_nodelim_norole_nocot,lusa_8,3,classification,survivors,Per,0.95
qwen3_14b,english,participants,cls_def_exp,temp0.3_nodelim_norole_nocot,lusa_8,3,classification,peasants,Per,0.95
qwen3_14b,english,participants,cls_def_exp,temp0.3_nodelim_norole_nocot,lusa_8,3,classification,the dead,Per,0.9
qwen3_14b,english,participants,cls_def_exp,temp0.3_nodelim_norole_nocot,lusa_8,3,classification,a child,Per,0.95
qwen3_14b,english,participants,sent_def_exp,temp0.3_nodelim_norole_nocot,lusa_8,4,detection,,yes,0.95
qwen3_14b,english,participants,ext_def_exp,temp0.3_nodelim_norole_nocot,lusa_8,4,extraction,Baptista Sambango,,0.95
qwen3_14b,english,participants,ext_def_exp,temp0.3_nodelim_norole_nocot,lusa_8,4,extraction,The communal administrator,,0.85
qwen3_14b,english,participants,ext_def_exp,temp0.3_nodelim_norole_nocot,lusa_8,4,extraction,The municipal administrator,,0.8
qwen3_14b,english,participants,ext_def_exp,temp0.3_nodelim_norole_nocot,lusa_8,4,extraction,The population,,0.75
qwen3_14b,english,participants,ext_def_exp,temp0.3_nodelim_norole_nocot,lusa_8,4,extraction,The river,,0.7
qwen3_14b,english,participants,ext_def_exp,temp0.3_nodelim_norole_nocot,lusa_8,4,extraction,Muinha,,0.8
qwen3_14b,english,participants,cls_def_exp,temp0.3_nodelim_norole_nocot,lusa_8,4,classification,Baptista Sambango,Per,0.95
qwen3_14b,english,participants,cls_def_exp,temp0.3_nodelim_norole_nocot,lusa_8,4,classification,The communal administrator,Per,0.95
qwen3_14b,english,participants,cls_def_exp,temp0.3_nodelim_norole_nocot,lusa_8,4,classification,The municipal administrator,Per,0.9
qwen3_14b,english,participants,cls_def_exp,temp0.3_nodelim_norole_nocot,lusa_8,4,classification,The population,Other,0.7
qwen3_14b,english,participants,cls_def_exp,temp0.3_nodelim_norole_nocot,lusa_8,4,classification,The river,Nat,0.95
qwen3_14b,english,participants,cls_def_exp,temp0.3_nodelim_norole_nocot,lusa_8,4,classification,Muinha,Pl_civil,0.9
qwen3_14b,english,participants,sent_def_exp,temp0.3_nodelim_norole_nocot,lusa_81,1,detection,,yes,0.95
qwen3_14b,english,participants,ext_def_exp,temp0.3_nodelim_norole_nocot,lusa_81,1,extraction,A 25-year-old man,,0.95
qwen3_14b,english,participants,ext_def_exp,temp0.3_nodelim_norole_nocot,lusa_81,1,extraction,GNR,,0.9
qwen3_14b,english,participants,ext_def_exp,temp0.3_nodelim_norole_nocot,lusa_81,1,extraction,the Guard,,0.85
qwen3_14b,english,participants,ext_def_exp,temp0.3_nodelim_norole_nocot,lusa_81,1,extraction,replica firearm,,0.9
qwen3_14b,english,participants,ext_def_exp,temp0.3_nodelim_norole_nocot,lusa_81,1,extraction,extendable baton,,0.9
qwen3_14b,english,participants,ext_def_exp,temp0.3_nodelim_norole_nocot,lusa_81,1,extraction,Paredes,,0.9
qwen3_14b,english,participants,ext_def_exp,temp0.3_nodelim_norole_nocot,lusa_81,1,extraction,the statement,,0.8
qwen3_14b,english,participants,cls_def_exp,temp0.3_nodelim_norole_nocot,lusa_81,1,classification,A 25-year-old man,Per,0.95
qwen3_14b,english,participants,cls_def_exp,temp0.3_nodelim_norole_nocot,lusa_81,1,classification,GNR,Org,0.9
qwen3_14b,english,participants,cls_def_exp,temp0.3_nodelim_norole_nocot,lusa_81,1,classification,the Guard,Org,0.85
qwen3_14b,english,participants,cls_def_exp,temp0.3_nodelim_norole_nocot,lusa_81,1,classification,replica firearm,Obj,0.9
qwen3_14b,english,participants,cls_def_exp,temp0.3_nodelim_norole_nocot,lusa_81,1,classification,extendable baton,Obj,0.9
qwen3_14b,english,participants,cls_def_exp,temp0.3_nodelim_norole_nocot,lusa_81,1,classification,Paredes,Pl_civil,0.95
qwen3_14b,english,participants,cls_def_exp,temp0.3_nodelim_norole_nocot,lusa_81,1,classification,the statement,Other,0.7
qwen3_14b,english,participants,sent_def_exp,temp0.3_nodelim_norole_nocot,lusa_81,2,detection,,yes,0.95
qwen3_14b,english,participants,ext_def_exp,temp0.3_nodelim_norole_nocot,lusa_81,2,extraction,Criminal Investigation Center (NIC) of Penafiel,,0.95
qwen3_14b,english,participants,ext_def_exp,temp0.3_nodelim_norole_nocot,lusa_81,2,extraction,Penafiel,,0.8
qwen3_14b,english,participants,ext_def_exp,temp0.3_nodelim_norole_nocot,lusa_81,2,extraction,the document,,0.7
qwen3_14b,english,participants,ext_def_exp,temp0.3_nodelim_norole_nocot,lusa_81,2,extraction,prohibited weapon,,0.8
qwen3_14b,english,participants,cls_def_exp,temp0.3_nodelim_norole_nocot,lusa_81,2,classification,Criminal Investigation Center (NIC) of Penafiel,Org,0.95
qwen3_14b,english,participants,cls_def_exp,temp0.3_nodelim_norole_nocot,lusa_81,2,classification,Penafiel,Pl_civil,0.9
qwen3_14b,english,participants,cls_def_exp,temp0.3_nodelim_norole_nocot,lusa_81,2,classification,the document,Obj,0.7
qwen3_14b,english,participants,cls_def_exp,temp0.3_nodelim_norole_nocot,lusa_81,2,classification,prohibited weapon,Obj,0.95
qwen3_14b,english,participants,sent_def_exp,temp0.3_nodelim_norole_nocot,lusa_81,3,detection,,no,1.0
qwen3_14b,english,participants,sent_def_exp,temp0.3_nodelim_norole_nocot,lusa_81,4,detection,,yes,0.95
qwen3_14b,english,participants,ext_def_exp,temp0.3_nodelim_norole_nocot,lusa_81,4,extraction,GNR,,0.95
qwen3_14b,english,participants,ext_def_exp,temp0.3_nodelim_norole_nocot,lusa_81,4,extraction,the military,,0.9
qwen3_14b,english,participants,ext_def_exp,temp0.3_nodelim_norole_nocot,lusa_81,4,extraction,replica firearm,,0.8
qwen3_14b,english,participants,ext_def_exp,temp0.3_nodelim_norole_nocot,lusa_81,4,extraction,extendable baton,,0.8
qwen3_14b,english,participants,cls_def_exp,temp0.3_nodelim_norole_nocot,lusa_81,4,classification,GNR,Org,0.95
qwen3_14b,english,participants,cls_def_exp,temp0.3_nodelim_norole_nocot,lusa_81,4,classification,the military,Org,0.9
qwen3_14b,english,participants,cls_def_exp,temp0.3_nodelim_norole_nocot,lusa_81,4,classification,replica firearm,Obj,0.9
qwen3_14b,english,participants,cls_def_exp,temp0.3_nodelim_norole_nocot,lusa_81,4,classification,extendable baton,Obj,0.95
qwen3_14b,english,participants,sent_def_exp,temp0.3_nodelim_norole_nocot,lusa_81,5,detection,,yes,0.95
qwen3_14b,english,participants,ext_def_exp,temp0.3_nodelim_norole_nocot,lusa_81,5,extraction,The detainee,,0.95
qwen3_14b,english,participants,ext_def_exp,temp0.3_nodelim_norole_nocot,lusa_81,5,extraction,the Guard,,0.85
qwen3_14b,english,participants,ext_def_exp,temp0.3_nodelim_norole_nocot,lusa_81,5,extraction,Paredes Judicial Court,,0.9
qwen3_14b,english,participants,cls_def_exp,temp0.3_nodelim_norole_nocot,lusa_81,5,classification,The detainee,Per,0.95
qwen3_14b,english,participants,cls_def_exp,temp0.3_nodelim_norole_nocot,lusa_81,5,classification,the Guard,Per,0.9
qwen3_14b,english,participants,cls_def_exp,temp0.3_nodelim_norole_nocot,lusa_81,5,classification,Paredes Judicial Court,Org,0.95
qwen3_14b,english,participants,sent_def_exp,temp0.3_nodelim_norole_nocot,lusa_82,1,detection,,yes,0.95
qwen3_14b,english,participants,ext_def_exp,temp0.3_nodelim_norole_nocot,lusa_82,1,extraction,man,,0.9
qwen3_14b,english,participants,ext_def_exp,temp0.3_nodelim_norole_nocot,lusa_82,1,extraction,Douro River,,0.9
qwen3_14b,english,participants,ext_def_exp,temp0.3_nodelim_norole_nocot,lusa_82,1,extraction,Vila Nova de Gaia,,0.9
qwen3_14b,english,participants,ext_def_exp,temp0.3_nodelim_norole_nocot,lusa_82,1,extraction,Maritime Police,,0.9
qwen3_14b,english,participants,ext_def_exp,temp0.3_nodelim_norole_nocot,lusa_82,1,extraction,commander of the Porto captaincy,,0.8
qwen3_14b,english,participants,ext_def_exp,temp0.3_nodelim_norole_nocot,lusa_82,1,extraction,Lusa,,0.9
qwen3_14b,english,participants,cls_def_exp,temp0.3_nodelim_norole_nocot,lusa_82,1,classification,man,Per,0.95
qwen3_14b,english,participants,cls_def_exp,temp0.3_nodelim_norole_nocot,lusa_82,1,classification,Douro River,Pl_water,0.9
qwen3_14b,english,participants,cls_def_exp,temp0.3_nodelim_norole_nocot,lusa_82,1,classification,Vila Nova de Gaia,Pl_civil,0.95
qwen3_14b,english,participants,cls_def_exp,temp0.3_nodelim_norole_nocot,lusa_82,1,classification,Maritime Police,Org,0.9
qwen3_14b,english,participants,cls_def_exp,temp0.3_nodelim_norole_nocot,lusa_82,1,classification,commander of the Porto captaincy,Per,0.95
qwen3_14b,english,participants,cls_def_exp,temp0.3_nodelim_norole_nocot,lusa_82,1,classification,Lusa,Org,0.95
qwen3_14b,english,participants,sent_def_exp,temp0.3_nodelim_norole_nocot,lusa_82,2,detection,,yes,0.95
qwen3_14b,english,participants,ext_def_exp,temp0.3_nodelim_norole_nocot,lusa_82,2,extraction,Rui Santos Amaral,,0.95
qwen3_14b,english,participants,ext_def_exp,temp0.3_nodelim_norole_nocot,lusa_82,2,extraction,the maritime authority,,0.9
qwen3_14b,english,participants,ext_def_exp,temp0.3_nodelim_norole_nocot,lusa_82,2,extraction,members of the public,,0.9
qwen3_14b,english,participants,ext_def_exp,temp0.3_nodelim_norole_nocot,lusa_82,2,extraction,body of a man,,0.8
qwen3_14b,english,participants,ext_def_exp,temp0.3_nodelim_norole_nocot,lusa_82,2,extraction,Santa Marinha floating pier,,0.9
qwen3_14b,english,participants,ext_def_exp,temp0.3_nodelim_norole_nocot,lusa_82,2,extraction,Vila Nova de Gaia,,0.9
qwen3_14b,english,participants,ext_def_exp,temp0.3_nodelim_norole_nocot,lusa_82,2,extraction,5:20 pm,,0.8
qwen3_14b,english,participants,cls_def_exp,temp0.3_nodelim_norole_nocot,lusa_82,2,classification,Rui Santos Amaral,Per,0.95
qwen3_14b,english,participants,cls_def_exp,temp0.3_nodelim_norole_nocot,lusa_82,2,classification,the maritime authority,Org,0.9
qwen3_14b,english,participants,cls_def_exp,temp0.3_nodelim_norole_nocot,lusa_82,2,classification,members of the public,Per,0.75
qwen3_14b,english,participants,cls_def_exp,temp0.3_nodelim_norole_nocot,lusa_82,2,classification,body of a man,Obj,0.9
qwen3_14b,english,participants,cls_def_exp,temp0.3_nodelim_norole_nocot,lusa_82,2,classification,Santa Marinha floating pier,Fac,0.95
qwen3_14b,english,participants,cls_def_exp,temp0.3_nodelim_norole_nocot,lusa_82,2,classification,Vila Nova de Gaia,Pl_civil,0.9
qwen3_14b,english,participants,cls_def_exp,temp0.3_nodelim_norole_nocot,lusa_82,2,classification,5:20 pm,Other,0.8
qwen3_14b,english,participants,sent_def_exp,temp0.3_nodelim_norole_nocot,lusa_82,3,detection,,yes,0.98
qwen3_14b,english,participants,ext_def_exp,temp0.3_nodelim_norole_nocot,lusa_82,3,extraction,Maritime Police,,0.95
qwen3_14b,english,participants,ext_def_exp,temp0.3_nodelim_norole_nocot,lusa_82,3,extraction,Judiciary Police,,0.95
qwen3_14b,english,participants,ext_def_exp,temp0.3_nodelim_norole_nocot,lusa_82,3,extraction,body,,0.8
qwen3_14b,english,participants,cls_def_exp,temp0.3_nodelim_norole_nocot,lusa_82,3,classification,Maritime Police,Org,0.95
qwen3_14b,english,participants,cls_def_exp,temp0.3_nodelim_norole_nocot,lusa_82,3,classification,Judiciary Police,Org,0.95
qwen3_14b,english,participants,cls_def_exp,temp0.3_nodelim_norole_nocot,lusa_82,3,classification,body,Nat,0.85
qwen3_14b,english,participants,sent_def_exp,temp0.3_nodelim_norole_nocot,lusa_82,4,detection,,yes,0.95
qwen3_14b,english,participants,ext_def_exp,temp0.3_nodelim_norole_nocot,lusa_82,4,extraction,Sapadores from Vila Nova de Gaia,,0.8
qwen3_14b,english,participants,ext_def_exp,temp0.3_nodelim_norole_nocot,lusa_82,4,extraction,Firefighters from Coimbrões,,0.9
qwen3_14b,english,participants,ext_def_exp,temp0.3_nodelim_norole_nocot,lusa_82,4,extraction,Vila Nova de Gaia,,0.8
qwen3_14b,english,participants,ext_def_exp,temp0.3_nodelim_norole_nocot,lusa_82,4,extraction,Coimbrões,,0.8
qwen3_14b,english,participants,cls_def_exp,temp0.3_nodelim_norole_nocot,lusa_82,4,classification,Sapadores from Vila Nova de Gaia,Org,0.95
qwen3_14b,english,participants,cls_def_exp,temp0.3_nodelim_norole_nocot,lusa_82,4,classification,Firefighters from Coimbrões,Org,0.95
qwen3_14b,english,participants,cls_def_exp,temp0.3_nodelim_norole_nocot,lusa_82,4,classification,Vila Nova de Gaia,Pl_civil,0.9
qwen3_14b,english,participants,cls_def_exp,temp0.3_nodelim_norole_nocot,lusa_82,4,classification,Coimbrões,Pl_civil,0.9
qwen3_14b,english,participants,sent_def_exp,temp0.3_nodelim_norole_nocot,lusa_84,1,detection,,yes,0.95
qwen3_14b,english,participants,ext_def_exp,temp0.3_nodelim_norole_nocot,lusa_84,1,extraction,A man,,0.95
qwen3_14b,english,participants,ext_def_exp,temp0.3_nodelim_norole_nocot,lusa_84,1,extraction,a large tree,,0.85
qwen3_14b,english,participants,ext_def_exp,temp0.3_nodelim_norole_nocot,lusa_84,1,extraction,Milhazes,,0.9
qwen3_14b,english,participants,ext_def_exp,temp0.3_nodelim_norole_nocot,lusa_84,1,extraction,the municipality of Barcelos,,0.85
qwen3_14b,english,participants,ext_def_exp,temp0.3_nodelim_norole_nocot,lusa_84,1,extraction,a source,,0.75
qwen3_14b,english,participants,ext_def_exp,temp0.3_nodelim_norole_nocot,lusa_84,1,extraction,Braga District Relief Operations Command,,0.9
qwen3_14b,english,participants,ext_def_exp,temp0.3_nodelim_norole_nocot,lusa_84,1,extraction,the Braga District Relief Operations Command,,0.8
qwen3_14b,english,participants,cls_def_exp,temp0.3_nodelim_norole_nocot,lusa_84,1,classification,A man,Per,0.95
qwen3_14b,english,participants,cls_def_exp,temp0.3_nodelim_norole_nocot,lusa_84,1,classification,a large tree,Nat,0.9
qwen3_14b,english,participants,cls_def_exp,temp0.3_nodelim_norole_nocot,lusa_84,1,classification,Milhazes,Pl_civil,0.7
qwen3_14b,english,participants,cls_def_exp,temp0.3_nodelim_norole_nocot,lusa_84,1,classification,the municipality of Barcelos,Pl_civil,0.95
qwen3_14b,english,participants,cls_def_exp,temp0.3_nodelim_norole_nocot,lusa_84,1,classification,a source,Per,0.85
qwen3_14b,english,participants,cls_def_exp,temp0.3_nodelim_norole_nocot,lusa_84,1,classification,Braga District Relief Operations Command,Org,0.95
qwen3_14b,english,participants,cls_def_exp,temp0.3_nodelim_norole_nocot,lusa_84,1,classification,the Braga District Relief Operations Command,Org,0.95
qwen3_14b,english,participants,sent_def_exp,temp0.3_nodelim_norole_nocot,lusa_84,2,detection,,no,0.3
qwen3_14b,english,participants,sent_def_exp,temp0.3_nodelim_norole_nocot,lusa_84,3,detection,,yes,0.95
qwen3_14b,english,participants,ext_def_exp,temp0.3_nodelim_norole_nocot,lusa_84,3,extraction,the man,,0.9
qwen3_14b,english,participants,ext_def_exp,temp0.3_nodelim_norole_nocot,lusa_84,3,extraction,the tree,,0.9
qwen3_14b,english,participants,ext_def_exp,temp0.3_nodelim_norole_nocot,lusa_84,3,extraction,he,,0.7
qwen3_14b,english,participants,cls_def_exp,temp0.3_nodelim_norole_nocot,lusa_84,3,classification,the man,Per,0.95
qwen3_14b,english,participants,cls_def_exp,temp0.3_nodelim_norole_nocot,lusa_84,3,classification,the tree,Nat,0.95
qwen3_14b,english,participants,cls_def_exp,temp0.3_nodelim_norole_nocot,lusa_84,3,classification,he,Per,0.9
qwen3_14b,english,participants,sent_def_exp,temp0.3_nodelim_norole_nocot,lusa_84,4,detection,,yes,0.95
qwen3_14b,english,participants,ext_def_exp,temp0.3_nodelim_norole_nocot,lusa_84,4,extraction,Barcelinhos Volunteer Firefighters,,0.95
qwen3_14b,english,participants,ext_def_exp,temp0.3_nodelim_norole_nocot,lusa_84,4,extraction,emergency and resuscitation medical vehicle,,0.8
qwen3_14b,english,participants,cls_def_exp,temp0.3_nodelim_norole_nocot,lusa_84,4,classification,Barcelinhos Volunteer Firefighters,Org,0.95
qwen3_14b,english,participants,cls_def_exp,temp0.3_nodelim_norole_nocot,lusa_84,4,classification,emergency and resuscitation medical vehicle,Veh,0.95
qwen3_14b,english,participants,sent_def_exp,temp0.3_nodelim_norole_nocot,lusa_84,5,detection,,no,0.65
qwen3_14b,english,participants,sent_def_exp,temp0.3_nodelim_norole_nocot,lusa_84,6,detection,,yes,0.95
qwen3_14b,english,participants,ext_def_exp,temp0.3_nodelim_norole_nocot,lusa_84,6,extraction,GNR,,0.95
qwen3_14b,english,participants,cls_def_exp,temp0.3_nodelim_norole_nocot,lusa_84,6,classification,GNR,Org,1.0
qwen3_14b,english,participants,sent_def_exp,temp0.3_nodelim_norole_nocot,lusa_85,1,detection,,yes,0.95
qwen3_14b,english,participants,ext_def_exp,temp0.3_nodelim_norole_nocot,lusa_85,1,extraction,A 61-year-old man,,0.95
qwen3_14b,english,participants,ext_def_exp,temp0.3_nodelim_norole_nocot,lusa_85,1,extraction,the car,,0.9
qwen3_14b,english,participants,ext_def_exp,temp0.3_nodelim_norole_nocot,lusa_85,1,extraction,Municipal Road 524,,0.85
qwen3_14b,english,participants,ext_def_exp,temp0.3_nodelim_norole_nocot,lusa_85,1,extraction,Marvão,,0.9
qwen3_14b,english,participants,ext_def_exp,temp0.3_nodelim_norole_nocot,lusa_85,1,extraction,Portalegre,,0.9
qwen3_14b,english,participants,ext_def_exp,temp0.3_nodelim_norole_nocot,lusa_85,1,extraction,Civil Protection,,0.95
qwen3_14b,english,participants,ext_def_exp,temp0.3_nodelim_norole_nocot,lusa_85,1,extraction,GNR,,0.95
qwen3_14b,english,participants,ext_def_exp,temp0.3_nodelim_norole_nocot,lusa_85,1,extraction,sources,,0.8
qwen3_14b,english,participants,cls_def_exp,temp0.3_nodelim_norole_nocot,lusa_85,1,classification,A 61-year-old man,Per,0.95
qwen3_14b,english,participants,cls_def_exp,temp0.3_nodelim_norole_nocot,lusa_85,1,classification,the car,Veh,0.95
qwen3_14b,english,participants,cls_def_exp,temp0.3_nodelim_norole_nocot,lusa_85,1,classification,Municipal Road 524,Path,0.9
qwen3_14b,english,participants,cls_def_exp,temp0.3_nodelim_norole_nocot,lusa_85,1,classification,Marvão,Pl_civil,0.85
qwen3_14b,english,participants,cls_def_exp,temp0.3_nodelim_norole_nocot,lusa_85,1,classification,Portalegre,Pl_state,0.8
qwen3_14b,english,participants,cls_def_exp,temp0.3_nodelim_norole_nocot,lusa_85,1,classification,Civil Protection,Org,0.95
qwen3_14b,english,participants,cls_def_exp,temp0.3_nodelim_norole_nocot,lusa_85,1,classification,GNR,Org,0.95
qwen3_14b,english,participants,cls_def_exp,temp0.3_nodelim_norole_nocot,lusa_85,1,classification,sources,Per,0.7
qwen3_14b,english,participants,sent_def_exp,temp0.3_nodelim_norole_nocot,lusa_85,2,detection,,yes,0.95
qwen3_14b,english,participants,ext_def_exp,temp0.3_nodelim_norole_nocot,lusa_85,2,extraction,sources,,0.7
qwen3_14b,english,participants,ext_def_exp,temp0.3_nodelim_norole_nocot,lusa_85,2,extraction,Lusa agency,,1.0
qwen3_14b,english,participants,ext_def_exp,temp0.3_nodelim_norole_nocot,lusa_85,2,extraction,doctor,,1.0
qwen3_14b,english,participants,ext_def_exp,temp0.3_nodelim_norole_nocot,lusa_85,2,extraction,emergency and resuscitation medical vehicle,,0.8
qwen3_14b,english,participants,ext_def_exp,temp0.3_nodelim_norole_nocot,lusa_85,2,extraction,Portalegre hospital,,1.0
qwen3_14b,english,participants,ext_def_exp,temp0.3_nodelim_norole_nocot,lusa_85,2,extraction,the man,,1.0
qwen3_14b,english,participants,ext_def_exp,temp0.3_nodelim_norole_nocot,lusa_85,2,extraction,passenger vehicle,,0.8
qwen3_14b,english,participants,cls_def_exp,temp0.3_nodelim_norole_nocot,lusa_85,2,classification,sources,Per,0.8
qwen3_14b,english,participants,cls_def_exp,temp0.3_nodelim_norole_nocot,lusa_85,2,classification,Lusa agency,Org,0.95
qwen3_14b,english,participants,cls_def_exp,temp0.3_nodelim_norole_nocot,lusa_85,2,classification,doctor,Per,0.95
qwen3_14b,english,participants,cls_def_exp,temp0.3_nodelim_norole_nocot,lusa_85,2,classification,emergency and resuscitation medical vehicle,Veh,0.9
qwen3_14b,english,participants,cls_def_exp,temp0.3_nodelim_norole_nocot,lusa_85,2,classification,Portalegre hospital,Fac,0.95
qwen3_14b,english,participants,cls_def_exp,temp0.3_nodelim_norole_nocot,lusa_85,2,classification,the man,Per,0.95
qwen3_14b,english,participants,cls_def_exp,temp0.3_nodelim_norole_nocot,lusa_85,2,classification,passenger vehicle,Veh,0.9
qwen3_14b,english,participants,sent_def_exp,temp0.3_nodelim_norole_nocot,lusa_85,3,detection,,yes,0.95
qwen3_14b,english,participants,ext_def_exp,temp0.3_nodelim_norole_nocot,lusa_85,3,extraction,source,,0.7
qwen3_14b,english,participants,ext_def_exp,temp0.3_nodelim_norole_nocot,lusa_85,3,extraction,District Relief Operations Command (CDOS),,0.9
qwen3_14b,english,participants,ext_def_exp,temp0.3_nodelim_norole_nocot,lusa_85,3,extraction,Portalegre,,0.8
qwen3_14b,english,participants,ext_def_exp,temp0.3_nodelim_norole_nocot,lusa_85,3,extraction,Bica area,,0.8
qwen3_14b,english,participants,ext_def_exp,temp0.3_nodelim_norole_nocot,lusa_85,3,extraction,parish of Beirã,,0.7
qwen3_14b,english,participants,ext_def_exp,temp0.3_nodelim_norole_nocot,lusa_85,3,extraction,Forensic Medicine service,,0.8
qwen3_14b,english,participants,ext_def_exp,temp0.3_nodelim_norole_nocot,lusa_85,3,extraction,Portalegre hospital,,0.8
qwen3_14b,english,participants,ext_def_exp,temp0.3_nodelim_norole_nocot,lusa_85,3,extraction,the man's body,,0.6
qwen3_14b,english,participants,cls_def_exp,temp0.3_nodelim_norole_nocot,lusa_85,3,classification,source,Per,0.9
qwen3_14b,english,participants,cls_def_exp,temp0.3_nodelim_norole_nocot,lusa_85,3,classification,District Relief Operations Command (CDOS),Org,0.95
qwen3_14b,english,participants,cls_def_exp,temp0.3_nodelim_norole_nocot,lusa_85,3,classification,Portalegre,Pl_civil,0.9
qwen3_14b,english,participants,cls_def_exp,temp0.3_nodelim_norole_nocot,lusa_85,3,classification,Bica area,Pl_region,0.8
qwen3_14b,english,participants,cls_def_exp,temp0.3_nodelim_norole_nocot,lusa_85,3,classification,parish of Beirã,Pl_civil,0.9
qwen3_14b,english,participants,cls_def_exp,temp0.3_nodelim_norole_nocot,lusa_85,3,classification,Forensic Medicine service,Org,0.9
qwen3_14b,english,participants,cls_def_exp,temp0.3_nodelim_norole_nocot,lusa_85,3,classification,Portalegre hospital,Fac,0.95
qwen3_14b,english,participants,cls_def_exp,temp0.3_nodelim_norole_nocot,lusa_85,3,classification,the man's body,Nat,0.95
qwen3_14b,english,participants,sent_def_exp,temp0.3_nodelim_norole_nocot,lusa_85,4,detection,,yes,0.95
qwen3_14b,english,participants,ext_def_exp,temp0.3_nodelim_norole_nocot,lusa_85,4,extraction,CDOS,,0.95
qwen3_14b,english,participants,cls_def_exp,temp0.3_nodelim_norole_nocot,lusa_85,4,classification,CDOS,Org,0.95
qwen3_14b,english,participants,sent_def_exp,temp0.3_nodelim_norole_nocot,lusa_85,5,detection,,yes,0.95
qwen3_14b,english,participants,ext_def_exp,temp0.3_nodelim_norole_nocot,lusa_85,5,extraction,Firefighters,,0.8
qwen3_14b,english,participants,ext_def_exp,temp0.3_nodelim_norole_nocot,lusa_85,5,extraction,Marvão corporation,,0.95
qwen3_14b,english,participants,ext_def_exp,temp0.3_nodelim_norole_nocot,lusa_85,5,extraction,VMER,,0.9
qwen3_14b,english,participants,ext_def_exp,temp0.3_nodelim_norole_nocot,lusa_85,5,extraction,GNR,,0.95
qwen3_14b,english,participants,cls_def_exp,temp0.3_nodelim_norole_nocot,lusa_85,5,classification,Firefighters,Per,0.95
qwen3_14b,english,participants,cls_def_exp,temp0.3_nodelim_norole_nocot,lusa_85,5,classification,Marvão corporation,Org,0.9
qwen3_14b,english,participants,cls_def_exp,temp0.3_nodelim_norole_nocot,lusa_85,5,classification,VMER,Org,0.85
qwen3_14b,english,participants,cls_def_exp,temp0.3_nodelim_norole_nocot,lusa_85,5,classification,GNR,Org,0.9
qwen3_14b,english,participants,sent_def_exp,temp0.3_nodelim_norole_nocot,lusa_87,1,detection,,yes,0.95
qwen3_14b,english,participants,ext_def_exp,temp0.3_nodelim_norole_nocot,lusa_87,1,extraction,A fire,,0.95
qwen3_14b,english,participants,ext_def_exp,temp0.3_nodelim_norole_nocot,lusa_87,1,extraction,an uninhabited house,,0.95
qwen3_14b,english,participants,ext_def_exp,temp0.3_nodelim_norole_nocot,lusa_87,1,extraction,Jardim da Serra parish,,0.9
qwen3_14b,english,participants,ext_def_exp,temp0.3_nodelim_norole_nocot,lusa_87,1,extraction,municipality of Câmara de Lobos,,0.9
qwen3_14b,english,participants,ext_def_exp,temp0.3_nodelim_norole_nocot,lusa_87,1,extraction,arson,,0.8
qwen3_14b,english,participants,ext_def_exp,temp0.3_nodelim_norole_nocot,lusa_87,1,extraction,a local authority source,,0.95
qwen3_14b,english,participants,ext_def_exp,temp0.3_nodelim_norole_nocot,lusa_87,1,extraction,the house,,0.9
qwen3_14b,english,participants,ext_def_exp,temp0.3_nodelim_norole_nocot,lusa_87,1,extraction,source,,0.7
qwen3_14b,english,participants,ext_def_exp,temp0.3_nodelim_norole_nocot,lusa_87,1,extraction,Câmara de Lobos,,0.8
qwen3_14b,english,participants,ext_def_exp,temp0.3_nodelim_norole_nocot,lusa_87,1,extraction,Jardim da Serra,,0.8
qwen3_14b,english,participants,cls_def_exp,temp0.3_nodelim_norole_nocot,lusa_87,1,classification,A fire,Obj,0.7
qwen3_14b,english,participants,cls_def_exp,temp0.3_nodelim_norole_nocot,lusa_87,1,classification,an uninhabited house,Fac,0.95
qwen3_14b,english,participants,cls_def_exp,temp0.3_nodelim_norole_nocot,lusa_87,1,classification,Jardim da Serra parish,Pl_civil,0.9
qwen3_14b,english,participants,cls_def_exp,temp0.3_nodelim_norole_nocot,lusa_87,1,classification,municipality of Câmara de Lobos,Pl_civil,0.95
qwen3_14b,english,participants,cls_def_exp,temp0.3_nodelim_norole_nocot,lusa_87,1,classification,arson,Other,0.6
qwen3_14b,english,participants,cls_def_exp,temp0.3_nodelim_norole_nocot,lusa_87,1,classification,a local authority source,Per,0.8
qwen3_14b,english,participants,cls_def_exp,temp0.3_nodelim_norole_nocot,lusa_87,1,classification,the house,Fac,0.95
qwen3_14b,english,participants,cls_def_exp,temp0.3_nodelim_norole_nocot,lusa_87,1,classification,source,Per,0.8
qwen3_14b,english,participants,cls_def_exp,temp0.3_nodelim_norole_nocot,lusa_87,1,classification,Câmara de Lobos,Pl_civil,0.95
qwen3_14b,english,participants,cls_def_exp,temp0.3_nodelim_norole_nocot,lusa_87,1,classification,Jardim da Serra,Pl_civil,0.9
qwen3_14b,english,participants,sent_def_exp,temp0.3_nodelim_norole_nocot,lusa_87,2,detection,,yes,0.95
qwen3_14b,english,participants,ext_def_exp,temp0.3_nodelim_norole_nocot,lusa_87,2,extraction,house,,0.9
qwen3_14b,english,participants,ext_def_exp,temp0.3_nodelim_norole_nocot,lusa_87,2,extraction,Leonel Correia da Silva,,0.95
qwen3_14b,english,participants,ext_def_exp,temp0.3_nodelim_norole_nocot,lusa_87,2,extraction,councilor of Câmara de Lobos,,0.8
qwen3_14b,english,participants,ext_def_exp,temp0.3_nodelim_norole_nocot,lusa_87,2,extraction,Câmara de Lobos,,0.9
qwen3_14b,english,participants,ext_def_exp,temp0.3_nodelim_norole_nocot,lusa_87,2,extraction,Lusa agency,,0.95
qwen3_14b,english,participants,cls_def_exp,temp0.3_nodelim_norole_nocot,lusa_87,2,classification,house,Obj,0.95
qwen3_14b,english,participants,cls_def_exp,temp0.3_nodelim_norole_nocot,lusa_87,2,classification,Leonel Correia da Silva,Per,0.98
qwen3_14b,english,participants,cls_def_exp,temp0.3_nodelim_norole_nocot,lusa_87,2,classification,councilor of Câmara de Lobos,Per,0.8
qwen3_14b,english,participants,cls_def_exp,temp0.3_nodelim_norole_nocot,lusa_87,2,classification,Câmara de Lobos,Org,0.95
qwen3_14b,english,participants,cls_def_exp,temp0.3_nodelim_norole_nocot,lusa_87,2,classification,Lusa agency,Org,0.95
qwen3_14b,english,participants,sent_def_exp,temp0.3_nodelim_norole_nocot,lusa_87,3,detection,,yes,0.95
qwen3_14b,english,participants,ext_def_exp,temp0.3_nodelim_norole_nocot,lusa_87,3,extraction,The mayor,,1.0
qwen3_14b,english,participants,ext_def_exp,temp0.3_nodelim_norole_nocot,lusa_87,3,extraction,the house,,1.0
qwen3_14b,english,participants,ext_def_exp,temp0.3_nodelim_norole_nocot,lusa_87,3,extraction,the fire,,0.8
qwen3_14b,english,participants,ext_def_exp,temp0.3_nodelim_norole_nocot,lusa_87,3,extraction,the damage caused by the fire,,0.7
qwen3_14b,english,participants,cls_def_exp,temp0.3_nodelim_norole_nocot,lusa_87,3,classification,The mayor,Per,0.95
qwen3_14b,english,participants,cls_def_exp,temp0.3_nodelim_norole_nocot,lusa_87,3,classification,the house,Obj,0.9
qwen3_14b,english,participants,cls_def_exp,temp0.3_nodelim_norole_nocot,lusa_87,3,classification,the fire,Other,0.7
qwen3_14b,english,participants,cls_def_exp,temp0.3_nodelim_norole_nocot,lusa_87,3,classification,the damage caused by the fire,Other,0.6
qwen3_14b,english,participants,sent_def_exp,temp0.3_nodelim_norole_nocot,lusa_87,4,detection,,yes,0.95
qwen3_14b,english,participants,ext_def_exp,temp0.3_nodelim_norole_nocot,lusa_87,4,extraction,Câmara de Lobos firefighters,,0.95
qwen3_14b,english,participants,cls_def_exp,temp0.3_nodelim_norole_nocot,lusa_87,4,classification,Câmara de Lobos firefighters,Org,0.95
qwen3_14b,english,participants,sent_def_exp,temp0.3_nodelim_norole_nocot,lusa_88,1,detection,,yes,0.95
qwen3_14b,english,participants,ext_def_exp,temp0.3_nodelim_norole_nocot,lusa_88,1,extraction,The Police of the Republic of Mozambique,,0.95
qwen3_14b,english,participants,ext_def_exp,temp0.3_nodelim_norole_nocot,lusa_88,1,extraction,PRM,,0.9
qwen3_14b,english,participants,ext_def_exp,temp0.3_nodelim_norole_nocot,lusa_88,1,extraction,a man,,0.8
qwen3_14b,english,participants,ext_def_exp,temp0.3_nodelim_norole_nocot,lusa_88,1,extraction,the corporation's spokesperson,,0.75
qwen3_14b,english,participants,cls_def_exp,temp0.3_nodelim_norole_nocot,lusa_88,1,classification,The Police of the Republic of Mozambique,Org,0.95
qwen3_14b,english,participants,cls_def_exp,temp0.3_nodelim_norole_nocot,lusa_88,1,classification,PRM,Org,0.95
qwen3_14b,english,participants,cls_def_exp,temp0.3_nodelim_norole_nocot,lusa_88,1,classification,a man,Per,0.95
qwen3_14b,english,participants,cls_def_exp,temp0.3_nodelim_norole_nocot,lusa_88,1,classification,the corporation's spokesperson,Per,0.9
qwen3_14b,english,participants,sent_def_exp,temp0.3_nodelim_norole_nocot,lusa_88,2,detection,,yes,0.95
qwen3_14b,english,participants,ext_def_exp,temp0.3_nodelim_norole_nocot,lusa_88,2,extraction,Leonel Muchine,,0.9
qwen3_14b,english,participants,ext_def_exp,temp0.3_nodelim_norole_nocot,lusa_88,2,extraction,Mozambican police,,0.9
qwen3_14b,english,participants,ext_def_exp,temp0.3_nodelim_norole_nocot,lusa_88,2,extraction,this individual,,0.8
qwen3_14b,english,participants,ext_def_exp,temp0.3_nodelim_norole_nocot,lusa_88,2,extraction,people,,0.7
qwen3_14b,english,participants,ext_def_exp,temp0.3_nodelim_norole_nocot,lusa_88,2,extraction,Maputo,,0.8
qwen3_14b,english,participants,ext_def_exp,temp0.3_nodelim_norole_nocot,lusa_88,2,extraction,fake tests,,0.6
qwen3_14b,english,participants,cls_def_exp,temp0.3_nodelim_norole_nocot,lusa_88,2,classification,Leonel Muchine,Per,0.95
qwen3_14b,english,participants,cls_def_exp,temp0.3_nodelim_norole_nocot,lusa_88,2,classification,Mozambican police,Org,0.9
qwen3_14b,english,participants,cls_def_exp,temp0.3_nodelim_norole_nocot,lusa_88,2,classification,this individual,Per,0.9
qwen3_14b,english,participants,cls_def_exp,temp0.3_nodelim_norole_nocot,lusa_88,2,classification,people,Per,0.85
qwen3_14b,english,participants,cls_def_exp,temp0.3_nodelim_norole_nocot,lusa_88,2,classification,Maputo,Pl_civil,0.95
qwen3_14b,english,participants,cls_def_exp,temp0.3_nodelim_norole_nocot,lusa_88,2,classification,fake tests,Obj,0.9
qwen3_14b,english,participants,sent_def_exp,temp0.3_nodelim_norole_nocot,lusa_88,3,detection,,yes,0.95
qwen3_14b,english,participants,ext_def_exp,temp0.3_nodelim_norole_nocot,lusa_88,3,extraction,The accused,,1.0
qwen3_14b,english,participants,ext_def_exp,temp0.3_nodelim_norole_nocot,lusa_88,3,extraction,another individual,,1.0
qwen3_14b,english,participants,ext_def_exp,temp0.3_nodelim_norole_nocot,lusa_88,3,extraction,authorities,,1.0
qwen3_14b,english,participants,cls_def_exp,temp0.3_nodelim_norole_nocot,lusa_88,3,classification,The accused,Per,0.95
qwen3_14b,english,participants,cls_def_exp,temp0.3_nodelim_norole_nocot,lusa_88,3,classification,another individual,Per,0.95
qwen3_14b,english,participants,cls_def_exp,temp0.3_nodelim_norole_nocot,lusa_88,3,classification,authorities,Org,0.85
qwen3_14b,english,participants,sent_def_exp,temp0.3_nodelim_norole_nocot,lusa_88,4,detection,,yes,0.95
qwen3_14b,english,participants,ext_def_exp,temp0.3_nodelim_norole_nocot,lusa_88,4,extraction,police spokesperson,,0.95
qwen3_14b,english,participants,ext_def_exp,temp0.3_nodelim_norole_nocot,lusa_88,4,extraction,his accomplice,,0.9
qwen3_14b,english,participants,cls_def_exp,temp0.3_nodelim_norole_nocot,lusa_88,4,classification,police spokesperson,Per,0.95
qwen3_14b,english,participants,cls_def_exp,temp0.3_nodelim_norole_nocot,lusa_88,4,classification,his accomplice,Per,0.9
qwen3_14b,english,participants,sent_def_exp,temp0.3_nodelim_norole_nocot,lusa_88,5,detection,,yes,0.95
qwen3_14b,english,participants,ext_def_exp,temp0.3_nodelim_norole_nocot,lusa_88,5,extraction,authorities,,0.8
qwen3_14b,english,participants,ext_def_exp,temp0.3_nodelim_norole_nocot,lusa_88,5,extraction,Filipe Nyusi,,0.95
qwen3_14b,english,participants,ext_def_exp,temp0.3_nodelim_norole_nocot,lusa_88,5,extraction,Covid-19 test,,0.7
qwen3_14b,english,participants,cls_def_exp,temp0.3_nodelim_norole_nocot,lusa_88,5,classification,authorities,Org,0.95
qwen3_14b,english,participants,cls_def_exp,temp0.3_nodelim_norole_nocot,lusa_88,5,classification,Filipe Nyusi,Per,0.98
qwen3_14b,english,participants,cls_def_exp,temp0.3_nodelim_norole_nocot,lusa_88,5,classification,Covid-19 test,Obj,0.9
qwen3_14b,english,participants,sent_def_exp,temp0.3_nodelim_norole_nocot,lusa_88,6,detection,,no,0.3
qwen3_14b,english,participants,sent_def_exp,temp0.3_nodelim_norole_nocot,lusa_88,7,detection,,yes,0.95
qwen3_14b,english,participants,ext_def_exp,temp0.3_nodelim_norole_nocot,lusa_88,7,extraction,Mozambique,,0.95
qwen3_14b,english,participants,ext_def_exp,temp0.3_nodelim_norole_nocot,lusa_88,7,extraction,Covid-19,,0.9
qwen3_14b,english,participants,ext_def_exp,temp0.3_nodelim_norole_nocot,lusa_88,7,extraction,cases,,0.8
qwen3_14b,english,participants,ext_def_exp,temp0.3_nodelim_norole_nocot,lusa_88,7,extraction,deaths,,0.8
qwen3_14b,english,participants,ext_def_exp,temp0.3_nodelim_norole_nocot,lusa_88,7,extraction,people,,0.75
qwen3_14b,english,participants,cls_def_exp,temp0.3_nodelim_norole_nocot,lusa_88,7,classification,Mozambique,Pl_country,0.95
qwen3_14b,english,participants,cls_def_exp,temp0.3_nodelim_norole_nocot,lusa_88,7,classification,Covid-19,Other,0.8
qwen3_14b,english,participants,cls_def_exp,temp0.3_nodelim_norole_nocot,lusa_88,7,classification,cases,Other,0.7
qwen3_14b,english,participants,cls_def_exp,temp0.3_nodelim_norole_nocot,lusa_88,7,classification,deaths,Other,0.7
qwen3_14b,english,participants,cls_def_exp,temp0.3_nodelim_norole_nocot,lusa_88,7,classification,people,Other,0.7
qwen3_14b,english,participants,sent_def_exp,temp0.3_nodelim_norole_nocot,lusa_89,1,detection,,yes,0.95
qwen3_14b,english,participants,ext_def_exp,temp0.3_nodelim_norole_nocot,lusa_89,1,extraction,A man,,1.0
qwen3_14b,english,participants,ext_def_exp,temp0.3_nodelim_norole_nocot,lusa_89,1,extraction,a shark,,1.0
qwen3_14b,english,participants,ext_def_exp,temp0.3_nodelim_norole_nocot,lusa_89,1,extraction,a beach,,0.9
qwen3_14b,english,participants,ext_def_exp,temp0.3_nodelim_norole_nocot,lusa_89,1,extraction,the western coast of Australia,,0.9
qwen3_14b,english,participants,ext_def_exp,temp0.3_nodelim_norole_nocot,lusa_89,1,extraction,Australia,,0.8
qwen3_14b,english,participants,ext_def_exp,temp0.3_nodelim_norole_nocot,lusa_89,1,extraction,international agencies,,0.9
qwen3_14b,english,participants,ext_def_exp,temp0.3_nodelim_norole_nocot,lusa_89,1,extraction,the eighth death,,0.7
qwen3_14b,english,participants,cls_def_exp,temp0.3_nodelim_norole_nocot,lusa_89,1,classification,A man,Per,0.95
qwen3_14b,english,participants,cls_def_exp,temp0.3_nodelim_norole_nocot,lusa_89,1,classification,a shark,Nat,0.95
qwen3_14b,english,participants,cls_def_exp,temp0.3_nodelim_norole_nocot,lusa_89,1,classification,a beach,Pl_region,0.85
qwen3_14b,english,participants,cls_def_exp,temp0.3_nodelim_norole_nocot,lusa_89,1,classification,the western coast of Australia,Pl_region,0.8
qwen3_14b,english,participants,cls_def_exp,temp0.3_nodelim_norole_nocot,lusa_89,1,classification,Australia,Pl_country,0.95
qwen3_14b,english,participants,cls_def_exp,temp0.3_nodelim_norole_nocot,lusa_89,1,classification,international agencies,Org,0.9
qwen3_14b,english,participants,cls_def_exp,temp0.3_nodelim_norole_nocot,lusa_89,1,classification,the eighth death,Other,0.7
qwen3_14b,english,participants,sent_def_exp,temp0.3_nodelim_norole_nocot,lusa_89,2,detection,,yes,0.95
qwen3_14b,english,participants,ext_def_exp,temp0.3_nodelim_norole_nocot,lusa_89,2,extraction,The 55-year-old man,,1.0
qwen3_14b,english,participants,ext_def_exp,temp0.3_nodelim_norole_nocot,lusa_89,2,extraction,the man,,0.9
qwen3_14b,english,participants,ext_def_exp,temp0.3_nodelim_norole_nocot,lusa_89,2,extraction,the shark,,1.0
qwen3_14b,english,participants,ext_def_exp,temp0.3_nodelim_norole_nocot,lusa_89,2,extraction,tourist beach of Cable,,0.9
qwen3_14b,english,participants,ext_def_exp,temp0.3_nodelim_norole_nocot,lusa_89,2,extraction,Cable,,0.8
qwen3_14b,english,participants,ext_def_exp,temp0.3_nodelim_norole_nocot,lusa_89,2,extraction,northwestern Australia,,0.8
qwen3_14b,english,participants,ext_def_exp,temp0.3_nodelim_norole_nocot,lusa_89,2,extraction,Indian Ocean,,0.8
qwen3_14b,english,participants,cls_def_exp,temp0.3_nodelim_norole_nocot,lusa_89,2,classification,The 55-year-old man,Per,0.95
qwen3_14b,english,participants,cls_def_exp,temp0.3_nodelim_norole_nocot,lusa_89,2,classification,the man,Per,0.95
qwen3_14b,english,participants,cls_def_exp,temp0.3_nodelim_norole_nocot,lusa_89,2,classification,the shark,Nat,0.9
qwen3_14b,english,participants,cls_def_exp,temp0.3_nodelim_norole_nocot,lusa_89,2,classification,tourist beach of Cable,Pl_region,0.8
qwen3_14b,english,participants,cls_def_exp,temp0.3_nodelim_norole_nocot,lusa_89,2,classification,Cable,Pl_civil,0.75
qwen3_14b,english,participants,cls_def_exp,temp0.3_nodelim_norole_nocot,lusa_89,2,classification,northwestern Australia,Pl_region,0.9
qwen3_14b,english,participants,cls_def_exp,temp0.3_nodelim_norole_nocot,lusa_89,2,classification,Indian Ocean,Pl_water,0.95
qwen3_14b,english,participants,sent_def_exp,temp0.3_nodelim_norole_nocot,lusa_89,3,detection,,yes,0.95
qwen3_14b,english,participants,ext_def_exp,temp0.3_nodelim_norole_nocot,lusa_89,3,extraction,The victim,,0.95
qwen3_14b,english,participants,ext_def_exp,temp0.3_nodelim_norole_nocot,lusa_89,3,extraction,police,,0.9
qwen3_14b,english,participants,ext_def_exp,temp0.3_nodelim_norole_nocot,lusa_89,3,extraction,paramedics,,0.9
qwen3_14b,english,participants,ext_def_exp,temp0.3_nodelim_norole_nocot,lusa_89,3,extraction,the water,,0.8
qwen3_14b,english,participants,ext_def_exp,temp0.3_nodelim_norole_nocot,lusa_89,3,extraction,the scene,,0.7
qwen3_14b,english,participants,cls_def_exp,temp0.3_nodelim_norole_nocot,lusa_89,3,classification,The victim,Per,0.95
qwen3_14b,english,participants,cls_def_exp,temp0.3_nodelim_norole_nocot,lusa_89,3,classification,police,Org,0.9
qwen3_14b,english,participants,cls_def_exp,temp0.3_nodelim_norole_nocot,lusa_89,3,classification,paramedics,Org,0.9
qwen3_14b,english,participants,cls_def_exp,temp0.3_nodelim_norole_nocot,lusa_89,3,classification,the water,Nat,0.7
qwen3_14b,english,participants,cls_def_exp,temp0.3_nodelim_norole_nocot,lusa_89,3,classification,the scene,Loc,0.8
qwen3_14b,english,participants,sent_def_exp,temp0.3_nodelim_norole_nocot,lusa_89,4,detection,,yes,0.95
qwen3_14b,english,participants,ext_def_exp,temp0.3_nodelim_norole_nocot,lusa_89,4,extraction,The police,,0.95
qwen3_14b,english,participants,ext_def_exp,temp0.3_nodelim_norole_nocot,lusa_89,4,extraction,the shark,,0.9
qwen3_14b,english,participants,ext_def_exp,temp0.3_nodelim_norole_nocot,lusa_89,4,extraction,the beach,,0.8
qwen3_14b,english,participants,cls_def_exp,temp0.3_nodelim_norole_nocot,lusa_89,4,classification,The police,Org,0.95
qwen3_14b,english,participants,cls_def_exp,temp0.3_nodelim_norole_nocot,lusa_89,4,classification,the shark,Nat,0.98
qwen3_14b,english,participants,cls_def_exp,temp0.3_nodelim_norole_nocot,lusa_89,4,classification,the beach,Loc,0.75
qwen3_14b,english,participants,sent_def_exp,temp0.3_nodelim_norole_nocot,lusa_89,5,detection,,yes,0.75
qwen3_14b,english,participants,ext_def_exp,temp0.3_nodelim_norole_nocot,lusa_89,5,extraction,shark attacks,,0.8
qwen3_14b,english,participants,ext_def_exp,temp0.3_nodelim_norole_nocot,lusa_89,5,extraction,Australia,,0.9
qwen3_14b,english,participants,ext_def_exp,temp0.3_nodelim_norole_nocot,lusa_89,5,extraction,people,,0.5
qwen3_14b,english,participants,cls_def_exp,temp0.3_nodelim_norole_nocot,lusa_89,5,classification,shark attacks,Other,0.6
qwen3_14b,english,participants,cls_def_exp,temp0.3_nodelim_norole_nocot,lusa_89,5,classification,Australia,Pl_country,0.95
qwen3_14b,english,participants,cls_def_exp,temp0.3_nodelim_norole_nocot,lusa_89,5,classification,people,Per,0.95
qwen3_14b,english,participants,sent_def_exp,temp0.3_nodelim_norole_nocot,lusa_89,6,detection,,no,0.75
qwen3_14b,english,participants,sent_def_exp,temp0.3_nodelim_norole_nocot,lusa_89,7,detection,,yes,0.95
qwen3_14b,english,participants,ext_def_exp,temp0.3_nodelim_norole_nocot,lusa_89,7,extraction,government scientific agency CSIRO,,1.0
qwen3_14b,english,participants,ext_def_exp,temp0.3_nodelim_norole_nocot,lusa_89,7,extraction,Australia,,1.0
qwen3_14b,english,participants,ext_def_exp,temp0.3_nodelim_norole_nocot,lusa_89,7,extraction,white sharks,,1.0
qwen3_14b,english,participants,cls_def_exp,temp0.3_nodelim_norole_nocot,lusa_89,7,classification,government scientific agency CSIRO,Org,0.95
qwen3_14b,english,participants,cls_def_exp,temp0.3_nodelim_norole_nocot,lusa_89,7,classification,Australia,Pl_country,0.95
qwen3_14b,english,participants,cls_def_exp,temp0.3_nodelim_norole_nocot,lusa_89,7,classification,white sharks,Nat,0.9
qwen3_14b,english,participants,sent_def_exp,temp0.3_nodelim_norole_nocot,lusa_9,1,detection,,yes,0.95
qwen3_14b,english,participants,ext_def_exp,temp0.3_nodelim_norole_nocot,lusa_9,1,extraction,A 38-year-old man,,0.9
qwen3_14b,english,participants,ext_def_exp,temp0.3_nodelim_norole_nocot,lusa_9,1,extraction,man,,0.8
qwen3_14b,english,participants,ext_def_exp,temp0.3_nodelim_norole_nocot,lusa_9,1,extraction,GNR,,0.95
qwen3_14b,english,participants,ext_def_exp,temp0.3_nodelim_norole_nocot,lusa_9,1,extraction,the GNR,,0.9
qwen3_14b,english,participants,ext_def_exp,temp0.3_nodelim_norole_nocot,lusa_9,1,extraction,that police force,,0.9
qwen3_14b,english,participants,ext_def_exp,temp0.3_nodelim_norole_nocot,lusa_9,1,extraction,Vila do Conde,,0.85
qwen3_14b,english,participants,ext_def_exp,temp0.3_nodelim_norole_nocot,lusa_9,1,extraction,drugs,,0.75
qwen3_14b,english,participants,ext_def_exp,temp0.3_nodelim_norole_nocot,lusa_9,1,extraction,the police force,,0.9
qwen3_14b,english,participants,cls_def_exp,temp0.3_nodelim_norole_nocot,lusa_9,1,classification,A 38-year-old man,Per,0.95
qwen3_14b,english,participants,cls_def_exp,temp0.3_nodelim_norole_nocot,lusa_9,1,classification,man,Per,0.9
qwen3_14b,english,participants,cls_def_exp,temp0.3_nodelim_norole_nocot,lusa_9,1,classification,GNR,Org,0.95
qwen3_14b,english,participants,cls_def_exp,temp0.3_nodelim_norole_nocot,lusa_9,1,classification,the GNR,Org,0.95
qwen3_14b,english,participants,cls_def_exp,temp0.3_nodelim_norole_nocot,lusa_9,1,classification,that police force,Org,0.9
qwen3_14b,english,participants,cls_def_exp,temp0.3_nodelim_norole_nocot,lusa_9,1,classification,Vila do Conde,Pl_civil,0.95
qwen3_14b,english,participants,cls_def_exp,temp0.3_nodelim_norole_nocot,lusa_9,1,classification,drugs,Obj,0.9
qwen3_14b,english,participants,cls_def_exp,temp0.3_nodelim_norole_nocot,lusa_9,1,classification,the police force,Org,0.95
qwen3_14b,english,participants,sent_def_exp,temp0.3_nodelim_norole_nocot,lusa_9,2,detection,,yes,0.95
qwen3_14b,english,participants,ext_def_exp,temp0.3_nodelim_norole_nocot,lusa_9,2,extraction,GNR,,1.0
qwen3_14b,english,participants,ext_def_exp,temp0.3_nodelim_norole_nocot,lusa_9,2,extraction,the vehicle,,0.7
qwen3_14b,english,participants,cls_def_exp,temp0.3_nodelim_norole_nocot,lusa_9,2,classification,GNR,Org,0.95
qwen3_14b,english,participants,cls_def_exp,temp0.3_nodelim_norole_nocot,lusa_9,2,classification,the vehicle,Obj,0.95
qwen3_14b,english,participants,sent_def_exp,temp0.3_nodelim_norole_nocot,lusa_9,3,detection,,yes,0.95
qwen3_14b,english,participants,ext_def_exp,temp0.3_nodelim_norole_nocot,lusa_9,3,extraction,the suspect,,0.95
qwen3_14b,english,participants,ext_def_exp,temp0.3_nodelim_norole_nocot,lusa_9,3,extraction,GNR,,0.9
qwen3_14b,english,participants,ext_def_exp,temp0.3_nodelim_norole_nocot,lusa_9,3,extraction,a criminal record,,0.7
qwen3_14b,english,participants,cls_def_exp,temp0.3_nodelim_norole_nocot,lusa_9,3,classification,the suspect,Per,0.95
qwen3_14b,english,participants,cls_def_exp,temp0.3_nodelim_norole_nocot,lusa_9,3,classification,GNR,Org,0.9
qwen3_14b,english,participants,cls_def_exp,temp0.3_nodelim_norole_nocot,lusa_9,3,classification,a criminal record,Obj,0.85
qwen3_14b,english,participants,sent_def_exp,temp0.3_nodelim_norole_nocot,lusa_9,4,detection,,yes,0.95
qwen3_14b,english,participants,ext_def_exp,temp0.3_nodelim_norole_nocot,lusa_9,4,extraction,The Guard,,0.9
qwen3_14b,english,participants,ext_def_exp,temp0.3_nodelim_norole_nocot,lusa_9,4,extraction,the man,,0.95
qwen3_14b,english,participants,ext_def_exp,temp0.3_nodelim_norole_nocot,lusa_9,4,extraction,Judicial Court of Vila do Conde,,0.9
qwen3_14b,english,participants,ext_def_exp,temp0.3_nodelim_norole_nocot,lusa_9,4,extraction,prison,,0.8
qwen3_14b,english,participants,ext_def_exp,temp0.3_nodelim_norole_nocot,lusa_9,4,extraction,warrant,,0.85
qwen3_14b,english,participants,cls_def_exp,temp0.3_nodelim_norole_nocot,lusa_9,4,classification,The Guard,Org,0.7
qwen3_14b,english,participants,cls_def_exp,temp0.3_nodelim_norole_nocot,lusa_9,4,classification,the man,Per,1.0
qwen3_14b,english,participants,cls_def_exp,temp0.3_nodelim_norole_nocot,lusa_9,4,classification,Judicial Court of Vila do Conde,Org,1.0
qwen3_14b,english,participants,cls_def_exp,temp0.3_nodelim_norole_nocot,lusa_9,4,classification,prison,Fac,1.0
qwen3_14b,english,participants,cls_def_exp,temp0.3_nodelim_norole_nocot,lusa_9,4,classification,warrant,Obj,1.0
qwen3_14b,english,participants,sent_def_exp,temp0.3_nodelim_norole_nocot,lusa_9,5,detection,,yes,0.95
qwen3_14b,english,participants,ext_def_exp,temp0.3_nodelim_norole_nocot,lusa_9,5,extraction,The detainee,,0.95
qwen3_14b,english,participants,ext_def_exp,temp0.3_nodelim_norole_nocot,lusa_9,5,extraction,Porto Prison,,0.9
qwen3_14b,english,participants,ext_def_exp,temp0.3_nodelim_norole_nocot,lusa_9,5,extraction,Judicial Court of Vila do Conde,,0.9
qwen3_14b,english,participants,ext_def_exp,temp0.3_nodelim_norole_nocot,lusa_9,5,extraction,press release,,0.8
qwen3_14b,english,participants,cls_def_exp,temp0.3_nodelim_norole_nocot,lusa_9,5,classification,The detainee,Per,0.95
qwen3_14b,english,participants,cls_def_exp,temp0.3_nodelim_norole_nocot,lusa_9,5,classification,Porto Prison,Fac,0.9
qwen3_14b,english,participants,cls_def_exp,temp0.3_nodelim_norole_nocot,lusa_9,5,classification,Judicial Court of Vila do Conde,Org,0.85
qwen3_14b,english,participants,cls_def_exp,temp0.3_nodelim_norole_nocot,lusa_9,5,classification,press release,Other,0.8
qwen3_14b,english,participants,sent_def_exp,temp0.3_nodelim_norole_nocot,lusa_90,1,detection,,yes,0.95
qwen3_14b,english,participants,ext_def_exp,temp0.3_nodelim_norole_nocot,lusa_90,1,extraction,A man from Amarante,,0.95
qwen3_14b,english,participants,ext_def_exp,temp0.3_nodelim_norole_nocot,lusa_90,1,extraction,his wife,,0.9
qwen3_14b,english,participants,ext_def_exp,temp0.3_nodelim_norole_nocot,lusa_90,1,extraction,the victim,,0.85
qwen3_14b,english,participants,ext_def_exp,temp0.3_nodelim_norole_nocot,lusa_90,1,extraction,other family members,,0.8
qwen3_14b,english,participants,ext_def_exp,temp0.3_nodelim_norole_nocot,lusa_90,1,extraction,their common daughter,,0.8
qwen3_14b,english,participants,ext_def_exp,temp0.3_nodelim_norole_nocot,lusa_90,1,extraction,the GNR,,0.95
qwen3_14b,english,participants,ext_def_exp,temp0.3_nodelim_norole_nocot,lusa_90,1,extraction,Amarante,,0.7
qwen3_14b,english,participants,cls_def_exp,temp0.3_nodelim_norole_nocot,lusa_90,1,classification,A man from Amarante,Per,0.95
qwen3_14b,english,participants,cls_def_exp,temp0.3_nodelim_norole_nocot,lusa_90,1,classification,his wife,Per,0.95
qwen3_14b,english,participants,cls_def_exp,temp0.3_nodelim_norole_nocot,lusa_90,1,classification,the victim,Per,0.9
qwen3_14b,english,participants,cls_def_exp,temp0.3_nodelim_norole_nocot,lusa_90,1,classification,other family members,Per,0.9
qwen3_14b,english,participants,cls_def_exp,temp0.3_nodelim_norole_nocot,lusa_90,1,classification,their common daughter,Per,0.95
qwen3_14b,english,participants,cls_def_exp,temp0.3_nodelim_norole_nocot,lusa_90,1,classification,the GNR,Org,0.95
qwen3_14b,english,participants,cls_def_exp,temp0.3_nodelim_norole_nocot,lusa_90,1,classification,Amarante,Pl_civil,0.85
qwen3_14b,english,participants,sent_def_exp,temp0.3_nodelim_norole_nocot,lusa_90,2,detection,,yes,0.95
qwen3_14b,english,participants,ext_def_exp,temp0.3_nodelim_norole_nocot,lusa_90,2,extraction,police force,,0.9
qwen3_14b,english,participants,ext_def_exp,temp0.3_nodelim_norole_nocot,lusa_90,2,extraction,the defendant,,0.8
qwen3_14b,english,participants,ext_def_exp,temp0.3_nodelim_norole_nocot,lusa_90,2,extraction,Criminal Investigation Court,,0.7
qwen3_14b,english,participants,ext_def_exp,temp0.3_nodelim_norole_nocot,lusa_90,2,extraction,Penafiel,,0.6
qwen3_14b,english,participants,cls_def_exp,temp0.3_nodelim_norole_nocot,lusa_90,2,classification,police force,Org,0.95
qwen3_14b,english,participants,cls_def_exp,temp0.3_nodelim_norole_nocot,lusa_90,2,classification,the defendant,Per,0.9
qwen3_14b,english,participants,cls_def_exp,temp0.3_nodelim_norole_nocot,lusa_90,2,classification,Criminal Investigation Court,Fac,0.9
qwen3_14b,english,participants,cls_def_exp,temp0.3_nodelim_norole_nocot,lusa_90,2,classification,Penafiel,Pl_civil,0.85
qwen3_14b,english,participants,sent_def_exp,temp0.3_nodelim_norole_nocot,lusa_90,3,detection,,yes,0.95
qwen3_14b,english,participants,ext_def_exp,temp0.3_nodelim_norole_nocot,lusa_90,3,extraction,GNR,,0.9
qwen3_14b,english,participants,ext_def_exp,temp0.3_nodelim_norole_nocot,lusa_90,3,extraction,the 47-year-old man,,0.9
qwen3_14b,english,participants,ext_def_exp,temp0.3_nodelim_norole_nocot,lusa_90,3,extraction,the victim,,0.8
qwen3_14b,english,participants,ext_def_exp,temp0.3_nodelim_norole_nocot,lusa_90,3,extraction,his 46-year-old wife,,0.9
qwen3_14b,english,participants,ext_def_exp,temp0.3_nodelim_norole_nocot,lusa_90,3,extraction,their youngest daughter,,0.7
qwen3_14b,english,participants,cls_def_exp,temp0.3_nodelim_norole_nocot,lusa_90,3,classification,GNR,Org,0.95
qwen3_14b,english,participants,cls_def_exp,temp0.3_nodelim_norole_nocot,lusa_90,3,classification,the 47-year-old man,Per,0.95
qwen3_14b,english,participants,cls_def_exp,temp0.3_nodelim_norole_nocot,lusa_90,3,classification,the victim,Per,0.9
qwen3_14b,english,participants,cls_def_exp,temp0.3_nodelim_norole_nocot,lusa_90,3,classification,his 46-year-old wife,Per,0.95
qwen3_14b,english,participants,cls_def_exp,temp0.3_nodelim_norole_nocot,lusa_90,3,classification,their youngest daughter,Per,0.95
qwen3_14b,english,participants,sent_def_exp,temp0.3_nodelim_norole_nocot,lusa_90,4,detection,,yes,0.95
qwen3_14b,english,participants,ext_def_exp,temp0.3_nodelim_norole_nocot,lusa_90,4,extraction,the victim,,0.95
qwen3_14b,english,participants,ext_def_exp,temp0.3_nodelim_norole_nocot,lusa_90,4,extraction,her daughter,,0.95
qwen3_14b,english,participants,ext_def_exp,temp0.3_nodelim_norole_nocot,lusa_90,4,extraction,the family home,,0.8
qwen3_14b,english,participants,ext_def_exp,temp0.3_nodelim_norole_nocot,lusa_90,4,extraction,the residence,,0.8
qwen3_14b,english,participants,cls_def_exp,temp0.3_nodelim_norole_nocot,lusa_90,4,classification,the victim,Per,0.95
qwen3_14b,english,participants,cls_def_exp,temp0.3_nodelim_norole_nocot,lusa_90,4,classification,her daughter,Per,0.9
qwen3_14b,english,participants,cls_def_exp,temp0.3_nodelim_norole_nocot,lusa_90,4,classification,the family home,Fac,0.9
qwen3_14b,english,participants,cls_def_exp,temp0.3_nodelim_norole_nocot,lusa_90,4,classification,the residence,Fac,0.85
qwen3_14b,english,participants,sent_def_exp,temp0.3_nodelim_norole_nocot,lusa_90,5,detection,,yes,0.95
qwen3_14b,english,participants,ext_def_exp,temp0.3_nodelim_norole_nocot,lusa_90,5,extraction,The Criminal Instruction Court,,0.95
qwen3_14b,english,participants,ext_def_exp,temp0.3_nodelim_norole_nocot,lusa_90,5,extraction,the victim,,0.9
qwen3_14b,english,participants,cls_def_exp,temp0.3_nodelim_norole_nocot,lusa_90,5,classification,The Criminal Instruction Court,Org,0.95
qwen3_14b,english,participants,cls_def_exp,temp0.3_nodelim_norole_nocot,lusa_90,5,classification,the victim,Per,0.95
qwen3_14b,english,participants,sent_def_exp,temp0.3_nodelim_norole_nocot,lusa_90,6,detection,,yes,0.95
qwen3_14b,english,participants,ext_def_exp,temp0.3_nodelim_norole_nocot,lusa_90,6,extraction,him,,0.8
qwen3_14b,english,participants,ext_def_exp,temp0.3_nodelim_norole_nocot,lusa_90,6,extraction,the victim,,0.9
qwen3_14b,english,participants,cls_def_exp,temp0.3_nodelim_norole_nocot,lusa_90,6,classification,him,Per,0.95
qwen3_14b,english,participants,cls_def_exp,temp0.3_nodelim_norole_nocot,lusa_90,6,classification,the victim,Per,0.95
qwen3_14b,english,participants,sent_def_exp,temp0.3_nodelim_norole_nocot,lusa_91,1,detection,,yes,0.95
qwen3_14b,english,participants,ext_def_exp,temp0.3_nodelim_norole_nocot,lusa_91,1,extraction,A 28-year-old man,,0.9
qwen3_14b,english,participants,ext_def_exp,temp0.3_nodelim_norole_nocot,lusa_91,1,extraction,his ex-partner,,0.8
qwen3_14b,english,participants,ext_def_exp,temp0.3_nodelim_norole_nocot,lusa_91,1,extraction,the GNR,,0.9
qwen3_14b,english,participants,ext_def_exp,temp0.3_nodelim_norole_nocot,lusa_91,1,extraction,Vila Nova de Gaia,,0.8
qwen3_14b,english,participants,cls_def_exp,temp0.3_nodelim_norole_nocot,lusa_91,1,classification,A 28-year-old man,Per,0.95
qwen3_14b,english,participants,cls_def_exp,temp0.3_nodelim_norole_nocot,lusa_91,1,classification,his ex-partner,Per,0.9
qwen3_14b,english,participants,cls_def_exp,temp0.3_nodelim_norole_nocot,lusa_91,1,classification,the GNR,Org,0.95
qwen3_14b,english,participants,cls_def_exp,temp0.3_nodelim_norole_nocot,lusa_91,1,classification,Vila Nova de Gaia,Pl_civil,0.9
qwen3_14b,english,participants,sent_def_exp,temp0.3_nodelim_norole_nocot,lusa_91,2,detection,,yes,0.95
qwen3_14b,english,participants,ext_def_exp,temp0.3_nodelim_norole_nocot,lusa_91,2,extraction,the detainee,,0.9
qwen3_14b,english,participants,ext_def_exp,temp0.3_nodelim_norole_nocot,lusa_91,2,extraction,the victim,,0.9
qwen3_14b,english,participants,ext_def_exp,temp0.3_nodelim_norole_nocot,lusa_91,2,extraction,electronic bracelet,,0.7
qwen3_14b,english,participants,ext_def_exp,temp0.3_nodelim_norole_nocot,lusa_91,2,extraction,the police force,,0.9
qwen3_14b,english,participants,ext_def_exp,temp0.3_nodelim_norole_nocot,lusa_91,2,extraction,this police force,,0.8
qwen3_14b,english,participants,ext_def_exp,temp0.3_nodelim_norole_nocot,lusa_91,2,extraction,the same places,,0.6
qwen3_14b,english,participants,cls_def_exp,temp0.3_nodelim_norole_nocot,lusa_91,2,classification,the detainee,Per,0.95
qwen3_14b,english,participants,cls_def_exp,temp0.3_nodelim_norole_nocot,lusa_91,2,classification,the victim,Per,0.95
qwen3_14b,english,participants,cls_def_exp,temp0.3_nodelim_norole_nocot,lusa_91,2,classification,electronic bracelet,Obj,0.9
qwen3_14b,english,participants,cls_def_exp,temp0.3_nodelim_norole_nocot,lusa_91,2,classification,the police force,Org,0.95
qwen3_14b,english,participants,cls_def_exp,temp0.3_nodelim_norole_nocot,lusa_91,2,classification,this police force,Org,0.95
qwen3_14b,english,participants,cls_def_exp,temp0.3_nodelim_norole_nocot,lusa_91,2,classification,the same places,Loc,0.8
qwen3_14b,english,participants,sent_def_exp,temp0.3_nodelim_norole_nocot,lusa_91,3,detection,,yes,0.95
qwen3_14b,english,participants,ext_def_exp,temp0.3_nodelim_norole_nocot,lusa_91,3,extraction,GNR military,,0.9
qwen3_14b,english,participants,ext_def_exp,temp0.3_nodelim_norole_nocot,lusa_91,3,extraction,suspect,,0.8
qwen3_14b,english,participants,ext_def_exp,temp0.3_nodelim_norole_nocot,lusa_91,3,extraction,30-year-old victim,,0.8
qwen3_14b,english,participants,cls_def_exp,temp0.3_nodelim_norole_nocot,lusa_91,3,classification,GNR military,Org,0.95
qwen3_14b,english,participants,cls_def_exp,temp0.3_nodelim_norole_nocot,lusa_91,3,classification,suspect,Per,0.95
qwen3_14b,english,participants,cls_def_exp,temp0.3_nodelim_norole_nocot,lusa_91,3,classification,30-year-old victim,Per,0.95
qwen3_14b,english,participants,sent_def_exp,temp0.3_nodelim_norole_nocot,lusa_91,4,detection,,yes,0.95
qwen3_14b,english,participants,ext_def_exp,temp0.3_nodelim_norole_nocot,lusa_91,4,extraction,he,,0.5
qwen3_14b,english,participants,ext_def_exp,temp0.3_nodelim_norole_nocot,lusa_91,4,extraction,the victim,,0.8
qwen3_14b,english,participants,ext_def_exp,temp0.3_nodelim_norole_nocot,lusa_91,4,extraction,the victim's vehicle,,0.7
qwen3_14b,english,participants,cls_def_exp,temp0.3_nodelim_norole_nocot,lusa_91,4,classification,he,Per,0.95
qwen3_14b,english,participants,cls_def_exp,temp0.3_nodelim_norole_nocot,lusa_91,4,classification,the victim,Per,0.95
qwen3_14b,english,participants,cls_def_exp,temp0.3_nodelim_norole_nocot,lusa_91,4,classification,the victim's vehicle,Obj,0.95
qwen3_14b,english,participants,sent_def_exp,temp0.3_nodelim_norole_nocot,lusa_92,1,detection,,yes,0.95
qwen3_14b,english,participants,ext_def_exp,temp0.3_nodelim_norole_nocot,lusa_92,1,extraction,A man,,0.95
qwen3_14b,english,participants,ext_def_exp,temp0.3_nodelim_norole_nocot,lusa_92,1,extraction,"Jesufrei, Vila Nova de Famalicão",,0.9
qwen3_14b,english,participants,ext_def_exp,temp0.3_nodelim_norole_nocot,lusa_92,1,extraction,a roof,,0.8
qwen3_14b,english,participants,ext_def_exp,temp0.3_nodelim_norole_nocot,lusa_92,1,extraction,a source,,0.8
qwen3_14b,english,participants,ext_def_exp,temp0.3_nodelim_norole_nocot,lusa_92,1,extraction,Braga District Relief Operations Command,,0.95
qwen3_14b,english,participants,cls_def_exp,temp0.3_nodelim_norole_nocot,lusa_92,1,classification,A man,Per,0.95
qwen3_14b,english,participants,cls_def_exp,temp0.3_nodelim_norole_nocot,lusa_92,1,classification,"Jesufrei, Vila Nova de Famalicão",Pl_civil,0.9
qwen3_14b,english,participants,cls_def_exp,temp0.3_nodelim_norole_nocot,lusa_92,1,classification,a roof,Obj,0.95
qwen3_14b,english,participants,cls_def_exp,temp0.3_nodelim_norole_nocot,lusa_92,1,classification,a source,Per,0.85
qwen3_14b,english,participants,cls_def_exp,temp0.3_nodelim_norole_nocot,lusa_92,1,classification,Braga District Relief Operations Command,Org,0.95
qwen3_14b,english,participants,sent_def_exp,temp0.3_nodelim_norole_nocot,lusa_92,2,detection,,yes,0.95
qwen3_14b,english,participants,ext_def_exp,temp0.3_nodelim_norole_nocot,lusa_92,2,extraction,the victim,,0.95
qwen3_14b,english,participants,ext_def_exp,temp0.3_nodelim_norole_nocot,lusa_92,2,extraction,the source,,0.8
qwen3_14b,english,participants,cls_def_exp,temp0.3_nodelim_norole_nocot,lusa_92,2,classification,the victim,Per,0.95
qwen3_14b,english,participants,cls_def_exp,temp0.3_nodelim_norole_nocot,lusa_92,2,classification,the source,Per,0.8
qwen3_14b,english,participants,sent_def_exp,temp0.3_nodelim_norole_nocot,lusa_92,3,detection,,yes,0.95
qwen3_14b,english,participants,ext_def_exp,temp0.3_nodelim_norole_nocot,lusa_92,3,extraction,He,,0.95
qwen3_14b,english,participants,cls_def_exp,temp0.3_nodelim_norole_nocot,lusa_92,3,classification,He,Per,0.95
qwen3_14b,english,participants,sent_def_exp,temp0.3_nodelim_norole_nocot,lusa_92,4,detection,,no,0.7
qwen3_14b,english,participants,sent_def_exp,temp0.3_nodelim_norole_nocot,lusa_92,5,detection,,yes,0.95
qwen3_14b,english,participants,ext_def_exp,temp0.3_nodelim_norole_nocot,lusa_92,5,extraction,emergency and resuscitation medical vehicle (VMER),,0.95
qwen3_14b,english,participants,ext_def_exp,temp0.3_nodelim_norole_nocot,lusa_92,5,extraction,firefighters,,0.9
qwen3_14b,english,participants,ext_def_exp,temp0.3_nodelim_norole_nocot,lusa_92,5,extraction,six men,,0.6
qwen3_14b,english,participants,ext_def_exp,temp0.3_nodelim_norole_nocot,lusa_92,5,extraction,three vehicles,,0.6
qwen3_14b,english,participants,cls_def_exp,temp0.3_nodelim_norole_nocot,lusa_92,5,classification,emergency and resuscitation medical vehicle (VMER),Veh,0.95
qwen3_14b,english,participants,cls_def_exp,temp0.3_nodelim_norole_nocot,lusa_92,5,classification,firefighters,Per,0.95
qwen3_14b,english,participants,cls_def_exp,temp0.3_nodelim_norole_nocot,lusa_92,5,classification,six men,Per,0.9
qwen3_14b,english,participants,cls_def_exp,temp0.3_nodelim_norole_nocot,lusa_92,5,classification,three vehicles,Veh,0.95
qwen3_14b,english,participants,sent_def_exp,temp0.3_nodelim_norole_nocot,lusa_92,6,detection,,yes,0.95
qwen3_14b,english,participants,ext_def_exp,temp0.3_nodelim_norole_nocot,lusa_92,6,extraction,GNR,,0.95
qwen3_14b,english,participants,cls_def_exp,temp0.3_nodelim_norole_nocot,lusa_92,6,classification,GNR,Org,0.95
qwen3_14b,english,participants,sent_def_exp,temp0.3_nodelim_norole_nocot,lusa_93,1,detection,,yes,0.95
qwen3_14b,english,participants,ext_def_exp,temp0.3_nodelim_norole_nocot,lusa_93,1,extraction,A 32-year-old man,,0.95
qwen3_14b,english,participants,ext_def_exp,temp0.3_nodelim_norole_nocot,lusa_93,1,extraction,the Tua River,,0.9
qwen3_14b,english,participants,ext_def_exp,temp0.3_nodelim_norole_nocot,lusa_93,1,extraction,Valverde da Gestosa area,,0.85
qwen3_14b,english,participants,ext_def_exp,temp0.3_nodelim_norole_nocot,lusa_93,1,extraction,Mirandela,,0.9
qwen3_14b,english,participants,ext_def_exp,temp0.3_nodelim_norole_nocot,lusa_93,1,extraction,the GNR,,0.95
qwen3_14b,english,participants,cls_def_exp,temp0.3_nodelim_norole_nocot,lusa_93,1,classification,A 32-year-old man,Per,0.95
qwen3_14b,english,participants,cls_def_exp,temp0.3_nodelim_norole_nocot,lusa_93,1,classification,the Tua River,Pl_water,0.9
qwen3_14b,english,participants,cls_def_exp,temp0.3_nodelim_norole_nocot,lusa_93,1,classification,Valverde da Gestosa area,Pl_region,0.85
qwen3_14b,english,participants,cls_def_exp,temp0.3_nodelim_norole_nocot,lusa_93,1,classification,Mirandela,Pl_civil,0.9
qwen3_14b,english,participants,cls_def_exp,temp0.3_nodelim_norole_nocot,lusa_93,1,classification,the GNR,Org,0.95
qwen3_14b,english,participants,sent_def_exp,temp0.3_nodelim_norole_nocot,lusa_93,2,detection,,yes,0.95
qwen3_14b,english,participants,ext_def_exp,temp0.3_nodelim_norole_nocot,lusa_93,2,extraction,Lusa,,1.0
qwen3_14b,english,participants,ext_def_exp,temp0.3_nodelim_norole_nocot,lusa_93,2,extraction,that security force,,0.8
qwen3_14b,english,participants,ext_def_exp,temp0.3_nodelim_norole_nocot,lusa_93,2,extraction,the man,,1.0
qwen3_14b,english,participants,ext_def_exp,temp0.3_nodelim_norole_nocot,lusa_93,2,extraction,home,,0.7
qwen3_14b,english,participants,cls_def_exp,temp0.3_nodelim_norole_nocot,lusa_93,2,classification,Lusa,Org,0.95
qwen3_14b,english,participants,cls_def_exp,temp0.3_nodelim_norole_nocot,lusa_93,2,classification,that security force,Org,0.9
qwen3_14b,english,participants,cls_def_exp,temp0.3_nodelim_norole_nocot,lusa_93,2,classification,the man,Per,0.95
qwen3_14b,english,participants,cls_def_exp,temp0.3_nodelim_norole_nocot,lusa_93,2,classification,home,Fac,0.8
qwen3_14b,english,participants,sent_def_exp,temp0.3_nodelim_norole_nocot,lusa_93,3,detection,,yes,0.95
qwen3_14b,english,participants,ext_def_exp,temp0.3_nodelim_norole_nocot,lusa_93,3,extraction,authorities,,0.9
qwen3_14b,english,participants,ext_def_exp,temp0.3_nodelim_norole_nocot,lusa_93,3,extraction,the area,,0.6
qwen3_14b,english,participants,cls_def_exp,temp0.3_nodelim_norole_nocot,lusa_93,3,classification,authorities,Org,0.9
qwen3_14b,english,participants,cls_def_exp,temp0.3_nodelim_norole_nocot,lusa_93,3,classification,the area,Loc,0.75
qwen3_14b,english,participants,sent_def_exp,temp0.3_nodelim_norole_nocot,lusa_93,4,detection,,yes,0.95
qwen3_14b,english,participants,ext_def_exp,temp0.3_nodelim_norole_nocot,lusa_93,4,extraction,The body,,0.95
qwen3_14b,english,participants,ext_def_exp,temp0.3_nodelim_norole_nocot,lusa_93,4,extraction,authorities,,0.9
qwen3_14b,english,participants,ext_def_exp,temp0.3_nodelim_norole_nocot,lusa_93,4,extraction,fisherman's belongings,,0.85
qwen3_14b,english,participants,ext_def_exp,temp0.3_nodelim_norole_nocot,lusa_93,4,extraction,river,,0.8
qwen3_14b,english,participants,ext_def_exp,temp0.3_nodelim_norole_nocot,lusa_93,4,extraction,the place,,0.75
qwen3_14b,english,participants,cls_def_exp,temp0.3_nodelim_norole_nocot,lusa_93,4,classification,The body,Per,0.95
qwen3_14b,english,participants,cls_def_exp,temp0.3_nodelim_norole_nocot,lusa_93,4,classification,authorities,Org,0.9
qwen3_14b,english,participants,cls_def_exp,temp0.3_nodelim_norole_nocot,lusa_93,4,classification,fisherman's belongings,Obj,0.9
qwen3_14b,english,participants,cls_def_exp,temp0.3_nodelim_norole_nocot,lusa_93,4,classification,river,Pl_water,0.95
qwen3_14b,english,participants,cls_def_exp,temp0.3_nodelim_norole_nocot,lusa_93,4,classification,the place,Loc,0.75
qwen3_14b,english,participants,sent_def_exp,temp0.3_nodelim_norole_nocot,lusa_93,5,detection,,yes,0.95
qwen3_14b,english,participants,ext_def_exp,temp0.3_nodelim_norole_nocot,lusa_93,5,extraction,the source,,0.9
qwen3_14b,english,participants,ext_def_exp,temp0.3_nodelim_norole_nocot,lusa_93,5,extraction,Judiciary Police,,0.85
qwen3_14b,english,participants,cls_def_exp,temp0.3_nodelim_norole_nocot,lusa_93,5,classification,the source,Per,0.8
qwen3_14b,english,participants,cls_def_exp,temp0.3_nodelim_norole_nocot,lusa_93,5,classification,Judiciary Police,Org,0.95
qwen3_14b,english,participants,sent_def_exp,temp0.3_nodelim_norole_nocot,lusa_94,1,detection,,yes,0.95
qwen3_14b,english,participants,ext_def_exp,temp0.3_nodelim_norole_nocot,lusa_94,1,extraction,A man,,0.95
qwen3_14b,english,participants,ext_def_exp,temp0.3_nodelim_norole_nocot,lusa_94,1,extraction,Romariz,,0.8
qwen3_14b,english,participants,ext_def_exp,temp0.3_nodelim_norole_nocot,lusa_94,1,extraction,Santa Maria da Feira,,0.8
qwen3_14b,english,participants,ext_def_exp,temp0.3_nodelim_norole_nocot,lusa_94,1,extraction,Arrifana Fire Department,,0.95
qwen3_14b,english,participants,ext_def_exp,temp0.3_nodelim_norole_nocot,lusa_94,1,extraction,source,,0.7
qwen3_14b,english,participants,ext_def_exp,temp0.3_nodelim_norole_nocot,lusa_94,1,extraction,Lusa.,,0.9
qwen3_14b,english,participants,cls_def_exp,temp0.3_nodelim_norole_nocot,lusa_94,1,classification,A man,Per,0.95
qwen3_14b,english,participants,cls_def_exp,temp0.3_nodelim_norole_nocot,lusa_94,1,classification,Romariz,Pl_civil,0.85
qwen3_14b,english,participants,cls_def_exp,temp0.3_nodelim_norole_nocot,lusa_94,1,classification,Santa Maria da Feira,Pl_civil,0.9
qwen3_14b,english,participants,cls_def_exp,temp0.3_nodelim_norole_nocot,lusa_94,1,classification,Arrifana Fire Department,Org,0.95
qwen3_14b,english,participants,cls_def_exp,temp0.3_nodelim_norole_nocot,lusa_94,1,classification,source,Per,0.8
qwen3_14b,english,participants,cls_def_exp,temp0.3_nodelim_norole_nocot,lusa_94,1,classification,Lusa.,Org,0.95
qwen3_14b,english,participants,sent_def_exp,temp0.3_nodelim_norole_nocot,lusa_94,2,detection,,yes,0.95
qwen3_14b,english,participants,ext_def_exp,temp0.3_nodelim_norole_nocot,lusa_94,2,extraction,the man,,0.9
qwen3_14b,english,participants,ext_def_exp,temp0.3_nodelim_norole_nocot,lusa_94,2,extraction,the lid of the well,,0.9
qwen3_14b,english,participants,ext_def_exp,temp0.3_nodelim_norole_nocot,lusa_94,2,extraction,the well,,0.8
qwen3_14b,english,participants,ext_def_exp,temp0.3_nodelim_norole_nocot,lusa_94,2,extraction,the neighbor's property,,0.8
qwen3_14b,english,participants,ext_def_exp,temp0.3_nodelim_norole_nocot,lusa_94,2,extraction,the source,,0.7
qwen3_14b,english,participants,cls_def_exp,temp0.3_nodelim_norole_nocot,lusa_94,2,classification,the man,Per,0.95
qwen3_14b,english,participants,cls_def_exp,temp0.3_nodelim_norole_nocot,lusa_94,2,classification,the lid of the well,Obj,0.9
qwen3_14b,english,participants,cls_def_exp,temp0.3_nodelim_norole_nocot,lusa_94,2,classification,the well,Fac,0.95
qwen3_14b,english,participants,cls_def_exp,temp0.3_nodelim_norole_nocot,lusa_94,2,classification,the neighbor's property,Loc,0.75
qwen3_14b,english,participants,cls_def_exp,temp0.3_nodelim_norole_nocot,lusa_94,2,classification,the source,Per,0.85
qwen3_14b,english,participants,sent_def_exp,temp0.3_nodelim_norole_nocot,lusa_94,3,detection,,yes,0.95
qwen3_14b,english,participants,ext_def_exp,temp0.3_nodelim_norole_nocot,lusa_94,3,extraction,firefighters,,1.0
qwen3_14b,english,participants,ext_def_exp,temp0.3_nodelim_norole_nocot,lusa_94,3,extraction,the man,,1.0
qwen3_14b,english,participants,ext_def_exp,temp0.3_nodelim_norole_nocot,lusa_94,3,extraction,ropes,,0.8
qwen3_14b,english,participants,ext_def_exp,temp0.3_nodelim_norole_nocot,lusa_94,3,extraction,Santa Maria da Feira hospital,,1.0
qwen3_14b,english,participants,cls_def_exp,temp0.3_nodelim_norole_nocot,lusa_94,3,classification,firefighters,Per,0.95
qwen3_14b,english,participants,cls_def_exp,temp0.3_nodelim_norole_nocot,lusa_94,3,classification,the man,Per,0.95
qwen3_14b,english,participants,cls_def_exp,temp0.3_nodelim_norole_nocot,lusa_94,3,classification,ropes,Obj,0.9
qwen3_14b,english,participants,cls_def_exp,temp0.3_nodelim_norole_nocot,lusa_94,3,classification,Santa Maria da Feira hospital,Fac,0.95
qwen3_14b,english,participants,sent_def_exp,temp0.3_nodelim_norole_nocot,lusa_94,4,detection,,no,1.0
qwen3_14b,english,participants,sent_def_exp,temp0.3_nodelim_norole_nocot,lusa_94,5,detection,,yes,0.95
qwen3_14b,english,participants,ext_def_exp,temp0.3_nodelim_norole_nocot,lusa_94,5,extraction,GNR of Santa Maria da Feira,,0.9
qwen3_14b,english,participants,ext_def_exp,temp0.3_nodelim_norole_nocot,lusa_94,5,extraction,Santa Maria da Feira,,0.8
qwen3_14b,english,participants,cls_def_exp,temp0.3_nodelim_norole_nocot,lusa_94,5,classification,GNR of Santa Maria da Feira,Org,0.95
qwen3_14b,english,participants,cls_def_exp,temp0.3_nodelim_norole_nocot,lusa_94,5,classification,Santa Maria da Feira,Pl_civil,0.9
qwen3_14b,english,participants,sent_def_exp,temp0.3_nodelim_norole_nocot,lusa_95,1,detection,,yes,0.95
qwen3_14b,english,participants,ext_def_exp,temp0.3_nodelim_norole_nocot,lusa_95,1,extraction,"Reguengo, Cartaxo",,0.9
qwen3_14b,english,participants,ext_def_exp,temp0.3_nodelim_norole_nocot,lusa_95,1,extraction,district of Santarém,,0.8
qwen3_14b,english,participants,ext_def_exp,temp0.3_nodelim_norole_nocot,lusa_95,1,extraction,a source,,0.7
qwen3_14b,english,participants,ext_def_exp,temp0.3_nodelim_norole_nocot,lusa_95,1,extraction,District Relief Operations Command,,0.9
qwen3_14b,english,participants,ext_def_exp,temp0.3_nodelim_norole_nocot,lusa_95,1,extraction,Lusa agency,,0.9
qwen3_14b,english,participants,cls_def_exp,temp0.3_nodelim_norole_nocot,lusa_95,1,classification,"Reguengo, Cartaxo",Pl_civil,0.8
qwen3_14b,english,participants,cls_def_exp,temp0.3_nodelim_norole_nocot,lusa_95,1,classification,district of Santarém,Pl_state,0.9
qwen3_14b,english,participants,cls_def_exp,temp0.3_nodelim_norole_nocot,lusa_95,1,classification,a source,Per,0.75
qwen3_14b,english,participants,cls_def_exp,temp0.3_nodelim_norole_nocot,lusa_95,1,classification,District Relief Operations Command,Org,0.95
qwen3_14b,english,participants,cls_def_exp,temp0.3_nodelim_norole_nocot,lusa_95,1,classification,Lusa agency,Org,0.9
qwen3_14b,english,participants,sent_def_exp,temp0.3_nodelim_norole_nocot,lusa_95,2,detection,,yes,0.95
qwen3_14b,english,participants,ext_def_exp,temp0.3_nodelim_norole_nocot,lusa_95,2,extraction,the seriously injured person,,0.95
qwen3_14b,english,participants,ext_def_exp,temp0.3_nodelim_norole_nocot,lusa_95,2,extraction,the other victim,,0.95
qwen3_14b,english,participants,ext_def_exp,temp0.3_nodelim_norole_nocot,lusa_95,2,extraction,Hospital de São José,,0.9
qwen3_14b,english,participants,ext_def_exp,temp0.3_nodelim_norole_nocot,lusa_95,2,extraction,Lisbon,,0.8
qwen3_14b,english,participants,ext_def_exp,temp0.3_nodelim_norole_nocot,lusa_95,2,extraction,Estrada Nacional 2-3,,0.9
qwen3_14b,english,participants,ext_def_exp,temp0.3_nodelim_norole_nocot,lusa_95,2,extraction,the parish of Valada,,0.8
qwen3_14b,english,participants,ext_def_exp,temp0.3_nodelim_norole_nocot,lusa_95,2,extraction,the same source,,0.7
qwen3_14b,english,participants,cls_def_exp,temp0.3_nodelim_norole_nocot,lusa_95,2,classification,the seriously injured person,Per,0.95
qwen3_14b,english,participants,cls_def_exp,temp0.3_nodelim_norole_nocot,lusa_95,2,classification,the other victim,Per,0.9
qwen3_14b,english,participants,cls_def_exp,temp0.3_nodelim_norole_nocot,lusa_95,2,classification,Hospital de São José,Fac,0.95
qwen3_14b,english,participants,cls_def_exp,temp0.3_nodelim_norole_nocot,lusa_95,2,classification,Lisbon,Pl_capital,0.95
qwen3_14b,english,participants,cls_def_exp,temp0.3_nodelim_norole_nocot,lusa_95,2,classification,Estrada Nacional 2-3,Path,0.9
qwen3_14b,english,participants,cls_def_exp,temp0.3_nodelim_norole_nocot,lusa_95,2,classification,the parish of Valada,Pl_civil,0.9
qwen3_14b,english,participants,cls_def_exp,temp0.3_nodelim_norole_nocot,lusa_95,2,classification,the same source,Per,0.85
qwen3_14b,english,participants,sent_def_exp,temp0.3_nodelim_norole_nocot,lusa_95,3,detection,,yes,0.95
qwen3_14b,english,participants,ext_def_exp,temp0.3_nodelim_norole_nocot,lusa_95,3,extraction,Santarém GNR,,0.9
qwen3_14b,english,participants,ext_def_exp,temp0.3_nodelim_norole_nocot,lusa_95,3,extraction,the victims,,0.8
qwen3_14b,english,participants,ext_def_exp,temp0.3_nodelim_norole_nocot,lusa_95,3,extraction,two men,,0.7
qwen3_14b,english,participants,ext_def_exp,temp0.3_nodelim_norole_nocot,lusa_95,3,extraction,light vehicle,,0.8
qwen3_14b,english,participants,cls_def_exp,temp0.3_nodelim_norole_nocot,lusa_95,3,classification,Santarém GNR,Org,0.95
qwen3_14b,english,participants,cls_def_exp,temp0.3_nodelim_norole_nocot,lusa_95,3,classification,the victims,Per,0.9
qwen3_14b,english,participants,cls_def_exp,temp0.3_nodelim_norole_nocot,lusa_95,3,classification,two men,Per,0.95
qwen3_14b,english,participants,cls_def_exp,temp0.3_nodelim_norole_nocot,lusa_95,3,classification,light vehicle,Veh,0.9
qwen3_14b,english,participants,sent_def_exp,temp0.3_nodelim_norole_nocot,lusa_95,4,detection,,yes,0.95
qwen3_14b,english,participants,ext_def_exp,temp0.3_nodelim_norole_nocot,lusa_95,4,extraction,National Emergency and Civil Protection Authority,,0.9
qwen3_14b,english,participants,ext_def_exp,temp0.3_nodelim_norole_nocot,lusa_95,4,extraction,website,,0.8
qwen3_14b,english,participants,ext_def_exp,temp0.3_nodelim_norole_nocot,lusa_95,4,extraction,13 operatives,,0.9
qwen3_14b,english,participants,ext_def_exp,temp0.3_nodelim_norole_nocot,lusa_95,4,extraction,five vehicles,,0.9
qwen3_14b,english,participants,cls_def_exp,temp0.3_nodelim_norole_nocot,lusa_95,4,classification,National Emergency and Civil Protection Authority,Org,0.95
qwen3_14b,english,participants,cls_def_exp,temp0.3_nodelim_norole_nocot,lusa_95,4,classification,website,Loc,0.85
qwen3_14b,english,participants,cls_def_exp,temp0.3_nodelim_norole_nocot,lusa_95,4,classification,13 operatives,Per,0.9
qwen3_14b,english,participants,cls_def_exp,temp0.3_nodelim_norole_nocot,lusa_95,4,classification,five vehicles,Veh,0.95
qwen3_14b,english,participants,sent_def_exp,temp0.3_nodelim_norole_nocot,lusa_98,1,detection,,yes,0.95
qwen3_14b,english,participants,ext_def_exp,temp0.3_nodelim_norole_nocot,lusa_98,1,extraction,The Judiciary Police (PJ),,0.95
qwen3_14b,english,participants,ext_def_exp,temp0.3_nodelim_norole_nocot,lusa_98,1,extraction,a couple,,0.8
qwen3_14b,english,participants,ext_def_exp,temp0.3_nodelim_norole_nocot,lusa_98,1,extraction,a 69-year-old woman,,0.9
qwen3_14b,english,participants,ext_def_exp,temp0.3_nodelim_norole_nocot,lusa_98,1,extraction,Braga,,0.7
qwen3_14b,english,participants,ext_def_exp,temp0.3_nodelim_norole_nocot,lusa_98,1,extraction,a source,,0.7
qwen3_14b,english,participants,ext_def_exp,temp0.3_nodelim_norole_nocot,lusa_98,1,extraction,Lusa,,0.9
qwen3_14b,english,participants,cls_def_exp,temp0.3_nodelim_norole_nocot,lusa_98,1,classification,The Judiciary Police (PJ),Org,0.95
qwen3_14b,english,participants,cls_def_exp,temp0.3_nodelim_norole_nocot,lusa_98,1,classification,a couple,Per,0.9
qwen3_14b,english,participants,cls_def_exp,temp0.3_nodelim_norole_nocot,lusa_98,1,classification,a 69-year-old woman,Per,0.95
qwen3_14b,english,participants,cls_def_exp,temp0.3_nodelim_norole_nocot,lusa_98,1,classification,Braga,Pl_civil,0.9
qwen3_14b,english,participants,cls_def_exp,temp0.3_nodelim_norole_nocot,lusa_98,1,classification,a source,Per,0.8
qwen3_14b,english,participants,cls_def_exp,temp0.3_nodelim_norole_nocot,lusa_98,1,classification,Lusa,Org,0.95
qwen3_14b,english,participants,sent_def_exp,temp0.3_nodelim_norole_nocot,lusa_98,2,detection,,yes,0.95
qwen3_14b,english,participants,ext_def_exp,temp0.3_nodelim_norole_nocot,lusa_98,2,extraction,the male member of the couple,,0.9
qwen3_14b,english,participants,ext_def_exp,temp0.3_nodelim_norole_nocot,lusa_98,2,extraction,the couple,,0.8
qwen3_14b,english,participants,ext_def_exp,temp0.3_nodelim_norole_nocot,lusa_98,2,extraction,the victim,,0.9
qwen3_14b,english,participants,ext_def_exp,temp0.3_nodelim_norole_nocot,lusa_98,2,extraction,the source,,0.7
qwen3_14b,english,participants,cls_def_exp,temp0.3_nodelim_norole_nocot,lusa_98,2,classification,the male member of the couple,Per,0.95
qwen3_14b,english,participants,cls_def_exp,temp0.3_nodelim_norole_nocot,lusa_98,2,classification,the couple,Other,0.7
qwen3_14b,english,participants,cls_def_exp,temp0.3_nodelim_norole_nocot,lusa_98,2,classification,the victim,Per,0.95
qwen3_14b,english,participants,cls_def_exp,temp0.3_nodelim_norole_nocot,lusa_98,2,classification,the source,Per,0.8
qwen3_14b,english,participants,sent_def_exp,temp0.3_nodelim_norole_nocot,lusa_98,3,detection,,yes,0.95
qwen3_14b,english,participants,ext_def_exp,temp0.3_nodelim_norole_nocot,lusa_98,3,extraction,the victim,,0.9
qwen3_14b,english,participants,ext_def_exp,temp0.3_nodelim_norole_nocot,lusa_98,3,extraction,assets,,0.7
qwen3_14b,english,participants,ext_def_exp,temp0.3_nodelim_norole_nocot,lusa_98,3,extraction,the house,,0.8
qwen3_14b,english,participants,cls_def_exp,temp0.3_nodelim_norole_nocot,lusa_98,3,classification,the victim,Per,0.95
qwen3_14b,english,participants,cls_def_exp,temp0.3_nodelim_norole_nocot,lusa_98,3,classification,assets,Obj,0.85
qwen3_14b,english,participants,cls_def_exp,temp0.3_nodelim_norole_nocot,lusa_98,3,classification,the house,Obj,0.9
qwen3_14b,english,participants,sent_def_exp,temp0.3_nodelim_norole_nocot,lusa_98,4,detection,,yes,0.95
qwen3_14b,english,participants,ext_def_exp,temp0.3_nodelim_norole_nocot,lusa_98,4,extraction,The victim,,0.9
qwen3_14b,english,participants,ext_def_exp,temp0.3_nodelim_norole_nocot,lusa_98,4,extraction,the suspects,,0.9
qwen3_14b,english,participants,ext_def_exp,temp0.3_nodelim_norole_nocot,lusa_98,4,extraction,urban parish of Braga,,0.9
qwen3_14b,english,participants,ext_def_exp,temp0.3_nodelim_norole_nocot,lusa_98,4,extraction,Braga,,1.0
qwen3_14b,english,participants,ext_def_exp,temp0.3_nodelim_norole_nocot,lusa_98,4,extraction,Dume,,1.0
qwen3_14b,english,participants,ext_def_exp,temp0.3_nodelim_norole_nocot,lusa_98,4,extraction,the same municipality,,0.8
qwen3_14b,english,participants,ext_def_exp,temp0.3_nodelim_norole_nocot,lusa_98,4,extraction,the path,,0.9
qwen3_14b,english,participants,ext_def_exp,temp0.3_nodelim_norole_nocot,lusa_98,4,extraction,the body,,0.9
qwen3_14b,english,participants,cls_def_exp,temp0.3_nodelim_norole_nocot,lusa_98,4,classification,The victim,Per,0.95
qwen3_14b,english,participants,cls_def_exp,temp0.3_nodelim_norole_nocot,lusa_98,4,classification,the suspects,Per,0.9
qwen3_14b,english,participants,cls_def_exp,temp0.3_nodelim_norole_nocot,lusa_98,4,classification,urban parish of Braga,Pl_civil,0.9
qwen3_14b,english,participants,cls_def_exp,temp0.3_nodelim_norole_nocot,lusa_98,4,classification,Braga,Pl_civil,0.8
qwen3_14b,english,participants,cls_def_exp,temp0.3_nodelim_norole_nocot,lusa_98,4,classification,Dume,Pl_civil,0.75
qwen3_14b,english,participants,cls_def_exp,temp0.3_nodelim_norole_nocot,lusa_98,4,classification,the same municipality,Pl_civil,0.8
qwen3_14b,english,participants,cls_def_exp,temp0.3_nodelim_norole_nocot,lusa_98,4,classification,the path,Path,0.9
qwen3_14b,english,participants,cls_def_exp,temp0.3_nodelim_norole_nocot,lusa_98,4,classification,the body,Obj,0.95
qwen3_14b,english,participants,sent_def_exp,temp0.3_nodelim_norole_nocot,lusa_98,5,detection,,yes,0.95
qwen3_14b,english,participants,ext_def_exp,temp0.3_nodelim_norole_nocot,lusa_98,5,extraction,The detainees,,1.0
qwen3_14b,english,participants,ext_def_exp,temp0.3_nodelim_norole_nocot,lusa_98,5,extraction,he,,1.0
qwen3_14b,english,participants,ext_def_exp,temp0.3_nodelim_norole_nocot,lusa_98,5,extraction,she,,1.0
qwen3_14b,english,participants,ext_def_exp,temp0.3_nodelim_norole_nocot,lusa_98,5,extraction,the city of Braga,,1.0
qwen3_14b,english,participants,cls_def_exp,temp0.3_nodelim_norole_nocot,lusa_98,5,classification,The detainees,Per,0.95
qwen3_14b,english,participants,cls_def_exp,temp0.3_nodelim_norole_nocot,lusa_98,5,classification,he,Per,0.98
qwen3_14b,english,participants,cls_def_exp,temp0.3_nodelim_norole_nocot,lusa_98,5,classification,she,Per,0.98
qwen3_14b,english,participants,cls_def_exp,temp0.3_nodelim_norole_nocot,lusa_98,5,classification,the city of Braga,Pl_civil,0.95
qwen3_14b,english,participants,sent_def_exp,temp0.3_nodelim_norole_nocot,lusa_98,6,detection,,yes,0.75
qwen3_14b,english,participants,ext_def_exp,temp0.3_nodelim_norole_nocot,lusa_98,6,extraction,They,,0.5
qwen3_14b,english,participants,cls_def_exp,temp0.3_nodelim_norole_nocot,lusa_98,6,classification,They,Per,0.95
qwen3_14b,english,participants,sent_def_exp,temp0.3_nodelim_norole_nocot,lusa_98,7,detection,,no,0.65
qwen3_14b,english,participants,sent_def_exp,temp0.3_nodelim_norole_nocot,lusa_99,1,detection,,yes,0.95
qwen3_14b,english,participants,ext_def_exp,temp0.3_nodelim_norole_nocot,lusa_99,1,extraction,A 66-year-old man,,0.9
qwen3_14b,english,participants,ext_def_exp,temp0.3_nodelim_norole_nocot,lusa_99,1,extraction,Oleiros,,0.8
qwen3_14b,english,participants,ext_def_exp,temp0.3_nodelim_norole_nocot,lusa_99,1,extraction,Castelo Branco,,0.8
qwen3_14b,english,participants,ext_def_exp,temp0.3_nodelim_norole_nocot,lusa_99,1,extraction,District Relief Operations Command,,0.9
qwen3_14b,english,participants,ext_def_exp,temp0.3_nodelim_norole_nocot,lusa_99,1,extraction,Lusa agency,,0.9
qwen3_14b,english,participants,ext_def_exp,temp0.3_nodelim_norole_nocot,lusa_99,1,extraction,source,,0.7
qwen3_14b,english,participants,cls_def_exp,temp0.3_nodelim_norole_nocot,lusa_99,1,classification,A 66-year-old man,Per,0.95
qwen3_14b,english,participants,cls_def_exp,temp0.3_nodelim_norole_nocot,lusa_99,1,classification,Oleiros,Pl_civil,0.9
qwen3_14b,english,participants,cls_def_exp,temp0.3_nodelim_norole_nocot,lusa_99,1,classification,Castelo Branco,Pl_state,0.95
qwen3_14b,english,participants,cls_def_exp,temp0.3_nodelim_norole_nocot,lusa_99,1,classification,District Relief Operations Command,Org,0.9
qwen3_14b,english,participants,cls_def_exp,temp0.3_nodelim_norole_nocot,lusa_99,1,classification,Lusa agency,Org,0.95
qwen3_14b,english,participants,cls_def_exp,temp0.3_nodelim_norole_nocot,lusa_99,1,classification,source,Per,0.85
qwen3_14b,english,participants,sent_def_exp,temp0.3_nodelim_norole_nocot,lusa_99,2,detection,,yes,0.95
qwen3_14b,english,participants,ext_def_exp,temp0.3_nodelim_norole_nocot,lusa_99,2,extraction,the same source,,0.9
qwen3_14b,english,participants,ext_def_exp,temp0.3_nodelim_norole_nocot,lusa_99,2,extraction,victim,,0.9
qwen3_14b,english,participants,ext_def_exp,temp0.3_nodelim_norole_nocot,lusa_99,2,extraction,Coimbra Hospital and University Center,,0.9
qwen3_14b,english,participants,cls_def_exp,temp0.3_nodelim_norole_nocot,lusa_99,2,classification,the same source,Per,0.95
qwen3_14b,english,participants,cls_def_exp,temp0.3_nodelim_norole_nocot,lusa_99,2,classification,victim,Per,0.9
qwen3_14b,english,participants,cls_def_exp,temp0.3_nodelim_norole_nocot,lusa_99,2,classification,Coimbra Hospital and University Center,Fac,0.95
qwen3_14b,english,participants,sent_def_exp,temp0.3_nodelim_norole_nocot,lusa_99,3,detection,,yes,0.95
qwen3_14b,english,participants,ext_def_exp,temp0.3_nodelim_norole_nocot,lusa_99,3,extraction,firefighters,,0.9
qwen3_14b,english,participants,ext_def_exp,temp0.3_nodelim_norole_nocot,lusa_99,3,extraction,house,,0.8
qwen3_14b,english,participants,ext_def_exp,temp0.3_nodelim_norole_nocot,lusa_99,3,extraction,he,,0.6
qwen3_14b,english,participants,cls_def_exp,temp0.3_nodelim_norole_nocot,lusa_99,3,classification,firefighters,Per,0.95
qwen3_14b,english,participants,cls_def_exp,temp0.3_nodelim_norole_nocot,lusa_99,3,classification,house,Obj,0.9
qwen3_14b,english,participants,cls_def_exp,temp0.3_nodelim_norole_nocot,lusa_99,3,classification,he,Per,0.85
qwen3_14b,english,participants,sent_def_exp,temp0.3_nodelim_norole_nocot,lusa_99,4,detection,,yes,0.95
qwen3_14b,english,participants,ext_def_exp,temp0.3_nodelim_norole_nocot,lusa_99,4,extraction,Four operatives,,1.0
qwen3_14b,english,participants,ext_def_exp,temp0.3_nodelim_norole_nocot,lusa_99,4,extraction,two vehicles,,1.0
qwen3_14b,english,participants,cls_def_exp,temp0.3_nodelim_norole_nocot,lusa_99,4,classification,Four operatives,Per,0.95
qwen3_14b,english,participants,cls_def_exp,temp0.3_nodelim_norole_nocot,lusa_99,4,classification,two vehicles,Veh,0.95
