modelo,entity,doc_id,template,token,pred_type,annt_type,result,f1_r_score
qwen3_14b,participants,lusa_1,ext_exp_temp0.3_nodelim_norole_nocot,an administrative offense notice,,Obj,tp,
qwen3_14b,participants,lusa_1,ext_exp_temp0.3_nodelim_norole_nocot,soldiers,,Per,tp,
qwen3_14b,participants,lusa_1,ext_exp_temp0.3_nodelim_norole_nocot,people,,Per,tp,
qwen3_14b,participants,lusa_1,ext_exp_temp0.3_nodelim_norole_nocot,the owner,,Per,tp,
qwen3_14b,participants,lusa_1,ext_exp_temp0.3_nodelim_norole_nocot,GNR,,Org,tp,
qwen3_14b,participants,lusa_1,ext_exp_temp0.3_nodelim_norole_nocot,Corotelo,,Pl_civil,tp,
qwen3_14b,participants,lusa_1,ext_exp_temp0.3_nodelim_norole_nocot,The military,,Per,tp,
qwen3_14b,participants,lusa_1,ext_exp_temp0.3_nodelim_norole_nocot,São de Alportel Territorial Post,,,fp,
qwen3_14b,participants,lusa_1,ext_exp_temp0.3_nodelim_norole_nocot,the municipality of São Brás de Alportel,,,fp,
qwen3_14b,participants,lusa_1,ext_exp_temp0.3_nodelim_norole_nocot,a bar,,,fp,
qwen3_14b,participants,lusa_1,ext_exp_temp0.3_nodelim_norole_nocot,50 people,,,fp,
qwen3_14b,participants,lusa_1,ext_exp_temp0.3_nodelim_norole_nocot,illegal party,,,fp,
qwen3_14b,participants,lusa_1,ext_exp_temp0.3_nodelim_norole_nocot,the location,,,fp,
qwen3_14b,participants,lusa_1,ext_exp_temp0.3_nodelim_norole_nocot,Faro Territorial Command of the GNR,,,fp,
qwen3_14b,participants,lusa_1,ext_exp_temp0.3_nodelim_norole_nocot,São Brás de Alportel,,,fp,
qwen3_14b,participants,lusa_1,ext_exp_temp0.3_nodelim_norole_nocot,note,,Obj,fn,
qwen3_14b,participants,lusa_1,ext_exp_temp0.3_nodelim_norole_nocot,drinking establishment,,Fac,fn,
qwen3_14b,participants,lusa_1,ext_exp_temp0.3_nodelim_norole_nocot,bar,,Fac,fn,
qwen3_14b,participants,lusa_1,ext_exp_temp0.3_nodelim_norole_nocot,Faro,,Pl_civil,fn,
qwen3_14b,participants,lusa_1,ext_exp_temp0.3_nodelim_norole_nocot,statement,,Obj,fn,
qwen3_14b,participants,lusa_1,ext_exp_temp0.3_nodelim_norole_nocot,around 50 people,,Per,fn,
qwen3_14b,participants,lusa_1,ext_exp_temp0.3_nodelim_norole_nocot,Territorial Post,,Fac,fn,
qwen3_14b,participants,lusa_1,ext_exp_temp0.3_nodelim_norole_nocot,Alportel Territorial Post went to the location,,Org,fn,
qwen3_14b,participants,lusa_1,ext_exp_temp0.3_nodelim_norole_nocot,the Faro Territorial Command,,Org,fn,
qwen3_14b,participants,lusa_1,ext_exp_temp0.3_nodelim_norole_nocot,municipality of São Brás de Alportel,,Pl_civil,fn,
qwen3_14b,participants,lusa_1,ext_exp_temp0.3_nodelim_norole_nocot,location,,Loc,fn,
qwen3_14b,participants,lusa_1,ext_exp_temp0.3_nodelim_norole_nocot,São de Alportel,,Pl_civil,fn,
qwen3_14b,participants,lusa_1,ext_exp_temp0.3_nodelim_norole_nocot,live music,,Other,fn,
qwen3_14b,participants,lusa_1,ext_exp_temp0.3_nodelim_norole_nocot,the GNR,,Org,fn,
qwen3_14b,participants,lusa_1,ext_exp_temp0.3_nodelim_norole_nocot,compliance with the rules relating to the covid-19 pandemic,,Other,fn,
qwen3_14b,participants,lusa_101,ext_exp_temp0.3_nodelim_norole_nocot,The collective,,Per,tp,
qwen3_14b,participants,lusa_101,ext_exp_temp0.3_nodelim_norole_nocot,a 36-year-old man,,Per,tp,
qwen3_14b,participants,lusa_101,ext_exp_temp0.3_nodelim_norole_nocot,the man,,Per,tp,
qwen3_14b,participants,lusa_101,ext_exp_temp0.3_nodelim_norole_nocot,the defendant,,Per,tp,
qwen3_14b,participants,lusa_101,ext_exp_temp0.3_nodelim_norole_nocot,Viana do Castelo court,,Org,tp,
qwen3_14b,participants,lusa_101,ext_exp_temp0.3_nodelim_norole_nocot,The Viana do Castelo Court,,Org,tp,
qwen3_14b,participants,lusa_101,ext_exp_temp0.3_nodelim_norole_nocot,The man,,Per,tp,
qwen3_14b,participants,lusa_101,ext_exp_temp0.3_nodelim_norole_nocot,The judge,,,fp,
qwen3_14b,participants,lusa_101,ext_exp_temp0.3_nodelim_norole_nocot,the documentary and testimonial evidence,,,fp,
qwen3_14b,participants,lusa_101,ext_exp_temp0.3_nodelim_norole_nocot,the fatal victim,,,fp,
qwen3_14b,participants,lusa_101,ext_exp_temp0.3_nodelim_norole_nocot,the courtroom,,,fp,
qwen3_14b,participants,lusa_101,ext_exp_temp0.3_nodelim_norole_nocot,possession of a prohibited weapon,,,fp,
qwen3_14b,participants,lusa_101,ext_exp_temp0.3_nodelim_norole_nocot,the case,,,fp,
qwen3_14b,participants,lusa_101,ext_exp_temp0.3_nodelim_norole_nocot,prison,,,fp,
qwen3_14b,participants,lusa_101,ext_exp_temp0.3_nodelim_norole_nocot,the crimes,,,fp,
qwen3_14b,participants,lusa_101,ext_exp_temp0.3_nodelim_norole_nocot,harm to qualified physical integrity,,,fp,
qwen3_14b,participants,lusa_101,ext_exp_temp0.3_nodelim_norole_nocot,the panel,,,fp,
qwen3_14b,participants,lusa_101,ext_exp_temp0.3_nodelim_norole_nocot,the city,,,fp,
qwen3_14b,participants,lusa_101,ext_exp_temp0.3_nodelim_norole_nocot,the presiding judge of the panel,,,fp,
qwen3_14b,participants,lusa_101,ext_exp_temp0.3_nodelim_norole_nocot,those two crimes,,,fp,
qwen3_14b,participants,lusa_101,ext_exp_temp0.3_nodelim_norole_nocot,pre-trial detention,,,fp,
qwen3_14b,participants,lusa_101,ext_exp_temp0.3_nodelim_norole_nocot,another man,,,fp,
qwen3_14b,participants,lusa_101,ext_exp_temp0.3_nodelim_norole_nocot,the reading of the ruling,,,fp,
qwen3_14b,participants,lusa_101,ext_exp_temp0.3_nodelim_norole_nocot,the ruling,,,fp,
qwen3_14b,participants,lusa_101,ext_exp_temp0.3_nodelim_norole_nocot,the mother of the fatal victim,,,fp,
qwen3_14b,participants,lusa_101,ext_exp_temp0.3_nodelim_norole_nocot,man who shot another man,,,fp,
qwen3_14b,participants,lusa_101,ext_exp_temp0.3_nodelim_norole_nocot,the presiding judge,,Per,fn,
qwen3_14b,participants,lusa_101,ext_exp_temp0.3_nodelim_norole_nocot,in the total amount,,Other,fn,
qwen3_14b,participants,lusa_101,ext_exp_temp0.3_nodelim_norole_nocot,in the city,,Loc,fn,
qwen3_14b,participants,lusa_101,ext_exp_temp0.3_nodelim_norole_nocot,of the ruling,,Obj,fn,
qwen3_14b,participants,lusa_101,ext_exp_temp0.3_nodelim_norole_nocot,of 141 thousand euros,,Obj,fn,
qwen3_14b,participants,lusa_101,ext_exp_temp0.3_nodelim_norole_nocot,in the courtroom,,Loc,fn,
qwen3_14b,participants,lusa_101,ext_exp_temp0.3_nodelim_norole_nocot,the murder weapon,,Obj,fn,
qwen3_14b,participants,lusa_101,ext_exp_temp0.3_nodelim_norole_nocot,documentary and testimonial evidence,,Other,fn,
qwen3_14b,participants,lusa_101,ext_exp_temp0.3_nodelim_norole_nocot,The ,,Per,fn,
qwen3_14b,participants,lusa_101,ext_exp_temp0.3_nodelim_norole_nocot,who,,Per,fn,
qwen3_14b,participants,lusa_101,ext_exp_temp0.3_nodelim_norole_nocot,another,,Per,fn,
qwen3_14b,participants,lusa_101,ext_exp_temp0.3_nodelim_norole_nocot,that,,Per,fn,
qwen3_14b,participants,lusa_101,ext_exp_temp0.3_nodelim_norole_nocot,presiding judge of the,,Per,fn,
qwen3_14b,participants,lusa_101,ext_exp_temp0.3_nodelim_norole_nocot,man,,Per,fn,
qwen3_14b,participants,lusa_101,ext_exp_temp0.3_nodelim_norole_nocot,of the fatal victim,,Per,fn,
qwen3_14b,participants,lusa_101,ext_exp_temp0.3_nodelim_norole_nocot,the mother,,Per,fn,
qwen3_14b,participants,lusa_102,ext_exp_temp0.3_nodelim_norole_nocot,the man,,Per,tp,
qwen3_14b,participants,lusa_102,ext_exp_temp0.3_nodelim_norole_nocot,another individual,,Per,tp,
qwen3_14b,participants,lusa_102,ext_exp_temp0.3_nodelim_norole_nocot,The 68-year-old citizen,,Per,tp,
qwen3_14b,participants,lusa_102,ext_exp_temp0.3_nodelim_norole_nocot,Cais das Colunas,,Loc,tp,
qwen3_14b,participants,lusa_102,ext_exp_temp0.3_nodelim_norole_nocot,A 68-year-old man,,Per,tp,
qwen3_14b,participants,lusa_102,ext_exp_temp0.3_nodelim_norole_nocot,another passerby,,Per,tp,
qwen3_14b,participants,lusa_102,ext_exp_temp0.3_nodelim_norole_nocot,an ambulance,,Obj,tp,
qwen3_14b,participants,lusa_102,ext_exp_temp0.3_nodelim_norole_nocot,Man,,Per,tp,
qwen3_14b,participants,lusa_102,ext_exp_temp0.3_nodelim_norole_nocot,Tagus River,,Loc,tp,
qwen3_14b,participants,lusa_102,ext_exp_temp0.3_nodelim_norole_nocot,São José Hospital,,,fp,
qwen3_14b,participants,lusa_102,ext_exp_temp0.3_nodelim_norole_nocot,An official source,,,fp,
qwen3_14b,participants,lusa_102,ext_exp_temp0.3_nodelim_norole_nocot,the man in difficulties,,,fp,
qwen3_14b,participants,lusa_102,ext_exp_temp0.3_nodelim_norole_nocot,cardiorespiratory resuscitation,,,fp,
qwen3_14b,participants,lusa_102,ext_exp_temp0.3_nodelim_norole_nocot,Maritime Police,,,fp,
qwen3_14b,participants,lusa_102,ext_exp_temp0.3_nodelim_norole_nocot,National Institute of Medical Emergency (INEM),,,fp,
qwen3_14b,participants,lusa_102,ext_exp_temp0.3_nodelim_norole_nocot,Lisbon,,,fp,
qwen3_14b,participants,lusa_102,ext_exp_temp0.3_nodelim_norole_nocot,Lusa,,,fp,
qwen3_14b,participants,lusa_102,ext_exp_temp0.3_nodelim_norole_nocot,where,,Loc,fn,
qwen3_14b,participants,lusa_102,ext_exp_temp0.3_nodelim_norole_nocot,the Maritime Police,,Org,fn,
qwen3_14b,participants,lusa_102,ext_exp_temp0.3_nodelim_norole_nocot,the ,,Loc,fn,
qwen3_14b,participants,lusa_102,ext_exp_temp0.3_nodelim_norole_nocot,the National Institute of Medical Emergency (INEM),,Org,fn,
qwen3_14b,participants,lusa_102,ext_exp_temp0.3_nodelim_norole_nocot,to São José Hospital,,Loc,fn,
qwen3_14b,participants,lusa_102,ext_exp_temp0.3_nodelim_norole_nocot,told Lusa,,Org,fn,
qwen3_14b,participants,lusa_102,ext_exp_temp0.3_nodelim_norole_nocot,took place,,Loc,fn,
qwen3_14b,participants,lusa_102,ext_exp_temp0.3_nodelim_norole_nocot,the water,,Nat,fn,
qwen3_14b,participants,lusa_102,ext_exp_temp0.3_nodelim_norole_nocot,the Tagus River,,Loc,fn,
qwen3_14b,participants,lusa_102,ext_exp_temp0.3_nodelim_norole_nocot,the São José Hospital,,Loc,fn,
qwen3_14b,participants,lusa_102,ext_exp_temp0.3_nodelim_norole_nocot,in Lisbon,,Loc,fn,
qwen3_14b,participants,lusa_102,ext_exp_temp0.3_nodelim_norole_nocot,that,,Per,fn,
qwen3_14b,participants,lusa_102,ext_exp_temp0.3_nodelim_norole_nocot,official source,,Per,fn,
qwen3_14b,participants,lusa_103,ext_exp_temp0.3_nodelim_norole_nocot,the National Institute of Medical Emergency (INEM),,Org,tp,
qwen3_14b,participants,lusa_103,ext_exp_temp0.3_nodelim_norole_nocot,Celorico de Basto,,Loc,tp,
qwen3_14b,participants,lusa_103,ext_exp_temp0.3_nodelim_norole_nocot,the municipality of Celorico de Basto,,Loc,tp,
qwen3_14b,participants,lusa_103,ext_exp_temp0.3_nodelim_norole_nocot,the district of Braga,,Loc,tp,
qwen3_14b,participants,lusa_103,ext_exp_temp0.3_nodelim_norole_nocot,PJ,,Org,tp,
qwen3_14b,participants,lusa_103,ext_exp_temp0.3_nodelim_norole_nocot,The Judicial Police,,Org,tp,
qwen3_14b,participants,lusa_103,ext_exp_temp0.3_nodelim_norole_nocot,60-year-old man,,Per,tp,
qwen3_14b,participants,lusa_103,ext_exp_temp0.3_nodelim_norole_nocot,The man,,Per,tp,
qwen3_14b,participants,lusa_103,ext_exp_temp0.3_nodelim_norole_nocot,a person,,Per,tp,
qwen3_14b,participants,lusa_103,ext_exp_temp0.3_nodelim_norole_nocot,a man,,,fp,
qwen3_14b,participants,lusa_103,ext_exp_temp0.3_nodelim_norole_nocot,rescuers,,,fp,
qwen3_14b,participants,lusa_103,ext_exp_temp0.3_nodelim_norole_nocot,A source,,,fp,
qwen3_14b,participants,lusa_103,ext_exp_temp0.3_nodelim_norole_nocot,the Gandarela case,,,fp,
qwen3_14b,participants,lusa_103,ext_exp_temp0.3_nodelim_norole_nocot,a police source,,,fp,
qwen3_14b,participants,lusa_103,ext_exp_temp0.3_nodelim_norole_nocot,local Red Cross,,,fp,
qwen3_14b,participants,lusa_103,ext_exp_temp0.3_nodelim_norole_nocot,public road,,,fp,
qwen3_14b,participants,lusa_103,ext_exp_temp0.3_nodelim_norole_nocot,severe trauma,,,fp,
qwen3_14b,participants,lusa_103,ext_exp_temp0.3_nodelim_norole_nocot,Gandarela,,,fp,
qwen3_14b,participants,lusa_103,ext_exp_temp0.3_nodelim_norole_nocot,Lusa,,,fp,
qwen3_14b,participants,lusa_103,ext_exp_temp0.3_nodelim_norole_nocot,the Gandarela,,Loc,fn,
qwen3_14b,participants,lusa_103,ext_exp_temp0.3_nodelim_norole_nocot,at the,,Per,fn,
qwen3_14b,participants,lusa_103,ext_exp_temp0.3_nodelim_norole_nocot,told Lusa,,Org,fn,
qwen3_14b,participants,lusa_103,ext_exp_temp0.3_nodelim_norole_nocot,the public road,,Loc,fn,
qwen3_14b,participants,lusa_103,ext_exp_temp0.3_nodelim_norole_nocot,the scene,,Loc,fn,
qwen3_14b,participants,lusa_103,ext_exp_temp0.3_nodelim_norole_nocot,the first rescuers to,,Org,fn,
qwen3_14b,participants,lusa_103,ext_exp_temp0.3_nodelim_norole_nocot,a man aged around 60,,Per,fn,
qwen3_14b,participants,lusa_103,ext_exp_temp0.3_nodelim_norole_nocot,the body,,Other,fn,
qwen3_14b,participants,lusa_103,ext_exp_temp0.3_nodelim_norole_nocot,in Celorico de Basto,,Loc,fn,
qwen3_14b,participants,lusa_103,ext_exp_temp0.3_nodelim_norole_nocot,the Guimarães morgue,,Loc,fn,
qwen3_14b,participants,lusa_103,ext_exp_temp0.3_nodelim_norole_nocot,source,,Per,fn,
qwen3_14b,participants,lusa_103,ext_exp_temp0.3_nodelim_norole_nocot,the local Red Cross,,Org,fn,
qwen3_14b,participants,lusa_103,ext_exp_temp0.3_nodelim_norole_nocot,a police,,Org,fn,
qwen3_14b,participants,lusa_103,ext_exp_temp0.3_nodelim_norole_nocot,in Gandarela,,Loc,fn,
qwen3_14b,participants,lusa_105,ext_exp_temp0.3_nodelim_norole_nocot,a slightly injured person,,Per,tp,
qwen3_14b,participants,lusa_105,ext_exp_temp0.3_nodelim_norole_nocot,Vila de Gaia,,Loc,tp,
qwen3_14b,participants,lusa_105,ext_exp_temp0.3_nodelim_norole_nocot,firefighters,,Org,tp,
qwen3_14b,participants,lusa_105,ext_exp_temp0.3_nodelim_norole_nocot,district of Porto,,Loc,tp,
qwen3_14b,participants,lusa_105,ext_exp_temp0.3_nodelim_norole_nocot,A 31-year-old man,,Per,tp,
qwen3_14b,participants,lusa_105,ext_exp_temp0.3_nodelim_norole_nocot,this corporation,,Org,tp,
qwen3_14b,participants,lusa_105,ext_exp_temp0.3_nodelim_norole_nocot,the shooter,,Per,tp,
qwen3_14b,participants,lusa_105,ext_exp_temp0.3_nodelim_norole_nocot,The victim,,Per,tp,
qwen3_14b,participants,lusa_105,ext_exp_temp0.3_nodelim_norole_nocot,shooter,,Per,tp,
qwen3_14b,participants,lusa_105,ext_exp_temp0.3_nodelim_norole_nocot,Man,,Per,tp,
qwen3_14b,participants,lusa_105,ext_exp_temp0.3_nodelim_norole_nocot,Vila Nova de Gaia,,Loc,tp,
qwen3_14b,participants,lusa_105,ext_exp_temp0.3_nodelim_norole_nocot,Santos Silva hospital,,Loc,tp,
qwen3_14b,participants,lusa_105,ext_exp_temp0.3_nodelim_norole_nocot,Valadares,,,fp,
qwen3_14b,participants,lusa_105,ext_exp_temp0.3_nodelim_norole_nocot,a police source,,,fp,
qwen3_14b,participants,lusa_105,ext_exp_temp0.3_nodelim_norole_nocot,"Gulpilhares, Vila Nova de Gaia",,,fp,
qwen3_14b,participants,lusa_105,ext_exp_temp0.3_nodelim_norole_nocot,Judiciary Police,,,fp,
qwen3_14b,participants,lusa_105,ext_exp_temp0.3_nodelim_norole_nocot,authorities,,,fp,
qwen3_14b,participants,lusa_105,ext_exp_temp0.3_nodelim_norole_nocot,a source,,,fp,
qwen3_14b,participants,lusa_105,ext_exp_temp0.3_nodelim_norole_nocot,that criminal police body,,,fp,
qwen3_14b,participants,lusa_105,ext_exp_temp0.3_nodelim_norole_nocot,The reasons,,Other,fn,
qwen3_14b,participants,lusa_105,ext_exp_temp0.3_nodelim_norole_nocot,police source,,Per,fn,
qwen3_14b,participants,lusa_105,ext_exp_temp0.3_nodelim_norole_nocot,the authorities,,Org,fn,
qwen3_14b,participants,lusa_105,ext_exp_temp0.3_nodelim_norole_nocot,source,,Per,fn,
qwen3_14b,participants,lusa_105,ext_exp_temp0.3_nodelim_norole_nocot,the Judiciary Police,,Org,fn,
qwen3_14b,participants,lusa_105,ext_exp_temp0.3_nodelim_norole_nocot,that,,Org,fn,
qwen3_14b,participants,lusa_105,ext_exp_temp0.3_nodelim_norole_nocot,the left arm,,Other,fn,
qwen3_14b,participants,lusa_105,ext_exp_temp0.3_nodelim_norole_nocot,criminal police,,Org,fn,
qwen3_14b,participants,lusa_105,ext_exp_temp0.3_nodelim_norole_nocot,Gulpilhares,,Loc,fn,
qwen3_14b,participants,lusa_106,ext_exp_temp0.3_nodelim_norole_nocot,The company,,Org,tp,
qwen3_14b,participants,lusa_106,ext_exp_temp0.3_nodelim_norole_nocot,the man,,Per,tp,
qwen3_14b,participants,lusa_106,ext_exp_temp0.3_nodelim_norole_nocot,the authorities,,Org,tp,
qwen3_14b,participants,lusa_106,ext_exp_temp0.3_nodelim_norole_nocot,The structure,,Per,tp,
qwen3_14b,participants,lusa_106,ext_exp_temp0.3_nodelim_norole_nocot,The victim,,Per,tp,
qwen3_14b,participants,lusa_106,ext_exp_temp0.3_nodelim_norole_nocot,A 52-year-old man,,Per,tp,
qwen3_14b,participants,lusa_106,ext_exp_temp0.3_nodelim_norole_nocot,another,,Per,tp,
qwen3_14b,participants,lusa_106,ext_exp_temp0.3_nodelim_norole_nocot,Porto,,Pl_civil,tp,
qwen3_14b,participants,lusa_106,ext_exp_temp0.3_nodelim_norole_nocot,the municipality,,Org,tp,
qwen3_14b,participants,lusa_106,ext_exp_temp0.3_nodelim_norole_nocot,lighting post,,,fp,
qwen3_14b,participants,lusa_106,ext_exp_temp0.3_nodelim_norole_nocot,Porto City Council,,,fp,
qwen3_14b,participants,lusa_106,ext_exp_temp0.3_nodelim_norole_nocot,gas station employee,,,fp,
qwen3_14b,participants,lusa_106,ext_exp_temp0.3_nodelim_norole_nocot,Lusa.,,,fp,
qwen3_14b,participants,lusa_106,ext_exp_temp0.3_nodelim_norole_nocot,Public Relations source,,,fp,
qwen3_14b,participants,lusa_106,ext_exp_temp0.3_nodelim_norole_nocot,Porto PSP Metropolitan Command,,,fp,
qwen3_14b,participants,lusa_106,ext_exp_temp0.3_nodelim_norole_nocot,truck's crane,,,fp,
qwen3_14b,participants,lusa_106,ext_exp_temp0.3_nodelim_norole_nocot,Rua da Constitution,,,fp,
qwen3_14b,participants,lusa_106,ext_exp_temp0.3_nodelim_norole_nocot,truck,,,fp,
qwen3_14b,participants,lusa_106,ext_exp_temp0.3_nodelim_norole_nocot,a PSP source,,,fp,
qwen3_14b,participants,lusa_106,ext_exp_temp0.3_nodelim_norole_nocot,Porto Municipal Environmental Company,,,fp,
qwen3_14b,participants,lusa_106,ext_exp_temp0.3_nodelim_norole_nocot,vehicle,,,fp,
qwen3_14b,participants,lusa_106,ext_exp_temp0.3_nodelim_norole_nocot,52-year-old man,,,fp,
qwen3_14b,participants,lusa_106,ext_exp_temp0.3_nodelim_norole_nocot,electricity pole,,,fp,
qwen3_14b,participants,lusa_106,ext_exp_temp0.3_nodelim_norole_nocot,gas station,,,fp,
qwen3_14b,participants,lusa_106,ext_exp_temp0.3_nodelim_norole_nocot,Truck crane,,,fp,
qwen3_14b,participants,lusa_106,ext_exp_temp0.3_nodelim_norole_nocot,lighting pole,,,fp,
qwen3_14b,participants,lusa_106,ext_exp_temp0.3_nodelim_norole_nocot,Santo António Hospital,,,fp,
qwen3_14b,participants,lusa_106,ext_exp_temp0.3_nodelim_norole_nocot,his family,,,fp,
qwen3_14b,participants,lusa_106,ext_exp_temp0.3_nodelim_norole_nocot,Municipal Environmental Company,,Org,fn,
qwen3_14b,participants,lusa_106,ext_exp_temp0.3_nodelim_norole_nocot,a truck,,Veh,fn,
qwen3_14b,participants,lusa_106,ext_exp_temp0.3_nodelim_norole_nocot,Public Relations,,Org,fn,
qwen3_14b,participants,lusa_106,ext_exp_temp0.3_nodelim_norole_nocot,a gas,,Fac,fn,
qwen3_14b,participants,lusa_106,ext_exp_temp0.3_nodelim_norole_nocot,a PSP,,Org,fn,
qwen3_14b,participants,lusa_106,ext_exp_temp0.3_nodelim_norole_nocot,that,,Veh,fn,
qwen3_14b,participants,lusa_106,ext_exp_temp0.3_nodelim_norole_nocot,told Lusa,,Org,fn,
qwen3_14b,participants,lusa_106,ext_exp_temp0.3_nodelim_norole_nocot,the Porto,,Org,fn,
qwen3_14b,participants,lusa_106,ext_exp_temp0.3_nodelim_norole_nocot,"Constitution,",,Pl_civil,fn,
qwen3_14b,participants,lusa_106,ext_exp_temp0.3_nodelim_norole_nocot,crane,,Obj,fn,
qwen3_14b,participants,lusa_106,ext_exp_temp0.3_nodelim_norole_nocot,a vehicle,,Veh,fn,
qwen3_14b,participants,lusa_106,ext_exp_temp0.3_nodelim_norole_nocot,the lighting post,,Obj,fn,
qwen3_14b,participants,lusa_106,ext_exp_temp0.3_nodelim_norole_nocot,the truck,,Obj,fn,
qwen3_14b,participants,lusa_106,ext_exp_temp0.3_nodelim_norole_nocot,condolences,,Other,fn,
qwen3_14b,participants,lusa_106,ext_exp_temp0.3_nodelim_norole_nocot,the Porto Municipal Environmental Company,,Org,fn,
qwen3_14b,participants,lusa_106,ext_exp_temp0.3_nodelim_norole_nocot,his,,Per,fn,
qwen3_14b,participants,lusa_106,ext_exp_temp0.3_nodelim_norole_nocot,an electricity pole,,Obj,fn,
qwen3_14b,participants,lusa_106,ext_exp_temp0.3_nodelim_norole_nocot,the street,,Pl_civil,fn,
qwen3_14b,participants,lusa_106,ext_exp_temp0.3_nodelim_norole_nocot,family,,Per,fn,
qwen3_14b,participants,lusa_106,ext_exp_temp0.3_nodelim_norole_nocot,"the Porto PSP Metropolitan Command, the",,Org,fn,
qwen3_14b,participants,lusa_106,ext_exp_temp0.3_nodelim_norole_nocot,the Public Relations source,,Per,fn,
qwen3_14b,participants,lusa_106,ext_exp_temp0.3_nodelim_norole_nocot,PSP Metropolitan Command,,Org,fn,
qwen3_14b,participants,lusa_106,ext_exp_temp0.3_nodelim_norole_nocot,who,,Per,fn,
qwen3_14b,participants,lusa_106,ext_exp_temp0.3_nodelim_norole_nocot,source,,Per,fn,
qwen3_14b,participants,lusa_106,ext_exp_temp0.3_nodelim_norole_nocot,to Santo António Hospital,,Fac,fn,
qwen3_14b,participants,lusa_106,ext_exp_temp0.3_nodelim_norole_nocot,", Porto City Council",,Org,fn,
qwen3_14b,participants,lusa_107,ext_exp_temp0.3_nodelim_norole_nocot,in the district of Porto,,Loc,tp,
qwen3_14b,participants,lusa_107,ext_exp_temp0.3_nodelim_norole_nocot,the man,,Per,tp,
qwen3_14b,participants,lusa_107,ext_exp_temp0.3_nodelim_norole_nocot,in Matosinhos,,Loc,tp,
qwen3_14b,participants,lusa_107,ext_exp_temp0.3_nodelim_norole_nocot,A 60-year-old man,,Per,tp,
qwen3_14b,participants,lusa_107,ext_exp_temp0.3_nodelim_norole_nocot,roof,,Other,tp,
qwen3_14b,participants,lusa_107,ext_exp_temp0.3_nodelim_norole_nocot,60-year-old man,,Per,tp,
qwen3_14b,participants,lusa_107,ext_exp_temp0.3_nodelim_norole_nocot,the source,,Per,tp,
qwen3_14b,participants,lusa_107,ext_exp_temp0.3_nodelim_norole_nocot,Matosinhos,,,fp,
qwen3_14b,participants,lusa_107,ext_exp_temp0.3_nodelim_norole_nocot,Rua Augusto Gil,,,fp,
qwen3_14b,participants,lusa_107,ext_exp_temp0.3_nodelim_norole_nocot,Leixões firefighters,,,fp,
qwen3_14b,participants,lusa_107,ext_exp_temp0.3_nodelim_norole_nocot,Lusa,,,fp,
qwen3_14b,participants,lusa_107,ext_exp_temp0.3_nodelim_norole_nocot,a PSP source,,,fp,
qwen3_14b,participants,lusa_107,ext_exp_temp0.3_nodelim_norole_nocot,the,,Org,fn,
qwen3_14b,participants,lusa_107,ext_exp_temp0.3_nodelim_norole_nocot,PSP source told,,Org,fn,
qwen3_14b,participants,lusa_107,ext_exp_temp0.3_nodelim_norole_nocot,the ,,Loc,fn,
qwen3_14b,participants,lusa_107,ext_exp_temp0.3_nodelim_norole_nocot,house,,Other,fn,
qwen3_14b,participants,lusa_107,ext_exp_temp0.3_nodelim_norole_nocot,Leixões,,Org,fn,
qwen3_14b,participants,lusa_107,ext_exp_temp0.3_nodelim_norole_nocot,he,,Other,fn,
qwen3_14b,participants,lusa_107,ext_exp_temp0.3_nodelim_norole_nocot,which,,Other,fn,
qwen3_14b,participants,lusa_107,ext_exp_temp0.3_nodelim_norole_nocot,source,,Per,fn,
qwen3_14b,participants,lusa_107,ext_exp_temp0.3_nodelim_norole_nocot,a height of seven meters,,Other,fn,
qwen3_14b,participants,lusa_107,ext_exp_temp0.3_nodelim_norole_nocot,the roof,,Other,fn,
qwen3_14b,participants,lusa_107,ext_exp_temp0.3_nodelim_norole_nocot,"Augusto Gil,",,Loc,fn,
qwen3_14b,participants,lusa_107,ext_exp_temp0.3_nodelim_norole_nocot,his,,Per,fn,
qwen3_14b,participants,lusa_108,ext_exp_temp0.3_nodelim_norole_nocot,Mem Martins,,Loc,tp,
qwen3_14b,participants,lusa_108,ext_exp_temp0.3_nodelim_norole_nocot,the other,,Per,tp,
qwen3_14b,participants,lusa_108,ext_exp_temp0.3_nodelim_norole_nocot,Algueirão-Mem Martins,,Loc,tp,
qwen3_14b,participants,lusa_108,ext_exp_temp0.3_nodelim_norole_nocot,the victims,,Per,tp,
qwen3_14b,participants,lusa_108,ext_exp_temp0.3_nodelim_norole_nocot,the scene,,Loc,tp,
qwen3_14b,participants,lusa_108,ext_exp_temp0.3_nodelim_norole_nocot,One man,,Per,tp,
qwen3_14b,participants,lusa_108,ext_exp_temp0.3_nodelim_norole_nocot,source,,Per,tp,
qwen3_14b,participants,lusa_108,ext_exp_temp0.3_nodelim_norole_nocot,another,,Per,tp,
qwen3_14b,participants,lusa_108,ext_exp_temp0.3_nodelim_norole_nocot,one,,Per,tp,
qwen3_14b,participants,lusa_108,ext_exp_temp0.3_nodelim_norole_nocot,Man,,Per,tp,
qwen3_14b,participants,lusa_108,ext_exp_temp0.3_nodelim_norole_nocot,Sintra,,Loc,tp,
qwen3_14b,participants,lusa_108,ext_exp_temp0.3_nodelim_norole_nocot,two people,,Per,tp,
qwen3_14b,participants,lusa_108,ext_exp_temp0.3_nodelim_norole_nocot,PSP,,,fp,
qwen3_14b,participants,lusa_108,ext_exp_temp0.3_nodelim_norole_nocot,Lisbon district,,,fp,
qwen3_14b,participants,lusa_108,ext_exp_temp0.3_nodelim_norole_nocot,Judicial Police (PJ),,,fp,
qwen3_14b,participants,lusa_108,ext_exp_temp0.3_nodelim_norole_nocot,the case,,,fp,
qwen3_14b,participants,lusa_108,ext_exp_temp0.3_nodelim_norole_nocot,Estrada de Mem Martins,,,fp,
qwen3_14b,participants,lusa_108,ext_exp_temp0.3_nodelim_norole_nocot,Hospital Professor Doutor Fernando Fonseca (Amadora-Sintra),,,fp,
qwen3_14b,participants,lusa_108,ext_exp_temp0.3_nodelim_norole_nocot,Cometlis,,,fp,
qwen3_14b,participants,lusa_108,ext_exp_temp0.3_nodelim_norole_nocot,the investigation,,,fp,
qwen3_14b,participants,lusa_108,ext_exp_temp0.3_nodelim_norole_nocot,Amadora-Sintra,,,fp,
qwen3_14b,participants,lusa_108,ext_exp_temp0.3_nodelim_norole_nocot,firearm,,,fp,
qwen3_14b,participants,lusa_108,ext_exp_temp0.3_nodelim_norole_nocot,disorder with a firearm,,,fp,
qwen3_14b,participants,lusa_108,ext_exp_temp0.3_nodelim_norole_nocot,Lusa agency,,,fp,
qwen3_14b,participants,lusa_108,ext_exp_temp0.3_nodelim_norole_nocot,Lisbon Metropolitan Command (Cometlis),,,fp,
qwen3_14b,participants,lusa_108,ext_exp_temp0.3_nodelim_norole_nocot,the Lusa agency,,Org,fn,
qwen3_14b,participants,lusa_108,ext_exp_temp0.3_nodelim_norole_nocot,where,,Loc,fn,
qwen3_14b,participants,lusa_108,ext_exp_temp0.3_nodelim_norole_nocot,further details,,Other,fn,
qwen3_14b,participants,lusa_108,ext_exp_temp0.3_nodelim_norole_nocot,the Lisbon,,Loc,fn,
qwen3_14b,participants,lusa_108,ext_exp_temp0.3_nodelim_norole_nocot,the,,Loc,fn,
qwen3_14b,participants,lusa_108,ext_exp_temp0.3_nodelim_norole_nocot,the Lisbon Metropolitan Command (Cometlis),,Org,fn,
qwen3_14b,participants,lusa_108,ext_exp_temp0.3_nodelim_norole_nocot,the Judicial Police (PJ),,Org,fn,
qwen3_14b,participants,lusa_108,ext_exp_temp0.3_nodelim_norole_nocot,the Hospital Professor Doutor Fernando Fonseca (Amadora-Sintra),,Loc,fn,
qwen3_14b,participants,lusa_108,ext_exp_temp0.3_nodelim_norole_nocot,a firearm,,Obj,fn,
qwen3_14b,participants,lusa_108,ext_exp_temp0.3_nodelim_norole_nocot,way,,Other,fn,
qwen3_14b,participants,lusa_108,ext_exp_temp0.3_nodelim_norole_nocot,a Cometlis,,Org,fn,
qwen3_14b,participants,lusa_108,ext_exp_temp0.3_nodelim_norole_nocot,the PSP,,Org,fn,
qwen3_14b,participants,lusa_108,ext_exp_temp0.3_nodelim_norole_nocot,with firearm,,Obj,fn,
qwen3_14b,participants,lusa_109,ext_exp_temp0.3_nodelim_norole_nocot,a tree,,Nat,tp,
qwen3_14b,participants,lusa_109,ext_exp_temp0.3_nodelim_norole_nocot,the extrication vehicle,,Obj,tp,
qwen3_14b,participants,lusa_109,ext_exp_temp0.3_nodelim_norole_nocot,the victim,,Per,tp,
qwen3_14b,participants,lusa_109,ext_exp_temp0.3_nodelim_norole_nocot,A 31-year-old man,,Per,tp,
qwen3_14b,participants,lusa_109,ext_exp_temp0.3_nodelim_norole_nocot,a ravine measuring around seven meters,,Nat,tp,
qwen3_14b,participants,lusa_109,ext_exp_temp0.3_nodelim_norole_nocot,tree,,Nat,tp,
qwen3_14b,participants,lusa_109,ext_exp_temp0.3_nodelim_norole_nocot,the ravine,,Nat,tp,
qwen3_14b,participants,lusa_109,ext_exp_temp0.3_nodelim_norole_nocot,the Felgueiras corporation,,Org,tp,
qwen3_14b,participants,lusa_109,ext_exp_temp0.3_nodelim_norole_nocot,The victim,,Per,tp,
qwen3_14b,participants,lusa_109,ext_exp_temp0.3_nodelim_norole_nocot,The man,,Per,tp,
qwen3_14b,participants,lusa_109,ext_exp_temp0.3_nodelim_norole_nocot,commander Júlio Pereira,,Per,tp,
qwen3_14b,participants,lusa_109,ext_exp_temp0.3_nodelim_norole_nocot,an ambulance,,Obj,tp,
qwen3_14b,participants,lusa_109,ext_exp_temp0.3_nodelim_norole_nocot,Man,,Per,tp,
qwen3_14b,participants,lusa_109,ext_exp_temp0.3_nodelim_norole_nocot,Lusa,,Org,tp,
qwen3_14b,participants,lusa_109,ext_exp_temp0.3_nodelim_norole_nocot,the source,,Per,tp,
qwen3_14b,participants,lusa_109,ext_exp_temp0.3_nodelim_norole_nocot,Felgueiras,,,fp,
qwen3_14b,participants,lusa_109,ext_exp_temp0.3_nodelim_norole_nocot,the high-angle rescue vehicle,,,fp,
qwen3_14b,participants,lusa_109,ext_exp_temp0.3_nodelim_norole_nocot,The Felgueiras Fire Department,,,fp,
qwen3_14b,participants,lusa_109,ext_exp_temp0.3_nodelim_norole_nocot,Vale do Sousa,,,fp,
qwen3_14b,participants,lusa_109,ext_exp_temp0.3_nodelim_norole_nocot,the corporation's wide-angle team,,,fp,
qwen3_14b,participants,lusa_109,ext_exp_temp0.3_nodelim_norole_nocot,a fire source,,,fp,
qwen3_14b,participants,lusa_109,ext_exp_temp0.3_nodelim_norole_nocot,the municipality of Felgueiras,,,fp,
qwen3_14b,participants,lusa_109,ext_exp_temp0.3_nodelim_norole_nocot,Guimarães Hospital,,,fp,
qwen3_14b,participants,lusa_109,ext_exp_temp0.3_nodelim_norole_nocot,Emergency and Resuscitation Medical Vehicle (VMER) team,,,fp,
qwen3_14b,participants,lusa_109,ext_exp_temp0.3_nodelim_norole_nocot,GNR,,,fp,
qwen3_14b,participants,lusa_109,ext_exp_temp0.3_nodelim_norole_nocot,the falling tree,,,fp,
qwen3_14b,participants,lusa_109,ext_exp_temp0.3_nodelim_norole_nocot,Vizela,,,fp,
qwen3_14b,participants,lusa_109,ext_exp_temp0.3_nodelim_norole_nocot,a firefighter,,,fp,
qwen3_14b,participants,lusa_109,ext_exp_temp0.3_nodelim_norole_nocot,Regilde,,,fp,
qwen3_14b,participants,lusa_109,ext_exp_temp0.3_nodelim_norole_nocot,at the scene,,Loc,fn,
qwen3_14b,participants,lusa_109,ext_exp_temp0.3_nodelim_norole_nocot,the,,Per,fn,
qwen3_14b,participants,lusa_109,ext_exp_temp0.3_nodelim_norole_nocot,to Guimarães Hospital,,Loc,fn,
qwen3_14b,participants,lusa_109,ext_exp_temp0.3_nodelim_norole_nocot,wide-angle team,,Per,fn,
qwen3_14b,participants,lusa_109,ext_exp_temp0.3_nodelim_norole_nocot,in Regilde,,Loc,fn,
qwen3_14b,participants,lusa_109,ext_exp_temp0.3_nodelim_norole_nocot,in Felgueiras,,Loc,fn,
qwen3_14b,participants,lusa_109,ext_exp_temp0.3_nodelim_norole_nocot,in Vizela,,Loc,fn,
qwen3_14b,participants,lusa_109,ext_exp_temp0.3_nodelim_norole_nocot,the corporation,,Org,fn,
qwen3_14b,participants,lusa_109,ext_exp_temp0.3_nodelim_norole_nocot,the scene,,Loc,fn,
qwen3_14b,participants,lusa_109,ext_exp_temp0.3_nodelim_norole_nocot,he ,,Org,fn,
qwen3_14b,participants,lusa_109,ext_exp_temp0.3_nodelim_norole_nocot,in the municipality of Felgueiras,,Loc,fn,
qwen3_14b,participants,lusa_109,ext_exp_temp0.3_nodelim_norole_nocot,Felgueiras Fire,,Org,fn,
qwen3_14b,participants,lusa_109,ext_exp_temp0.3_nodelim_norole_nocot,source,,Per,fn,
qwen3_14b,participants,lusa_109,ext_exp_temp0.3_nodelim_norole_nocot,the Emergency and Resuscitation Medical Vehicle (VMER) team from Vale do Sousa,,Org,fn,
qwen3_14b,participants,lusa_109,ext_exp_temp0.3_nodelim_norole_nocot,The GNR,,Org,fn,
qwen3_14b,participants,lusa_109,ext_exp_temp0.3_nodelim_norole_nocot,-angle rescue vehicle to the,,Obj,fn,
qwen3_14b,participants,lusa_110,ext_exp_temp0.3_nodelim_norole_nocot,A man,,Per,tp,
qwen3_14b,participants,lusa_110,ext_exp_temp0.3_nodelim_norole_nocot,Ricardo Nascimento,,Per,tp,
qwen3_14b,participants,lusa_110,ext_exp_temp0.3_nodelim_norole_nocot,the municipality of Ribeira Brava,,Loc,tp,
qwen3_14b,participants,lusa_110,ext_exp_temp0.3_nodelim_norole_nocot,Ribeira Brava,,Loc,tp,
qwen3_14b,participants,lusa_110,ext_exp_temp0.3_nodelim_norole_nocot,the man,,Per,tp,
qwen3_14b,participants,lusa_110,ext_exp_temp0.3_nodelim_norole_nocot,the house,,Loc,tp,
qwen3_14b,participants,lusa_110,ext_exp_temp0.3_nodelim_norole_nocot,Roberto Gonçalves,,Per,tp,
qwen3_14b,participants,lusa_110,ext_exp_temp0.3_nodelim_norole_nocot,the room,,Loc,tp,
qwen3_14b,participants,lusa_110,ext_exp_temp0.3_nodelim_norole_nocot,the fire,,Nat,tp,
qwen3_14b,participants,lusa_110,ext_exp_temp0.3_nodelim_norole_nocot,the corporation,,Org,tp,
qwen3_14b,participants,lusa_110,ext_exp_temp0.3_nodelim_norole_nocot,the victim,,Per,tp,
qwen3_14b,participants,lusa_110,ext_exp_temp0.3_nodelim_norole_nocot,the same source,,Per,tp,
qwen3_14b,participants,lusa_110,ext_exp_temp0.3_nodelim_norole_nocot,a man in his 70s,,Per,tp,
qwen3_14b,participants,lusa_110,ext_exp_temp0.3_nodelim_norole_nocot,source,,Per,tp,
qwen3_14b,participants,lusa_110,ext_exp_temp0.3_nodelim_norole_nocot,Man,,Per,tp,
qwen3_14b,participants,lusa_110,ext_exp_temp0.3_nodelim_norole_nocot,a bedroom,,Loc,tp,
qwen3_14b,participants,lusa_110,ext_exp_temp0.3_nodelim_norole_nocot,Lusa,,Org,tp,
qwen3_14b,participants,lusa_110,ext_exp_temp0.3_nodelim_norole_nocot,the flames,,Nat,tp,
qwen3_14b,participants,lusa_110,ext_exp_temp0.3_nodelim_norole_nocot,the police forces,,,fp,
qwen3_14b,participants,lusa_110,ext_exp_temp0.3_nodelim_norole_nocot,The president of Ribeira Brava City Council,,,fp,
qwen3_14b,participants,lusa_110,ext_exp_temp0.3_nodelim_norole_nocot,he,,,fp,
qwen3_14b,participants,lusa_110,ext_exp_temp0.3_nodelim_norole_nocot,Ribeira Brava and Ponta do Sol Volunteer Fire Department,,,fp,
qwen3_14b,participants,lusa_110,ext_exp_temp0.3_nodelim_norole_nocot,smoke and gases,,,fp,
qwen3_14b,participants,lusa_110,ext_exp_temp0.3_nodelim_norole_nocot,the entrance hall of the house,,,fp,
qwen3_14b,participants,lusa_110,ext_exp_temp0.3_nodelim_norole_nocot,possible smoke inhalation,,,fp,
qwen3_14b,participants,lusa_110,ext_exp_temp0.3_nodelim_norole_nocot,local fire department,,,fp,
qwen3_14b,participants,lusa_110,ext_exp_temp0.3_nodelim_norole_nocot,Madeira,,,fp,
qwen3_14b,participants,lusa_110,ext_exp_temp0.3_nodelim_norole_nocot,his home,,,fp,
qwen3_14b,participants,lusa_110,ext_exp_temp0.3_nodelim_norole_nocot,west of Madeira,,,fp,
qwen3_14b,participants,lusa_110,ext_exp_temp0.3_nodelim_norole_nocot,head of service,,,fp,
qwen3_14b,participants,lusa_110,ext_exp_temp0.3_nodelim_norole_nocot,house fire,,,fp,
qwen3_14b,participants,lusa_110,ext_exp_temp0.3_nodelim_norole_nocot,members of the corporation,,,fp,
qwen3_14b,participants,lusa_110,ext_exp_temp0.3_nodelim_norole_nocot,fire signals,,,fp,
qwen3_14b,participants,lusa_110,ext_exp_temp0.3_nodelim_norole_nocot,where,,Loc,fn,
qwen3_14b,participants,lusa_110,ext_exp_temp0.3_nodelim_norole_nocot,the west of Madeira,,Loc,fn,
qwen3_14b,participants,lusa_110,ext_exp_temp0.3_nodelim_norole_nocot,there,,Loc,fn,
qwen3_14b,participants,lusa_110,ext_exp_temp0.3_nodelim_norole_nocot,the municipality,,Loc,fn,
qwen3_14b,participants,lusa_110,ext_exp_temp0.3_nodelim_norole_nocot,The victim,,Per,fn,
qwen3_14b,participants,lusa_110,ext_exp_temp0.3_nodelim_norole_nocot,inside,,Loc,fn,
qwen3_14b,participants,lusa_110,ext_exp_temp0.3_nodelim_norole_nocot,smoke,,Nat,fn,
qwen3_14b,participants,lusa_110,ext_exp_temp0.3_nodelim_norole_nocot,in ,,Loc,fn,
qwen3_14b,participants,lusa_110,ext_exp_temp0.3_nodelim_norole_nocot,fire ,,Org,fn,
qwen3_14b,participants,lusa_110,ext_exp_temp0.3_nodelim_norole_nocot,signals,,Other,fn,
qwen3_14b,participants,lusa_110,ext_exp_temp0.3_nodelim_norole_nocot,home,,Loc,fn,
qwen3_14b,participants,lusa_110,ext_exp_temp0.3_nodelim_norole_nocot,members,,Per,fn,
qwen3_14b,participants,lusa_110,ext_exp_temp0.3_nodelim_norole_nocot,The president,,Per,fn,
qwen3_14b,participants,lusa_110,ext_exp_temp0.3_nodelim_norole_nocot,out ,,Per,fn,
qwen3_14b,participants,lusa_110,ext_exp_temp0.3_nodelim_norole_nocot,the entrance hall,,Loc,fn,
qwen3_14b,participants,lusa_110,ext_exp_temp0.3_nodelim_norole_nocot,Ribeira Brava City Council,,Org,fn,
qwen3_14b,participants,lusa_110,ext_exp_temp0.3_nodelim_norole_nocot,police forces,,Org,fn,
qwen3_14b,participants,lusa_110,ext_exp_temp0.3_nodelim_norole_nocot,the causes,,Other,fn,
qwen3_14b,participants,lusa_110,ext_exp_temp0.3_nodelim_norole_nocot,who,,Per,fn,
qwen3_14b,participants,lusa_110,ext_exp_temp0.3_nodelim_norole_nocot,the Ribeira Brava and Ponta do Sol Volunteer Fire,,Org,fn,
qwen3_14b,participants,lusa_110,ext_exp_temp0.3_nodelim_norole_nocot,gases,,Nat,fn,
qwen3_14b,participants,lusa_110,ext_exp_temp0.3_nodelim_norole_nocot,fire,,Nat,fn,
qwen3_14b,participants,lusa_110,ext_exp_temp0.3_nodelim_norole_nocot,", head of",,Per,fn,
qwen3_14b,participants,lusa_111,ext_exp_temp0.3_nodelim_norole_nocot,motorcycle,,Per,tp,
qwen3_14b,participants,lusa_111,ext_exp_temp0.3_nodelim_norole_nocot,Man,,Per,tp,
qwen3_14b,participants,lusa_111,ext_exp_temp0.3_nodelim_norole_nocot,the scene,,Loc,tp,
qwen3_14b,participants,lusa_111,ext_exp_temp0.3_nodelim_norole_nocot,Five vehicles,,Obj,tp,
qwen3_14b,participants,lusa_111,ext_exp_temp0.3_nodelim_norole_nocot,civil protection,,Org,tp,
qwen3_14b,participants,lusa_111,ext_exp_temp0.3_nodelim_norole_nocot,sources,,Per,tp,
qwen3_14b,participants,lusa_111,ext_exp_temp0.3_nodelim_norole_nocot,A 34-year-old man,,Per,tp,
qwen3_14b,participants,lusa_111,ext_exp_temp0.3_nodelim_norole_nocot,Lusa agency,,Org,tp,
qwen3_14b,participants,lusa_111,ext_exp_temp0.3_nodelim_norole_nocot,the GNR,,Org,tp,
qwen3_14b,participants,lusa_111,ext_exp_temp0.3_nodelim_norole_nocot,the source,,Per,tp,
qwen3_14b,participants,lusa_111,ext_exp_temp0.3_nodelim_norole_nocot,Estrada Nacional 17,,,fp,
qwen3_14b,participants,lusa_111,ext_exp_temp0.3_nodelim_norole_nocot,GNR's Road Accident Crime Investigation Unit,,,fp,
qwen3_14b,participants,lusa_111,ext_exp_temp0.3_nodelim_norole_nocot,the alert for the accident,,,fp,
qwen3_14b,participants,lusa_111,ext_exp_temp0.3_nodelim_norole_nocot,the Guarda District Relief Operations Command (CDOS),,,fp,
qwen3_14b,participants,lusa_111,ext_exp_temp0.3_nodelim_norole_nocot,Emergency and Resuscitation Medical Vehicle (VMER),,,fp,
qwen3_14b,participants,lusa_111,ext_exp_temp0.3_nodelim_norole_nocot,ten members of the Celorico da Beira Volunteer Fire Department,,,fp,
qwen3_14b,participants,lusa_111,ext_exp_temp0.3_nodelim_norole_nocot,district of Guarda,,,fp,
qwen3_14b,participants,lusa_111,ext_exp_temp0.3_nodelim_norole_nocot,doctor,,,fp,
qwen3_14b,participants,lusa_111,ext_exp_temp0.3_nodelim_norole_nocot,the VMER da Guarda,,,fp,
qwen3_14b,participants,lusa_111,ext_exp_temp0.3_nodelim_norole_nocot,GNR,,,fp,
qwen3_14b,participants,lusa_111,ext_exp_temp0.3_nodelim_norole_nocot,a source,,,fp,
qwen3_14b,participants,lusa_111,ext_exp_temp0.3_nodelim_norole_nocot,a CDOS source,,,fp,
qwen3_14b,participants,lusa_111,ext_exp_temp0.3_nodelim_norole_nocot,Celorico da Beira,,,fp,
qwen3_14b,participants,lusa_111,ext_exp_temp0.3_nodelim_norole_nocot,motorcycle driver,,,fp,
qwen3_14b,participants,lusa_111,ext_exp_temp0.3_nodelim_norole_nocot,the municipality by Celorico da Beira,,Loc,fn,
qwen3_14b,participants,lusa_111,ext_exp_temp0.3_nodelim_norole_nocot,the Guarda,,Pl_civil,fn,
qwen3_14b,participants,lusa_111,ext_exp_temp0.3_nodelim_norole_nocot,that,,Loc,fn,
qwen3_14b,participants,lusa_111,ext_exp_temp0.3_nodelim_norole_nocot,Lusa,,Org,fn,
qwen3_14b,participants,lusa_111,ext_exp_temp0.3_nodelim_norole_nocot,District Relief Operations Command,,Org,fn,
qwen3_14b,participants,lusa_111,ext_exp_temp0.3_nodelim_norole_nocot,Road Accident Crime Investigation Unit,,Org,fn,
qwen3_14b,participants,lusa_111,ext_exp_temp0.3_nodelim_norole_nocot,the doctor,,Per,fn,
qwen3_14b,participants,lusa_111,ext_exp_temp0.3_nodelim_norole_nocot,he,,Obj,fn,
qwen3_14b,participants,lusa_111,ext_exp_temp0.3_nodelim_norole_nocot,CDOS,,Org,fn,
qwen3_14b,participants,lusa_111,ext_exp_temp0.3_nodelim_norole_nocot,da Guarda,,Pl_civil,fn,
qwen3_14b,participants,lusa_111,ext_exp_temp0.3_nodelim_norole_nocot,the Territorial Command,,Fac,fn,
qwen3_14b,participants,lusa_111,ext_exp_temp0.3_nodelim_norole_nocot,the town of Cortiço da Serra,,Loc,fn,
qwen3_14b,participants,lusa_111,ext_exp_temp0.3_nodelim_norole_nocot,the VMER da Guarda,,Obj,fn,
qwen3_14b,participants,lusa_111,ext_exp_temp0.3_nodelim_norole_nocot,GNR were at,,Loc,fn,
qwen3_14b,participants,lusa_111,ext_exp_temp0.3_nodelim_norole_nocot,the,,Org,fn,
qwen3_14b,participants,lusa_111,ext_exp_temp0.3_nodelim_norole_nocot,ten members,,Per,fn,
qwen3_14b,participants,lusa_111,ext_exp_temp0.3_nodelim_norole_nocot,Source,,Per,fn,
qwen3_14b,participants,lusa_111,ext_exp_temp0.3_nodelim_norole_nocot,to a CDOS,,Org,fn,
qwen3_14b,participants,lusa_111,ext_exp_temp0.3_nodelim_norole_nocot,in Celorico da Beira,,Loc,fn,
qwen3_14b,participants,lusa_111,ext_exp_temp0.3_nodelim_norole_nocot,ten members of the Celorico da Beira,,Org,fn,
qwen3_14b,participants,lusa_111,ext_exp_temp0.3_nodelim_norole_nocot,in the direction of Celorico da Beira - Cortiço da Serra,,Loc,fn,
qwen3_14b,participants,lusa_111,ext_exp_temp0.3_nodelim_norole_nocot,a few meters before,,Loc,fn,
qwen3_14b,participants,lusa_111,ext_exp_temp0.3_nodelim_norole_nocot,in the district of Guarda,,Loc,fn,
qwen3_14b,participants,lusa_111,ext_exp_temp0.3_nodelim_norole_nocot,the Emergency and Resuscitation Medical Vehicle (VMER),,Obj,fn,
qwen3_14b,participants,lusa_111,ext_exp_temp0.3_nodelim_norole_nocot,the motorcycle driver,,Per,fn,
qwen3_14b,participants,lusa_111,ext_exp_temp0.3_nodelim_norole_nocot,the causes,,Other,fn,
qwen3_14b,participants,lusa_111,ext_exp_temp0.3_nodelim_norole_nocot,who,,Per,fn,
qwen3_14b,participants,lusa_111,ext_exp_temp0.3_nodelim_norole_nocot,source,,Per,fn,
qwen3_14b,participants,lusa_111,ext_exp_temp0.3_nodelim_norole_nocot,Nacional 17,,Loc,fn,
qwen3_14b,participants,lusa_111,ext_exp_temp0.3_nodelim_norole_nocot,the motorcycle,,Obj,fn,
qwen3_14b,participants,lusa_113,ext_exp_temp0.3_nodelim_norole_nocot,A 26-year-old man,,Per,tp,
qwen3_14b,participants,lusa_113,ext_exp_temp0.3_nodelim_norole_nocot,sister,,Per,tp,
qwen3_14b,participants,lusa_113,ext_exp_temp0.3_nodelim_norole_nocot,the military,,Per,tp,
qwen3_14b,participants,lusa_113,ext_exp_temp0.3_nodelim_norole_nocot,the doors,,Obj,tp,
qwen3_14b,participants,lusa_113,ext_exp_temp0.3_nodelim_norole_nocot,the Guard,,Org,tp,
qwen3_14b,participants,lusa_113,ext_exp_temp0.3_nodelim_norole_nocot,the 46-year-old mother,,Per,tp,
qwen3_14b,participants,lusa_113,ext_exp_temp0.3_nodelim_norole_nocot,the victims,,Per,tp,
qwen3_14b,participants,lusa_113,ext_exp_temp0.3_nodelim_norole_nocot,The detainee,,Per,tp,
qwen3_14b,participants,lusa_113,ext_exp_temp0.3_nodelim_norole_nocot,the Guard soldiers,,Per,tp,
qwen3_14b,participants,lusa_113,ext_exp_temp0.3_nodelim_norole_nocot,the suspect,,Per,tp,
qwen3_14b,participants,lusa_113,ext_exp_temp0.3_nodelim_norole_nocot,the GNR,,Org,tp,
qwen3_14b,participants,lusa_113,ext_exp_temp0.3_nodelim_norole_nocot,ax,,,fp,
qwen3_14b,participants,lusa_113,ext_exp_temp0.3_nodelim_norole_nocot,Judicial Court of Seia,,,fp,
qwen3_14b,participants,lusa_113,ext_exp_temp0.3_nodelim_norole_nocot,the house,,,fp,
qwen3_14b,participants,lusa_113,ext_exp_temp0.3_nodelim_norole_nocot,Foz Côa,,,fp,
qwen3_14b,participants,lusa_113,ext_exp_temp0.3_nodelim_norole_nocot,the sister of 12 years,,,fp,
qwen3_14b,participants,lusa_113,ext_exp_temp0.3_nodelim_norole_nocot,the attacker,,,fp,
qwen3_14b,participants,lusa_113,ext_exp_temp0.3_nodelim_norole_nocot,mother,,,fp,
qwen3_14b,participants,lusa_113,ext_exp_temp0.3_nodelim_norole_nocot,the location,,,fp,
qwen3_14b,participants,lusa_113,ext_exp_temp0.3_nodelim_norole_nocot,the security force,,,fp,
qwen3_14b,participants,lusa_113,ext_exp_temp0.3_nodelim_norole_nocot,GNR,,,fp,
qwen3_14b,participants,lusa_113,ext_exp_temp0.3_nodelim_norole_nocot,The objects used for the threats,,,fp,
qwen3_14b,participants,lusa_113,ext_exp_temp0.3_nodelim_norole_nocot,knife,,,fp,
qwen3_14b,participants,lusa_113,ext_exp_temp0.3_nodelim_norole_nocot,26-year-old man,,,fp,
qwen3_14b,participants,lusa_113,ext_exp_temp0.3_nodelim_norole_nocot,man,,,fp,
qwen3_14b,participants,lusa_113,ext_exp_temp0.3_nodelim_norole_nocot,where,,Loc,fn,
qwen3_14b,participants,lusa_113,ext_exp_temp0.3_nodelim_norole_nocot,at the Judicial Court of Seia,,Org,fn,
qwen3_14b,participants,lusa_113,ext_exp_temp0.3_nodelim_norole_nocot,the,,Loc,fn,
qwen3_14b,participants,lusa_113,ext_exp_temp0.3_nodelim_norole_nocot,criminal record,,Other,fn,
qwen3_14b,participants,lusa_113,ext_exp_temp0.3_nodelim_norole_nocot,that security force,,Org,fn,
qwen3_14b,participants,lusa_113,ext_exp_temp0.3_nodelim_norole_nocot,an ax,,Obj,fn,
qwen3_14b,participants,lusa_113,ext_exp_temp0.3_nodelim_norole_nocot,to his mother,,Per,fn,
qwen3_14b,participants,lusa_113,ext_exp_temp0.3_nodelim_norole_nocot,The objects,,Obj,fn,
qwen3_14b,participants,lusa_113,ext_exp_temp0.3_nodelim_norole_nocot,"the house, in",,Obj,fn,
qwen3_14b,participants,lusa_113,ext_exp_temp0.3_nodelim_norole_nocot,coercive measure,,Other,fn,
qwen3_14b,participants,lusa_113,ext_exp_temp0.3_nodelim_norole_nocot,a knife,,Obj,fn,
qwen3_14b,participants,lusa_113,ext_exp_temp0.3_nodelim_norole_nocot,the municipality of Foz Côa,,Loc,fn,
qwen3_14b,participants,lusa_113,ext_exp_temp0.3_nodelim_norole_nocot,preventive detention,,Other,fn,
qwen3_14b,participants,lusa_113,ext_exp_temp0.3_nodelim_norole_nocot,statement,,Obj,fn,
qwen3_14b,participants,lusa_114,ext_exp_temp0.3_nodelim_norole_nocot,more than two hundred computer files,,Other,tp,
qwen3_14b,participants,lusa_114,ext_exp_temp0.3_nodelim_norole_nocot,the PJ,,Org,tp,
qwen3_14b,participants,lusa_114,ext_exp_temp0.3_nodelim_norole_nocot,the man,,Per,tp,
qwen3_14b,participants,lusa_114,ext_exp_temp0.3_nodelim_norole_nocot,a 56-year-old man,,Per,tp,
qwen3_14b,participants,lusa_114,ext_exp_temp0.3_nodelim_norole_nocot,The detainee,,Per,tp,
qwen3_14b,participants,lusa_114,ext_exp_temp0.3_nodelim_norole_nocot,several cell phones,,Obj,tp,
qwen3_14b,participants,lusa_114,ext_exp_temp0.3_nodelim_norole_nocot,the suspect,,Per,tp,
qwen3_14b,participants,lusa_114,ext_exp_temp0.3_nodelim_norole_nocot,the district of Évora,,Pl_civil,tp,
qwen3_14b,participants,lusa_114,ext_exp_temp0.3_nodelim_norole_nocot,the police,,Org,tp,
qwen3_14b,participants,lusa_114,ext_exp_temp0.3_nodelim_norole_nocot,Évora Local Criminal Investigation Unit,,,fp,
qwen3_14b,participants,lusa_114,ext_exp_temp0.3_nodelim_norole_nocot,PJ,,,fp,
qwen3_14b,participants,lusa_114,ext_exp_temp0.3_nodelim_norole_nocot,members of the Évora Local Criminal Investigation Unit,,,fp,
qwen3_14b,participants,lusa_114,ext_exp_temp0.3_nodelim_norole_nocot,The Judiciary Police,,,fp,
qwen3_14b,participants,lusa_114,ext_exp_temp0.3_nodelim_norole_nocot,child pornography,,,fp,
qwen3_14b,participants,lusa_114,ext_exp_temp0.3_nodelim_norole_nocot,Évora,,,fp,
qwen3_14b,participants,lusa_114,ext_exp_temp0.3_nodelim_norole_nocot,Judicial Police,,,fp,
qwen3_14b,participants,lusa_114,ext_exp_temp0.3_nodelim_norole_nocot,equipment,,,fp,
qwen3_14b,participants,lusa_114,ext_exp_temp0.3_nodelim_norole_nocot,suspect,,,fp,
qwen3_14b,participants,lusa_114,ext_exp_temp0.3_nodelim_norole_nocot,members,,Per,fn,
qwen3_14b,participants,lusa_114,ext_exp_temp0.3_nodelim_norole_nocot,The Judiciary Police (PJ),,Org,fn,
qwen3_14b,participants,lusa_114,ext_exp_temp0.3_nodelim_norole_nocot,cell phones,,Obj,fn,
qwen3_14b,participants,lusa_114,ext_exp_temp0.3_nodelim_norole_nocot,this equipment,,Obj,fn,
qwen3_14b,participants,lusa_114,ext_exp_temp0.3_nodelim_norole_nocot,images,,Other,fn,
qwen3_14b,participants,lusa_114,ext_exp_temp0.3_nodelim_norole_nocot,content,,Other,fn,
qwen3_14b,participants,lusa_114,ext_exp_temp0.3_nodelim_norole_nocot,the Évora Local Criminal Investigation Unit,,Org,fn,
qwen3_14b,participants,lusa_114,ext_exp_temp0.3_nodelim_norole_nocot,coercive measures,,Other,fn,
qwen3_14b,participants,lusa_114,ext_exp_temp0.3_nodelim_norole_nocot,minors,,Per,fn,
qwen3_14b,participants,lusa_114,ext_exp_temp0.3_nodelim_norole_nocot,statement,,Obj,fn,
qwen3_14b,participants,lusa_115,ext_exp_temp0.3_nodelim_norole_nocot,police source,,Per,tp,
qwen3_14b,participants,lusa_115,ext_exp_temp0.3_nodelim_norole_nocot,Rego area,,Pl_civil,tp,
qwen3_14b,participants,lusa_115,ext_exp_temp0.3_nodelim_norole_nocot,firearms,,Obj,tp,
qwen3_14b,participants,lusa_115,ext_exp_temp0.3_nodelim_norole_nocot,the same source,,Per,tp,
qwen3_14b,participants,lusa_115,ext_exp_temp0.3_nodelim_norole_nocot,authorities,,Org,tp,
qwen3_14b,participants,lusa_115,ext_exp_temp0.3_nodelim_norole_nocot,Four men,,Per,tp,
qwen3_14b,participants,lusa_115,ext_exp_temp0.3_nodelim_norole_nocot,Lisbon,,Pl_civil,tp,
qwen3_14b,participants,lusa_115,ext_exp_temp0.3_nodelim_norole_nocot,two different vehicles,,Veh,tp,
qwen3_14b,participants,lusa_115,ext_exp_temp0.3_nodelim_norole_nocot,Lusa,,Org,tp,
qwen3_14b,participants,lusa_115,ext_exp_temp0.3_nodelim_norole_nocot,PSP,,,fp,
qwen3_14b,participants,lusa_115,ext_exp_temp0.3_nodelim_norole_nocot,vehicles parked in the area,,,fp,
qwen3_14b,participants,lusa_115,ext_exp_temp0.3_nodelim_norole_nocot,The case,,,fp,
qwen3_14b,participants,lusa_115,ext_exp_temp0.3_nodelim_norole_nocot,PSP Lisbon Metropolitan Command,,,fp,
qwen3_14b,participants,lusa_115,ext_exp_temp0.3_nodelim_norole_nocot,the four men,,,fp,
qwen3_14b,participants,lusa_115,ext_exp_temp0.3_nodelim_norole_nocot,magazine,,,fp,
qwen3_14b,participants,lusa_115,ext_exp_temp0.3_nodelim_norole_nocot,one of the suspects,,,fp,
qwen3_14b,participants,lusa_115,ext_exp_temp0.3_nodelim_norole_nocot,the Judiciary Police,,,fp,
qwen3_14b,participants,lusa_115,ext_exp_temp0.3_nodelim_norole_nocot,a source from the PSP Lisbon Metropolitan Command,,,fp,
qwen3_14b,participants,lusa_115,ext_exp_temp0.3_nodelim_norole_nocot,ammunition,,,fp,
qwen3_14b,participants,lusa_115,ext_exp_temp0.3_nodelim_norole_nocot,PSP ,,Org,fn,
qwen3_14b,participants,lusa_115,ext_exp_temp0.3_nodelim_norole_nocot,vehicles,,Veh,fn,
qwen3_14b,participants,lusa_115,ext_exp_temp0.3_nodelim_norole_nocot,"The four men, of an unspecified age",,Per,fn,
qwen3_14b,participants,lusa_115,ext_exp_temp0.3_nodelim_norole_nocot,injuries,,Per,fn,
qwen3_14b,participants,lusa_115,ext_exp_temp0.3_nodelim_norole_nocot,several ammunition,,Obj,fn,
qwen3_14b,participants,lusa_115,ext_exp_temp0.3_nodelim_norole_nocot,“several bullet casings”,,Obj,fn,
qwen3_14b,participants,lusa_115,ext_exp_temp0.3_nodelim_norole_nocot,one,,Per,fn,
qwen3_14b,participants,lusa_115,ext_exp_temp0.3_nodelim_norole_nocot,Judiciary Police,,Org,fn,
qwen3_14b,participants,lusa_115,ext_exp_temp0.3_nodelim_norole_nocot,the suspects,,Per,fn,
qwen3_14b,participants,lusa_115,ext_exp_temp0.3_nodelim_norole_nocot,area,,Pl_civil,fn,
qwen3_14b,participants,lusa_115,ext_exp_temp0.3_nodelim_norole_nocot,the PSP Lisbon Metropolitan Command,,Org,fn,
qwen3_14b,participants,lusa_115,ext_exp_temp0.3_nodelim_norole_nocot,that,,Obj,fn,
qwen3_14b,participants,lusa_115,ext_exp_temp0.3_nodelim_norole_nocot,source,,Per,fn,
qwen3_14b,participants,lusa_115,ext_exp_temp0.3_nodelim_norole_nocot,each other,,Per,fn,
qwen3_14b,participants,lusa_115,ext_exp_temp0.3_nodelim_norole_nocot,his,,Per,fn,
qwen3_14b,participants,lusa_115,ext_exp_temp0.3_nodelim_norole_nocot,scene,,Pl_civil,fn,
qwen3_14b,participants,lusa_115,ext_exp_temp0.3_nodelim_norole_nocot,a magazine,,Obj,fn,
qwen3_14b,participants,lusa_116,ext_exp_temp0.3_nodelim_norole_nocot,Largo Maria Judite de Carvalho,,Pl_civil,tp,
qwen3_14b,participants,lusa_116,ext_exp_temp0.3_nodelim_norole_nocot,the Judicial Police,,Org,tp,
qwen3_14b,participants,lusa_116,ext_exp_temp0.3_nodelim_norole_nocot,firearms,,Obj,tp,
qwen3_14b,participants,lusa_116,ext_exp_temp0.3_nodelim_norole_nocot,Casal dos Machados,,Fac,tp,
qwen3_14b,participants,lusa_116,ext_exp_temp0.3_nodelim_norole_nocot,several people,,Per,tp,
qwen3_14b,participants,lusa_116,ext_exp_temp0.3_nodelim_norole_nocot,ambulance,,Veh,tp,
qwen3_14b,participants,lusa_116,ext_exp_temp0.3_nodelim_norole_nocot,source,,Per,tp,
qwen3_14b,participants,lusa_116,ext_exp_temp0.3_nodelim_norole_nocot,a 33-year-old man,,Per,tp,
qwen3_14b,participants,lusa_116,ext_exp_temp0.3_nodelim_norole_nocot,Lisbon,,Pl_capital,tp,
qwen3_14b,participants,lusa_116,ext_exp_temp0.3_nodelim_norole_nocot,Lusa,,Org,tp,
qwen3_14b,participants,lusa_116,ext_exp_temp0.3_nodelim_norole_nocot,the source,,Per,tp,
qwen3_14b,participants,lusa_116,ext_exp_temp0.3_nodelim_norole_nocot,Santa Maria Hospital,,Fac,tp,
qwen3_14b,participants,lusa_116,ext_exp_temp0.3_nodelim_norole_nocot,gas pumps,,,fp,
qwen3_14b,participants,lusa_116,ext_exp_temp0.3_nodelim_norole_nocot,The slightly injured person,,,fp,
qwen3_14b,participants,lusa_116,ext_exp_temp0.3_nodelim_norole_nocot,Parque das Nations,,,fp,
qwen3_14b,participants,lusa_116,ext_exp_temp0.3_nodelim_norole_nocot,Casal dos Machados neighborhood,,,fp,
qwen3_14b,participants,lusa_116,ext_exp_temp0.3_nodelim_norole_nocot,Two men,,,fp,
qwen3_14b,participants,lusa_116,ext_exp_temp0.3_nodelim_norole_nocot,Avenida Infante D.,,,fp,
qwen3_14b,participants,lusa_116,ext_exp_temp0.3_nodelim_norole_nocot,The investigation,,,fp,
qwen3_14b,participants,lusa_116,ext_exp_temp0.3_nodelim_norole_nocot,Two injured,,,fp,
qwen3_14b,participants,lusa_116,ext_exp_temp0.3_nodelim_norole_nocot,fight,,,fp,
qwen3_14b,participants,lusa_116,ext_exp_temp0.3_nodelim_norole_nocot,the same hospital,,,fp,
qwen3_14b,participants,lusa_116,ext_exp_temp0.3_nodelim_norole_nocot,PSP source,,,fp,
qwen3_14b,participants,lusa_116,ext_exp_temp0.3_nodelim_norole_nocot,Henrique,,,fp,
qwen3_14b,participants,lusa_116,ext_exp_temp0.3_nodelim_norole_nocot,a PSP source,,,fp,
qwen3_14b,participants,lusa_116,ext_exp_temp0.3_nodelim_norole_nocot,the ,,Veh,fn,
qwen3_14b,participants,lusa_116,ext_exp_temp0.3_nodelim_norole_nocot,Avenida Infante D. Henrique,,Pl_civil,fn,
qwen3_14b,participants,lusa_116,ext_exp_temp0.3_nodelim_norole_nocot,firearm cartridge,,Obj,fn,
qwen3_14b,participants,lusa_116,ext_exp_temp0.3_nodelim_norole_nocot,Three vehicles,,Veh,fn,
qwen3_14b,participants,lusa_116,ext_exp_temp0.3_nodelim_norole_nocot,parish of Parque das Nations,,Pl_civil,fn,
qwen3_14b,participants,lusa_116,ext_exp_temp0.3_nodelim_norole_nocot,"The slightly injured person, aged 22",,Per,fn,
qwen3_14b,participants,lusa_116,ext_exp_temp0.3_nodelim_norole_nocot,the PSP source,,Per,fn,
qwen3_14b,participants,lusa_116,ext_exp_temp0.3_nodelim_norole_nocot,one,,Per,fn,
qwen3_14b,participants,lusa_116,ext_exp_temp0.3_nodelim_norole_nocot,to gunshots,,Obj,fn,
qwen3_14b,participants,lusa_116,ext_exp_temp0.3_nodelim_norole_nocot,same hospital,,Fac,fn,
qwen3_14b,participants,lusa_116,ext_exp_temp0.3_nodelim_norole_nocot,a firearm cartridge,,Obj,fn,
qwen3_14b,participants,lusa_116,ext_exp_temp0.3_nodelim_norole_nocot,a PSP,,Org,fn,
qwen3_14b,participants,lusa_116,ext_exp_temp0.3_nodelim_norole_nocot,Two men aged 22 and 33,,Per,fn,
qwen3_14b,participants,lusa_116,ext_exp_temp0.3_nodelim_norole_nocot,them,,Per,fn,
qwen3_14b,participants,lusa_116,ext_exp_temp0.3_nodelim_norole_nocot,scene,,Pl_civil,fn,
qwen3_14b,participants,lusa_116,ext_exp_temp0.3_nodelim_norole_nocot,the PSP,,Org,fn,
qwen3_14b,participants,lusa_116,ext_exp_temp0.3_nodelim_norole_nocot,the Casal dos Machados,,Pl_civil,fn,
qwen3_14b,participants,lusa_116,ext_exp_temp0.3_nodelim_norole_nocot,the gas pumps,,Fac,fn,
qwen3_14b,participants,lusa_12,ext_exp_temp0.3_nodelim_norole_nocot,that province,,Loc,tp,
qwen3_14b,participants,lusa_12,ext_exp_temp0.3_nodelim_norole_nocot,the agent,,Per,tp,
qwen3_14b,participants,lusa_12,ext_exp_temp0.3_nodelim_norole_nocot,a colleague,,Per,tp,
qwen3_14b,participants,lusa_12,ext_exp_temp0.3_nodelim_norole_nocot,southern Mozambique,,Loc,tp,
qwen3_14b,participants,lusa_12,ext_exp_temp0.3_nodelim_norole_nocot,Juarce Martins,,Per,tp,
qwen3_14b,participants,lusa_12,ext_exp_temp0.3_nodelim_norole_nocot,the perpetrator,,Per,tp,
qwen3_14b,participants,lusa_12,ext_exp_temp0.3_nodelim_norole_nocot,the province of Maputo,,Loc,tp,
qwen3_14b,participants,lusa_12,ext_exp_temp0.3_nodelim_norole_nocot,A Mozambican police officer,,Per,tp,
qwen3_14b,participants,lusa_12,ext_exp_temp0.3_nodelim_norole_nocot,the camp,,Fac,tp,
qwen3_14b,participants,lusa_12,ext_exp_temp0.3_nodelim_norole_nocot,Lusa,,Org,tp,
qwen3_14b,participants,lusa_12,ext_exp_temp0.3_nodelim_norole_nocot,the police,,Org,tp,
qwen3_14b,participants,lusa_12,ext_exp_temp0.3_nodelim_norole_nocot,the two officers,,Per,tp,
qwen3_14b,participants,lusa_12,ext_exp_temp0.3_nodelim_norole_nocot,spokesperson,,,fp,
qwen3_14b,participants,lusa_12,ext_exp_temp0.3_nodelim_norole_nocot,Maputo,,,fp,
qwen3_14b,participants,lusa_12,ext_exp_temp0.3_nodelim_norole_nocot,PRM agents,,,fp,
qwen3_14b,participants,lusa_12,ext_exp_temp0.3_nodelim_norole_nocot,the protected area,,,fp,
qwen3_14b,participants,lusa_12,ext_exp_temp0.3_nodelim_norole_nocot,colleague,,,fp,
qwen3_14b,participants,lusa_12,ext_exp_temp0.3_nodelim_norole_nocot,other colleagues,,,fp,
qwen3_14b,participants,lusa_12,ext_exp_temp0.3_nodelim_norole_nocot,a police source,,,fp,
qwen3_14b,participants,lusa_12,ext_exp_temp0.3_nodelim_norole_nocot,PRM spokesperson,,,fp,
qwen3_14b,participants,lusa_12,ext_exp_temp0.3_nodelim_norole_nocot,Department of Protection of Natural Resources and Environment,,,fp,
qwen3_14b,participants,lusa_12,ext_exp_temp0.3_nodelim_norole_nocot,Police officer,,,fp,
qwen3_14b,participants,lusa_12,ext_exp_temp0.3_nodelim_norole_nocot,district of Magude,,,fp,
qwen3_14b,participants,lusa_12,ext_exp_temp0.3_nodelim_norole_nocot,Maputo province,,,fp,
qwen3_14b,participants,lusa_12,ext_exp_temp0.3_nodelim_norole_nocot,Police of the Republic of Mozambique (PRM),,,fp,
qwen3_14b,participants,lusa_12,ext_exp_temp0.3_nodelim_norole_nocot,province of Maputo,,,fp,
qwen3_14b,participants,lusa_12,ext_exp_temp0.3_nodelim_norole_nocot,the PRM spokesperson,,Per,fn,
qwen3_14b,participants,lusa_12,ext_exp_temp0.3_nodelim_norole_nocot,other,,Other,fn,
qwen3_14b,participants,lusa_12,ext_exp_temp0.3_nodelim_norole_nocot,the Police of the Republic of Mozambique (PRM),,Org,fn,
qwen3_14b,participants,lusa_12,ext_exp_temp0.3_nodelim_norole_nocot,the members,,Per,fn,
qwen3_14b,participants,lusa_12,ext_exp_temp0.3_nodelim_norole_nocot,reasons,,Other,fn,
qwen3_14b,participants,lusa_12,ext_exp_temp0.3_nodelim_norole_nocot,the ,,Org,fn,
qwen3_14b,participants,lusa_12,ext_exp_temp0.3_nodelim_norole_nocot,They,,Per,fn,
qwen3_14b,participants,lusa_12,ext_exp_temp0.3_nodelim_norole_nocot,the other,,Per,fn,
qwen3_14b,participants,lusa_12,ext_exp_temp0.3_nodelim_norole_nocot,the district of Magude,,Loc,fn,
qwen3_14b,participants,lusa_12,ext_exp_temp0.3_nodelim_norole_nocot,A Mozambican police,,Org,fn,
qwen3_14b,participants,lusa_12,ext_exp_temp0.3_nodelim_norole_nocot,other colleagues ran,,Per,fn,
qwen3_14b,participants,lusa_12,ext_exp_temp0.3_nodelim_norole_nocot,one,,Other,fn,
qwen3_14b,participants,lusa_12,ext_exp_temp0.3_nodelim_norole_nocot,a protected,,Loc,fn,
qwen3_14b,participants,lusa_12,ext_exp_temp0.3_nodelim_norole_nocot,the,,Org,fn,
qwen3_14b,participants,lusa_12,ext_exp_temp0.3_nodelim_norole_nocot,the spokesperson,,Per,fn,
qwen3_14b,participants,lusa_12,ext_exp_temp0.3_nodelim_norole_nocot,The command,,Org,fn,
qwen3_14b,participants,lusa_12,ext_exp_temp0.3_nodelim_norole_nocot,"the Department of Protection of Natural Resources and Environment, in",,Org,fn,
qwen3_14b,participants,lusa_12,ext_exp_temp0.3_nodelim_norole_nocot,the Police of,,Loc,fn,
qwen3_14b,participants,lusa_12,ext_exp_temp0.3_nodelim_norole_nocot,agents,,Per,fn,
qwen3_14b,participants,lusa_12,ext_exp_temp0.3_nodelim_norole_nocot,the PRM,,Org,fn,
qwen3_14b,participants,lusa_12,ext_exp_temp0.3_nodelim_norole_nocot,source,,Per,fn,
qwen3_14b,participants,lusa_13,ext_exp_temp0.3_nodelim_norole_nocot,central Mozambique,,Loc,tp,
qwen3_14b,participants,lusa_13,ext_exp_temp0.3_nodelim_norole_nocot,vessels,,Obj,tp,
qwen3_14b,participants,lusa_13,ext_exp_temp0.3_nodelim_norole_nocot,crab,,Nat,tp,
qwen3_14b,participants,lusa_13,ext_exp_temp0.3_nodelim_norole_nocot,César Maphossa,,Per,tp,
qwen3_14b,participants,lusa_13,ext_exp_temp0.3_nodelim_norole_nocot,a vessel,,Obj,tp,
qwen3_14b,participants,lusa_13,ext_exp_temp0.3_nodelim_norole_nocot,crabs,,Nat,tp,
qwen3_14b,participants,lusa_13,ext_exp_temp0.3_nodelim_norole_nocot,those responsible,,Per,tp,
qwen3_14b,participants,lusa_13,ext_exp_temp0.3_nodelim_norole_nocot,authorities,,Org,tp,
qwen3_14b,participants,lusa_13,ext_exp_temp0.3_nodelim_norole_nocot,inspectors,,Per,tp,
qwen3_14b,participants,lusa_13,ext_exp_temp0.3_nodelim_norole_nocot,Lusa,,Loc,tp,
qwen3_14b,participants,lusa_13,ext_exp_temp0.3_nodelim_norole_nocot,the boat,,Obj,tp,
qwen3_14b,participants,lusa_13,ext_exp_temp0.3_nodelim_norole_nocot,the crew,,Per,tp,
qwen3_14b,participants,lusa_13,ext_exp_temp0.3_nodelim_norole_nocot,head of inspection,,,fp,
qwen3_14b,participants,lusa_13,ext_exp_temp0.3_nodelim_norole_nocot,September,,,fp,
qwen3_14b,participants,lusa_13,ext_exp_temp0.3_nodelim_norole_nocot,Mozambican maritime inspection,,,fp,
qwen3_14b,participants,lusa_13,ext_exp_temp0.3_nodelim_norole_nocot,Mozambican authorities,,,fp,
qwen3_14b,participants,lusa_13,ext_exp_temp0.3_nodelim_norole_nocot,"1,100 kilos of crab",,,fp,
qwen3_14b,participants,lusa_13,ext_exp_temp0.3_nodelim_norole_nocot,ban period,,,fp,
qwen3_14b,participants,lusa_13,ext_exp_temp0.3_nodelim_norole_nocot,Beira,,,fp,
qwen3_14b,participants,lusa_13,ext_exp_temp0.3_nodelim_norole_nocot,the center of the country,,,fp,
qwen3_14b,participants,lusa_13,ext_exp_temp0.3_nodelim_norole_nocot,500 kilograms,,,fp,
qwen3_14b,participants,lusa_13,ext_exp_temp0.3_nodelim_norole_nocot,authority source,,,fp,
qwen3_14b,participants,lusa_13,ext_exp_temp0.3_nodelim_norole_nocot,veda season,,,fp,
qwen3_14b,participants,lusa_13,ext_exp_temp0.3_nodelim_norole_nocot,the end of the year,,,fp,
qwen3_14b,participants,lusa_13,ext_exp_temp0.3_nodelim_norole_nocot,another 500 kilograms of crab,,Other,fn,
qwen3_14b,participants,lusa_13,ext_exp_temp0.3_nodelim_norole_nocot,heavy fines,,Other,fn,
qwen3_14b,participants,lusa_13,ext_exp_temp0.3_nodelim_norole_nocot,"1,100 kilos",,Other,fn,
qwen3_14b,participants,lusa_13,ext_exp_temp0.3_nodelim_norole_nocot,the species,,Nat,fn,
qwen3_14b,participants,lusa_13,ext_exp_temp0.3_nodelim_norole_nocot,their,,Nat,fn,
qwen3_14b,participants,lusa_13,ext_exp_temp0.3_nodelim_norole_nocot,authority,,Org,fn,
qwen3_14b,participants,lusa_13,ext_exp_temp0.3_nodelim_norole_nocot,the outskirts of the city of Beira,,Loc,fn,
qwen3_14b,participants,lusa_13,ext_exp_temp0.3_nodelim_norole_nocot,marine species,,Nat,fn,
qwen3_14b,participants,lusa_13,ext_exp_temp0.3_nodelim_norole_nocot,their populations,,Nat,fn,
qwen3_14b,participants,lusa_13,ext_exp_temp0.3_nodelim_norole_nocot,natural habitat,,Loc,fn,
qwen3_14b,participants,lusa_13,ext_exp_temp0.3_nodelim_norole_nocot,outskirts of the provincial capital of Sofala,,Loc,fn,
qwen3_14b,participants,lusa_13,ext_exp_temp0.3_nodelim_norole_nocot,the head,,Per,fn,
qwen3_14b,participants,lusa_13,ext_exp_temp0.3_nodelim_norole_nocot,600 kilograms of crab,,Other,fn,
qwen3_14b,participants,lusa_13,ext_exp_temp0.3_nodelim_norole_nocot,the crabs,,Nat,fn,
qwen3_14b,participants,lusa_13,ext_exp_temp0.3_nodelim_norole_nocot,them,,Nat,fn,
qwen3_14b,participants,lusa_13,ext_exp_temp0.3_nodelim_norole_nocot,the Maria River mangrove,,Loc,fn,
qwen3_14b,participants,lusa_13,ext_exp_temp0.3_nodelim_norole_nocot,the center,,Pl_region,fn,
qwen3_14b,participants,lusa_13,ext_exp_temp0.3_nodelim_norole_nocot,source,,Per,fn,
qwen3_14b,participants,lusa_13,ext_exp_temp0.3_nodelim_norole_nocot,country,,Pl_country,fn,
qwen3_14b,participants,lusa_13,ext_exp_temp0.3_nodelim_norole_nocot,boxes,,Obj,fn,
qwen3_14b,participants,lusa_13,ext_exp_temp0.3_nodelim_norole_nocot,The vessel,,Obj,fn,
qwen3_14b,participants,lusa_14,ext_exp_temp0.3_nodelim_norole_nocot,local authorities,,Org,tp,
qwen3_14b,participants,lusa_14,ext_exp_temp0.3_nodelim_norole_nocot,a group of agricultural workers,,Per,tp,
qwen3_14b,participants,lusa_14,ext_exp_temp0.3_nodelim_norole_nocot,the victims' bodies,,Other,tp,
qwen3_14b,participants,lusa_14,ext_exp_temp0.3_nodelim_norole_nocot,the victims,,Per,tp,
qwen3_14b,participants,lusa_14,ext_exp_temp0.3_nodelim_norole_nocot,the municipality of Tangamandapio,,Loc,tp,
qwen3_14b,participants,lusa_14,ext_exp_temp0.3_nodelim_norole_nocot,rival cartels,,Org,tp,
qwen3_14b,participants,lusa_14,ext_exp_temp0.3_nodelim_norole_nocot,Authorities,,Org,tp,
qwen3_14b,participants,lusa_14,ext_exp_temp0.3_nodelim_norole_nocot,the local Public Prosecutor's Office,,Org,tp,
qwen3_14b,participants,lusa_14,ext_exp_temp0.3_nodelim_norole_nocot,the Public Prosecutor's Office,,Org,tp,
qwen3_14b,participants,lusa_14,ext_exp_temp0.3_nodelim_norole_nocot,seven people,,Per,tp,
qwen3_14b,participants,lusa_14,ext_exp_temp0.3_nodelim_norole_nocot,rural road,,,fp,
qwen3_14b,participants,lusa_14,ext_exp_temp0.3_nodelim_norole_nocot,Mexican state of Michoacán,,,fp,
qwen3_14b,participants,lusa_14,ext_exp_temp0.3_nodelim_norole_nocot,victims,,,fp,
qwen3_14b,participants,lusa_14,ext_exp_temp0.3_nodelim_norole_nocot,Hit men,,,fp,
qwen3_14b,participants,lusa_14,ext_exp_temp0.3_nodelim_norole_nocot,Tangamandapio,,,fp,
qwen3_14b,participants,lusa_14,ext_exp_temp0.3_nodelim_norole_nocot,drug trafficking,,,fp,
qwen3_14b,participants,lusa_14,ext_exp_temp0.3_nodelim_norole_nocot,six men and one woman,,,fp,
qwen3_14b,participants,lusa_14,ext_exp_temp0.3_nodelim_norole_nocot,road,,,fp,
qwen3_14b,participants,lusa_14,ext_exp_temp0.3_nodelim_norole_nocot,Hired killers (sicarios),,,fp,
qwen3_14b,participants,lusa_14,ext_exp_temp0.3_nodelim_norole_nocot,that country,,Loc,fn,
qwen3_14b,participants,lusa_14,ext_exp_temp0.3_nodelim_norole_nocot,Mexico,,Loc,fn,
qwen3_14b,participants,lusa_14,ext_exp_temp0.3_nodelim_norole_nocot,killers,,Per,fn,
qwen3_14b,participants,lusa_14,ext_exp_temp0.3_nodelim_norole_nocot,six men,,Per,fn,
qwen3_14b,participants,lusa_14,ext_exp_temp0.3_nodelim_norole_nocot,the bodies,,Other,fn,
qwen3_14b,participants,lusa_14,ext_exp_temp0.3_nodelim_norole_nocot,wounds,,Obj,fn,
qwen3_14b,participants,lusa_14,ext_exp_temp0.3_nodelim_norole_nocot,At least three,,Other,fn,
qwen3_14b,participants,lusa_14,ext_exp_temp0.3_nodelim_norole_nocot,The victims,,Per,fn,
qwen3_14b,participants,lusa_14,ext_exp_temp0.3_nodelim_norole_nocot,The victims' bodies,,Other,fn,
qwen3_14b,participants,lusa_14,ext_exp_temp0.3_nodelim_norole_nocot,the same informative note,,Obj,fn,
qwen3_14b,participants,lusa_14,ext_exp_temp0.3_nodelim_norole_nocot,sicarios,,Per,fn,
qwen3_14b,participants,lusa_14,ext_exp_temp0.3_nodelim_norole_nocot,one woman,,Per,fn,
qwen3_14b,participants,lusa_14,ext_exp_temp0.3_nodelim_norole_nocot,the Mexican state of Michoacán,,Loc,fn,
qwen3_14b,participants,lusa_14,ext_exp_temp0.3_nodelim_norole_nocot,a road,,Loc,fn,
qwen3_14b,participants,lusa_14,ext_exp_temp0.3_nodelim_norole_nocot,a statement,,Obj,fn,
qwen3_14b,participants,lusa_14,ext_exp_temp0.3_nodelim_norole_nocot,a rural road,,Loc,fn,
qwen3_14b,participants,lusa_15,ext_exp_temp0.3_nodelim_norole_nocot,Vienna,,Loc,tp,
qwen3_14b,participants,lusa_15,ext_exp_temp0.3_nodelim_norole_nocot,Telegram networks,,Other,tp,
qwen3_14b,participants,lusa_15,ext_exp_temp0.3_nodelim_norole_nocot,police,,Org,tp,
qwen3_14b,participants,lusa_15,ext_exp_temp0.3_nodelim_norole_nocot,Islamic State,,Org,tp,
qwen3_14b,participants,lusa_15,ext_exp_temp0.3_nodelim_norole_nocot,Syria,,Loc,tp,
qwen3_14b,participants,lusa_15,ext_exp_temp0.3_nodelim_norole_nocot,The 'jihadist' group Islamic State (IS),,Org,tp,
qwen3_14b,participants,lusa_15,ext_exp_temp0.3_nodelim_norole_nocot,IS,,,fp,
qwen3_14b,participants,lusa_15,ext_exp_temp0.3_nodelim_norole_nocot,Islamic State (IS),,,fp,
qwen3_14b,participants,lusa_15,ext_exp_temp0.3_nodelim_norole_nocot,the armed robber,,,fp,
qwen3_14b,participants,lusa_15,ext_exp_temp0.3_nodelim_norole_nocot,Amaq propaganda agency,,,fp,
qwen3_14b,participants,lusa_15,ext_exp_temp0.3_nodelim_norole_nocot,Austria,,,fp,
qwen3_14b,participants,lusa_15,ext_exp_temp0.3_nodelim_norole_nocot,opera house,,,fp,
qwen3_14b,participants,lusa_15,ext_exp_temp0.3_nodelim_norole_nocot,the young man,,,fp,
qwen3_14b,participants,lusa_15,ext_exp_temp0.3_nodelim_norole_nocot,the armed attack,,,fp,
qwen3_14b,participants,lusa_15,ext_exp_temp0.3_nodelim_norole_nocot,synagogue,,,fp,
qwen3_14b,participants,lusa_15,ext_exp_temp0.3_nodelim_norole_nocot,Islamic State fighter,,,fp,
qwen3_14b,participants,lusa_15,ext_exp_temp0.3_nodelim_norole_nocot,North Macedonia,,,fp,
qwen3_14b,participants,lusa_15,ext_exp_temp0.3_nodelim_norole_nocot,the statement,,,fp,
qwen3_14b,participants,lusa_15,ext_exp_temp0.3_nodelim_norole_nocot,The 20-year-old perpetrator,,,fp,
qwen3_14b,participants,lusa_15,ext_exp_temp0.3_nodelim_norole_nocot,soldier of the caliphate,,,fp,
qwen3_14b,participants,lusa_15,ext_exp_temp0.3_nodelim_norole_nocot,22 injuries,,Per,fn,
qwen3_14b,participants,lusa_15,ext_exp_temp0.3_nodelim_norole_nocot,The young,,Per,fn,
qwen3_14b,participants,lusa_15,ext_exp_temp0.3_nodelim_norole_nocot,the city of Vienna,,Pl_civil,fn,
qwen3_14b,participants,lusa_15,ext_exp_temp0.3_nodelim_norole_nocot,"dual nationality, Austrian and North Macedonia",,Other,fn,
qwen3_14b,participants,lusa_15,ext_exp_temp0.3_nodelim_norole_nocot,the Amaq propaganda agency,,Org,fn,
qwen3_14b,participants,lusa_15,ext_exp_temp0.3_nodelim_norole_nocot,a synagogue,,Fac,fn,
qwen3_14b,participants,lusa_15,ext_exp_temp0.3_nodelim_norole_nocot,ranks,,Per,fn,
qwen3_14b,participants,lusa_15,ext_exp_temp0.3_nodelim_norole_nocot,an ,,Per,fn,
qwen3_14b,participants,lusa_15,ext_exp_temp0.3_nodelim_norole_nocot,a photo,,Obj,fn,
qwen3_14b,participants,lusa_15,ext_exp_temp0.3_nodelim_norole_nocot,the opera,,Fac,fn,
qwen3_14b,participants,lusa_15,ext_exp_temp0.3_nodelim_norole_nocot,four fatalities,,Per,fn,
qwen3_14b,participants,lusa_15,ext_exp_temp0.3_nodelim_norole_nocot,The IS,,Obj,fn,
qwen3_14b,participants,lusa_15,ext_exp_temp0.3_nodelim_norole_nocot,the,,Org,fn,
qwen3_14b,participants,lusa_15,ext_exp_temp0.3_nodelim_norole_nocot,after,,Other,fn,
qwen3_14b,participants,lusa_15,ext_exp_temp0.3_nodelim_norole_nocot,The ,,Per,fn,
qwen3_14b,participants,lusa_15,ext_exp_temp0.3_nodelim_norole_nocot,four,,Org,fn,
qwen3_14b,participants,lusa_15,ext_exp_temp0.3_nodelim_norole_nocot,part,,Other,fn,
qwen3_14b,participants,lusa_15,ext_exp_temp0.3_nodelim_norole_nocot,the center of Vienna,,Loc,fn,
qwen3_14b,participants,lusa_15,ext_exp_temp0.3_nodelim_norole_nocot,text,,Obj,fn,
qwen3_14b,participants,lusa_15,ext_exp_temp0.3_nodelim_norole_nocot,a “soldier of the caliphate”,,Per,fn,
qwen3_14b,participants,lusa_15,ext_exp_temp0.3_nodelim_norole_nocot,firearms,,Obj,fn,
qwen3_14b,participants,lusa_15,ext_exp_temp0.3_nodelim_norole_nocot,in a ,,Obj,fn,
qwen3_14b,participants,lusa_16,ext_exp_temp0.3_nodelim_norole_nocot,Socialist deputy Ricardo Pinheiro,,Per,tp,
qwen3_14b,participants,lusa_16,ext_exp_temp0.3_nodelim_norole_nocot,Ricardo Miguel Furtado Pinheiro,,Per,tp,
qwen3_14b,participants,lusa_16,ext_exp_temp0.3_nodelim_norole_nocot,Nelson de Sousa,,Per,tp,
qwen3_14b,participants,lusa_16,ext_exp_temp0.3_nodelim_norole_nocot,district of Portalegre,,Pl_civil,tp,
qwen3_14b,participants,lusa_16,ext_exp_temp0.3_nodelim_norole_nocot,Secretary of State for Planning,,Per,tp,
qwen3_14b,participants,lusa_16,ext_exp_temp0.3_nodelim_norole_nocot,The President of the Republic,,Per,tp,
qwen3_14b,participants,lusa_16,ext_exp_temp0.3_nodelim_norole_nocot,the Prime Minister,,Per,tp,
qwen3_14b,participants,lusa_16,ext_exp_temp0.3_nodelim_norole_nocot,José Fernandes Gomes Mendes,,Per,tp,
qwen3_14b,participants,lusa_16,ext_exp_temp0.3_nodelim_norole_nocot,Ricardo Pinheiro,,Per,tp,
qwen3_14b,participants,lusa_16,ext_exp_temp0.3_nodelim_norole_nocot,José Mendes,,Per,tp,
qwen3_14b,participants,lusa_16,ext_exp_temp0.3_nodelim_norole_nocot,the note,,Obj,tp,
qwen3_14b,participants,lusa_16,ext_exp_temp0.3_nodelim_norole_nocot,circle,,Per,tp,
qwen3_14b,participants,lusa_16,ext_exp_temp0.3_nodelim_norole_nocot,the same position,,,fp,
qwen3_14b,participants,lusa_16,ext_exp_temp0.3_nodelim_norole_nocot,Presidency of the Republic portal,,,fp,
qwen3_14b,participants,lusa_16,ext_exp_temp0.3_nodelim_norole_nocot,the new Secretary of State of the Minister of Planning,,,fp,
qwen3_14b,participants,lusa_16,ext_exp_temp0.3_nodelim_norole_nocot,Government,,,fp,
qwen3_14b,participants,lusa_16,ext_exp_temp0.3_nodelim_norole_nocot,Chamber of Campo Maior,,,fp,
qwen3_14b,participants,lusa_16,ext_exp_temp0.3_nodelim_norole_nocot,Palácio de Belém,,,fp,
qwen3_14b,participants,lusa_16,ext_exp_temp0.3_nodelim_norole_nocot,the Minister of Planning,,Per,fn,
qwen3_14b,participants,lusa_16,ext_exp_temp0.3_nodelim_norole_nocot,Campo Maior,,Pl_civil,fn,
qwen3_14b,participants,lusa_16,ext_exp_temp0.3_nodelim_norole_nocot,note published on the Presidency of the Republic,,Loc,fn,
qwen3_14b,participants,lusa_16,ext_exp_temp0.3_nodelim_norole_nocot,a note,,Obj,fn,
qwen3_14b,participants,lusa_16,ext_exp_temp0.3_nodelim_norole_nocot,which,,Per,fn,
qwen3_14b,participants,lusa_16,ext_exp_temp0.3_nodelim_norole_nocot,portal,,Loc,fn,
qwen3_14b,participants,lusa_16,ext_exp_temp0.3_nodelim_norole_nocot,the Presidency of the Republic,,Org,fn,
qwen3_14b,participants,lusa_16,ext_exp_temp0.3_nodelim_norole_nocot,"of Campo Maior,",,Org,fn,
qwen3_14b,participants,lusa_16,ext_exp_temp0.3_nodelim_norole_nocot,the new Secretary of State,,Per,fn,
qwen3_14b,participants,lusa_16,ext_exp_temp0.3_nodelim_norole_nocot,Chamber,,Org,fn,
qwen3_14b,participants,lusa_16,ext_exp_temp0.3_nodelim_norole_nocot,his,,Per,fn,
qwen3_14b,participants,lusa_16,ext_exp_temp0.3_nodelim_norole_nocot,Belém.,,Loc,fn,
qwen3_14b,participants,lusa_17,ext_exp_temp0.3_nodelim_norole_nocot,three men,,Per,tp,
qwen3_14b,participants,lusa_17,ext_exp_temp0.3_nodelim_norole_nocot,the building,,Loc,tp,
qwen3_14b,participants,lusa_17,ext_exp_temp0.3_nodelim_norole_nocot,Two other people,,Per,tp,
qwen3_14b,participants,lusa_17,ext_exp_temp0.3_nodelim_norole_nocot,local media,,Org,tp,
qwen3_14b,participants,lusa_17,ext_exp_temp0.3_nodelim_norole_nocot,the victims,,Per,tp,
qwen3_14b,participants,lusa_17,ext_exp_temp0.3_nodelim_norole_nocot,Firefighters,,Org,tp,
qwen3_14b,participants,lusa_17,ext_exp_temp0.3_nodelim_norole_nocot,a 9-year-old child,,Per,tp,
qwen3_14b,participants,lusa_17,ext_exp_temp0.3_nodelim_norole_nocot,Three men,,Per,tp,
qwen3_14b,participants,lusa_17,ext_exp_temp0.3_nodelim_norole_nocot,Hong Kong,,Loc,tp,
qwen3_14b,participants,lusa_17,ext_exp_temp0.3_nodelim_norole_nocot,authorities,,Org,tp,
qwen3_14b,participants,lusa_17,ext_exp_temp0.3_nodelim_norole_nocot,The apartment,,Fac,tp,
qwen3_14b,participants,lusa_17,ext_exp_temp0.3_nodelim_norole_nocot,four women,,Per,tp,
qwen3_14b,participants,lusa_17,ext_exp_temp0.3_nodelim_norole_nocot,three women,,Per,tp,
qwen3_14b,participants,lusa_17,ext_exp_temp0.3_nodelim_norole_nocot,those present,,,fp,
qwen3_14b,participants,lusa_17,ext_exp_temp0.3_nodelim_norole_nocot,the event,,,fp,
qwen3_14b,participants,lusa_17,ext_exp_temp0.3_nodelim_norole_nocot,residential building,,,fp,
qwen3_14b,participants,lusa_17,ext_exp_temp0.3_nodelim_norole_nocot,family gathering,,,fp,
qwen3_14b,participants,lusa_17,ext_exp_temp0.3_nodelim_norole_nocot,one of those present,,,fp,
qwen3_14b,participants,lusa_17,ext_exp_temp0.3_nodelim_norole_nocot,unlicensed restaurant,,,fp,
qwen3_14b,participants,lusa_17,ext_exp_temp0.3_nodelim_norole_nocot,seven people,,,fp,
qwen3_14b,participants,lusa_17,ext_exp_temp0.3_nodelim_norole_nocot,the apartment's bathroom window,,,fp,
qwen3_14b,participants,lusa_17,ext_exp_temp0.3_nodelim_norole_nocot,South China Morning Post (SCMP),,,fp,
qwen3_14b,participants,lusa_17,ext_exp_temp0.3_nodelim_norole_nocot,Nepalese,,,fp,
qwen3_14b,participants,lusa_17,ext_exp_temp0.3_nodelim_norole_nocot,press conference,,,fp,
qwen3_14b,participants,lusa_17,ext_exp_temp0.3_nodelim_norole_nocot,bathroom,,Fac,fn,
qwen3_14b,participants,lusa_17,ext_exp_temp0.3_nodelim_norole_nocot,seven,,Per,fn,
qwen3_14b,participants,lusa_17,ext_exp_temp0.3_nodelim_norole_nocot,The fatal victims,,Per,fn,
qwen3_14b,participants,lusa_17,ext_exp_temp0.3_nodelim_norole_nocot,the,,Per,fn,
qwen3_14b,participants,lusa_17,ext_exp_temp0.3_nodelim_norole_nocot,Most,,Per,fn,
qwen3_14b,participants,lusa_17,ext_exp_temp0.3_nodelim_norole_nocot,himself,,Per,fn,
qwen3_14b,participants,lusa_17,ext_exp_temp0.3_nodelim_norole_nocot,At least seven people,,Per,fn,
qwen3_14b,participants,lusa_17,ext_exp_temp0.3_nodelim_norole_nocot,measures,,Other,fn,
qwen3_14b,participants,lusa_17,ext_exp_temp0.3_nodelim_norole_nocot,The ,,Loc,fn,
qwen3_14b,participants,lusa_17,ext_exp_temp0.3_nodelim_norole_nocot,the South China Morning Post (SCMP),,Org,fn,
qwen3_14b,participants,lusa_17,ext_exp_temp0.3_nodelim_norole_nocot,bathroom window,,Obj,fn,
qwen3_14b,participants,lusa_17,ext_exp_temp0.3_nodelim_norole_nocot,the apartment,,Loc,fn,
qwen3_14b,participants,lusa_17,ext_exp_temp0.3_nodelim_norole_nocot,an unlicensed restaurant,,Other,fn,
qwen3_14b,participants,lusa_17,ext_exp_temp0.3_nodelim_norole_nocot,one,,Per,fn,
qwen3_14b,participants,lusa_17,ext_exp_temp0.3_nodelim_norole_nocot,a residential building,,Fac,fn,
qwen3_14b,participants,lusa_18,ext_exp_temp0.3_nodelim_norole_nocot,Luanda,,Loc,tp,
qwen3_14b,participants,lusa_18,ext_exp_temp0.3_nodelim_norole_nocot,the State,,Org,tp,
qwen3_14b,participants,lusa_18,ext_exp_temp0.3_nodelim_norole_nocot,private companies,,Org,tp,
qwen3_14b,participants,lusa_18,ext_exp_temp0.3_nodelim_norole_nocot,public funds,,Obj,tp,
qwen3_14b,participants,lusa_18,ext_exp_temp0.3_nodelim_norole_nocot,Heavy Group – Investimentos Limitada,,Org,tp,
qwen3_14b,participants,lusa_18,ext_exp_temp0.3_nodelim_norole_nocot,These real estate projects,,Other,tp,
qwen3_14b,participants,lusa_18,ext_exp_temp0.3_nodelim_norole_nocot,LMC,,Org,tp,
qwen3_14b,participants,lusa_18,ext_exp_temp0.3_nodelim_norole_nocot,the PGR statement,,Obj,tp,
qwen3_14b,participants,lusa_18,ext_exp_temp0.3_nodelim_norole_nocot,The PGR,,Org,tp,
qwen3_14b,participants,lusa_18,ext_exp_temp0.3_nodelim_norole_nocot,Universal Sabedoria,,Org,tp,
qwen3_14b,participants,lusa_18,ext_exp_temp0.3_nodelim_norole_nocot,Angola,,Pl_country,tp,
qwen3_14b,participants,lusa_18,ext_exp_temp0.3_nodelim_norole_nocot,the assets,,Obj,tp,
qwen3_14b,participants,lusa_18,ext_exp_temp0.3_nodelim_norole_nocot,the note,,Obj,tp,
qwen3_14b,participants,lusa_18,ext_exp_temp0.3_nodelim_norole_nocot,Méssene – Investimentos Limitada,,,fp,
qwen3_14b,participants,lusa_18,ext_exp_temp0.3_nodelim_norole_nocot,PGR,,,fp,
qwen3_14b,participants,lusa_18,ext_exp_temp0.3_nodelim_norole_nocot,Luanda Medical Center clinic,,,fp,
qwen3_14b,participants,lusa_18,ext_exp_temp0.3_nodelim_norole_nocot,National Asset Recovery Service,,,fp,
qwen3_14b,participants,lusa_18,ext_exp_temp0.3_nodelim_norole_nocot,the companies,,,fp,
qwen3_14b,participants,lusa_18,ext_exp_temp0.3_nodelim_norole_nocot,National Social Security Institute,,,fp,
qwen3_14b,participants,lusa_18,ext_exp_temp0.3_nodelim_norole_nocot,The Attorney General's Office of the Republic (PGR) of Angola,,,fp,
qwen3_14b,participants,lusa_18,ext_exp_temp0.3_nodelim_norole_nocot,real estate assets,,Other,fn,
qwen3_14b,participants,lusa_18,ext_exp_temp0.3_nodelim_norole_nocot,the Luanda Medical Center (LMC) building,,Fac,fn,
qwen3_14b,participants,lusa_18,ext_exp_temp0.3_nodelim_norole_nocot,the Monalisa Residence hotels,,Org,fn,
qwen3_14b,participants,lusa_18,ext_exp_temp0.3_nodelim_norole_nocot,the National Social Security Institute,,Org,fn,
qwen3_14b,participants,lusa_18,ext_exp_temp0.3_nodelim_norole_nocot,the Torres Eucaliptos real estate project,,Other,fn,
qwen3_14b,participants,lusa_18,ext_exp_temp0.3_nodelim_norole_nocot,the Ingombota,,Loc,fn,
qwen3_14b,participants,lusa_18,ext_exp_temp0.3_nodelim_norole_nocot,three more buildings,,Fac,fn,
qwen3_14b,participants,lusa_18,ext_exp_temp0.3_nodelim_norole_nocot,a hotel,,Org,fn,
qwen3_14b,participants,lusa_18,ext_exp_temp0.3_nodelim_norole_nocot,the Instituto Sapiens building,,Fac,fn,
qwen3_14b,participants,lusa_18,ext_exp_temp0.3_nodelim_norole_nocot,"Amílcar Cabral,",,Pl_civil,fn,
qwen3_14b,participants,lusa_18,ext_exp_temp0.3_nodelim_norole_nocot,measures,,Other,fn,
qwen3_14b,participants,lusa_18,ext_exp_temp0.3_nodelim_norole_nocot,a real estate project,,Other,fn,
qwen3_14b,participants,lusa_18,ext_exp_temp0.3_nodelim_norole_nocot,of ,,Org,fn,
qwen3_14b,participants,lusa_18,ext_exp_temp0.3_nodelim_norole_nocot,the Luanda Medical Center clinic,,Org,fn,
qwen3_14b,participants,lusa_18,ext_exp_temp0.3_nodelim_norole_nocot,Talatona,,Loc,fn,
qwen3_14b,participants,lusa_18,ext_exp_temp0.3_nodelim_norole_nocot,the National Asset Recovery Service,,Org,fn,
qwen3_14b,participants,lusa_18,ext_exp_temp0.3_nodelim_norole_nocot,the legal representatives,,Per,fn,
qwen3_14b,participants,lusa_18,ext_exp_temp0.3_nodelim_norole_nocot,The Attorney General's Office of the Republic (PGR),,Org,fn,
qwen3_14b,participants,lusa_18,ext_exp_temp0.3_nodelim_norole_nocot,all,,Loc,fn,
qwen3_14b,participants,lusa_18,ext_exp_temp0.3_nodelim_norole_nocot,the companies Méssene – Investimentos Limitada,,Org,fn,
qwen3_14b,participants,lusa_18,ext_exp_temp0.3_nodelim_norole_nocot,the PGR,,Org,fn,
qwen3_14b,participants,lusa_19,ext_exp_temp0.3_nodelim_norole_nocot,The man's body,,Other,tp,
qwen3_14b,participants,lusa_19,ext_exp_temp0.3_nodelim_norole_nocot,the victim's residence,,Fac,tp,
qwen3_14b,participants,lusa_19,ext_exp_temp0.3_nodelim_norole_nocot,A 75-year-old man,,Per,tp,
qwen3_14b,participants,lusa_19,ext_exp_temp0.3_nodelim_norole_nocot,a family member,,Per,tp,
qwen3_14b,participants,lusa_19,ext_exp_temp0.3_nodelim_norole_nocot,Lusa,,Org,tp,
qwen3_14b,participants,lusa_19,ext_exp_temp0.3_nodelim_norole_nocot,the same person in charge,,Per,tp,
qwen3_14b,participants,lusa_19,ext_exp_temp0.3_nodelim_norole_nocot,the district of Leiria,,Pl_civil,tp,
qwen3_14b,participants,lusa_19,ext_exp_temp0.3_nodelim_norole_nocot,Leiria,,Pl_civil,tp,
qwen3_14b,participants,lusa_19,ext_exp_temp0.3_nodelim_norole_nocot,Diogo Morgado,,Per,tp,
qwen3_14b,participants,lusa_19,ext_exp_temp0.3_nodelim_norole_nocot,the Leiria Judiciary Police,,Org,tp,
qwen3_14b,participants,lusa_19,ext_exp_temp0.3_nodelim_norole_nocot,a 75-year-old man,,Per,tp,
qwen3_14b,participants,lusa_19,ext_exp_temp0.3_nodelim_norole_nocot,the victim,,Per,tp,
qwen3_14b,participants,lusa_19,ext_exp_temp0.3_nodelim_norole_nocot,home,,Fac,tp,
qwen3_14b,participants,lusa_19,ext_exp_temp0.3_nodelim_norole_nocot,the Judiciary Police,,Org,tp,
qwen3_14b,participants,lusa_19,ext_exp_temp0.3_nodelim_norole_nocot,Lusa agency,,Org,tp,
qwen3_14b,participants,lusa_19,ext_exp_temp0.3_nodelim_norole_nocot,The GNR,,Org,tp,
qwen3_14b,participants,lusa_19,ext_exp_temp0.3_nodelim_norole_nocot,the GNR,,Org,tp,
qwen3_14b,participants,lusa_19,ext_exp_temp0.3_nodelim_norole_nocot,Maiorga,,,fp,
qwen3_14b,participants,lusa_19,ext_exp_temp0.3_nodelim_norole_nocot,GNR,,,fp,
qwen3_14b,participants,lusa_19,ext_exp_temp0.3_nodelim_norole_nocot,Legal Medicine service,,,fp,
qwen3_14b,participants,lusa_19,ext_exp_temp0.3_nodelim_norole_nocot,Judiciary Police,,,fp,
qwen3_14b,participants,lusa_19,ext_exp_temp0.3_nodelim_norole_nocot,Fervença,,,fp,
qwen3_14b,participants,lusa_19,ext_exp_temp0.3_nodelim_norole_nocot,commander of the Caldas da Rainha Territorial Detachment of the GNR,,,fp,
qwen3_14b,participants,lusa_19,ext_exp_temp0.3_nodelim_norole_nocot,Man,,,fp,
qwen3_14b,participants,lusa_19,ext_exp_temp0.3_nodelim_norole_nocot,man,,,fp,
qwen3_14b,participants,lusa_19,ext_exp_temp0.3_nodelim_norole_nocot,Alcobaça,,,fp,
qwen3_14b,participants,lusa_19,ext_exp_temp0.3_nodelim_norole_nocot,where,,Pl_civil,fn,
qwen3_14b,participants,lusa_19,ext_exp_temp0.3_nodelim_norole_nocot,the Legal Medicine service,,Org,fn,
qwen3_14b,participants,lusa_19,ext_exp_temp0.3_nodelim_norole_nocot,the scene,,Fac,fn,
qwen3_14b,participants,lusa_19,ext_exp_temp0.3_nodelim_norole_nocot,the municipality of Alcobaça,,Pl_civil,fn,
qwen3_14b,participants,lusa_19,ext_exp_temp0.3_nodelim_norole_nocot,parish of Maiorga,,Pl_civil,fn,
qwen3_14b,participants,lusa_19,ext_exp_temp0.3_nodelim_norole_nocot,the body,,Other,fn,
qwen3_14b,participants,lusa_19,ext_exp_temp0.3_nodelim_norole_nocot,Caldas da Rainha,,Pl_civil,fn,
qwen3_14b,participants,lusa_19,ext_exp_temp0.3_nodelim_norole_nocot,the town of Fervença,,Pl_civil,fn,
qwen3_14b,participants,lusa_19,ext_exp_temp0.3_nodelim_norole_nocot,Territorial Detachment,,Org,fn,
qwen3_14b,participants,lusa_19,ext_exp_temp0.3_nodelim_norole_nocot,The man,,Per,fn,
qwen3_14b,participants,lusa_19,ext_exp_temp0.3_nodelim_norole_nocot,commander,,Per,fn,
qwen3_14b,participants,lusa_19,ext_exp_temp0.3_nodelim_norole_nocot,hands,,Other,fn,
qwen3_14b,participants,lusa_19,ext_exp_temp0.3_nodelim_norole_nocot,that,,Per,fn,
qwen3_14b,participants,lusa_19,ext_exp_temp0.3_nodelim_norole_nocot,the Legal Medicine service in Leiria,,Org,fn,
qwen3_14b,participants,lusa_19,ext_exp_temp0.3_nodelim_norole_nocot,mothers,,Other,fn,
qwen3_14b,participants,lusa_19,ext_exp_temp0.3_nodelim_norole_nocot,the Caldas da Rainha Territorial Detachment,,Org,fn,
qwen3_14b,participants,lusa_19,ext_exp_temp0.3_nodelim_norole_nocot,his feet,,Other,fn,
qwen3_14b,participants,lusa_2,ext_exp_temp0.3_nodelim_norole_nocot,PSP,,Org,tp,
qwen3_14b,participants,lusa_2,ext_exp_temp0.3_nodelim_norole_nocot,Police Intervention and Surveillance Squadron of the 2nd Division,,Org,tp,
qwen3_14b,participants,lusa_2,ext_exp_temp0.3_nodelim_norole_nocot,heroin,,Obj,tp,
qwen3_14b,participants,lusa_2,ext_exp_temp0.3_nodelim_norole_nocot,a firearm,,Obj,tp,
qwen3_14b,participants,lusa_2,ext_exp_temp0.3_nodelim_norole_nocot,cocaine,,Obj,tp,
qwen3_14b,participants,lusa_2,ext_exp_temp0.3_nodelim_norole_nocot,A 20-year-old man,,Per,tp,
qwen3_14b,participants,lusa_2,ext_exp_temp0.3_nodelim_norole_nocot,that police force,,Org,tp,
qwen3_14b,participants,lusa_2,ext_exp_temp0.3_nodelim_norole_nocot,Pasteleira Nova neighborhood,,Pl_civil,tp,
qwen3_14b,participants,lusa_2,ext_exp_temp0.3_nodelim_norole_nocot,the detainee,,Per,tp,
qwen3_14b,participants,lusa_2,ext_exp_temp0.3_nodelim_norole_nocot,Porto,,Pl_civil,tp,
qwen3_14b,participants,lusa_2,ext_exp_temp0.3_nodelim_norole_nocot,police force,,,fp,
qwen3_14b,participants,lusa_2,ext_exp_temp0.3_nodelim_norole_nocot,Judicial Authorities,,,fp,
qwen3_14b,participants,lusa_2,ext_exp_temp0.3_nodelim_norole_nocot,the unemployed person,,,fp,
qwen3_14b,participants,lusa_2,ext_exp_temp0.3_nodelim_norole_nocot,the Porto Metropolitan Command of the PSP,,,fp,
qwen3_14b,participants,lusa_2,ext_exp_temp0.3_nodelim_norole_nocot,the arrest,,,fp,
qwen3_14b,participants,lusa_2,ext_exp_temp0.3_nodelim_norole_nocot,firearm,,,fp,
qwen3_14b,participants,lusa_2,ext_exp_temp0.3_nodelim_norole_nocot,Prevention and Immediate Reaction Teams (EPRI),,,fp,
qwen3_14b,participants,lusa_2,ext_exp_temp0.3_nodelim_norole_nocot,the crime of drug trafficking,,,fp,
qwen3_14b,participants,lusa_2,ext_exp_temp0.3_nodelim_norole_nocot,a police action,,,fp,
qwen3_14b,participants,lusa_2,ext_exp_temp0.3_nodelim_norole_nocot,drug trafficking suspect,,,fp,
qwen3_14b,participants,lusa_2,ext_exp_temp0.3_nodelim_norole_nocot,Wednesday,,Obj,fn,
qwen3_14b,participants,lusa_2,ext_exp_temp0.3_nodelim_norole_nocot,"tablet, a speaker",,Obj,fn,
qwen3_14b,participants,lusa_2,ext_exp_temp0.3_nodelim_norole_nocot,222 euros in cash,,Obj,fn,
qwen3_14b,participants,lusa_2,ext_exp_temp0.3_nodelim_norole_nocot,EPRI,,Per,fn,
qwen3_14b,participants,lusa_2,ext_exp_temp0.3_nodelim_norole_nocot,around 599 individual doses,,Obj,fn,
qwen3_14b,participants,lusa_2,ext_exp_temp0.3_nodelim_norole_nocot,Prevention and Immediate Reaction Teams,,Per,fn,
qwen3_14b,participants,lusa_2,ext_exp_temp0.3_nodelim_norole_nocot,statement,,Obj,fn,
qwen3_14b,participants,lusa_2,ext_exp_temp0.3_nodelim_norole_nocot,of ammunition,,Obj,fn,
qwen3_14b,participants,lusa_2,ext_exp_temp0.3_nodelim_norole_nocot,around 235 individual doses,,Obj,fn,
qwen3_14b,participants,lusa_2,ext_exp_temp0.3_nodelim_norole_nocot,the Porto Metropolitan Command,,Org,fn,
qwen3_14b,participants,lusa_2,ext_exp_temp0.3_nodelim_norole_nocot,a speaker,,Obj,fn,
qwen3_14b,participants,lusa_2,ext_exp_temp0.3_nodelim_norole_nocot,unemployed,,Per,fn,
qwen3_14b,participants,lusa_2,ext_exp_temp0.3_nodelim_norole_nocot,drug,,Obj,fn,
qwen3_14b,participants,lusa_2,ext_exp_temp0.3_nodelim_norole_nocot,the PSP,,Org,fn,
qwen3_14b,participants,lusa_2,ext_exp_temp0.3_nodelim_norole_nocot,A firearm,,Obj,fn,
qwen3_14b,participants,lusa_21,ext_exp_temp0.3_nodelim_norole_nocot,Arcos de Valdevez,,Pl_civil,tp,
qwen3_14b,participants,lusa_21,ext_exp_temp0.3_nodelim_norole_nocot,driver,,Per,tp,
qwen3_14b,participants,lusa_21,ext_exp_temp0.3_nodelim_norole_nocot,vehicle,,Obj,tp,
qwen3_14b,participants,lusa_21,ext_exp_temp0.3_nodelim_norole_nocot,Braga Hospital,,Fac,tp,
qwen3_14b,participants,lusa_21,ext_exp_temp0.3_nodelim_norole_nocot,the car,,Per,tp,
qwen3_14b,participants,lusa_21,ext_exp_temp0.3_nodelim_norole_nocot,a vehicle,,Obj,tp,
qwen3_14b,participants,lusa_21,ext_exp_temp0.3_nodelim_norole_nocot,Estrada Nacional 101,,Loc,tp,
qwen3_14b,participants,lusa_21,ext_exp_temp0.3_nodelim_norole_nocot,Filipe Guimarães,,Per,tp,
qwen3_14b,participants,lusa_21,ext_exp_temp0.3_nodelim_norole_nocot,Lusa,,Org,tp,
qwen3_14b,participants,lusa_21,ext_exp_temp0.3_nodelim_norole_nocot,eyewitnesses,,Per,tp,
qwen3_14b,participants,lusa_21,ext_exp_temp0.3_nodelim_norole_nocot,local fire commander,,,fp,
qwen3_14b,participants,lusa_21,ext_exp_temp0.3_nodelim_norole_nocot,the pole,,,fp,
qwen3_14b,participants,lusa_21,ext_exp_temp0.3_nodelim_norole_nocot,firefighters,,,fp,
qwen3_14b,participants,lusa_21,ext_exp_temp0.3_nodelim_norole_nocot,Viana do Castelo Hospital,,,fp,
qwen3_14b,participants,lusa_21,ext_exp_temp0.3_nodelim_norole_nocot,the vehicle,,,fp,
qwen3_14b,participants,lusa_21,ext_exp_temp0.3_nodelim_norole_nocot,the driver,,,fp,
qwen3_14b,participants,lusa_21,ext_exp_temp0.3_nodelim_norole_nocot,a 'tunning' [transformed] vehicle,,,fp,
qwen3_14b,participants,lusa_21,ext_exp_temp0.3_nodelim_norole_nocot,Accident,,,fp,
qwen3_14b,participants,lusa_21,ext_exp_temp0.3_nodelim_norole_nocot,a second occupant of the car,,,fp,
qwen3_14b,participants,lusa_21,ext_exp_temp0.3_nodelim_norole_nocot,the local fire commander,,Per,fn,
qwen3_14b,participants,lusa_21,ext_exp_temp0.3_nodelim_norole_nocot,approximately 150 meters before,,Other,fn,
qwen3_14b,participants,lusa_21,ext_exp_temp0.3_nodelim_norole_nocot,oil,,Other,fn,
qwen3_14b,participants,lusa_21,ext_exp_temp0.3_nodelim_norole_nocot,Braga,,Pl_civil,fn,
qwen3_14b,participants,lusa_21,ext_exp_temp0.3_nodelim_norole_nocot,which,,Other,fn,
qwen3_14b,participants,lusa_21,ext_exp_temp0.3_nodelim_norole_nocot,a second occupant,,Per,fn,
qwen3_14b,participants,lusa_21,ext_exp_temp0.3_nodelim_norole_nocot,debris,,Obj,fn,
qwen3_14b,participants,lusa_21,ext_exp_temp0.3_nodelim_norole_nocot,to Viana do Castelo Hospital,,Loc,fn,
qwen3_14b,participants,lusa_21,ext_exp_temp0.3_nodelim_norole_nocot,to Braga Hospital,,Fac,fn,
qwen3_14b,participants,lusa_21,ext_exp_temp0.3_nodelim_norole_nocot,parish of São Paio and Giela,,Loc,fn,
qwen3_14b,participants,lusa_21,ext_exp_temp0.3_nodelim_norole_nocot,road,,Loc,fn,
qwen3_14b,participants,lusa_21,ext_exp_temp0.3_nodelim_norole_nocot,car,,Obj,fn,
qwen3_14b,participants,lusa_21,ext_exp_temp0.3_nodelim_norole_nocot,that,,Per,fn,
qwen3_14b,participants,lusa_21,ext_exp_temp0.3_nodelim_norole_nocot,a pole,,Obj,fn,
qwen3_14b,participants,lusa_21,ext_exp_temp0.3_nodelim_norole_nocot,wreckage,,Obj,fn,
qwen3_14b,participants,lusa_21,ext_exp_temp0.3_nodelim_norole_nocot,two lanes in each direction,,Other,fn,
qwen3_14b,participants,lusa_21,ext_exp_temp0.3_nodelim_norole_nocot,a 'tunning' [transformed],,Obj,fn,
qwen3_14b,participants,lusa_21,ext_exp_temp0.3_nodelim_norole_nocot,local fire,,Org,fn,
qwen3_14b,participants,lusa_22,ext_exp_temp0.3_nodelim_norole_nocot,Covid-19,,Nat,tp,
qwen3_14b,participants,lusa_22,ext_exp_temp0.3_nodelim_norole_nocot,Paris,,Pl_country,tp,
qwen3_14b,participants,lusa_22,ext_exp_temp0.3_nodelim_norole_nocot,the same statement,,Obj,tp,
qwen3_14b,participants,lusa_22,ext_exp_temp0.3_nodelim_norole_nocot,the prime minister,,Per,tp,
qwen3_14b,participants,lusa_22,ext_exp_temp0.3_nodelim_norole_nocot,Guinea Bissau,,Pl_country,tp,
qwen3_14b,participants,lusa_22,ext_exp_temp0.3_nodelim_norole_nocot,São Tomé and Príncipe,,Pl_country,tp,
qwen3_14b,participants,lusa_22,ext_exp_temp0.3_nodelim_norole_nocot,the new coronavirus,,Nat,tp,
qwen3_14b,participants,lusa_22,ext_exp_temp0.3_nodelim_norole_nocot,French President Emmanuel Macron,,Per,tp,
qwen3_14b,participants,lusa_22,ext_exp_temp0.3_nodelim_norole_nocot,Emmanuel Macron,,Per,tp,
qwen3_14b,participants,lusa_22,ext_exp_temp0.3_nodelim_norole_nocot,The Portuguese Prime Minister,,Per,tp,
qwen3_14b,participants,lusa_22,ext_exp_temp0.3_nodelim_norole_nocot,The Prime Minister,,Per,tp,
qwen3_14b,participants,lusa_22,ext_exp_temp0.3_nodelim_norole_nocot,executive activity,,,fp,
qwen3_14b,participants,lusa_22,ext_exp_temp0.3_nodelim_norole_nocot,Macron,,,fp,
qwen3_14b,participants,lusa_22,ext_exp_temp0.3_nodelim_norole_nocot,health authorities,,,fp,
qwen3_14b,participants,lusa_22,ext_exp_temp0.3_nodelim_norole_nocot,he,,,fp,
qwen3_14b,participants,lusa_22,ext_exp_temp0.3_nodelim_norole_nocot,any public agenda,,,fp,
qwen3_14b,participants,lusa_22,ext_exp_temp0.3_nodelim_norole_nocot,The French President,,,fp,
qwen3_14b,participants,lusa_22,ext_exp_temp0.3_nodelim_norole_nocot,his physical presence,,,fp,
qwen3_14b,participants,lusa_22,ext_exp_temp0.3_nodelim_norole_nocot,António Costa's office,,,fp,
qwen3_14b,participants,lusa_22,ext_exp_temp0.3_nodelim_norole_nocot,this trip,,,fp,
qwen3_14b,participants,lusa_22,ext_exp_temp0.3_nodelim_norole_nocot,Lusa agency,,,fp,
qwen3_14b,participants,lusa_22,ext_exp_temp0.3_nodelim_norole_nocot,his work agenda,,,fp,
qwen3_14b,participants,lusa_22,ext_exp_temp0.3_nodelim_norole_nocot,Costa,,,fp,
qwen3_14b,participants,lusa_22,ext_exp_temp0.3_nodelim_norole_nocot,He,,,fp,
qwen3_14b,participants,lusa_22,ext_exp_temp0.3_nodelim_norole_nocot,Élysée Palace,,,fp,
qwen3_14b,participants,lusa_22,ext_exp_temp0.3_nodelim_norole_nocot,the Lusa agency,,Per,fn,
qwen3_14b,participants,lusa_22,ext_exp_temp0.3_nodelim_norole_nocot,the Élysée Palace,,Fac,fn,
qwen3_14b,participants,lusa_22,ext_exp_temp0.3_nodelim_norole_nocot,the ,,Org,fn,
qwen3_14b,participants,lusa_22,ext_exp_temp0.3_nodelim_norole_nocot,the statement,,Obj,fn,
qwen3_14b,participants,lusa_22,ext_exp_temp0.3_nodelim_norole_nocot,the health authorities,,Org,fn,
qwen3_14b,participants,lusa_22,ext_exp_temp0.3_nodelim_norole_nocot,whom,,Per,fn,
qwen3_14b,participants,lusa_22,ext_exp_temp0.3_nodelim_norole_nocot,the Prime Minister,,Per,fn,
qwen3_14b,participants,lusa_22,ext_exp_temp0.3_nodelim_norole_nocot,the French President,,Per,fn,
qwen3_14b,participants,lusa_22,ext_exp_temp0.3_nodelim_norole_nocot,a test,,Obj,fn,
qwen3_14b,participants,lusa_22,ext_exp_temp0.3_nodelim_norole_nocot,António Costa,,Per,fn,
qwen3_14b,participants,lusa_22,ext_exp_temp0.3_nodelim_norole_nocot,involves his,,Per,fn,
qwen3_14b,participants,lusa_23,ext_exp_temp0.3_nodelim_norole_nocot,Covid-19,,Nat,tp,
qwen3_14b,participants,lusa_23,ext_exp_temp0.3_nodelim_norole_nocot,the government,,Org,tp,
qwen3_14b,participants,lusa_23,ext_exp_temp0.3_nodelim_norole_nocot,Andrews,,Per,tp,
qwen3_14b,participants,lusa_23,ext_exp_temp0.3_nodelim_norole_nocot,private security guards,,Per,tp,
qwen3_14b,participants,lusa_23,ext_exp_temp0.3_nodelim_norole_nocot,the Australian state of Victoria,,Pl_civil,tp,
qwen3_14b,participants,lusa_23,ext_exp_temp0.3_nodelim_norole_nocot,Police,,Org,tp,
qwen3_14b,participants,lusa_23,ext_exp_temp0.3_nodelim_norole_nocot,two hotels,,Fac,tp,
qwen3_14b,participants,lusa_23,ext_exp_temp0.3_nodelim_norole_nocot,the country,,Pl_civil,tp,
qwen3_14b,participants,lusa_23,ext_exp_temp0.3_nodelim_norole_nocot,Victoria,,Pl_civil,tp,
qwen3_14b,participants,lusa_23,ext_exp_temp0.3_nodelim_norole_nocot,Melbourne,,Pl_civil,tp,
qwen3_14b,participants,lusa_23,ext_exp_temp0.3_nodelim_norole_nocot,the errors in the quarantine program,,,fp,
qwen3_14b,participants,lusa_23,ext_exp_temp0.3_nodelim_norole_nocot,820,,,fp,
qwen3_14b,participants,lusa_23,ext_exp_temp0.3_nodelim_norole_nocot,the Victorian community,,,fp,
qwen3_14b,participants,lusa_23,ext_exp_temp0.3_nodelim_norole_nocot,the majority of deaths from covid-19,,,fp,
qwen3_14b,participants,lusa_23,ext_exp_temp0.3_nodelim_norole_nocot,Australian deaths,,,fp,
qwen3_14b,participants,lusa_23,ext_exp_temp0.3_nodelim_norole_nocot,The leader of the government of the Australian state of Victoria,,,fp,
qwen3_14b,participants,lusa_23,ext_exp_temp0.3_nodelim_norole_nocot,the government of the Australian state of Victoria,,,fp,
qwen3_14b,participants,lusa_23,ext_exp_temp0.3_nodelim_norole_nocot,this program,,,fp,
qwen3_14b,participants,lusa_23,ext_exp_temp0.3_nodelim_norole_nocot,investigation report,,,fp,
qwen3_14b,participants,lusa_23,ext_exp_temp0.3_nodelim_norole_nocot,Melbourne's quarantine hotels,,,fp,
qwen3_14b,participants,lusa_23,ext_exp_temp0.3_nodelim_norole_nocot,Victorian Premier Dan Andrews,,,fp,
qwen3_14b,participants,lusa_23,ext_exp_temp0.3_nodelim_norole_nocot,Covi-19,,,fp,
qwen3_14b,participants,lusa_23,ext_exp_temp0.3_nodelim_norole_nocot,pandemic rulebook,,,fp,
qwen3_14b,participants,lusa_23,ext_exp_temp0.3_nodelim_norole_nocot,mistakes,,,fp,
qwen3_14b,participants,lusa_23,ext_exp_temp0.3_nodelim_norole_nocot,908 Australian deaths,,,fp,
qwen3_14b,participants,lusa_23,ext_exp_temp0.3_nodelim_norole_nocot,quarantine system,,,fp,
qwen3_14b,participants,lusa_23,ext_exp_temp0.3_nodelim_norole_nocot,hotel quarantine,,,fp,
qwen3_14b,participants,lusa_23,ext_exp_temp0.3_nodelim_norole_nocot,the quarantine program,,,fp,
qwen3_14b,participants,lusa_23,ext_exp_temp0.3_nodelim_norole_nocot,Australian state government,,,fp,
qwen3_14b,participants,lusa_23,ext_exp_temp0.3_nodelim_norole_nocot,a pandemic rulebook,,Obj,fn,
qwen3_14b,participants,lusa_23,ext_exp_temp0.3_nodelim_norole_nocot,Dan Andrews,,Per,fn,
qwen3_14b,participants,lusa_23,ext_exp_temp0.3_nodelim_norole_nocot,two quarantine hotels,,Fac,fn,
qwen3_14b,participants,lusa_23,ext_exp_temp0.3_nodelim_norole_nocot,a wave of infections,,Other,fn,
qwen3_14b,participants,lusa_23,ext_exp_temp0.3_nodelim_norole_nocot,to the Victorian community,,Per,fn,
qwen3_14b,participants,lusa_23,ext_exp_temp0.3_nodelim_norole_nocot,the investigation report,,Obj,fn,
qwen3_14b,participants,lusa_23,ext_exp_temp0.3_nodelim_norole_nocot,"of the investigation report, Victorian Premier",,Per,fn,
qwen3_14b,participants,lusa_23,ext_exp_temp0.3_nodelim_norole_nocot,", Victorian Premier",,Per,fn,
qwen3_14b,participants,lusa_23,ext_exp_temp0.3_nodelim_norole_nocot,the rest of the country,,Pl_civil,fn,
qwen3_14b,participants,lusa_23,ext_exp_temp0.3_nodelim_norole_nocot,Victorian,,Pl_civil,fn,
qwen3_14b,participants,lusa_23,ext_exp_temp0.3_nodelim_norole_nocot,Melbourne airport,,Fac,fn,
qwen3_14b,participants,lusa_23,ext_exp_temp0.3_nodelim_norole_nocot,this ,,Fac,fn,
qwen3_14b,participants,lusa_23,ext_exp_temp0.3_nodelim_norole_nocot,hotels,,Fac,fn,
qwen3_14b,participants,lusa_23,ext_exp_temp0.3_nodelim_norole_nocot,airport,,Fac,fn,
qwen3_14b,participants,lusa_23,ext_exp_temp0.3_nodelim_norole_nocot,"second-largest city, while",,Pl_civil,fn,
qwen3_14b,participants,lusa_23,ext_exp_temp0.3_nodelim_norole_nocot,the rest,,Pl_region,fn,
qwen3_14b,participants,lusa_23,ext_exp_temp0.3_nodelim_norole_nocot,The leader,,Per,fn,
qwen3_14b,participants,lusa_23,ext_exp_temp0.3_nodelim_norole_nocot,covid-19,,Nat,fn,
qwen3_14b,participants,lusa_23,ext_exp_temp0.3_nodelim_norole_nocot,virus,,Nat,fn,
qwen3_14b,participants,lusa_23,ext_exp_temp0.3_nodelim_norole_nocot,the state of Victoria,,Pl_civil,fn,
qwen3_14b,participants,lusa_24,ext_exp_temp0.3_nodelim_norole_nocot,Vila Real de Santo António,,Pl_civil,tp,
qwen3_14b,participants,lusa_24,ext_exp_temp0.3_nodelim_norole_nocot,The National Maritime Authority,,Org,tp,
qwen3_14b,participants,lusa_24,ext_exp_temp0.3_nodelim_norole_nocot,two fishermen,,Per,tp,
qwen3_14b,participants,lusa_24,ext_exp_temp0.3_nodelim_norole_nocot,Foz de Odeleite,,Pl_civil,tp,
qwen3_14b,participants,lusa_24,ext_exp_temp0.3_nodelim_norole_nocot,the authority,,Org,tp,
qwen3_14b,participants,lusa_24,ext_exp_temp0.3_nodelim_norole_nocot,the man of Romanian nationality,,Per,tp,
qwen3_14b,participants,lusa_24,ext_exp_temp0.3_nodelim_norole_nocot,Guadiana River,,Pl_water,tp,
qwen3_14b,participants,lusa_24,ext_exp_temp0.3_nodelim_norole_nocot,Vila Real de Santo António Lifeguard Station,,Fac,tp,
qwen3_14b,participants,lusa_24,ext_exp_temp0.3_nodelim_norole_nocot,The searches,,,fp,
qwen3_14b,participants,lusa_24,ext_exp_temp0.3_nodelim_norole_nocot,a 48-year-old man,,,fp,
qwen3_14b,participants,lusa_24,ext_exp_temp0.3_nodelim_norole_nocot,missing man,,,fp,
qwen3_14b,participants,lusa_24,ext_exp_temp0.3_nodelim_norole_nocot,the National Maritime Authority,,,fp,
qwen3_14b,participants,lusa_24,ext_exp_temp0.3_nodelim_norole_nocot,Castro Marim,,,fp,
qwen3_14b,participants,lusa_24,ext_exp_temp0.3_nodelim_norole_nocot,Maritime Police vessel,,,fp,
qwen3_14b,participants,lusa_24,ext_exp_temp0.3_nodelim_norole_nocot,the water,,,fp,
qwen3_14b,participants,lusa_24,ext_exp_temp0.3_nodelim_norole_nocot,Lisbon Maritime Rescue,,,fp,
qwen3_14b,participants,lusa_24,ext_exp_temp0.3_nodelim_norole_nocot,Authorities,,,fp,
qwen3_14b,participants,lusa_24,ext_exp_temp0.3_nodelim_norole_nocot,The Captain of the Port of Vila Real de Santo António,,,fp,
qwen3_14b,participants,lusa_24,ext_exp_temp0.3_nodelim_norole_nocot,searches,,,fp,
qwen3_14b,participants,lusa_24,ext_exp_temp0.3_nodelim_norole_nocot,Lusa.,,,fp,
qwen3_14b,participants,lusa_24,ext_exp_temp0.3_nodelim_norole_nocot,the disappearance,,,fp,
qwen3_14b,participants,lusa_24,ext_exp_temp0.3_nodelim_norole_nocot,the municipality of Castro Marim,,,fp,
qwen3_14b,participants,lusa_24,ext_exp_temp0.3_nodelim_norole_nocot,a source,,,fp,
qwen3_14b,participants,lusa_24,ext_exp_temp0.3_nodelim_norole_nocot,Search Coordination Center,,,fp,
qwen3_14b,participants,lusa_24,ext_exp_temp0.3_nodelim_norole_nocot,municipality of Castro Marim,,Pl_civil,fn,
qwen3_14b,participants,lusa_24,ext_exp_temp0.3_nodelim_norole_nocot,the Port,,Fac,fn,
qwen3_14b,participants,lusa_24,ext_exp_temp0.3_nodelim_norole_nocot,Maritime Police,,Org,fn,
qwen3_14b,participants,lusa_24,ext_exp_temp0.3_nodelim_norole_nocot,that,,Per,fn,
qwen3_14b,participants,lusa_24,ext_exp_temp0.3_nodelim_norole_nocot,through the Search Coordination Center,,Org,fn,
qwen3_14b,participants,lusa_24,ext_exp_temp0.3_nodelim_norole_nocot,Lifeguard Station,,Fac,fn,
qwen3_14b,participants,lusa_24,ext_exp_temp0.3_nodelim_norole_nocot,Lusa,,Org,fn,
qwen3_14b,participants,lusa_24,ext_exp_temp0.3_nodelim_norole_nocot,"a 48-year-old man,",,Per,fn,
qwen3_14b,participants,lusa_24,ext_exp_temp0.3_nodelim_norole_nocot,the location,,Pl_civil,fn,
qwen3_14b,participants,lusa_24,ext_exp_temp0.3_nodelim_norole_nocot,a vessel,,Obj,fn,
qwen3_14b,participants,lusa_24,ext_exp_temp0.3_nodelim_norole_nocot,Lisbon,,Pl_capital,fn,
qwen3_14b,participants,lusa_24,ext_exp_temp0.3_nodelim_norole_nocot,statement,,Obj,fn,
qwen3_14b,participants,lusa_24,ext_exp_temp0.3_nodelim_norole_nocot,the,,Per,fn,
qwen3_14b,participants,lusa_24,ext_exp_temp0.3_nodelim_norole_nocot,pm through the Search Coordination Center,,Org,fn,
qwen3_14b,participants,lusa_24,ext_exp_temp0.3_nodelim_norole_nocot,The Captain,,Per,fn,
qwen3_14b,participants,lusa_24,ext_exp_temp0.3_nodelim_norole_nocot,the Port of Vila Real de Santo António,,Fac,fn,
qwen3_14b,participants,lusa_24,ext_exp_temp0.3_nodelim_norole_nocot,water,,Pl_water,fn,
qwen3_14b,participants,lusa_24,ext_exp_temp0.3_nodelim_norole_nocot,source,,Per,fn,
qwen3_14b,participants,lusa_24,ext_exp_temp0.3_nodelim_norole_nocot,National Maritime Authority,,Org,fn,
qwen3_14b,participants,lusa_25,ext_exp_temp0.3_nodelim_norole_nocot,Cometlis,,Org,tp,
qwen3_14b,participants,lusa_25,ext_exp_temp0.3_nodelim_norole_nocot,a firearm,,Obj,tp,
qwen3_14b,participants,lusa_25,ext_exp_temp0.3_nodelim_norole_nocot,A 17-year-old boy,,Per,tp,
qwen3_14b,participants,lusa_25,ext_exp_temp0.3_nodelim_norole_nocot,Amadora,,Pl_civil,tp,
qwen3_14b,participants,lusa_25,ext_exp_temp0.3_nodelim_norole_nocot,Lusa agency,,Org,tp,
qwen3_14b,participants,lusa_25,ext_exp_temp0.3_nodelim_norole_nocot,Casal da Mira neighborhood,,Pl_civil,tp,
qwen3_14b,participants,lusa_25,ext_exp_temp0.3_nodelim_norole_nocot,crime,,,fp,
qwen3_14b,participants,lusa_25,ext_exp_temp0.3_nodelim_norole_nocot,A 17-year-old young man,,,fp,
qwen3_14b,participants,lusa_25,ext_exp_temp0.3_nodelim_norole_nocot,Hospital Professor Doutor Fernando Fonseca,,,fp,
qwen3_14b,participants,lusa_25,ext_exp_temp0.3_nodelim_norole_nocot,Lisbon district,,,fp,
qwen3_14b,participants,lusa_25,ext_exp_temp0.3_nodelim_norole_nocot,he,,,fp,
qwen3_14b,participants,lusa_25,ext_exp_temp0.3_nodelim_norole_nocot,the case,,,fp,
qwen3_14b,participants,lusa_25,ext_exp_temp0.3_nodelim_norole_nocot,Lisbon Metropolitan Command,,,fp,
qwen3_14b,participants,lusa_25,ext_exp_temp0.3_nodelim_norole_nocot,Amadora-Sintra,,,fp,
qwen3_14b,participants,lusa_25,ext_exp_temp0.3_nodelim_norole_nocot,PSP source,,,fp,
qwen3_14b,participants,lusa_25,ext_exp_temp0.3_nodelim_norole_nocot,a source,,,fp,
qwen3_14b,participants,lusa_25,ext_exp_temp0.3_nodelim_norole_nocot,He,,,fp,
qwen3_14b,participants,lusa_25,ext_exp_temp0.3_nodelim_norole_nocot,Young man,,,fp,
qwen3_14b,participants,lusa_25,ext_exp_temp0.3_nodelim_norole_nocot,the Judiciary Police (PJ),,,fp,
qwen3_14b,participants,lusa_25,ext_exp_temp0.3_nodelim_norole_nocot,the,,Org,fn,
qwen3_14b,participants,lusa_25,ext_exp_temp0.3_nodelim_norole_nocot,A 17-year-old young,,Per,fn,
qwen3_14b,participants,lusa_25,ext_exp_temp0.3_nodelim_norole_nocot,Lusa,,Org,fn,
qwen3_14b,participants,lusa_25,ext_exp_temp0.3_nodelim_norole_nocot,or detained,,Per,fn,
qwen3_14b,participants,lusa_25,ext_exp_temp0.3_nodelim_norole_nocot,Metropolitan Command,,Org,fn,
qwen3_14b,participants,lusa_25,ext_exp_temp0.3_nodelim_norole_nocot,the Hospital Professor Doutor Fernando Fonseca [Amadora-Sintra],,Loc,fn,
qwen3_14b,participants,lusa_25,ext_exp_temp0.3_nodelim_norole_nocot,Judiciary Police (PJ),,Org,fn,
qwen3_14b,participants,lusa_25,ext_exp_temp0.3_nodelim_norole_nocot,the Lisbon district,,Pl_civil,fn,
qwen3_14b,participants,lusa_25,ext_exp_temp0.3_nodelim_norole_nocot,source,,Per,fn,
qwen3_14b,participants,lusa_25,ext_exp_temp0.3_nodelim_norole_nocot,chest,,Other,fn,
qwen3_14b,participants,lusa_25,ext_exp_temp0.3_nodelim_norole_nocot,Lisbon,,Pl_civil,fn,
qwen3_14b,participants,lusa_25,ext_exp_temp0.3_nodelim_norole_nocot,the Lisbon Metropolitan Command,,Org,fn,
qwen3_14b,participants,lusa_25,ext_exp_temp0.3_nodelim_norole_nocot,", Cometlis",,Org,fn,
qwen3_14b,participants,lusa_26,ext_exp_temp0.3_nodelim_norole_nocot,Alverca,,Org,tp,
qwen3_14b,participants,lusa_26,ext_exp_temp0.3_nodelim_norole_nocot,the athlete,,Per,tp,
qwen3_14b,participants,lusa_26,ext_exp_temp0.3_nodelim_norole_nocot,the Portuguese Championship club,,Org,tp,
qwen3_14b,participants,lusa_26,ext_exp_temp0.3_nodelim_norole_nocot,Alex Apolinário,,Per,tp,
qwen3_14b,participants,lusa_26,ext_exp_temp0.3_nodelim_norole_nocot,Brazilian footballer Alex Apolinário,,Per,tp,
qwen3_14b,participants,lusa_26,ext_exp_temp0.3_nodelim_norole_nocot,Alverca Futebol SAD,,Org,tp,
qwen3_14b,participants,lusa_26,ext_exp_temp0.3_nodelim_norole_nocot,clubs,,Org,tp,
qwen3_14b,participants,lusa_26,ext_exp_temp0.3_nodelim_norole_nocot,SAD Alverquense,,Org,tp,
qwen3_14b,participants,lusa_26,ext_exp_temp0.3_nodelim_norole_nocot,athletes,,Per,tp,
qwen3_14b,participants,lusa_26,ext_exp_temp0.3_nodelim_norole_nocot,União de Almeirim,,Org,tp,
qwen3_14b,participants,lusa_26,ext_exp_temp0.3_nodelim_norole_nocot,institutions,,Org,tp,
qwen3_14b,participants,lusa_26,ext_exp_temp0.3_nodelim_norole_nocot,club's Facebook.,,,fp,
qwen3_14b,participants,lusa_26,ext_exp_temp0.3_nodelim_norole_nocot,fans from all over the world,,,fp,
qwen3_14b,participants,lusa_26,ext_exp_temp0.3_nodelim_norole_nocot,health professionals,,,fp,
qwen3_14b,participants,lusa_26,ext_exp_temp0.3_nodelim_norole_nocot,clinical staff,,,fp,
qwen3_14b,participants,lusa_26,ext_exp_temp0.3_nodelim_norole_nocot,Ribatejo residents,,,fp,
qwen3_14b,participants,lusa_26,ext_exp_temp0.3_nodelim_norole_nocot,the athlete and his family,,,fp,
qwen3_14b,participants,lusa_26,ext_exp_temp0.3_nodelim_norole_nocot,Vila Franca de Xira Hospital,,,fp,
qwen3_14b,participants,lusa_26,ext_exp_temp0.3_nodelim_norole_nocot,everyone who sent messages,,,fp,
qwen3_14b,participants,lusa_26,ext_exp_temp0.3_nodelim_norole_nocot,Portuguese Championship,,,fp,
qwen3_14b,participants,lusa_26,ext_exp_temp0.3_nodelim_norole_nocot,the health professionals,,Per,fn,
qwen3_14b,participants,lusa_26,ext_exp_temp0.3_nodelim_norole_nocot,the Portuguese Championship,,Other,fn,
qwen3_14b,participants,lusa_26,ext_exp_temp0.3_nodelim_norole_nocot,messages,,Other,fn,
qwen3_14b,participants,lusa_26,ext_exp_temp0.3_nodelim_norole_nocot,Ribatejo,,Per,fn,
qwen3_14b,participants,lusa_26,ext_exp_temp0.3_nodelim_norole_nocot,at Vila Franca de Xira Hospital,,Loc,fn,
qwen3_14b,participants,lusa_26,ext_exp_temp0.3_nodelim_norole_nocot,all over the world,,Loc,fn,
qwen3_14b,participants,lusa_26,ext_exp_temp0.3_nodelim_norole_nocot,club,,Org,fn,
qwen3_14b,participants,lusa_26,ext_exp_temp0.3_nodelim_norole_nocot,his,,Per,fn,
qwen3_14b,participants,lusa_26,ext_exp_temp0.3_nodelim_norole_nocot,the same statement,,Obj,fn,
qwen3_14b,participants,lusa_26,ext_exp_temp0.3_nodelim_norole_nocot,four corners of the world,,Loc,fn,
qwen3_14b,participants,lusa_26,ext_exp_temp0.3_nodelim_norole_nocot,information,,Other,fn,
qwen3_14b,participants,lusa_26,ext_exp_temp0.3_nodelim_norole_nocot,joined,,Other,fn,
qwen3_14b,participants,lusa_26,ext_exp_temp0.3_nodelim_norole_nocot,the statement,,Obj,fn,
qwen3_14b,participants,lusa_26,ext_exp_temp0.3_nodelim_norole_nocot,us,,Org,fn,
qwen3_14b,participants,lusa_26,ext_exp_temp0.3_nodelim_norole_nocot,family,,Per,fn,
qwen3_14b,participants,lusa_26,ext_exp_temp0.3_nodelim_norole_nocot,fans,,Per,fn,
qwen3_14b,participants,lusa_26,ext_exp_temp0.3_nodelim_norole_nocot,a note,,Obj,fn,
qwen3_14b,participants,lusa_26,ext_exp_temp0.3_nodelim_norole_nocot,Facebook,,Other,fn,
qwen3_14b,participants,lusa_26,ext_exp_temp0.3_nodelim_norole_nocot,athlete,,Per,fn,
qwen3_14b,participants,lusa_26,ext_exp_temp0.3_nodelim_norole_nocot,all,,Per,fn,
qwen3_14b,participants,lusa_26,ext_exp_temp0.3_nodelim_norole_nocot,who,,Other,fn,
qwen3_14b,participants,lusa_26,ext_exp_temp0.3_nodelim_norole_nocot,the clinical staff,,Per,fn,
qwen3_14b,participants,lusa_27,ext_exp_temp0.3_nodelim_norole_nocot,São João da Talha,,Pl_civil,tp,
qwen3_14b,participants,lusa_27,ext_exp_temp0.3_nodelim_norole_nocot,the hospital,,Loc,tp,
qwen3_14b,participants,lusa_27,ext_exp_temp0.3_nodelim_norole_nocot,kilometer four,,Loc,tp,
qwen3_14b,participants,lusa_27,ext_exp_temp0.3_nodelim_norole_nocot,North/South direction,,Other,tp,
qwen3_14b,participants,lusa_27,ext_exp_temp0.3_nodelim_norole_nocot,The 12-year-old child,,Per,tp,
qwen3_14b,participants,lusa_27,ext_exp_temp0.3_nodelim_norole_nocot,Loures,,Pl_civil,tp,
qwen3_14b,participants,lusa_27,ext_exp_temp0.3_nodelim_norole_nocot,GNR,,Org,tp,
qwen3_14b,participants,lusa_27,ext_exp_temp0.3_nodelim_norole_nocot,10 vehicles,,Obj,tp,
qwen3_14b,participants,lusa_27,ext_exp_temp0.3_nodelim_norole_nocot,the 12-year-old child,,Per,tp,
qwen3_14b,participants,lusa_27,ext_exp_temp0.3_nodelim_norole_nocot,hospital,,Org,tp,
qwen3_14b,participants,lusa_27,ext_exp_temp0.3_nodelim_norole_nocot,22 firefighters,,Per,tp,
qwen3_14b,participants,lusa_27,ext_exp_temp0.3_nodelim_norole_nocot,Lusa,,Org,tp,
qwen3_14b,participants,lusa_27,ext_exp_temp0.3_nodelim_norole_nocot,the police,,Loc,tp,
qwen3_14b,participants,lusa_27,ext_exp_temp0.3_nodelim_norole_nocot,North highway,,,fp,
qwen3_14b,participants,lusa_27,ext_exp_temp0.3_nodelim_norole_nocot,The accident,,,fp,
qwen3_14b,participants,lusa_27,ext_exp_temp0.3_nodelim_norole_nocot,the National Institute of Medical Emergency (INEM),,,fp,
qwen3_14b,participants,lusa_27,ext_exp_temp0.3_nodelim_norole_nocot,Saturday,,,fp,
qwen3_14b,participants,lusa_27,ext_exp_temp0.3_nodelim_norole_nocot,GNR source,,,fp,
qwen3_14b,participants,lusa_27,ext_exp_temp0.3_nodelim_norole_nocot,accident,,,fp,
qwen3_14b,participants,lusa_27,ext_exp_temp0.3_nodelim_norole_nocot,North Motorway,,,fp,
qwen3_14b,participants,lusa_27,ext_exp_temp0.3_nodelim_norole_nocot,Child,,,fp,
qwen3_14b,participants,lusa_27,ext_exp_temp0.3_nodelim_norole_nocot,three cars,,,fp,
qwen3_14b,participants,lusa_27,ext_exp_temp0.3_nodelim_norole_nocot,a source,,,fp,
qwen3_14b,participants,lusa_27,ext_exp_temp0.3_nodelim_norole_nocot,one of the vehicles,,,fp,
qwen3_14b,participants,lusa_27,ext_exp_temp0.3_nodelim_norole_nocot,the GNR General Command,,,fp,
qwen3_14b,participants,lusa_27,ext_exp_temp0.3_nodelim_norole_nocot,highway,,,fp,
qwen3_14b,participants,lusa_27,ext_exp_temp0.3_nodelim_norole_nocot,9:40 pm,,,fp,
qwen3_14b,participants,lusa_27,ext_exp_temp0.3_nodelim_norole_nocot,the side lane,,Other,fn,
qwen3_14b,participants,lusa_27,ext_exp_temp0.3_nodelim_norole_nocot,vehicles,,Obj,fn,
qwen3_14b,participants,lusa_27,ext_exp_temp0.3_nodelim_norole_nocot,firefighters,,Org,fn,
qwen3_14b,participants,lusa_27,ext_exp_temp0.3_nodelim_norole_nocot,all,,Per,fn,
qwen3_14b,participants,lusa_27,ext_exp_temp0.3_nodelim_norole_nocot,four of the North Motorway,,Obj,fn,
qwen3_14b,participants,lusa_27,ext_exp_temp0.3_nodelim_norole_nocot,the North Motorway,,Fac,fn,
qwen3_14b,participants,lusa_27,ext_exp_temp0.3_nodelim_norole_nocot,one,,Obj,fn,
qwen3_14b,participants,lusa_27,ext_exp_temp0.3_nodelim_norole_nocot,source,,Per,fn,
qwen3_14b,participants,lusa_27,ext_exp_temp0.3_nodelim_norole_nocot,that,,Per,fn,
qwen3_14b,participants,lusa_27,ext_exp_temp0.3_nodelim_norole_nocot,National Institute of Medical Emergency (INEM),,Org,fn,
qwen3_14b,participants,lusa_27,ext_exp_temp0.3_nodelim_norole_nocot,highway in the North,,Fac,fn,
qwen3_14b,participants,lusa_27,ext_exp_temp0.3_nodelim_norole_nocot,police,,Org,fn,
qwen3_14b,participants,lusa_27,ext_exp_temp0.3_nodelim_norole_nocot,GNR General Command,,Org,fn,
qwen3_14b,participants,lusa_27,ext_exp_temp0.3_nodelim_norole_nocot,four other injuries,,Per,fn,
qwen3_14b,participants,lusa_28,ext_exp_temp0.3_nodelim_norole_nocot,Seville,,Org,tp,
qwen3_14b,participants,lusa_28,ext_exp_temp0.3_nodelim_norole_nocot,the victim,,Per,tp,
qwen3_14b,participants,lusa_28,ext_exp_temp0.3_nodelim_norole_nocot,Spartak Moscow,,Org,tp,
qwen3_14b,participants,lusa_28,ext_exp_temp0.3_nodelim_norole_nocot,police sources,,Per,tp,
qwen3_14b,participants,lusa_28,ext_exp_temp0.3_nodelim_norole_nocot,the daily De Telegraaf,,Org,tp,
qwen3_14b,participants,lusa_28,ext_exp_temp0.3_nodelim_norole_nocot,Dutch media,,Org,tp,
qwen3_14b,participants,lusa_28,ext_exp_temp0.3_nodelim_norole_nocot,Promes,,Per,tp,
qwen3_14b,participants,lusa_28,ext_exp_temp0.3_nodelim_norole_nocot,Dutch international Quincy Promes,,Per,tp,
qwen3_14b,participants,lusa_28,ext_exp_temp0.3_nodelim_norole_nocot,that newspaper,,Org,tp,
qwen3_14b,participants,lusa_28,ext_exp_temp0.3_nodelim_norole_nocot,the two,,Per,tp,
qwen3_14b,participants,lusa_28,ext_exp_temp0.3_nodelim_norole_nocot,Twente,,,fp,
qwen3_14b,participants,lusa_28,ext_exp_temp0.3_nodelim_norole_nocot,an Ajax footballer,,,fp,
qwen3_14b,participants,lusa_28,ext_exp_temp0.3_nodelim_norole_nocot,those present,,,fp,
qwen3_14b,participants,lusa_28,ext_exp_temp0.3_nodelim_norole_nocot,a family member,,,fp,
qwen3_14b,participants,lusa_28,ext_exp_temp0.3_nodelim_norole_nocot,The complaint,,,fp,
qwen3_14b,participants,lusa_28,ext_exp_temp0.3_nodelim_norole_nocot,a police source,,,fp,
qwen3_14b,participants,lusa_28,ext_exp_temp0.3_nodelim_norole_nocot,family member,,,fp,
qwen3_14b,participants,lusa_28,ext_exp_temp0.3_nodelim_norole_nocot,an arrest,,,fp,
qwen3_14b,participants,lusa_28,ext_exp_temp0.3_nodelim_norole_nocot,Ajax,,,fp,
qwen3_14b,participants,lusa_28,ext_exp_temp0.3_nodelim_norole_nocot,Footballer Quincy Promes,,,fp,
qwen3_14b,participants,lusa_28,ext_exp_temp0.3_nodelim_norole_nocot,the party,,,fp,
qwen3_14b,participants,lusa_28,ext_exp_temp0.3_nodelim_norole_nocot,an investigation,,,fp,
qwen3_14b,participants,lusa_28,ext_exp_temp0.3_nodelim_norole_nocot,The 28-year-old forward,,,fp,
qwen3_14b,participants,lusa_28,ext_exp_temp0.3_nodelim_norole_nocot,the Dutch national team,,,fp,
qwen3_14b,participants,lusa_28,ext_exp_temp0.3_nodelim_norole_nocot,a small town,,Pl_civil,fn,
qwen3_14b,participants,lusa_28,ext_exp_temp0.3_nodelim_norole_nocot,an Ajax,,Org,fn,
qwen3_14b,participants,lusa_28,ext_exp_temp0.3_nodelim_norole_nocot,family member in,,Per,fn,
qwen3_14b,participants,lusa_28,ext_exp_temp0.3_nodelim_norole_nocot,the province of Utrecht,,Pl_civil,fn,
qwen3_14b,participants,lusa_28,ext_exp_temp0.3_nodelim_norole_nocot,owned,,Loc,fn,
qwen3_14b,participants,lusa_28,ext_exp_temp0.3_nodelim_norole_nocot,police source,,Per,fn,
qwen3_14b,participants,lusa_28,ext_exp_temp0.3_nodelim_norole_nocot,the,,Org,fn,
qwen3_14b,participants,lusa_28,ext_exp_temp0.3_nodelim_norole_nocot,seven goals,,Other,fn,
qwen3_14b,participants,lusa_28,ext_exp_temp0.3_nodelim_norole_nocot,serious injury,,Other,fn,
qwen3_14b,participants,lusa_28,ext_exp_temp0.3_nodelim_norole_nocot,Abcoude,,Pl_civil,fn,
qwen3_14b,participants,lusa_28,ext_exp_temp0.3_nodelim_norole_nocot,him,,Per,fn,
qwen3_14b,participants,lusa_28,ext_exp_temp0.3_nodelim_norole_nocot,The ,,Per,fn,
qwen3_14b,participants,lusa_28,ext_exp_temp0.3_nodelim_norole_nocot,a warehouse,,Fac,fn,
qwen3_14b,participants,lusa_28,ext_exp_temp0.3_nodelim_norole_nocot,Some,,Per,fn,
qwen3_14b,participants,lusa_28,ext_exp_temp0.3_nodelim_norole_nocot,at Twente,,Org,fn,
qwen3_14b,participants,lusa_28,ext_exp_temp0.3_nodelim_norole_nocot,footballer,,Per,fn,
qwen3_14b,participants,lusa_28,ext_exp_temp0.3_nodelim_norole_nocot,the Netherlands,,Pl_country,fn,
qwen3_14b,participants,lusa_28,ext_exp_temp0.3_nodelim_norole_nocot,the neck,,Other,fn,
qwen3_14b,participants,lusa_28,ext_exp_temp0.3_nodelim_norole_nocot,the maximum sentence,,Other,fn,
qwen3_14b,participants,lusa_28,ext_exp_temp0.3_nodelim_norole_nocot,the Dutch national,,Org,fn,
qwen3_14b,participants,lusa_29,ext_exp_temp0.3_nodelim_norole_nocot,two men,,Per,tp,
qwen3_14b,participants,lusa_29,ext_exp_temp0.3_nodelim_norole_nocot,785 kilos of hashish,,Obj,tp,
qwen3_14b,participants,lusa_29,ext_exp_temp0.3_nodelim_norole_nocot,Olhão (Algarve),,Loc,tp,
qwen3_14b,participants,lusa_29,ext_exp_temp0.3_nodelim_norole_nocot,GNR,,Org,tp,
qwen3_14b,participants,lusa_29,ext_exp_temp0.3_nodelim_norole_nocot,the narcotic product,,Obj,tp,
qwen3_14b,participants,lusa_29,ext_exp_temp0.3_nodelim_norole_nocot,Integrated Surveillance and Command and Control System (SIVICC),,Org,tp,
qwen3_14b,participants,lusa_29,ext_exp_temp0.3_nodelim_norole_nocot,fiber vessel,,Obj,tp,
qwen3_14b,participants,lusa_29,ext_exp_temp0.3_nodelim_norole_nocot,the vessel,,Obj,tp,
qwen3_14b,participants,lusa_29,ext_exp_temp0.3_nodelim_norole_nocot,two vessels,,Obj,tp,
qwen3_14b,participants,lusa_29,ext_exp_temp0.3_nodelim_norole_nocot,The GNR Coastal Control Unit (UCC),,Org,tp,
qwen3_14b,participants,lusa_29,ext_exp_temp0.3_nodelim_norole_nocot,the fiber vessel,,,fp,
qwen3_14b,participants,lusa_29,ext_exp_temp0.3_nodelim_norole_nocot,narcotic product,,,fp,
qwen3_14b,participants,lusa_29,ext_exp_temp0.3_nodelim_norole_nocot,UCC maritime resources,,,fp,
qwen3_14b,participants,lusa_29,ext_exp_temp0.3_nodelim_norole_nocot,National Republican Guard (GNR),,,fp,
qwen3_14b,participants,lusa_29,ext_exp_temp0.3_nodelim_norole_nocot,Algarve,,,fp,
qwen3_14b,participants,lusa_29,ext_exp_temp0.3_nodelim_norole_nocot,crew members,,,fp,
qwen3_14b,participants,lusa_29,ext_exp_temp0.3_nodelim_norole_nocot,two crew members,,,fp,
qwen3_14b,participants,lusa_29,ext_exp_temp0.3_nodelim_norole_nocot,Olhão,,,fp,
qwen3_14b,participants,lusa_29,ext_exp_temp0.3_nodelim_norole_nocot,a boat,,,fp,
qwen3_14b,participants,lusa_29,ext_exp_temp0.3_nodelim_norole_nocot,objects that resembled bales of hashish,,,fp,
qwen3_14b,participants,lusa_29,ext_exp_temp0.3_nodelim_norole_nocot,the National Republican Guard (GNR),,Org,fn,
qwen3_14b,participants,lusa_29,ext_exp_temp0.3_nodelim_norole_nocot,objects,,Obj,fn,
qwen3_14b,participants,lusa_29,ext_exp_temp0.3_nodelim_norole_nocot,"the two crew members, aged 24 and 26",,Per,fn,
qwen3_14b,participants,lusa_29,ext_exp_temp0.3_nodelim_norole_nocot,sea,,Nat,fn,
qwen3_14b,participants,lusa_29,ext_exp_temp0.3_nodelim_norole_nocot,maritime resources,,Other,fn,
qwen3_14b,participants,lusa_29,ext_exp_temp0.3_nodelim_norole_nocot,UCC,,Org,fn,
qwen3_14b,participants,lusa_29,ext_exp_temp0.3_nodelim_norole_nocot,785 kilos,,Other,fn,
qwen3_14b,participants,lusa_29,ext_exp_temp0.3_nodelim_norole_nocot,statement,,Obj,fn,
qwen3_14b,participants,lusa_29,ext_exp_temp0.3_nodelim_norole_nocot,the two vessels,,Obj,fn,
qwen3_14b,participants,lusa_29,ext_exp_temp0.3_nodelim_norole_nocot,a total weight,,Other,fn,
qwen3_14b,participants,lusa_29,ext_exp_temp0.3_nodelim_norole_nocot,22 bales of hashish,,Obj,fn,
qwen3_14b,participants,lusa_29,ext_exp_temp0.3_nodelim_norole_nocot,two million euros,,Other,fn,
qwen3_14b,participants,lusa_29,ext_exp_temp0.3_nodelim_norole_nocot,of hashish,,Obj,fn,
qwen3_14b,participants,lusa_29,ext_exp_temp0.3_nodelim_norole_nocot,that,,Obj,fn,
qwen3_14b,participants,lusa_29,ext_exp_temp0.3_nodelim_norole_nocot,an estimated value,,Other,fn,
qwen3_14b,participants,lusa_29,ext_exp_temp0.3_nodelim_norole_nocot,the GNR,,Org,fn,
qwen3_14b,participants,lusa_29,ext_exp_temp0.3_nodelim_norole_nocot,vessel,,Obj,fn,
qwen3_14b,participants,lusa_3,ext_exp_temp0.3_nodelim_norole_nocot,rubber bullets,,Obj,tp,
qwen3_14b,participants,lusa_3,ext_exp_temp0.3_nodelim_norole_nocot,a man,,Per,tp,
qwen3_14b,participants,lusa_3,ext_exp_temp0.3_nodelim_norole_nocot,police source,,Per,tp,
qwen3_14b,participants,lusa_3,ext_exp_temp0.3_nodelim_norole_nocot,the man,,Per,tp,
qwen3_14b,participants,lusa_3,ext_exp_temp0.3_nodelim_norole_nocot,the military,,Per,tp,
qwen3_14b,participants,lusa_3,ext_exp_temp0.3_nodelim_norole_nocot,Braga,,Pl_civil,tp,
qwen3_14b,participants,lusa_3,ext_exp_temp0.3_nodelim_norole_nocot,firearms,,Obj,tp,
qwen3_14b,participants,lusa_3,ext_exp_temp0.3_nodelim_norole_nocot,Cabeceiras de Basto,,Pl_civil,tp,
qwen3_14b,participants,lusa_3,ext_exp_temp0.3_nodelim_norole_nocot,source,,Per,tp,
qwen3_14b,participants,lusa_3,ext_exp_temp0.3_nodelim_norole_nocot,Lusa agency,,Org,tp,
qwen3_14b,participants,lusa_3,ext_exp_temp0.3_nodelim_norole_nocot,The GNR,,Org,tp,
qwen3_14b,participants,lusa_3,ext_exp_temp0.3_nodelim_norole_nocot,the detainee,,Per,tp,
qwen3_14b,participants,lusa_3,ext_exp_temp0.3_nodelim_norole_nocot,Cabeceiras,,Pl_civil,tp,
qwen3_14b,participants,lusa_3,ext_exp_temp0.3_nodelim_norole_nocot,the source,,Per,tp,
qwen3_14b,participants,lusa_3,ext_exp_temp0.3_nodelim_norole_nocot,GNR Territorial Command,,,fp,
qwen3_14b,participants,lusa_3,ext_exp_temp0.3_nodelim_norole_nocot,investigating judge,,,fp,
qwen3_14b,participants,lusa_3,ext_exp_temp0.3_nodelim_norole_nocot,The 52-year-old man,,,fp,
qwen3_14b,participants,lusa_3,ext_exp_temp0.3_nodelim_norole_nocot,operatives,,,fp,
qwen3_14b,participants,lusa_3,ext_exp_temp0.3_nodelim_norole_nocot,GNR,,,fp,
qwen3_14b,participants,lusa_3,ext_exp_temp0.3_nodelim_norole_nocot,firearm,,,fp,
qwen3_14b,participants,lusa_3,ext_exp_temp0.3_nodelim_norole_nocot,GNR post,,,fp,
qwen3_14b,participants,lusa_3,ext_exp_temp0.3_nodelim_norole_nocot,Judiciary Police,,,fp,
qwen3_14b,participants,lusa_3,ext_exp_temp0.3_nodelim_norole_nocot,rubber bullets.,,,fp,
qwen3_14b,participants,lusa_3,ext_exp_temp0.3_nodelim_norole_nocot,The,,Per,fn,
qwen3_14b,participants,lusa_3,ext_exp_temp0.3_nodelim_norole_nocot,that,,Per,fn,
qwen3_14b,participants,lusa_3,ext_exp_temp0.3_nodelim_norole_nocot,the GNR,,Org,fn,
qwen3_14b,participants,lusa_3,ext_exp_temp0.3_nodelim_norole_nocot,municipality of Cabeceiras de Basto,,Pl_civil,fn,
qwen3_14b,participants,lusa_3,ext_exp_temp0.3_nodelim_norole_nocot,he,,Per,fn,
qwen3_14b,participants,lusa_3,ext_exp_temp0.3_nodelim_norole_nocot,the air,,Loc,fn,
qwen3_14b,participants,lusa_3,ext_exp_temp0.3_nodelim_norole_nocot,the GNR post,,Fac,fn,
qwen3_14b,participants,lusa_3,ext_exp_temp0.3_nodelim_norole_nocot,the parish of Refojos de Basto,,Pl_civil,fn,
qwen3_14b,participants,lusa_3,ext_exp_temp0.3_nodelim_norole_nocot,appropriate,,Fac,fn,
qwen3_14b,participants,lusa_3,ext_exp_temp0.3_nodelim_norole_nocot,minor injuries,,Other,fn,
qwen3_14b,participants,lusa_3,ext_exp_temp0.3_nodelim_norole_nocot,live ammunition,,Obj,fn,
qwen3_14b,participants,lusa_3,ext_exp_temp0.3_nodelim_norole_nocot,hospital unit,,Fac,fn,
qwen3_14b,participants,lusa_3,ext_exp_temp0.3_nodelim_norole_nocot,coercive measures,,Other,fn,
qwen3_14b,participants,lusa_3,ext_exp_temp0.3_nodelim_norole_nocot,district of Braga,,Pl_civil,fn,
qwen3_14b,participants,lusa_3,ext_exp_temp0.3_nodelim_norole_nocot,the GNR Territorial Command,,Org,fn,
qwen3_14b,participants,lusa_3,ext_exp_temp0.3_nodelim_norole_nocot,details,,Other,fn,
qwen3_14b,participants,lusa_3,ext_exp_temp0.3_nodelim_norole_nocot,the legs,,Other,fn,
qwen3_14b,participants,lusa_3,ext_exp_temp0.3_nodelim_norole_nocot,the causes,,Other,fn,
qwen3_14b,participants,lusa_3,ext_exp_temp0.3_nodelim_norole_nocot,who,,Per,fn,
qwen3_14b,participants,lusa_3,ext_exp_temp0.3_nodelim_norole_nocot,the operatives,,Per,fn,
qwen3_14b,participants,lusa_3,ext_exp_temp0.3_nodelim_norole_nocot,the Judiciary Police,,Org,fn,
qwen3_14b,participants,lusa_31,ext_exp_temp0.3_nodelim_norole_nocot,50 people,,Per,tp,
qwen3_14b,participants,lusa_31,ext_exp_temp0.3_nodelim_norole_nocot,the establishment,,Org,tp,
qwen3_14b,participants,lusa_31,ext_exp_temp0.3_nodelim_norole_nocot,The military,,Per,tp,
qwen3_14b,participants,lusa_31,ext_exp_temp0.3_nodelim_norole_nocot,the authority,,Org,tp,
qwen3_14b,participants,lusa_31,ext_exp_temp0.3_nodelim_norole_nocot,Freamunde,,Pl_civil,tp,
qwen3_14b,participants,lusa_31,ext_exp_temp0.3_nodelim_norole_nocot,the inspection action,,,fp,
qwen3_14b,participants,lusa_31,ext_exp_temp0.3_nodelim_norole_nocot,Paços de Ferreira,,,fp,
qwen3_14b,participants,lusa_31,ext_exp_temp0.3_nodelim_norole_nocot,GNR of Freamunde,,,fp,
qwen3_14b,participants,lusa_31,ext_exp_temp0.3_nodelim_norole_nocot,a restaurant,,,fp,
qwen3_14b,participants,lusa_31,ext_exp_temp0.3_nodelim_norole_nocot,GNR de Freamunde,,,fp,
qwen3_14b,participants,lusa_31,ext_exp_temp0.3_nodelim_norole_nocot,the rules relating to the covid-19 pandemic,,,fp,
qwen3_14b,participants,lusa_31,ext_exp_temp0.3_nodelim_norole_nocot,covid-19 pandemic,,,fp,
qwen3_14b,participants,lusa_31,ext_exp_temp0.3_nodelim_norole_nocot,owner,,,fp,
qwen3_14b,participants,lusa_31,ext_exp_temp0.3_nodelim_norole_nocot,and drinks establishment,,Org,fn,
qwen3_14b,participants,lusa_31,ext_exp_temp0.3_nodelim_norole_nocot,The GNR of Freamunde,,Org,fn,
qwen3_14b,participants,lusa_31,ext_exp_temp0.3_nodelim_norole_nocot,The 48-year-old owner,,Per,fn,
qwen3_14b,participants,lusa_31,ext_exp_temp0.3_nodelim_norole_nocot,rules,,Other,fn,
qwen3_14b,participants,lusa_31,ext_exp_temp0.3_nodelim_norole_nocot,that location,,Pl_civil,fn,
qwen3_14b,participants,lusa_31,ext_exp_temp0.3_nodelim_norole_nocot,the municipality of Paços de Ferreira,,Pl_civil,fn,
qwen3_14b,participants,lusa_31,ext_exp_temp0.3_nodelim_norole_nocot,live music,,Other,fn,
qwen3_14b,participants,lusa_31,ext_exp_temp0.3_nodelim_norole_nocot,a statement,,Obj,fn,
qwen3_14b,participants,lusa_32,ext_exp_temp0.3_nodelim_norole_nocot,Felgueiras,,Pl_civil,tp,
qwen3_14b,participants,lusa_32,ext_exp_temp0.3_nodelim_norole_nocot,the military,,Per,tp,
qwen3_14b,participants,lusa_32,ext_exp_temp0.3_nodelim_norole_nocot,a pistol,,Obj,tp,
qwen3_14b,participants,lusa_32,ext_exp_temp0.3_nodelim_norole_nocot,the Guard,,Org,tp,
qwen3_14b,participants,lusa_32,ext_exp_temp0.3_nodelim_norole_nocot,the victim,,Per,tp,
qwen3_14b,participants,lusa_32,ext_exp_temp0.3_nodelim_norole_nocot,two compressed air guns,,Obj,tp,
qwen3_14b,participants,lusa_32,ext_exp_temp0.3_nodelim_norole_nocot,a shotgun,,Obj,tp,
qwen3_14b,participants,lusa_32,ext_exp_temp0.3_nodelim_norole_nocot,the location,,Per,tp,
qwen3_14b,participants,lusa_32,ext_exp_temp0.3_nodelim_norole_nocot,a 33-year-old man,,Per,tp,
qwen3_14b,participants,lusa_32,ext_exp_temp0.3_nodelim_norole_nocot,a 25-year-old woman,,Per,tp,
qwen3_14b,participants,lusa_32,ext_exp_temp0.3_nodelim_norole_nocot,a holster,,Obj,tp,
qwen3_14b,participants,lusa_32,ext_exp_temp0.3_nodelim_norole_nocot,home search,,,fp,
qwen3_14b,participants,lusa_32,ext_exp_temp0.3_nodelim_norole_nocot,GNR,,,fp,
qwen3_14b,participants,lusa_32,ext_exp_temp0.3_nodelim_norole_nocot,several types of firearms,,,fp,
qwen3_14b,participants,lusa_32,ext_exp_temp0.3_nodelim_norole_nocot,a complaint of domestic violence,,,fp,
qwen3_14b,participants,lusa_32,ext_exp_temp0.3_nodelim_norole_nocot,Porto district,,,fp,
qwen3_14b,participants,lusa_32,ext_exp_temp0.3_nodelim_norole_nocot,her partner,,,fp,
qwen3_14b,participants,lusa_32,ext_exp_temp0.3_nodelim_norole_nocot,where,,Loc,fn,
qwen3_14b,participants,lusa_32,ext_exp_temp0.3_nodelim_norole_nocot,the,,Loc,fn,
qwen3_14b,participants,lusa_32,ext_exp_temp0.3_nodelim_norole_nocot,the press release,,Obj,fn,
qwen3_14b,participants,lusa_32,ext_exp_temp0.3_nodelim_norole_nocot,a 12-gauge shotgun,,Obj,fn,
qwen3_14b,participants,lusa_32,ext_exp_temp0.3_nodelim_norole_nocot,the Felgueiras Judicial Court,,Org,fn,
qwen3_14b,participants,lusa_32,ext_exp_temp0.3_nodelim_norole_nocot,statement,,Obj,fn,
qwen3_14b,participants,lusa_32,ext_exp_temp0.3_nodelim_norole_nocot,"the Porto district, as part",,Loc,fn,
qwen3_14b,participants,lusa_32,ext_exp_temp0.3_nodelim_norole_nocot,a 6.35mm caliber pistol,,Obj,fn,
qwen3_14b,participants,lusa_32,ext_exp_temp0.3_nodelim_norole_nocot,The GNR,,Org,fn,
qwen3_14b,participants,lusa_32,ext_exp_temp0.3_nodelim_norole_nocot,the GNR,,Org,fn,
qwen3_14b,participants,lusa_32,ext_exp_temp0.3_nodelim_norole_nocot,Judicial Court.,,Org,fn,
qwen3_14b,participants,lusa_32,ext_exp_temp0.3_nodelim_norole_nocot,ammunition,,Obj,fn,
qwen3_14b,participants,lusa_33,ext_exp_temp0.3_nodelim_norole_nocot,Valença,,Pl_civil,tp,
qwen3_14b,participants,lusa_33,ext_exp_temp0.3_nodelim_norole_nocot,"37,400 euros",,Obj,tp,
qwen3_14b,participants,lusa_33,ext_exp_temp0.3_nodelim_norole_nocot,newsrooms,,Org,tp,
qwen3_14b,participants,lusa_33,ext_exp_temp0.3_nodelim_norole_nocot,cockle,,Nat,tp,
qwen3_14b,participants,lusa_33,ext_exp_temp0.3_nodelim_norole_nocot,Matosinhos,,Pl_civil,tp,
qwen3_14b,participants,lusa_33,ext_exp_temp0.3_nodelim_norole_nocot,The GNR Coastal Control Unit,,Org,tp,
qwen3_14b,participants,lusa_33,ext_exp_temp0.3_nodelim_norole_nocot,that police force,,Org,tp,
qwen3_14b,participants,lusa_33,ext_exp_temp0.3_nodelim_norole_nocot,"37,500 euros",,Obj,tp,
qwen3_14b,participants,lusa_33,ext_exp_temp0.3_nodelim_norole_nocot,bivalve species,,Nat,tp,
qwen3_14b,participants,lusa_33,ext_exp_temp0.3_nodelim_norole_nocot,district of Viana do Castelo,,Pl_civil,tp,
qwen3_14b,participants,lusa_33,ext_exp_temp0.3_nodelim_norole_nocot,administrative offense report,,,fp,
qwen3_14b,participants,lusa_33,ext_exp_temp0.3_nodelim_norole_nocot,police force,,,fp,
qwen3_14b,participants,lusa_33,ext_exp_temp0.3_nodelim_norole_nocot,the offense,,,fp,
qwen3_14b,participants,lusa_33,ext_exp_temp0.3_nodelim_norole_nocot,GNR,,,fp,
qwen3_14b,participants,lusa_33,ext_exp_temp0.3_nodelim_norole_nocot,cockles,,,fp,
qwen3_14b,participants,lusa_33,ext_exp_temp0.3_nodelim_norole_nocot,a type of bivalve saltwater mollusk.,,,fp,
qwen3_14b,participants,lusa_33,ext_exp_temp0.3_nodelim_norole_nocot,Coastal Control Unit (UCC) of Matosinhos,,,fp,
qwen3_14b,participants,lusa_33,ext_exp_temp0.3_nodelim_norole_nocot,illegally captured cockles,,,fp,
qwen3_14b,participants,lusa_33,ext_exp_temp0.3_nodelim_norole_nocot,transport of fresh fish and bivalve molluscs,,,fp,
qwen3_14b,participants,lusa_33,ext_exp_temp0.3_nodelim_norole_nocot,cerastoderma edule,,,fp,
qwen3_14b,participants,lusa_33,ext_exp_temp0.3_nodelim_norole_nocot,a 50-year-old man,,,fp,
qwen3_14b,participants,lusa_33,ext_exp_temp0.3_nodelim_norole_nocot,specimens,,Nat,fn,
qwen3_14b,participants,lusa_33,ext_exp_temp0.3_nodelim_norole_nocot,"7,400 kilograms of cerastoderma edule",,Nat,fn,
qwen3_14b,participants,lusa_33,ext_exp_temp0.3_nodelim_norole_nocot,2.5 centimeters,,Other,fn,
qwen3_14b,participants,lusa_33,ext_exp_temp0.3_nodelim_norole_nocot,an estimated total value,,Other,fn,
qwen3_14b,participants,lusa_33,ext_exp_temp0.3_nodelim_norole_nocot,that a 50-year-old,,Per,fn,
qwen3_14b,participants,lusa_33,ext_exp_temp0.3_nodelim_norole_nocot,the Coastal Control Unit (UCC),,Org,fn,
qwen3_14b,participants,lusa_33,ext_exp_temp0.3_nodelim_norole_nocot,bivalve molluscs,,Nat,fn,
qwen3_14b,participants,lusa_33,ext_exp_temp0.3_nodelim_norole_nocot,the GNR,,Org,fn,
qwen3_14b,participants,lusa_33,ext_exp_temp0.3_nodelim_norole_nocot,immature cockles,,Nat,fn,
qwen3_14b,participants,lusa_33,ext_exp_temp0.3_nodelim_norole_nocot,UCC,,Org,fn,
qwen3_14b,participants,lusa_33,ext_exp_temp0.3_nodelim_norole_nocot,the legal measure,,Other,fn,
qwen3_14b,participants,lusa_33,ext_exp_temp0.3_nodelim_norole_nocot,The GNR,,Org,fn,
qwen3_14b,participants,lusa_33,ext_exp_temp0.3_nodelim_norole_nocot,statement,,Obj,fn,
qwen3_14b,participants,lusa_33,ext_exp_temp0.3_nodelim_norole_nocot,natural habitat,,Loc,fn,
qwen3_14b,participants,lusa_33,ext_exp_temp0.3_nodelim_norole_nocot,The seized merchandise,,Obj,fn,
qwen3_14b,participants,lusa_33,ext_exp_temp0.3_nodelim_norole_nocot,returned ,,Obj,fn,
qwen3_14b,participants,lusa_33,ext_exp_temp0.3_nodelim_norole_nocot,seven tons of illegally captured cockles,,Nat,fn,
qwen3_14b,participants,lusa_33,ext_exp_temp0.3_nodelim_norole_nocot,fresh fish,,Nat,fn,
qwen3_14b,participants,lusa_33,ext_exp_temp0.3_nodelim_norole_nocot,A heavy goods vehicle,,Obj,fn,
qwen3_14b,participants,lusa_33,ext_exp_temp0.3_nodelim_norole_nocot,a type of bivalve saltwater mollusk,,Nat,fn,
qwen3_14b,participants,lusa_33,ext_exp_temp0.3_nodelim_norole_nocot,maximum fine,,Other,fn,
qwen3_14b,participants,lusa_33,ext_exp_temp0.3_nodelim_norole_nocot,the Coastal Control Unit,,Org,fn,
qwen3_14b,participants,lusa_35,ext_exp_temp0.3_nodelim_norole_nocot,the military,,Per,tp,
qwen3_14b,participants,lusa_35,ext_exp_temp0.3_nodelim_norole_nocot,a scale,,Obj,tp,
qwen3_14b,participants,lusa_35,ext_exp_temp0.3_nodelim_norole_nocot,soldiers,,Per,tp,
qwen3_14b,participants,lusa_35,ext_exp_temp0.3_nodelim_norole_nocot,The GNR,,Org,tp,
qwen3_14b,participants,lusa_35,ext_exp_temp0.3_nodelim_norole_nocot,The detainee,,Per,tp,
qwen3_14b,participants,lusa_35,ext_exp_temp0.3_nodelim_norole_nocot,the security force,,Org,tp,
qwen3_14b,participants,lusa_35,ext_exp_temp0.3_nodelim_norole_nocot,a mill,,Obj,tp,
qwen3_14b,participants,lusa_35,ext_exp_temp0.3_nodelim_norole_nocot,Idanha-a-Nova,,Pl_civil,tp,
qwen3_14b,participants,lusa_35,ext_exp_temp0.3_nodelim_norole_nocot,The military,,Per,tp,
qwen3_14b,participants,lusa_35,ext_exp_temp0.3_nodelim_norole_nocot,the suspect,,Per,tp,
qwen3_14b,participants,lusa_35,ext_exp_temp0.3_nodelim_norole_nocot,a 52-year-old man,,Per,tp,
qwen3_14b,participants,lusa_35,ext_exp_temp0.3_nodelim_norole_nocot,26 cannabis plants,,Nat,tp,
qwen3_14b,participants,lusa_35,ext_exp_temp0.3_nodelim_norole_nocot,2.25 kilos of marijuana,,Obj,tp,
qwen3_14b,participants,lusa_35,ext_exp_temp0.3_nodelim_norole_nocot,Castelo Branco,,Pl_civil,tp,
qwen3_14b,participants,lusa_35,ext_exp_temp0.3_nodelim_norole_nocot,the 52-year-old man,,Per,tp,
qwen3_14b,participants,lusa_35,ext_exp_temp0.3_nodelim_norole_nocot,the note,,Obj,tp,
qwen3_14b,participants,lusa_35,ext_exp_temp0.3_nodelim_norole_nocot,six kilos of cannabis heads,,,fp,
qwen3_14b,participants,lusa_35,ext_exp_temp0.3_nodelim_norole_nocot,Criminal Investigation Center (NIC),,,fp,
qwen3_14b,participants,lusa_35,ext_exp_temp0.3_nodelim_norole_nocot,man,,,fp,
qwen3_14b,participants,lusa_35,ext_exp_temp0.3_nodelim_norole_nocot,GNR,,,fp,
qwen3_14b,participants,lusa_35,ext_exp_temp0.3_nodelim_norole_nocot,Castelo Branco Territorial Command,,,fp,
qwen3_14b,participants,lusa_35,ext_exp_temp0.3_nodelim_norole_nocot,Idanha-a-Nova Judicial Court,,,fp,
qwen3_14b,participants,lusa_35,ext_exp_temp0.3_nodelim_norole_nocot,GNR Territorial Post of Idanha-a-Nova,,,fp,
qwen3_14b,participants,lusa_35,ext_exp_temp0.3_nodelim_norole_nocot,the district of Castelo Branco,,Loc,fn,
qwen3_14b,participants,lusa_35,ext_exp_temp0.3_nodelim_norole_nocot,from the GNR Territorial Post of,,Org,fn,
qwen3_14b,participants,lusa_35,ext_exp_temp0.3_nodelim_norole_nocot,the Criminal Investigation Center (NIC),,Org,fn,
qwen3_14b,participants,lusa_35,ext_exp_temp0.3_nodelim_norole_nocot,the Idanha-a-Nova Judicial Court.,,Org,fn,
qwen3_14b,participants,lusa_35,ext_exp_temp0.3_nodelim_norole_nocot,"six kilos of cannabis heads, 2.25 kilos of marijuana",,Nat,fn,
qwen3_14b,participants,lusa_35,ext_exp_temp0.3_nodelim_norole_nocot,the GNR Territorial Post,,Org,fn,
qwen3_14b,participants,lusa_35,ext_exp_temp0.3_nodelim_norole_nocot,statement,,Obj,fn,
qwen3_14b,participants,lusa_35,ext_exp_temp0.3_nodelim_norole_nocot,cannabis,,Nat,fn,
qwen3_14b,participants,lusa_35,ext_exp_temp0.3_nodelim_norole_nocot,on agricultural land,,Loc,fn,
qwen3_14b,participants,lusa_35,ext_exp_temp0.3_nodelim_norole_nocot,the GNR,,Org,fn,
qwen3_14b,participants,lusa_35,ext_exp_temp0.3_nodelim_norole_nocot,cultivation,,Obj,fn,
qwen3_14b,participants,lusa_35,ext_exp_temp0.3_nodelim_norole_nocot,the Criminal Investigation Center (NIC) of Idanha-a-Nova,,Org,fn,
qwen3_14b,participants,lusa_35,ext_exp_temp0.3_nodelim_norole_nocot,the Castelo Branco Territorial Command,,Org,fn,
qwen3_14b,participants,lusa_35,ext_exp_temp0.3_nodelim_norole_nocot,Judicial Court.,,Org,fn,
qwen3_14b,participants,lusa_36,ext_exp_temp0.3_nodelim_norole_nocot,GNR,,Org,tp,
qwen3_14b,participants,lusa_36,ext_exp_temp0.3_nodelim_norole_nocot,nine illegal nurseries,,Nat,tp,
qwen3_14b,participants,lusa_36,ext_exp_temp0.3_nodelim_norole_nocot,the Guard's soldiers,,,fp,
qwen3_14b,participants,lusa_36,ext_exp_temp0.3_nodelim_norole_nocot,crustaceans,,,fp,
qwen3_14b,participants,lusa_36,ext_exp_temp0.3_nodelim_norole_nocot,military force,,,fp,
qwen3_14b,participants,lusa_36,ext_exp_temp0.3_nodelim_norole_nocot,GNR Coastal Control Unit (UCC),,,fp,
qwen3_14b,participants,lusa_36,ext_exp_temp0.3_nodelim_norole_nocot,Convention on International Trade in Endangered Species of Wild Fauna and Flora,,,fp,
qwen3_14b,participants,lusa_36,ext_exp_temp0.3_nodelim_norole_nocot,European eel,,,fp,
qwen3_14b,participants,lusa_36,ext_exp_temp0.3_nodelim_norole_nocot,fishponds,,,fp,
qwen3_14b,participants,lusa_36,ext_exp_temp0.3_nodelim_norole_nocot,illegal nurseries,,,fp,
qwen3_14b,participants,lusa_36,ext_exp_temp0.3_nodelim_norole_nocot,Aveiro estuary,,,fp,
qwen3_14b,participants,lusa_36,ext_exp_temp0.3_nodelim_norole_nocot,river patrol action,,,fp,
qwen3_14b,participants,lusa_36,ext_exp_temp0.3_nodelim_norole_nocot,20 kilos of European eel,,Nat,fn,
qwen3_14b,participants,lusa_36,ext_exp_temp0.3_nodelim_norole_nocot,Convention on International Trade in Endangered Species of Wild Fauna and Flora.,,Org,fn,
qwen3_14b,participants,lusa_36,ext_exp_temp0.3_nodelim_norole_nocot,an endangered species,,Nat,fn,
qwen3_14b,participants,lusa_36,ext_exp_temp0.3_nodelim_norole_nocot,205 kilos of crustaceans,,Nat,fn,
qwen3_14b,participants,lusa_36,ext_exp_temp0.3_nodelim_norole_nocot,"2,765 euros",,Obj,fn,
qwen3_14b,participants,lusa_36,ext_exp_temp0.3_nodelim_norole_nocot,the natural environment,,Nat,fn,
qwen3_14b,participants,lusa_36,ext_exp_temp0.3_nodelim_norole_nocot,the respective nurseries,,Nat,fn,
qwen3_14b,participants,lusa_36,ext_exp_temp0.3_nodelim_norole_nocot,that,,Nat,fn,
qwen3_14b,participants,lusa_36,ext_exp_temp0.3_nodelim_norole_nocot,the GNR,,Org,fn,
qwen3_14b,participants,lusa_36,ext_exp_temp0.3_nodelim_norole_nocot,various crustaceans,,Nat,fn,
qwen3_14b,participants,lusa_36,ext_exp_temp0.3_nodelim_norole_nocot,soldiers,,Per,fn,
qwen3_14b,participants,lusa_36,ext_exp_temp0.3_nodelim_norole_nocot,UCC,,Org,fn,
qwen3_14b,participants,lusa_36,ext_exp_temp0.3_nodelim_norole_nocot,clarifies that the,,Nat,fn,
qwen3_14b,participants,lusa_36,ext_exp_temp0.3_nodelim_norole_nocot,Guard,,Org,fn,
qwen3_14b,participants,lusa_36,ext_exp_temp0.3_nodelim_norole_nocot,European eels,,Nat,fn,
qwen3_14b,participants,lusa_36,ext_exp_temp0.3_nodelim_norole_nocot,that military force,,Org,fn,
qwen3_14b,participants,lusa_36,ext_exp_temp0.3_nodelim_norole_nocot,statement,,Obj,fn,
qwen3_14b,participants,lusa_36,ext_exp_temp0.3_nodelim_norole_nocot,the,,Pl_water,fn,
qwen3_14b,participants,lusa_36,ext_exp_temp0.3_nodelim_norole_nocot,The crustaceans,,Nat,fn,
qwen3_14b,participants,lusa_36,ext_exp_temp0.3_nodelim_norole_nocot,The GNR Coastal Control Unit,,Org,fn,
qwen3_14b,participants,lusa_36,ext_exp_temp0.3_nodelim_norole_nocot,fish,,Nat,fn,
qwen3_14b,participants,lusa_36,ext_exp_temp0.3_nodelim_norole_nocot,its,,Nat,fn,
qwen3_14b,participants,lusa_36,ext_exp_temp0.3_nodelim_norole_nocot,the same note,,Obj,fn,
qwen3_14b,participants,lusa_36,ext_exp_temp0.3_nodelim_norole_nocot,Aveiro,,Pl_civil,fn,
qwen3_14b,participants,lusa_36,ext_exp_temp0.3_nodelim_norole_nocot,the rules,,Other,fn,
qwen3_14b,participants,lusa_36,ext_exp_temp0.3_nodelim_norole_nocot,a maximum fine of 60 thousand euros,,Other,fn,
qwen3_14b,participants,lusa_36,ext_exp_temp0.3_nodelim_norole_nocot,type of crops,,Nat,fn,
qwen3_14b,participants,lusa_36,ext_exp_temp0.3_nodelim_norole_nocot,the Aveiro estuary,,Pl_water,fn,
qwen3_14b,participants,lusa_36,ext_exp_temp0.3_nodelim_norole_nocot,inland waters,,Pl_water,fn,
qwen3_14b,participants,lusa_37,ext_exp_temp0.3_nodelim_norole_nocot,the military,,Per,tp,
qwen3_14b,participants,lusa_37,ext_exp_temp0.3_nodelim_norole_nocot,Belmonte,,Pl_civil,tp,
qwen3_14b,participants,lusa_37,ext_exp_temp0.3_nodelim_norole_nocot,the GNR Territorial Command of Castelo Branco,,Org,tp,
qwen3_14b,participants,lusa_37,ext_exp_temp0.3_nodelim_norole_nocot,a 47-year-old man,,Per,tp,
qwen3_14b,participants,lusa_37,ext_exp_temp0.3_nodelim_norole_nocot,the suspect,,Per,tp,
qwen3_14b,participants,lusa_37,ext_exp_temp0.3_nodelim_norole_nocot,the Covilhã Judicial Court,,Org,tp,
qwen3_14b,participants,lusa_37,ext_exp_temp0.3_nodelim_norole_nocot,Lusa agency,,Org,tp,
qwen3_14b,participants,lusa_37,ext_exp_temp0.3_nodelim_norole_nocot,firearms,,Obj,tp,
qwen3_14b,participants,lusa_37,ext_exp_temp0.3_nodelim_norole_nocot,the municipality of Belmonte,,Loc,tp,
qwen3_14b,participants,lusa_37,ext_exp_temp0.3_nodelim_norole_nocot,The GNR,,Org,tp,
qwen3_14b,participants,lusa_37,ext_exp_temp0.3_nodelim_norole_nocot,weapons,,,fp,
qwen3_14b,participants,lusa_37,ext_exp_temp0.3_nodelim_norole_nocot,the note.,,,fp,
qwen3_14b,participants,lusa_37,ext_exp_temp0.3_nodelim_norole_nocot,domestic violence,,,fp,
qwen3_14b,participants,lusa_37,ext_exp_temp0.3_nodelim_norole_nocot,Caria posts,,,fp,
qwen3_14b,participants,lusa_37,ext_exp_temp0.3_nodelim_norole_nocot,his ex-partner,,,fp,
qwen3_14b,participants,lusa_37,ext_exp_temp0.3_nodelim_norole_nocot,the defendant,,,fp,
qwen3_14b,participants,lusa_37,ext_exp_temp0.3_nodelim_norole_nocot,the victim,,,fp,
qwen3_14b,participants,lusa_37,ext_exp_temp0.3_nodelim_norole_nocot,GNR,,,fp,
qwen3_14b,participants,lusa_37,ext_exp_temp0.3_nodelim_norole_nocot,aged 33,,,fp,
qwen3_14b,participants,lusa_37,ext_exp_temp0.3_nodelim_norole_nocot,firearm,,,fp,
qwen3_14b,participants,lusa_37,ext_exp_temp0.3_nodelim_norole_nocot,various ammunition of different calibers,,Obj,fn,
qwen3_14b,participants,lusa_37,ext_exp_temp0.3_nodelim_norole_nocot,posts,,Org,fn,
qwen3_14b,participants,lusa_37,ext_exp_temp0.3_nodelim_norole_nocot,ex-partner,,Per,fn,
qwen3_14b,participants,lusa_37,ext_exp_temp0.3_nodelim_norole_nocot,The suspect,,Per,fn,
qwen3_14b,participants,lusa_37,ext_exp_temp0.3_nodelim_norole_nocot,victim,,Per,fn,
qwen3_14b,participants,lusa_37,ext_exp_temp0.3_nodelim_norole_nocot,the GNR,,Org,fn,
qwen3_14b,participants,lusa_37,ext_exp_temp0.3_nodelim_norole_nocot,a compressed air,,Obj,fn,
qwen3_14b,participants,lusa_37,ext_exp_temp0.3_nodelim_norole_nocot,his,,Per,fn,
qwen3_14b,participants,lusa_37,ext_exp_temp0.3_nodelim_norole_nocot,Castelo Branco,,Pl_civil,fn,
qwen3_14b,participants,lusa_37,ext_exp_temp0.3_nodelim_norole_nocot,statement,,Obj,fn,
qwen3_14b,participants,lusa_37,ext_exp_temp0.3_nodelim_norole_nocot,"ex-partner, aged 33",,Per,fn,
qwen3_14b,participants,lusa_37,ext_exp_temp0.3_nodelim_norole_nocot,a spring-loaded knife,,Per,fn,
qwen3_14b,participants,lusa_37,ext_exp_temp0.3_nodelim_norole_nocot,alcohol,,Other,fn,
qwen3_14b,participants,lusa_37,ext_exp_temp0.3_nodelim_norole_nocot,three compressed air rifles,,Obj,fn,
qwen3_14b,participants,lusa_37,ext_exp_temp0.3_nodelim_norole_nocot,Covilhã,,Pl_civil,fn,
qwen3_14b,participants,lusa_37,ext_exp_temp0.3_nodelim_norole_nocot,a shotgun,,Obj,fn,
qwen3_14b,participants,lusa_37,ext_exp_temp0.3_nodelim_norole_nocot,a firearm,,Obj,fn,
qwen3_14b,participants,lusa_37,ext_exp_temp0.3_nodelim_norole_nocot,the GNR Territorial Command,,Org,fn,
qwen3_14b,participants,lusa_37,ext_exp_temp0.3_nodelim_norole_nocot,Caria,,Pl_civil,fn,
qwen3_14b,participants,lusa_37,ext_exp_temp0.3_nodelim_norole_nocot,a reproduction firearm,,Obj,fn,
qwen3_14b,participants,lusa_37,ext_exp_temp0.3_nodelim_norole_nocot,the note,,Obj,fn,
qwen3_14b,participants,lusa_39,ext_exp_temp0.3_nodelim_norole_nocot,the cash register,,Obj,tp,
qwen3_14b,participants,lusa_39,ext_exp_temp0.3_nodelim_norole_nocot,the other,,Per,tp,
qwen3_14b,participants,lusa_39,ext_exp_temp0.3_nodelim_norole_nocot,district of Aveiro,,Loc,tp,
qwen3_14b,participants,lusa_39,ext_exp_temp0.3_nodelim_norole_nocot,the man,,Per,tp,
qwen3_14b,participants,lusa_39,ext_exp_temp0.3_nodelim_norole_nocot,those involved,,Per,tp,
qwen3_14b,participants,lusa_39,ext_exp_temp0.3_nodelim_norole_nocot,the municipality of Santa Maria da Feira,,Pl_civil,tp,
qwen3_14b,participants,lusa_39,ext_exp_temp0.3_nodelim_norole_nocot,GNR,,Org,tp,
qwen3_14b,participants,lusa_39,ext_exp_temp0.3_nodelim_norole_nocot,Milheirós de Poiares,,Loc,tp,
qwen3_14b,participants,lusa_39,ext_exp_temp0.3_nodelim_norole_nocot,Two men,,Per,tp,
qwen3_14b,participants,lusa_39,ext_exp_temp0.3_nodelim_norole_nocot,that police force,,Org,tp,
qwen3_14b,participants,lusa_39,ext_exp_temp0.3_nodelim_norole_nocot,the source,,Per,tp,
qwen3_14b,participants,lusa_39,ext_exp_temp0.3_nodelim_norole_nocot,Santa Maria da Feria,,Loc,tp,
qwen3_14b,participants,lusa_39,ext_exp_temp0.3_nodelim_norole_nocot,the territorial device of the GNR,,,fp,
qwen3_14b,participants,lusa_39,ext_exp_temp0.3_nodelim_norole_nocot,They,,,fp,
qwen3_14b,participants,lusa_39,ext_exp_temp0.3_nodelim_norole_nocot,Feira confectionery,,,fp,
qwen3_14b,participants,lusa_39,ext_exp_temp0.3_nodelim_norole_nocot,cash register,,,fp,
qwen3_14b,participants,lusa_39,ext_exp_temp0.3_nodelim_norole_nocot,the authorities,,,fp,
qwen3_14b,participants,lusa_39,ext_exp_temp0.3_nodelim_norole_nocot,confectionery shop,,,fp,
qwen3_14b,participants,lusa_39,ext_exp_temp0.3_nodelim_norole_nocot,Intervention Detachment of that police force,,,fp,
qwen3_14b,participants,lusa_39,ext_exp_temp0.3_nodelim_norole_nocot,an official GNR source,,,fp,
qwen3_14b,participants,lusa_39,ext_exp_temp0.3_nodelim_norole_nocot,a confectionery shop,,,fp,
qwen3_14b,participants,lusa_39,ext_exp_temp0.3_nodelim_norole_nocot,One of the robbers,,,fp,
qwen3_14b,participants,lusa_39,ext_exp_temp0.3_nodelim_norole_nocot,2:30 pm,,,fp,
qwen3_14b,participants,lusa_39,ext_exp_temp0.3_nodelim_norole_nocot,one of the two involved,,,fp,
qwen3_14b,participants,lusa_39,ext_exp_temp0.3_nodelim_norole_nocot,amount of money,,,fp,
qwen3_14b,participants,lusa_39,ext_exp_temp0.3_nodelim_norole_nocot,confectionery,,Org,fn,
qwen3_14b,participants,lusa_39,ext_exp_temp0.3_nodelim_norole_nocot,a confectionery,,Org,fn,
qwen3_14b,participants,lusa_39,ext_exp_temp0.3_nodelim_norole_nocot,faces,,Other,fn,
qwen3_14b,participants,lusa_39,ext_exp_temp0.3_nodelim_norole_nocot,an amount of money,,Other,fn,
qwen3_14b,participants,lusa_39,ext_exp_temp0.3_nodelim_norole_nocot,One,,Per,fn,
qwen3_14b,participants,lusa_39,ext_exp_temp0.3_nodelim_norole_nocot,robbers,,Per,fn,
qwen3_14b,participants,lusa_39,ext_exp_temp0.3_nodelim_norole_nocot,authorities,,Org,fn,
qwen3_14b,participants,lusa_39,ext_exp_temp0.3_nodelim_norole_nocot,one,,Per,fn,
qwen3_14b,participants,lusa_39,ext_exp_temp0.3_nodelim_norole_nocot,two involved,,Per,fn,
qwen3_14b,participants,lusa_39,ext_exp_temp0.3_nodelim_norole_nocot,the Intervention Detachment,,Org,fn,
qwen3_14b,participants,lusa_39,ext_exp_temp0.3_nodelim_norole_nocot,the GNR,,Org,fn,
qwen3_14b,participants,lusa_39,ext_exp_temp0.3_nodelim_norole_nocot,official GNR source,,Per,fn,
qwen3_14b,participants,lusa_39,ext_exp_temp0.3_nodelim_norole_nocot,resources,,Other,fn,
qwen3_14b,participants,lusa_39,ext_exp_temp0.3_nodelim_norole_nocot,the territorial device,,Org,fn,
qwen3_14b,participants,lusa_40,ext_exp_temp0.3_nodelim_norole_nocot,The GNR soldiers,,Per,tp,
qwen3_14b,participants,lusa_40,ext_exp_temp0.3_nodelim_norole_nocot,the Algarve,,Loc,tp,
qwen3_14b,participants,lusa_40,ext_exp_temp0.3_nodelim_norole_nocot,the Guadiana River,,Pl_water,tp,
qwen3_14b,participants,lusa_40,ext_exp_temp0.3_nodelim_norole_nocot,"Integrated Surveillance, Command and Control System (SIVICC)",,Org,tp,
qwen3_14b,participants,lusa_40,ext_exp_temp0.3_nodelim_norole_nocot,Spanish territory,,Pl_region,tp,
qwen3_14b,participants,lusa_40,ext_exp_temp0.3_nodelim_norole_nocot,GNR,,Org,tp,
qwen3_14b,participants,lusa_40,ext_exp_temp0.3_nodelim_norole_nocot,Foz de Odeleite,,Loc,tp,
qwen3_14b,participants,lusa_40,ext_exp_temp0.3_nodelim_norole_nocot,the suspects,,Per,tp,
qwen3_14b,participants,lusa_40,ext_exp_temp0.3_nodelim_norole_nocot,the vessel,,Obj,tp,
qwen3_14b,participants,lusa_40,ext_exp_temp0.3_nodelim_norole_nocot,the note,,Obj,tp,
qwen3_14b,participants,lusa_40,ext_exp_temp0.3_nodelim_norole_nocot,The Coastal Control Unit,,Org,tp,
qwen3_14b,participants,lusa_40,ext_exp_temp0.3_nodelim_norole_nocot,a high-speed vessel,,Obj,tp,
qwen3_14b,participants,lusa_40,ext_exp_temp0.3_nodelim_norole_nocot,four tons of hashish,,Obj,tp,
qwen3_14b,participants,lusa_40,ext_exp_temp0.3_nodelim_norole_nocot,high-speed vessel,,,fp,
qwen3_14b,participants,lusa_40,ext_exp_temp0.3_nodelim_norole_nocot,mouth of the Guadiana River,,,fp,
qwen3_14b,participants,lusa_40,ext_exp_temp0.3_nodelim_norole_nocot,hashish,,,fp,
qwen3_14b,participants,lusa_40,ext_exp_temp0.3_nodelim_norole_nocot,PJ,,,fp,
qwen3_14b,participants,lusa_40,ext_exp_temp0.3_nodelim_norole_nocot,The Judiciary Police,,,fp,
qwen3_14b,participants,lusa_40,ext_exp_temp0.3_nodelim_norole_nocot,115 bales of hashish,,,fp,
qwen3_14b,participants,lusa_40,ext_exp_temp0.3_nodelim_norole_nocot,the GNR.,,,fp,
qwen3_14b,participants,lusa_40,ext_exp_temp0.3_nodelim_norole_nocot,Guadiana River,,,fp,
qwen3_14b,participants,lusa_40,ext_exp_temp0.3_nodelim_norole_nocot,Spanish police authorities,,,fp,
qwen3_14b,participants,lusa_40,ext_exp_temp0.3_nodelim_norole_nocot,coastal,,Nat,fn,
qwen3_14b,participants,lusa_40,ext_exp_temp0.3_nodelim_norole_nocot,the mouth of the Guadiana River,,Pl_water,fn,
qwen3_14b,participants,lusa_40,ext_exp_temp0.3_nodelim_norole_nocot,statement,,Obj,fn,
qwen3_14b,participants,lusa_40,ext_exp_temp0.3_nodelim_norole_nocot,Judiciary Police (PJ),,Org,fn,
qwen3_14b,participants,lusa_40,ext_exp_temp0.3_nodelim_norole_nocot,the GNR,,Org,fn,
qwen3_14b,participants,lusa_40,ext_exp_temp0.3_nodelim_norole_nocot,"115 bales of hashish weighing 3,785 kilos",,Obj,fn,
qwen3_14b,participants,lusa_40,ext_exp_temp0.3_nodelim_norole_nocot,hashish and a high-speed,,Obj,fn,
qwen3_14b,participants,lusa_40,ext_exp_temp0.3_nodelim_norole_nocot,the Spanish police authorities,,Org,fn,
qwen3_14b,participants,lusa_41,ext_exp_temp0.3_nodelim_norole_nocot,Maia,,Pl_civil,tp,
qwen3_14b,participants,lusa_41,ext_exp_temp0.3_nodelim_norole_nocot,the victim,,Per,tp,
qwen3_14b,participants,lusa_41,ext_exp_temp0.3_nodelim_norole_nocot,the aggressor,,Per,tp,
qwen3_14b,participants,lusa_41,ext_exp_temp0.3_nodelim_norole_nocot,prison,,Loc,tp,
qwen3_14b,participants,lusa_41,ext_exp_temp0.3_nodelim_norole_nocot,The detainee,,Per,tp,
qwen3_14b,participants,lusa_41,ext_exp_temp0.3_nodelim_norole_nocot,GNR,,Org,tp,
qwen3_14b,participants,lusa_41,ext_exp_temp0.3_nodelim_norole_nocot,The GNR,,Org,tp,
qwen3_14b,participants,lusa_41,ext_exp_temp0.3_nodelim_norole_nocot,the GNR,,Org,tp,
qwen3_14b,participants,lusa_41,ext_exp_temp0.3_nodelim_norole_nocot,GNR soldiers,,,fp,
qwen3_14b,participants,lusa_41,ext_exp_temp0.3_nodelim_norole_nocot,district of Porto,,,fp,
qwen3_14b,participants,lusa_41,ext_exp_temp0.3_nodelim_norole_nocot,municipality of Maia,,,fp,
qwen3_14b,participants,lusa_41,ext_exp_temp0.3_nodelim_norole_nocot,59-year-old man,,,fp,
qwen3_14b,participants,lusa_41,ext_exp_temp0.3_nodelim_norole_nocot,his father,,,fp,
qwen3_14b,participants,lusa_41,ext_exp_temp0.3_nodelim_norole_nocot,Maia Territorial Post,,,fp,
qwen3_14b,participants,lusa_41,ext_exp_temp0.3_nodelim_norole_nocot,a 59-year-old man,,,fp,
qwen3_14b,participants,lusa_41,ext_exp_temp0.3_nodelim_norole_nocot,his 89-year-old father,,,fp,
qwen3_14b,participants,lusa_41,ext_exp_temp0.3_nodelim_norole_nocot,Matosinhos Criminal Instruction Court,,,fp,
qwen3_14b,participants,lusa_41,ext_exp_temp0.3_nodelim_norole_nocot,the elderly person,,,fp,
qwen3_14b,participants,lusa_41,ext_exp_temp0.3_nodelim_norole_nocot,the municipality of Maia,,Loc,fn,
qwen3_14b,participants,lusa_41,ext_exp_temp0.3_nodelim_norole_nocot,the district,,Pl_region,fn,
qwen3_14b,participants,lusa_41,ext_exp_temp0.3_nodelim_norole_nocot,money,,Obj,fn,
qwen3_14b,participants,lusa_41,ext_exp_temp0.3_nodelim_norole_nocot,of a 59-year-old,,Per,fn,
qwen3_14b,participants,lusa_41,ext_exp_temp0.3_nodelim_norole_nocot,soldiers,,Per,fn,
qwen3_14b,participants,lusa_41,ext_exp_temp0.3_nodelim_norole_nocot,the Matosinhos Criminal Instruction Court,,Org,fn,
qwen3_14b,participants,lusa_41,ext_exp_temp0.3_nodelim_norole_nocot,"89-year-old father ,",,Per,fn,
qwen3_14b,participants,lusa_41,ext_exp_temp0.3_nodelim_norole_nocot,"89-year-old father,",,Per,fn,
qwen3_14b,participants,lusa_41,ext_exp_temp0.3_nodelim_norole_nocot,his,,Per,fn,
qwen3_14b,participants,lusa_41,ext_exp_temp0.3_nodelim_norole_nocot,statement,,Obj,fn,
qwen3_14b,participants,lusa_41,ext_exp_temp0.3_nodelim_norole_nocot,insulted,,Obj,fn,
qwen3_14b,participants,lusa_41,ext_exp_temp0.3_nodelim_norole_nocot,the,,Pl_civil,fn,
qwen3_14b,participants,lusa_41,ext_exp_temp0.3_nodelim_norole_nocot,Matosinhos,,Pl_civil,fn,
qwen3_14b,participants,lusa_41,ext_exp_temp0.3_nodelim_norole_nocot,measures,,Other,fn,
qwen3_14b,participants,lusa_41,ext_exp_temp0.3_nodelim_norole_nocot,the Maia Territorial Post,,Org,fn,
qwen3_14b,participants,lusa_41,ext_exp_temp0.3_nodelim_norole_nocot,him,,Per,fn,
qwen3_14b,participants,lusa_41,ext_exp_temp0.3_nodelim_norole_nocot,Criminal Instruction Court,,Org,fn,
qwen3_14b,participants,lusa_41,ext_exp_temp0.3_nodelim_norole_nocot,the district of Porto,,Loc,fn,
qwen3_14b,participants,lusa_41,ext_exp_temp0.3_nodelim_norole_nocot,elderly,,Per,fn,
qwen3_14b,participants,lusa_41,ext_exp_temp0.3_nodelim_norole_nocot,for ,,Per,fn,
qwen3_14b,participants,lusa_42,ext_exp_temp0.3_nodelim_norole_nocot,Vila Real,,Pl_civil,tp,
qwen3_14b,participants,lusa_42,ext_exp_temp0.3_nodelim_norole_nocot,Sabroso,,Pl_civil,tp,
qwen3_14b,participants,lusa_42,ext_exp_temp0.3_nodelim_norole_nocot,the 81-year-old woman,,Per,tp,
qwen3_14b,participants,lusa_42,ext_exp_temp0.3_nodelim_norole_nocot,the woman,,Per,tp,
qwen3_14b,participants,lusa_42,ext_exp_temp0.3_nodelim_norole_nocot,the elderly woman,,,fp,
qwen3_14b,participants,lusa_42,ext_exp_temp0.3_nodelim_norole_nocot,village of Vila Real,,,fp,
qwen3_14b,participants,lusa_42,ext_exp_temp0.3_nodelim_norole_nocot,Vila Real unit,,,fp,
qwen3_14b,participants,lusa_42,ext_exp_temp0.3_nodelim_norole_nocot,members of the GNR,,,fp,
qwen3_14b,participants,lusa_42,ext_exp_temp0.3_nodelim_norole_nocot,firefighters,,,fp,
qwen3_14b,participants,lusa_42,ext_exp_temp0.3_nodelim_norole_nocot,the municipality of Vila Real,,,fp,
qwen3_14b,participants,lusa_42,ext_exp_temp0.3_nodelim_norole_nocot,family member,,,fp,
qwen3_14b,participants,lusa_42,ext_exp_temp0.3_nodelim_norole_nocot,octogenarian,,,fp,
qwen3_14b,participants,lusa_42,ext_exp_temp0.3_nodelim_norole_nocot,GNR,,,fp,
qwen3_14b,participants,lusa_42,ext_exp_temp0.3_nodelim_norole_nocot,Trás-os-Montes and Alto Douro Hospital Center,,,fp,
qwen3_14b,participants,lusa_42,ext_exp_temp0.3_nodelim_norole_nocot,GNR's Emergency Protection and Relief Unit (UEPS),,,fp,
qwen3_14b,participants,lusa_42,ext_exp_temp0.3_nodelim_norole_nocot,dog,,,fp,
qwen3_14b,participants,lusa_42,ext_exp_temp0.3_nodelim_norole_nocot,a source,,,fp,
qwen3_14b,participants,lusa_42,ext_exp_temp0.3_nodelim_norole_nocot,an elderly woman,,,fp,
qwen3_14b,participants,lusa_42,ext_exp_temp0.3_nodelim_norole_nocot,GNR dog team,,,fp,
qwen3_14b,participants,lusa_42,ext_exp_temp0.3_nodelim_norole_nocot,a family member,,Per,fn,
qwen3_14b,participants,lusa_42,ext_exp_temp0.3_nodelim_norole_nocot,Emergency Protection and Relief Unit (UEPS),,Org,fn,
qwen3_14b,participants,lusa_42,ext_exp_temp0.3_nodelim_norole_nocot,the Vila Real unit,,Org,fn,
qwen3_14b,participants,lusa_42,ext_exp_temp0.3_nodelim_norole_nocot,that,,Per,fn,
qwen3_14b,participants,lusa_42,ext_exp_temp0.3_nodelim_norole_nocot,the GNR,,Org,fn,
qwen3_14b,participants,lusa_42,ext_exp_temp0.3_nodelim_norole_nocot,a dog,,Nat,fn,
qwen3_14b,participants,lusa_42,ext_exp_temp0.3_nodelim_norole_nocot,that police force,,Org,fn,
qwen3_14b,participants,lusa_42,ext_exp_temp0.3_nodelim_norole_nocot,the elderly,,Per,fn,
qwen3_14b,participants,lusa_42,ext_exp_temp0.3_nodelim_norole_nocot,members,,Per,fn,
qwen3_14b,participants,lusa_42,ext_exp_temp0.3_nodelim_norole_nocot,The octogenarian,,Per,fn,
qwen3_14b,participants,lusa_42,ext_exp_temp0.3_nodelim_norole_nocot,Trás-os-Montes and Alto Douro,,Pl_region,fn,
qwen3_14b,participants,lusa_42,ext_exp_temp0.3_nodelim_norole_nocot,The ,,Org,fn,
qwen3_14b,participants,lusa_42,ext_exp_temp0.3_nodelim_norole_nocot,municipality of Vila Real,,Pl_civil,fn,
qwen3_14b,participants,lusa_42,ext_exp_temp0.3_nodelim_norole_nocot,the National Emergency and Civil Protection Authority,,Org,fn,
qwen3_14b,participants,lusa_42,ext_exp_temp0.3_nodelim_norole_nocot,website,,Other,fn,
qwen3_14b,participants,lusa_42,ext_exp_temp0.3_nodelim_norole_nocot,Hospital Center,,Org,fn,
qwen3_14b,participants,lusa_42,ext_exp_temp0.3_nodelim_norole_nocot,the Vila Real unit of the Trás-os-Montes and Alto Douro,,Org,fn,
qwen3_14b,participants,lusa_42,ext_exp_temp0.3_nodelim_norole_nocot,source,,Per,fn,
qwen3_14b,participants,lusa_42,ext_exp_temp0.3_nodelim_norole_nocot,nine vehicles,,Obj,fn,
qwen3_14b,participants,lusa_42,ext_exp_temp0.3_nodelim_norole_nocot,Trás,,Per,fn,
qwen3_14b,participants,lusa_42,ext_exp_temp0.3_nodelim_norole_nocot,residence,,Loc,fn,
qwen3_14b,participants,lusa_42,ext_exp_temp0.3_nodelim_norole_nocot,National,,Per,fn,
qwen3_14b,participants,lusa_42,ext_exp_temp0.3_nodelim_norole_nocot,the website,,Other,fn,
qwen3_14b,participants,lusa_43,ext_exp_temp0.3_nodelim_norole_nocot,Gondomar,,Pl_civil,tp,
qwen3_14b,participants,lusa_43,ext_exp_temp0.3_nodelim_norole_nocot,the military,,Per,tp,
qwen3_14b,participants,lusa_43,ext_exp_temp0.3_nodelim_norole_nocot,two bladed weapons,,Obj,tp,
qwen3_14b,participants,lusa_43,ext_exp_temp0.3_nodelim_norole_nocot,his 73-year-old mother,,Per,tp,
qwen3_14b,participants,lusa_43,ext_exp_temp0.3_nodelim_norole_nocot,The suspect,,Per,tp,
qwen3_14b,participants,lusa_43,ext_exp_temp0.3_nodelim_norole_nocot,the suspect,,Per,tp,
qwen3_14b,participants,lusa_43,ext_exp_temp0.3_nodelim_norole_nocot,A 50-year-old man,,Per,tp,
qwen3_14b,participants,lusa_43,ext_exp_temp0.3_nodelim_norole_nocot,this police force,,Org,tp,
qwen3_14b,participants,lusa_43,ext_exp_temp0.3_nodelim_norole_nocot,the GNR,,Org,tp,
qwen3_14b,participants,lusa_43,ext_exp_temp0.3_nodelim_norole_nocot,sharp weapons,,,fp,
qwen3_14b,participants,lusa_43,ext_exp_temp0.3_nodelim_norole_nocot,Porto Judicial Court,,,fp,
qwen3_14b,participants,lusa_43,ext_exp_temp0.3_nodelim_norole_nocot,GNR,,,fp,
qwen3_14b,participants,lusa_43,ext_exp_temp0.3_nodelim_norole_nocot,the Porto district,,,fp,
qwen3_14b,participants,lusa_43,ext_exp_temp0.3_nodelim_norole_nocot,man,,,fp,
qwen3_14b,participants,lusa_43,ext_exp_temp0.3_nodelim_norole_nocot,the mother,,,fp,
qwen3_14b,participants,lusa_43,ext_exp_temp0.3_nodelim_norole_nocot,the ,,Obj,fn,
qwen3_14b,participants,lusa_43,ext_exp_temp0.3_nodelim_norole_nocot,place,,Pl_civil,fn,
qwen3_14b,participants,lusa_43,ext_exp_temp0.3_nodelim_norole_nocot,the Porto Judicial Court,,Org,fn,
qwen3_14b,participants,lusa_43,ext_exp_temp0.3_nodelim_norole_nocot,the Porto,,Pl_civil,fn,
qwen3_14b,participants,lusa_43,ext_exp_temp0.3_nodelim_norole_nocot,mother,,Per,fn,
qwen3_14b,participants,lusa_43,ext_exp_temp0.3_nodelim_norole_nocot,Judicial Court,,Org,fn,
qwen3_14b,participants,lusa_43,ext_exp_temp0.3_nodelim_norole_nocot,Porto district,,Pl_civil,fn,
qwen3_14b,participants,lusa_43,ext_exp_temp0.3_nodelim_norole_nocot,statement,,Obj,fn,
qwen3_14b,participants,lusa_44,ext_exp_temp0.3_nodelim_norole_nocot,livestock effluents,,Nat,tp,
qwen3_14b,participants,lusa_44,ext_exp_temp0.3_nodelim_norole_nocot,The GNR Territorial Command,,Org,tp,
qwen3_14b,participants,lusa_44,ext_exp_temp0.3_nodelim_norole_nocot,the parish of Bidoeira de Cima,,Loc,tp,
qwen3_14b,participants,lusa_44,ext_exp_temp0.3_nodelim_norole_nocot,Leiria,,Org,tp,
qwen3_14b,participants,lusa_44,ext_exp_temp0.3_nodelim_norole_nocot,the municipality of Leiria,,Loc,tp,
qwen3_14b,participants,lusa_44,ext_exp_temp0.3_nodelim_norole_nocot,pig effluents,,Nat,tp,
qwen3_14b,participants,lusa_44,ext_exp_temp0.3_nodelim_norole_nocot,a press release,,Obj,tp,
qwen3_14b,participants,lusa_44,ext_exp_temp0.3_nodelim_norole_nocot,the soil,,Nat,tp,
qwen3_14b,participants,lusa_44,ext_exp_temp0.3_nodelim_norole_nocot,The GNR of Leiria,,Org,tp,
qwen3_14b,participants,lusa_44,ext_exp_temp0.3_nodelim_norole_nocot,GNR soldiers,,,fp,
qwen3_14b,participants,lusa_44,ext_exp_temp0.3_nodelim_norole_nocot,agricultural holding,,,fp,
qwen3_14b,participants,lusa_44,ext_exp_temp0.3_nodelim_norole_nocot,GNR of Leiria,,,fp,
qwen3_14b,participants,lusa_44,ext_exp_temp0.3_nodelim_norole_nocot,illegal discharge of pig effluents,,,fp,
qwen3_14b,participants,lusa_44,ext_exp_temp0.3_nodelim_norole_nocot,livestock effluent storage lagoon,,,fp,
qwen3_14b,participants,lusa_44,ext_exp_temp0.3_nodelim_norole_nocot,Leiria Environmental Protection Center,,,fp,
qwen3_14b,participants,lusa_44,ext_exp_temp0.3_nodelim_norole_nocot,Bidoeira de Cima,,,fp,
qwen3_14b,participants,lusa_44,ext_exp_temp0.3_nodelim_norole_nocot,patrolling action,,,fp,
qwen3_14b,participants,lusa_44,ext_exp_temp0.3_nodelim_norole_nocot,an agricultural holding,,Org,fn,
qwen3_14b,participants,lusa_44,ext_exp_temp0.3_nodelim_norole_nocot,a fine of a maximum value of 144 thousand euros,,Other,fn,
qwen3_14b,participants,lusa_44,ext_exp_temp0.3_nodelim_norole_nocot,the,,Org,fn,
qwen3_14b,participants,lusa_44,ext_exp_temp0.3_nodelim_norole_nocot,livestock effluent,,Nat,fn,
qwen3_14b,participants,lusa_44,ext_exp_temp0.3_nodelim_norole_nocot,soldiers,,Per,fn,
qwen3_14b,participants,lusa_44,ext_exp_temp0.3_nodelim_norole_nocot,soldiers ,,Nat,fn,
qwen3_14b,participants,lusa_44,ext_exp_temp0.3_nodelim_norole_nocot,a livestock effluent storage lagoon,,Nat,fn,
qwen3_14b,participants,lusa_44,ext_exp_temp0.3_nodelim_norole_nocot,mechanism,,Other,fn,
qwen3_14b,participants,lusa_44,ext_exp_temp0.3_nodelim_norole_nocot,the note,,Obj,fn,
qwen3_14b,participants,lusa_44,ext_exp_temp0.3_nodelim_norole_nocot,Environmental Protection Center,,Org,fn,
qwen3_14b,participants,lusa_44,ext_exp_temp0.3_nodelim_norole_nocot,The GNR,,Org,fn,
qwen3_14b,participants,lusa_44,ext_exp_temp0.3_nodelim_norole_nocot,the ground,,Nat,fn,
qwen3_14b,participants,lusa_44,ext_exp_temp0.3_nodelim_norole_nocot,the point,,Other,fn,
qwen3_14b,participants,lusa_44,ext_exp_temp0.3_nodelim_norole_nocot,the Leiria Environmental Protection Center,,Org,fn,
qwen3_14b,participants,lusa_45,ext_exp_temp0.3_nodelim_norole_nocot,Luanda,,Pl_capital,tp,
qwen3_14b,participants,lusa_45,ext_exp_temp0.3_nodelim_norole_nocot,Veríssimo Pandamari,,Per,tp,
qwen3_14b,participants,lusa_45,ext_exp_temp0.3_nodelim_norole_nocot,two alleged traffickers,,Per,tp,
qwen3_14b,participants,lusa_45,ext_exp_temp0.3_nodelim_norole_nocot,Angop,,,fp,
qwen3_14b,participants,lusa_45,ext_exp_temp0.3_nodelim_norole_nocot,the children,,,fp,
qwen3_14b,participants,lusa_45,ext_exp_temp0.3_nodelim_norole_nocot,"operation called ""Kudissanga""",,,fp,
qwen3_14b,participants,lusa_45,ext_exp_temp0.3_nodelim_norole_nocot,Angolan news agency,,,fp,
qwen3_14b,participants,lusa_45,ext_exp_temp0.3_nodelim_norole_nocot,SIC spokesperson,,,fp,
qwen3_14b,participants,lusa_45,ext_exp_temp0.3_nodelim_norole_nocot,members of the public,,,fp,
qwen3_14b,participants,lusa_45,ext_exp_temp0.3_nodelim_norole_nocot,Angola,,,fp,
qwen3_14b,participants,lusa_45,ext_exp_temp0.3_nodelim_norole_nocot,the men,,,fp,
qwen3_14b,participants,lusa_45,ext_exp_temp0.3_nodelim_norole_nocot,Congolese minors,,,fp,
qwen3_14b,participants,lusa_45,ext_exp_temp0.3_nodelim_norole_nocot,Angolan police authorities,,,fp,
qwen3_14b,participants,lusa_45,ext_exp_temp0.3_nodelim_norole_nocot,SIC,,,fp,
qwen3_14b,participants,lusa_45,ext_exp_temp0.3_nodelim_norole_nocot,"the children, aged 9 and 12",,Per,fn,
qwen3_14b,participants,lusa_45,ext_exp_temp0.3_nodelim_norole_nocot,the SIC,,Org,fn,
qwen3_14b,participants,lusa_45,ext_exp_temp0.3_nodelim_norole_nocot,capital of Angola,,Pl_capital,fn,
qwen3_14b,participants,lusa_45,ext_exp_temp0.3_nodelim_norole_nocot,that,,Other,fn,
qwen3_14b,participants,lusa_45,ext_exp_temp0.3_nodelim_norole_nocot,Angolan province of Lunda Norte,,Pl_civil,fn,
qwen3_14b,participants,lusa_45,ext_exp_temp0.3_nodelim_norole_nocot,these minors,,Per,fn,
qwen3_14b,participants,lusa_45,ext_exp_temp0.3_nodelim_norole_nocot,men,,Per,fn,
qwen3_14b,participants,lusa_45,ext_exp_temp0.3_nodelim_norole_nocot,Lunda Norte,,Pl_civil,fn,
qwen3_14b,participants,lusa_45,ext_exp_temp0.3_nodelim_norole_nocot,for their,,Per,fn,
qwen3_14b,participants,lusa_45,ext_exp_temp0.3_nodelim_norole_nocot,the minors,,Per,fn,
qwen3_14b,participants,lusa_45,ext_exp_temp0.3_nodelim_norole_nocot,the SIC spokesperson,,Per,fn,
qwen3_14b,participants,lusa_45,ext_exp_temp0.3_nodelim_norole_nocot,"Angolan news agency, Angop",,Org,fn,
qwen3_14b,participants,lusa_45,ext_exp_temp0.3_nodelim_norole_nocot,the Democratic Republic of Congo (RDCongo),,Pl_country,fn,
qwen3_14b,participants,lusa_45,ext_exp_temp0.3_nodelim_norole_nocot,public,,Per,fn,
qwen3_14b,participants,lusa_45,ext_exp_temp0.3_nodelim_norole_nocot,The Criminal Investigation Service (SIC),,Org,fn,
qwen3_14b,participants,lusa_45,ext_exp_temp0.3_nodelim_norole_nocot,three children,,Per,fn,
qwen3_14b,participants,lusa_45,ext_exp_temp0.3_nodelim_norole_nocot,Angolan authorities,,Org,fn,
qwen3_14b,participants,lusa_45,ext_exp_temp0.3_nodelim_norole_nocot,Kudissanga,,Other,fn,
qwen3_14b,participants,lusa_45,ext_exp_temp0.3_nodelim_norole_nocot,the city of Dundo,,Pl_civil,fn,
qwen3_14b,participants,lusa_46,ext_exp_temp0.3_nodelim_norole_nocot,Braga,,Pl_civil,tp,
qwen3_14b,participants,lusa_46,ext_exp_temp0.3_nodelim_norole_nocot,The Public Ministry (MP),,Org,tp,
qwen3_14b,participants,lusa_46,ext_exp_temp0.3_nodelim_norole_nocot,the defendant,,Per,tp,
qwen3_14b,participants,lusa_46,ext_exp_temp0.3_nodelim_norole_nocot,The Public Prosecutor's Office,,Org,tp,
qwen3_14b,participants,lusa_46,ext_exp_temp0.3_nodelim_norole_nocot,a GNR soldier,,Per,tp,
qwen3_14b,participants,lusa_46,ext_exp_temp0.3_nodelim_norole_nocot,The defendant,,Per,tp,
qwen3_14b,participants,lusa_46,ext_exp_temp0.3_nodelim_norole_nocot,"the net amount of 5,400.17 euros",,Obj,tp,
qwen3_14b,participants,lusa_46,ext_exp_temp0.3_nodelim_norole_nocot,the note,,Obj,tp,
qwen3_14b,participants,lusa_46,ext_exp_temp0.3_nodelim_norole_nocot,the monthly remuneration supplement statements,,,fp,
qwen3_14b,participants,lusa_46,ext_exp_temp0.3_nodelim_norole_nocot,MP,,,fp,
qwen3_14b,participants,lusa_46,ext_exp_temp0.3_nodelim_norole_nocot,Porto Regional Attorney General's Office,,,fp,
qwen3_14b,participants,lusa_46,ext_exp_temp0.3_nodelim_norole_nocot,Braga GNR agent,,,fp,
qwen3_14b,participants,lusa_46,ext_exp_temp0.3_nodelim_norole_nocot,GNR,,,fp,
qwen3_14b,participants,lusa_46,ext_exp_temp0.3_nodelim_norole_nocot,Braga GNR,,,fp,
qwen3_14b,participants,lusa_46,ext_exp_temp0.3_nodelim_norole_nocot,Criminal Investigation Unit,,,fp,
qwen3_14b,participants,lusa_46,ext_exp_temp0.3_nodelim_norole_nocot,military personnel,,,fp,
qwen3_14b,participants,lusa_46,ext_exp_temp0.3_nodelim_norole_nocot,his subordinates,,,fp,
qwen3_14b,participants,lusa_46,ext_exp_temp0.3_nodelim_norole_nocot,the scale supplement,,,fp,
qwen3_14b,participants,lusa_46,ext_exp_temp0.3_nodelim_norole_nocot,the website,,,fp,
qwen3_14b,participants,lusa_46,ext_exp_temp0.3_nodelim_norole_nocot,note,,Obj,fn,
qwen3_14b,participants,lusa_46,ext_exp_temp0.3_nodelim_norole_nocot,scale supplement,,Other,fn,
qwen3_14b,participants,lusa_46,ext_exp_temp0.3_nodelim_norole_nocot,subordinates,,Per,fn,
qwen3_14b,participants,lusa_46,ext_exp_temp0.3_nodelim_norole_nocot,a GNR soldier from Braga,,Org,fn,
qwen3_14b,participants,lusa_46,ext_exp_temp0.3_nodelim_norole_nocot,service,,Other,fn,
qwen3_14b,participants,lusa_46,ext_exp_temp0.3_nodelim_norole_nocot,the Criminal Investigation Unit,,Org,fn,
qwen3_14b,participants,lusa_46,ext_exp_temp0.3_nodelim_norole_nocot,the GNR,,Org,fn,
qwen3_14b,participants,lusa_46,ext_exp_temp0.3_nodelim_norole_nocot,the GNR in Braga,,Org,fn,
qwen3_14b,participants,lusa_46,ext_exp_temp0.3_nodelim_norole_nocot,name,,Other,fn,
qwen3_14b,participants,lusa_46,ext_exp_temp0.3_nodelim_norole_nocot,he,,Per,fn,
qwen3_14b,participants,lusa_46,ext_exp_temp0.3_nodelim_norole_nocot,the Porto Regional Attorney General's Office,,Org,fn,
qwen3_14b,participants,lusa_46,ext_exp_temp0.3_nodelim_norole_nocot,his,,Per,fn,
qwen3_14b,participants,lusa_46,ext_exp_temp0.3_nodelim_norole_nocot,"the scale supplement,",,Other,fn,
qwen3_14b,participants,lusa_46,ext_exp_temp0.3_nodelim_norole_nocot,the,,Org,fn,
qwen3_14b,participants,lusa_46,ext_exp_temp0.3_nodelim_norole_nocot,military,,Per,fn,
qwen3_14b,participants,lusa_46,ext_exp_temp0.3_nodelim_norole_nocot,"5,400 euros",,Obj,fn,
qwen3_14b,participants,lusa_46,ext_exp_temp0.3_nodelim_norole_nocot,supplement,,Other,fn,
qwen3_14b,participants,lusa_46,ext_exp_temp0.3_nodelim_norole_nocot,Regional Attorney General's Office,,Org,fn,
qwen3_14b,participants,lusa_46,ext_exp_temp0.3_nodelim_norole_nocot,which,,Other,fn,
qwen3_14b,participants,lusa_46,ext_exp_temp0.3_nodelim_norole_nocot,the monthly pay supplement,,Other,fn,
qwen3_14b,participants,lusa_46,ext_exp_temp0.3_nodelim_norole_nocot,for ,,Per,fn,
qwen3_14b,participants,lusa_46,ext_exp_temp0.3_nodelim_norole_nocot,Porto,,Pl_civil,fn,
qwen3_14b,participants,lusa_48,ext_exp_temp0.3_nodelim_norole_nocot,Amarante,,Pl_civil,tp,
qwen3_14b,participants,lusa_48,ext_exp_temp0.3_nodelim_norole_nocot,district of Porto,,Pl_civil,tp,
qwen3_14b,participants,lusa_48,ext_exp_temp0.3_nodelim_norole_nocot,two men,,Per,tp,
qwen3_14b,participants,lusa_48,ext_exp_temp0.3_nodelim_norole_nocot,the suspects,,Per,tp,
qwen3_14b,participants,lusa_48,ext_exp_temp0.3_nodelim_norole_nocot,Vila Meã,,Pl_civil,tp,
qwen3_14b,participants,lusa_48,ext_exp_temp0.3_nodelim_norole_nocot,four gaming machines,,Obj,tp,
qwen3_14b,participants,lusa_48,ext_exp_temp0.3_nodelim_norole_nocot,The GNR,,Org,tp,
qwen3_14b,participants,lusa_48,ext_exp_temp0.3_nodelim_norole_nocot,the GNR,,Org,tp,
qwen3_14b,participants,lusa_48,ext_exp_temp0.3_nodelim_norole_nocot,11 administrative offense reports,,,fp,
qwen3_14b,participants,lusa_48,ext_exp_temp0.3_nodelim_norole_nocot,illegal gaming machines,,,fp,
qwen3_14b,participants,lusa_48,ext_exp_temp0.3_nodelim_norole_nocot,a police source,,,fp,
qwen3_14b,participants,lusa_48,ext_exp_temp0.3_nodelim_norole_nocot,GNR,,,fp,
qwen3_14b,participants,lusa_48,ext_exp_temp0.3_nodelim_norole_nocot,the action,,,fp,
qwen3_14b,participants,lusa_48,ext_exp_temp0.3_nodelim_norole_nocot,inspection of food and beverage establishments,,,fp,
qwen3_14b,participants,lusa_48,ext_exp_temp0.3_nodelim_norole_nocot,gaming machines,,Obj,fn,
qwen3_14b,participants,lusa_48,ext_exp_temp0.3_nodelim_norole_nocot,food and beverage establishments,,Org,fn,
qwen3_14b,participants,lusa_48,ext_exp_temp0.3_nodelim_norole_nocot,between 30 and 60,,Other,fn,
qwen3_14b,participants,lusa_48,ext_exp_temp0.3_nodelim_norole_nocot,police source,,Org,fn,
qwen3_14b,participants,lusa_48,ext_exp_temp0.3_nodelim_norole_nocot,"nine liters of spirits, without tax stamps",,Obj,fn,
qwen3_14b,participants,lusa_48,ext_exp_temp0.3_nodelim_norole_nocot,a computer with a printer,,Obj,fn,
qwen3_14b,participants,lusa_48,ext_exp_temp0.3_nodelim_norole_nocot,a tablet,,Obj,fn,
qwen3_14b,participants,lusa_48,ext_exp_temp0.3_nodelim_norole_nocot,the Judicial Court,,Org,fn,
qwen3_14b,participants,lusa_48,ext_exp_temp0.3_nodelim_norole_nocot,the Judicial Court of Amarante,,Org,fn,
qwen3_14b,participants,lusa_48,ext_exp_temp0.3_nodelim_norole_nocot,a cell phone,,Obj,fn,
qwen3_14b,participants,lusa_48,ext_exp_temp0.3_nodelim_norole_nocot,illegal machines,,Obj,fn,
qwen3_14b,participants,lusa_48,ext_exp_temp0.3_nodelim_norole_nocot,statement,,Obj,fn,
qwen3_14b,participants,lusa_49,ext_exp_temp0.3_nodelim_norole_nocot,plastic bags,,Obj,tp,
qwen3_14b,participants,lusa_49,ext_exp_temp0.3_nodelim_norole_nocot,that security force,,Org,tp,
qwen3_14b,participants,lusa_49,ext_exp_temp0.3_nodelim_norole_nocot,the city of Borba,,Pl_civil,tp,
qwen3_14b,participants,lusa_49,ext_exp_temp0.3_nodelim_norole_nocot,the man,,Per,tp,
qwen3_14b,participants,lusa_49,ext_exp_temp0.3_nodelim_norole_nocot,Évora district,,Pl_civil,tp,
qwen3_14b,participants,lusa_49,ext_exp_temp0.3_nodelim_norole_nocot,the same source,,Per,tp,
qwen3_14b,participants,lusa_49,ext_exp_temp0.3_nodelim_norole_nocot,a 31-year-old man,,Per,tp,
qwen3_14b,participants,lusa_49,ext_exp_temp0.3_nodelim_norole_nocot,The GNR,,,tp,
qwen3_14b,participants,lusa_49,ext_exp_temp0.3_nodelim_norole_nocot,Estremoz Territorial Detachment,,Org,tp,
qwen3_14b,participants,lusa_49,ext_exp_temp0.3_nodelim_norole_nocot,the Lusa agency,,,fp,
qwen3_14b,participants,lusa_49,ext_exp_temp0.3_nodelim_norole_nocot,Borba,,,fp,
qwen3_14b,participants,lusa_49,ext_exp_temp0.3_nodelim_norole_nocot,digital scale,,,fp,
qwen3_14b,participants,lusa_49,ext_exp_temp0.3_nodelim_norole_nocot,Vila Viçosa Court,,,fp,
qwen3_14b,participants,lusa_49,ext_exp_temp0.3_nodelim_norole_nocot,heroin,,,fp,
qwen3_14b,participants,lusa_49,ext_exp_temp0.3_nodelim_norole_nocot,GNR,,,fp,
qwen3_14b,participants,lusa_49,ext_exp_temp0.3_nodelim_norole_nocot,cash,,,fp,
qwen3_14b,participants,lusa_49,ext_exp_temp0.3_nodelim_norole_nocot,150 euros,,,fp,
qwen3_14b,participants,lusa_49,ext_exp_temp0.3_nodelim_norole_nocot,the suspect,,,fp,
qwen3_14b,participants,lusa_49,ext_exp_temp0.3_nodelim_norole_nocot,scissors,,,fp,
qwen3_14b,participants,lusa_49,ext_exp_temp0.3_nodelim_norole_nocot,military personnel,,,fp,
qwen3_14b,participants,lusa_49,ext_exp_temp0.3_nodelim_norole_nocot,a source,,,fp,
qwen3_14b,participants,lusa_49,ext_exp_temp0.3_nodelim_norole_nocot,drug trafficking suspect,,,fp,
qwen3_14b,participants,lusa_49,ext_exp_temp0.3_nodelim_norole_nocot,24.3 grams of heroin,,Obj,fn,
qwen3_14b,participants,lusa_49,ext_exp_temp0.3_nodelim_norole_nocot,150 euros in cash,,Obj,fn,
qwen3_14b,participants,lusa_49,ext_exp_temp0.3_nodelim_norole_nocot,the ,,Org,fn,
qwen3_14b,participants,lusa_49,ext_exp_temp0.3_nodelim_norole_nocot,Estremoz,,Pl_civil,fn,
qwen3_14b,participants,lusa_49,ext_exp_temp0.3_nodelim_norole_nocot,the Vila Viçosa Court,,Org,fn,
qwen3_14b,participants,lusa_49,ext_exp_temp0.3_nodelim_norole_nocot,a digital scale,,Obj,fn,
qwen3_14b,participants,lusa_49,ext_exp_temp0.3_nodelim_norole_nocot,measures,,Other,fn,
qwen3_14b,participants,lusa_49,ext_exp_temp0.3_nodelim_norole_nocot,"a digital scale, scissors",,Obj,fn,
qwen3_14b,participants,lusa_49,ext_exp_temp0.3_nodelim_norole_nocot,individual doses,,Obj,fn,
qwen3_14b,participants,lusa_49,ext_exp_temp0.3_nodelim_norole_nocot,source,,Per,fn,
qwen3_14b,participants,lusa_49,ext_exp_temp0.3_nodelim_norole_nocot,Territorial Detachment,,Org,fn,
qwen3_14b,participants,lusa_49,ext_exp_temp0.3_nodelim_norole_nocot,Vila Viçosa,,Pl_civil,fn,
qwen3_14b,participants,lusa_49,ext_exp_temp0.3_nodelim_norole_nocot,Lusa agency,,Org,fn,
qwen3_14b,participants,lusa_49,ext_exp_temp0.3_nodelim_norole_nocot,drug,,Obj,fn,
qwen3_14b,participants,lusa_49,ext_exp_temp0.3_nodelim_norole_nocot,military,,Per,fn,
qwen3_14b,participants,lusa_49,ext_exp_temp0.3_nodelim_norole_nocot,suspect,,Per,fn,
qwen3_14b,participants,lusa_5,ext_exp_temp0.3_nodelim_norole_nocot,the military,,Per,tp,
qwen3_14b,participants,lusa_5,ext_exp_temp0.3_nodelim_norole_nocot,that force of authority,,Org,tp,
qwen3_14b,participants,lusa_5,ext_exp_temp0.3_nodelim_norole_nocot,the Caldas da Rainha Court,,Fac,tp,
qwen3_14b,participants,lusa_5,ext_exp_temp0.3_nodelim_norole_nocot,Óbidos,,Pl_civil,tp,
qwen3_14b,participants,lusa_5,ext_exp_temp0.3_nodelim_norole_nocot,GNR,,Org,tp,
qwen3_14b,participants,lusa_5,ext_exp_temp0.3_nodelim_norole_nocot,The man,,Per,tp,
qwen3_14b,participants,lusa_5,ext_exp_temp0.3_nodelim_norole_nocot,the suspect,,Per,tp,
qwen3_14b,participants,lusa_5,ext_exp_temp0.3_nodelim_norole_nocot,A 50-year-old man,,Per,tp,
qwen3_14b,participants,lusa_5,ext_exp_temp0.3_nodelim_norole_nocot,Caldas da Rainha Environmental Protection Center,,,fp,
qwen3_14b,participants,lusa_5,ext_exp_temp0.3_nodelim_norole_nocot,the National Republican Guard (GNR),,,fp,
qwen3_14b,participants,lusa_5,ext_exp_temp0.3_nodelim_norole_nocot,the crime of hunting on unauthorized land,,,fp,
qwen3_14b,participants,lusa_5,ext_exp_temp0.3_nodelim_norole_nocot,Man,,,fp,
qwen3_14b,participants,lusa_5,ext_exp_temp0.3_nodelim_norole_nocot,Óbidos Territorial Post,,,fp,
qwen3_14b,participants,lusa_5,ext_exp_temp0.3_nodelim_norole_nocot,the report of the situation,,,fp,
qwen3_14b,participants,lusa_5,ext_exp_temp0.3_nodelim_norole_nocot,Republican Guard,,Org,fn,
qwen3_14b,participants,lusa_5,ext_exp_temp0.3_nodelim_norole_nocot,the GNR statement,,Obj,fn,
qwen3_14b,participants,lusa_5,ext_exp_temp0.3_nodelim_norole_nocot,which,,Org,fn,
qwen3_14b,participants,lusa_5,ext_exp_temp0.3_nodelim_norole_nocot,Caldas da Rainha,,Pl_civil,fn,
qwen3_14b,participants,lusa_5,ext_exp_temp0.3_nodelim_norole_nocot,land,,Loc,fn,
qwen3_14b,participants,lusa_5,ext_exp_temp0.3_nodelim_norole_nocot,houses,,Fac,fn,
qwen3_14b,participants,lusa_5,ext_exp_temp0.3_nodelim_norole_nocot,report of the situation,,Obj,fn,
qwen3_14b,participants,lusa_5,ext_exp_temp0.3_nodelim_norole_nocot,protective,,Fac,fn,
qwen3_14b,participants,lusa_5,ext_exp_temp0.3_nodelim_norole_nocot,various materials,,Obj,fn,
qwen3_14b,participants,lusa_5,ext_exp_temp0.3_nodelim_norole_nocot,the GNR,,Org,fn,
qwen3_14b,participants,lusa_5,ext_exp_temp0.3_nodelim_norole_nocot,two 12-gauge cartridges,,Obj,fn,
qwen3_14b,participants,lusa_5,ext_exp_temp0.3_nodelim_norole_nocot,accessories,,Obj,fn,
qwen3_14b,participants,lusa_5,ext_exp_temp0.3_nodelim_norole_nocot,a protective strip,,Loc,fn,
qwen3_14b,participants,lusa_5,ext_exp_temp0.3_nodelim_norole_nocot,a hunting rifle,,Obj,fn,
qwen3_14b,participants,lusa_5,ext_exp_temp0.3_nodelim_norole_nocot,the Caldas da Rainha Environmental Protection Center,,Obj,fn,
qwen3_14b,participants,lusa_5,ext_exp_temp0.3_nodelim_norole_nocot,the Óbidos Territorial Post,,Org,fn,
qwen3_14b,participants,lusa_50,ext_exp_temp0.3_nodelim_norole_nocot,Arcos de Valdevez,,Pl_civil,tp,
qwen3_14b,participants,lusa_50,ext_exp_temp0.3_nodelim_norole_nocot,Ponte de Lima,,Pl_civil,tp,
qwen3_14b,participants,lusa_50,ext_exp_temp0.3_nodelim_norole_nocot,four men,,Per,tp,
qwen3_14b,participants,lusa_50,ext_exp_temp0.3_nodelim_norole_nocot,Ponte da Barca,,Pl_civil,tp,
qwen3_14b,participants,lusa_50,ext_exp_temp0.3_nodelim_norole_nocot,Viana do Castelo,,Pl_civil,tp,
qwen3_14b,participants,lusa_50,ext_exp_temp0.3_nodelim_norole_nocot,that police force,,Org,tp,
qwen3_14b,participants,lusa_50,ext_exp_temp0.3_nodelim_norole_nocot,Paredes de Coura,,Pl_civil,tp,
qwen3_14b,participants,lusa_50,ext_exp_temp0.3_nodelim_norole_nocot,the municipalities,,Loc,tp,
qwen3_14b,participants,lusa_50,ext_exp_temp0.3_nodelim_norole_nocot,Alto Minho,,Pl_civil,tp,
qwen3_14b,participants,lusa_50,ext_exp_temp0.3_nodelim_norole_nocot,The GNR,,Org,tp,
qwen3_14b,participants,lusa_50,ext_exp_temp0.3_nodelim_norole_nocot,Vila Verde,,Pl_civil,tp,
qwen3_14b,participants,lusa_50,ext_exp_temp0.3_nodelim_norole_nocot,The suspects,,,fp,
qwen3_14b,participants,lusa_50,ext_exp_temp0.3_nodelim_norole_nocot,They,,,fp,
qwen3_14b,participants,lusa_50,ext_exp_temp0.3_nodelim_norole_nocot,the district of Braga,,,fp,
qwen3_14b,participants,lusa_50,ext_exp_temp0.3_nodelim_norole_nocot,Braga,,,fp,
qwen3_14b,participants,lusa_50,ext_exp_temp0.3_nodelim_norole_nocot,the district,,,fp,
qwen3_14b,participants,lusa_50,ext_exp_temp0.3_nodelim_norole_nocot,GNR,,,fp,
qwen3_14b,participants,lusa_50,ext_exp_temp0.3_nodelim_norole_nocot,four suspects,,,fp,
qwen3_14b,participants,lusa_50,ext_exp_temp0.3_nodelim_norole_nocot,Viana do Castelo command,,,fp,
qwen3_14b,participants,lusa_50,ext_exp_temp0.3_nodelim_norole_nocot,residences,,Loc,fn,
qwen3_14b,participants,lusa_50,ext_exp_temp0.3_nodelim_norole_nocot,a camera,,Obj,fn,
qwen3_14b,participants,lusa_50,ext_exp_temp0.3_nodelim_norole_nocot,the Viana do Castelo command,,Org,fn,
qwen3_14b,participants,lusa_50,ext_exp_temp0.3_nodelim_norole_nocot,vehicles,,Obj,fn,
qwen3_14b,participants,lusa_50,ext_exp_temp0.3_nodelim_norole_nocot,a GPS device,,Obj,fn,
qwen3_14b,participants,lusa_50,ext_exp_temp0.3_nodelim_norole_nocot,the district of Viana do Castelo,,Pl_civil,fn,
qwen3_14b,participants,lusa_50,ext_exp_temp0.3_nodelim_norole_nocot,hashish for eight,,Obj,fn,
qwen3_14b,participants,lusa_50,ext_exp_temp0.3_nodelim_norole_nocot,establishments,,Org,fn,
qwen3_14b,participants,lusa_50,ext_exp_temp0.3_nodelim_norole_nocot,cocaine for 17,,Obj,fn,
qwen3_14b,participants,lusa_50,ext_exp_temp0.3_nodelim_norole_nocot,six cell phones,,Obj,fn,
qwen3_14b,participants,lusa_50,ext_exp_temp0.3_nodelim_norole_nocot,all,,Pl_civil,fn,
qwen3_14b,participants,lusa_50,ext_exp_temp0.3_nodelim_norole_nocot,"The suspects, aged between 35 and 41",,Per,fn,
qwen3_14b,participants,lusa_50,ext_exp_temp0.3_nodelim_norole_nocot,inside,,Loc,fn,
qwen3_14b,participants,lusa_50,ext_exp_temp0.3_nodelim_norole_nocot,"in Alto Minho, announced the Viana do Castelo command",,Org,fn,
qwen3_14b,participants,lusa_50,ext_exp_temp0.3_nodelim_norole_nocot,two computers,,Obj,fn,
qwen3_14b,participants,lusa_50,ext_exp_temp0.3_nodelim_norole_nocot,district of Braga,,Pl_civil,fn,
qwen3_14b,participants,lusa_50,ext_exp_temp0.3_nodelim_norole_nocot,drug,,Obj,fn,
qwen3_14b,participants,lusa_50,ext_exp_temp0.3_nodelim_norole_nocot,heroin for 56 doses,,Obj,fn,
qwen3_14b,participants,lusa_51,ext_exp_temp0.3_nodelim_norole_nocot,The animals,,Nat,tp,
qwen3_14b,participants,lusa_51,ext_exp_temp0.3_nodelim_norole_nocot,the military,,Per,tp,
qwen3_14b,participants,lusa_51,ext_exp_temp0.3_nodelim_norole_nocot,pet animals,,Nat,tp,
qwen3_14b,participants,lusa_51,ext_exp_temp0.3_nodelim_norole_nocot,Gouveia,,Pl_civil,tp,
qwen3_14b,participants,lusa_51,ext_exp_temp0.3_nodelim_norole_nocot,Seia,,Pl_civil,tp,
qwen3_14b,participants,lusa_51,ext_exp_temp0.3_nodelim_norole_nocot,25 dogs,,Nat,tp,
qwen3_14b,participants,lusa_51,ext_exp_temp0.3_nodelim_norole_nocot,the owner,,Per,tp,
qwen3_14b,participants,lusa_51,ext_exp_temp0.3_nodelim_norole_nocot,NPA,,Org,tp,
qwen3_14b,participants,lusa_51,ext_exp_temp0.3_nodelim_norole_nocot,The Territorial Command of GNR da Guarda,,Org,tp,
qwen3_14b,participants,lusa_51,ext_exp_temp0.3_nodelim_norole_nocot,NICCOA,,Org,tp,
qwen3_14b,participants,lusa_51,ext_exp_temp0.3_nodelim_norole_nocot,The GNR,,Org,tp,
qwen3_14b,participants,lusa_51,ext_exp_temp0.3_nodelim_norole_nocot,dogs,,Nat,tp,
qwen3_14b,participants,lusa_51,ext_exp_temp0.3_nodelim_norole_nocot,Seia Municipal Veterinarian,,,fp,
qwen3_14b,participants,lusa_51,ext_exp_temp0.3_nodelim_norole_nocot,GNR da Guarda,,,fp,
qwen3_14b,participants,lusa_51,ext_exp_temp0.3_nodelim_norole_nocot,the man,,,fp,
qwen3_14b,participants,lusa_51,ext_exp_temp0.3_nodelim_norole_nocot,scenario of overpopulation of dogs,,,fp,
qwen3_14b,participants,lusa_51,ext_exp_temp0.3_nodelim_norole_nocot,Environmental Crimes and Administrative Offenses Investigation Center (NICCOA),,,fp,
qwen3_14b,participants,lusa_51,ext_exp_temp0.3_nodelim_norole_nocot,home search warrant,,,fp,
qwen3_14b,participants,lusa_51,ext_exp_temp0.3_nodelim_norole_nocot,hygienic conditions,,,fp,
qwen3_14b,participants,lusa_51,ext_exp_temp0.3_nodelim_norole_nocot,district of Guarda,,,fp,
qwen3_14b,participants,lusa_51,ext_exp_temp0.3_nodelim_norole_nocot,Environmental Protection Center (NPA) of Gouveia,,,fp,
qwen3_14b,participants,lusa_51,ext_exp_temp0.3_nodelim_norole_nocot,investigation into mistreatment of pet animals,,,fp,
qwen3_14b,participants,lusa_51,ext_exp_temp0.3_nodelim_norole_nocot,GNR,,,fp,
qwen3_14b,participants,lusa_51,ext_exp_temp0.3_nodelim_norole_nocot,home,,,fp,
qwen3_14b,participants,lusa_51,ext_exp_temp0.3_nodelim_norole_nocot,municipality of Seia,,,fp,
qwen3_14b,participants,lusa_51,ext_exp_temp0.3_nodelim_norole_nocot,the Seia Judicial Court,,,fp,
qwen3_14b,participants,lusa_51,ext_exp_temp0.3_nodelim_norole_nocot,care for the animals,,,fp,
qwen3_14b,participants,lusa_51,ext_exp_temp0.3_nodelim_norole_nocot,a 58-year-old man,,,fp,
qwen3_14b,participants,lusa_51,ext_exp_temp0.3_nodelim_norole_nocot,where,,Other,fn,
qwen3_14b,participants,lusa_51,ext_exp_temp0.3_nodelim_norole_nocot,a scenario,,Other,fn,
qwen3_14b,participants,lusa_51,ext_exp_temp0.3_nodelim_norole_nocot,the Environmental Crimes and Administrative Offenses Investigation,,Org,fn,
qwen3_14b,participants,lusa_51,ext_exp_temp0.3_nodelim_norole_nocot,a 58-year-old,,Per,fn,
qwen3_14b,participants,lusa_51,ext_exp_temp0.3_nodelim_norole_nocot,inside,,Loc,fn,
qwen3_14b,participants,lusa_51,ext_exp_temp0.3_nodelim_norole_nocot,Municipal Veterinarian,,Org,fn,
qwen3_14b,participants,lusa_51,ext_exp_temp0.3_nodelim_norole_nocot,the animals,,Nat,fn,
qwen3_14b,participants,lusa_51,ext_exp_temp0.3_nodelim_norole_nocot,the GNR,,Org,fn,
qwen3_14b,participants,lusa_51,ext_exp_temp0.3_nodelim_norole_nocot,animals,,Nat,fn,
qwen3_14b,participants,lusa_51,ext_exp_temp0.3_nodelim_norole_nocot,Judicial Court,,Org,fn,
qwen3_14b,participants,lusa_51,ext_exp_temp0.3_nodelim_norole_nocot,statement,,Obj,fn,
qwen3_14b,participants,lusa_51,ext_exp_temp0.3_nodelim_norole_nocot,the,,Org,fn,
qwen3_14b,participants,lusa_51,ext_exp_temp0.3_nodelim_norole_nocot,The source,,Org,fn,
qwen3_14b,participants,lusa_51,ext_exp_temp0.3_nodelim_norole_nocot,The Territorial Command,,Org,fn,
qwen3_14b,participants,lusa_51,ext_exp_temp0.3_nodelim_norole_nocot,"the Seia Municipal Veterinarian, who",,Org,fn,
qwen3_14b,participants,lusa_51,ext_exp_temp0.3_nodelim_norole_nocot,the district of Guarda,,Pl_civil,fn,
qwen3_14b,participants,lusa_51,ext_exp_temp0.3_nodelim_norole_nocot,the Environmental Protection Center,,Org,fn,
qwen3_14b,participants,lusa_51,ext_exp_temp0.3_nodelim_norole_nocot,to ,,Per,fn,
qwen3_14b,participants,lusa_51,ext_exp_temp0.3_nodelim_norole_nocot,came,,Per,fn,
qwen3_14b,participants,lusa_51,ext_exp_temp0.3_nodelim_norole_nocot,which,,Org,fn,
qwen3_14b,participants,lusa_51,ext_exp_temp0.3_nodelim_norole_nocot,all,,Nat,fn,
qwen3_14b,participants,lusa_51,ext_exp_temp0.3_nodelim_norole_nocot,Guarda,,Pl_civil,fn,
qwen3_14b,participants,lusa_51,ext_exp_temp0.3_nodelim_norole_nocot,The man,,Per,fn,
qwen3_14b,participants,lusa_51,ext_exp_temp0.3_nodelim_norole_nocot,the Seia Judicial Court.,,Org,fn,
qwen3_14b,participants,lusa_51,ext_exp_temp0.3_nodelim_norole_nocot,the municipality of Seia,,Pl_civil,fn,
qwen3_14b,participants,lusa_51,ext_exp_temp0.3_nodelim_norole_nocot,welcomed,,Fac,fn,
qwen3_14b,participants,lusa_51,ext_exp_temp0.3_nodelim_norole_nocot,the note,,Obj,fn,
qwen3_14b,participants,lusa_52,ext_exp_temp0.3_nodelim_norole_nocot,the ministers,,Per,tp,
qwen3_14b,participants,lusa_52,ext_exp_temp0.3_nodelim_norole_nocot,parliament,,Loc,tp,
qwen3_14b,participants,lusa_52,ext_exp_temp0.3_nodelim_norole_nocot,Ferro Rodrigues,,Per,tp,
qwen3_14b,participants,lusa_52,ext_exp_temp0.3_nodelim_norole_nocot,the president of the Assembly of the Republic,,Per,tp,
qwen3_14b,participants,lusa_52,ext_exp_temp0.3_nodelim_norole_nocot,the head of Finance,,Per,tp,
qwen3_14b,participants,lusa_52,ext_exp_temp0.3_nodelim_norole_nocot,António Costa,,Per,tp,
qwen3_14b,participants,lusa_52,ext_exp_temp0.3_nodelim_norole_nocot,OE2021,,,fp,
qwen3_14b,participants,lusa_52,ext_exp_temp0.3_nodelim_norole_nocot,Ana Gomes Godinho,,,fp,
qwen3_14b,participants,lusa_52,ext_exp_temp0.3_nodelim_norole_nocot,the room,,,fp,
qwen3_14b,participants,lusa_52,ext_exp_temp0.3_nodelim_norole_nocot,Prime Minister,,,fp,
qwen3_14b,participants,lusa_52,ext_exp_temp0.3_nodelim_norole_nocot,the members of the executive,,,fp,
qwen3_14b,participants,lusa_52,ext_exp_temp0.3_nodelim_norole_nocot,Labor,,,fp,
qwen3_14b,participants,lusa_52,ext_exp_temp0.3_nodelim_norole_nocot,the Assembly of the Republic,,,fp,
qwen3_14b,participants,lusa_52,ext_exp_temp0.3_nodelim_norole_nocot,the State Budget for 2021,,,fp,
qwen3_14b,participants,lusa_52,ext_exp_temp0.3_nodelim_norole_nocot,deputies,,,fp,
qwen3_14b,participants,lusa_52,ext_exp_temp0.3_nodelim_norole_nocot,Deputies,,,fp,
qwen3_14b,participants,lusa_52,ext_exp_temp0.3_nodelim_norole_nocot,the Government,,,fp,
qwen3_14b,participants,lusa_52,ext_exp_temp0.3_nodelim_norole_nocot,Government members,,,fp,
qwen3_14b,participants,lusa_52,ext_exp_temp0.3_nodelim_norole_nocot,hemicycle,,,fp,
qwen3_14b,participants,lusa_52,ext_exp_temp0.3_nodelim_norole_nocot,The second day of debate,,,fp,
qwen3_14b,participants,lusa_52,ext_exp_temp0.3_nodelim_norole_nocot,João Pedro Matos Fernandes,,,fp,
qwen3_14b,participants,lusa_52,ext_exp_temp0.3_nodelim_norole_nocot,Environment,,,fp,
qwen3_14b,participants,lusa_52,ext_exp_temp0.3_nodelim_norole_nocot,members,,Per,fn,
qwen3_14b,participants,lusa_52,ext_exp_temp0.3_nodelim_norole_nocot,the chairs,,Obj,fn,
qwen3_14b,participants,lusa_52,ext_exp_temp0.3_nodelim_norole_nocot,"João Pedro Matos Fernandes, Environment",,Per,fn,
qwen3_14b,participants,lusa_52,ext_exp_temp0.3_nodelim_norole_nocot,room,,Loc,fn,
qwen3_14b,participants,lusa_52,ext_exp_temp0.3_nodelim_norole_nocot,the deputies,,Per,fn,
qwen3_14b,participants,lusa_52,ext_exp_temp0.3_nodelim_norole_nocot,bench,,Loc,fn,
qwen3_14b,participants,lusa_52,ext_exp_temp0.3_nodelim_norole_nocot,"Ana Gomes Godinho, Labor",,Per,fn,
qwen3_14b,participants,lusa_52,ext_exp_temp0.3_nodelim_norole_nocot,State Budget for 2021,,Other,fn,
qwen3_14b,participants,lusa_52,ext_exp_temp0.3_nodelim_norole_nocot,the Prime Minister,,Per,fn,
qwen3_14b,participants,lusa_52,ext_exp_temp0.3_nodelim_norole_nocot,Government,,Org,fn,
qwen3_14b,participants,lusa_52,ext_exp_temp0.3_nodelim_norole_nocot,the members,,Per,fn,
qwen3_14b,participants,lusa_52,ext_exp_temp0.3_nodelim_norole_nocot,executive,,Per,fn,
qwen3_14b,participants,lusa_53,ext_exp_temp0.3_nodelim_norole_nocot,KLM,,Org,tp,
qwen3_14b,participants,lusa_53,ext_exp_temp0.3_nodelim_norole_nocot,the government,,Org,tp,
qwen3_14b,participants,lusa_53,ext_exp_temp0.3_nodelim_norole_nocot,The Dutch government,,Org,tp,
qwen3_14b,participants,lusa_53,ext_exp_temp0.3_nodelim_norole_nocot,the union,,Org,tp,
qwen3_14b,participants,lusa_53,ext_exp_temp0.3_nodelim_norole_nocot,Air France-KLM,,Org,tp,
qwen3_14b,participants,lusa_53,ext_exp_temp0.3_nodelim_norole_nocot,pilots,,,fp,
qwen3_14b,participants,lusa_53,ext_exp_temp0.3_nodelim_norole_nocot,Finance Minister Wopke Hoekstra,,,fp,
qwen3_14b,participants,lusa_53,ext_exp_temp0.3_nodelim_norole_nocot,France-Presse (AFP),,,fp,
qwen3_14b,participants,lusa_53,ext_exp_temp0.3_nodelim_norole_nocot,country's media,,,fp,
qwen3_14b,participants,lusa_53,ext_exp_temp0.3_nodelim_norole_nocot,VNV pilots' union,,,fp,
qwen3_14b,participants,lusa_53,ext_exp_temp0.3_nodelim_norole_nocot,Dutch government,,,fp,
qwen3_14b,participants,lusa_53,ext_exp_temp0.3_nodelim_norole_nocot,Dutch branch of Air France-KLM,,,fp,
qwen3_14b,participants,lusa_53,ext_exp_temp0.3_nodelim_norole_nocot,363 million,,Obj,fn,
qwen3_14b,participants,lusa_53,ext_exp_temp0.3_nodelim_norole_nocot,three thousand pilots,,Per,fn,
qwen3_14b,participants,lusa_53,ext_exp_temp0.3_nodelim_norole_nocot,the air carrier KLM,,Org,fn,
qwen3_14b,participants,lusa_53,ext_exp_temp0.3_nodelim_norole_nocot,the country,,Loc,fn,
qwen3_14b,participants,lusa_53,ext_exp_temp0.3_nodelim_norole_nocot,3.4 billion euros,,Obj,fn,
qwen3_14b,participants,lusa_53,ext_exp_temp0.3_nodelim_norole_nocot,after pilots,,Per,fn,
qwen3_14b,participants,lusa_53,ext_exp_temp0.3_nodelim_norole_nocot,KLM meanwhile announced that the,,Org,fn,
qwen3_14b,participants,lusa_53,ext_exp_temp0.3_nodelim_norole_nocot,the Dutch branch,,Org,fn,
qwen3_14b,participants,lusa_53,ext_exp_temp0.3_nodelim_norole_nocot,Wopke Hoekstra,,Per,fn,
qwen3_14b,participants,lusa_53,ext_exp_temp0.3_nodelim_norole_nocot,to news agency France-Presse (AFP),,Org,fn,
qwen3_14b,participants,lusa_53,ext_exp_temp0.3_nodelim_norole_nocot,several billion euros,,Obj,fn,
qwen3_14b,participants,lusa_53,ext_exp_temp0.3_nodelim_norole_nocot,expenses,,Other,fn,
qwen3_14b,participants,lusa_53,ext_exp_temp0.3_nodelim_norole_nocot,15%,,Other,fn,
qwen3_14b,participants,lusa_53,ext_exp_temp0.3_nodelim_norole_nocot,the country's media,,Org,fn,
qwen3_14b,participants,lusa_53,ext_exp_temp0.3_nodelim_norole_nocot,Finance Minister ,,Per,fn,
qwen3_14b,participants,lusa_53,ext_exp_temp0.3_nodelim_norole_nocot,salary,,Other,fn,
qwen3_14b,participants,lusa_53,ext_exp_temp0.3_nodelim_norole_nocot,' union,,Org,fn,
qwen3_14b,participants,lusa_53,ext_exp_temp0.3_nodelim_norole_nocot,1.6 billion euros,,Obj,fn,
qwen3_14b,participants,lusa_53,ext_exp_temp0.3_nodelim_norole_nocot,20%,,Other,fn,
qwen3_14b,participants,lusa_53,ext_exp_temp0.3_nodelim_norole_nocot,five thousand,,Other,fn,
qwen3_14b,participants,lusa_53,ext_exp_temp0.3_nodelim_norole_nocot,the VNV pilots,,Per,fn,
qwen3_14b,participants,lusa_54,ext_exp_temp0.3_nodelim_norole_nocot,the same social network,,Obj,tp,
qwen3_14b,participants,lusa_54,ext_exp_temp0.3_nodelim_norole_nocot,a message,,Other,tp,
qwen3_14b,participants,lusa_54,ext_exp_temp0.3_nodelim_norole_nocot,the vehicle,,Obj,tp,
qwen3_14b,participants,lusa_54,ext_exp_temp0.3_nodelim_norole_nocot,people,,Per,tp,
qwen3_14b,participants,lusa_54,ext_exp_temp0.3_nodelim_norole_nocot,Two people,,Per,tp,
qwen3_14b,participants,lusa_54,ext_exp_temp0.3_nodelim_norole_nocot,the people,,Per,tp,
qwen3_14b,participants,lusa_54,ext_exp_temp0.3_nodelim_norole_nocot,The driver,,Per,tp,
qwen3_14b,participants,lusa_54,ext_exp_temp0.3_nodelim_norole_nocot,the Trier police,,Org,tp,
qwen3_14b,participants,lusa_54,ext_exp_temp0.3_nodelim_norole_nocot,Trier,,Pl_civil,tp,
qwen3_14b,participants,lusa_54,ext_exp_temp0.3_nodelim_norole_nocot,Germany,,Pl_country,tp,
qwen3_14b,participants,lusa_54,ext_exp_temp0.3_nodelim_norole_nocot,local police,,,fp,
qwen3_14b,participants,lusa_54,ext_exp_temp0.3_nodelim_norole_nocot,the same publication,,,fp,
qwen3_14b,participants,lusa_54,ext_exp_temp0.3_nodelim_norole_nocot,authorities of Germany,,,fp,
qwen3_14b,participants,lusa_54,ext_exp_temp0.3_nodelim_norole_nocot,city center,,,fp,
qwen3_14b,participants,lusa_54,ext_exp_temp0.3_nodelim_norole_nocot,the injured people,,,fp,
qwen3_14b,participants,lusa_54,ext_exp_temp0.3_nodelim_norole_nocot,vehicle,,,fp,
qwen3_14b,participants,lusa_54,ext_exp_temp0.3_nodelim_norole_nocot,Police,,,fp,
qwen3_14b,participants,lusa_54,ext_exp_temp0.3_nodelim_norole_nocot,pedestrian zone,,,fp,
qwen3_14b,participants,lusa_54,ext_exp_temp0.3_nodelim_norole_nocot,rescue teams,,,fp,
qwen3_14b,participants,lusa_54,ext_exp_temp0.3_nodelim_norole_nocot,southwestern Germany,,,fp,
qwen3_14b,participants,lusa_54,ext_exp_temp0.3_nodelim_norole_nocot,Portuguese government,,,fp,
qwen3_14b,participants,lusa_54,ext_exp_temp0.3_nodelim_norole_nocot,families of victims,,,fp,
qwen3_14b,participants,lusa_54,ext_exp_temp0.3_nodelim_norole_nocot,Frankfurt,,Pl_civil,fn,
qwen3_14b,participants,lusa_54,ext_exp_temp0.3_nodelim_norole_nocot,west of Frankfurt,,Pl_region,fn,
qwen3_14b,participants,lusa_54,ext_exp_temp0.3_nodelim_norole_nocot,the German,,Loc,fn,
qwen3_14b,participants,lusa_54,ext_exp_temp0.3_nodelim_norole_nocot,Police ,,Org,fn,
qwen3_14b,participants,lusa_54,ext_exp_temp0.3_nodelim_norole_nocot,more details about the incident,,Other,fn,
qwen3_14b,participants,lusa_54,ext_exp_temp0.3_nodelim_norole_nocot,with Luxembourg,,Pl_country,fn,
qwen3_14b,participants,lusa_54,ext_exp_temp0.3_nodelim_norole_nocot,German people and authorities,,Org,fn,
qwen3_14b,participants,lusa_54,ext_exp_temp0.3_nodelim_norole_nocot,and rescue teams asked people to avoid,,Org,fn,
qwen3_14b,participants,lusa_54,ext_exp_temp0.3_nodelim_norole_nocot,the city of Trier,,Pl_civil,fn,
qwen3_14b,participants,lusa_54,ext_exp_temp0.3_nodelim_norole_nocot,the border with Luxembourg,,Loc,fn,
qwen3_14b,participants,lusa_54,ext_exp_temp0.3_nodelim_norole_nocot,the German people,,Per,fn,
qwen3_14b,participants,lusa_54,ext_exp_temp0.3_nodelim_norole_nocot,the Ministry of Foreign Affairs,,Org,fn,
qwen3_14b,participants,lusa_54,ext_exp_temp0.3_nodelim_norole_nocot,The Portuguese Government,,Org,fn,
qwen3_14b,participants,lusa_54,ext_exp_temp0.3_nodelim_norole_nocot,the victims,,Per,fn,
qwen3_14b,participants,lusa_54,ext_exp_temp0.3_nodelim_norole_nocot,the injured,,Per,fn,
qwen3_14b,participants,lusa_54,ext_exp_temp0.3_nodelim_norole_nocot,the official,,Other,fn,
qwen3_14b,participants,lusa_54,ext_exp_temp0.3_nodelim_norole_nocot,a vehicle,,Obj,fn,
qwen3_14b,participants,lusa_54,ext_exp_temp0.3_nodelim_norole_nocot,authorities,,Org,fn,
qwen3_14b,participants,lusa_54,ext_exp_temp0.3_nodelim_norole_nocot,that German city,,Pl_civil,fn,
qwen3_14b,participants,lusa_54,ext_exp_temp0.3_nodelim_norole_nocot,the city center,,Pl_civil,fn,
qwen3_14b,participants,lusa_54,ext_exp_temp0.3_nodelim_norole_nocot,the city,,Pl_civil,fn,
qwen3_14b,participants,lusa_54,ext_exp_temp0.3_nodelim_norole_nocot,its,,Org,fn,
qwen3_14b,participants,lusa_54,ext_exp_temp0.3_nodelim_norole_nocot,a pedestrian zone,,Loc,fn,
qwen3_14b,participants,lusa_54,ext_exp_temp0.3_nodelim_norole_nocot,west,,Pl_region,fn,
qwen3_14b,participants,lusa_54,ext_exp_temp0.3_nodelim_norole_nocot,the Portuguese Government,,Org,fn,
qwen3_14b,participants,lusa_54,ext_exp_temp0.3_nodelim_norole_nocot,several,,Per,fn,
qwen3_14b,participants,lusa_54,ext_exp_temp0.3_nodelim_norole_nocot,the families,,Per,fn,
qwen3_14b,participants,lusa_54,ext_exp_temp0.3_nodelim_norole_nocot,Twitter,,Org,fn,
qwen3_14b,participants,lusa_54,ext_exp_temp0.3_nodelim_norole_nocot,to local police,,Org,fn,
qwen3_14b,participants,lusa_54,ext_exp_temp0.3_nodelim_norole_nocot,southwestern,,Pl_civil,fn,
qwen3_14b,participants,lusa_54,ext_exp_temp0.3_nodelim_norole_nocot,the official Twitter page of the Ministry of Foreign Affairs,,Obj,fn,
qwen3_14b,participants,lusa_54,ext_exp_temp0.3_nodelim_norole_nocot,the border,,Loc,fn,
qwen3_14b,participants,lusa_55,ext_exp_temp0.3_nodelim_norole_nocot,a wall,,Other,tp,
qwen3_14b,participants,lusa_55,ext_exp_temp0.3_nodelim_norole_nocot,Hyderabad,,Pl_civil,tp,
qwen3_14b,participants,lusa_55,ext_exp_temp0.3_nodelim_norole_nocot,Nepal,,Pl_country,tp,
qwen3_14b,participants,lusa_55,ext_exp_temp0.3_nodelim_norole_nocot,Heavy rain,,Nat,tp,
qwen3_14b,participants,lusa_55,ext_exp_temp0.3_nodelim_norole_nocot,people,,Per,tp,
qwen3_14b,participants,lusa_55,ext_exp_temp0.3_nodelim_norole_nocot,a neighboring house,,Fac,tp,
qwen3_14b,participants,lusa_55,ext_exp_temp0.3_nodelim_norole_nocot,low-lying areas,,Pl_region,tp,
qwen3_14b,participants,lusa_55,ext_exp_temp0.3_nodelim_norole_nocot,unprecedented rains,,Nat,tp,
qwen3_14b,participants,lusa_55,ext_exp_temp0.3_nodelim_norole_nocot,Around 550 people,,Per,tp,
qwen3_14b,participants,lusa_55,ext_exp_temp0.3_nodelim_norole_nocot,Bangladesh,,Pl_country,tp,
qwen3_14b,participants,lusa_55,ext_exp_temp0.3_nodelim_norole_nocot,authorities,,Org,tp,
qwen3_14b,participants,lusa_55,ext_exp_temp0.3_nodelim_norole_nocot,More than 9.6 million people,,Per,tp,
qwen3_14b,participants,lusa_55,ext_exp_temp0.3_nodelim_norole_nocot,A house,,Fac,tp,
qwen3_14b,participants,lusa_55,ext_exp_temp0.3_nodelim_norole_nocot,India,,Pl_country,tp,
qwen3_14b,participants,lusa_55,ext_exp_temp0.3_nodelim_norole_nocot,boats,,Obj,tp,
qwen3_14b,participants,lusa_55,ext_exp_temp0.3_nodelim_norole_nocot,millions,,Per,tp,
qwen3_14b,participants,lusa_55,ext_exp_temp0.3_nodelim_norole_nocot,four other people,,Per,tp,
qwen3_14b,participants,lusa_55,ext_exp_temp0.3_nodelim_norole_nocot,local police,,,fp,
qwen3_14b,participants,lusa_55,ext_exp_temp0.3_nodelim_norole_nocot,South Asia,,,fp,
qwen3_14b,participants,lusa_55,ext_exp_temp0.3_nodelim_norole_nocot,eight people,,,fp,
qwen3_14b,participants,lusa_55,ext_exp_temp0.3_nodelim_norole_nocot,June,,,fp,
qwen3_14b,participants,lusa_55,ext_exp_temp0.3_nodelim_norole_nocot,floods,,,fp,
qwen3_14b,participants,lusa_55,ext_exp_temp0.3_nodelim_norole_nocot,their homes,,,fp,
qwen3_14b,participants,lusa_55,ext_exp_temp0.3_nodelim_norole_nocot,severe flooding,,,fp,
qwen3_14b,participants,lusa_55,ext_exp_temp0.3_nodelim_norole_nocot,record,,,fp,
qwen3_14b,participants,lusa_55,ext_exp_temp0.3_nodelim_norole_nocot,city,,,fp,
qwen3_14b,participants,lusa_55,ext_exp_temp0.3_nodelim_norole_nocot,southern Indian city,,,fp,
qwen3_14b,participants,lusa_55,ext_exp_temp0.3_nodelim_norole_nocot,the dead,,,fp,
qwen3_14b,participants,lusa_55,ext_exp_temp0.3_nodelim_norole_nocot,where,,Pl_civil,fn,
qwen3_14b,participants,lusa_55,ext_exp_temp0.3_nodelim_norole_nocot,southern Indian,,Pl_country,fn,
qwen3_14b,participants,lusa_55,ext_exp_temp0.3_nodelim_norole_nocot,the southern,,Pl_region,fn,
qwen3_14b,participants,lusa_55,ext_exp_temp0.3_nodelim_norole_nocot,homes,,Other,fn,
qwen3_14b,participants,lusa_55,ext_exp_temp0.3_nodelim_norole_nocot,a record,,Other,fn,
qwen3_14b,participants,lusa_55,ext_exp_temp0.3_nodelim_norole_nocot,the city,,Pl_civil,fn,
qwen3_14b,participants,lusa_55,ext_exp_temp0.3_nodelim_norole_nocot,which,,Fac,fn,
qwen3_14b,participants,lusa_55,ext_exp_temp0.3_nodelim_norole_nocot,", local police",,Org,fn,
qwen3_14b,participants,lusa_55,ext_exp_temp0.3_nodelim_norole_nocot,millions ,,Per,fn,
qwen3_14b,participants,lusa_55,ext_exp_temp0.3_nodelim_norole_nocot,across South,,Pl_region,fn,
qwen3_14b,participants,lusa_55,ext_exp_temp0.3_nodelim_norole_nocot,Asia,,Pl_region,fn,
qwen3_14b,participants,lusa_55,ext_exp_temp0.3_nodelim_norole_nocot,dead,,Per,fn,
qwen3_14b,participants,lusa_55,ext_exp_temp0.3_nodelim_norole_nocot,city of Hyderabad,,Pl_civil,fn,
qwen3_14b,participants,lusa_55,ext_exp_temp0.3_nodelim_norole_nocot,at least eight people,,Per,fn,
qwen3_14b,participants,lusa_56,ext_exp_temp0.3_nodelim_norole_nocot,Covid-19,,Nat,tp,
qwen3_14b,participants,lusa_56,ext_exp_temp0.3_nodelim_norole_nocot,France,,Loc,tp,
qwen3_14b,participants,lusa_56,ext_exp_temp0.3_nodelim_norole_nocot,Frenchwoman Sophie Pétronin,,Per,tp,
qwen3_14b,participants,lusa_56,ext_exp_temp0.3_nodelim_norole_nocot,a family member,,Per,tp,
qwen3_14b,participants,lusa_56,ext_exp_temp0.3_nodelim_norole_nocot,Agence France-Presse (AFP),,Org,tp,
qwen3_14b,participants,lusa_56,ext_exp_temp0.3_nodelim_norole_nocot,200 released detainees,,Per,tp,
qwen3_14b,participants,lusa_56,ext_exp_temp0.3_nodelim_norole_nocot,Soumaila Cissé,,Per,tp,
qwen3_14b,participants,lusa_56,ext_exp_temp0.3_nodelim_norole_nocot,He,,Per,tp,
qwen3_14b,participants,lusa_56,ext_exp_temp0.3_nodelim_norole_nocot,AFP,,Org,tp,
qwen3_14b,participants,lusa_56,ext_exp_temp0.3_nodelim_norole_nocot,jihadists,,Per,tp,
qwen3_14b,participants,lusa_56,ext_exp_temp0.3_nodelim_norole_nocot,two Italians,,Per,tp,
qwen3_14b,participants,lusa_56,ext_exp_temp0.3_nodelim_norole_nocot,Northwest,,,fp,
qwen3_14b,participants,lusa_56,ext_exp_temp0.3_nodelim_norole_nocot,Tumbuktu region,,,fp,
qwen3_14b,participants,lusa_56,ext_exp_temp0.3_nodelim_norole_nocot,he,,,fp,
qwen3_14b,participants,lusa_56,ext_exp_temp0.3_nodelim_norole_nocot,his party,,,fp,
qwen3_14b,participants,lusa_56,ext_exp_temp0.3_nodelim_norole_nocot,Opponent of the Government of Mali,,,fp,
qwen3_14b,participants,lusa_56,ext_exp_temp0.3_nodelim_norole_nocot,I,,,fp,
qwen3_14b,participants,lusa_56,ext_exp_temp0.3_nodelim_norole_nocot,the Government of Mali,,,fp,
qwen3_14b,participants,lusa_56,ext_exp_temp0.3_nodelim_norole_nocot,His wife,,,fp,
qwen3_14b,participants,lusa_56,ext_exp_temp0.3_nodelim_norole_nocot,the new coronavirus,,,fp,
qwen3_14b,participants,lusa_56,ext_exp_temp0.3_nodelim_norole_nocot,Mali's opposition,,,fp,
qwen3_14b,participants,lusa_56,ext_exp_temp0.3_nodelim_norole_nocot,member of the Union for the Republic and Democracy (URD),,,fp,
qwen3_14b,participants,lusa_56,ext_exp_temp0.3_nodelim_norole_nocot,The main opponent of the Government of Mali,,,fp,
qwen3_14b,participants,lusa_56,ext_exp_temp0.3_nodelim_norole_nocot,his family,,,fp,
qwen3_14b,participants,lusa_56,ext_exp_temp0.3_nodelim_norole_nocot,where,,Loc,fn,
qwen3_14b,participants,lusa_56,ext_exp_temp0.3_nodelim_norole_nocot,Malian,,Pl_civil,fn,
qwen3_14b,participants,lusa_56,ext_exp_temp0.3_nodelim_norole_nocot,Mali,,Pl_civil,fn,
qwen3_14b,participants,lusa_56,ext_exp_temp0.3_nodelim_norole_nocot,His,,Per,fn,
qwen3_14b,participants,lusa_56,ext_exp_temp0.3_nodelim_norole_nocot,a member,,Per,fn,
qwen3_14b,participants,lusa_56,ext_exp_temp0.3_nodelim_norole_nocot,wife,,Per,fn,
qwen3_14b,participants,lusa_56,ext_exp_temp0.3_nodelim_norole_nocot,leader of Mali's opposition,,Per,fn,
qwen3_14b,participants,lusa_56,ext_exp_temp0.3_nodelim_norole_nocot,party,,Org,fn,
qwen3_14b,participants,lusa_56,ext_exp_temp0.3_nodelim_norole_nocot,the Union for the Republic and Democracy (URD),,Org,fn,
qwen3_14b,participants,lusa_56,ext_exp_temp0.3_nodelim_norole_nocot,his,,Per,fn,
qwen3_14b,participants,lusa_56,ext_exp_temp0.3_nodelim_norole_nocot,"the new coronavirus, his",,Per,fn,
qwen3_14b,participants,lusa_56,ext_exp_temp0.3_nodelim_norole_nocot,new coronavirus,,Nat,fn,
qwen3_14b,participants,lusa_56,ext_exp_temp0.3_nodelim_norole_nocot,The main opponent of the Government,,Per,fn,
qwen3_14b,participants,lusa_56,ext_exp_temp0.3_nodelim_norole_nocot,opposition figure,,Per,fn,
qwen3_14b,participants,lusa_56,ext_exp_temp0.3_nodelim_norole_nocot,family,,Per,fn,
qwen3_14b,participants,lusa_56,ext_exp_temp0.3_nodelim_norole_nocot,second,,Other,fn,
qwen3_14b,participants,lusa_56,ext_exp_temp0.3_nodelim_norole_nocot,computer engineer,,Per,fn,
qwen3_14b,participants,lusa_56,ext_exp_temp0.3_nodelim_norole_nocot,me,,Per,fn,
qwen3_14b,participants,lusa_56,ext_exp_temp0.3_nodelim_norole_nocot,the Tumbuktu region (Northwest),,Pl_civil,fn,
qwen3_14b,participants,lusa_56,ext_exp_temp0.3_nodelim_norole_nocot,who,,Per,fn,
qwen3_14b,participants,lusa_57,ext_exp_temp0.3_nodelim_norole_nocot,journalists,,Per,tp,
qwen3_14b,participants,lusa_57,ext_exp_temp0.3_nodelim_norole_nocot,the organization,,Org,tp,
qwen3_14b,participants,lusa_57,ext_exp_temp0.3_nodelim_norole_nocot,The Jakarta government,,Org,tp,
qwen3_14b,participants,lusa_57,ext_exp_temp0.3_nodelim_norole_nocot,The FPI,,Org,tp,
qwen3_14b,participants,lusa_57,ext_exp_temp0.3_nodelim_norole_nocot,a Muslim group,,Per,tp,
qwen3_14b,participants,lusa_57,ext_exp_temp0.3_nodelim_norole_nocot,Indonesia,,Pl_country,tp,
qwen3_14b,participants,lusa_57,ext_exp_temp0.3_nodelim_norole_nocot,symbols,,Other,tp,
qwen3_14b,participants,lusa_57,ext_exp_temp0.3_nodelim_norole_nocot,Islamic law (Sharia),,Other,tp,
qwen3_14b,participants,lusa_57,ext_exp_temp0.3_nodelim_norole_nocot,The radical group,,Per,tp,
qwen3_14b,participants,lusa_57,ext_exp_temp0.3_nodelim_norole_nocot,Western embassies,,Org,tp,
qwen3_14b,participants,lusa_57,ext_exp_temp0.3_nodelim_norole_nocot,the population,,Per,tp,
qwen3_14b,participants,lusa_57,ext_exp_temp0.3_nodelim_norole_nocot,Government,,Org,tp,
qwen3_14b,participants,lusa_57,ext_exp_temp0.3_nodelim_norole_nocot,Jakarta,,Pl_capital,tp,
qwen3_14b,participants,lusa_57,ext_exp_temp0.3_nodelim_norole_nocot,Indonesian radical Islamic group,,,fp,
qwen3_14b,participants,lusa_57,ext_exp_temp0.3_nodelim_norole_nocot,humanitarian and charitable missions,,,fp,
qwen3_14b,participants,lusa_57,ext_exp_temp0.3_nodelim_norole_nocot,non-Islamic places of worship,,,fp,
qwen3_14b,participants,lusa_57,ext_exp_temp0.3_nodelim_norole_nocot,a country with 230 million Muslims,,,fp,
qwen3_14b,participants,lusa_57,ext_exp_temp0.3_nodelim_norole_nocot,FPI,,,fp,
qwen3_14b,participants,lusa_57,ext_exp_temp0.3_nodelim_norole_nocot,population,,,fp,
qwen3_14b,participants,lusa_57,ext_exp_temp0.3_nodelim_norole_nocot,authorities,,,fp,
qwen3_14b,participants,lusa_57,ext_exp_temp0.3_nodelim_norole_nocot,Rizieg Shihab,,,fp,
qwen3_14b,participants,lusa_57,ext_exp_temp0.3_nodelim_norole_nocot,the Christian governor of Jakarta,,,fp,
qwen3_14b,participants,lusa_57,ext_exp_temp0.3_nodelim_norole_nocot,Jakarta government,,,fp,
qwen3_14b,participants,lusa_57,ext_exp_temp0.3_nodelim_norole_nocot,Islamic Defense Front (FPI in Indonesian),,,fp,
qwen3_14b,participants,lusa_57,ext_exp_temp0.3_nodelim_norole_nocot,Security Minister Mohammad Mahfud,,,fp,
qwen3_14b,participants,lusa_57,ext_exp_temp0.3_nodelim_norole_nocot,The organization,,Org,fn,
qwen3_14b,participants,lusa_57,ext_exp_temp0.3_nodelim_norole_nocot,the,,Org,fn,
qwen3_14b,participants,lusa_57,ext_exp_temp0.3_nodelim_norole_nocot,the Christian governor,,Per,fn,
qwen3_14b,participants,lusa_57,ext_exp_temp0.3_nodelim_norole_nocot,230 million Muslims,,Per,fn,
qwen3_14b,participants,lusa_57,ext_exp_temp0.3_nodelim_norole_nocot,covid-19,,Nat,fn,
qwen3_14b,participants,lusa_57,ext_exp_temp0.3_nodelim_norole_nocot,that the Islamic Defense Front (FPI in,,Org,fn,
qwen3_14b,participants,lusa_57,ext_exp_temp0.3_nodelim_norole_nocot,Security Minister,,Per,fn,
qwen3_14b,participants,lusa_57,ext_exp_temp0.3_nodelim_norole_nocot,Mohammad Mahfud,,Per,fn,
qwen3_14b,participants,lusa_57,ext_exp_temp0.3_nodelim_norole_nocot,the country,,Pl_country,fn,
qwen3_14b,participants,lusa_57,ext_exp_temp0.3_nodelim_norole_nocot,which,,Per,fn,
qwen3_14b,participants,lusa_57,ext_exp_temp0.3_nodelim_norole_nocot,The organization's leader,,Per,fn,
qwen3_14b,participants,lusa_57,ext_exp_temp0.3_nodelim_norole_nocot,Rizieg Shihab,,Per,fn,
qwen3_14b,participants,lusa_57,ext_exp_temp0.3_nodelim_norole_nocot,violate the restriction,,Other,fn,
qwen3_14b,participants,lusa_57,ext_exp_temp0.3_nodelim_norole_nocot,over to,,Org,fn,
qwen3_14b,participants,lusa_57,ext_exp_temp0.3_nodelim_norole_nocot,country,,Pl_country,fn,
qwen3_14b,participants,lusa_57,ext_exp_temp0.3_nodelim_norole_nocot,curb the covid-19,,Nat,fn,
qwen3_14b,participants,lusa_57,ext_exp_temp0.3_nodelim_norole_nocot,non-Islamic places,,Loc,fn,
qwen3_14b,participants,lusa_58,ext_exp_temp0.3_nodelim_norole_nocot,a newborn,,Per,tp,
qwen3_14b,participants,lusa_58,ext_exp_temp0.3_nodelim_norole_nocot,Sílvia Lutucuta,,Per,tp,
qwen3_14b,participants,lusa_58,ext_exp_temp0.3_nodelim_norole_nocot,the minister,,Per,tp,
qwen3_14b,participants,lusa_58,ext_exp_temp0.3_nodelim_norole_nocot,Cuanhama,,Pl_civil,tp,
qwen3_14b,participants,lusa_58,ext_exp_temp0.3_nodelim_norole_nocot,the new Municipal Hospital of Cuanhama,,Org,tp,
qwen3_14b,participants,lusa_58,ext_exp_temp0.3_nodelim_norole_nocot,Angola,,Pl_country,tp,
qwen3_14b,participants,lusa_58,ext_exp_temp0.3_nodelim_norole_nocot,two people,,Per,tp,
qwen3_14b,participants,lusa_58,ext_exp_temp0.3_nodelim_norole_nocot,General Hospital,,,fp,
qwen3_14b,participants,lusa_58,ext_exp_temp0.3_nodelim_norole_nocot,Cunene,,,fp,
qwen3_14b,participants,lusa_58,ext_exp_temp0.3_nodelim_norole_nocot,province of Cunene,,,fp,
qwen3_14b,participants,lusa_58,ext_exp_temp0.3_nodelim_norole_nocot,health centers,,,fp,
qwen3_14b,participants,lusa_58,ext_exp_temp0.3_nodelim_norole_nocot,patients,,,fp,
qwen3_14b,participants,lusa_58,ext_exp_temp0.3_nodelim_norole_nocot,southern province of Angola,,,fp,
qwen3_14b,participants,lusa_58,ext_exp_temp0.3_nodelim_norole_nocot,a seriously ill patient,,,fp,
qwen3_14b,participants,lusa_58,ext_exp_temp0.3_nodelim_norole_nocot,hospital units,,,fp,
qwen3_14b,participants,lusa_58,ext_exp_temp0.3_nodelim_norole_nocot,The Minister of Health of Angola,,,fp,
qwen3_14b,participants,lusa_58,ext_exp_temp0.3_nodelim_norole_nocot,Angolan government,,,fp,
qwen3_14b,participants,lusa_58,ext_exp_temp0.3_nodelim_norole_nocot,hospital,,,fp,
qwen3_14b,participants,lusa_58,ext_exp_temp0.3_nodelim_norole_nocot,General Hospital of Ondjiva,,,fp,
qwen3_14b,participants,lusa_58,ext_exp_temp0.3_nodelim_norole_nocot,Ministry of Health,,,fp,
qwen3_14b,participants,lusa_58,ext_exp_temp0.3_nodelim_norole_nocot,frontline team,,,fp,
qwen3_14b,participants,lusa_58,ext_exp_temp0.3_nodelim_norole_nocot,the General Hospital,,Fac,fn,
qwen3_14b,participants,lusa_58,ext_exp_temp0.3_nodelim_norole_nocot,The Minister of Health,,Per,fn,
qwen3_14b,participants,lusa_58,ext_exp_temp0.3_nodelim_norole_nocot,the General Hospital in the province of Cunene,,Org,fn,
qwen3_14b,participants,lusa_58,ext_exp_temp0.3_nodelim_norole_nocot,that,,Per,fn,
qwen3_14b,participants,lusa_58,ext_exp_temp0.3_nodelim_norole_nocot,surgical wards,,Loc,fn,
qwen3_14b,participants,lusa_58,ext_exp_temp0.3_nodelim_norole_nocot,the other,,Pl_civil,fn,
qwen3_14b,participants,lusa_58,ext_exp_temp0.3_nodelim_norole_nocot,worst,,Other,fn,
qwen3_14b,participants,lusa_58,ext_exp_temp0.3_nodelim_norole_nocot,other patients,,Per,fn,
qwen3_14b,participants,lusa_58,ext_exp_temp0.3_nodelim_norole_nocot,capital,,Pl_capital,fn,
qwen3_14b,participants,lusa_58,ext_exp_temp0.3_nodelim_norole_nocot,the new Municipal Hospital,,Org,fn,
qwen3_14b,participants,lusa_58,ext_exp_temp0.3_nodelim_norole_nocot,the other patients,,Per,fn,
qwen3_14b,participants,lusa_58,ext_exp_temp0.3_nodelim_norole_nocot,various health centers,,Org,fn,
qwen3_14b,participants,lusa_58,ext_exp_temp0.3_nodelim_norole_nocot,a seriously ill,,Per,fn,
qwen3_14b,participants,lusa_58,ext_exp_temp0.3_nodelim_norole_nocot,oxygen,,Other,fn,
qwen3_14b,participants,lusa_58,ext_exp_temp0.3_nodelim_norole_nocot,Ondjiva,,Pl_civil,fn,
qwen3_14b,participants,lusa_58,ext_exp_temp0.3_nodelim_norole_nocot,that southern province of Angola,,Pl_civil,fn,
qwen3_14b,participants,lusa_58,ext_exp_temp0.3_nodelim_norole_nocot,the province of Cunene,,Pl_civil,fn,
qwen3_14b,participants,lusa_58,ext_exp_temp0.3_nodelim_norole_nocot,that southern province,,Pl_civil,fn,
qwen3_14b,participants,lusa_58,ext_exp_temp0.3_nodelim_norole_nocot,the death,,Pl_region,fn,
qwen3_14b,participants,lusa_58,ext_exp_temp0.3_nodelim_norole_nocot,the operating room,,Loc,fn,
qwen3_14b,participants,lusa_58,ext_exp_temp0.3_nodelim_norole_nocot,A note,,Obj,fn,
qwen3_14b,participants,lusa_58,ext_exp_temp0.3_nodelim_norole_nocot,the oxygen storage station,,Loc,fn,
qwen3_14b,participants,lusa_58,ext_exp_temp0.3_nodelim_norole_nocot,All patients,,Per,fn,
qwen3_14b,participants,lusa_58,ext_exp_temp0.3_nodelim_norole_nocot,the Ministry of Health,,Org,fn,
qwen3_14b,participants,lusa_58,ext_exp_temp0.3_nodelim_norole_nocot,other hospital units,,Org,fn,
qwen3_14b,participants,lusa_58,ext_exp_temp0.3_nodelim_norole_nocot,a frontline team mobilized to avoid the,,Per,fn,
qwen3_14b,participants,lusa_58,ext_exp_temp0.3_nodelim_norole_nocot,of Cunene,,Pl_civil,fn,
qwen3_14b,participants,lusa_58,ext_exp_temp0.3_nodelim_norole_nocot,the operating room areas,,Pl_region,fn,
qwen3_14b,participants,lusa_59,ext_exp_temp0.3_nodelim_norole_nocot,the military,,Per,tp,
qwen3_14b,participants,lusa_59,ext_exp_temp0.3_nodelim_norole_nocot,A 60-year-old man,,Per,tp,
qwen3_14b,participants,lusa_59,ext_exp_temp0.3_nodelim_norole_nocot,Trofa,,Pl_civil,tp,
qwen3_14b,participants,lusa_59,ext_exp_temp0.3_nodelim_norole_nocot,the victim,,Per,tp,
qwen3_14b,participants,lusa_59,ext_exp_temp0.3_nodelim_norole_nocot,the attacker,,Per,tp,
qwen3_14b,participants,lusa_59,ext_exp_temp0.3_nodelim_norole_nocot,The detainee,,Per,tp,
qwen3_14b,participants,lusa_59,ext_exp_temp0.3_nodelim_norole_nocot,the statement,,Obj,tp,
qwen3_14b,participants,lusa_59,ext_exp_temp0.3_nodelim_norole_nocot,the Trofa Territorial Post,,Org,tp,
qwen3_14b,participants,lusa_59,ext_exp_temp0.3_nodelim_norole_nocot,victim,,Per,tp,
qwen3_14b,participants,lusa_59,ext_exp_temp0.3_nodelim_norole_nocot,the woman,,Per,tp,
qwen3_14b,participants,lusa_59,ext_exp_temp0.3_nodelim_norole_nocot,Porto district,,Pl_civil,tp,
qwen3_14b,participants,lusa_59,ext_exp_temp0.3_nodelim_norole_nocot,the GNR,,Per,tp,
qwen3_14b,participants,lusa_59,ext_exp_temp0.3_nodelim_norole_nocot,his 59-year-old wife,,Per,tp,
qwen3_14b,participants,lusa_59,ext_exp_temp0.3_nodelim_norole_nocot,NIAVE,,,fp,
qwen3_14b,participants,lusa_59,ext_exp_temp0.3_nodelim_norole_nocot,GNR,,,fp,
qwen3_14b,participants,lusa_59,ext_exp_temp0.3_nodelim_norole_nocot,Matosinhos Judicial Court,,,fp,
qwen3_14b,participants,lusa_59,ext_exp_temp0.3_nodelim_norole_nocot,the suspect,,,fp,
qwen3_14b,participants,lusa_59,ext_exp_temp0.3_nodelim_norole_nocot,Center for Investigation and Support for Specific Victims,,,fp,
qwen3_14b,participants,lusa_59,ext_exp_temp0.3_nodelim_norole_nocot,Porto,,,fp,
qwen3_14b,participants,lusa_59,ext_exp_temp0.3_nodelim_norole_nocot,Trofa man,,,fp,
qwen3_14b,participants,lusa_59,ext_exp_temp0.3_nodelim_norole_nocot,"the ""suspect",,Per,fn,
qwen3_14b,participants,lusa_59,ext_exp_temp0.3_nodelim_norole_nocot,where,,Loc,fn,
qwen3_14b,participants,lusa_59,ext_exp_temp0.3_nodelim_norole_nocot,the,,Pl_civil,fn,
qwen3_14b,participants,lusa_59,ext_exp_temp0.3_nodelim_norole_nocot,the Matosinhos Judicial Court,,Loc,fn,
qwen3_14b,participants,lusa_59,ext_exp_temp0.3_nodelim_norole_nocot,he,,Per,fn,
qwen3_14b,participants,lusa_59,ext_exp_temp0.3_nodelim_norole_nocot,consumer ,,Per,fn,
qwen3_14b,participants,lusa_59,ext_exp_temp0.3_nodelim_norole_nocot,alcoholic beverages,,Other,fn,
qwen3_14b,participants,lusa_59,ext_exp_temp0.3_nodelim_norole_nocot,Matosinhos,,Pl_civil,fn,
qwen3_14b,participants,lusa_59,ext_exp_temp0.3_nodelim_norole_nocot,and Support for Specific Victims (NIAVE) in,,Org,fn,
qwen3_14b,participants,lusa_59,ext_exp_temp0.3_nodelim_norole_nocot,", his 59-year-old wife",,Per,fn,
qwen3_14b,participants,lusa_59,ext_exp_temp0.3_nodelim_norole_nocot,measure,,Other,fn,
qwen3_14b,participants,lusa_59,ext_exp_temp0.3_nodelim_norole_nocot,an unknown location,,Loc,fn,
qwen3_14b,participants,lusa_59,ext_exp_temp0.3_nodelim_norole_nocot,place of work,,Loc,fn,
qwen3_14b,participants,lusa_59,ext_exp_temp0.3_nodelim_norole_nocot,Judicial Court,,Org,fn,
qwen3_14b,participants,lusa_59,ext_exp_temp0.3_nodelim_norole_nocot,the Trofa,,Pl_civil,fn,
qwen3_14b,participants,lusa_59,ext_exp_temp0.3_nodelim_norole_nocot,his,,Per,fn,
qwen3_14b,participants,lusa_59,ext_exp_temp0.3_nodelim_norole_nocot,statement,,Obj,fn,
qwen3_14b,participants,lusa_6,ext_exp_temp0.3_nodelim_norole_nocot,the district of Aveiro,,Pl_civil,tp,
qwen3_14b,participants,lusa_6,ext_exp_temp0.3_nodelim_norole_nocot,the building,,Fac,tp,
qwen3_14b,participants,lusa_6,ext_exp_temp0.3_nodelim_norole_nocot,Espinho,,Pl_civil,tp,
qwen3_14b,participants,lusa_6,ext_exp_temp0.3_nodelim_norole_nocot,the said building,,Fac,tp,
qwen3_14b,participants,lusa_6,ext_exp_temp0.3_nodelim_norole_nocot,the entrance hall,,Fac,tp,
qwen3_14b,participants,lusa_6,ext_exp_temp0.3_nodelim_norole_nocot,that police force,,Org,tp,
qwen3_14b,participants,lusa_6,ext_exp_temp0.3_nodelim_norole_nocot,A 54-year-old man,,Per,tp,
qwen3_14b,participants,lusa_6,ext_exp_temp0.3_nodelim_norole_nocot,16 people,,Per,tp,
qwen3_14b,participants,lusa_6,ext_exp_temp0.3_nodelim_norole_nocot,the alleged perpetrator,,Per,tp,
qwen3_14b,participants,lusa_6,ext_exp_temp0.3_nodelim_norole_nocot,the PSP,,Org,tp,
qwen3_14b,participants,lusa_6,ext_exp_temp0.3_nodelim_norole_nocot,site,,,fp,
qwen3_14b,participants,lusa_6,ext_exp_temp0.3_nodelim_norole_nocot,smoke inhalation,,,fp,
qwen3_14b,participants,lusa_6,ext_exp_temp0.3_nodelim_norole_nocot,PSP,,,fp,
qwen3_14b,participants,lusa_6,ext_exp_temp0.3_nodelim_norole_nocot,his clothes,,,fp,
qwen3_14b,participants,lusa_6,ext_exp_temp0.3_nodelim_norole_nocot,Espinho Volunteer Firefighters,,,fp,
qwen3_14b,participants,lusa_6,ext_exp_temp0.3_nodelim_norole_nocot,in Espinho,,,fp,
qwen3_14b,participants,lusa_6,ext_exp_temp0.3_nodelim_norole_nocot,police force,,,fp,
qwen3_14b,participants,lusa_6,ext_exp_temp0.3_nodelim_norole_nocot,Aveiro,,,fp,
qwen3_14b,participants,lusa_6,ext_exp_temp0.3_nodelim_norole_nocot,Man,,,fp,
qwen3_14b,participants,lusa_6,ext_exp_temp0.3_nodelim_norole_nocot,residential building,,,fp,
qwen3_14b,participants,lusa_6,ext_exp_temp0.3_nodelim_norole_nocot,arson,,,fp,
qwen3_14b,participants,lusa_6,ext_exp_temp0.3_nodelim_norole_nocot,building,,,fp,
qwen3_14b,participants,lusa_6,ext_exp_temp0.3_nodelim_norole_nocot,in the district of Aveiro,,,fp,
qwen3_14b,participants,lusa_6,ext_exp_temp0.3_nodelim_norole_nocot,The fire,,,fp,
qwen3_14b,participants,lusa_6,ext_exp_temp0.3_nodelim_norole_nocot,Judicial Police,,,fp,
qwen3_14b,participants,lusa_6,ext_exp_temp0.3_nodelim_norole_nocot,resident there,,,fp,
qwen3_14b,participants,lusa_6,ext_exp_temp0.3_nodelim_norole_nocot,medical assistance,,,fp,
qwen3_14b,participants,lusa_6,ext_exp_temp0.3_nodelim_norole_nocot,hospital unit,,,fp,
qwen3_14b,participants,lusa_6,ext_exp_temp0.3_nodelim_norole_nocot,some,,Obj,fn,
qwen3_14b,participants,lusa_6,ext_exp_temp0.3_nodelim_norole_nocot,there,,Fac,fn,
qwen3_14b,participants,lusa_6,ext_exp_temp0.3_nodelim_norole_nocot,smoke,,Nat,fn,
qwen3_14b,participants,lusa_6,ext_exp_temp0.3_nodelim_norole_nocot,that,,Other,fn,
qwen3_14b,participants,lusa_6,ext_exp_temp0.3_nodelim_norole_nocot,PSP informed the Judicial Police,,Org,fn,
qwen3_14b,participants,lusa_6,ext_exp_temp0.3_nodelim_norole_nocot,the Espinho Volunteer Firefighters,,Org,fn,
qwen3_14b,participants,lusa_6,ext_exp_temp0.3_nodelim_norole_nocot,The PSP,,Org,fn,
qwen3_14b,participants,lusa_6,ext_exp_temp0.3_nodelim_norole_nocot,a residential building,,Fac,fn,
qwen3_14b,participants,lusa_6,ext_exp_temp0.3_nodelim_norole_nocot,his,,Per,fn,
qwen3_14b,participants,lusa_6,ext_exp_temp0.3_nodelim_norole_nocot,statement,,Obj,fn,
qwen3_14b,participants,lusa_6,ext_exp_temp0.3_nodelim_norole_nocot,the,,Fac,fn,
qwen3_14b,participants,lusa_6,ext_exp_temp0.3_nodelim_norole_nocot,Volunteer Firefighters,,Org,fn,
qwen3_14b,participants,lusa_6,ext_exp_temp0.3_nodelim_norole_nocot,significant material damage,,Other,fn,
qwen3_14b,participants,lusa_6,ext_exp_temp0.3_nodelim_norole_nocot,any hospital unit,,Fac,fn,
qwen3_14b,participants,lusa_6,ext_exp_temp0.3_nodelim_norole_nocot,them,,Obj,fn,
qwen3_14b,participants,lusa_6,ext_exp_temp0.3_nodelim_norole_nocot,the same note,,Obj,fn,
qwen3_14b,participants,lusa_6,ext_exp_temp0.3_nodelim_norole_nocot,In ,,Obj,fn,
qwen3_14b,participants,lusa_6,ext_exp_temp0.3_nodelim_norole_nocot,16 injuries,,Per,fn,
qwen3_14b,participants,lusa_6,ext_exp_temp0.3_nodelim_norole_nocot,which,,Org,fn,
qwen3_14b,participants,lusa_6,ext_exp_temp0.3_nodelim_norole_nocot,fire,,Nat,fn,
qwen3_14b,participants,lusa_61,ext_exp_temp0.3_nodelim_norole_nocot,a room,,Fac,tp,
qwen3_14b,participants,lusa_61,ext_exp_temp0.3_nodelim_norole_nocot,banking facilities,,Fac,tp,
qwen3_14b,participants,lusa_61,ext_exp_temp0.3_nodelim_norole_nocot,the attacker,,Per,tp,
qwen3_14b,participants,lusa_61,ext_exp_temp0.3_nodelim_norole_nocot,the area,,Per,tp,
qwen3_14b,participants,lusa_61,ext_exp_temp0.3_nodelim_norole_nocot,a video,,Other,tp,
qwen3_14b,participants,lusa_61,ext_exp_temp0.3_nodelim_norole_nocot,The Georgian Ministry of the Interior,,Per,tp,
qwen3_14b,participants,lusa_61,ext_exp_temp0.3_nodelim_norole_nocot,Mtavari TV,,Org,tp,
qwen3_14b,participants,lusa_61,ext_exp_temp0.3_nodelim_norole_nocot,The police,,Org,tp,
qwen3_14b,participants,lusa_61,ext_exp_temp0.3_nodelim_norole_nocot,the bank branch,,Fac,tp,
qwen3_14b,participants,lusa_61,ext_exp_temp0.3_nodelim_norole_nocot,authorities,,Org,tp,
qwen3_14b,participants,lusa_61,ext_exp_temp0.3_nodelim_norole_nocot,The television channel,,Org,tp,
qwen3_14b,participants,lusa_61,ext_exp_temp0.3_nodelim_norole_nocot,the kidnapper,,Per,tp,
qwen3_14b,participants,lusa_61,ext_exp_temp0.3_nodelim_norole_nocot,an armed man,,Per,tp,
qwen3_14b,participants,lusa_61,ext_exp_temp0.3_nodelim_norole_nocot,the ministry,,Org,tp,
qwen3_14b,participants,lusa_61,ext_exp_temp0.3_nodelim_norole_nocot,a shotgun,,Obj,tp,
qwen3_14b,participants,lusa_61,ext_exp_temp0.3_nodelim_norole_nocot,Georgia,,Loc,tp,
qwen3_14b,participants,lusa_61,ext_exp_temp0.3_nodelim_norole_nocot,a bank,,Org,tp,
qwen3_14b,participants,lusa_61,ext_exp_temp0.3_nodelim_norole_nocot,this former Soviet republic,,Loc,tp,
qwen3_14b,participants,lusa_61,ext_exp_temp0.3_nodelim_norole_nocot,a man,,Per,tp,
qwen3_14b,participants,lusa_61,ext_exp_temp0.3_nodelim_norole_nocot,people,,Per,tp,
qwen3_14b,participants,lusa_61,ext_exp_temp0.3_nodelim_norole_nocot,19 people,,Per,tp,
qwen3_14b,participants,lusa_61,ext_exp_temp0.3_nodelim_norole_nocot,western region,,,fp,
qwen3_14b,participants,lusa_61,ext_exp_temp0.3_nodelim_norole_nocot,the city of Zugdidi,,,fp,
qwen3_14b,participants,lusa_61,ext_exp_temp0.3_nodelim_norole_nocot,the bank,,,fp,
qwen3_14b,participants,lusa_61,ext_exp_temp0.3_nodelim_norole_nocot,Georgian state television,,,fp,
qwen3_14b,participants,lusa_61,ext_exp_temp0.3_nodelim_norole_nocot,hostages,,,fp,
qwen3_14b,participants,lusa_61,ext_exp_temp0.3_nodelim_norole_nocot,Zugdidi,,,fp,
qwen3_14b,participants,lusa_61,ext_exp_temp0.3_nodelim_norole_nocot,Gunman,,,fp,
qwen3_14b,participants,lusa_61,ext_exp_temp0.3_nodelim_norole_nocot,military uniform,,,fp,
qwen3_14b,participants,lusa_61,ext_exp_temp0.3_nodelim_norole_nocot,where,,Pl_region,fn,
qwen3_14b,participants,lusa_61,ext_exp_temp0.3_nodelim_norole_nocot,what,,Per,fn,
qwen3_14b,participants,lusa_61,ext_exp_temp0.3_nodelim_norole_nocot,cash,,Obj,fn,
qwen3_14b,participants,lusa_61,ext_exp_temp0.3_nodelim_norole_nocot,that,,Per,fn,
qwen3_14b,participants,lusa_61,ext_exp_temp0.3_nodelim_norole_nocot,the ,,Fac,fn,
qwen3_14b,participants,lusa_61,ext_exp_temp0.3_nodelim_norole_nocot,the floor,,Loc,fn,
qwen3_14b,participants,lusa_61,ext_exp_temp0.3_nodelim_norole_nocot,a hand grenade,,Obj,fn,
qwen3_14b,participants,lusa_61,ext_exp_temp0.3_nodelim_norole_nocot,showing,,Other,fn,
qwen3_14b,participants,lusa_61,ext_exp_temp0.3_nodelim_norole_nocot,one,,Per,fn,
qwen3_14b,participants,lusa_61,ext_exp_temp0.3_nodelim_norole_nocot,a military uniform,,Other,fn,
qwen3_14b,participants,lusa_61,ext_exp_temp0.3_nodelim_norole_nocot,"500,000 (about 420,000 euros)",,Obj,fn,
qwen3_14b,participants,lusa_61,ext_exp_temp0.3_nodelim_norole_nocot,a statement,,Obj,fn,
qwen3_14b,participants,lusa_61,ext_exp_temp0.3_nodelim_norole_nocot,"hostages, the number",,Other,fn,
qwen3_14b,participants,lusa_61,ext_exp_temp0.3_nodelim_norole_nocot,the hostages,,Per,fn,
qwen3_14b,participants,lusa_61,ext_exp_temp0.3_nodelim_norole_nocot,state television,,Org,fn,
qwen3_14b,participants,lusa_61,ext_exp_temp0.3_nodelim_norole_nocot,The ,,Per,fn,
qwen3_14b,participants,lusa_61,ext_exp_temp0.3_nodelim_norole_nocot,Georgian,,Pl_country,fn,
qwen3_14b,participants,lusa_61,ext_exp_temp0.3_nodelim_norole_nocot,several hostages,,Per,fn,
qwen3_14b,participants,lusa_61,ext_exp_temp0.3_nodelim_norole_nocot,"the bank,",,Org,fn,
qwen3_14b,participants,lusa_61,ext_exp_temp0.3_nodelim_norole_nocot,the city of Zugdidi (western region),,Loc,fn,
qwen3_14b,participants,lusa_61,ext_exp_temp0.3_nodelim_norole_nocot,how many people,,Per,fn,
qwen3_14b,participants,lusa_61,ext_exp_temp0.3_nodelim_norole_nocot,face,,Other,fn,
qwen3_14b,participants,lusa_61,ext_exp_temp0.3_nodelim_norole_nocot,hostage,,Per,fn,
qwen3_14b,participants,lusa_62,ext_exp_temp0.3_nodelim_norole_nocot,a tree,,Nat,tp,
qwen3_14b,participants,lusa_62,ext_exp_temp0.3_nodelim_norole_nocot,the Immediate Life Support (SIV) ambulance,,Obj,tp,
qwen3_14b,participants,lusa_62,ext_exp_temp0.3_nodelim_norole_nocot,the National Institute of Medical Emergency (INEM),,Loc,tp,
qwen3_14b,participants,lusa_62,ext_exp_temp0.3_nodelim_norole_nocot,Valença,,Loc,tp,
qwen3_14b,participants,lusa_62,ext_exp_temp0.3_nodelim_norole_nocot,the man,,Per,tp,
qwen3_14b,participants,lusa_62,ext_exp_temp0.3_nodelim_norole_nocot,five vehicles,,Obj,tp,
qwen3_14b,participants,lusa_62,ext_exp_temp0.3_nodelim_norole_nocot,Viana do Castelo,,Pl_civil,tp,
qwen3_14b,participants,lusa_62,ext_exp_temp0.3_nodelim_norole_nocot,parish of Tangil,,Pl_civil,tp,
qwen3_14b,participants,lusa_62,ext_exp_temp0.3_nodelim_norole_nocot,a team of psychologists,,Per,tp,
qwen3_14b,participants,lusa_62,ext_exp_temp0.3_nodelim_norole_nocot,two ambulances,,Obj,tp,
qwen3_14b,participants,lusa_62,ext_exp_temp0.3_nodelim_norole_nocot,Melgaço,,Pl_civil,tp,
qwen3_14b,participants,lusa_62,ext_exp_temp0.3_nodelim_norole_nocot,Monção,,Loc,tp,
qwen3_14b,participants,lusa_62,ext_exp_temp0.3_nodelim_norole_nocot,A 59-year-old man,,Per,tp,
qwen3_14b,participants,lusa_62,ext_exp_temp0.3_nodelim_norole_nocot,district of Viana do Castelo,,Loc,tp,
qwen3_14b,participants,lusa_62,ext_exp_temp0.3_nodelim_norole_nocot,a source,,Per,tp,
qwen3_14b,participants,lusa_62,ext_exp_temp0.3_nodelim_norole_nocot,INEM,,Org,tp,
qwen3_14b,participants,lusa_62,ext_exp_temp0.3_nodelim_norole_nocot,two injured people,,,fp,
qwen3_14b,participants,lusa_62,ext_exp_temp0.3_nodelim_norole_nocot,civil protection source,,,fp,
qwen3_14b,participants,lusa_62,ext_exp_temp0.3_nodelim_norole_nocot,16 firefighters,,,fp,
qwen3_14b,participants,lusa_62,ext_exp_temp0.3_nodelim_norole_nocot,the District Relief Operations Command (CDOS),,,fp,
qwen3_14b,participants,lusa_62,ext_exp_temp0.3_nodelim_norole_nocot,tree,,,fp,
qwen3_14b,participants,lusa_62,ext_exp_temp0.3_nodelim_norole_nocot,air transport,,,fp,
qwen3_14b,participants,lusa_62,ext_exp_temp0.3_nodelim_norole_nocot,An INEM source,,,fp,
qwen3_14b,participants,lusa_62,ext_exp_temp0.3_nodelim_norole_nocot,the helicopter doctor,,,fp,
qwen3_14b,participants,lusa_62,ext_exp_temp0.3_nodelim_norole_nocot,the Monção and Valença Fire Department,,,fp,
qwen3_14b,participants,lusa_62,ext_exp_temp0.3_nodelim_norole_nocot,Man,,,fp,
qwen3_14b,participants,lusa_62,ext_exp_temp0.3_nodelim_norole_nocot,Barreiro,,,fp,
qwen3_14b,participants,lusa_62,ext_exp_temp0.3_nodelim_norole_nocot,Lusa,,,fp,
qwen3_14b,participants,lusa_62,ext_exp_temp0.3_nodelim_norole_nocot,the source,,,fp,
qwen3_14b,participants,lusa_62,ext_exp_temp0.3_nodelim_norole_nocot,that,,Nat,fn,
qwen3_14b,participants,lusa_62,ext_exp_temp0.3_nodelim_norole_nocot,the ,,Obj,fn,
qwen3_14b,participants,lusa_62,ext_exp_temp0.3_nodelim_norole_nocot,fell,,Other,fn,
qwen3_14b,participants,lusa_62,ext_exp_temp0.3_nodelim_norole_nocot,two injured,,Per,fn,
qwen3_14b,participants,lusa_62,ext_exp_temp0.3_nodelim_norole_nocot,CDOS,,Org,fn,
qwen3_14b,participants,lusa_62,ext_exp_temp0.3_nodelim_norole_nocot,A total of 16 firefighters,,Per,fn,
qwen3_14b,participants,lusa_62,ext_exp_temp0.3_nodelim_norole_nocot,the District Relief Operations Command,,Org,fn,
qwen3_14b,participants,lusa_62,ext_exp_temp0.3_nodelim_norole_nocot,by Lusa,,Org,fn,
qwen3_14b,participants,lusa_62,ext_exp_temp0.3_nodelim_norole_nocot,civil protection,,Org,fn,
qwen3_14b,participants,lusa_62,ext_exp_temp0.3_nodelim_norole_nocot,the,,Org,fn,
qwen3_14b,participants,lusa_62,ext_exp_temp0.3_nodelim_norole_nocot,The source,,Per,fn,
qwen3_14b,participants,lusa_62,ext_exp_temp0.3_nodelim_norole_nocot,him,,Per,fn,
qwen3_14b,participants,lusa_62,ext_exp_temp0.3_nodelim_norole_nocot,the District Relief Operations Command (CDOS) of Viana do Castelo,,Org,fn,
qwen3_14b,participants,lusa_62,ext_exp_temp0.3_nodelim_norole_nocot,doctor,,Per,fn,
qwen3_14b,participants,lusa_62,ext_exp_temp0.3_nodelim_norole_nocot,"it, in Barreiro",,Pl_civil,fn,
qwen3_14b,participants,lusa_62,ext_exp_temp0.3_nodelim_norole_nocot,the scene,,Org,fn,
qwen3_14b,participants,lusa_62,ext_exp_temp0.3_nodelim_norole_nocot,source,,Per,fn,
qwen3_14b,participants,lusa_62,ext_exp_temp0.3_nodelim_norole_nocot,the tree,,Nat,fn,
qwen3_14b,participants,lusa_62,ext_exp_temp0.3_nodelim_norole_nocot,the helicopter,,Obj,fn,
qwen3_14b,participants,lusa_63,ext_exp_temp0.3_nodelim_norole_nocot,Braga,,Pl_civil,tp,
qwen3_14b,participants,lusa_63,ext_exp_temp0.3_nodelim_norole_nocot,A 48-year-old man,,Per,tp,
qwen3_14b,participants,lusa_63,ext_exp_temp0.3_nodelim_norole_nocot,two light vehicles,,Obj,tp,
qwen3_14b,participants,lusa_63,ext_exp_temp0.3_nodelim_norole_nocot,the driver,,Per,tp,
qwen3_14b,participants,lusa_63,ext_exp_temp0.3_nodelim_norole_nocot,parish of Chorente,,,fp,
qwen3_14b,participants,lusa_63,ext_exp_temp0.3_nodelim_norole_nocot,municipality of Barcelos,,,fp,
qwen3_14b,participants,lusa_63,ext_exp_temp0.3_nodelim_norole_nocot,a slightly injured person,,,fp,
qwen3_14b,participants,lusa_63,ext_exp_temp0.3_nodelim_norole_nocot,car collision,,,fp,
qwen3_14b,participants,lusa_63,ext_exp_temp0.3_nodelim_norole_nocot,Barcelos Hospital,,,fp,
qwen3_14b,participants,lusa_63,ext_exp_temp0.3_nodelim_norole_nocot,Braga CDOS,,,fp,
qwen3_14b,participants,lusa_63,ext_exp_temp0.3_nodelim_norole_nocot,Viatodos Volunteer Fire Department,,,fp,
qwen3_14b,participants,lusa_63,ext_exp_temp0.3_nodelim_norole_nocot,48-year-old man,,,fp,
qwen3_14b,participants,lusa_63,ext_exp_temp0.3_nodelim_norole_nocot,Barcelos,,,fp,
qwen3_14b,participants,lusa_63,ext_exp_temp0.3_nodelim_norole_nocot,a source,,,fp,
qwen3_14b,participants,lusa_63,ext_exp_temp0.3_nodelim_norole_nocot,District Relief Operations Command (CDOS),,,fp,
qwen3_14b,participants,lusa_63,ext_exp_temp0.3_nodelim_norole_nocot,District Relief Operations Command (CDOS) of Braga,,Org,fn,
qwen3_14b,participants,lusa_63,ext_exp_temp0.3_nodelim_norole_nocot,the two cars,,Obj,fn,
qwen3_14b,participants,lusa_63,ext_exp_temp0.3_nodelim_norole_nocot,municipality of Barcelos (Braga),,Loc,fn,
qwen3_14b,participants,lusa_63,ext_exp_temp0.3_nodelim_norole_nocot,to Barcelos Hospital,,Loc,fn,
qwen3_14b,participants,lusa_63,ext_exp_temp0.3_nodelim_norole_nocot,"a slightly injured person was also reported, around 20 years old",,Per,fn,
qwen3_14b,participants,lusa_63,ext_exp_temp0.3_nodelim_norole_nocot,CDOS,,Org,fn,
qwen3_14b,participants,lusa_63,ext_exp_temp0.3_nodelim_norole_nocot,the Viatodos Volunteer Fire,,Org,fn,
qwen3_14b,participants,lusa_63,ext_exp_temp0.3_nodelim_norole_nocot,the parish of Chorente,,Loc,fn,
qwen3_14b,participants,lusa_63,ext_exp_temp0.3_nodelim_norole_nocot,the vehicles,,Obj,fn,
qwen3_14b,participants,lusa_63,ext_exp_temp0.3_nodelim_norole_nocot,Volunteer Fire,,Org,fn,
qwen3_14b,participants,lusa_63,ext_exp_temp0.3_nodelim_norole_nocot,the District Relief Operations Command,,Org,fn,
qwen3_14b,participants,lusa_63,ext_exp_temp0.3_nodelim_norole_nocot,one,,Obj,fn,
qwen3_14b,participants,lusa_63,ext_exp_temp0.3_nodelim_norole_nocot,source,,Per,fn,
qwen3_14b,participants,lusa_63,ext_exp_temp0.3_nodelim_norole_nocot,The fatal victim,,Per,fn,
qwen3_14b,participants,lusa_63,ext_exp_temp0.3_nodelim_norole_nocot,Viatodos,,Pl_civil,fn,
qwen3_14b,participants,lusa_63,ext_exp_temp0.3_nodelim_norole_nocot,the Braga CDOS,,Org,fn,
qwen3_14b,participants,lusa_64,ext_exp_temp0.3_nodelim_norole_nocot,three men,,Per,tp,
qwen3_14b,participants,lusa_64,ext_exp_temp0.3_nodelim_norole_nocot,the drug,,Obj,tp,
qwen3_14b,participants,lusa_64,ext_exp_temp0.3_nodelim_norole_nocot,the PJ,,Org,tp,
qwen3_14b,participants,lusa_64,ext_exp_temp0.3_nodelim_norole_nocot,Osvaldo Vieira airport,,Fac,tp,
qwen3_14b,participants,lusa_64,ext_exp_temp0.3_nodelim_norole_nocot,a man,,Per,tp,
qwen3_14b,participants,lusa_64,ext_exp_temp0.3_nodelim_norole_nocot,the man,,Per,tp,
qwen3_14b,participants,lusa_64,ext_exp_temp0.3_nodelim_norole_nocot,The Judicial Police of Guinea-Bissau,,Org,tp,
qwen3_14b,participants,lusa_64,ext_exp_temp0.3_nodelim_norole_nocot,Osvaldo Vieira international airport,,Fac,tp,
qwen3_14b,participants,lusa_64,ext_exp_temp0.3_nodelim_norole_nocot,the police force,,Org,tp,
qwen3_14b,participants,lusa_64,ext_exp_temp0.3_nodelim_norole_nocot,the airport,,Fac,tp,
qwen3_14b,participants,lusa_64,ext_exp_temp0.3_nodelim_norole_nocot,a Portuguese-Guinean citizen,,Per,tp,
qwen3_14b,participants,lusa_64,ext_exp_temp0.3_nodelim_norole_nocot,Bissau,,Pl_country,tp,
qwen3_14b,participants,lusa_64,ext_exp_temp0.3_nodelim_norole_nocot,Lisbon,,Pl_capital,tp,
qwen3_14b,participants,lusa_64,ext_exp_temp0.3_nodelim_norole_nocot,another Portuguese-Guinean citizen,,,fp,
qwen3_14b,participants,lusa_64,ext_exp_temp0.3_nodelim_norole_nocot,flight to Lisbon,,,fp,
qwen3_14b,participants,lusa_64,ext_exp_temp0.3_nodelim_norole_nocot,three kilograms of cocaine,,,fp,
qwen3_14b,participants,lusa_64,ext_exp_temp0.3_nodelim_norole_nocot,PJ,,,fp,
qwen3_14b,participants,lusa_64,ext_exp_temp0.3_nodelim_norole_nocot,three kilos of cocaine,,,fp,
qwen3_14b,participants,lusa_64,ext_exp_temp0.3_nodelim_norole_nocot,man,,,fp,
qwen3_14b,participants,lusa_64,ext_exp_temp0.3_nodelim_norole_nocot,Public Prosecutor's Office,,,fp,
qwen3_14b,participants,lusa_64,ext_exp_temp0.3_nodelim_norole_nocot,a kilogram of cocaine,,,fp,
qwen3_14b,participants,lusa_64,ext_exp_temp0.3_nodelim_norole_nocot,airport,,,fp,
qwen3_14b,participants,lusa_64,ext_exp_temp0.3_nodelim_norole_nocot,a statement,,,fp,
qwen3_14b,participants,lusa_64,ext_exp_temp0.3_nodelim_norole_nocot,Guinea-Bissau PJ,,,fp,
qwen3_14b,participants,lusa_64,ext_exp_temp0.3_nodelim_norole_nocot,waist,,Other,fn,
qwen3_14b,participants,lusa_64,ext_exp_temp0.3_nodelim_norole_nocot,"the man, aged 47",,Per,fn,
qwen3_14b,participants,lusa_64,ext_exp_temp0.3_nodelim_norole_nocot,the Public,,Org,fn,
qwen3_14b,participants,lusa_64,ext_exp_temp0.3_nodelim_norole_nocot,to ,,Per,fn,
qwen3_14b,participants,lusa_64,ext_exp_temp0.3_nodelim_norole_nocot,"another Portuguese-Guinean citizen, aged 22",,Per,fn,
qwen3_14b,participants,lusa_64,ext_exp_temp0.3_nodelim_norole_nocot,The Judicial Police,,Org,fn,
qwen3_14b,participants,lusa_64,ext_exp_temp0.3_nodelim_norole_nocot,a kilogram,,Other,fn,
qwen3_14b,participants,lusa_64,ext_exp_temp0.3_nodelim_norole_nocot,the statement,,Obj,fn,
qwen3_14b,participants,lusa_64,ext_exp_temp0.3_nodelim_norole_nocot,three kilograms,,Other,fn,
qwen3_14b,participants,lusa_64,ext_exp_temp0.3_nodelim_norole_nocot,cocaine,,Obj,fn,
qwen3_14b,participants,lusa_64,ext_exp_temp0.3_nodelim_norole_nocot,The PJ,,Org,fn,
qwen3_14b,participants,lusa_64,ext_exp_temp0.3_nodelim_norole_nocot,inside,,Fac,fn,
qwen3_14b,participants,lusa_64,ext_exp_temp0.3_nodelim_norole_nocot,of Guinea-Bissau,,Pl_country,fn,
qwen3_14b,participants,lusa_64,ext_exp_temp0.3_nodelim_norole_nocot,drugs,,Obj,fn,
qwen3_14b,participants,lusa_64,ext_exp_temp0.3_nodelim_norole_nocot,statement,,Obj,fn,
qwen3_14b,participants,lusa_65,ext_exp_temp0.3_nodelim_norole_nocot,Aguda Firefighters,,Org,tp,
qwen3_14b,participants,lusa_65,ext_exp_temp0.3_nodelim_norole_nocot,the man,,Per,tp,
qwen3_14b,participants,lusa_65,ext_exp_temp0.3_nodelim_norole_nocot,Civil Protection,,Org,tp,
qwen3_14b,participants,lusa_65,ext_exp_temp0.3_nodelim_norole_nocot,A 25-year-old man,,Per,tp,
qwen3_14b,participants,lusa_65,ext_exp_temp0.3_nodelim_norole_nocot,Arcozelo,,Loc,tp,
qwen3_14b,participants,lusa_65,ext_exp_temp0.3_nodelim_norole_nocot,Vila Nova de Gaia,,Loc,tp,
qwen3_14b,participants,lusa_65,ext_exp_temp0.3_nodelim_norole_nocot,Vila Nova de Gaia/Espinho Hospital Center,,Org,tp,
qwen3_14b,participants,lusa_65,ext_exp_temp0.3_nodelim_norole_nocot,the source,,Per,tp,
qwen3_14b,participants,lusa_65,ext_exp_temp0.3_nodelim_norole_nocot,25-year-old man,,,fp,
qwen3_14b,participants,lusa_65,ext_exp_temp0.3_nodelim_norole_nocot,Sapadores,,,fp,
qwen3_14b,participants,lusa_65,ext_exp_temp0.3_nodelim_norole_nocot,Vila Nova de Gaia Firefighters,,,fp,
qwen3_14b,participants,lusa_65,ext_exp_temp0.3_nodelim_norole_nocot,his house,,,fp,
qwen3_14b,participants,lusa_65,ext_exp_temp0.3_nodelim_norole_nocot,the house,,,fp,
qwen3_14b,participants,lusa_65,ext_exp_temp0.3_nodelim_norole_nocot,a local Sapadores source,,,fp,
qwen3_14b,participants,lusa_65,ext_exp_temp0.3_nodelim_norole_nocot,Lusa.,,,fp,
qwen3_14b,participants,lusa_65,ext_exp_temp0.3_nodelim_norole_nocot,The fire,,,fp,
qwen3_14b,participants,lusa_65,ext_exp_temp0.3_nodelim_norole_nocot,the fire that partially consumed the house,,,fp,
qwen3_14b,participants,lusa_65,ext_exp_temp0.3_nodelim_norole_nocot,limbs,,,fp,
qwen3_14b,participants,lusa_65,ext_exp_temp0.3_nodelim_norole_nocot,house fire,,,fp,
qwen3_14b,participants,lusa_65,ext_exp_temp0.3_nodelim_norole_nocot,8:51 am,,,fp,
qwen3_14b,participants,lusa_65,ext_exp_temp0.3_nodelim_norole_nocot,upper and lower limbs,,Other,fn,
qwen3_14b,participants,lusa_65,ext_exp_temp0.3_nodelim_norole_nocot,flames,,Nat,fn,
qwen3_14b,participants,lusa_65,ext_exp_temp0.3_nodelim_norole_nocot,the scene,,Loc,fn,
qwen3_14b,participants,lusa_65,ext_exp_temp0.3_nodelim_norole_nocot,that,,Nat,fn,
qwen3_14b,participants,lusa_65,ext_exp_temp0.3_nodelim_norole_nocot,kitchen,,Loc,fn,
qwen3_14b,participants,lusa_65,ext_exp_temp0.3_nodelim_norole_nocot,source,,Per,fn,
qwen3_14b,participants,lusa_65,ext_exp_temp0.3_nodelim_norole_nocot,local Sapadores,,Org,fn,
qwen3_14b,participants,lusa_65,ext_exp_temp0.3_nodelim_norole_nocot,consumed the,,Loc,fn,
qwen3_14b,participants,lusa_65,ext_exp_temp0.3_nodelim_norole_nocot,Vila Nova de Gaia Firefighters and Aguda Firefighters were fighting the,,Org,fn,
qwen3_14b,participants,lusa_65,ext_exp_temp0.3_nodelim_norole_nocot,house,,Loc,fn,
qwen3_14b,participants,lusa_65,ext_exp_temp0.3_nodelim_norole_nocot,his,,Per,fn,
qwen3_14b,participants,lusa_65,ext_exp_temp0.3_nodelim_norole_nocot,Lusa,,Org,fn,
qwen3_14b,participants,lusa_66,ext_exp_temp0.3_nodelim_norole_nocot,a man,,Per,tp,
qwen3_14b,participants,lusa_66,ext_exp_temp0.3_nodelim_norole_nocot,partner,,Per,tp,
qwen3_14b,participants,lusa_66,ext_exp_temp0.3_nodelim_norole_nocot,MP,,Org,tp,
qwen3_14b,participants,lusa_66,ext_exp_temp0.3_nodelim_norole_nocot,Braga,,Pl_civil,tp,
qwen3_14b,participants,lusa_66,ext_exp_temp0.3_nodelim_norole_nocot,the victim,,Per,tp,
qwen3_14b,participants,lusa_66,ext_exp_temp0.3_nodelim_norole_nocot,the MP,,Org,tp,
qwen3_14b,participants,lusa_66,ext_exp_temp0.3_nodelim_norole_nocot,the defendant,,Per,tp,
qwen3_14b,participants,lusa_66,ext_exp_temp0.3_nodelim_norole_nocot,that prosecutor's office,,Org,tp,
qwen3_14b,participants,lusa_66,ext_exp_temp0.3_nodelim_norole_nocot,the Porto District Attorney General's Office,,Org,tp,
qwen3_14b,participants,lusa_66,ext_exp_temp0.3_nodelim_norole_nocot,The Public Prosecutor's Office (MP) of Braga,,Org,tp,
qwen3_14b,participants,lusa_66,ext_exp_temp0.3_nodelim_norole_nocot,Amares,,Loc,tp,
qwen3_14b,participants,lusa_66,ext_exp_temp0.3_nodelim_norole_nocot,prosecutor's office,,,fp,
qwen3_14b,participants,lusa_66,ext_exp_temp0.3_nodelim_norole_nocot,his partner's daughter,,,fp,
qwen3_14b,participants,lusa_66,ext_exp_temp0.3_nodelim_norole_nocot,defendant,,,fp,
qwen3_14b,participants,lusa_66,ext_exp_temp0.3_nodelim_norole_nocot,man,,,fp,
qwen3_14b,participants,lusa_66,ext_exp_temp0.3_nodelim_norole_nocot,Porto,,,fp,
qwen3_14b,participants,lusa_66,ext_exp_temp0.3_nodelim_norole_nocot,The indictment,,Other,fn,
qwen3_14b,participants,lusa_66,ext_exp_temp0.3_nodelim_norole_nocot,her,,Per,fn,
qwen3_14b,participants,lusa_66,ext_exp_temp0.3_nodelim_norole_nocot,daughter,,Per,fn,
qwen3_14b,participants,lusa_66,ext_exp_temp0.3_nodelim_norole_nocot,the ,,Per,fn,
qwen3_14b,participants,lusa_66,ext_exp_temp0.3_nodelim_norole_nocot,note,,Obj,fn,
qwen3_14b,participants,lusa_66,ext_exp_temp0.3_nodelim_norole_nocot,the Porto,,Pl_civil,fn,
qwen3_14b,participants,lusa_66,ext_exp_temp0.3_nodelim_norole_nocot,children,,Per,fn,
qwen3_14b,participants,lusa_66,ext_exp_temp0.3_nodelim_norole_nocot,The Public Prosecutor's Office,,Org,fn,
qwen3_14b,participants,lusa_66,ext_exp_temp0.3_nodelim_norole_nocot,The MP,,Org,fn,
qwen3_14b,participants,lusa_66,ext_exp_temp0.3_nodelim_norole_nocot,'s ,,Org,fn,
qwen3_14b,participants,lusa_66,ext_exp_temp0.3_nodelim_norole_nocot,The ,,Per,fn,
qwen3_14b,participants,lusa_66,ext_exp_temp0.3_nodelim_norole_nocot,his,,Per,fn,
qwen3_14b,participants,lusa_66,ext_exp_temp0.3_nodelim_norole_nocot,the moments,,Other,fn,
qwen3_14b,participants,lusa_66,ext_exp_temp0.3_nodelim_norole_nocot,District Attorney General's Office,,Org,fn,
qwen3_14b,participants,lusa_66,ext_exp_temp0.3_nodelim_norole_nocot,page,,Other,fn,
qwen3_14b,participants,lusa_66,ext_exp_temp0.3_nodelim_norole_nocot,10 years,,Other,fn,
qwen3_14b,participants,lusa_68,ext_exp_temp0.3_nodelim_norole_nocot,An 84-year-old man,,Per,tp,
qwen3_14b,participants,lusa_68,ext_exp_temp0.3_nodelim_norole_nocot,municipality of Santa Marta de Penaguião,,Pl_civil,tp,
qwen3_14b,participants,lusa_68,ext_exp_temp0.3_nodelim_norole_nocot,Vasco Correia,,Per,tp,
qwen3_14b,participants,lusa_68,ext_exp_temp0.3_nodelim_norole_nocot,Santa Marta de Penaguião,,Pl_civil,tp,
qwen3_14b,participants,lusa_68,ext_exp_temp0.3_nodelim_norole_nocot,three vehicles,,Obj,tp,
qwen3_14b,participants,lusa_68,ext_exp_temp0.3_nodelim_norole_nocot,Vila Maior,,Pl_civil,tp,
qwen3_14b,participants,lusa_68,ext_exp_temp0.3_nodelim_norole_nocot,GNR,,Org,tp,
qwen3_14b,participants,lusa_68,ext_exp_temp0.3_nodelim_norole_nocot,district of Vila Real,,Pl_civil,tp,
qwen3_14b,participants,lusa_68,ext_exp_temp0.3_nodelim_norole_nocot,INEM,,Org,tp,
qwen3_14b,participants,lusa_68,ext_exp_temp0.3_nodelim_norole_nocot,the Santa Marta de Penaguião fire commander,,,fp,
qwen3_14b,participants,lusa_68,ext_exp_temp0.3_nodelim_norole_nocot,six firefighters from Santa Marta de Penaguião,,,fp,
qwen3_14b,participants,lusa_68,ext_exp_temp0.3_nodelim_norole_nocot,84-year-old man,,,fp,
qwen3_14b,participants,lusa_68,ext_exp_temp0.3_nodelim_norole_nocot,a GNR source,,,fp,
qwen3_14b,participants,lusa_68,ext_exp_temp0.3_nodelim_norole_nocot,Emergency and Resuscitation Medical Vehicle (VMER) team,,,fp,
qwen3_14b,participants,lusa_68,ext_exp_temp0.3_nodelim_norole_nocot,at ,,Per,fn,
qwen3_14b,participants,lusa_68,ext_exp_temp0.3_nodelim_norole_nocot,the ,,Org,fn,
qwen3_14b,participants,lusa_68,ext_exp_temp0.3_nodelim_norole_nocot,the Santa Marta de Penaguião,,Org,fn,
qwen3_14b,participants,lusa_68,ext_exp_temp0.3_nodelim_norole_nocot,with,,Org,fn,
qwen3_14b,participants,lusa_68,ext_exp_temp0.3_nodelim_norole_nocot,) team,,Per,fn,
qwen3_14b,participants,lusa_68,ext_exp_temp0.3_nodelim_norole_nocot,firefighters from Santa Marta de Penaguião,,Org,fn,
qwen3_14b,participants,lusa_68,ext_exp_temp0.3_nodelim_norole_nocot,the scene,,Org,fn,
qwen3_14b,participants,lusa_68,ext_exp_temp0.3_nodelim_norole_nocot,the Emergency and Resuscitation Medical Vehicle (VMER),,Obj,fn,
qwen3_14b,participants,lusa_68,ext_exp_temp0.3_nodelim_norole_nocot,source,,Per,fn,
qwen3_14b,participants,lusa_68,ext_exp_temp0.3_nodelim_norole_nocot,a GNR,,Org,fn,
qwen3_14b,participants,lusa_68,ext_exp_temp0.3_nodelim_norole_nocot,commander,,Per,fn,
qwen3_14b,participants,lusa_68,ext_exp_temp0.3_nodelim_norole_nocot,a small car,,Obj,fn,
qwen3_14b,participants,lusa_68,ext_exp_temp0.3_nodelim_norole_nocot,the GNR,,Org,fn,
qwen3_14b,participants,lusa_69,ext_exp_temp0.3_nodelim_norole_nocot,A man,,Per,tp,
qwen3_14b,participants,lusa_69,ext_exp_temp0.3_nodelim_norole_nocot,Vila Nova de Famalicão,,Pl_civil,tp,
qwen3_14b,participants,lusa_69,ext_exp_temp0.3_nodelim_norole_nocot,source,,Per,tp,
qwen3_14b,participants,lusa_69,ext_exp_temp0.3_nodelim_norole_nocot,Lusa,,Org,tp,
qwen3_14b,participants,lusa_69,ext_exp_temp0.3_nodelim_norole_nocot,Porto,,Pl_civil,tp,
qwen3_14b,participants,lusa_69,ext_exp_temp0.3_nodelim_norole_nocot,The 58-year-old man,,Per,tp,
qwen3_14b,participants,lusa_69,ext_exp_temp0.3_nodelim_norole_nocot,gasoline,,Obj,tp,
qwen3_14b,participants,lusa_69,ext_exp_temp0.3_nodelim_norole_nocot,Vale de S.,,,fp,
qwen3_14b,participants,lusa_69,ext_exp_temp0.3_nodelim_norole_nocot,Famalicenses Volunteer Firefighters,,,fp,
qwen3_14b,participants,lusa_69,ext_exp_temp0.3_nodelim_norole_nocot,Hospital de São João,,,fp,
qwen3_14b,participants,lusa_69,ext_exp_temp0.3_nodelim_norole_nocot,cause of the accident,,,fp,
qwen3_14b,participants,lusa_69,ext_exp_temp0.3_nodelim_norole_nocot,Famalicão,,,fp,
qwen3_14b,participants,lusa_69,ext_exp_temp0.3_nodelim_norole_nocot,local fire department,,,fp,
qwen3_14b,participants,lusa_69,ext_exp_temp0.3_nodelim_norole_nocot,handling of gasoline,,,fp,
qwen3_14b,participants,lusa_69,ext_exp_temp0.3_nodelim_norole_nocot,Martinho,,,fp,
qwen3_14b,participants,lusa_69,ext_exp_temp0.3_nodelim_norole_nocot,victim,,,fp,
qwen3_14b,participants,lusa_69,ext_exp_temp0.3_nodelim_norole_nocot,Man,,,fp,
qwen3_14b,participants,lusa_69,ext_exp_temp0.3_nodelim_norole_nocot,his face,,Other,fn,
qwen3_14b,participants,lusa_69,ext_exp_temp0.3_nodelim_norole_nocot,to a local fire,,Org,fn,
qwen3_14b,participants,lusa_69,ext_exp_temp0.3_nodelim_norole_nocot,the district of Braga,,Loc,fn,
qwen3_14b,participants,lusa_69,ext_exp_temp0.3_nodelim_norole_nocot,the victim,,Per,fn,
qwen3_14b,participants,lusa_69,ext_exp_temp0.3_nodelim_norole_nocot,the Emergency and Resuscitation Medical Vehicle (VMER),,Obj,fn,
qwen3_14b,participants,lusa_69,ext_exp_temp0.3_nodelim_norole_nocot,to Hospital,,Fac,fn,
qwen3_14b,participants,lusa_69,ext_exp_temp0.3_nodelim_norole_nocot,upper limbs,,Other,fn,
qwen3_14b,participants,lusa_69,ext_exp_temp0.3_nodelim_norole_nocot,the Famalicenses Volunteer Firefighters,,Org,fn,
qwen3_14b,participants,lusa_69,ext_exp_temp0.3_nodelim_norole_nocot,to Hospital de São João,,Fac,fn,
qwen3_14b,participants,lusa_69,ext_exp_temp0.3_nodelim_norole_nocot,Famalicão Hospital,,Org,fn,
qwen3_14b,participants,lusa_69,ext_exp_temp0.3_nodelim_norole_nocot,Vale de S. Martinho,,Pl_civil,fn,
qwen3_14b,participants,lusa_7,ext_exp_temp0.3_nodelim_norole_nocot,northern Mexico,,Pl_country,tp,
qwen3_14b,participants,lusa_7,ext_exp_temp0.3_nodelim_norole_nocot,A man,,Per,tp,
qwen3_14b,participants,lusa_7,ext_exp_temp0.3_nodelim_norole_nocot,the man,,Per,tp,
qwen3_14b,participants,lusa_7,ext_exp_temp0.3_nodelim_norole_nocot,the children's mother,,Per,tp,
qwen3_14b,participants,lusa_7,ext_exp_temp0.3_nodelim_norole_nocot,the boys,,Per,tp,
qwen3_14b,participants,lusa_7,ext_exp_temp0.3_nodelim_norole_nocot,Sonora,,Pl_state,tp,
qwen3_14b,participants,lusa_7,ext_exp_temp0.3_nodelim_norole_nocot,the children's grandfather,,Per,tp,
qwen3_14b,participants,lusa_7,ext_exp_temp0.3_nodelim_norole_nocot,Hidalgo,,Pl_civil,tp,
qwen3_14b,participants,lusa_7,ext_exp_temp0.3_nodelim_norole_nocot,his father,,Per,tp,
qwen3_14b,participants,lusa_7,ext_exp_temp0.3_nodelim_norole_nocot,The suspect,,Per,tp,
qwen3_14b,participants,lusa_7,ext_exp_temp0.3_nodelim_norole_nocot,his children,,Per,tp,
qwen3_14b,participants,lusa_7,ext_exp_temp0.3_nodelim_norole_nocot,the police,,Org,tp,
qwen3_14b,participants,lusa_7,ext_exp_temp0.3_nodelim_norole_nocot,Mexico,,,fp,
qwen3_14b,participants,lusa_7,ext_exp_temp0.3_nodelim_norole_nocot,her children,,,fp,
qwen3_14b,participants,lusa_7,ext_exp_temp0.3_nodelim_norole_nocot,to be charged,,,fp,
qwen3_14b,participants,lusa_7,ext_exp_temp0.3_nodelim_norole_nocot,Father,,,fp,
qwen3_14b,participants,lusa_7,ext_exp_temp0.3_nodelim_norole_nocot,the deaths,,,fp,
qwen3_14b,participants,lusa_7,ext_exp_temp0.3_nodelim_norole_nocot,prosecutors,,,fp,
qwen3_14b,participants,lusa_7,ext_exp_temp0.3_nodelim_norole_nocot,children,,,fp,
qwen3_14b,participants,lusa_7,ext_exp_temp0.3_nodelim_norole_nocot,to Sonora,,,fp,
qwen3_14b,participants,lusa_7,ext_exp_temp0.3_nodelim_norole_nocot,Prosecutors,,,fp,
qwen3_14b,participants,lusa_7,ext_exp_temp0.3_nodelim_norole_nocot,the office,,,fp,
qwen3_14b,participants,lusa_7,ext_exp_temp0.3_nodelim_norole_nocot,Sunday,,,fp,
qwen3_14b,participants,lusa_7,ext_exp_temp0.3_nodelim_norole_nocot,his wife,,,fp,
qwen3_14b,participants,lusa_7,ext_exp_temp0.3_nodelim_norole_nocot,his three children,,,fp,
qwen3_14b,participants,lusa_7,ext_exp_temp0.3_nodelim_norole_nocot,prosecutors' office,,,fp,
qwen3_14b,participants,lusa_7,ext_exp_temp0.3_nodelim_norole_nocot,wife,,,fp,
qwen3_14b,participants,lusa_7,ext_exp_temp0.3_nodelim_norole_nocot,where,,Pl_civil,fn,
qwen3_14b,participants,lusa_7,ext_exp_temp0.3_nodelim_norole_nocot,the,,Pl_civil,fn,
qwen3_14b,participants,lusa_7,ext_exp_temp0.3_nodelim_norole_nocot,three children,,Per,fn,
qwen3_14b,participants,lusa_7,ext_exp_temp0.3_nodelim_norole_nocot,against his wife,,Per,fn,
qwen3_14b,participants,lusa_7,ext_exp_temp0.3_nodelim_norole_nocot,The prosecutors,,Per,fn,
qwen3_14b,participants,lusa_7,ext_exp_temp0.3_nodelim_norole_nocot,the children,,Per,fn,
qwen3_14b,participants,lusa_7,ext_exp_temp0.3_nodelim_norole_nocot,northern state of Sonora said the,,Pl_state,fn,
qwen3_14b,participants,lusa_7,ext_exp_temp0.3_nodelim_norole_nocot,her,,Per,fn,
qwen3_14b,participants,lusa_7,ext_exp_temp0.3_nodelim_norole_nocot,mother,,Per,fn,
qwen3_14b,participants,lusa_7,ext_exp_temp0.3_nodelim_norole_nocot,revenge,,Per,fn,
qwen3_14b,participants,lusa_7,ext_exp_temp0.3_nodelim_norole_nocot,argued with the,,Per,fn,
qwen3_14b,participants,lusa_7,ext_exp_temp0.3_nodelim_norole_nocot,"3,7 and 8 years",,Other,fn,
qwen3_14b,participants,lusa_7,ext_exp_temp0.3_nodelim_norole_nocot,"mother, prosecutors",,Per,fn,
qwen3_14b,participants,lusa_7,ext_exp_temp0.3_nodelim_norole_nocot,statement,,Obj,fn,
qwen3_14b,participants,lusa_7,ext_exp_temp0.3_nodelim_norole_nocot,The prosecutors' office,,Org,fn,
qwen3_14b,participants,lusa_7,ext_exp_temp0.3_nodelim_norole_nocot,in ,,Org,fn,
qwen3_14b,participants,lusa_70,ext_exp_temp0.3_nodelim_norole_nocot,the Northern Directorate,,Org,tp,
qwen3_14b,participants,lusa_70,ext_exp_temp0.3_nodelim_norole_nocot,The Judiciary Police (PJ),,Org,tp,
qwen3_14b,participants,lusa_70,ext_exp_temp0.3_nodelim_norole_nocot,the defendant,,Per,tp,
qwen3_14b,participants,lusa_70,ext_exp_temp0.3_nodelim_norole_nocot,the victim,,Per,tp,
qwen3_14b,participants,lusa_70,ext_exp_temp0.3_nodelim_norole_nocot,that corporation,,Org,tp,
qwen3_14b,participants,lusa_70,ext_exp_temp0.3_nodelim_norole_nocot,the scene,,Loc,tp,
qwen3_14b,participants,lusa_70,ext_exp_temp0.3_nodelim_norole_nocot,The detainee,,Per,tp,
qwen3_14b,participants,lusa_70,ext_exp_temp0.3_nodelim_norole_nocot,the Penafiel man,,Per,tp,
qwen3_14b,participants,lusa_70,ext_exp_temp0.3_nodelim_norole_nocot,the first police force,,Org,tp,
qwen3_14b,participants,lusa_70,ext_exp_temp0.3_nodelim_norole_nocot,futile reasons,,Other,tp,
qwen3_14b,participants,lusa_70,ext_exp_temp0.3_nodelim_norole_nocot,Penafiel,,Pl_civil,tp,
qwen3_14b,participants,lusa_70,ext_exp_temp0.3_nodelim_norole_nocot,The GNR,,Org,tp,
qwen3_14b,participants,lusa_70,ext_exp_temp0.3_nodelim_norole_nocot,cardiorespiratory arrest,,,fp,
qwen3_14b,participants,lusa_70,ext_exp_temp0.3_nodelim_norole_nocot,the alleged killer,,,fp,
qwen3_14b,participants,lusa_70,ext_exp_temp0.3_nodelim_norole_nocot,the scene of the crime,,,fp,
qwen3_14b,participants,lusa_70,ext_exp_temp0.3_nodelim_norole_nocot,PJ's Northern Directorate,,,fp,
qwen3_14b,participants,lusa_70,ext_exp_temp0.3_nodelim_norole_nocot,the motivation,,,fp,
qwen3_14b,participants,lusa_70,ext_exp_temp0.3_nodelim_norole_nocot,PJ,,,fp,
qwen3_14b,participants,lusa_70,ext_exp_temp0.3_nodelim_norole_nocot,the police force,,,fp,
qwen3_14b,participants,lusa_70,ext_exp_temp0.3_nodelim_norole_nocot,his wife,,,fp,
qwen3_14b,participants,lusa_70,ext_exp_temp0.3_nodelim_norole_nocot,Emergency services,,,fp,
qwen3_14b,participants,lusa_70,ext_exp_temp0.3_nodelim_norole_nocot,defendant,,,fp,
qwen3_14b,participants,lusa_70,ext_exp_temp0.3_nodelim_norole_nocot,victim,,,fp,
qwen3_14b,participants,lusa_70,ext_exp_temp0.3_nodelim_norole_nocot,bladed weapon,,,fp,
qwen3_14b,participants,lusa_70,ext_exp_temp0.3_nodelim_norole_nocot,the 74-year-old victim,,,fp,
qwen3_14b,participants,lusa_70,ext_exp_temp0.3_nodelim_norole_nocot,the judicial authority,,,fp,
qwen3_14b,participants,lusa_70,ext_exp_temp0.3_nodelim_norole_nocot,wife,,,fp,
qwen3_14b,participants,lusa_70,ext_exp_temp0.3_nodelim_norole_nocot,man,,,fp,
qwen3_14b,participants,lusa_70,ext_exp_temp0.3_nodelim_norole_nocot,the PJ's Northern Directorate,,,fp,
qwen3_14b,participants,lusa_70,ext_exp_temp0.3_nodelim_norole_nocot,man from Penafiel,,,fp,
qwen3_14b,participants,lusa_70,ext_exp_temp0.3_nodelim_norole_nocot,a bladed weapon,,Obj,fn,
qwen3_14b,participants,lusa_70,ext_exp_temp0.3_nodelim_norole_nocot,the PJ’s Northern,,Pl_region,fn,
qwen3_14b,participants,lusa_70,ext_exp_temp0.3_nodelim_norole_nocot,found the ,,Org,fn,
qwen3_14b,participants,lusa_70,ext_exp_temp0.3_nodelim_norole_nocot,the Northern,,Pl_region,fn,
qwen3_14b,participants,lusa_70,ext_exp_temp0.3_nodelim_norole_nocot,that,,Org,fn,
qwen3_14b,participants,lusa_70,ext_exp_temp0.3_nodelim_norole_nocot,"the alleged killer, aged 72",,Per,fn,
qwen3_14b,participants,lusa_70,ext_exp_temp0.3_nodelim_norole_nocot,statement,,Obj,fn,
qwen3_14b,participants,lusa_70,ext_exp_temp0.3_nodelim_norole_nocot,a construction worker,,Per,fn,
qwen3_14b,participants,lusa_70,ext_exp_temp0.3_nodelim_norole_nocot,the,,Per,fn,
qwen3_14b,participants,lusa_70,ext_exp_temp0.3_nodelim_norole_nocot,the PJ,,Org,fn,
qwen3_14b,participants,lusa_70,ext_exp_temp0.3_nodelim_norole_nocot,the elements,,Other,fn,
qwen3_14b,participants,lusa_70,ext_exp_temp0.3_nodelim_norole_nocot,the parish of Duas Igrejas,,Pl_civil,fn,
qwen3_14b,participants,lusa_70,ext_exp_temp0.3_nodelim_norole_nocot,whom,,Per,fn,
qwen3_14b,participants,lusa_70,ext_exp_temp0.3_nodelim_norole_nocot,coercive measures,,Other,fn,
qwen3_14b,participants,lusa_70,ext_exp_temp0.3_nodelim_norole_nocot,the PJ’s Northern Directorate,,Org,fn,
qwen3_14b,participants,lusa_70,ext_exp_temp0.3_nodelim_norole_nocot,municipality of Penafiel,,Pl_civil,fn,
qwen3_14b,participants,lusa_70,ext_exp_temp0.3_nodelim_norole_nocot,the district of Porto,,Pl_civil,fn,
qwen3_14b,participants,lusa_70,ext_exp_temp0.3_nodelim_norole_nocot,the 74-year-old victim in,,Per,fn,
qwen3_14b,participants,lusa_70,ext_exp_temp0.3_nodelim_norole_nocot,the crime,,Loc,fn,
qwen3_14b,participants,lusa_71,ext_exp_temp0.3_nodelim_norole_nocot,A man,,Per,tp,
qwen3_14b,participants,lusa_71,ext_exp_temp0.3_nodelim_norole_nocot,a man,,Per,tp,
qwen3_14b,participants,lusa_71,ext_exp_temp0.3_nodelim_norole_nocot,the parish of São Domingos de Benfica,,Pl_civil,tp,
qwen3_14b,participants,lusa_71,ext_exp_temp0.3_nodelim_norole_nocot,the man,,Per,tp,
qwen3_14b,participants,lusa_71,ext_exp_temp0.3_nodelim_norole_nocot,the Lisbon Metropolitan Command (Cometlis),,Org,tp,
qwen3_14b,participants,lusa_71,ext_exp_temp0.3_nodelim_norole_nocot,a car,,Obj,tp,
qwen3_14b,participants,lusa_71,ext_exp_temp0.3_nodelim_norole_nocot,Rádio Renascença,,Org,tp,
qwen3_14b,participants,lusa_71,ext_exp_temp0.3_nodelim_norole_nocot,The police,,Org,tp,
qwen3_14b,participants,lusa_71,ext_exp_temp0.3_nodelim_norole_nocot,Cometlis,,Org,tp,
qwen3_14b,participants,lusa_71,ext_exp_temp0.3_nodelim_norole_nocot,the car,,Obj,tp,
qwen3_14b,participants,lusa_71,ext_exp_temp0.3_nodelim_norole_nocot,a vehicle,,Obj,tp,
qwen3_14b,participants,lusa_71,ext_exp_temp0.3_nodelim_norole_nocot,this man,,Per,tp,
qwen3_14b,participants,lusa_71,ext_exp_temp0.3_nodelim_norole_nocot,Lisbon,,Pl_capital,tp,
qwen3_14b,participants,lusa_71,ext_exp_temp0.3_nodelim_norole_nocot,the PSP,,Org,tp,
qwen3_14b,participants,lusa_71,ext_exp_temp0.3_nodelim_norole_nocot,the police,,Org,tp,
qwen3_14b,participants,lusa_71,ext_exp_temp0.3_nodelim_norole_nocot,the Lusa agency,,,fp,
qwen3_14b,participants,lusa_71,ext_exp_temp0.3_nodelim_norole_nocot,PSP,,,fp,
qwen3_14b,participants,lusa_71,ext_exp_temp0.3_nodelim_norole_nocot,arrest,,,fp,
qwen3_14b,participants,lusa_71,ext_exp_temp0.3_nodelim_norole_nocot,the lawn,,,fp,
qwen3_14b,participants,lusa_71,ext_exp_temp0.3_nodelim_norole_nocot,the driver,,,fp,
qwen3_14b,participants,lusa_71,ext_exp_temp0.3_nodelim_norole_nocot,the arrest,,,fp,
qwen3_14b,participants,lusa_71,ext_exp_temp0.3_nodelim_norole_nocot,Benfica stadium facilities,,,fp,
qwen3_14b,participants,lusa_71,ext_exp_temp0.3_nodelim_norole_nocot,The driver,,,fp,
qwen3_14b,participants,lusa_71,ext_exp_temp0.3_nodelim_norole_nocot,Estádio da Luz,,,fp,
qwen3_14b,participants,lusa_71,ext_exp_temp0.3_nodelim_norole_nocot,car,,,fp,
qwen3_14b,participants,lusa_71,ext_exp_temp0.3_nodelim_norole_nocot,Man,,,fp,
qwen3_14b,participants,lusa_71,ext_exp_temp0.3_nodelim_norole_nocot,a source,,,fp,
qwen3_14b,participants,lusa_71,ext_exp_temp0.3_nodelim_norole_nocot,the Estádio da Luz,,,fp,
qwen3_14b,participants,lusa_71,ext_exp_temp0.3_nodelim_norole_nocot,the facilities,,,fp,
qwen3_14b,participants,lusa_71,ext_exp_temp0.3_nodelim_norole_nocot,Estádio da Luz facilities,,,fp,
qwen3_14b,participants,lusa_71,ext_exp_temp0.3_nodelim_norole_nocot,this infraction,,,fp,
qwen3_14b,participants,lusa_71,ext_exp_temp0.3_nodelim_norole_nocot,stadium facilities,,Fac,fn,
qwen3_14b,participants,lusa_71,ext_exp_temp0.3_nodelim_norole_nocot,Metropolitan Command,,Org,fn,
qwen3_14b,participants,lusa_71,ext_exp_temp0.3_nodelim_norole_nocot,The news,,Other,fn,
qwen3_14b,participants,lusa_71,ext_exp_temp0.3_nodelim_norole_nocot,confirm how far the,,Per,fn,
qwen3_14b,participants,lusa_71,ext_exp_temp0.3_nodelim_norole_nocot,Benfica,,Org,fn,
qwen3_14b,participants,lusa_71,ext_exp_temp0.3_nodelim_norole_nocot,information,,Other,fn,
qwen3_14b,participants,lusa_71,ext_exp_temp0.3_nodelim_norole_nocot,The ,,Per,fn,
qwen3_14b,participants,lusa_71,ext_exp_temp0.3_nodelim_norole_nocot,” the ,,Fac,fn,
qwen3_14b,participants,lusa_71,ext_exp_temp0.3_nodelim_norole_nocot,source,,Per,fn,
qwen3_14b,participants,lusa_71,ext_exp_temp0.3_nodelim_norole_nocot,lawn,,Other,fn,
qwen3_14b,participants,lusa_71,ext_exp_temp0.3_nodelim_norole_nocot,that,,Org,fn,
qwen3_14b,participants,lusa_71,ext_exp_temp0.3_nodelim_norole_nocot,Lusa agency,,Org,fn,
qwen3_14b,participants,lusa_71,ext_exp_temp0.3_nodelim_norole_nocot,the facilities of the Estádio da Luz,,Fac,fn,
qwen3_14b,participants,lusa_71,ext_exp_temp0.3_nodelim_norole_nocot,how,,Loc,fn,
qwen3_14b,participants,lusa_72,ext_exp_temp0.3_nodelim_norole_nocot,the man,,Per,tp,
qwen3_14b,participants,lusa_72,ext_exp_temp0.3_nodelim_norole_nocot,Viseu,,Pl_civil,tp,
qwen3_14b,participants,lusa_72,ext_exp_temp0.3_nodelim_norole_nocot,the scene,,Loc,tp,
qwen3_14b,participants,lusa_72,ext_exp_temp0.3_nodelim_norole_nocot,four vehicles,,Obj,tp,
qwen3_14b,participants,lusa_72,ext_exp_temp0.3_nodelim_norole_nocot,a river,,Nat,tp,
qwen3_14b,participants,lusa_72,ext_exp_temp0.3_nodelim_norole_nocot,A 54-year-old man,,Per,tp,
qwen3_14b,participants,lusa_72,ext_exp_temp0.3_nodelim_norole_nocot,Lusa agency,,Org,tp,
qwen3_14b,participants,lusa_72,ext_exp_temp0.3_nodelim_norole_nocot,municipality of Tondela,,Loc,tp,
qwen3_14b,participants,lusa_72,ext_exp_temp0.3_nodelim_norole_nocot,the Lusa agency,,,fp,
qwen3_14b,participants,lusa_72,ext_exp_temp0.3_nodelim_norole_nocot,Viseu District Relief Operations Command,,,fp,
qwen3_14b,participants,lusa_72,ext_exp_temp0.3_nodelim_norole_nocot,he,,,fp,
qwen3_14b,participants,lusa_72,ext_exp_temp0.3_nodelim_norole_nocot,Fráguas,,,fp,
qwen3_14b,participants,lusa_72,ext_exp_temp0.3_nodelim_norole_nocot,a GNR source,,,fp,
qwen3_14b,participants,lusa_72,ext_exp_temp0.3_nodelim_norole_nocot,nine operatives,,,fp,
qwen3_14b,participants,lusa_72,ext_exp_temp0.3_nodelim_norole_nocot,village of Fráguas,,,fp,
qwen3_14b,participants,lusa_72,ext_exp_temp0.3_nodelim_norole_nocot,GNR,,,fp,
qwen3_14b,participants,lusa_72,ext_exp_temp0.3_nodelim_norole_nocot,a village,,,fp,
qwen3_14b,participants,lusa_72,ext_exp_temp0.3_nodelim_norole_nocot,Viseu GNR Territorial Command,,,fp,
qwen3_14b,participants,lusa_72,ext_exp_temp0.3_nodelim_norole_nocot,river,,,fp,
qwen3_14b,participants,lusa_72,ext_exp_temp0.3_nodelim_norole_nocot,Man,,,fp,
qwen3_14b,participants,lusa_72,ext_exp_temp0.3_nodelim_norole_nocot,We,,,fp,
qwen3_14b,participants,lusa_72,ext_exp_temp0.3_nodelim_norole_nocot,a source,,,fp,
qwen3_14b,participants,lusa_72,ext_exp_temp0.3_nodelim_norole_nocot,man,,,fp,
qwen3_14b,participants,lusa_72,ext_exp_temp0.3_nodelim_norole_nocot,Tondela,,,fp,
qwen3_14b,participants,lusa_72,ext_exp_temp0.3_nodelim_norole_nocot,the,,Org,fn,
qwen3_14b,participants,lusa_72,ext_exp_temp0.3_nodelim_norole_nocot,the river,,Nat,fn,
qwen3_14b,participants,lusa_72,ext_exp_temp0.3_nodelim_norole_nocot,the context,,Other,fn,
qwen3_14b,participants,lusa_72,ext_exp_temp0.3_nodelim_norole_nocot,the Viseu District Relief Operations Command,,Org,fn,
qwen3_14b,participants,lusa_72,ext_exp_temp0.3_nodelim_norole_nocot,operatives,,Per,fn,
qwen3_14b,participants,lusa_72,ext_exp_temp0.3_nodelim_norole_nocot,the body,,Other,fn,
qwen3_14b,participants,lusa_72,ext_exp_temp0.3_nodelim_norole_nocot,the same source,,Per,fn,
qwen3_14b,participants,lusa_72,ext_exp_temp0.3_nodelim_norole_nocot,the same,,Loc,fn,
qwen3_14b,participants,lusa_72,ext_exp_temp0.3_nodelim_norole_nocot,Territorial Command,,Org,fn,
qwen3_14b,participants,lusa_72,ext_exp_temp0.3_nodelim_norole_nocot,the village of Fráguas,,Pl_civil,fn,
qwen3_14b,participants,lusa_72,ext_exp_temp0.3_nodelim_norole_nocot,source,,Per,fn,
qwen3_14b,participants,lusa_72,ext_exp_temp0.3_nodelim_norole_nocot,"Territorial Command, the man had",,Org,fn,
qwen3_14b,participants,lusa_72,ext_exp_temp0.3_nodelim_norole_nocot,around two meters,,Other,fn,
qwen3_14b,participants,lusa_72,ext_exp_temp0.3_nodelim_norole_nocot,the National Institute of Legal Medicine,,Org,fn,
qwen3_14b,participants,lusa_73,ext_exp_temp0.3_nodelim_norole_nocot,the Lusa agency,,Org,tp,
qwen3_14b,participants,lusa_73,ext_exp_temp0.3_nodelim_norole_nocot,the man,,Per,tp,
qwen3_14b,participants,lusa_73,ext_exp_temp0.3_nodelim_norole_nocot,the SIV,,Obj,tp,
qwen3_14b,participants,lusa_73,ext_exp_temp0.3_nodelim_norole_nocot,Carlos Lima,,Per,tp,
qwen3_14b,participants,lusa_73,ext_exp_temp0.3_nodelim_norole_nocot,Braga,,Pl_civil,tp,
qwen3_14b,participants,lusa_73,ext_exp_temp0.3_nodelim_norole_nocot,A 60-year-old man,,Per,tp,
qwen3_14b,participants,lusa_73,ext_exp_temp0.3_nodelim_norole_nocot,Ponte de Lima,,Pl_civil,tp,
qwen3_14b,participants,lusa_73,ext_exp_temp0.3_nodelim_norole_nocot,the Viana do Castelo Emergency Medical Vehicle (VMER),,Obj,tp,
qwen3_14b,participants,lusa_73,ext_exp_temp0.3_nodelim_norole_nocot,the hospital,,Org,tp,
qwen3_14b,participants,lusa_73,ext_exp_temp0.3_nodelim_norole_nocot,two operatives,,Per,tp,
qwen3_14b,participants,lusa_73,ext_exp_temp0.3_nodelim_norole_nocot,the GNR,,Org,tp,
qwen3_14b,participants,lusa_73,ext_exp_temp0.3_nodelim_norole_nocot,local fire commander,,,fp,
qwen3_14b,participants,lusa_73,ext_exp_temp0.3_nodelim_norole_nocot,a fire engine,,,fp,
qwen3_14b,participants,lusa_73,ext_exp_temp0.3_nodelim_norole_nocot,Man,,,fp,
qwen3_14b,participants,lusa_73,ext_exp_temp0.3_nodelim_norole_nocot,construction site,,,fp,
qwen3_14b,participants,lusa_73,ext_exp_temp0.3_nodelim_norole_nocot,scaffolding,,,fp,
qwen3_14b,participants,lusa_73,ext_exp_temp0.3_nodelim_norole_nocot,parish of Ribeira,,,fp,
qwen3_14b,participants,lusa_73,ext_exp_temp0.3_nodelim_norole_nocot,Immediate Life Support (SIV) ambulance,,,fp,
qwen3_14b,participants,lusa_73,ext_exp_temp0.3_nodelim_norole_nocot,Fire Commander of Ponte de Lima,,,fp,
qwen3_14b,participants,lusa_73,ext_exp_temp0.3_nodelim_norole_nocot,a source,,,fp,
qwen3_14b,participants,lusa_73,ext_exp_temp0.3_nodelim_norole_nocot,scaffold,,,fp,
qwen3_14b,participants,lusa_73,ext_exp_temp0.3_nodelim_norole_nocot,district of Viana do Castelo,,,fp,
qwen3_14b,participants,lusa_73,ext_exp_temp0.3_nodelim_norole_nocot,"Lusa,",,,fp,
qwen3_14b,participants,lusa_73,ext_exp_temp0.3_nodelim_norole_nocot,District Relief Operations Command (CDOS),,,fp,
qwen3_14b,participants,lusa_73,ext_exp_temp0.3_nodelim_norole_nocot,Vehicle,,Obj,fn,
qwen3_14b,participants,lusa_73,ext_exp_temp0.3_nodelim_norole_nocot,the hospital in Braga,,Org,fn,
qwen3_14b,participants,lusa_73,ext_exp_temp0.3_nodelim_norole_nocot,the Fire Commander,,Per,fn,
qwen3_14b,participants,lusa_73,ext_exp_temp0.3_nodelim_norole_nocot,Lusa,,Org,fn,
qwen3_14b,participants,lusa_73,ext_exp_temp0.3_nodelim_norole_nocot,the Immediate Life Support (SIV) ambulance,,Obj,fn,
qwen3_14b,participants,lusa_73,ext_exp_temp0.3_nodelim_norole_nocot,work,,Other,fn,
qwen3_14b,participants,lusa_73,ext_exp_temp0.3_nodelim_norole_nocot,the local fire,,Org,fn,
qwen3_14b,participants,lusa_73,ext_exp_temp0.3_nodelim_norole_nocot,"Ponte de Lima, in the",,Org,fn,
qwen3_14b,participants,lusa_73,ext_exp_temp0.3_nodelim_norole_nocot,the parish of Ribeira,,Pl_civil,fn,
qwen3_14b,participants,lusa_73,ext_exp_temp0.3_nodelim_norole_nocot,"""three to four meters"" high",,Other,fn,
qwen3_14b,participants,lusa_73,ext_exp_temp0.3_nodelim_norole_nocot,a scaffold,,Obj,fn,
qwen3_14b,participants,lusa_73,ext_exp_temp0.3_nodelim_norole_nocot,the local fire commander,,Per,fn,
qwen3_14b,participants,lusa_73,ext_exp_temp0.3_nodelim_norole_nocot,the District Relief Operations Command (CDOS),,Org,fn,
qwen3_14b,participants,lusa_73,ext_exp_temp0.3_nodelim_norole_nocot,A ,,Other,fn,
qwen3_14b,participants,lusa_73,ext_exp_temp0.3_nodelim_norole_nocot,the district of Viana do Castelo,,Pl_civil,fn,
qwen3_14b,participants,lusa_73,ext_exp_temp0.3_nodelim_norole_nocot,the scene,,Org,fn,
qwen3_14b,participants,lusa_73,ext_exp_temp0.3_nodelim_norole_nocot,Viana do Castelo,,Pl_civil,fn,
qwen3_14b,participants,lusa_73,ext_exp_temp0.3_nodelim_norole_nocot,source,,Per,fn,
qwen3_14b,participants,lusa_73,ext_exp_temp0.3_nodelim_norole_nocot,the Fire,,Org,fn,
qwen3_14b,participants,lusa_74,ext_exp_temp0.3_nodelim_norole_nocot,the man,,Per,tp,
qwen3_14b,participants,lusa_74,ext_exp_temp0.3_nodelim_norole_nocot,Porto's GNR,,Org,tp,
qwen3_14b,participants,lusa_74,ext_exp_temp0.3_nodelim_norole_nocot,the military,,Per,tp,
qwen3_14b,participants,lusa_74,ext_exp_temp0.3_nodelim_norole_nocot,the defendant,,Per,tp,
qwen3_14b,participants,lusa_74,ext_exp_temp0.3_nodelim_norole_nocot,his mother,,Per,tp,
qwen3_14b,participants,lusa_74,ext_exp_temp0.3_nodelim_norole_nocot,Valongo,,Loc,tp,
qwen3_14b,participants,lusa_74,ext_exp_temp0.3_nodelim_norole_nocot,A 33-year-old man,,Per,tp,
qwen3_14b,participants,lusa_74,ext_exp_temp0.3_nodelim_norole_nocot,his 57-year-old mother,,,fp,
qwen3_14b,participants,lusa_74,ext_exp_temp0.3_nodelim_norole_nocot,police force,,,fp,
qwen3_14b,participants,lusa_74,ext_exp_temp0.3_nodelim_norole_nocot,Man,,,fp,
qwen3_14b,participants,lusa_74,ext_exp_temp0.3_nodelim_norole_nocot,the residence,,,fp,
qwen3_14b,participants,lusa_74,ext_exp_temp0.3_nodelim_norole_nocot,GNR,,,fp,
qwen3_14b,participants,lusa_74,ext_exp_temp0.3_nodelim_norole_nocot,arrest warrant,,,fp,
qwen3_14b,participants,lusa_74,ext_exp_temp0.3_nodelim_norole_nocot,the place where he lived,,,fp,
qwen3_14b,participants,lusa_74,ext_exp_temp0.3_nodelim_norole_nocot,the person arrested,,,fp,
qwen3_14b,participants,lusa_74,ext_exp_temp0.3_nodelim_norole_nocot,the mother,,,fp,
qwen3_14b,participants,lusa_74,ext_exp_temp0.3_nodelim_norole_nocot,where,,Loc,fn,
qwen3_14b,participants,lusa_74,ext_exp_temp0.3_nodelim_norole_nocot,food,,Obj,fn,
qwen3_14b,participants,lusa_74,ext_exp_temp0.3_nodelim_norole_nocot,property,,Obj,fn,
qwen3_14b,participants,lusa_74,ext_exp_temp0.3_nodelim_norole_nocot,the GNR,,Org,fn,
qwen3_14b,participants,lusa_74,ext_exp_temp0.3_nodelim_norole_nocot,money,,Obj,fn,
qwen3_14b,participants,lusa_74,ext_exp_temp0.3_nodelim_norole_nocot,this,,Per,fn,
qwen3_14b,participants,lusa_74,ext_exp_temp0.3_nodelim_norole_nocot,with his mother,,Per,fn,
qwen3_14b,participants,lusa_74,ext_exp_temp0.3_nodelim_norole_nocot,old mother,,Per,fn,
qwen3_14b,participants,lusa_74,ext_exp_temp0.3_nodelim_norole_nocot,his,,Per,fn,
qwen3_14b,participants,lusa_74,ext_exp_temp0.3_nodelim_norole_nocot,drug,,Obj,fn,
qwen3_14b,participants,lusa_74,ext_exp_temp0.3_nodelim_norole_nocot,statement,,Obj,fn,
qwen3_14b,participants,lusa_74,ext_exp_temp0.3_nodelim_norole_nocot,the,,Per,fn,
qwen3_14b,participants,lusa_74,ext_exp_temp0.3_nodelim_norole_nocot,him,,Per,fn,
qwen3_14b,participants,lusa_74,ext_exp_temp0.3_nodelim_norole_nocot,whom,,Per,fn,
qwen3_14b,participants,lusa_74,ext_exp_temp0.3_nodelim_norole_nocot,coercive measures,,Other,fn,
qwen3_14b,participants,lusa_74,ext_exp_temp0.3_nodelim_norole_nocot,this police force,,Org,fn,
qwen3_14b,participants,lusa_74,ext_exp_temp0.3_nodelim_norole_nocot,In ,,Per,fn,
qwen3_14b,participants,lusa_74,ext_exp_temp0.3_nodelim_norole_nocot,the place,,Loc,fn,
qwen3_14b,participants,lusa_74,ext_exp_temp0.3_nodelim_norole_nocot,residence,,Loc,fn,
qwen3_14b,participants,lusa_75,ext_exp_temp0.3_nodelim_norole_nocot,The GNR soldiers,,Per,tp,
qwen3_14b,participants,lusa_75,ext_exp_temp0.3_nodelim_norole_nocot,Portalegre hospital,,Org,tp,
qwen3_14b,participants,lusa_75,ext_exp_temp0.3_nodelim_norole_nocot,the man,,Per,tp,
qwen3_14b,participants,lusa_75,ext_exp_temp0.3_nodelim_norole_nocot,Carreiras,,Loc,tp,
qwen3_14b,participants,lusa_75,ext_exp_temp0.3_nodelim_norole_nocot,that location,,Loc,tp,
qwen3_14b,participants,lusa_75,ext_exp_temp0.3_nodelim_norole_nocot,the body,,Other,tp,
qwen3_14b,participants,lusa_75,ext_exp_temp0.3_nodelim_norole_nocot,the security force source,,Per,tp,
qwen3_14b,participants,lusa_75,ext_exp_temp0.3_nodelim_norole_nocot,the same source,,Per,tp,
qwen3_14b,participants,lusa_75,ext_exp_temp0.3_nodelim_norole_nocot,GNR,,Org,tp,
qwen3_14b,participants,lusa_75,ext_exp_temp0.3_nodelim_norole_nocot,source,,Per,tp,
qwen3_14b,participants,lusa_75,ext_exp_temp0.3_nodelim_norole_nocot,car,,Obj,tp,
qwen3_14b,participants,lusa_75,ext_exp_temp0.3_nodelim_norole_nocot,A 61-year-old man,,Per,tp,
qwen3_14b,participants,lusa_75,ext_exp_temp0.3_nodelim_norole_nocot,Portalegre,,,fp,
qwen3_14b,participants,lusa_75,ext_exp_temp0.3_nodelim_norole_nocot,members of the public,,,fp,
qwen3_14b,participants,lusa_75,ext_exp_temp0.3_nodelim_norole_nocot,his vehicle,,,fp,
qwen3_14b,participants,lusa_75,ext_exp_temp0.3_nodelim_norole_nocot,a GNR source,,,fp,
qwen3_14b,participants,lusa_75,ext_exp_temp0.3_nodelim_norole_nocot,guard source,,,fp,
qwen3_14b,participants,lusa_75,ext_exp_temp0.3_nodelim_norole_nocot,Lusa.,,,fp,
qwen3_14b,participants,lusa_75,ext_exp_temp0.3_nodelim_norole_nocot,Forensic Medicine service,,,fp,
qwen3_14b,participants,lusa_75,ext_exp_temp0.3_nodelim_norole_nocot,the municipality of Portalegre,,,fp,
qwen3_14b,participants,lusa_75,ext_exp_temp0.3_nodelim_norole_nocot,61-year-old man,,,fp,
qwen3_14b,participants,lusa_75,ext_exp_temp0.3_nodelim_norole_nocot,the Judiciary Police,,,fp,
qwen3_14b,participants,lusa_75,ext_exp_temp0.3_nodelim_norole_nocot,a source,,,fp,
qwen3_14b,participants,lusa_75,ext_exp_temp0.3_nodelim_norole_nocot,District Relief Operations Command (CDOS),,,fp,
qwen3_14b,participants,lusa_75,ext_exp_temp0.3_nodelim_norole_nocot,his,,Per,fn,
qwen3_14b,participants,lusa_75,ext_exp_temp0.3_nodelim_norole_nocot,security force,,Org,fn,
qwen3_14b,participants,lusa_75,ext_exp_temp0.3_nodelim_norole_nocot,public,,Per,fn,
qwen3_14b,participants,lusa_75,ext_exp_temp0.3_nodelim_norole_nocot,the case,,Other,fn,
qwen3_14b,participants,lusa_75,ext_exp_temp0.3_nodelim_norole_nocot,vehicle,,Obj,fn,
qwen3_14b,participants,lusa_75,ext_exp_temp0.3_nodelim_norole_nocot,the scene,,Loc,fn,
qwen3_14b,participants,lusa_75,ext_exp_temp0.3_nodelim_norole_nocot,the guard source,,Per,fn,
qwen3_14b,participants,lusa_75,ext_exp_temp0.3_nodelim_norole_nocot,the Forensic Medicine service,,Org,fn,
qwen3_14b,participants,lusa_75,ext_exp_temp0.3_nodelim_norole_nocot,municipality of Portalegre,,Loc,fn,
qwen3_14b,participants,lusa_75,ext_exp_temp0.3_nodelim_norole_nocot,guard,,Org,fn,
qwen3_14b,participants,lusa_75,ext_exp_temp0.3_nodelim_norole_nocot,Judiciary Police,,Org,fn,
qwen3_14b,participants,lusa_75,ext_exp_temp0.3_nodelim_norole_nocot,inside,,Other,fn,
qwen3_14b,participants,lusa_75,ext_exp_temp0.3_nodelim_norole_nocot,that,,Org,fn,
qwen3_14b,participants,lusa_75,ext_exp_temp0.3_nodelim_norole_nocot,District Relief Operations Command (CDOS) of Portalegre,,Org,fn,
qwen3_14b,participants,lusa_75,ext_exp_temp0.3_nodelim_norole_nocot,the GNR,,Org,fn,
qwen3_14b,participants,lusa_75,ext_exp_temp0.3_nodelim_norole_nocot,source told Lusa,,Org,fn,
qwen3_14b,participants,lusa_76,ext_exp_temp0.3_nodelim_norole_nocot,the country,,Loc,tp,
qwen3_14b,participants,lusa_76,ext_exp_temp0.3_nodelim_norole_nocot,Kash Patel,,Per,tp,
qwen3_14b,participants,lusa_76,ext_exp_temp0.3_nodelim_norole_nocot,journalist Austin Tice,,Per,tp,
qwen3_14b,participants,lusa_76,ext_exp_temp0.3_nodelim_norole_nocot,Syria,,Loc,tp,
qwen3_14b,participants,lusa_76,ext_exp_temp0.3_nodelim_norole_nocot,two US citizens,,Per,tp,
qwen3_14b,participants,lusa_76,ext_exp_temp0.3_nodelim_norole_nocot,the ambassador,,Per,tp,
qwen3_14b,participants,lusa_76,ext_exp_temp0.3_nodelim_norole_nocot,those two citizens,,Per,tp,
qwen3_14b,participants,lusa_76,ext_exp_temp0.3_nodelim_norole_nocot,A White House official,,Per,tp,
qwen3_14b,participants,lusa_76,ext_exp_temp0.3_nodelim_norole_nocot,Trump,,Per,tp,
qwen3_14b,participants,lusa_76,ext_exp_temp0.3_nodelim_norole_nocot,Donald Trump,,Per,tp,
qwen3_14b,participants,lusa_76,ext_exp_temp0.3_nodelim_norole_nocot,prisons,,Loc,tp,
qwen3_14b,participants,lusa_76,ext_exp_temp0.3_nodelim_norole_nocot,Damascus,,Loc,tp,
qwen3_14b,participants,lusa_76,ext_exp_temp0.3_nodelim_norole_nocot,high-level US leaders,,Per,tp,
qwen3_14b,participants,lusa_76,ext_exp_temp0.3_nodelim_norole_nocot,the State of Virginia,,Loc,tp,
qwen3_14b,participants,lusa_76,ext_exp_temp0.3_nodelim_norole_nocot,the Wall Street Journal,,Org,tp,
qwen3_14b,participants,lusa_76,ext_exp_temp0.3_nodelim_norole_nocot,the Associated Press (AP),,Org,tp,
qwen3_14b,participants,lusa_76,ext_exp_temp0.3_nodelim_norole_nocot,the AP,,Org,tp,
qwen3_14b,participants,lusa_76,ext_exp_temp0.3_nodelim_norole_nocot,Tice,,Per,tp,
qwen3_14b,participants,lusa_76,ext_exp_temp0.3_nodelim_norole_nocot,Majd Kamalmaz,,Per,tp,
qwen3_14b,participants,lusa_76,ext_exp_temp0.3_nodelim_norole_nocot,to Syria,,,fp,
qwen3_14b,participants,lusa_76,ext_exp_temp0.3_nodelim_norole_nocot,Austin Tice,,,fp,
qwen3_14b,participants,lusa_76,ext_exp_temp0.3_nodelim_norole_nocot,secret visit,,,fp,
qwen3_14b,participants,lusa_76,ext_exp_temp0.3_nodelim_norole_nocot,US citizens,,,fp,
qwen3_14b,participants,lusa_76,ext_exp_temp0.3_nodelim_norole_nocot,one of whom was journalist Austin Tice,,,fp,
qwen3_14b,participants,lusa_76,ext_exp_temp0.3_nodelim_norole_nocot,a high-level US official,,,fp,
qwen3_14b,participants,lusa_76,ext_exp_temp0.3_nodelim_norole_nocot,US embassy,,,fp,
qwen3_14b,participants,lusa_76,ext_exp_temp0.3_nodelim_norole_nocot,Damascus regime,,,fp,
qwen3_14b,participants,lusa_76,ext_exp_temp0.3_nodelim_norole_nocot,White House leader,,,fp,
qwen3_14b,participants,lusa_76,ext_exp_temp0.3_nodelim_norole_nocot,high-level talks,,,fp,
qwen3_14b,participants,lusa_76,ext_exp_temp0.3_nodelim_norole_nocot,civil war,,,fp,
qwen3_14b,participants,lusa_76,ext_exp_temp0.3_nodelim_norole_nocot,US,,,fp,
qwen3_14b,participants,lusa_76,ext_exp_temp0.3_nodelim_norole_nocot,an advisor to Donald Trump,,,fp,
qwen3_14b,participants,lusa_76,ext_exp_temp0.3_nodelim_norole_nocot,release of two US citizens,,,fp,
qwen3_14b,participants,lusa_76,ext_exp_temp0.3_nodelim_norole_nocot,White House,,,fp,
qwen3_14b,participants,lusa_76,ext_exp_temp0.3_nodelim_norole_nocot,He,,,fp,
qwen3_14b,participants,lusa_76,ext_exp_temp0.3_nodelim_norole_nocot,Texas,,,fp,
qwen3_14b,participants,lusa_76,ext_exp_temp0.3_nodelim_norole_nocot,the,,Loc,fn,
qwen3_14b,participants,lusa_76,ext_exp_temp0.3_nodelim_norole_nocot,whom ,,Per,fn,
qwen3_14b,participants,lusa_76,ext_exp_temp0.3_nodelim_norole_nocot,a high-level,,Per,fn,
qwen3_14b,participants,lusa_76,ext_exp_temp0.3_nodelim_norole_nocot,a Texas journalist,,Per,fn,
qwen3_14b,participants,lusa_76,ext_exp_temp0.3_nodelim_norole_nocot,a Texas,,Loc,fn,
qwen3_14b,participants,lusa_76,ext_exp_temp0.3_nodelim_norole_nocot,A White House,,Org,fn,
qwen3_14b,participants,lusa_76,ext_exp_temp0.3_nodelim_norole_nocot,information,,Other,fn,
qwen3_14b,participants,lusa_76,ext_exp_temp0.3_nodelim_norole_nocot,who,,Per,fn,
qwen3_14b,participants,lusa_76,ext_exp_temp0.3_nodelim_norole_nocot,the US,,Loc,fn,
qwen3_14b,participants,lusa_76,ext_exp_temp0.3_nodelim_norole_nocot,-old clinical psychologist,,Per,fn,
qwen3_14b,participants,lusa_76,ext_exp_temp0.3_nodelim_norole_nocot,an advisor,,Per,fn,
qwen3_14b,participants,lusa_76,ext_exp_temp0.3_nodelim_norole_nocot,one,,Loc,fn,
qwen3_14b,participants,lusa_76,ext_exp_temp0.3_nodelim_norole_nocot,the US embassy,,Org,fn,
qwen3_14b,participants,lusa_76,ext_exp_temp0.3_nodelim_norole_nocot,other missing,,Per,fn,
qwen3_14b,participants,lusa_78,ext_exp_temp0.3_nodelim_norole_nocot,a man,,Per,tp,
qwen3_14b,participants,lusa_78,ext_exp_temp0.3_nodelim_norole_nocot,her,,Per,tp,
qwen3_14b,participants,lusa_78,ext_exp_temp0.3_nodelim_norole_nocot,the Regional Prosecutor's Office,,Org,tp,
qwen3_14b,participants,lusa_78,ext_exp_temp0.3_nodelim_norole_nocot,The Guimarães court,,Org,tp,
qwen3_14b,participants,lusa_78,ext_exp_temp0.3_nodelim_norole_nocot,the defendant,,Per,tp,
qwen3_14b,participants,lusa_78,ext_exp_temp0.3_nodelim_norole_nocot,the victim,,Per,tp,
qwen3_14b,participants,lusa_78,ext_exp_temp0.3_nodelim_norole_nocot,Guimarães,,Loc,tp,
qwen3_14b,participants,lusa_78,ext_exp_temp0.3_nodelim_norole_nocot,The court,,Org,tp,
qwen3_14b,participants,lusa_78,ext_exp_temp0.3_nodelim_norole_nocot,his friend,,Per,tp,
qwen3_14b,participants,lusa_78,ext_exp_temp0.3_nodelim_norole_nocot,the woman,,Per,tp,
qwen3_14b,participants,lusa_78,ext_exp_temp0.3_nodelim_norole_nocot,He,,Per,tp,
qwen3_14b,participants,lusa_78,ext_exp_temp0.3_nodelim_norole_nocot,Guimarães Court,,,fp,
qwen3_14b,participants,lusa_78,ext_exp_temp0.3_nodelim_norole_nocot,the criminal record of the defendant,,,fp,
qwen3_14b,participants,lusa_78,ext_exp_temp0.3_nodelim_norole_nocot,he,,,fp,
qwen3_14b,participants,lusa_78,ext_exp_temp0.3_nodelim_norole_nocot,a parish of Guimarães,,,fp,
qwen3_14b,participants,lusa_78,ext_exp_temp0.3_nodelim_norole_nocot,the court,,,fp,
qwen3_14b,participants,lusa_78,ext_exp_temp0.3_nodelim_norole_nocot,its website.,,,fp,
qwen3_14b,participants,lusa_78,ext_exp_temp0.3_nodelim_norole_nocot,prison,,,fp,
qwen3_14b,participants,lusa_78,ext_exp_temp0.3_nodelim_norole_nocot,the sentence,,,fp,
qwen3_14b,participants,lusa_78,ext_exp_temp0.3_nodelim_norole_nocot,the personality alienated from the legal obligation,,,fp,
qwen3_14b,participants,lusa_78,ext_exp_temp0.3_nodelim_norole_nocot,Regional Prosecutor's Office,,,fp,
qwen3_14b,participants,lusa_78,ext_exp_temp0.3_nodelim_norole_nocot,Regional Prosecutor's Office do Porto,,,fp,
qwen3_14b,participants,lusa_78,ext_exp_temp0.3_nodelim_norole_nocot,a possible decision of up to five years in prison,,,fp,
qwen3_14b,participants,lusa_78,ext_exp_temp0.3_nodelim_norole_nocot,the unstructured life he presented,,,fp,
qwen3_14b,participants,lusa_78,ext_exp_temp0.3_nodelim_norole_nocot,man,,,fp,
qwen3_14b,participants,lusa_78,ext_exp_temp0.3_nodelim_norole_nocot,the,,Per,fn,
qwen3_14b,participants,lusa_78,ext_exp_temp0.3_nodelim_norole_nocot,a parish,,Loc,fn,
qwen3_14b,participants,lusa_78,ext_exp_temp0.3_nodelim_norole_nocot,house,,Loc,fn,
qwen3_14b,participants,lusa_78,ext_exp_temp0.3_nodelim_norole_nocot,him,,Per,fn,
qwen3_14b,participants,lusa_78,ext_exp_temp0.3_nodelim_norole_nocot,that,,Obj,fn,
qwen3_14b,participants,lusa_78,ext_exp_temp0.3_nodelim_norole_nocot,The ,,Other,fn,
qwen3_14b,participants,lusa_78,ext_exp_temp0.3_nodelim_norole_nocot,",",,Per,fn,
qwen3_14b,participants,lusa_78,ext_exp_temp0.3_nodelim_norole_nocot,a friend,,Per,fn,
qwen3_14b,participants,lusa_78,ext_exp_temp0.3_nodelim_norole_nocot,home,,Loc,fn,
qwen3_14b,participants,lusa_78,ext_exp_temp0.3_nodelim_norole_nocot,and held her arms,,Other,fn,
qwen3_14b,participants,lusa_78,ext_exp_temp0.3_nodelim_norole_nocot,clothes,,Obj,fn,
qwen3_14b,participants,lusa_78,ext_exp_temp0.3_nodelim_norole_nocot,was,,Per,fn,
qwen3_14b,participants,lusa_78,ext_exp_temp0.3_nodelim_norole_nocot,on its website,,Other,fn,
qwen3_14b,participants,lusa_78,ext_exp_temp0.3_nodelim_norole_nocot,his,,Org,fn,
qwen3_14b,participants,lusa_78,ext_exp_temp0.3_nodelim_norole_nocot,the personality,,Other,fn,
qwen3_14b,participants,lusa_8,ext_exp_temp0.3_nodelim_norole_nocot,eight people,,Per,tp,
qwen3_14b,participants,lusa_8,ext_exp_temp0.3_nodelim_norole_nocot,the municipal administrator,,Per,tp,
qwen3_14b,participants,lusa_8,ext_exp_temp0.3_nodelim_norole_nocot,public radio,,Org,tp,
qwen3_14b,participants,lusa_8,ext_exp_temp0.3_nodelim_norole_nocot,the peasants,,Per,tp,
qwen3_14b,participants,lusa_8,ext_exp_temp0.3_nodelim_norole_nocot,the municipality of Camacupa,,Pl_civil,tp,
qwen3_14b,participants,lusa_8,ext_exp_temp0.3_nodelim_norole_nocot,that mammal,,Nat,tp,
qwen3_14b,participants,lusa_8,ext_exp_temp0.3_nodelim_norole_nocot,Muinha,,Pl_civil,tp,
qwen3_14b,participants,lusa_8,ext_exp_temp0.3_nodelim_norole_nocot,Baptista Sambango,,Per,tp,
qwen3_14b,participants,lusa_8,ext_exp_temp0.3_nodelim_norole_nocot,the river,,Pl_water,tp,
qwen3_14b,participants,lusa_8,ext_exp_temp0.3_nodelim_norole_nocot,Three people,,Per,tp,
qwen3_14b,participants,lusa_8,ext_exp_temp0.3_nodelim_norole_nocot,a hippopotamus,,Nat,tp,
qwen3_14b,participants,lusa_8,ext_exp_temp0.3_nodelim_norole_nocot,a child,,Per,tp,
qwen3_14b,participants,lusa_8,ext_exp_temp0.3_nodelim_norole_nocot,the population,,Per,tp,
qwen3_14b,participants,lusa_8,ext_exp_temp0.3_nodelim_norole_nocot,Angolan province of Bié,,Pl_civil,tp,
qwen3_14b,participants,lusa_8,ext_exp_temp0.3_nodelim_norole_nocot,the dead,,Per,tp,
qwen3_14b,participants,lusa_8,ext_exp_temp0.3_nodelim_norole_nocot,Sunday night,,,fp,
qwen3_14b,participants,lusa_8,ext_exp_temp0.3_nodelim_norole_nocot,Kwanza River,,,fp,
qwen3_14b,participants,lusa_8,ext_exp_temp0.3_nodelim_norole_nocot,one of the survivors,,,fp,
qwen3_14b,participants,lusa_8,ext_exp_temp0.3_nodelim_norole_nocot,The communal administrator of Muinha,,,fp,
qwen3_14b,participants,lusa_8,ext_exp_temp0.3_nodelim_norole_nocot,Bié,,,fp,
qwen3_14b,participants,lusa_8,ext_exp_temp0.3_nodelim_norole_nocot,the artisanal boat,,,fp,
qwen3_14b,participants,lusa_8,ext_exp_temp0.3_nodelim_norole_nocot,the Angolan province of Bié,,,fp,
qwen3_14b,participants,lusa_8,ext_exp_temp0.3_nodelim_norole_nocot,hippopotamus,,,fp,
qwen3_14b,participants,lusa_8,ext_exp_temp0.3_nodelim_norole_nocot,river,,,fp,
qwen3_14b,participants,lusa_8,ext_exp_temp0.3_nodelim_norole_nocot,the attack,,,fp,
qwen3_14b,participants,lusa_8,ext_exp_temp0.3_nodelim_norole_nocot,Three dead,,,fp,
qwen3_14b,participants,lusa_8,ext_exp_temp0.3_nodelim_norole_nocot,hippopotamus attack,,,fp,
qwen3_14b,participants,lusa_8,ext_exp_temp0.3_nodelim_norole_nocot,bridge,,,fp,
qwen3_14b,participants,lusa_8,ext_exp_temp0.3_nodelim_norole_nocot,the Kwanza River,,Pl_water,fn,
qwen3_14b,participants,lusa_8,ext_exp_temp0.3_nodelim_norole_nocot,the size of the river,,Other,fn,
qwen3_14b,participants,lusa_8,ext_exp_temp0.3_nodelim_norole_nocot,The communal administrator,,Per,fn,
qwen3_14b,participants,lusa_8,ext_exp_temp0.3_nodelim_norole_nocot,The ,,Other,fn,
qwen3_14b,participants,lusa_8,ext_exp_temp0.3_nodelim_norole_nocot,the survivors,,Per,fn,
qwen3_14b,participants,lusa_8,ext_exp_temp0.3_nodelim_norole_nocot,the fields,,Loc,fn,
qwen3_14b,participants,lusa_8,ext_exp_temp0.3_nodelim_norole_nocot,a bridge,,Path,fn,
qwen3_14b,participants,lusa_8,ext_exp_temp0.3_nodelim_norole_nocot,the artisanal,,Veh,fn,
qwen3_14b,participants,lusa_8,ext_exp_temp0.3_nodelim_norole_nocot,one,,Per,fn,
qwen3_14b,participants,lusa_8,ext_exp_temp0.3_nodelim_norole_nocot,body,,Other,fn,
qwen3_14b,participants,lusa_8,ext_exp_temp0.3_nodelim_norole_nocot,whose,,Per,fn,
qwen3_14b,participants,lusa_81,ext_exp_temp0.3_nodelim_norole_nocot,the Guard,,Org,tp,
qwen3_14b,participants,lusa_81,ext_exp_temp0.3_nodelim_norole_nocot,statement,,Obj,tp,
qwen3_14b,participants,lusa_81,ext_exp_temp0.3_nodelim_norole_nocot,the military,,Per,tp,
qwen3_14b,participants,lusa_81,ext_exp_temp0.3_nodelim_norole_nocot,Paredes,,Loc,tp,
qwen3_14b,participants,lusa_81,ext_exp_temp0.3_nodelim_norole_nocot,two home searches and one non-home search,,,fp,
qwen3_14b,participants,lusa_81,ext_exp_temp0.3_nodelim_norole_nocot,extendable baton,,,fp,
qwen3_14b,participants,lusa_81,ext_exp_temp0.3_nodelim_norole_nocot,GNR,,,fp,
qwen3_14b,participants,lusa_81,ext_exp_temp0.3_nodelim_norole_nocot,replica firearm,,,fp,
qwen3_14b,participants,lusa_81,ext_exp_temp0.3_nodelim_norole_nocot,Paredes Judicial Court,,,fp,
qwen3_14b,participants,lusa_81,ext_exp_temp0.3_nodelim_norole_nocot,prohibited weapons,,,fp,
qwen3_14b,participants,lusa_81,ext_exp_temp0.3_nodelim_norole_nocot,A 25-year-old man,,,fp,
qwen3_14b,participants,lusa_81,ext_exp_temp0.3_nodelim_norole_nocot,Man,,,fp,
qwen3_14b,participants,lusa_81,ext_exp_temp0.3_nodelim_norole_nocot,seizure of a replica firearm and an extendable baton,,,fp,
qwen3_14b,participants,lusa_81,ext_exp_temp0.3_nodelim_norole_nocot,the detainee,,,fp,
qwen3_14b,participants,lusa_81,ext_exp_temp0.3_nodelim_norole_nocot,the Paredes Judicial Court,,Org,fn,
qwen3_14b,participants,lusa_81,ext_exp_temp0.3_nodelim_norole_nocot,the document,,Obj,fn,
qwen3_14b,participants,lusa_81,ext_exp_temp0.3_nodelim_norole_nocot,"A 25-year-old man, with",,Per,fn,
qwen3_14b,participants,lusa_81,ext_exp_temp0.3_nodelim_norole_nocot,The detainee,,Per,fn,
qwen3_14b,participants,lusa_81,ext_exp_temp0.3_nodelim_norole_nocot,an extendable baton,,Obj,fn,
qwen3_14b,participants,lusa_81,ext_exp_temp0.3_nodelim_norole_nocot,prohibited weapon,,Obj,fn,
qwen3_14b,participants,lusa_81,ext_exp_temp0.3_nodelim_norole_nocot,an extendable,,Obj,fn,
qwen3_14b,participants,lusa_81,ext_exp_temp0.3_nodelim_norole_nocot,his,,Per,fn,
qwen3_14b,participants,lusa_81,ext_exp_temp0.3_nodelim_norole_nocot,a replica firearm,,Obj,fn,
qwen3_14b,participants,lusa_81,ext_exp_temp0.3_nodelim_norole_nocot,the GNR,,Org,fn,
qwen3_14b,participants,lusa_81,ext_exp_temp0.3_nodelim_norole_nocot,Criminal Investigation Center (NIC) of Penafiel,,Org,fn,
qwen3_14b,participants,lusa_82,ext_exp_temp0.3_nodelim_norole_nocot,Rui Santos Amaral,,Per,tp,
qwen3_14b,participants,lusa_82,ext_exp_temp0.3_nodelim_norole_nocot,the maritime authority,,Org,tp,
qwen3_14b,participants,lusa_82,ext_exp_temp0.3_nodelim_norole_nocot,the water,,Nat,tp,
qwen3_14b,participants,lusa_82,ext_exp_temp0.3_nodelim_norole_nocot,The Maritime Police,,Org,tp,
qwen3_14b,participants,lusa_82,ext_exp_temp0.3_nodelim_norole_nocot,Maritime Police,,Org,tp,
qwen3_14b,participants,lusa_82,ext_exp_temp0.3_nodelim_norole_nocot,Vila Nova de Gaia,,Loc,tp,
qwen3_14b,participants,lusa_82,ext_exp_temp0.3_nodelim_norole_nocot,Lusa,,Org,tp,
qwen3_14b,participants,lusa_82,ext_exp_temp0.3_nodelim_norole_nocot,the Firefighters,,Org,tp,
qwen3_14b,participants,lusa_82,ext_exp_temp0.3_nodelim_norole_nocot,Douro River,,,fp,
qwen3_14b,participants,lusa_82,ext_exp_temp0.3_nodelim_norole_nocot,The Sapadores,,,fp,
qwen3_14b,participants,lusa_82,ext_exp_temp0.3_nodelim_norole_nocot,Coimbrões,,,fp,
qwen3_14b,participants,lusa_82,ext_exp_temp0.3_nodelim_norole_nocot,the body of a man,,,fp,
qwen3_14b,participants,lusa_82,ext_exp_temp0.3_nodelim_norole_nocot,members of the public,,,fp,
qwen3_14b,participants,lusa_82,ext_exp_temp0.3_nodelim_norole_nocot,Body of man,,,fp,
qwen3_14b,participants,lusa_82,ext_exp_temp0.3_nodelim_norole_nocot,the commander of the Porto captaincy,,,fp,
qwen3_14b,participants,lusa_82,ext_exp_temp0.3_nodelim_norole_nocot,the body,,,fp,
qwen3_14b,participants,lusa_82,ext_exp_temp0.3_nodelim_norole_nocot,the arrival,,,fp,
qwen3_14b,participants,lusa_82,ext_exp_temp0.3_nodelim_norole_nocot,the Judiciary Police,,,fp,
qwen3_14b,participants,lusa_82,ext_exp_temp0.3_nodelim_norole_nocot,Santa Marinha floating pier,,,fp,
qwen3_14b,participants,lusa_82,ext_exp_temp0.3_nodelim_norole_nocot,investigations,,,fp,
qwen3_14b,participants,lusa_82,ext_exp_temp0.3_nodelim_norole_nocot,the corpse of a man,,,fp,
qwen3_14b,participants,lusa_82,ext_exp_temp0.3_nodelim_norole_nocot,a man,,Per,fn,
qwen3_14b,participants,lusa_82,ext_exp_temp0.3_nodelim_norole_nocot,the “body,,Other,fn,
qwen3_14b,participants,lusa_82,ext_exp_temp0.3_nodelim_norole_nocot,public,,Per,fn,
qwen3_14b,participants,lusa_82,ext_exp_temp0.3_nodelim_norole_nocot,The corpse,,Other,fn,
qwen3_14b,participants,lusa_82,ext_exp_temp0.3_nodelim_norole_nocot,the scene,,Loc,fn,
qwen3_14b,participants,lusa_82,ext_exp_temp0.3_nodelim_norole_nocot,Porto captaincy,,Org,fn,
qwen3_14b,participants,lusa_82,ext_exp_temp0.3_nodelim_norole_nocot,a man aged around 60,,Per,fn,
qwen3_14b,participants,lusa_82,ext_exp_temp0.3_nodelim_norole_nocot,who,,Per,fn,
qwen3_14b,participants,lusa_82,ext_exp_temp0.3_nodelim_norole_nocot,the Douro River,,Nat,fn,
qwen3_14b,participants,lusa_82,ext_exp_temp0.3_nodelim_norole_nocot,The Sapadores from Vila Nova de Gaia,,Org,fn,
qwen3_14b,participants,lusa_82,ext_exp_temp0.3_nodelim_norole_nocot,The ,,Other,fn,
qwen3_14b,participants,lusa_82,ext_exp_temp0.3_nodelim_norole_nocot,Judiciary Police,,Org,fn,
qwen3_14b,participants,lusa_82,ext_exp_temp0.3_nodelim_norole_nocot,the Santa Marinha floating pier,,Loc,fn,
qwen3_14b,participants,lusa_82,ext_exp_temp0.3_nodelim_norole_nocot,the commander,,Per,fn,
qwen3_14b,participants,lusa_84,ext_exp_temp0.3_nodelim_norole_nocot,A man aged around 50,,Per,tp,
qwen3_14b,participants,lusa_84,ext_exp_temp0.3_nodelim_norole_nocot,the man,,Per,tp,
qwen3_14b,participants,lusa_84,ext_exp_temp0.3_nodelim_norole_nocot,the municipality of Barcelos,,Loc,tp,
qwen3_14b,participants,lusa_84,ext_exp_temp0.3_nodelim_norole_nocot,Milhazes,,Loc,tp,
qwen3_14b,participants,lusa_84,ext_exp_temp0.3_nodelim_norole_nocot,The GNR,,Org,tp,
qwen3_14b,participants,lusa_84,ext_exp_temp0.3_nodelim_norole_nocot,the tree,,Nat,tp,
qwen3_14b,participants,lusa_84,ext_exp_temp0.3_nodelim_norole_nocot,a large tree,,Nat,tp,
qwen3_14b,participants,lusa_84,ext_exp_temp0.3_nodelim_norole_nocot,Barcelos,,,fp,
qwen3_14b,participants,lusa_84,ext_exp_temp0.3_nodelim_norole_nocot,large tree,,,fp,
qwen3_14b,participants,lusa_84,ext_exp_temp0.3_nodelim_norole_nocot,Barcelinhos Volunteer Firefighters,,,fp,
qwen3_14b,participants,lusa_84,ext_exp_temp0.3_nodelim_norole_nocot,Man,,,fp,
qwen3_14b,participants,lusa_84,ext_exp_temp0.3_nodelim_norole_nocot,emergency and resuscitation medical vehicle,,,fp,
qwen3_14b,participants,lusa_84,ext_exp_temp0.3_nodelim_norole_nocot,a source,,,fp,
qwen3_14b,participants,lusa_84,ext_exp_temp0.3_nodelim_norole_nocot,Braga District Relief Operations Command,,,fp,
qwen3_14b,participants,lusa_84,ext_exp_temp0.3_nodelim_norole_nocot,the,,Nat,fn,
qwen3_14b,participants,lusa_84,ext_exp_temp0.3_nodelim_norole_nocot,the scene,,Loc,fn,
qwen3_14b,participants,lusa_84,ext_exp_temp0.3_nodelim_norole_nocot,the Barcelinhos Volunteer Firefighters,,Org,fn,
qwen3_14b,participants,lusa_84,ext_exp_temp0.3_nodelim_norole_nocot,initial information,,Other,fn,
qwen3_14b,participants,lusa_84,ext_exp_temp0.3_nodelim_norole_nocot,the Braga District Relief Operations Command,,Org,fn,
qwen3_14b,participants,lusa_84,ext_exp_temp0.3_nodelim_norole_nocot,source,,Per,fn,
qwen3_14b,participants,lusa_84,ext_exp_temp0.3_nodelim_norole_nocot,the first information,,Other,fn,
qwen3_14b,participants,lusa_84,ext_exp_temp0.3_nodelim_norole_nocot,an emergency and resuscitation medical vehicle,,Obj,fn,
qwen3_14b,participants,lusa_84,ext_exp_temp0.3_nodelim_norole_nocot,the source,,Per,fn,
qwen3_14b,participants,lusa_85,ext_exp_temp0.3_nodelim_norole_nocot,vehicles,,Obj,tp,
qwen3_14b,participants,lusa_85,ext_exp_temp0.3_nodelim_norole_nocot,the doctor,,Per,tp,
qwen3_14b,participants,lusa_85,ext_exp_temp0.3_nodelim_norole_nocot,the man,,Per,tp,
qwen3_14b,participants,lusa_85,ext_exp_temp0.3_nodelim_norole_nocot,the man's body,,Other,tp,
qwen3_14b,participants,lusa_85,ext_exp_temp0.3_nodelim_norole_nocot,the municipality of Marvão,,Loc,tp,
qwen3_14b,participants,lusa_85,ext_exp_temp0.3_nodelim_norole_nocot,Civil Protection,,Org,tp,
qwen3_14b,participants,lusa_85,ext_exp_temp0.3_nodelim_norole_nocot,the parish of Beirã,,Loc,tp,
qwen3_14b,participants,lusa_85,ext_exp_temp0.3_nodelim_norole_nocot,The same sources,,Per,tp,
qwen3_14b,participants,lusa_85,ext_exp_temp0.3_nodelim_norole_nocot,district of Portalegre,,Loc,tp,
qwen3_14b,participants,lusa_85,ext_exp_temp0.3_nodelim_norole_nocot,VMER,,Obj,tp,
qwen3_14b,participants,lusa_85,ext_exp_temp0.3_nodelim_norole_nocot,the Portalegre hospital,,Org,tp,
qwen3_14b,participants,lusa_85,ext_exp_temp0.3_nodelim_norole_nocot,Municipal Road 524,,Loc,tp,
qwen3_14b,participants,lusa_85,ext_exp_temp0.3_nodelim_norole_nocot,sources,,Per,tp,
qwen3_14b,participants,lusa_85,ext_exp_temp0.3_nodelim_norole_nocot,the Bica area,,Loc,tp,
qwen3_14b,participants,lusa_85,ext_exp_temp0.3_nodelim_norole_nocot,Lusa agency,,Org,tp,
qwen3_14b,participants,lusa_85,ext_exp_temp0.3_nodelim_norole_nocot,A 61-year-old man,,Per,tp,
qwen3_14b,participants,lusa_85,ext_exp_temp0.3_nodelim_norole_nocot,Portalegre,,,fp,
qwen3_14b,participants,lusa_85,ext_exp_temp0.3_nodelim_norole_nocot,Portalegre hospital,,,fp,
qwen3_14b,participants,lusa_85,ext_exp_temp0.3_nodelim_norole_nocot,Marvão corporation,,,fp,
qwen3_14b,participants,lusa_85,ext_exp_temp0.3_nodelim_norole_nocot,Firefighters,,,fp,
qwen3_14b,participants,lusa_85,ext_exp_temp0.3_nodelim_norole_nocot,GNR,,,fp,
qwen3_14b,participants,lusa_85,ext_exp_temp0.3_nodelim_norole_nocot,Forensic Medicine service,,,fp,
qwen3_14b,participants,lusa_85,ext_exp_temp0.3_nodelim_norole_nocot,the car he was driving,,,fp,
qwen3_14b,participants,lusa_85,ext_exp_temp0.3_nodelim_norole_nocot,passenger vehicle,,,fp,
qwen3_14b,participants,lusa_85,ext_exp_temp0.3_nodelim_norole_nocot,61-year-old man,,,fp,
qwen3_14b,participants,lusa_85,ext_exp_temp0.3_nodelim_norole_nocot,Marvão,,,fp,
qwen3_14b,participants,lusa_85,ext_exp_temp0.3_nodelim_norole_nocot,emergency and resuscitation medical vehicle,,,fp,
qwen3_14b,participants,lusa_85,ext_exp_temp0.3_nodelim_norole_nocot,a source,,,fp,
qwen3_14b,participants,lusa_85,ext_exp_temp0.3_nodelim_norole_nocot,District Relief Operations Command (CDOS),,,fp,
qwen3_14b,participants,lusa_85,ext_exp_temp0.3_nodelim_norole_nocot,the Marvão corporation,,Org,fn,
qwen3_14b,participants,lusa_85,ext_exp_temp0.3_nodelim_norole_nocot,the,,Org,fn,
qwen3_14b,participants,lusa_85,ext_exp_temp0.3_nodelim_norole_nocot,the ,,Obj,fn,
qwen3_14b,participants,lusa_85,ext_exp_temp0.3_nodelim_norole_nocot,the passenger vehicle,,Obj,fn,
qwen3_14b,participants,lusa_85,ext_exp_temp0.3_nodelim_norole_nocot,he,,Obj,fn,
qwen3_14b,participants,lusa_85,ext_exp_temp0.3_nodelim_norole_nocot,CDOS,,Org,fn,
qwen3_14b,participants,lusa_85,ext_exp_temp0.3_nodelim_norole_nocot,a total of eight elements,,Per,fn,
qwen3_14b,participants,lusa_85,ext_exp_temp0.3_nodelim_norole_nocot,the scene,,Loc,fn,
qwen3_14b,participants,lusa_85,ext_exp_temp0.3_nodelim_norole_nocot,four vehicles,,Obj,fn,
qwen3_14b,participants,lusa_85,ext_exp_temp0.3_nodelim_norole_nocot,the emergency and resuscitation medical vehicle (VMER),,Obj,fn,
qwen3_14b,participants,lusa_85,ext_exp_temp0.3_nodelim_norole_nocot,the Forensic Medicine service,,Org,fn,
qwen3_14b,participants,lusa_85,ext_exp_temp0.3_nodelim_norole_nocot,source,,Per,fn,
qwen3_14b,participants,lusa_85,ext_exp_temp0.3_nodelim_norole_nocot,the District Relief Operations Command (CDOS) of Portalegre,,Org,fn,
qwen3_14b,participants,lusa_85,ext_exp_temp0.3_nodelim_norole_nocot,the GNR,,Org,fn,
qwen3_14b,participants,lusa_85,ext_exp_temp0.3_nodelim_norole_nocot,mobilized,,Per,fn,
qwen3_14b,participants,lusa_87,ext_exp_temp0.3_nodelim_norole_nocot,Leonel Correia da Silva,,Per,tp,
qwen3_14b,participants,lusa_87,ext_exp_temp0.3_nodelim_norole_nocot,the house,,Other,tp,
qwen3_14b,participants,lusa_87,ext_exp_temp0.3_nodelim_norole_nocot,Câmara de Lobos,,Loc,tp,
qwen3_14b,participants,lusa_87,ext_exp_temp0.3_nodelim_norole_nocot,The mayor,,Per,tp,
qwen3_14b,participants,lusa_87,ext_exp_temp0.3_nodelim_norole_nocot,Lusa agency,,Org,tp,
qwen3_14b,participants,lusa_87,ext_exp_temp0.3_nodelim_norole_nocot,house,,Loc,tp,
qwen3_14b,participants,lusa_87,ext_exp_temp0.3_nodelim_norole_nocot,Câmara de Lobos firefighters,,Org,tp,
qwen3_14b,participants,lusa_87,ext_exp_temp0.3_nodelim_norole_nocot,the fire,,,fp,
qwen3_14b,participants,lusa_87,ext_exp_temp0.3_nodelim_norole_nocot,councilor of Câmara de Lobos,,,fp,
qwen3_14b,participants,lusa_87,ext_exp_temp0.3_nodelim_norole_nocot,damage,,,fp,
qwen3_14b,participants,lusa_87,ext_exp_temp0.3_nodelim_norole_nocot,the municipality of Câmara de Lobos,,Loc,fn,
qwen3_14b,participants,lusa_87,ext_exp_temp0.3_nodelim_norole_nocot,a house,,Other,fn,
qwen3_14b,participants,lusa_87,ext_exp_temp0.3_nodelim_norole_nocot,source,,Per,fn,
qwen3_14b,participants,lusa_87,ext_exp_temp0.3_nodelim_norole_nocot,the Jardim da Serra parish,,Loc,fn,
qwen3_14b,participants,lusa_87,ext_exp_temp0.3_nodelim_norole_nocot,"the house, with arson",,Other,fn,
qwen3_14b,participants,lusa_87,ext_exp_temp0.3_nodelim_norole_nocot,that,,Other,fn,
qwen3_14b,participants,lusa_87,ext_exp_temp0.3_nodelim_norole_nocot,the councilor of Câmara de Lobos,,Org,fn,
qwen3_14b,participants,lusa_87,ext_exp_temp0.3_nodelim_norole_nocot,the councilor,,Per,fn,
qwen3_14b,participants,lusa_87,ext_exp_temp0.3_nodelim_norole_nocot,the municipality,,Org,fn,
qwen3_14b,participants,lusa_88,ext_exp_temp0.3_nodelim_norole_nocot,a man,,Per,tp,
qwen3_14b,participants,lusa_88,ext_exp_temp0.3_nodelim_norole_nocot,people,,Per,tp,
qwen3_14b,participants,lusa_88,ext_exp_temp0.3_nodelim_norole_nocot,the corporation's spokesperson,,Per,tp,
qwen3_14b,participants,lusa_88,ext_exp_temp0.3_nodelim_norole_nocot,The Police of the Republic of Mozambique (PRM),,Org,tp,
qwen3_14b,participants,lusa_88,ext_exp_temp0.3_nodelim_norole_nocot,the city of Maputo,,Loc,tp,
qwen3_14b,participants,lusa_88,ext_exp_temp0.3_nodelim_norole_nocot,Leonel Muchine,,Per,tp,
qwen3_14b,participants,lusa_88,ext_exp_temp0.3_nodelim_norole_nocot,spokesman,,,fp,
qwen3_14b,participants,lusa_88,ext_exp_temp0.3_nodelim_norole_nocot,Maputo,,,fp,
qwen3_14b,participants,lusa_88,ext_exp_temp0.3_nodelim_norole_nocot,the country,,,fp,
qwen3_14b,participants,lusa_88,ext_exp_temp0.3_nodelim_norole_nocot,Covid-19 test,,,fp,
qwen3_14b,participants,lusa_88,ext_exp_temp0.3_nodelim_norole_nocot,authorities,,,fp,
qwen3_14b,participants,lusa_88,ext_exp_temp0.3_nodelim_norole_nocot,the police spokesperson.,,,fp,
qwen3_14b,participants,lusa_88,ext_exp_temp0.3_nodelim_norole_nocot,A negative Covid-19 test,,,fp,
qwen3_14b,participants,lusa_88,ext_exp_temp0.3_nodelim_norole_nocot,Filipe Nyusi,,,fp,
qwen3_14b,participants,lusa_88,ext_exp_temp0.3_nodelim_norole_nocot,October 29,,,fp,
qwen3_14b,participants,lusa_88,ext_exp_temp0.3_nodelim_norole_nocot,his accomplice,,,fp,
qwen3_14b,participants,lusa_88,ext_exp_temp0.3_nodelim_norole_nocot,tourism,,,fp,
qwen3_14b,participants,lusa_88,ext_exp_temp0.3_nodelim_norole_nocot,man,,,fp,
qwen3_14b,participants,lusa_88,ext_exp_temp0.3_nodelim_norole_nocot,Covid-19,,,fp,
qwen3_14b,participants,lusa_88,ext_exp_temp0.3_nodelim_norole_nocot,fake tests,,,fp,
qwen3_14b,participants,lusa_88,ext_exp_temp0.3_nodelim_norole_nocot,individual,,,fp,
qwen3_14b,participants,lusa_88,ext_exp_temp0.3_nodelim_norole_nocot,The accused,,,fp,
qwen3_14b,participants,lusa_88,ext_exp_temp0.3_nodelim_norole_nocot,another individual,,,fp,
qwen3_14b,participants,lusa_88,ext_exp_temp0.3_nodelim_norole_nocot,Mozambican police,,,fp,
qwen3_14b,participants,lusa_88,ext_exp_temp0.3_nodelim_norole_nocot,negative test,,,fp,
qwen3_14b,participants,lusa_88,ext_exp_temp0.3_nodelim_norole_nocot,the head of state,,,fp,
qwen3_14b,participants,lusa_88,ext_exp_temp0.3_nodelim_norole_nocot,spokesman for the,,Per,fn,
qwen3_14b,participants,lusa_88,ext_exp_temp0.3_nodelim_norole_nocot,the corporation,,Org,fn,
qwen3_14b,participants,lusa_88,ext_exp_temp0.3_nodelim_norole_nocot,this individual,,Per,fn,
qwen3_14b,participants,lusa_88,ext_exp_temp0.3_nodelim_norole_nocot,the Mozambican police,,Org,fn,
qwen3_14b,participants,lusa_88,ext_exp_temp0.3_nodelim_norole_nocot,we,,Per,fn,
qwen3_14b,participants,lusa_89,ext_exp_temp0.3_nodelim_norole_nocot,A man,,Per,tp,
qwen3_14b,participants,lusa_89,ext_exp_temp0.3_nodelim_norole_nocot,international agencies,,Org,tp,
qwen3_14b,participants,lusa_89,ext_exp_temp0.3_nodelim_norole_nocot,Australia,,Loc,tp,
qwen3_14b,participants,lusa_89,ext_exp_temp0.3_nodelim_norole_nocot,a beach,,Loc,tp,
qwen3_14b,participants,lusa_89,ext_exp_temp0.3_nodelim_norole_nocot,The police,,Org,tp,
qwen3_14b,participants,lusa_89,ext_exp_temp0.3_nodelim_norole_nocot,a shark,,Nat,tp,
qwen3_14b,participants,lusa_89,ext_exp_temp0.3_nodelim_norole_nocot,The victim,,Per,tp,
qwen3_14b,participants,lusa_89,ext_exp_temp0.3_nodelim_norole_nocot,the Indian Ocean,,Nat,tp,
qwen3_14b,participants,lusa_89,ext_exp_temp0.3_nodelim_norole_nocot,the beach,,Loc,tp,
qwen3_14b,participants,lusa_89,ext_exp_temp0.3_nodelim_norole_nocot,police,,Org,tp,
qwen3_14b,participants,lusa_89,ext_exp_temp0.3_nodelim_norole_nocot,northwestern Australia,,Loc,tp,
qwen3_14b,participants,lusa_89,ext_exp_temp0.3_nodelim_norole_nocot,the shark,,Nat,tp,
qwen3_14b,participants,lusa_89,ext_exp_temp0.3_nodelim_norole_nocot,shark,,Nat,tp,
qwen3_14b,participants,lusa_89,ext_exp_temp0.3_nodelim_norole_nocot,The 55-year-old man,,Per,tp,
qwen3_14b,participants,lusa_89,ext_exp_temp0.3_nodelim_norole_nocot,paramedics,,,fp,
qwen3_14b,participants,lusa_89,ext_exp_temp0.3_nodelim_norole_nocot,beach,,,fp,
qwen3_14b,participants,lusa_89,ext_exp_temp0.3_nodelim_norole_nocot,Man,,,fp,
qwen3_14b,participants,lusa_89,ext_exp_temp0.3_nodelim_norole_nocot,northwest Australia,,,fp,
qwen3_14b,participants,lusa_89,ext_exp_temp0.3_nodelim_norole_nocot,the tourist beach of Cable,,,fp,
qwen3_14b,participants,lusa_89,ext_exp_temp0.3_nodelim_norole_nocot,the western coast of Australia,,,fp,
qwen3_14b,participants,lusa_89,ext_exp_temp0.3_nodelim_norole_nocot,the area,,,fp,
qwen3_14b,participants,lusa_89,ext_exp_temp0.3_nodelim_norole_nocot,the attack,,,fp,
qwen3_14b,participants,lusa_89,ext_exp_temp0.3_nodelim_norole_nocot,shark attacks,,,fp,
qwen3_14b,participants,lusa_89,ext_exp_temp0.3_nodelim_norole_nocot,no,,Per,fn,
qwen3_14b,participants,lusa_89,ext_exp_temp0.3_nodelim_norole_nocot,the country,,Loc,fn,
qwen3_14b,participants,lusa_89,ext_exp_temp0.3_nodelim_norole_nocot,the western coast,,Loc,fn,
qwen3_14b,participants,lusa_89,ext_exp_temp0.3_nodelim_norole_nocot,remained,,Nat,fn,
qwen3_14b,participants,lusa_89,ext_exp_temp0.3_nodelim_norole_nocot,then paramedics,,Per,fn,
qwen3_14b,participants,lusa_89,ext_exp_temp0.3_nodelim_norole_nocot,nine people,,Per,fn,
qwen3_14b,participants,lusa_89,ext_exp_temp0.3_nodelim_norole_nocot,The number,,Other,fn,
qwen3_14b,participants,lusa_89,ext_exp_temp0.3_nodelim_norole_nocot,the government scientific agency CSIRO,,Org,fn,
qwen3_14b,participants,lusa_89,ext_exp_temp0.3_nodelim_norole_nocot,his hand,,Other,fn,
qwen3_14b,participants,lusa_89,ext_exp_temp0.3_nodelim_norole_nocot,"2,210 adult white sharks",,Nat,fn,
qwen3_14b,participants,lusa_89,ext_exp_temp0.3_nodelim_norole_nocot,27,,Other,fn,
qwen3_14b,participants,lusa_89,ext_exp_temp0.3_nodelim_norole_nocot,the,,Loc,fn,
qwen3_14b,participants,lusa_89,ext_exp_temp0.3_nodelim_norole_nocot,eight,,Other,fn,
qwen3_14b,participants,lusa_89,ext_exp_temp0.3_nodelim_norole_nocot,studies,,Obj,fn,
qwen3_14b,participants,lusa_89,ext_exp_temp0.3_nodelim_norole_nocot,him,,Per,fn,
qwen3_14b,participants,lusa_89,ext_exp_temp0.3_nodelim_norole_nocot,the water,,Nat,fn,
qwen3_14b,participants,lusa_89,ext_exp_temp0.3_nodelim_norole_nocot,its,,Loc,fn,
qwen3_14b,participants,lusa_89,ext_exp_temp0.3_nodelim_norole_nocot,the tourist beach,,Loc,fn,
qwen3_14b,participants,lusa_89,ext_exp_temp0.3_nodelim_norole_nocot,the scene,,Loc,fn,
qwen3_14b,participants,lusa_89,ext_exp_temp0.3_nodelim_norole_nocot,which,,Nat,fn,
qwen3_14b,participants,lusa_89,ext_exp_temp0.3_nodelim_norole_nocot,22 kilometers of white sand,,Nat,fn,
qwen3_14b,participants,lusa_89,ext_exp_temp0.3_nodelim_norole_nocot,the thigh,,Other,fn,
qwen3_14b,participants,lusa_9,ext_exp_temp0.3_nodelim_norole_nocot,the man,,Per,tp,
qwen3_14b,participants,lusa_9,ext_exp_temp0.3_nodelim_norole_nocot,the vehicle,,Veh,tp,
qwen3_14b,participants,lusa_9,ext_exp_temp0.3_nodelim_norole_nocot,A 38-year-old man,,Per,tp,
qwen3_14b,participants,lusa_9,ext_exp_temp0.3_nodelim_norole_nocot,The detainee,,Per,tp,
qwen3_14b,participants,lusa_9,ext_exp_temp0.3_nodelim_norole_nocot,GNR,,Obj,tp,
qwen3_14b,participants,lusa_9,ext_exp_temp0.3_nodelim_norole_nocot,Vila do Conde,,Pl_civil,tp,
qwen3_14b,participants,lusa_9,ext_exp_temp0.3_nodelim_norole_nocot,the suspect,,Per,tp,
qwen3_14b,participants,lusa_9,ext_exp_temp0.3_nodelim_norole_nocot,that police force,,Org,tp,
qwen3_14b,participants,lusa_9,ext_exp_temp0.3_nodelim_norole_nocot,the GNR,,Org,tp,
qwen3_14b,participants,lusa_9,ext_exp_temp0.3_nodelim_norole_nocot,The Guard,,Org,tp,
qwen3_14b,participants,lusa_9,ext_exp_temp0.3_nodelim_norole_nocot,the press release,,Obj,tp,
qwen3_14b,participants,lusa_9,ext_exp_temp0.3_nodelim_norole_nocot,warrant,,,fp,
qwen3_14b,participants,lusa_9,ext_exp_temp0.3_nodelim_norole_nocot,Judicial Court of Vila do Conde,,,fp,
qwen3_14b,participants,lusa_9,ext_exp_temp0.3_nodelim_norole_nocot,heroin,,,fp,
qwen3_14b,participants,lusa_9,ext_exp_temp0.3_nodelim_norole_nocot,Porto Prison,,,fp,
qwen3_14b,participants,lusa_9,ext_exp_temp0.3_nodelim_norole_nocot,the Judicial Court of Vila do Conde,,,fp,
qwen3_14b,participants,lusa_9,ext_exp_temp0.3_nodelim_norole_nocot,prison,,,fp,
qwen3_14b,participants,lusa_9,ext_exp_temp0.3_nodelim_norole_nocot,the arrest,,,fp,
qwen3_14b,participants,lusa_9,ext_exp_temp0.3_nodelim_norole_nocot,cocaine,,,fp,
qwen3_14b,participants,lusa_9,ext_exp_temp0.3_nodelim_norole_nocot,drugs,,,fp,
qwen3_14b,participants,lusa_9,ext_exp_temp0.3_nodelim_norole_nocot,nine doses of cocaine,,Other,fn,
qwen3_14b,participants,lusa_9,ext_exp_temp0.3_nodelim_norole_nocot,the facts,,Other,fn,
qwen3_14b,participants,lusa_9,ext_exp_temp0.3_nodelim_norole_nocot,a prison,,Fac,fn,
qwen3_14b,participants,lusa_9,ext_exp_temp0.3_nodelim_norole_nocot,the Porto,,Pl_civil,fn,
qwen3_14b,participants,lusa_9,ext_exp_temp0.3_nodelim_norole_nocot,the Judicial Court,,Org,fn,
qwen3_14b,participants,lusa_9,ext_exp_temp0.3_nodelim_norole_nocot,the Porto Prison and,,Fac,fn,
qwen3_14b,participants,lusa_9,ext_exp_temp0.3_nodelim_norole_nocot,a sentence,,Other,fn,
qwen3_14b,participants,lusa_9,ext_exp_temp0.3_nodelim_norole_nocot,to the Judicial Court,,Org,fn,
qwen3_14b,participants,lusa_9,ext_exp_temp0.3_nodelim_norole_nocot,robbery,,Obj,fn,
qwen3_14b,participants,lusa_9,ext_exp_temp0.3_nodelim_norole_nocot,the Judicial Court of,,Org,fn,
qwen3_14b,participants,lusa_9,ext_exp_temp0.3_nodelim_norole_nocot,The ,,Fac,fn,
qwen3_14b,participants,lusa_9,ext_exp_temp0.3_nodelim_norole_nocot,statement,,Obj,fn,
qwen3_14b,participants,lusa_9,ext_exp_temp0.3_nodelim_norole_nocot,12 doses of heroin,,Other,fn,
qwen3_14b,participants,lusa_90,ext_exp_temp0.3_nodelim_norole_nocot,Amarante,,Loc,tp,
qwen3_14b,participants,lusa_90,ext_exp_temp0.3_nodelim_norole_nocot,A man,,Per,tp,
qwen3_14b,participants,lusa_90,ext_exp_temp0.3_nodelim_norole_nocot,the defendant,,Per,tp,
qwen3_14b,participants,lusa_90,ext_exp_temp0.3_nodelim_norole_nocot,the victim,,Per,tp,
qwen3_14b,participants,lusa_90,ext_exp_temp0.3_nodelim_norole_nocot,other family members,,Per,tp,
qwen3_14b,participants,lusa_90,ext_exp_temp0.3_nodelim_norole_nocot,Penafiel,,Loc,tp,
qwen3_14b,participants,lusa_90,ext_exp_temp0.3_nodelim_norole_nocot,their common daughter,,Per,tp,
qwen3_14b,participants,lusa_90,ext_exp_temp0.3_nodelim_norole_nocot,The Criminal Instruction Court,,Org,tp,
qwen3_14b,participants,lusa_90,ext_exp_temp0.3_nodelim_norole_nocot,the 47-year-old man,,Per,tp,
qwen3_14b,participants,lusa_90,ext_exp_temp0.3_nodelim_norole_nocot,the GNR,,Org,tp,
qwen3_14b,participants,lusa_90,ext_exp_temp0.3_nodelim_norole_nocot,his 46-year-old wife,,,fp,
qwen3_14b,participants,lusa_90,ext_exp_temp0.3_nodelim_norole_nocot,police force,,,fp,
qwen3_14b,participants,lusa_90,ext_exp_temp0.3_nodelim_norole_nocot,Criminal Investigation Court,,,fp,
qwen3_14b,participants,lusa_90,ext_exp_temp0.3_nodelim_norole_nocot,him,,,fp,
qwen3_14b,participants,lusa_90,ext_exp_temp0.3_nodelim_norole_nocot,his wife,,,fp,
qwen3_14b,participants,lusa_90,ext_exp_temp0.3_nodelim_norole_nocot,Man from Amarante,,,fp,
qwen3_14b,participants,lusa_90,ext_exp_temp0.3_nodelim_norole_nocot,GNR,,,fp,
qwen3_14b,participants,lusa_90,ext_exp_temp0.3_nodelim_norole_nocot,refugee victim,,,fp,
qwen3_14b,participants,lusa_90,ext_exp_temp0.3_nodelim_norole_nocot,her daughter,,,fp,
qwen3_14b,participants,lusa_90,ext_exp_temp0.3_nodelim_norole_nocot,their youngest daughter,,,fp,
qwen3_14b,participants,lusa_90,ext_exp_temp0.3_nodelim_norole_nocot,the Criminal Investigation Court,,Org,fn,
qwen3_14b,participants,lusa_90,ext_exp_temp0.3_nodelim_norole_nocot,alcoholic beverages,,Obj,fn,
qwen3_14b,participants,lusa_90,ext_exp_temp0.3_nodelim_norole_nocot,the residence,,Loc,fn,
qwen3_14b,participants,lusa_90,ext_exp_temp0.3_nodelim_norole_nocot,that,,Per,fn,
qwen3_14b,participants,lusa_90,ext_exp_temp0.3_nodelim_norole_nocot,wife,,Per,fn,
qwen3_14b,participants,lusa_90,ext_exp_temp0.3_nodelim_norole_nocot,the victim and her daughter,,Per,fn,
qwen3_14b,participants,lusa_90,ext_exp_temp0.3_nodelim_norole_nocot,youngest daughter,,Per,fn,
qwen3_14b,participants,lusa_90,ext_exp_temp0.3_nodelim_norole_nocot,their,,Per,fn,
qwen3_14b,participants,lusa_90,ext_exp_temp0.3_nodelim_norole_nocot,home,,Loc,fn,
qwen3_14b,participants,lusa_90,ext_exp_temp0.3_nodelim_norole_nocot,that police force,,Org,fn,
qwen3_14b,participants,lusa_90,ext_exp_temp0.3_nodelim_norole_nocot,his,,Per,fn,
qwen3_14b,participants,lusa_90,ext_exp_temp0.3_nodelim_norole_nocot,statement,,Obj,fn,
qwen3_14b,participants,lusa_90,ext_exp_temp0.3_nodelim_norole_nocot,any form or means,,Other,fn,
qwen3_14b,participants,lusa_90,ext_exp_temp0.3_nodelim_norole_nocot,the,,Per,fn,
qwen3_14b,participants,lusa_90,ext_exp_temp0.3_nodelim_norole_nocot,electronic bracelet,,Obj,fn,
qwen3_14b,participants,lusa_90,ext_exp_temp0.3_nodelim_norole_nocot,the statement,,Obj,fn,
qwen3_14b,participants,lusa_90,ext_exp_temp0.3_nodelim_norole_nocot,family,,Per,fn,
qwen3_14b,participants,lusa_90,ext_exp_temp0.3_nodelim_norole_nocot,approaching,,Per,fn,
qwen3_14b,participants,lusa_90,ext_exp_temp0.3_nodelim_norole_nocot,46-year-old wife,,Per,fn,
qwen3_14b,participants,lusa_90,ext_exp_temp0.3_nodelim_norole_nocot,who,,Per,fn,
qwen3_14b,participants,lusa_90,ext_exp_temp0.3_nodelim_norole_nocot,the coercive measures,,Other,fn,
qwen3_14b,participants,lusa_90,ext_exp_temp0.3_nodelim_norole_nocot,a radius of 500 meters,,Other,fn,
qwen3_14b,participants,lusa_90,ext_exp_temp0.3_nodelim_norole_nocot,their residence,,Loc,fn,
qwen3_14b,participants,lusa_91,ext_exp_temp0.3_nodelim_norole_nocot,Gaia,,Loc,tp,
qwen3_14b,participants,lusa_91,ext_exp_temp0.3_nodelim_norole_nocot,the same places,,Loc,tp,
qwen3_14b,participants,lusa_91,ext_exp_temp0.3_nodelim_norole_nocot,electronic bracelet,,Obj,tp,
qwen3_14b,participants,lusa_91,ext_exp_temp0.3_nodelim_norole_nocot,vehicle,,Obj,tp,
qwen3_14b,participants,lusa_91,ext_exp_temp0.3_nodelim_norole_nocot,the victim,,Per,tp,
qwen3_14b,participants,lusa_91,ext_exp_temp0.3_nodelim_norole_nocot,ex-partner,,Per,tp,
qwen3_14b,participants,lusa_91,ext_exp_temp0.3_nodelim_norole_nocot,statement,,Obj,tp,
qwen3_14b,participants,lusa_91,ext_exp_temp0.3_nodelim_norole_nocot,the suspect,,Per,tp,
qwen3_14b,participants,lusa_91,ext_exp_temp0.3_nodelim_norole_nocot,Man,,Per,tp,
qwen3_14b,participants,lusa_91,ext_exp_temp0.3_nodelim_norole_nocot,this police force,,Org,tp,
qwen3_14b,participants,lusa_91,ext_exp_temp0.3_nodelim_norole_nocot,Vila Nova de Gaia,,Loc,tp,
qwen3_14b,participants,lusa_91,ext_exp_temp0.3_nodelim_norole_nocot,the detainee,,Per,tp,
qwen3_14b,participants,lusa_91,ext_exp_temp0.3_nodelim_norole_nocot,the GNR,,Org,tp,
qwen3_14b,participants,lusa_91,ext_exp_temp0.3_nodelim_norole_nocot,A 28-year-old man,,,fp,
qwen3_14b,participants,lusa_91,ext_exp_temp0.3_nodelim_norole_nocot,his ex-partner,,,fp,
qwen3_14b,participants,lusa_91,ext_exp_temp0.3_nodelim_norole_nocot,he,,,fp,
qwen3_14b,participants,lusa_91,ext_exp_temp0.3_nodelim_norole_nocot,the 30-year-old victim,,,fp,
qwen3_14b,participants,lusa_91,ext_exp_temp0.3_nodelim_norole_nocot,GNR military,,,fp,
qwen3_14b,participants,lusa_91,ext_exp_temp0.3_nodelim_norole_nocot,the victim's vehicle,,,fp,
qwen3_14b,participants,lusa_91,ext_exp_temp0.3_nodelim_norole_nocot,her,,Per,fn,
qwen3_14b,participants,lusa_91,ext_exp_temp0.3_nodelim_norole_nocot,a radius of 800 meters,,Other,fn,
qwen3_14b,participants,lusa_91,ext_exp_temp0.3_nodelim_norole_nocot,"A 28-year-old man, with",,Per,fn,
qwen3_14b,participants,lusa_91,ext_exp_temp0.3_nodelim_norole_nocot,any means,,Other,fn,
qwen3_14b,participants,lusa_91,ext_exp_temp0.3_nodelim_norole_nocot,his,,Per,fn,
qwen3_14b,participants,lusa_91,ext_exp_temp0.3_nodelim_norole_nocot,drug,,Obj,fn,
qwen3_14b,participants,lusa_91,ext_exp_temp0.3_nodelim_norole_nocot,from,,Per,fn,
qwen3_14b,participants,lusa_91,ext_exp_temp0.3_nodelim_norole_nocot,the GNR military,,Per,fn,
qwen3_14b,participants,lusa_91,ext_exp_temp0.3_nodelim_norole_nocot,"old victim, he",,Per,fn,
qwen3_14b,participants,lusa_92,ext_exp_temp0.3_nodelim_norole_nocot,A man,,Per,tp,
qwen3_14b,participants,lusa_92,ext_exp_temp0.3_nodelim_norole_nocot,the victim,,Per,tp,
qwen3_14b,participants,lusa_92,ext_exp_temp0.3_nodelim_norole_nocot,Vila Nova de Famalicão,,Pl_civil,tp,
qwen3_14b,participants,lusa_92,ext_exp_temp0.3_nodelim_norole_nocot,three vehicles,,Obj,tp,
qwen3_14b,participants,lusa_92,ext_exp_temp0.3_nodelim_norole_nocot,Famalicão,,Pl_civil,tp,
qwen3_14b,participants,lusa_92,ext_exp_temp0.3_nodelim_norole_nocot,Jesufrei,,Pl_civil,tp,
qwen3_14b,participants,lusa_92,ext_exp_temp0.3_nodelim_norole_nocot,Man,,Per,tp,
qwen3_14b,participants,lusa_92,ext_exp_temp0.3_nodelim_norole_nocot,a roof,,Obj,tp,
qwen3_14b,participants,lusa_92,ext_exp_temp0.3_nodelim_norole_nocot,the source,,Per,tp,
qwen3_14b,participants,lusa_92,ext_exp_temp0.3_nodelim_norole_nocot,six men,,,fp,
qwen3_14b,participants,lusa_92,ext_exp_temp0.3_nodelim_norole_nocot,firefighters,,,fp,
qwen3_14b,participants,lusa_92,ext_exp_temp0.3_nodelim_norole_nocot,emergency and resuscitation medical vehicle (VMER),,,fp,
qwen3_14b,participants,lusa_92,ext_exp_temp0.3_nodelim_norole_nocot,GNR,,,fp,
qwen3_14b,participants,lusa_92,ext_exp_temp0.3_nodelim_norole_nocot,a source,,,fp,
qwen3_14b,participants,lusa_92,ext_exp_temp0.3_nodelim_norole_nocot,He,,,fp,
qwen3_14b,participants,lusa_92,ext_exp_temp0.3_nodelim_norole_nocot,Braga District Relief Operations Command,,,fp,
qwen3_14b,participants,lusa_92,ext_exp_temp0.3_nodelim_norole_nocot,eight meters,,,fp,
qwen3_14b,participants,lusa_92,ext_exp_temp0.3_nodelim_norole_nocot,an emergency and resuscitation medical vehicle (VMER),,Obj,fn,
qwen3_14b,participants,lusa_92,ext_exp_temp0.3_nodelim_norole_nocot,where,,Obj,fn,
qwen3_14b,participants,lusa_92,ext_exp_temp0.3_nodelim_norole_nocot,District Relief Operations Command,,Org,fn,
qwen3_14b,participants,lusa_92,ext_exp_temp0.3_nodelim_norole_nocot,between 60 and 65 years old,,Other,fn,
qwen3_14b,participants,lusa_92,ext_exp_temp0.3_nodelim_norole_nocot,Braga,,Pl_civil,fn,
qwen3_14b,participants,lusa_92,ext_exp_temp0.3_nodelim_norole_nocot,the scene,,Pl_civil,fn,
qwen3_14b,participants,lusa_92,ext_exp_temp0.3_nodelim_norole_nocot,the Braga District Relief Operations Command,,Org,fn,
qwen3_14b,participants,lusa_92,ext_exp_temp0.3_nodelim_norole_nocot,around eight meters in height,,Other,fn,
qwen3_14b,participants,lusa_92,ext_exp_temp0.3_nodelim_norole_nocot,source,,Per,fn,
qwen3_14b,participants,lusa_92,ext_exp_temp0.3_nodelim_norole_nocot,", totaling six men",,Per,fn,
qwen3_14b,participants,lusa_92,ext_exp_temp0.3_nodelim_norole_nocot,the roof,,Obj,fn,
qwen3_14b,participants,lusa_92,ext_exp_temp0.3_nodelim_norole_nocot,The GNR,,Org,fn,
qwen3_14b,participants,lusa_92,ext_exp_temp0.3_nodelim_norole_nocot,men ,,Org,fn,
qwen3_14b,participants,lusa_93,ext_exp_temp0.3_nodelim_norole_nocot,that security force,,Org,tp,
qwen3_14b,participants,lusa_93,ext_exp_temp0.3_nodelim_norole_nocot,the man,,Per,tp,
qwen3_14b,participants,lusa_93,ext_exp_temp0.3_nodelim_norole_nocot,the river,,Nat,tp,
qwen3_14b,participants,lusa_93,ext_exp_temp0.3_nodelim_norole_nocot,Man,,Per,tp,
qwen3_14b,participants,lusa_93,ext_exp_temp0.3_nodelim_norole_nocot,the Valverde da Gestosa area,,Loc,tp,
qwen3_14b,participants,lusa_93,ext_exp_temp0.3_nodelim_norole_nocot,the area,,Loc,tp,
qwen3_14b,participants,lusa_93,ext_exp_temp0.3_nodelim_norole_nocot,the Mirandela area,,Loc,tp,
qwen3_14b,participants,lusa_93,ext_exp_temp0.3_nodelim_norole_nocot,authorities,,Org,tp,
qwen3_14b,participants,lusa_93,ext_exp_temp0.3_nodelim_norole_nocot,the GNR,,Org,tp,
qwen3_14b,participants,lusa_93,ext_exp_temp0.3_nodelim_norole_nocot,the fisherman's belongings,,Obj,tp,
qwen3_14b,participants,lusa_93,ext_exp_temp0.3_nodelim_norole_nocot,The body,,Per,tp,
qwen3_14b,participants,lusa_93,ext_exp_temp0.3_nodelim_norole_nocot,Judiciary Police,,Org,tp,
qwen3_14b,participants,lusa_93,ext_exp_temp0.3_nodelim_norole_nocot,A 32-year-old man,,Per,tp,
qwen3_14b,participants,lusa_93,ext_exp_temp0.3_nodelim_norole_nocot,the Tua River,,Nat,tp,
qwen3_14b,participants,lusa_93,ext_exp_temp0.3_nodelim_norole_nocot,Lusa,,Org,tp,
qwen3_14b,participants,lusa_93,ext_exp_temp0.3_nodelim_norole_nocot,the source,,Org,tp,
qwen3_14b,participants,lusa_93,ext_exp_temp0.3_nodelim_norole_nocot,after midnight,,,fp,
qwen3_14b,participants,lusa_93,ext_exp_temp0.3_nodelim_norole_nocot,the place,,,fp,
qwen3_14b,participants,lusa_93,ext_exp_temp0.3_nodelim_norole_nocot,Mirandela,,,fp,
qwen3_14b,participants,lusa_93,ext_exp_temp0.3_nodelim_norole_nocot,where,,Loc,fn,
qwen3_14b,participants,lusa_93,ext_exp_temp0.3_nodelim_norole_nocot,the river near the place,,Loc,fn,
qwen3_14b,participants,lusa_93,ext_exp_temp0.3_nodelim_norole_nocot,the fisherman,,Per,fn,
qwen3_14b,participants,lusa_93,ext_exp_temp0.3_nodelim_norole_nocot,in Mirandela,,Loc,fn,
qwen3_14b,participants,lusa_93,ext_exp_temp0.3_nodelim_norole_nocot,the Tua,,Nat,fn,
qwen3_14b,participants,lusa_93,ext_exp_temp0.3_nodelim_norole_nocot,information,,Other,fn,
qwen3_14b,participants,lusa_93,ext_exp_temp0.3_nodelim_norole_nocot,home,,Loc,fn,
qwen3_14b,participants,lusa_94,ext_exp_temp0.3_nodelim_norole_nocot,the man,,Per,tp,
qwen3_14b,participants,lusa_94,ext_exp_temp0.3_nodelim_norole_nocot,firefighters,,Per,tp,
qwen3_14b,participants,lusa_94,ext_exp_temp0.3_nodelim_norole_nocot,the water,,Nat,tp,
qwen3_14b,participants,lusa_94,ext_exp_temp0.3_nodelim_norole_nocot,the lid,,Obj,tp,
qwen3_14b,participants,lusa_94,ext_exp_temp0.3_nodelim_norole_nocot,A man aged around 60,,Per,tp,
qwen3_14b,participants,lusa_94,ext_exp_temp0.3_nodelim_norole_nocot,a 25-meter well,,Obj,tp,
qwen3_14b,participants,lusa_94,ext_exp_temp0.3_nodelim_norole_nocot,ropes,,Obj,tp,
qwen3_14b,participants,lusa_94,ext_exp_temp0.3_nodelim_norole_nocot,the well,,Obj,tp,
qwen3_14b,participants,lusa_94,ext_exp_temp0.3_nodelim_norole_nocot,Romariz,,Loc,tp,
qwen3_14b,participants,lusa_94,ext_exp_temp0.3_nodelim_norole_nocot,Man,,Per,tp,
qwen3_14b,participants,lusa_94,ext_exp_temp0.3_nodelim_norole_nocot,a well around 25 meters deep,,Obj,tp,
qwen3_14b,participants,lusa_94,ext_exp_temp0.3_nodelim_norole_nocot,the source,,Per,tp,
qwen3_14b,participants,lusa_94,ext_exp_temp0.3_nodelim_norole_nocot,Santa Maria da Feira,,Loc,tp,
qwen3_14b,participants,lusa_94,ext_exp_temp0.3_nodelim_norole_nocot,hypothermia,,,fp,
qwen3_14b,participants,lusa_94,ext_exp_temp0.3_nodelim_norole_nocot,the lid of the well,,,fp,
qwen3_14b,participants,lusa_94,ext_exp_temp0.3_nodelim_norole_nocot,wide-angle team,,,fp,
qwen3_14b,participants,lusa_94,ext_exp_temp0.3_nodelim_norole_nocot,the depth covered by the water,,,fp,
qwen3_14b,participants,lusa_94,ext_exp_temp0.3_nodelim_norole_nocot,a neighbor's property,,,fp,
qwen3_14b,participants,lusa_94,ext_exp_temp0.3_nodelim_norole_nocot,Santa Maria da Feira hospital,,,fp,
qwen3_14b,participants,lusa_94,ext_exp_temp0.3_nodelim_norole_nocot,the Arrifana Fire Department,,,fp,
qwen3_14b,participants,lusa_94,ext_exp_temp0.3_nodelim_norole_nocot,the depth,,,fp,
qwen3_14b,participants,lusa_94,ext_exp_temp0.3_nodelim_norole_nocot,Lusa.,,,fp,
qwen3_14b,participants,lusa_94,ext_exp_temp0.3_nodelim_norole_nocot,GNR of Santa Maria da Feira,,,fp,
qwen3_14b,participants,lusa_94,ext_exp_temp0.3_nodelim_norole_nocot,transport,,,fp,
qwen3_14b,participants,lusa_94,ext_exp_temp0.3_nodelim_norole_nocot,a source,,,fp,
qwen3_14b,participants,lusa_94,ext_exp_temp0.3_nodelim_norole_nocot,a neighbor,,Per,fn,
qwen3_14b,participants,lusa_94,ext_exp_temp0.3_nodelim_norole_nocot,property,,Other,fn,
qwen3_14b,participants,lusa_94,ext_exp_temp0.3_nodelim_norole_nocot,the scene,,Loc,fn,
qwen3_14b,participants,lusa_94,ext_exp_temp0.3_nodelim_norole_nocot,on top,,Obj,fn,
qwen3_14b,participants,lusa_94,ext_exp_temp0.3_nodelim_norole_nocot,a wide-angle team,,Per,fn,
qwen3_14b,participants,lusa_94,ext_exp_temp0.3_nodelim_norole_nocot,source,,Per,fn,
qwen3_14b,participants,lusa_94,ext_exp_temp0.3_nodelim_norole_nocot,the Santa Maria da Feira hospital,,Loc,fn,
qwen3_14b,participants,lusa_94,ext_exp_temp0.3_nodelim_norole_nocot,depth,,Other,fn,
qwen3_14b,participants,lusa_94,ext_exp_temp0.3_nodelim_norole_nocot,The GNR,,Org,fn,
qwen3_14b,participants,lusa_94,ext_exp_temp0.3_nodelim_norole_nocot,Lusa,,Org,fn,
qwen3_14b,participants,lusa_94,ext_exp_temp0.3_nodelim_norole_nocot,the Arrifana Fire,,Org,fn,
qwen3_14b,participants,lusa_95,ext_exp_temp0.3_nodelim_norole_nocot,the victims,,Per,tp,
qwen3_14b,participants,lusa_95,ext_exp_temp0.3_nodelim_norole_nocot,the other victim,,Per,tp,
qwen3_14b,participants,lusa_95,ext_exp_temp0.3_nodelim_norole_nocot,Cartaxo,,Pl_civil,tp,
qwen3_14b,participants,lusa_95,ext_exp_temp0.3_nodelim_norole_nocot,the district of Santarém,,Pl_civil,tp,
qwen3_14b,participants,lusa_95,ext_exp_temp0.3_nodelim_norole_nocot,the same source,,Per,tp,
qwen3_14b,participants,lusa_95,ext_exp_temp0.3_nodelim_norole_nocot,Reguengo,,Pl_civil,tp,
qwen3_14b,participants,lusa_95,ext_exp_temp0.3_nodelim_norole_nocot,Man,,Per,tp,
qwen3_14b,participants,lusa_95,ext_exp_temp0.3_nodelim_norole_nocot,Lisbon,,Pl_capital,tp,
qwen3_14b,participants,lusa_95,ext_exp_temp0.3_nodelim_norole_nocot,site,,,fp,
qwen3_14b,participants,lusa_95,ext_exp_temp0.3_nodelim_norole_nocot,Santarém GNR,,,fp,
qwen3_14b,participants,lusa_95,ext_exp_temp0.3_nodelim_norole_nocot,District Relief Operations Command,,,fp,
qwen3_14b,participants,lusa_95,ext_exp_temp0.3_nodelim_norole_nocot,National Emergency and Civil Protection Authority,,,fp,
qwen3_14b,participants,lusa_95,ext_exp_temp0.3_nodelim_norole_nocot,the Lusa agency,,,fp,
qwen3_14b,participants,lusa_95,ext_exp_temp0.3_nodelim_norole_nocot,vehicles,,,fp,
qwen3_14b,participants,lusa_95,ext_exp_temp0.3_nodelim_norole_nocot,the seriously injured person,,,fp,
qwen3_14b,participants,lusa_95,ext_exp_temp0.3_nodelim_norole_nocot,A road accident,,,fp,
qwen3_14b,participants,lusa_95,ext_exp_temp0.3_nodelim_norole_nocot,two men,,,fp,
qwen3_14b,participants,lusa_95,ext_exp_temp0.3_nodelim_norole_nocot,Estrada Nacional 2-3,,,fp,
qwen3_14b,participants,lusa_95,ext_exp_temp0.3_nodelim_norole_nocot,operatives,,,fp,
qwen3_14b,participants,lusa_95,ext_exp_temp0.3_nodelim_norole_nocot,the website of the National Emergency and Civil Protection Authority,,,fp,
qwen3_14b,participants,lusa_95,ext_exp_temp0.3_nodelim_norole_nocot,Hospital de São José,,,fp,
qwen3_14b,participants,lusa_95,ext_exp_temp0.3_nodelim_norole_nocot,Valada,,,fp,
qwen3_14b,participants,lusa_95,ext_exp_temp0.3_nodelim_norole_nocot,a source,,,fp,
qwen3_14b,participants,lusa_95,ext_exp_temp0.3_nodelim_norole_nocot,light vehicle,,,fp,
qwen3_14b,participants,lusa_95,ext_exp_temp0.3_nodelim_norole_nocot,13 operatives,,Per,fn,
qwen3_14b,participants,lusa_95,ext_exp_temp0.3_nodelim_norole_nocot,a light vehicle,,Obj,fn,
qwen3_14b,participants,lusa_95,ext_exp_temp0.3_nodelim_norole_nocot,the Hospital de São José,,Fac,fn,
qwen3_14b,participants,lusa_95,ext_exp_temp0.3_nodelim_norole_nocot,the parish of Valada,,Pl_civil,fn,
qwen3_14b,participants,lusa_95,ext_exp_temp0.3_nodelim_norole_nocot,that,,Org,fn,
qwen3_14b,participants,lusa_95,ext_exp_temp0.3_nodelim_norole_nocot,Lusa agency,,Org,fn,
qwen3_14b,participants,lusa_95,ext_exp_temp0.3_nodelim_norole_nocot,the Santarém GNR,,Org,fn,
qwen3_14b,participants,lusa_95,ext_exp_temp0.3_nodelim_norole_nocot,in Cartaxo,,Loc,fn,
qwen3_14b,participants,lusa_95,ext_exp_temp0.3_nodelim_norole_nocot,the seriously injured,,Per,fn,
qwen3_14b,participants,lusa_95,ext_exp_temp0.3_nodelim_norole_nocot,one dead,,Per,fn,
qwen3_14b,participants,lusa_95,ext_exp_temp0.3_nodelim_norole_nocot,one seriously injured,,Per,fn,
qwen3_14b,participants,lusa_95,ext_exp_temp0.3_nodelim_norole_nocot,the District Relief Operations Command,,Org,fn,
qwen3_14b,participants,lusa_95,ext_exp_temp0.3_nodelim_norole_nocot,"two men, between 30 and 40 years old",,Per,fn,
qwen3_14b,participants,lusa_95,ext_exp_temp0.3_nodelim_norole_nocot,the,,Loc,fn,
qwen3_14b,participants,lusa_95,ext_exp_temp0.3_nodelim_norole_nocot,five vehicles,,Obj,fn,
qwen3_14b,participants,lusa_95,ext_exp_temp0.3_nodelim_norole_nocot,The ,,Other,fn,
qwen3_14b,participants,lusa_95,ext_exp_temp0.3_nodelim_norole_nocot,the National Emergency and Civil Protection Authority,,Org,fn,
qwen3_14b,participants,lusa_95,ext_exp_temp0.3_nodelim_norole_nocot,the scene,,Pl_civil,fn,
qwen3_14b,participants,lusa_95,ext_exp_temp0.3_nodelim_norole_nocot,Nacional 2-3,,Pl_civil,fn,
qwen3_14b,participants,lusa_95,ext_exp_temp0.3_nodelim_norole_nocot,who,,Per,fn,
qwen3_14b,participants,lusa_95,ext_exp_temp0.3_nodelim_norole_nocot,source,,Per,fn,
qwen3_14b,participants,lusa_95,ext_exp_temp0.3_nodelim_norole_nocot,Santarém,,Pl_civil,fn,
qwen3_14b,participants,lusa_95,ext_exp_temp0.3_nodelim_norole_nocot,the website,,Other,fn,
qwen3_14b,participants,lusa_98,ext_exp_temp0.3_nodelim_norole_nocot,The Judiciary Police (PJ),,Org,tp,
qwen3_14b,participants,lusa_98,ext_exp_temp0.3_nodelim_norole_nocot,the house,,Other,tp,
qwen3_14b,participants,lusa_98,ext_exp_temp0.3_nodelim_norole_nocot,Braga,,Loc,tp,
qwen3_14b,participants,lusa_98,ext_exp_temp0.3_nodelim_norole_nocot,The detainees,,Per,tp,
qwen3_14b,participants,lusa_98,ext_exp_temp0.3_nodelim_norole_nocot,the victim,,Per,tp,
qwen3_14b,participants,lusa_98,ext_exp_temp0.3_nodelim_norole_nocot,Dume,,Loc,tp,
qwen3_14b,participants,lusa_98,ext_exp_temp0.3_nodelim_norole_nocot,PJ,,Org,tp,
qwen3_14b,participants,lusa_98,ext_exp_temp0.3_nodelim_norole_nocot,the body,,Other,tp,
qwen3_14b,participants,lusa_98,ext_exp_temp0.3_nodelim_norole_nocot,a couple,,Per,tp,
qwen3_14b,participants,lusa_98,ext_exp_temp0.3_nodelim_norole_nocot,her house,,Other,tp,
qwen3_14b,participants,lusa_98,ext_exp_temp0.3_nodelim_norole_nocot,a 69-year-old woman,,Per,tp,
qwen3_14b,participants,lusa_98,ext_exp_temp0.3_nodelim_norole_nocot,the suspects,,Per,tp,
qwen3_14b,participants,lusa_98,ext_exp_temp0.3_nodelim_norole_nocot,couple,,Per,tp,
qwen3_14b,participants,lusa_98,ext_exp_temp0.3_nodelim_norole_nocot,the source,,Per,tp,
qwen3_14b,participants,lusa_98,ext_exp_temp0.3_nodelim_norole_nocot,They,,,fp,
qwen3_14b,participants,lusa_98,ext_exp_temp0.3_nodelim_norole_nocot,she,,,fp,
qwen3_14b,participants,lusa_98,ext_exp_temp0.3_nodelim_norole_nocot,woman,,,fp,
qwen3_14b,participants,lusa_98,ext_exp_temp0.3_nodelim_norole_nocot,he,,,fp,
qwen3_14b,participants,lusa_98,ext_exp_temp0.3_nodelim_norole_nocot,the city of Braga.,,,fp,
qwen3_14b,participants,lusa_98,ext_exp_temp0.3_nodelim_norole_nocot,the male member of the couple,,,fp,
qwen3_14b,participants,lusa_98,ext_exp_temp0.3_nodelim_norole_nocot,The victim,,,fp,
qwen3_14b,participants,lusa_98,ext_exp_temp0.3_nodelim_norole_nocot,court,,,fp,
qwen3_14b,participants,lusa_98,ext_exp_temp0.3_nodelim_norole_nocot,a source,,,fp,
qwen3_14b,participants,lusa_98,ext_exp_temp0.3_nodelim_norole_nocot,the assets,,,fp,
qwen3_14b,participants,lusa_98,ext_exp_temp0.3_nodelim_norole_nocot,Lusa,,,fp,
qwen3_14b,participants,lusa_98,ext_exp_temp0.3_nodelim_norole_nocot,the path,,,fp,
qwen3_14b,participants,lusa_98,ext_exp_temp0.3_nodelim_norole_nocot,where,,Loc,fn,
qwen3_14b,participants,lusa_98,ext_exp_temp0.3_nodelim_norole_nocot,The objective,,Other,fn,
qwen3_14b,participants,lusa_98,ext_exp_temp0.3_nodelim_norole_nocot,that,,Other,fn,
qwen3_14b,participants,lusa_98,ext_exp_temp0.3_nodelim_norole_nocot,he is 61 years old,,Per,fn,
qwen3_14b,participants,lusa_98,ext_exp_temp0.3_nodelim_norole_nocot,told Lusa,,Org,fn,
qwen3_14b,participants,lusa_98,ext_exp_temp0.3_nodelim_norole_nocot,a woman,,Per,fn,
qwen3_14b,participants,lusa_98,ext_exp_temp0.3_nodelim_norole_nocot,assets,,Other,fn,
qwen3_14b,participants,lusa_98,ext_exp_temp0.3_nodelim_norole_nocot,in an urban parish,,Loc,fn,
qwen3_14b,participants,lusa_98,ext_exp_temp0.3_nodelim_norole_nocot,in Braga,,Loc,fn,
qwen3_14b,participants,lusa_98,ext_exp_temp0.3_nodelim_norole_nocot,on a path,,Loc,fn,
qwen3_14b,participants,lusa_98,ext_exp_temp0.3_nodelim_norole_nocot,him,,Per,fn,
qwen3_14b,participants,lusa_98,ext_exp_temp0.3_nodelim_norole_nocot,that ,,Org,fn,
qwen3_14b,participants,lusa_98,ext_exp_temp0.3_nodelim_norole_nocot,the respective coercive measures,,Other,fn,
qwen3_14b,participants,lusa_98,ext_exp_temp0.3_nodelim_norole_nocot,she is 48 years old,,Per,fn,
qwen3_14b,participants,lusa_98,ext_exp_temp0.3_nodelim_norole_nocot,the couple,,Per,fn,
qwen3_14b,participants,lusa_98,ext_exp_temp0.3_nodelim_norole_nocot,in the city of Braga,,Loc,fn,
qwen3_14b,participants,lusa_98,ext_exp_temp0.3_nodelim_norole_nocot,her,,Per,fn,
qwen3_14b,participants,lusa_98,ext_exp_temp0.3_nodelim_norole_nocot,in the same municipality,,Loc,fn,
qwen3_14b,participants,lusa_98,ext_exp_temp0.3_nodelim_norole_nocot,with,,Per,fn,
qwen3_14b,participants,lusa_98,ext_exp_temp0.3_nodelim_norole_nocot,source,,Per,fn,
qwen3_14b,participants,lusa_98,ext_exp_temp0.3_nodelim_norole_nocot,the male member,,Per,fn,
qwen3_14b,participants,lusa_98,ext_exp_temp0.3_nodelim_norole_nocot,"The victim, aged 69",,Per,fn,
qwen3_14b,participants,lusa_99,ext_exp_temp0.3_nodelim_norole_nocot,the Lusa agency,,Org,tp,
qwen3_14b,participants,lusa_99,ext_exp_temp0.3_nodelim_norole_nocot,Four operatives,,Per,tp,
qwen3_14b,participants,lusa_99,ext_exp_temp0.3_nodelim_norole_nocot,two vehicles,,Obj,tp,
qwen3_14b,participants,lusa_99,ext_exp_temp0.3_nodelim_norole_nocot,the victim,,Per,tp,
qwen3_14b,participants,lusa_99,ext_exp_temp0.3_nodelim_norole_nocot,the District Relief Operations Command,,Org,tp,
qwen3_14b,participants,lusa_99,ext_exp_temp0.3_nodelim_norole_nocot,the same source,,Per,tp,
qwen3_14b,participants,lusa_99,ext_exp_temp0.3_nodelim_norole_nocot,A 66-year-old man,,Per,tp,
qwen3_14b,participants,lusa_99,ext_exp_temp0.3_nodelim_norole_nocot,Man,,Per,tp,
qwen3_14b,participants,lusa_99,ext_exp_temp0.3_nodelim_norole_nocot,Oleiros,,,fp,
qwen3_14b,participants,lusa_99,ext_exp_temp0.3_nodelim_norole_nocot,a source,,,fp,
qwen3_14b,participants,lusa_99,ext_exp_temp0.3_nodelim_norole_nocot,Castelo Branco,,,fp,
qwen3_14b,participants,lusa_99,ext_exp_temp0.3_nodelim_norole_nocot,Coimbra Hospital and University Center,,,fp,
qwen3_14b,participants,lusa_99,ext_exp_temp0.3_nodelim_norole_nocot,the ,,Org,fn,
qwen3_14b,participants,lusa_99,ext_exp_temp0.3_nodelim_norole_nocot,in the district of Castelo Branco,,Loc,fn,
qwen3_14b,participants,lusa_99,ext_exp_temp0.3_nodelim_norole_nocot,the Coimbra Hospital and University Center,,Loc,fn,
qwen3_14b,participants,lusa_99,ext_exp_temp0.3_nodelim_norole_nocot,a house,,Loc,fn,
qwen3_14b,participants,lusa_99,ext_exp_temp0.3_nodelim_norole_nocot,to the scene,,Loc,fn,
qwen3_14b,participants,lusa_99,ext_exp_temp0.3_nodelim_norole_nocot,source,,Per,fn,
qwen3_14b,participants,lusa_99,ext_exp_temp0.3_nodelim_norole_nocot,in Oleiros,,Loc,fn,
qwen3_14b,participants,lusa_99,ext_exp_temp0.3_nodelim_norole_nocot,inside,,Loc,fn,
qwen3_14b,participants,lusa_1,ext_def_exp_temp0.3_nodelim_norole_nocot,note,,Obj,tp,
qwen3_14b,participants,lusa_1,ext_def_exp_temp0.3_nodelim_norole_nocot,drinking establishment,,Fac,tp,
qwen3_14b,participants,lusa_1,ext_def_exp_temp0.3_nodelim_norole_nocot,bar,,Fac,tp,
qwen3_14b,participants,lusa_1,ext_def_exp_temp0.3_nodelim_norole_nocot,people,,Per,tp,
qwen3_14b,participants,lusa_1,ext_def_exp_temp0.3_nodelim_norole_nocot,soldiers,,Per,tp,
qwen3_14b,participants,lusa_1,ext_def_exp_temp0.3_nodelim_norole_nocot,GNR,,Org,tp,
qwen3_14b,participants,lusa_1,ext_def_exp_temp0.3_nodelim_norole_nocot,Corotelo,,Pl_civil,tp,
qwen3_14b,participants,lusa_1,ext_def_exp_temp0.3_nodelim_norole_nocot,São de Alportel Territorial Post,,,fp,
qwen3_14b,participants,lusa_1,ext_def_exp_temp0.3_nodelim_norole_nocot,the military,,,fp,
qwen3_14b,participants,lusa_1,ext_def_exp_temp0.3_nodelim_norole_nocot,50 people,,,fp,
qwen3_14b,participants,lusa_1,ext_def_exp_temp0.3_nodelim_norole_nocot,administrative offense notice,,,fp,
qwen3_14b,participants,lusa_1,ext_def_exp_temp0.3_nodelim_norole_nocot,covid-19 pandemic,,,fp,
qwen3_14b,participants,lusa_1,ext_def_exp_temp0.3_nodelim_norole_nocot,owner,,,fp,
qwen3_14b,participants,lusa_1,ext_def_exp_temp0.3_nodelim_norole_nocot,Faro Territorial Command of the GNR,,,fp,
qwen3_14b,participants,lusa_1,ext_def_exp_temp0.3_nodelim_norole_nocot,São Brás de Alportel,,,fp,
qwen3_14b,participants,lusa_1,ext_def_exp_temp0.3_nodelim_norole_nocot,an administrative offense notice,,Obj,fn,
qwen3_14b,participants,lusa_1,ext_def_exp_temp0.3_nodelim_norole_nocot,Faro,,Pl_civil,fn,
qwen3_14b,participants,lusa_1,ext_def_exp_temp0.3_nodelim_norole_nocot,the owner,,Per,fn,
qwen3_14b,participants,lusa_1,ext_def_exp_temp0.3_nodelim_norole_nocot,statement,,Obj,fn,
qwen3_14b,participants,lusa_1,ext_def_exp_temp0.3_nodelim_norole_nocot,around 50 people,,Per,fn,
qwen3_14b,participants,lusa_1,ext_def_exp_temp0.3_nodelim_norole_nocot,Territorial Post,,Fac,fn,
qwen3_14b,participants,lusa_1,ext_def_exp_temp0.3_nodelim_norole_nocot,Alportel Territorial Post went to the location,,Org,fn,
qwen3_14b,participants,lusa_1,ext_def_exp_temp0.3_nodelim_norole_nocot,The military,,Per,fn,
qwen3_14b,participants,lusa_1,ext_def_exp_temp0.3_nodelim_norole_nocot,municipality of São Brás de Alportel,,Pl_civil,fn,
qwen3_14b,participants,lusa_1,ext_def_exp_temp0.3_nodelim_norole_nocot,the Faro Territorial Command,,Org,fn,
qwen3_14b,participants,lusa_1,ext_def_exp_temp0.3_nodelim_norole_nocot,location,,Loc,fn,
qwen3_14b,participants,lusa_1,ext_def_exp_temp0.3_nodelim_norole_nocot,São de Alportel,,Pl_civil,fn,
qwen3_14b,participants,lusa_1,ext_def_exp_temp0.3_nodelim_norole_nocot,live music,,Other,fn,
qwen3_14b,participants,lusa_1,ext_def_exp_temp0.3_nodelim_norole_nocot,the GNR,,Org,fn,
qwen3_14b,participants,lusa_1,ext_def_exp_temp0.3_nodelim_norole_nocot,compliance with the rules relating to the covid-19 pandemic,,Other,fn,
qwen3_14b,participants,lusa_101,ext_def_exp_temp0.3_nodelim_norole_nocot,The collective,,Per,tp,
qwen3_14b,participants,lusa_101,ext_def_exp_temp0.3_nodelim_norole_nocot,a 36-year-old man,,Per,tp,
qwen3_14b,participants,lusa_101,ext_def_exp_temp0.3_nodelim_norole_nocot,the man,,Per,tp,
qwen3_14b,participants,lusa_101,ext_def_exp_temp0.3_nodelim_norole_nocot,the defendant,,Per,tp,
qwen3_14b,participants,lusa_101,ext_def_exp_temp0.3_nodelim_norole_nocot,the murder weapon,,Obj,tp,
qwen3_14b,participants,lusa_101,ext_def_exp_temp0.3_nodelim_norole_nocot,The Viana do Castelo Court,,Org,tp,
qwen3_14b,participants,lusa_101,ext_def_exp_temp0.3_nodelim_norole_nocot,The man,,Per,tp,
qwen3_14b,participants,lusa_101,ext_def_exp_temp0.3_nodelim_norole_nocot,one crime of harm to qualified physical integrity,,,fp,
qwen3_14b,participants,lusa_101,ext_def_exp_temp0.3_nodelim_norole_nocot,possession of a prohibited weapon,,,fp,
qwen3_14b,participants,lusa_101,ext_def_exp_temp0.3_nodelim_norole_nocot,another man,,,fp,
qwen3_14b,participants,lusa_101,ext_def_exp_temp0.3_nodelim_norole_nocot,The judge,,,fp,
qwen3_14b,participants,lusa_101,ext_def_exp_temp0.3_nodelim_norole_nocot,qualified murder,,,fp,
qwen3_14b,participants,lusa_101,ext_def_exp_temp0.3_nodelim_norole_nocot,the mother of the fatal victim,,,fp,
qwen3_14b,participants,lusa_101,ext_def_exp_temp0.3_nodelim_norole_nocot,murder weapon,,,fp,
qwen3_14b,participants,lusa_101,ext_def_exp_temp0.3_nodelim_norole_nocot,presiding judge of the panel,,,fp,
qwen3_14b,participants,lusa_101,ext_def_exp_temp0.3_nodelim_norole_nocot,the trial,,,fp,
qwen3_14b,participants,lusa_101,ext_def_exp_temp0.3_nodelim_norole_nocot,the documentary and testimonial evidence,,,fp,
qwen3_14b,participants,lusa_101,ext_def_exp_temp0.3_nodelim_norole_nocot,the fatal victim,,,fp,
qwen3_14b,participants,lusa_101,ext_def_exp_temp0.3_nodelim_norole_nocot,simple murder,,,fp,
qwen3_14b,participants,lusa_101,ext_def_exp_temp0.3_nodelim_norole_nocot,those two crimes,,,fp,
qwen3_14b,participants,lusa_101,ext_def_exp_temp0.3_nodelim_norole_nocot,pre-trial detention,,,fp,
qwen3_14b,participants,lusa_101,ext_def_exp_temp0.3_nodelim_norole_nocot,the courtroom,,,fp,
qwen3_14b,participants,lusa_101,ext_def_exp_temp0.3_nodelim_norole_nocot,the presiding judge,,Per,fn,
qwen3_14b,participants,lusa_101,ext_def_exp_temp0.3_nodelim_norole_nocot,in the total amount,,Other,fn,
qwen3_14b,participants,lusa_101,ext_def_exp_temp0.3_nodelim_norole_nocot,in the city,,Loc,fn,
qwen3_14b,participants,lusa_101,ext_def_exp_temp0.3_nodelim_norole_nocot,of the ruling,,Obj,fn,
qwen3_14b,participants,lusa_101,ext_def_exp_temp0.3_nodelim_norole_nocot,Viana do Castelo court,,Org,fn,
qwen3_14b,participants,lusa_101,ext_def_exp_temp0.3_nodelim_norole_nocot,of 141 thousand euros,,Obj,fn,
qwen3_14b,participants,lusa_101,ext_def_exp_temp0.3_nodelim_norole_nocot,in the courtroom,,Loc,fn,
qwen3_14b,participants,lusa_101,ext_def_exp_temp0.3_nodelim_norole_nocot,documentary and testimonial evidence,,Other,fn,
qwen3_14b,participants,lusa_101,ext_def_exp_temp0.3_nodelim_norole_nocot,The ,,Per,fn,
qwen3_14b,participants,lusa_101,ext_def_exp_temp0.3_nodelim_norole_nocot,who,,Per,fn,
qwen3_14b,participants,lusa_101,ext_def_exp_temp0.3_nodelim_norole_nocot,another,,Per,fn,
qwen3_14b,participants,lusa_101,ext_def_exp_temp0.3_nodelim_norole_nocot,that,,Per,fn,
qwen3_14b,participants,lusa_101,ext_def_exp_temp0.3_nodelim_norole_nocot,presiding judge of the,,Per,fn,
qwen3_14b,participants,lusa_101,ext_def_exp_temp0.3_nodelim_norole_nocot,man,,Per,fn,
qwen3_14b,participants,lusa_101,ext_def_exp_temp0.3_nodelim_norole_nocot,of the fatal victim,,Per,fn,
qwen3_14b,participants,lusa_101,ext_def_exp_temp0.3_nodelim_norole_nocot,the mother,,Per,fn,
qwen3_14b,participants,lusa_102,ext_def_exp_temp0.3_nodelim_norole_nocot,the man,,Per,tp,
qwen3_14b,participants,lusa_102,ext_def_exp_temp0.3_nodelim_norole_nocot,another individual,,Per,tp,
qwen3_14b,participants,lusa_102,ext_def_exp_temp0.3_nodelim_norole_nocot,The 68-year-old citizen,,Per,tp,
qwen3_14b,participants,lusa_102,ext_def_exp_temp0.3_nodelim_norole_nocot,Cais das Colunas,,Loc,tp,
qwen3_14b,participants,lusa_102,ext_def_exp_temp0.3_nodelim_norole_nocot,A 68-year-old man,,Per,tp,
qwen3_14b,participants,lusa_102,ext_def_exp_temp0.3_nodelim_norole_nocot,another passerby,,Per,tp,
qwen3_14b,participants,lusa_102,ext_def_exp_temp0.3_nodelim_norole_nocot,Tagus River,,Loc,tp,
qwen3_14b,participants,lusa_102,ext_def_exp_temp0.3_nodelim_norole_nocot,São José Hospital,,,fp,
qwen3_14b,participants,lusa_102,ext_def_exp_temp0.3_nodelim_norole_nocot,An official source,,,fp,
qwen3_14b,participants,lusa_102,ext_def_exp_temp0.3_nodelim_norole_nocot,ambulance,,,fp,
qwen3_14b,participants,lusa_102,ext_def_exp_temp0.3_nodelim_norole_nocot,the man in difficulties,,,fp,
qwen3_14b,participants,lusa_102,ext_def_exp_temp0.3_nodelim_norole_nocot,cardiorespiratory resuscitation,,,fp,
qwen3_14b,participants,lusa_102,ext_def_exp_temp0.3_nodelim_norole_nocot,Maritime Police,,,fp,
qwen3_14b,participants,lusa_102,ext_def_exp_temp0.3_nodelim_norole_nocot,National Institute of Medical Emergency (INEM),,,fp,
qwen3_14b,participants,lusa_102,ext_def_exp_temp0.3_nodelim_norole_nocot,Lisbon,,,fp,
qwen3_14b,participants,lusa_102,ext_def_exp_temp0.3_nodelim_norole_nocot,Lusa,,,fp,
qwen3_14b,participants,lusa_102,ext_def_exp_temp0.3_nodelim_norole_nocot,where,,Loc,fn,
qwen3_14b,participants,lusa_102,ext_def_exp_temp0.3_nodelim_norole_nocot,the Maritime Police,,Org,fn,
qwen3_14b,participants,lusa_102,ext_def_exp_temp0.3_nodelim_norole_nocot,the ,,Loc,fn,
qwen3_14b,participants,lusa_102,ext_def_exp_temp0.3_nodelim_norole_nocot,the National Institute of Medical Emergency (INEM),,Org,fn,
qwen3_14b,participants,lusa_102,ext_def_exp_temp0.3_nodelim_norole_nocot,to São José Hospital,,Loc,fn,
qwen3_14b,participants,lusa_102,ext_def_exp_temp0.3_nodelim_norole_nocot,told Lusa,,Org,fn,
qwen3_14b,participants,lusa_102,ext_def_exp_temp0.3_nodelim_norole_nocot,that,,Per,fn,
qwen3_14b,participants,lusa_102,ext_def_exp_temp0.3_nodelim_norole_nocot,took place,,Loc,fn,
qwen3_14b,participants,lusa_102,ext_def_exp_temp0.3_nodelim_norole_nocot,the water,,Nat,fn,
qwen3_14b,participants,lusa_102,ext_def_exp_temp0.3_nodelim_norole_nocot,the Tagus River,,Loc,fn,
qwen3_14b,participants,lusa_102,ext_def_exp_temp0.3_nodelim_norole_nocot,the São José Hospital,,Loc,fn,
qwen3_14b,participants,lusa_102,ext_def_exp_temp0.3_nodelim_norole_nocot,in Lisbon,,Loc,fn,
qwen3_14b,participants,lusa_102,ext_def_exp_temp0.3_nodelim_norole_nocot,an ambulance,,Obj,fn,
qwen3_14b,participants,lusa_102,ext_def_exp_temp0.3_nodelim_norole_nocot,Man,,Per,fn,
qwen3_14b,participants,lusa_102,ext_def_exp_temp0.3_nodelim_norole_nocot,official source,,Per,fn,
qwen3_14b,participants,lusa_103,ext_def_exp_temp0.3_nodelim_norole_nocot,Celorico de Basto,,Loc,tp,
qwen3_14b,participants,lusa_103,ext_def_exp_temp0.3_nodelim_norole_nocot,the district of Braga,,Loc,tp,
qwen3_14b,participants,lusa_103,ext_def_exp_temp0.3_nodelim_norole_nocot,The Judicial Police,,Org,tp,
qwen3_14b,participants,lusa_103,ext_def_exp_temp0.3_nodelim_norole_nocot,a man aged around 60,,Per,tp,
qwen3_14b,participants,lusa_103,ext_def_exp_temp0.3_nodelim_norole_nocot,the body,,Other,tp,
qwen3_14b,participants,lusa_103,ext_def_exp_temp0.3_nodelim_norole_nocot,source,,Per,tp,
qwen3_14b,participants,lusa_103,ext_def_exp_temp0.3_nodelim_norole_nocot,The man,,Per,tp,
qwen3_14b,participants,lusa_103,ext_def_exp_temp0.3_nodelim_norole_nocot,a person,,Per,tp,
qwen3_14b,participants,lusa_103,ext_def_exp_temp0.3_nodelim_norole_nocot,rescuers,,,fp,
qwen3_14b,participants,lusa_103,ext_def_exp_temp0.3_nodelim_norole_nocot,he,,,fp,
qwen3_14b,participants,lusa_103,ext_def_exp_temp0.3_nodelim_norole_nocot,A source,,,fp,
qwen3_14b,participants,lusa_103,ext_def_exp_temp0.3_nodelim_norole_nocot,him,,,fp,
qwen3_14b,participants,lusa_103,ext_def_exp_temp0.3_nodelim_norole_nocot,a police source,,,fp,
qwen3_14b,participants,lusa_103,ext_def_exp_temp0.3_nodelim_norole_nocot,Guimarães morgue,,,fp,
qwen3_14b,participants,lusa_103,ext_def_exp_temp0.3_nodelim_norole_nocot,local Red Cross,,,fp,
qwen3_14b,participants,lusa_103,ext_def_exp_temp0.3_nodelim_norole_nocot,public road,,,fp,
qwen3_14b,participants,lusa_103,ext_def_exp_temp0.3_nodelim_norole_nocot,Gandarela case,,,fp,
qwen3_14b,participants,lusa_103,ext_def_exp_temp0.3_nodelim_norole_nocot,National Institute of Medical Emergency (INEM),,,fp,
qwen3_14b,participants,lusa_103,ext_def_exp_temp0.3_nodelim_norole_nocot,Gandarela,,,fp,
qwen3_14b,participants,lusa_103,ext_def_exp_temp0.3_nodelim_norole_nocot,Lusa,,,fp,
qwen3_14b,participants,lusa_103,ext_def_exp_temp0.3_nodelim_norole_nocot,municipality of Celorico de Basto,,,fp,
qwen3_14b,participants,lusa_103,ext_def_exp_temp0.3_nodelim_norole_nocot,the Gandarela,,Loc,fn,
qwen3_14b,participants,lusa_103,ext_def_exp_temp0.3_nodelim_norole_nocot,the National Institute of Medical Emergency (INEM),,Org,fn,
qwen3_14b,participants,lusa_103,ext_def_exp_temp0.3_nodelim_norole_nocot,the municipality of Celorico de Basto,,Loc,fn,
qwen3_14b,participants,lusa_103,ext_def_exp_temp0.3_nodelim_norole_nocot,at the,,Per,fn,
qwen3_14b,participants,lusa_103,ext_def_exp_temp0.3_nodelim_norole_nocot,told Lusa,,Org,fn,
qwen3_14b,participants,lusa_103,ext_def_exp_temp0.3_nodelim_norole_nocot,the public road,,Loc,fn,
qwen3_14b,participants,lusa_103,ext_def_exp_temp0.3_nodelim_norole_nocot,PJ,,Org,fn,
qwen3_14b,participants,lusa_103,ext_def_exp_temp0.3_nodelim_norole_nocot,the first rescuers to,,Org,fn,
qwen3_14b,participants,lusa_103,ext_def_exp_temp0.3_nodelim_norole_nocot,the scene,,Loc,fn,
qwen3_14b,participants,lusa_103,ext_def_exp_temp0.3_nodelim_norole_nocot,the Guimarães morgue,,Loc,fn,
qwen3_14b,participants,lusa_103,ext_def_exp_temp0.3_nodelim_norole_nocot,in Celorico de Basto,,Loc,fn,
qwen3_14b,participants,lusa_103,ext_def_exp_temp0.3_nodelim_norole_nocot,60-year-old man,,Per,fn,
qwen3_14b,participants,lusa_103,ext_def_exp_temp0.3_nodelim_norole_nocot,the local Red Cross,,Org,fn,
qwen3_14b,participants,lusa_103,ext_def_exp_temp0.3_nodelim_norole_nocot,a police,,Org,fn,
qwen3_14b,participants,lusa_103,ext_def_exp_temp0.3_nodelim_norole_nocot,in Gandarela,,Loc,fn,
qwen3_14b,participants,lusa_105,ext_def_exp_temp0.3_nodelim_norole_nocot,police source,,Per,tp,
qwen3_14b,participants,lusa_105,ext_def_exp_temp0.3_nodelim_norole_nocot,Vila de Gaia,,Loc,tp,
qwen3_14b,participants,lusa_105,ext_def_exp_temp0.3_nodelim_norole_nocot,district of Porto,,Loc,tp,
qwen3_14b,participants,lusa_105,ext_def_exp_temp0.3_nodelim_norole_nocot,A 31-year-old man,,Per,tp,
qwen3_14b,participants,lusa_105,ext_def_exp_temp0.3_nodelim_norole_nocot,the shooter,,Per,tp,
qwen3_14b,participants,lusa_105,ext_def_exp_temp0.3_nodelim_norole_nocot,The victim,,Per,tp,
qwen3_14b,participants,lusa_105,ext_def_exp_temp0.3_nodelim_norole_nocot,source,,Per,tp,
qwen3_14b,participants,lusa_105,ext_def_exp_temp0.3_nodelim_norole_nocot,Vila Nova de Gaia,,Loc,tp,
qwen3_14b,participants,lusa_105,ext_def_exp_temp0.3_nodelim_norole_nocot,Gulpilhares,,Loc,tp,
qwen3_14b,participants,lusa_105,ext_def_exp_temp0.3_nodelim_norole_nocot,Santos Silva hospital,,Loc,tp,
qwen3_14b,participants,lusa_105,ext_def_exp_temp0.3_nodelim_norole_nocot,Valadares,,,fp,
qwen3_14b,participants,lusa_105,ext_def_exp_temp0.3_nodelim_norole_nocot,firefighters from Valadares,,,fp,
qwen3_14b,participants,lusa_105,ext_def_exp_temp0.3_nodelim_norole_nocot,person,,,fp,
qwen3_14b,participants,lusa_105,ext_def_exp_temp0.3_nodelim_norole_nocot,Judiciary Police,,,fp,
qwen3_14b,participants,lusa_105,ext_def_exp_temp0.3_nodelim_norole_nocot,authorities,,,fp,
qwen3_14b,participants,lusa_105,ext_def_exp_temp0.3_nodelim_norole_nocot,criminal police body,,,fp,
qwen3_14b,participants,lusa_105,ext_def_exp_temp0.3_nodelim_norole_nocot,The reasons,,Other,fn,
qwen3_14b,participants,lusa_105,ext_def_exp_temp0.3_nodelim_norole_nocot,a slightly injured person,,Per,fn,
qwen3_14b,participants,lusa_105,ext_def_exp_temp0.3_nodelim_norole_nocot,the authorities,,Org,fn,
qwen3_14b,participants,lusa_105,ext_def_exp_temp0.3_nodelim_norole_nocot,firefighters,,Org,fn,
qwen3_14b,participants,lusa_105,ext_def_exp_temp0.3_nodelim_norole_nocot,this corporation,,Org,fn,
qwen3_14b,participants,lusa_105,ext_def_exp_temp0.3_nodelim_norole_nocot,shooter,,Per,fn,
qwen3_14b,participants,lusa_105,ext_def_exp_temp0.3_nodelim_norole_nocot,the Judiciary Police,,Org,fn,
qwen3_14b,participants,lusa_105,ext_def_exp_temp0.3_nodelim_norole_nocot,that,,Org,fn,
qwen3_14b,participants,lusa_105,ext_def_exp_temp0.3_nodelim_norole_nocot,Man,,Per,fn,
qwen3_14b,participants,lusa_105,ext_def_exp_temp0.3_nodelim_norole_nocot,the left arm,,Other,fn,
qwen3_14b,participants,lusa_105,ext_def_exp_temp0.3_nodelim_norole_nocot,criminal police,,Org,fn,
qwen3_14b,participants,lusa_106,ext_def_exp_temp0.3_nodelim_norole_nocot,The company,,Org,tp,
qwen3_14b,participants,lusa_106,ext_def_exp_temp0.3_nodelim_norole_nocot,the man,,Per,tp,
qwen3_14b,participants,lusa_106,ext_def_exp_temp0.3_nodelim_norole_nocot,the authorities,,Org,tp,
qwen3_14b,participants,lusa_106,ext_def_exp_temp0.3_nodelim_norole_nocot,the street,,Pl_civil,tp,
qwen3_14b,participants,lusa_106,ext_def_exp_temp0.3_nodelim_norole_nocot,A 52-year-old man,,Per,tp,
qwen3_14b,participants,lusa_106,ext_def_exp_temp0.3_nodelim_norole_nocot,another,,Per,tp,
qwen3_14b,participants,lusa_106,ext_def_exp_temp0.3_nodelim_norole_nocot,Porto,,Pl_civil,tp,
qwen3_14b,participants,lusa_106,ext_def_exp_temp0.3_nodelim_norole_nocot,the municipality,,Org,tp,
qwen3_14b,participants,lusa_106,ext_def_exp_temp0.3_nodelim_norole_nocot,lighting post,,,fp,
qwen3_14b,participants,lusa_106,ext_def_exp_temp0.3_nodelim_norole_nocot,gas station,,,fp,
qwen3_14b,participants,lusa_106,ext_def_exp_temp0.3_nodelim_norole_nocot,Porto Municipal Environmental Company,,,fp,
qwen3_14b,participants,lusa_106,ext_def_exp_temp0.3_nodelim_norole_nocot,vehicle,,,fp,
qwen3_14b,participants,lusa_106,ext_def_exp_temp0.3_nodelim_norole_nocot,Porto PSP Metropolitan Command,,,fp,
qwen3_14b,participants,lusa_106,ext_def_exp_temp0.3_nodelim_norole_nocot,the victim,,,fp,
qwen3_14b,participants,lusa_106,ext_def_exp_temp0.3_nodelim_norole_nocot,Santo António Hospital,,,fp,
qwen3_14b,participants,lusa_106,ext_def_exp_temp0.3_nodelim_norole_nocot,truck's crane,,,fp,
qwen3_14b,participants,lusa_106,ext_def_exp_temp0.3_nodelim_norole_nocot,Porto City Council,,,fp,
qwen3_14b,participants,lusa_106,ext_def_exp_temp0.3_nodelim_norole_nocot,gas station employee,,,fp,
qwen3_14b,participants,lusa_106,ext_def_exp_temp0.3_nodelim_norole_nocot,Rua da Constitution,,,fp,
qwen3_14b,participants,lusa_106,ext_def_exp_temp0.3_nodelim_norole_nocot,electricity pole,,,fp,
qwen3_14b,participants,lusa_106,ext_def_exp_temp0.3_nodelim_norole_nocot,Lusa.,,,fp,
qwen3_14b,participants,lusa_106,ext_def_exp_temp0.3_nodelim_norole_nocot,Public Relations source of the Porto PSP Metropolitan Command,,,fp,
qwen3_14b,participants,lusa_106,ext_def_exp_temp0.3_nodelim_norole_nocot,truck,,,fp,
qwen3_14b,participants,lusa_106,ext_def_exp_temp0.3_nodelim_norole_nocot,structure,,,fp,
qwen3_14b,participants,lusa_106,ext_def_exp_temp0.3_nodelim_norole_nocot,PSP source,,,fp,
qwen3_14b,participants,lusa_106,ext_def_exp_temp0.3_nodelim_norole_nocot,his family,,,fp,
qwen3_14b,participants,lusa_106,ext_def_exp_temp0.3_nodelim_norole_nocot,Municipal Environmental Company,,Org,fn,
qwen3_14b,participants,lusa_106,ext_def_exp_temp0.3_nodelim_norole_nocot,a truck,,Veh,fn,
qwen3_14b,participants,lusa_106,ext_def_exp_temp0.3_nodelim_norole_nocot,Public Relations,,Org,fn,
qwen3_14b,participants,lusa_106,ext_def_exp_temp0.3_nodelim_norole_nocot,The victim,,Per,fn,
qwen3_14b,participants,lusa_106,ext_def_exp_temp0.3_nodelim_norole_nocot,a gas,,Fac,fn,
qwen3_14b,participants,lusa_106,ext_def_exp_temp0.3_nodelim_norole_nocot,a PSP,,Org,fn,
qwen3_14b,participants,lusa_106,ext_def_exp_temp0.3_nodelim_norole_nocot,that,,Veh,fn,
qwen3_14b,participants,lusa_106,ext_def_exp_temp0.3_nodelim_norole_nocot,told Lusa,,Org,fn,
qwen3_14b,participants,lusa_106,ext_def_exp_temp0.3_nodelim_norole_nocot,the Porto,,Org,fn,
qwen3_14b,participants,lusa_106,ext_def_exp_temp0.3_nodelim_norole_nocot,"Constitution,",,Pl_civil,fn,
qwen3_14b,participants,lusa_106,ext_def_exp_temp0.3_nodelim_norole_nocot,crane,,Obj,fn,
qwen3_14b,participants,lusa_106,ext_def_exp_temp0.3_nodelim_norole_nocot,The structure,,Per,fn,
qwen3_14b,participants,lusa_106,ext_def_exp_temp0.3_nodelim_norole_nocot,a vehicle,,Veh,fn,
qwen3_14b,participants,lusa_106,ext_def_exp_temp0.3_nodelim_norole_nocot,the lighting post,,Obj,fn,
qwen3_14b,participants,lusa_106,ext_def_exp_temp0.3_nodelim_norole_nocot,the truck,,Obj,fn,
qwen3_14b,participants,lusa_106,ext_def_exp_temp0.3_nodelim_norole_nocot,condolences,,Other,fn,
qwen3_14b,participants,lusa_106,ext_def_exp_temp0.3_nodelim_norole_nocot,the Porto Municipal Environmental Company,,Org,fn,
qwen3_14b,participants,lusa_106,ext_def_exp_temp0.3_nodelim_norole_nocot,his,,Per,fn,
qwen3_14b,participants,lusa_106,ext_def_exp_temp0.3_nodelim_norole_nocot,an electricity pole,,Obj,fn,
qwen3_14b,participants,lusa_106,ext_def_exp_temp0.3_nodelim_norole_nocot,family,,Per,fn,
qwen3_14b,participants,lusa_106,ext_def_exp_temp0.3_nodelim_norole_nocot,"the Porto PSP Metropolitan Command, the",,Org,fn,
qwen3_14b,participants,lusa_106,ext_def_exp_temp0.3_nodelim_norole_nocot,the Public Relations source,,Per,fn,
qwen3_14b,participants,lusa_106,ext_def_exp_temp0.3_nodelim_norole_nocot,PSP Metropolitan Command,,Org,fn,
qwen3_14b,participants,lusa_106,ext_def_exp_temp0.3_nodelim_norole_nocot,who,,Per,fn,
qwen3_14b,participants,lusa_106,ext_def_exp_temp0.3_nodelim_norole_nocot,source,,Per,fn,
qwen3_14b,participants,lusa_106,ext_def_exp_temp0.3_nodelim_norole_nocot,to Santo António Hospital,,Fac,fn,
qwen3_14b,participants,lusa_106,ext_def_exp_temp0.3_nodelim_norole_nocot,", Porto City Council",,Org,fn,
qwen3_14b,participants,lusa_107,ext_def_exp_temp0.3_nodelim_norole_nocot,the source,,Per,tp,
qwen3_14b,participants,lusa_107,ext_def_exp_temp0.3_nodelim_norole_nocot,the man,,Per,tp,
qwen3_14b,participants,lusa_107,ext_def_exp_temp0.3_nodelim_norole_nocot,A 60-year-old man,,Per,tp,
qwen3_14b,participants,lusa_107,ext_def_exp_temp0.3_nodelim_norole_nocot,PSP,,,fp,
qwen3_14b,participants,lusa_107,ext_def_exp_temp0.3_nodelim_norole_nocot,district of Porto,,,fp,
qwen3_14b,participants,lusa_107,ext_def_exp_temp0.3_nodelim_norole_nocot,Matosinhos,,,fp,
qwen3_14b,participants,lusa_107,ext_def_exp_temp0.3_nodelim_norole_nocot,Rua Augusto Gil,,,fp,
qwen3_14b,participants,lusa_107,ext_def_exp_temp0.3_nodelim_norole_nocot,Leixões firefighters,,,fp,
qwen3_14b,participants,lusa_107,ext_def_exp_temp0.3_nodelim_norole_nocot,Lusa,,,fp,
qwen3_14b,participants,lusa_107,ext_def_exp_temp0.3_nodelim_norole_nocot,a PSP source,,,fp,
qwen3_14b,participants,lusa_107,ext_def_exp_temp0.3_nodelim_norole_nocot,in the district of Porto,,Loc,fn,
qwen3_14b,participants,lusa_107,ext_def_exp_temp0.3_nodelim_norole_nocot,the ,,Loc,fn,
qwen3_14b,participants,lusa_107,ext_def_exp_temp0.3_nodelim_norole_nocot,PSP source told,,Org,fn,
qwen3_14b,participants,lusa_107,ext_def_exp_temp0.3_nodelim_norole_nocot,the,,Org,fn,
qwen3_14b,participants,lusa_107,ext_def_exp_temp0.3_nodelim_norole_nocot,in Matosinhos,,Loc,fn,
qwen3_14b,participants,lusa_107,ext_def_exp_temp0.3_nodelim_norole_nocot,he,,Other,fn,
qwen3_14b,participants,lusa_107,ext_def_exp_temp0.3_nodelim_norole_nocot,Leixões,,Org,fn,
qwen3_14b,participants,lusa_107,ext_def_exp_temp0.3_nodelim_norole_nocot,house,,Other,fn,
qwen3_14b,participants,lusa_107,ext_def_exp_temp0.3_nodelim_norole_nocot,which,,Other,fn,
qwen3_14b,participants,lusa_107,ext_def_exp_temp0.3_nodelim_norole_nocot,roof,,Other,fn,
qwen3_14b,participants,lusa_107,ext_def_exp_temp0.3_nodelim_norole_nocot,60-year-old man,,Per,fn,
qwen3_14b,participants,lusa_107,ext_def_exp_temp0.3_nodelim_norole_nocot,source,,Per,fn,
qwen3_14b,participants,lusa_107,ext_def_exp_temp0.3_nodelim_norole_nocot,a height of seven meters,,Other,fn,
qwen3_14b,participants,lusa_107,ext_def_exp_temp0.3_nodelim_norole_nocot,the roof,,Other,fn,
qwen3_14b,participants,lusa_107,ext_def_exp_temp0.3_nodelim_norole_nocot,"Augusto Gil,",,Loc,fn,
qwen3_14b,participants,lusa_107,ext_def_exp_temp0.3_nodelim_norole_nocot,his,,Per,fn,
qwen3_14b,participants,lusa_108,ext_def_exp_temp0.3_nodelim_norole_nocot,the Lusa agency,,Org,tp,
qwen3_14b,participants,lusa_108,ext_def_exp_temp0.3_nodelim_norole_nocot,Algueirão-Mem Martins,,Loc,tp,
qwen3_14b,participants,lusa_108,ext_def_exp_temp0.3_nodelim_norole_nocot,One man,,Per,tp,
qwen3_14b,participants,lusa_108,ext_def_exp_temp0.3_nodelim_norole_nocot,another,,Per,tp,
qwen3_14b,participants,lusa_108,ext_def_exp_temp0.3_nodelim_norole_nocot,the PSP,,Org,tp,
qwen3_14b,participants,lusa_108,ext_def_exp_temp0.3_nodelim_norole_nocot,Sintra,,Loc,tp,
qwen3_14b,participants,lusa_108,ext_def_exp_temp0.3_nodelim_norole_nocot,PSP,,,fp,
qwen3_14b,participants,lusa_108,ext_def_exp_temp0.3_nodelim_norole_nocot,Cometlis source,,,fp,
qwen3_14b,participants,lusa_108,ext_def_exp_temp0.3_nodelim_norole_nocot,Judicial Police (PJ),,,fp,
qwen3_14b,participants,lusa_108,ext_def_exp_temp0.3_nodelim_norole_nocot,Lisbon district,,,fp,
qwen3_14b,participants,lusa_108,ext_def_exp_temp0.3_nodelim_norole_nocot,injury situation,,,fp,
qwen3_14b,participants,lusa_108,ext_def_exp_temp0.3_nodelim_norole_nocot,Estrada de Mem Martins,,,fp,
qwen3_14b,participants,lusa_108,ext_def_exp_temp0.3_nodelim_norole_nocot,Hospital Professor Doutor Fernando Fonseca (Amadora-Sintra),,,fp,
qwen3_14b,participants,lusa_108,ext_def_exp_temp0.3_nodelim_norole_nocot,people,,,fp,
qwen3_14b,participants,lusa_108,ext_def_exp_temp0.3_nodelim_norole_nocot,victims,,,fp,
qwen3_14b,participants,lusa_108,ext_def_exp_temp0.3_nodelim_norole_nocot,disorder with a firearm,,,fp,
qwen3_14b,participants,lusa_108,ext_def_exp_temp0.3_nodelim_norole_nocot,Lusa agency,,,fp,
qwen3_14b,participants,lusa_108,ext_def_exp_temp0.3_nodelim_norole_nocot,Lisbon Metropolitan Command (Cometlis),,,fp,
qwen3_14b,participants,lusa_108,ext_def_exp_temp0.3_nodelim_norole_nocot,where,,Loc,fn,
qwen3_14b,participants,lusa_108,ext_def_exp_temp0.3_nodelim_norole_nocot,further details,,Other,fn,
qwen3_14b,participants,lusa_108,ext_def_exp_temp0.3_nodelim_norole_nocot,the Judicial Police (PJ),,Org,fn,
qwen3_14b,participants,lusa_108,ext_def_exp_temp0.3_nodelim_norole_nocot,a Cometlis,,Org,fn,
qwen3_14b,participants,lusa_108,ext_def_exp_temp0.3_nodelim_norole_nocot,Mem Martins,,Loc,fn,
qwen3_14b,participants,lusa_108,ext_def_exp_temp0.3_nodelim_norole_nocot,the other,,Per,fn,
qwen3_14b,participants,lusa_108,ext_def_exp_temp0.3_nodelim_norole_nocot,the victims,,Per,fn,
qwen3_14b,participants,lusa_108,ext_def_exp_temp0.3_nodelim_norole_nocot,one,,Per,fn,
qwen3_14b,participants,lusa_108,ext_def_exp_temp0.3_nodelim_norole_nocot,with firearm,,Obj,fn,
qwen3_14b,participants,lusa_108,ext_def_exp_temp0.3_nodelim_norole_nocot,the Lisbon,,Loc,fn,
qwen3_14b,participants,lusa_108,ext_def_exp_temp0.3_nodelim_norole_nocot,the,,Loc,fn,
qwen3_14b,participants,lusa_108,ext_def_exp_temp0.3_nodelim_norole_nocot,a firearm,,Obj,fn,
qwen3_14b,participants,lusa_108,ext_def_exp_temp0.3_nodelim_norole_nocot,Man,,Per,fn,
qwen3_14b,participants,lusa_108,ext_def_exp_temp0.3_nodelim_norole_nocot,the Lisbon Metropolitan Command (Cometlis),,Org,fn,
qwen3_14b,participants,lusa_108,ext_def_exp_temp0.3_nodelim_norole_nocot,the Hospital Professor Doutor Fernando Fonseca (Amadora-Sintra),,Loc,fn,
qwen3_14b,participants,lusa_108,ext_def_exp_temp0.3_nodelim_norole_nocot,the scene,,Loc,fn,
qwen3_14b,participants,lusa_108,ext_def_exp_temp0.3_nodelim_norole_nocot,way,,Other,fn,
qwen3_14b,participants,lusa_108,ext_def_exp_temp0.3_nodelim_norole_nocot,source,,Per,fn,
qwen3_14b,participants,lusa_108,ext_def_exp_temp0.3_nodelim_norole_nocot,two people,,Per,fn,
qwen3_14b,participants,lusa_109,ext_def_exp_temp0.3_nodelim_norole_nocot,a tree,,Nat,tp,
qwen3_14b,participants,lusa_109,ext_def_exp_temp0.3_nodelim_norole_nocot,the victim,,Per,tp,
qwen3_14b,participants,lusa_109,ext_def_exp_temp0.3_nodelim_norole_nocot,A 31-year-old man,,Per,tp,
qwen3_14b,participants,lusa_109,ext_def_exp_temp0.3_nodelim_norole_nocot,the ravine,,Nat,tp,
qwen3_14b,participants,lusa_109,ext_def_exp_temp0.3_nodelim_norole_nocot,The victim,,Per,tp,
qwen3_14b,participants,lusa_109,ext_def_exp_temp0.3_nodelim_norole_nocot,The man,,Per,tp,
qwen3_14b,participants,lusa_109,ext_def_exp_temp0.3_nodelim_norole_nocot,commander Júlio Pereira,,Per,tp,
qwen3_14b,participants,lusa_109,ext_def_exp_temp0.3_nodelim_norole_nocot,Lusa,,Org,tp,
qwen3_14b,participants,lusa_109,ext_def_exp_temp0.3_nodelim_norole_nocot,the source,,Per,tp,
qwen3_14b,participants,lusa_109,ext_def_exp_temp0.3_nodelim_norole_nocot,Felgueiras corporation,,,fp,
qwen3_14b,participants,lusa_109,ext_def_exp_temp0.3_nodelim_norole_nocot,a ravine,,,fp,
qwen3_14b,participants,lusa_109,ext_def_exp_temp0.3_nodelim_norole_nocot,Felgueiras,,,fp,
qwen3_14b,participants,lusa_109,ext_def_exp_temp0.3_nodelim_norole_nocot,high-angle rescue vehicle,,,fp,
qwen3_14b,participants,lusa_109,ext_def_exp_temp0.3_nodelim_norole_nocot,The Felgueiras Fire Department,,,fp,
qwen3_14b,participants,lusa_109,ext_def_exp_temp0.3_nodelim_norole_nocot,the corporation's wide-angle team,,,fp,
qwen3_14b,participants,lusa_109,ext_def_exp_temp0.3_nodelim_norole_nocot,Vale do Sousa,,,fp,
qwen3_14b,participants,lusa_109,ext_def_exp_temp0.3_nodelim_norole_nocot,a fire source,,,fp,
qwen3_14b,participants,lusa_109,ext_def_exp_temp0.3_nodelim_norole_nocot,the municipality of Felgueiras,,,fp,
qwen3_14b,participants,lusa_109,ext_def_exp_temp0.3_nodelim_norole_nocot,Guimarães Hospital,,,fp,
qwen3_14b,participants,lusa_109,ext_def_exp_temp0.3_nodelim_norole_nocot,extrication vehicle,,,fp,
qwen3_14b,participants,lusa_109,ext_def_exp_temp0.3_nodelim_norole_nocot,Emergency and Resuscitation Medical Vehicle (VMER) team,,,fp,
qwen3_14b,participants,lusa_109,ext_def_exp_temp0.3_nodelim_norole_nocot,GNR,,,fp,
qwen3_14b,participants,lusa_109,ext_def_exp_temp0.3_nodelim_norole_nocot,ambulance,,,fp,
qwen3_14b,participants,lusa_109,ext_def_exp_temp0.3_nodelim_norole_nocot,the falling tree,,,fp,
qwen3_14b,participants,lusa_109,ext_def_exp_temp0.3_nodelim_norole_nocot,Vizela,,,fp,
qwen3_14b,participants,lusa_109,ext_def_exp_temp0.3_nodelim_norole_nocot,a firefighter,,,fp,
qwen3_14b,participants,lusa_109,ext_def_exp_temp0.3_nodelim_norole_nocot,Regilde,,,fp,
qwen3_14b,participants,lusa_109,ext_def_exp_temp0.3_nodelim_norole_nocot,the extrication vehicle,,Obj,fn,
qwen3_14b,participants,lusa_109,ext_def_exp_temp0.3_nodelim_norole_nocot,wide-angle team,,Per,fn,
qwen3_14b,participants,lusa_109,ext_def_exp_temp0.3_nodelim_norole_nocot,in Regilde,,Loc,fn,
qwen3_14b,participants,lusa_109,ext_def_exp_temp0.3_nodelim_norole_nocot,in the municipality of Felgueiras,,Loc,fn,
qwen3_14b,participants,lusa_109,ext_def_exp_temp0.3_nodelim_norole_nocot,the Emergency and Resuscitation Medical Vehicle (VMER) team from Vale do Sousa,,Org,fn,
qwen3_14b,participants,lusa_109,ext_def_exp_temp0.3_nodelim_norole_nocot,an ambulance,,Obj,fn,
qwen3_14b,participants,lusa_109,ext_def_exp_temp0.3_nodelim_norole_nocot,the corporation,,Org,fn,
qwen3_14b,participants,lusa_109,ext_def_exp_temp0.3_nodelim_norole_nocot,Felgueiras Fire,,Org,fn,
qwen3_14b,participants,lusa_109,ext_def_exp_temp0.3_nodelim_norole_nocot,The GNR,,Org,fn,
qwen3_14b,participants,lusa_109,ext_def_exp_temp0.3_nodelim_norole_nocot,at the scene,,Loc,fn,
qwen3_14b,participants,lusa_109,ext_def_exp_temp0.3_nodelim_norole_nocot,the,,Per,fn,
qwen3_14b,participants,lusa_109,ext_def_exp_temp0.3_nodelim_norole_nocot,to Guimarães Hospital,,Loc,fn,
qwen3_14b,participants,lusa_109,ext_def_exp_temp0.3_nodelim_norole_nocot,in Vizela,,Loc,fn,
qwen3_14b,participants,lusa_109,ext_def_exp_temp0.3_nodelim_norole_nocot,a ravine measuring around seven meters,,Nat,fn,
qwen3_14b,participants,lusa_109,ext_def_exp_temp0.3_nodelim_norole_nocot,tree,,Nat,fn,
qwen3_14b,participants,lusa_109,ext_def_exp_temp0.3_nodelim_norole_nocot,Man,,Per,fn,
qwen3_14b,participants,lusa_109,ext_def_exp_temp0.3_nodelim_norole_nocot,in Felgueiras,,Loc,fn,
qwen3_14b,participants,lusa_109,ext_def_exp_temp0.3_nodelim_norole_nocot,the scene,,Loc,fn,
qwen3_14b,participants,lusa_109,ext_def_exp_temp0.3_nodelim_norole_nocot,he ,,Org,fn,
qwen3_14b,participants,lusa_109,ext_def_exp_temp0.3_nodelim_norole_nocot,the Felgueiras corporation,,Org,fn,
qwen3_14b,participants,lusa_109,ext_def_exp_temp0.3_nodelim_norole_nocot,source,,Per,fn,
qwen3_14b,participants,lusa_109,ext_def_exp_temp0.3_nodelim_norole_nocot,-angle rescue vehicle to the,,Obj,fn,
qwen3_14b,participants,lusa_110,ext_def_exp_temp0.3_nodelim_norole_nocot,A man,,Per,tp,
qwen3_14b,participants,lusa_110,ext_def_exp_temp0.3_nodelim_norole_nocot,Ricardo Nascimento,,Per,tp,
qwen3_14b,participants,lusa_110,ext_def_exp_temp0.3_nodelim_norole_nocot,Ribeira Brava City Council,,Org,tp,
qwen3_14b,participants,lusa_110,ext_def_exp_temp0.3_nodelim_norole_nocot,the man,,Per,tp,
qwen3_14b,participants,lusa_110,ext_def_exp_temp0.3_nodelim_norole_nocot,the house,,Loc,tp,
qwen3_14b,participants,lusa_110,ext_def_exp_temp0.3_nodelim_norole_nocot,Roberto Gonçalves,,Per,tp,
qwen3_14b,participants,lusa_110,ext_def_exp_temp0.3_nodelim_norole_nocot,the room,,Loc,tp,
qwen3_14b,participants,lusa_110,ext_def_exp_temp0.3_nodelim_norole_nocot,the victim,,Per,tp,
qwen3_14b,participants,lusa_110,ext_def_exp_temp0.3_nodelim_norole_nocot,the fire,,Nat,tp,
qwen3_14b,participants,lusa_110,ext_def_exp_temp0.3_nodelim_norole_nocot,the corporation,,Org,tp,
qwen3_14b,participants,lusa_110,ext_def_exp_temp0.3_nodelim_norole_nocot,police forces,,Org,tp,
qwen3_14b,participants,lusa_110,ext_def_exp_temp0.3_nodelim_norole_nocot,the same source,,Per,tp,
qwen3_14b,participants,lusa_110,ext_def_exp_temp0.3_nodelim_norole_nocot,a man in his 70s,,Per,tp,
qwen3_14b,participants,lusa_110,ext_def_exp_temp0.3_nodelim_norole_nocot,the entrance hall,,Loc,tp,
qwen3_14b,participants,lusa_110,ext_def_exp_temp0.3_nodelim_norole_nocot,source,,Per,tp,
qwen3_14b,participants,lusa_110,ext_def_exp_temp0.3_nodelim_norole_nocot,a bedroom,,Loc,tp,
qwen3_14b,participants,lusa_110,ext_def_exp_temp0.3_nodelim_norole_nocot,Lusa,,Org,tp,
qwen3_14b,participants,lusa_110,ext_def_exp_temp0.3_nodelim_norole_nocot,fire,,Nat,tp,
qwen3_14b,participants,lusa_110,ext_def_exp_temp0.3_nodelim_norole_nocot,he,,,fp,
qwen3_14b,participants,lusa_110,ext_def_exp_temp0.3_nodelim_norole_nocot,Ribeira Brava and Ponta do Sol Volunteer Fire Department,,,fp,
qwen3_14b,participants,lusa_110,ext_def_exp_temp0.3_nodelim_norole_nocot,possible smoke inhalation,,,fp,
qwen3_14b,participants,lusa_110,ext_def_exp_temp0.3_nodelim_norole_nocot,local fire department,,,fp,
qwen3_14b,participants,lusa_110,ext_def_exp_temp0.3_nodelim_norole_nocot,Madeira,,,fp,
qwen3_14b,participants,lusa_110,ext_def_exp_temp0.3_nodelim_norole_nocot,Lusa.,,,fp,
qwen3_14b,participants,lusa_110,ext_def_exp_temp0.3_nodelim_norole_nocot,the room where the victim was,,,fp,
qwen3_14b,participants,lusa_110,ext_def_exp_temp0.3_nodelim_norole_nocot,municipality of Ribeira Brava,,,fp,
qwen3_14b,participants,lusa_110,ext_def_exp_temp0.3_nodelim_norole_nocot,members of the corporation,,,fp,
qwen3_14b,participants,lusa_110,ext_def_exp_temp0.3_nodelim_norole_nocot,where,,Loc,fn,
qwen3_14b,participants,lusa_110,ext_def_exp_temp0.3_nodelim_norole_nocot,Ribeira Brava,,Loc,fn,
qwen3_14b,participants,lusa_110,ext_def_exp_temp0.3_nodelim_norole_nocot,the west of Madeira,,Loc,fn,
qwen3_14b,participants,lusa_110,ext_def_exp_temp0.3_nodelim_norole_nocot,there,,Loc,fn,
qwen3_14b,participants,lusa_110,ext_def_exp_temp0.3_nodelim_norole_nocot,the municipality,,Loc,fn,
qwen3_14b,participants,lusa_110,ext_def_exp_temp0.3_nodelim_norole_nocot,The victim,,Per,fn,
qwen3_14b,participants,lusa_110,ext_def_exp_temp0.3_nodelim_norole_nocot,inside,,Loc,fn,
qwen3_14b,participants,lusa_110,ext_def_exp_temp0.3_nodelim_norole_nocot,smoke,,Nat,fn,
qwen3_14b,participants,lusa_110,ext_def_exp_temp0.3_nodelim_norole_nocot,in ,,Loc,fn,
qwen3_14b,participants,lusa_110,ext_def_exp_temp0.3_nodelim_norole_nocot,fire ,,Org,fn,
qwen3_14b,participants,lusa_110,ext_def_exp_temp0.3_nodelim_norole_nocot,signals,,Other,fn,
qwen3_14b,participants,lusa_110,ext_def_exp_temp0.3_nodelim_norole_nocot,home,,Loc,fn,
qwen3_14b,participants,lusa_110,ext_def_exp_temp0.3_nodelim_norole_nocot,the flames,,Nat,fn,
qwen3_14b,participants,lusa_110,ext_def_exp_temp0.3_nodelim_norole_nocot,members,,Per,fn,
qwen3_14b,participants,lusa_110,ext_def_exp_temp0.3_nodelim_norole_nocot,the municipality of Ribeira Brava,,Loc,fn,
qwen3_14b,participants,lusa_110,ext_def_exp_temp0.3_nodelim_norole_nocot,The president,,Per,fn,
qwen3_14b,participants,lusa_110,ext_def_exp_temp0.3_nodelim_norole_nocot,out ,,Per,fn,
qwen3_14b,participants,lusa_110,ext_def_exp_temp0.3_nodelim_norole_nocot,Man,,Per,fn,
qwen3_14b,participants,lusa_110,ext_def_exp_temp0.3_nodelim_norole_nocot,the causes,,Other,fn,
qwen3_14b,participants,lusa_110,ext_def_exp_temp0.3_nodelim_norole_nocot,who,,Per,fn,
qwen3_14b,participants,lusa_110,ext_def_exp_temp0.3_nodelim_norole_nocot,the Ribeira Brava and Ponta do Sol Volunteer Fire,,Org,fn,
qwen3_14b,participants,lusa_110,ext_def_exp_temp0.3_nodelim_norole_nocot,gases,,Nat,fn,
qwen3_14b,participants,lusa_110,ext_def_exp_temp0.3_nodelim_norole_nocot,", head of",,Per,fn,
qwen3_14b,participants,lusa_111,ext_def_exp_temp0.3_nodelim_norole_nocot,the municipality by Celorico da Beira,,Loc,tp,
qwen3_14b,participants,lusa_111,ext_def_exp_temp0.3_nodelim_norole_nocot,motorcycle,,Per,tp,
qwen3_14b,participants,lusa_111,ext_def_exp_temp0.3_nodelim_norole_nocot,CDOS,,Org,tp,
qwen3_14b,participants,lusa_111,ext_def_exp_temp0.3_nodelim_norole_nocot,Source,,Per,tp,
qwen3_14b,participants,lusa_111,ext_def_exp_temp0.3_nodelim_norole_nocot,Five vehicles,,Obj,tp,
qwen3_14b,participants,lusa_111,ext_def_exp_temp0.3_nodelim_norole_nocot,source,,Per,tp,
qwen3_14b,participants,lusa_111,ext_def_exp_temp0.3_nodelim_norole_nocot,the town of Cortiço da Serra,,Loc,tp,
qwen3_14b,participants,lusa_111,ext_def_exp_temp0.3_nodelim_norole_nocot,sources,,Per,tp,
qwen3_14b,participants,lusa_111,ext_def_exp_temp0.3_nodelim_norole_nocot,civil protection,,Org,tp,
qwen3_14b,participants,lusa_111,ext_def_exp_temp0.3_nodelim_norole_nocot,A 34-year-old man,,Per,tp,
qwen3_14b,participants,lusa_111,ext_def_exp_temp0.3_nodelim_norole_nocot,Lusa agency,,Org,tp,
qwen3_14b,participants,lusa_111,ext_def_exp_temp0.3_nodelim_norole_nocot,Lusa,,Org,tp,
qwen3_14b,participants,lusa_111,ext_def_exp_temp0.3_nodelim_norole_nocot,the source,,Per,tp,
qwen3_14b,participants,lusa_111,ext_def_exp_temp0.3_nodelim_norole_nocot,Estrada Nacional 17,,,fp,
qwen3_14b,participants,lusa_111,ext_def_exp_temp0.3_nodelim_norole_nocot,GNR's Road Accident Crime Investigation Unit,,,fp,
qwen3_14b,participants,lusa_111,ext_def_exp_temp0.3_nodelim_norole_nocot,Emergency and Resuscitation Medical Vehicle (VMER),,,fp,
qwen3_14b,participants,lusa_111,ext_def_exp_temp0.3_nodelim_norole_nocot,VMER da Guarda,,,fp,
qwen3_14b,participants,lusa_111,ext_def_exp_temp0.3_nodelim_norole_nocot,district of Guarda,,,fp,
qwen3_14b,participants,lusa_111,ext_def_exp_temp0.3_nodelim_norole_nocot,doctor,,,fp,
qwen3_14b,participants,lusa_111,ext_def_exp_temp0.3_nodelim_norole_nocot,Celorico da Beira Volunteer Fire Department,,,fp,
qwen3_14b,participants,lusa_111,ext_def_exp_temp0.3_nodelim_norole_nocot,Guarda District Relief Operations Command (CDOS),,,fp,
qwen3_14b,participants,lusa_111,ext_def_exp_temp0.3_nodelim_norole_nocot,GNR,,,fp,
qwen3_14b,participants,lusa_111,ext_def_exp_temp0.3_nodelim_norole_nocot,the accident,,,fp,
qwen3_14b,participants,lusa_111,ext_def_exp_temp0.3_nodelim_norole_nocot,Celorico da Beira,,,fp,
qwen3_14b,participants,lusa_111,ext_def_exp_temp0.3_nodelim_norole_nocot,VMER,,,fp,
qwen3_14b,participants,lusa_111,ext_def_exp_temp0.3_nodelim_norole_nocot,Cortiço da Serra,,,fp,
qwen3_14b,participants,lusa_111,ext_def_exp_temp0.3_nodelim_norole_nocot,motorcycle driver,,,fp,
qwen3_14b,participants,lusa_111,ext_def_exp_temp0.3_nodelim_norole_nocot,Territorial Command of GNR da Guarda,,,fp,
qwen3_14b,participants,lusa_111,ext_def_exp_temp0.3_nodelim_norole_nocot,the Guarda,,Pl_civil,fn,
qwen3_14b,participants,lusa_111,ext_def_exp_temp0.3_nodelim_norole_nocot,that,,Loc,fn,
qwen3_14b,participants,lusa_111,ext_def_exp_temp0.3_nodelim_norole_nocot,the GNR,,Org,fn,
qwen3_14b,participants,lusa_111,ext_def_exp_temp0.3_nodelim_norole_nocot,District Relief Operations Command,,Org,fn,
qwen3_14b,participants,lusa_111,ext_def_exp_temp0.3_nodelim_norole_nocot,Road Accident Crime Investigation Unit,,Org,fn,
qwen3_14b,participants,lusa_111,ext_def_exp_temp0.3_nodelim_norole_nocot,the doctor,,Per,fn,
qwen3_14b,participants,lusa_111,ext_def_exp_temp0.3_nodelim_norole_nocot,he,,Obj,fn,
qwen3_14b,participants,lusa_111,ext_def_exp_temp0.3_nodelim_norole_nocot,da Guarda,,Pl_civil,fn,
qwen3_14b,participants,lusa_111,ext_def_exp_temp0.3_nodelim_norole_nocot,the Territorial Command,,Fac,fn,
qwen3_14b,participants,lusa_111,ext_def_exp_temp0.3_nodelim_norole_nocot,the VMER da Guarda,,Obj,fn,
qwen3_14b,participants,lusa_111,ext_def_exp_temp0.3_nodelim_norole_nocot,GNR were at,,Loc,fn,
qwen3_14b,participants,lusa_111,ext_def_exp_temp0.3_nodelim_norole_nocot,the,,Org,fn,
qwen3_14b,participants,lusa_111,ext_def_exp_temp0.3_nodelim_norole_nocot,ten members,,Per,fn,
qwen3_14b,participants,lusa_111,ext_def_exp_temp0.3_nodelim_norole_nocot,to a CDOS,,Org,fn,
qwen3_14b,participants,lusa_111,ext_def_exp_temp0.3_nodelim_norole_nocot,in Celorico da Beira,,Loc,fn,
qwen3_14b,participants,lusa_111,ext_def_exp_temp0.3_nodelim_norole_nocot,ten members of the Celorico da Beira,,Org,fn,
qwen3_14b,participants,lusa_111,ext_def_exp_temp0.3_nodelim_norole_nocot,in the direction of Celorico da Beira - Cortiço da Serra,,Loc,fn,
qwen3_14b,participants,lusa_111,ext_def_exp_temp0.3_nodelim_norole_nocot,Man,,Per,fn,
qwen3_14b,participants,lusa_111,ext_def_exp_temp0.3_nodelim_norole_nocot,a few meters before,,Loc,fn,
qwen3_14b,participants,lusa_111,ext_def_exp_temp0.3_nodelim_norole_nocot,in the district of Guarda,,Loc,fn,
qwen3_14b,participants,lusa_111,ext_def_exp_temp0.3_nodelim_norole_nocot,the Emergency and Resuscitation Medical Vehicle (VMER),,Obj,fn,
qwen3_14b,participants,lusa_111,ext_def_exp_temp0.3_nodelim_norole_nocot,the motorcycle driver,,Per,fn,
qwen3_14b,participants,lusa_111,ext_def_exp_temp0.3_nodelim_norole_nocot,the causes,,Other,fn,
qwen3_14b,participants,lusa_111,ext_def_exp_temp0.3_nodelim_norole_nocot,the scene,,Loc,fn,
qwen3_14b,participants,lusa_111,ext_def_exp_temp0.3_nodelim_norole_nocot,who,,Per,fn,
qwen3_14b,participants,lusa_111,ext_def_exp_temp0.3_nodelim_norole_nocot,Nacional 17,,Loc,fn,
qwen3_14b,participants,lusa_111,ext_def_exp_temp0.3_nodelim_norole_nocot,the motorcycle,,Obj,fn,
qwen3_14b,participants,lusa_113,ext_def_exp_temp0.3_nodelim_norole_nocot,A 26-year-old man,,Per,tp,
qwen3_14b,participants,lusa_113,ext_def_exp_temp0.3_nodelim_norole_nocot,the military,,Per,tp,
qwen3_14b,participants,lusa_113,ext_def_exp_temp0.3_nodelim_norole_nocot,the Guard,,Org,tp,
qwen3_14b,participants,lusa_113,ext_def_exp_temp0.3_nodelim_norole_nocot,the victims,,Per,tp,
qwen3_14b,participants,lusa_113,ext_def_exp_temp0.3_nodelim_norole_nocot,The detainee,,Per,tp,
qwen3_14b,participants,lusa_113,ext_def_exp_temp0.3_nodelim_norole_nocot,the suspect,,Per,tp,
qwen3_14b,participants,lusa_113,ext_def_exp_temp0.3_nodelim_norole_nocot,statement,,Obj,tp,
qwen3_14b,participants,lusa_113,ext_def_exp_temp0.3_nodelim_norole_nocot,ax,,,fp,
qwen3_14b,participants,lusa_113,ext_def_exp_temp0.3_nodelim_norole_nocot,Judicial Court of Seia,,,fp,
qwen3_14b,participants,lusa_113,ext_def_exp_temp0.3_nodelim_norole_nocot,security force,,,fp,
qwen3_14b,participants,lusa_113,ext_def_exp_temp0.3_nodelim_norole_nocot,the house,,,fp,
qwen3_14b,participants,lusa_113,ext_def_exp_temp0.3_nodelim_norole_nocot,Foz Côa,,,fp,
qwen3_14b,participants,lusa_113,ext_def_exp_temp0.3_nodelim_norole_nocot,he,,,fp,
qwen3_14b,participants,lusa_113,ext_def_exp_temp0.3_nodelim_norole_nocot,the 46-year-old mother and sister of 12 years,,,fp,
qwen3_14b,participants,lusa_113,ext_def_exp_temp0.3_nodelim_norole_nocot,the threats,,,fp,
qwen3_14b,participants,lusa_113,ext_def_exp_temp0.3_nodelim_norole_nocot,the attacker,,,fp,
qwen3_14b,participants,lusa_113,ext_def_exp_temp0.3_nodelim_norole_nocot,the location,,,fp,
qwen3_14b,participants,lusa_113,ext_def_exp_temp0.3_nodelim_norole_nocot,the objects,,,fp,
qwen3_14b,participants,lusa_113,ext_def_exp_temp0.3_nodelim_norole_nocot,GNR,,,fp,
qwen3_14b,participants,lusa_113,ext_def_exp_temp0.3_nodelim_norole_nocot,his mother,,,fp,
qwen3_14b,participants,lusa_113,ext_def_exp_temp0.3_nodelim_norole_nocot,knife,,,fp,
qwen3_14b,participants,lusa_113,ext_def_exp_temp0.3_nodelim_norole_nocot,Guard soldiers,,,fp,
qwen3_14b,participants,lusa_113,ext_def_exp_temp0.3_nodelim_norole_nocot,his sister,,,fp,
qwen3_14b,participants,lusa_113,ext_def_exp_temp0.3_nodelim_norole_nocot,the doors of the house,,,fp,
qwen3_14b,participants,lusa_113,ext_def_exp_temp0.3_nodelim_norole_nocot,where,,Loc,fn,
qwen3_14b,participants,lusa_113,ext_def_exp_temp0.3_nodelim_norole_nocot,at the Judicial Court of Seia,,Org,fn,
qwen3_14b,participants,lusa_113,ext_def_exp_temp0.3_nodelim_norole_nocot,the,,Loc,fn,
qwen3_14b,participants,lusa_113,ext_def_exp_temp0.3_nodelim_norole_nocot,criminal record,,Other,fn,
qwen3_14b,participants,lusa_113,ext_def_exp_temp0.3_nodelim_norole_nocot,sister,,Per,fn,
qwen3_14b,participants,lusa_113,ext_def_exp_temp0.3_nodelim_norole_nocot,that security force,,Org,fn,
qwen3_14b,participants,lusa_113,ext_def_exp_temp0.3_nodelim_norole_nocot,an ax,,Obj,fn,
qwen3_14b,participants,lusa_113,ext_def_exp_temp0.3_nodelim_norole_nocot,to his mother,,Per,fn,
qwen3_14b,participants,lusa_113,ext_def_exp_temp0.3_nodelim_norole_nocot,the 46-year-old mother,,Per,fn,
qwen3_14b,participants,lusa_113,ext_def_exp_temp0.3_nodelim_norole_nocot,the doors,,Obj,fn,
qwen3_14b,participants,lusa_113,ext_def_exp_temp0.3_nodelim_norole_nocot,the Guard soldiers,,Per,fn,
qwen3_14b,participants,lusa_113,ext_def_exp_temp0.3_nodelim_norole_nocot,The objects,,Obj,fn,
qwen3_14b,participants,lusa_113,ext_def_exp_temp0.3_nodelim_norole_nocot,"the house, in",,Obj,fn,
qwen3_14b,participants,lusa_113,ext_def_exp_temp0.3_nodelim_norole_nocot,coercive measure,,Other,fn,
qwen3_14b,participants,lusa_113,ext_def_exp_temp0.3_nodelim_norole_nocot,a knife,,Obj,fn,
qwen3_14b,participants,lusa_113,ext_def_exp_temp0.3_nodelim_norole_nocot,the municipality of Foz Côa,,Loc,fn,
qwen3_14b,participants,lusa_113,ext_def_exp_temp0.3_nodelim_norole_nocot,preventive detention,,Other,fn,
qwen3_14b,participants,lusa_113,ext_def_exp_temp0.3_nodelim_norole_nocot,the GNR,,Org,fn,
qwen3_14b,participants,lusa_114,ext_def_exp_temp0.3_nodelim_norole_nocot,more than two hundred computer files,,Other,tp,
qwen3_14b,participants,lusa_114,ext_def_exp_temp0.3_nodelim_norole_nocot,the PJ,,Org,tp,
qwen3_14b,participants,lusa_114,ext_def_exp_temp0.3_nodelim_norole_nocot,The Judiciary Police (PJ),,Org,tp,
qwen3_14b,participants,lusa_114,ext_def_exp_temp0.3_nodelim_norole_nocot,the man,,Per,tp,
qwen3_14b,participants,lusa_114,ext_def_exp_temp0.3_nodelim_norole_nocot,a 56-year-old man,,Per,tp,
qwen3_14b,participants,lusa_114,ext_def_exp_temp0.3_nodelim_norole_nocot,content,,Other,tp,
qwen3_14b,participants,lusa_114,ext_def_exp_temp0.3_nodelim_norole_nocot,several cell phones,,Obj,tp,
qwen3_14b,participants,lusa_114,ext_def_exp_temp0.3_nodelim_norole_nocot,the suspect,,Per,tp,
qwen3_14b,participants,lusa_114,ext_def_exp_temp0.3_nodelim_norole_nocot,the police,,Org,tp,
qwen3_14b,participants,lusa_114,ext_def_exp_temp0.3_nodelim_norole_nocot,Évora Local Criminal Investigation Unit,,,fp,
qwen3_14b,participants,lusa_114,ext_def_exp_temp0.3_nodelim_norole_nocot,PJ,,,fp,
qwen3_14b,participants,lusa_114,ext_def_exp_temp0.3_nodelim_norole_nocot,images of minors in sexual situations,,,fp,
qwen3_14b,participants,lusa_114,ext_def_exp_temp0.3_nodelim_norole_nocot,equipment,,,fp,
qwen3_14b,participants,lusa_114,ext_def_exp_temp0.3_nodelim_norole_nocot,district of Évora,,,fp,
qwen3_14b,participants,lusa_114,ext_def_exp_temp0.3_nodelim_norole_nocot,the detainee,,,fp,
qwen3_14b,participants,lusa_114,ext_def_exp_temp0.3_nodelim_norole_nocot,members,,Per,fn,
qwen3_14b,participants,lusa_114,ext_def_exp_temp0.3_nodelim_norole_nocot,cell phones,,Obj,fn,
qwen3_14b,participants,lusa_114,ext_def_exp_temp0.3_nodelim_norole_nocot,this equipment,,Obj,fn,
qwen3_14b,participants,lusa_114,ext_def_exp_temp0.3_nodelim_norole_nocot,images,,Other,fn,
qwen3_14b,participants,lusa_114,ext_def_exp_temp0.3_nodelim_norole_nocot,The detainee,,Per,fn,
qwen3_14b,participants,lusa_114,ext_def_exp_temp0.3_nodelim_norole_nocot,the Évora Local Criminal Investigation Unit,,Org,fn,
qwen3_14b,participants,lusa_114,ext_def_exp_temp0.3_nodelim_norole_nocot,coercive measures,,Other,fn,
qwen3_14b,participants,lusa_114,ext_def_exp_temp0.3_nodelim_norole_nocot,minors,,Per,fn,
qwen3_14b,participants,lusa_114,ext_def_exp_temp0.3_nodelim_norole_nocot,the district of Évora,,Pl_civil,fn,
qwen3_14b,participants,lusa_114,ext_def_exp_temp0.3_nodelim_norole_nocot,statement,,Obj,fn,
qwen3_14b,participants,lusa_115,ext_def_exp_temp0.3_nodelim_norole_nocot,police source,,Per,tp,
qwen3_14b,participants,lusa_115,ext_def_exp_temp0.3_nodelim_norole_nocot,vehicles,,Veh,tp,
qwen3_14b,participants,lusa_115,ext_def_exp_temp0.3_nodelim_norole_nocot,Rego area,,Pl_civil,tp,
qwen3_14b,participants,lusa_115,ext_def_exp_temp0.3_nodelim_norole_nocot,firearms,,Obj,tp,
qwen3_14b,participants,lusa_115,ext_def_exp_temp0.3_nodelim_norole_nocot,the same source,,Per,tp,
qwen3_14b,participants,lusa_115,ext_def_exp_temp0.3_nodelim_norole_nocot,two different vehicles,,Veh,tp,
qwen3_14b,participants,lusa_115,ext_def_exp_temp0.3_nodelim_norole_nocot,Judiciary Police,,Org,tp,
qwen3_14b,participants,lusa_115,ext_def_exp_temp0.3_nodelim_norole_nocot,authorities,,Org,tp,
qwen3_14b,participants,lusa_115,ext_def_exp_temp0.3_nodelim_norole_nocot,Four men,,Per,tp,
qwen3_14b,participants,lusa_115,ext_def_exp_temp0.3_nodelim_norole_nocot,Lisbon,,Pl_civil,tp,
qwen3_14b,participants,lusa_115,ext_def_exp_temp0.3_nodelim_norole_nocot,scene,,Pl_civil,tp,
qwen3_14b,participants,lusa_115,ext_def_exp_temp0.3_nodelim_norole_nocot,Lusa,,Org,tp,
qwen3_14b,participants,lusa_115,ext_def_exp_temp0.3_nodelim_norole_nocot,The four men,,,fp,
qwen3_14b,participants,lusa_115,ext_def_exp_temp0.3_nodelim_norole_nocot,vehicles parked in the area,,,fp,
qwen3_14b,participants,lusa_115,ext_def_exp_temp0.3_nodelim_norole_nocot,PSP Lisbon Metropolitan Command,,,fp,
qwen3_14b,participants,lusa_115,ext_def_exp_temp0.3_nodelim_norole_nocot,magazine,,,fp,
qwen3_14b,participants,lusa_115,ext_def_exp_temp0.3_nodelim_norole_nocot,one of the suspects,,,fp,
qwen3_14b,participants,lusa_115,ext_def_exp_temp0.3_nodelim_norole_nocot,a source,,,fp,
qwen3_14b,participants,lusa_115,ext_def_exp_temp0.3_nodelim_norole_nocot,bullet casings,,,fp,
qwen3_14b,participants,lusa_115,ext_def_exp_temp0.3_nodelim_norole_nocot,ammunition,,,fp,
qwen3_14b,participants,lusa_115,ext_def_exp_temp0.3_nodelim_norole_nocot,PSP ,,Org,fn,
qwen3_14b,participants,lusa_115,ext_def_exp_temp0.3_nodelim_norole_nocot,"The four men, of an unspecified age",,Per,fn,
qwen3_14b,participants,lusa_115,ext_def_exp_temp0.3_nodelim_norole_nocot,injuries,,Per,fn,
qwen3_14b,participants,lusa_115,ext_def_exp_temp0.3_nodelim_norole_nocot,several ammunition,,Obj,fn,
qwen3_14b,participants,lusa_115,ext_def_exp_temp0.3_nodelim_norole_nocot,“several bullet casings”,,Obj,fn,
qwen3_14b,participants,lusa_115,ext_def_exp_temp0.3_nodelim_norole_nocot,one,,Per,fn,
qwen3_14b,participants,lusa_115,ext_def_exp_temp0.3_nodelim_norole_nocot,area,,Pl_civil,fn,
qwen3_14b,participants,lusa_115,ext_def_exp_temp0.3_nodelim_norole_nocot,the suspects,,Per,fn,
qwen3_14b,participants,lusa_115,ext_def_exp_temp0.3_nodelim_norole_nocot,source,,Per,fn,
qwen3_14b,participants,lusa_115,ext_def_exp_temp0.3_nodelim_norole_nocot,the PSP Lisbon Metropolitan Command,,Org,fn,
qwen3_14b,participants,lusa_115,ext_def_exp_temp0.3_nodelim_norole_nocot,that,,Obj,fn,
qwen3_14b,participants,lusa_115,ext_def_exp_temp0.3_nodelim_norole_nocot,each other,,Per,fn,
qwen3_14b,participants,lusa_115,ext_def_exp_temp0.3_nodelim_norole_nocot,his,,Per,fn,
qwen3_14b,participants,lusa_115,ext_def_exp_temp0.3_nodelim_norole_nocot,a magazine,,Obj,fn,
qwen3_14b,participants,lusa_116,ext_def_exp_temp0.3_nodelim_norole_nocot,Largo Maria Judite de Carvalho,,Pl_civil,tp,
qwen3_14b,participants,lusa_116,ext_def_exp_temp0.3_nodelim_norole_nocot,Two men aged 22 and 33,,Per,tp,
qwen3_14b,participants,lusa_116,ext_def_exp_temp0.3_nodelim_norole_nocot,firearm cartridge,,Obj,tp,
qwen3_14b,participants,lusa_116,ext_def_exp_temp0.3_nodelim_norole_nocot,firearms,,Obj,tp,
qwen3_14b,participants,lusa_116,ext_def_exp_temp0.3_nodelim_norole_nocot,Three vehicles,,Veh,tp,
qwen3_14b,participants,lusa_116,ext_def_exp_temp0.3_nodelim_norole_nocot,Casal dos Machados,,Fac,tp,
qwen3_14b,participants,lusa_116,ext_def_exp_temp0.3_nodelim_norole_nocot,ambulance,,Veh,tp,
qwen3_14b,participants,lusa_116,ext_def_exp_temp0.3_nodelim_norole_nocot,source,,Per,tp,
qwen3_14b,participants,lusa_116,ext_def_exp_temp0.3_nodelim_norole_nocot,a 33-year-old man,,Per,tp,
qwen3_14b,participants,lusa_116,ext_def_exp_temp0.3_nodelim_norole_nocot,Lisbon,,Pl_capital,tp,
qwen3_14b,participants,lusa_116,ext_def_exp_temp0.3_nodelim_norole_nocot,Lusa,,Org,tp,
qwen3_14b,participants,lusa_116,ext_def_exp_temp0.3_nodelim_norole_nocot,several people,,Per,tp,
qwen3_14b,participants,lusa_116,ext_def_exp_temp0.3_nodelim_norole_nocot,Santa Maria Hospital,,Fac,tp,
qwen3_14b,participants,lusa_116,ext_def_exp_temp0.3_nodelim_norole_nocot,PSP,,,fp,
qwen3_14b,participants,lusa_116,ext_def_exp_temp0.3_nodelim_norole_nocot,gas pumps,,,fp,
qwen3_14b,participants,lusa_116,ext_def_exp_temp0.3_nodelim_norole_nocot,The slightly injured person,,,fp,
qwen3_14b,participants,lusa_116,ext_def_exp_temp0.3_nodelim_norole_nocot,Parque das Nations,,,fp,
qwen3_14b,participants,lusa_116,ext_def_exp_temp0.3_nodelim_norole_nocot,Casal dos Machados neighborhood,,,fp,
qwen3_14b,participants,lusa_116,ext_def_exp_temp0.3_nodelim_norole_nocot,Avenida Infante D.,,,fp,
qwen3_14b,participants,lusa_116,ext_def_exp_temp0.3_nodelim_norole_nocot,Judicial Police,,,fp,
qwen3_14b,participants,lusa_116,ext_def_exp_temp0.3_nodelim_norole_nocot,the same hospital,,,fp,
qwen3_14b,participants,lusa_116,ext_def_exp_temp0.3_nodelim_norole_nocot,PSP source,,,fp,
qwen3_14b,participants,lusa_116,ext_def_exp_temp0.3_nodelim_norole_nocot,Henrique,,,fp,
qwen3_14b,participants,lusa_116,ext_def_exp_temp0.3_nodelim_norole_nocot,a PSP source,,,fp,
qwen3_14b,participants,lusa_116,ext_def_exp_temp0.3_nodelim_norole_nocot,the ,,Veh,fn,
qwen3_14b,participants,lusa_116,ext_def_exp_temp0.3_nodelim_norole_nocot,the Casal dos Machados,,Pl_civil,fn,
qwen3_14b,participants,lusa_116,ext_def_exp_temp0.3_nodelim_norole_nocot,Avenida Infante D. Henrique,,Pl_civil,fn,
qwen3_14b,participants,lusa_116,ext_def_exp_temp0.3_nodelim_norole_nocot,the Judicial Police,,Org,fn,
qwen3_14b,participants,lusa_116,ext_def_exp_temp0.3_nodelim_norole_nocot,parish of Parque das Nations,,Pl_civil,fn,
qwen3_14b,participants,lusa_116,ext_def_exp_temp0.3_nodelim_norole_nocot,"The slightly injured person, aged 22",,Per,fn,
qwen3_14b,participants,lusa_116,ext_def_exp_temp0.3_nodelim_norole_nocot,the PSP source,,Per,fn,
qwen3_14b,participants,lusa_116,ext_def_exp_temp0.3_nodelim_norole_nocot,to gunshots,,Obj,fn,
qwen3_14b,participants,lusa_116,ext_def_exp_temp0.3_nodelim_norole_nocot,same hospital,,Fac,fn,
qwen3_14b,participants,lusa_116,ext_def_exp_temp0.3_nodelim_norole_nocot,a firearm cartridge,,Obj,fn,
qwen3_14b,participants,lusa_116,ext_def_exp_temp0.3_nodelim_norole_nocot,a PSP,,Org,fn,
qwen3_14b,participants,lusa_116,ext_def_exp_temp0.3_nodelim_norole_nocot,one,,Per,fn,
qwen3_14b,participants,lusa_116,ext_def_exp_temp0.3_nodelim_norole_nocot,them,,Per,fn,
qwen3_14b,participants,lusa_116,ext_def_exp_temp0.3_nodelim_norole_nocot,scene,,Pl_civil,fn,
qwen3_14b,participants,lusa_116,ext_def_exp_temp0.3_nodelim_norole_nocot,the PSP,,Org,fn,
qwen3_14b,participants,lusa_116,ext_def_exp_temp0.3_nodelim_norole_nocot,the source,,Per,fn,
qwen3_14b,participants,lusa_116,ext_def_exp_temp0.3_nodelim_norole_nocot,the gas pumps,,Fac,fn,
qwen3_14b,participants,lusa_12,ext_def_exp_temp0.3_nodelim_norole_nocot,the other,,Per,tp,
qwen3_14b,participants,lusa_12,ext_def_exp_temp0.3_nodelim_norole_nocot,that province,,Loc,tp,
qwen3_14b,participants,lusa_12,ext_def_exp_temp0.3_nodelim_norole_nocot,the agent,,Per,tp,
qwen3_14b,participants,lusa_12,ext_def_exp_temp0.3_nodelim_norole_nocot,a colleague,,Per,tp,
qwen3_14b,participants,lusa_12,ext_def_exp_temp0.3_nodelim_norole_nocot,southern Mozambique,,Loc,tp,
qwen3_14b,participants,lusa_12,ext_def_exp_temp0.3_nodelim_norole_nocot,Juarce Martins,,Per,tp,
qwen3_14b,participants,lusa_12,ext_def_exp_temp0.3_nodelim_norole_nocot,the perpetrator,,Per,tp,
qwen3_14b,participants,lusa_12,ext_def_exp_temp0.3_nodelim_norole_nocot,A Mozambican police officer,,Per,tp,
qwen3_14b,participants,lusa_12,ext_def_exp_temp0.3_nodelim_norole_nocot,the camp,,Fac,tp,
qwen3_14b,participants,lusa_12,ext_def_exp_temp0.3_nodelim_norole_nocot,Lusa,,Org,tp,
qwen3_14b,participants,lusa_12,ext_def_exp_temp0.3_nodelim_norole_nocot,the two officers,,Per,tp,
qwen3_14b,participants,lusa_12,ext_def_exp_temp0.3_nodelim_norole_nocot,members,,,fp,
qwen3_14b,participants,lusa_12,ext_def_exp_temp0.3_nodelim_norole_nocot,police source,,,fp,
qwen3_14b,participants,lusa_12,ext_def_exp_temp0.3_nodelim_norole_nocot,one of the members,,,fp,
qwen3_14b,participants,lusa_12,ext_def_exp_temp0.3_nodelim_norole_nocot,Magude,,,fp,
qwen3_14b,participants,lusa_12,ext_def_exp_temp0.3_nodelim_norole_nocot,Maputo,,,fp,
qwen3_14b,participants,lusa_12,ext_def_exp_temp0.3_nodelim_norole_nocot,PRM agents,,,fp,
qwen3_14b,participants,lusa_12,ext_def_exp_temp0.3_nodelim_norole_nocot,the protected area,,,fp,
qwen3_14b,participants,lusa_12,ext_def_exp_temp0.3_nodelim_norole_nocot,other colleagues,,,fp,
qwen3_14b,participants,lusa_12,ext_def_exp_temp0.3_nodelim_norole_nocot,PRM spokesperson,,,fp,
qwen3_14b,participants,lusa_12,ext_def_exp_temp0.3_nodelim_norole_nocot,Department of Protection of Natural Resources and Environment,,,fp,
qwen3_14b,participants,lusa_12,ext_def_exp_temp0.3_nodelim_norole_nocot,province of Maputo,,,fp,
qwen3_14b,participants,lusa_12,ext_def_exp_temp0.3_nodelim_norole_nocot,Maputo province,,,fp,
qwen3_14b,participants,lusa_12,ext_def_exp_temp0.3_nodelim_norole_nocot,Police of the Republic of Mozambique (PRM),,,fp,
qwen3_14b,participants,lusa_12,ext_def_exp_temp0.3_nodelim_norole_nocot,the province,,,fp,
qwen3_14b,participants,lusa_12,ext_def_exp_temp0.3_nodelim_norole_nocot,police,,,fp,
qwen3_14b,participants,lusa_12,ext_def_exp_temp0.3_nodelim_norole_nocot,the PRM spokesperson,,Per,fn,
qwen3_14b,participants,lusa_12,ext_def_exp_temp0.3_nodelim_norole_nocot,other,,Other,fn,
qwen3_14b,participants,lusa_12,ext_def_exp_temp0.3_nodelim_norole_nocot,the Police of the Republic of Mozambique (PRM),,Org,fn,
qwen3_14b,participants,lusa_12,ext_def_exp_temp0.3_nodelim_norole_nocot,the members,,Per,fn,
qwen3_14b,participants,lusa_12,ext_def_exp_temp0.3_nodelim_norole_nocot,reasons,,Other,fn,
qwen3_14b,participants,lusa_12,ext_def_exp_temp0.3_nodelim_norole_nocot,the ,,Org,fn,
qwen3_14b,participants,lusa_12,ext_def_exp_temp0.3_nodelim_norole_nocot,They,,Per,fn,
qwen3_14b,participants,lusa_12,ext_def_exp_temp0.3_nodelim_norole_nocot,the district of Magude,,Loc,fn,
qwen3_14b,participants,lusa_12,ext_def_exp_temp0.3_nodelim_norole_nocot,A Mozambican police,,Org,fn,
qwen3_14b,participants,lusa_12,ext_def_exp_temp0.3_nodelim_norole_nocot,the province of Maputo,,Loc,fn,
qwen3_14b,participants,lusa_12,ext_def_exp_temp0.3_nodelim_norole_nocot,other colleagues ran,,Per,fn,
qwen3_14b,participants,lusa_12,ext_def_exp_temp0.3_nodelim_norole_nocot,one,,Other,fn,
qwen3_14b,participants,lusa_12,ext_def_exp_temp0.3_nodelim_norole_nocot,a protected,,Loc,fn,
qwen3_14b,participants,lusa_12,ext_def_exp_temp0.3_nodelim_norole_nocot,the,,Org,fn,
qwen3_14b,participants,lusa_12,ext_def_exp_temp0.3_nodelim_norole_nocot,the spokesperson,,Per,fn,
qwen3_14b,participants,lusa_12,ext_def_exp_temp0.3_nodelim_norole_nocot,The command,,Org,fn,
qwen3_14b,participants,lusa_12,ext_def_exp_temp0.3_nodelim_norole_nocot,"the Department of Protection of Natural Resources and Environment, in",,Org,fn,
qwen3_14b,participants,lusa_12,ext_def_exp_temp0.3_nodelim_norole_nocot,the Police of,,Loc,fn,
qwen3_14b,participants,lusa_12,ext_def_exp_temp0.3_nodelim_norole_nocot,the police,,Org,fn,
qwen3_14b,participants,lusa_12,ext_def_exp_temp0.3_nodelim_norole_nocot,agents,,Per,fn,
qwen3_14b,participants,lusa_12,ext_def_exp_temp0.3_nodelim_norole_nocot,the PRM,,Org,fn,
qwen3_14b,participants,lusa_12,ext_def_exp_temp0.3_nodelim_norole_nocot,source,,Per,fn,
qwen3_14b,participants,lusa_13,ext_def_exp_temp0.3_nodelim_norole_nocot,boxes,,Obj,tp,
qwen3_14b,participants,lusa_13,ext_def_exp_temp0.3_nodelim_norole_nocot,The vessel,,Obj,tp,
qwen3_14b,participants,lusa_13,ext_def_exp_temp0.3_nodelim_norole_nocot,vessels,,Obj,tp,
qwen3_14b,participants,lusa_13,ext_def_exp_temp0.3_nodelim_norole_nocot,crab,,Nat,tp,
qwen3_14b,participants,lusa_13,ext_def_exp_temp0.3_nodelim_norole_nocot,César Maphossa,,Per,tp,
qwen3_14b,participants,lusa_13,ext_def_exp_temp0.3_nodelim_norole_nocot,crabs,,Nat,tp,
qwen3_14b,participants,lusa_13,ext_def_exp_temp0.3_nodelim_norole_nocot,those responsible,,Per,tp,
qwen3_14b,participants,lusa_13,ext_def_exp_temp0.3_nodelim_norole_nocot,authorities,,Org,tp,
qwen3_14b,participants,lusa_13,ext_def_exp_temp0.3_nodelim_norole_nocot,the crabs,,Nat,tp,
qwen3_14b,participants,lusa_13,ext_def_exp_temp0.3_nodelim_norole_nocot,inspectors,,Per,tp,
qwen3_14b,participants,lusa_13,ext_def_exp_temp0.3_nodelim_norole_nocot,Lusa,,Loc,tp,
qwen3_14b,participants,lusa_13,ext_def_exp_temp0.3_nodelim_norole_nocot,the boat,,Obj,tp,
qwen3_14b,participants,lusa_13,ext_def_exp_temp0.3_nodelim_norole_nocot,Mozambique,,,fp,
qwen3_14b,participants,lusa_13,ext_def_exp_temp0.3_nodelim_norole_nocot,Mozambican maritime inspection,,,fp,
qwen3_14b,participants,lusa_13,ext_def_exp_temp0.3_nodelim_norole_nocot,"1,100 kilos of crab",,,fp,
qwen3_14b,participants,lusa_13,ext_def_exp_temp0.3_nodelim_norole_nocot,ban period,,,fp,
qwen3_14b,participants,lusa_13,ext_def_exp_temp0.3_nodelim_norole_nocot,Maria River mangrove,,,fp,
qwen3_14b,participants,lusa_13,ext_def_exp_temp0.3_nodelim_norole_nocot,Sofala,,,fp,
qwen3_14b,participants,lusa_13,ext_def_exp_temp0.3_nodelim_norole_nocot,500 kilograms of crab,,,fp,
qwen3_14b,participants,lusa_13,ext_def_exp_temp0.3_nodelim_norole_nocot,Beira,,,fp,
qwen3_14b,participants,lusa_13,ext_def_exp_temp0.3_nodelim_norole_nocot,crew,,,fp,
qwen3_14b,participants,lusa_13,ext_def_exp_temp0.3_nodelim_norole_nocot,an authority source,,,fp,
qwen3_14b,participants,lusa_13,ext_def_exp_temp0.3_nodelim_norole_nocot,vessel,,,fp,
qwen3_14b,participants,lusa_13,ext_def_exp_temp0.3_nodelim_norole_nocot,another 500 kilograms of crab,,Other,fn,
qwen3_14b,participants,lusa_13,ext_def_exp_temp0.3_nodelim_norole_nocot,heavy fines,,Other,fn,
qwen3_14b,participants,lusa_13,ext_def_exp_temp0.3_nodelim_norole_nocot,"1,100 kilos",,Other,fn,
qwen3_14b,participants,lusa_13,ext_def_exp_temp0.3_nodelim_norole_nocot,the species,,Nat,fn,
qwen3_14b,participants,lusa_13,ext_def_exp_temp0.3_nodelim_norole_nocot,the crew,,Per,fn,
qwen3_14b,participants,lusa_13,ext_def_exp_temp0.3_nodelim_norole_nocot,their,,Nat,fn,
qwen3_14b,participants,lusa_13,ext_def_exp_temp0.3_nodelim_norole_nocot,a vessel,,Obj,fn,
qwen3_14b,participants,lusa_13,ext_def_exp_temp0.3_nodelim_norole_nocot,authority,,Org,fn,
qwen3_14b,participants,lusa_13,ext_def_exp_temp0.3_nodelim_norole_nocot,the outskirts of the city of Beira,,Loc,fn,
qwen3_14b,participants,lusa_13,ext_def_exp_temp0.3_nodelim_norole_nocot,marine species,,Nat,fn,
qwen3_14b,participants,lusa_13,ext_def_exp_temp0.3_nodelim_norole_nocot,their populations,,Nat,fn,
qwen3_14b,participants,lusa_13,ext_def_exp_temp0.3_nodelim_norole_nocot,natural habitat,,Loc,fn,
qwen3_14b,participants,lusa_13,ext_def_exp_temp0.3_nodelim_norole_nocot,outskirts of the provincial capital of Sofala,,Loc,fn,
qwen3_14b,participants,lusa_13,ext_def_exp_temp0.3_nodelim_norole_nocot,the head,,Per,fn,
qwen3_14b,participants,lusa_13,ext_def_exp_temp0.3_nodelim_norole_nocot,600 kilograms of crab,,Other,fn,
qwen3_14b,participants,lusa_13,ext_def_exp_temp0.3_nodelim_norole_nocot,them,,Nat,fn,
qwen3_14b,participants,lusa_13,ext_def_exp_temp0.3_nodelim_norole_nocot,central Mozambique,,Loc,fn,
qwen3_14b,participants,lusa_13,ext_def_exp_temp0.3_nodelim_norole_nocot,the Maria River mangrove,,Loc,fn,
qwen3_14b,participants,lusa_13,ext_def_exp_temp0.3_nodelim_norole_nocot,the center,,Pl_region,fn,
qwen3_14b,participants,lusa_13,ext_def_exp_temp0.3_nodelim_norole_nocot,source,,Per,fn,
qwen3_14b,participants,lusa_13,ext_def_exp_temp0.3_nodelim_norole_nocot,country,,Pl_country,fn,
qwen3_14b,participants,lusa_14,ext_def_exp_temp0.3_nodelim_norole_nocot,local authorities,,Org,tp,
qwen3_14b,participants,lusa_14,ext_def_exp_temp0.3_nodelim_norole_nocot,Mexico,,Loc,tp,
qwen3_14b,participants,lusa_14,ext_def_exp_temp0.3_nodelim_norole_nocot,rival cartels,,Org,tp,
qwen3_14b,participants,lusa_14,ext_def_exp_temp0.3_nodelim_norole_nocot,Authorities,,Org,tp,
qwen3_14b,participants,lusa_14,ext_def_exp_temp0.3_nodelim_norole_nocot,seven people,,Per,tp,
qwen3_14b,participants,lusa_14,ext_def_exp_temp0.3_nodelim_norole_nocot,rural road,,,fp,
qwen3_14b,participants,lusa_14,ext_def_exp_temp0.3_nodelim_norole_nocot,municipality of Tangamandapio,,,fp,
qwen3_14b,participants,lusa_14,ext_def_exp_temp0.3_nodelim_norole_nocot,Mexican state of Michoacán,,,fp,
qwen3_14b,participants,lusa_14,ext_def_exp_temp0.3_nodelim_norole_nocot,victims – six men and one woman,,,fp,
qwen3_14b,participants,lusa_14,ext_def_exp_temp0.3_nodelim_norole_nocot,victims,,,fp,
qwen3_14b,participants,lusa_14,ext_def_exp_temp0.3_nodelim_norole_nocot,Public Prosecutor's Office,,,fp,
qwen3_14b,participants,lusa_14,ext_def_exp_temp0.3_nodelim_norole_nocot,drug trafficking,,,fp,
qwen3_14b,participants,lusa_14,ext_def_exp_temp0.3_nodelim_norole_nocot,road,,,fp,
qwen3_14b,participants,lusa_14,ext_def_exp_temp0.3_nodelim_norole_nocot,organized crime,,,fp,
qwen3_14b,participants,lusa_14,ext_def_exp_temp0.3_nodelim_norole_nocot,Hired killers (sicarios),,,fp,
qwen3_14b,participants,lusa_14,ext_def_exp_temp0.3_nodelim_norole_nocot,group of agricultural workers,,,fp,
qwen3_14b,participants,lusa_14,ext_def_exp_temp0.3_nodelim_norole_nocot,that country,,Loc,fn,
qwen3_14b,participants,lusa_14,ext_def_exp_temp0.3_nodelim_norole_nocot,the victims' bodies,,Other,fn,
qwen3_14b,participants,lusa_14,ext_def_exp_temp0.3_nodelim_norole_nocot,The victims,,Per,fn,
qwen3_14b,participants,lusa_14,ext_def_exp_temp0.3_nodelim_norole_nocot,killers,,Per,fn,
qwen3_14b,participants,lusa_14,ext_def_exp_temp0.3_nodelim_norole_nocot,the bodies,,Other,fn,
qwen3_14b,participants,lusa_14,ext_def_exp_temp0.3_nodelim_norole_nocot,wounds,,Obj,fn,
qwen3_14b,participants,lusa_14,ext_def_exp_temp0.3_nodelim_norole_nocot,the victims,,Per,fn,
qwen3_14b,participants,lusa_14,ext_def_exp_temp0.3_nodelim_norole_nocot,The victims' bodies,,Other,fn,
qwen3_14b,participants,lusa_14,ext_def_exp_temp0.3_nodelim_norole_nocot,the same informative note,,Obj,fn,
qwen3_14b,participants,lusa_14,ext_def_exp_temp0.3_nodelim_norole_nocot,the Mexican state of Michoacán,,Loc,fn,
qwen3_14b,participants,lusa_14,ext_def_exp_temp0.3_nodelim_norole_nocot,a statement,,Obj,fn,
qwen3_14b,participants,lusa_14,ext_def_exp_temp0.3_nodelim_norole_nocot,a group of agricultural workers,,Per,fn,
qwen3_14b,participants,lusa_14,ext_def_exp_temp0.3_nodelim_norole_nocot,six men,,Per,fn,
qwen3_14b,participants,lusa_14,ext_def_exp_temp0.3_nodelim_norole_nocot,At least three,,Other,fn,
qwen3_14b,participants,lusa_14,ext_def_exp_temp0.3_nodelim_norole_nocot,the local Public Prosecutor's Office,,Org,fn,
qwen3_14b,participants,lusa_14,ext_def_exp_temp0.3_nodelim_norole_nocot,the Public Prosecutor's Office,,Org,fn,
qwen3_14b,participants,lusa_14,ext_def_exp_temp0.3_nodelim_norole_nocot,a road,,Loc,fn,
qwen3_14b,participants,lusa_14,ext_def_exp_temp0.3_nodelim_norole_nocot,a rural road,,Loc,fn,
qwen3_14b,participants,lusa_14,ext_def_exp_temp0.3_nodelim_norole_nocot,the municipality of Tangamandapio,,Loc,fn,
qwen3_14b,participants,lusa_14,ext_def_exp_temp0.3_nodelim_norole_nocot,sicarios,,Per,fn,
qwen3_14b,participants,lusa_14,ext_def_exp_temp0.3_nodelim_norole_nocot,one woman,,Per,fn,
qwen3_14b,participants,lusa_15,ext_def_exp_temp0.3_nodelim_norole_nocot,police,,Org,tp,
qwen3_14b,participants,lusa_15,ext_def_exp_temp0.3_nodelim_norole_nocot,Vienna,,Loc,tp,
qwen3_14b,participants,lusa_15,ext_def_exp_temp0.3_nodelim_norole_nocot,Syria,,Loc,tp,
qwen3_14b,participants,lusa_15,ext_def_exp_temp0.3_nodelim_norole_nocot,IS,,,fp,
qwen3_14b,participants,lusa_15,ext_def_exp_temp0.3_nodelim_norole_nocot,Islamic State (IS),,,fp,
qwen3_14b,participants,lusa_15,ext_def_exp_temp0.3_nodelim_norole_nocot,The 20-year-old perpetrator of the attack,,,fp,
qwen3_14b,participants,lusa_15,ext_def_exp_temp0.3_nodelim_norole_nocot,Amaq propaganda agency,,,fp,
qwen3_14b,participants,lusa_15,ext_def_exp_temp0.3_nodelim_norole_nocot,opera house,,,fp,
qwen3_14b,participants,lusa_15,ext_def_exp_temp0.3_nodelim_norole_nocot,synagogue,,,fp,
qwen3_14b,participants,lusa_15,ext_def_exp_temp0.3_nodelim_norole_nocot,Islamic State fighter,,,fp,
qwen3_14b,participants,lusa_15,ext_def_exp_temp0.3_nodelim_norole_nocot,North Macedonia,,,fp,
qwen3_14b,participants,lusa_15,ext_def_exp_temp0.3_nodelim_norole_nocot,armed robber,,,fp,
qwen3_14b,participants,lusa_15,ext_def_exp_temp0.3_nodelim_norole_nocot,Austrian,,,fp,
qwen3_14b,participants,lusa_15,ext_def_exp_temp0.3_nodelim_norole_nocot,Telegram,,,fp,
qwen3_14b,participants,lusa_15,ext_def_exp_temp0.3_nodelim_norole_nocot,soldier of the caliphate,,,fp,
qwen3_14b,participants,lusa_15,ext_def_exp_temp0.3_nodelim_norole_nocot,The young man,,,fp,
qwen3_14b,participants,lusa_15,ext_def_exp_temp0.3_nodelim_norole_nocot,22 injuries,,Per,fn,
qwen3_14b,participants,lusa_15,ext_def_exp_temp0.3_nodelim_norole_nocot,The young,,Per,fn,
qwen3_14b,participants,lusa_15,ext_def_exp_temp0.3_nodelim_norole_nocot,the city of Vienna,,Pl_civil,fn,
qwen3_14b,participants,lusa_15,ext_def_exp_temp0.3_nodelim_norole_nocot,"dual nationality, Austrian and North Macedonia",,Other,fn,
qwen3_14b,participants,lusa_15,ext_def_exp_temp0.3_nodelim_norole_nocot,the Amaq propaganda agency,,Org,fn,
qwen3_14b,participants,lusa_15,ext_def_exp_temp0.3_nodelim_norole_nocot,a synagogue,,Fac,fn,
qwen3_14b,participants,lusa_15,ext_def_exp_temp0.3_nodelim_norole_nocot,ranks,,Per,fn,
qwen3_14b,participants,lusa_15,ext_def_exp_temp0.3_nodelim_norole_nocot,an ,,Per,fn,
qwen3_14b,participants,lusa_15,ext_def_exp_temp0.3_nodelim_norole_nocot,a photo,,Obj,fn,
qwen3_14b,participants,lusa_15,ext_def_exp_temp0.3_nodelim_norole_nocot,the opera,,Fac,fn,
qwen3_14b,participants,lusa_15,ext_def_exp_temp0.3_nodelim_norole_nocot,four fatalities,,Per,fn,
qwen3_14b,participants,lusa_15,ext_def_exp_temp0.3_nodelim_norole_nocot,The IS,,Obj,fn,
qwen3_14b,participants,lusa_15,ext_def_exp_temp0.3_nodelim_norole_nocot,the,,Org,fn,
qwen3_14b,participants,lusa_15,ext_def_exp_temp0.3_nodelim_norole_nocot,after,,Other,fn,
qwen3_14b,participants,lusa_15,ext_def_exp_temp0.3_nodelim_norole_nocot,The ,,Per,fn,
qwen3_14b,participants,lusa_15,ext_def_exp_temp0.3_nodelim_norole_nocot,four,,Org,fn,
qwen3_14b,participants,lusa_15,ext_def_exp_temp0.3_nodelim_norole_nocot,part,,Other,fn,
qwen3_14b,participants,lusa_15,ext_def_exp_temp0.3_nodelim_norole_nocot,the center of Vienna,,Loc,fn,
qwen3_14b,participants,lusa_15,ext_def_exp_temp0.3_nodelim_norole_nocot,Islamic State,,Org,fn,
qwen3_14b,participants,lusa_15,ext_def_exp_temp0.3_nodelim_norole_nocot,The 'jihadist' group Islamic State (IS),,Org,fn,
qwen3_14b,participants,lusa_15,ext_def_exp_temp0.3_nodelim_norole_nocot,text,,Obj,fn,
qwen3_14b,participants,lusa_15,ext_def_exp_temp0.3_nodelim_norole_nocot,a “soldier of the caliphate”,,Per,fn,
qwen3_14b,participants,lusa_15,ext_def_exp_temp0.3_nodelim_norole_nocot,firearms,,Obj,fn,
qwen3_14b,participants,lusa_15,ext_def_exp_temp0.3_nodelim_norole_nocot,Telegram networks,,Other,fn,
qwen3_14b,participants,lusa_15,ext_def_exp_temp0.3_nodelim_norole_nocot,in a ,,Obj,fn,
qwen3_14b,participants,lusa_16,ext_def_exp_temp0.3_nodelim_norole_nocot,Ricardo Miguel Furtado Pinheiro,,Per,tp,
qwen3_14b,participants,lusa_16,ext_def_exp_temp0.3_nodelim_norole_nocot,Nelson de Sousa,,Per,tp,
qwen3_14b,participants,lusa_16,ext_def_exp_temp0.3_nodelim_norole_nocot,district of Portalegre,,Pl_civil,tp,
qwen3_14b,participants,lusa_16,ext_def_exp_temp0.3_nodelim_norole_nocot,Secretary of State for Planning,,Per,tp,
qwen3_14b,participants,lusa_16,ext_def_exp_temp0.3_nodelim_norole_nocot,The President of the Republic,,Per,tp,
qwen3_14b,participants,lusa_16,ext_def_exp_temp0.3_nodelim_norole_nocot,the Prime Minister,,Per,tp,
qwen3_14b,participants,lusa_16,ext_def_exp_temp0.3_nodelim_norole_nocot,José Fernandes Gomes Mendes,,Per,tp,
qwen3_14b,participants,lusa_16,ext_def_exp_temp0.3_nodelim_norole_nocot,Ricardo Pinheiro,,Per,tp,
qwen3_14b,participants,lusa_16,ext_def_exp_temp0.3_nodelim_norole_nocot,José Mendes,,Per,tp,
qwen3_14b,participants,lusa_16,ext_def_exp_temp0.3_nodelim_norole_nocot,the note.,,,fp,
qwen3_14b,participants,lusa_16,ext_def_exp_temp0.3_nodelim_norole_nocot,Presidency of the Republic portal,,,fp,
qwen3_14b,participants,lusa_16,ext_def_exp_temp0.3_nodelim_norole_nocot,a circle,,,fp,
qwen3_14b,participants,lusa_16,ext_def_exp_temp0.3_nodelim_norole_nocot,the Palácio de Belém,,,fp,
qwen3_14b,participants,lusa_16,ext_def_exp_temp0.3_nodelim_norole_nocot,Chamber of Campo Maior,,,fp,
qwen3_14b,participants,lusa_16,ext_def_exp_temp0.3_nodelim_norole_nocot,the Minister of Planning,,Per,fn,
qwen3_14b,participants,lusa_16,ext_def_exp_temp0.3_nodelim_norole_nocot,Socialist deputy Ricardo Pinheiro,,Per,fn,
qwen3_14b,participants,lusa_16,ext_def_exp_temp0.3_nodelim_norole_nocot,Campo Maior,,Pl_civil,fn,
qwen3_14b,participants,lusa_16,ext_def_exp_temp0.3_nodelim_norole_nocot,note published on the Presidency of the Republic,,Loc,fn,
qwen3_14b,participants,lusa_16,ext_def_exp_temp0.3_nodelim_norole_nocot,a note,,Obj,fn,
qwen3_14b,participants,lusa_16,ext_def_exp_temp0.3_nodelim_norole_nocot,which,,Per,fn,
qwen3_14b,participants,lusa_16,ext_def_exp_temp0.3_nodelim_norole_nocot,portal,,Loc,fn,
qwen3_14b,participants,lusa_16,ext_def_exp_temp0.3_nodelim_norole_nocot,the Presidency of the Republic,,Org,fn,
qwen3_14b,participants,lusa_16,ext_def_exp_temp0.3_nodelim_norole_nocot,"of Campo Maior,",,Org,fn,
qwen3_14b,participants,lusa_16,ext_def_exp_temp0.3_nodelim_norole_nocot,the new Secretary of State,,Per,fn,
qwen3_14b,participants,lusa_16,ext_def_exp_temp0.3_nodelim_norole_nocot,Chamber,,Org,fn,
qwen3_14b,participants,lusa_16,ext_def_exp_temp0.3_nodelim_norole_nocot,circle,,Per,fn,
qwen3_14b,participants,lusa_16,ext_def_exp_temp0.3_nodelim_norole_nocot,his,,Per,fn,
qwen3_14b,participants,lusa_16,ext_def_exp_temp0.3_nodelim_norole_nocot,Belém.,,Loc,fn,
qwen3_14b,participants,lusa_16,ext_def_exp_temp0.3_nodelim_norole_nocot,the note,,Obj,fn,
qwen3_14b,participants,lusa_17,ext_def_exp_temp0.3_nodelim_norole_nocot,three men,,Per,tp,
qwen3_14b,participants,lusa_17,ext_def_exp_temp0.3_nodelim_norole_nocot,Two other people,,Per,tp,
qwen3_14b,participants,lusa_17,ext_def_exp_temp0.3_nodelim_norole_nocot,local media,,Org,tp,
qwen3_14b,participants,lusa_17,ext_def_exp_temp0.3_nodelim_norole_nocot,Firefighters,,Org,tp,
qwen3_14b,participants,lusa_17,ext_def_exp_temp0.3_nodelim_norole_nocot,a 9-year-old child,,Per,tp,
qwen3_14b,participants,lusa_17,ext_def_exp_temp0.3_nodelim_norole_nocot,Three men,,Per,tp,
qwen3_14b,participants,lusa_17,ext_def_exp_temp0.3_nodelim_norole_nocot,Hong Kong,,Loc,tp,
qwen3_14b,participants,lusa_17,ext_def_exp_temp0.3_nodelim_norole_nocot,authorities,,Org,tp,
qwen3_14b,participants,lusa_17,ext_def_exp_temp0.3_nodelim_norole_nocot,four women,,Per,tp,
qwen3_14b,participants,lusa_17,ext_def_exp_temp0.3_nodelim_norole_nocot,three women,,Per,tp,
qwen3_14b,participants,lusa_17,ext_def_exp_temp0.3_nodelim_norole_nocot,those present during the event,,,fp,
qwen3_14b,participants,lusa_17,ext_def_exp_temp0.3_nodelim_norole_nocot,people,,,fp,
qwen3_14b,participants,lusa_17,ext_def_exp_temp0.3_nodelim_norole_nocot,residential building,,,fp,
qwen3_14b,participants,lusa_17,ext_def_exp_temp0.3_nodelim_norole_nocot,family gathering,,,fp,
qwen3_14b,participants,lusa_17,ext_def_exp_temp0.3_nodelim_norole_nocot,building,,,fp,
qwen3_14b,participants,lusa_17,ext_def_exp_temp0.3_nodelim_norole_nocot,apartment,,,fp,
qwen3_14b,participants,lusa_17,ext_def_exp_temp0.3_nodelim_norole_nocot,victims,,,fp,
qwen3_14b,participants,lusa_17,ext_def_exp_temp0.3_nodelim_norole_nocot,unlicensed restaurant,,,fp,
qwen3_14b,participants,lusa_17,ext_def_exp_temp0.3_nodelim_norole_nocot,South China Morning Post (SCMP),,,fp,
qwen3_14b,participants,lusa_17,ext_def_exp_temp0.3_nodelim_norole_nocot,Nepalese,,,fp,
qwen3_14b,participants,lusa_17,ext_def_exp_temp0.3_nodelim_norole_nocot,fire,,,fp,
qwen3_14b,participants,lusa_17,ext_def_exp_temp0.3_nodelim_norole_nocot,bathroom,,Fac,fn,
qwen3_14b,participants,lusa_17,ext_def_exp_temp0.3_nodelim_norole_nocot,seven,,Per,fn,
qwen3_14b,participants,lusa_17,ext_def_exp_temp0.3_nodelim_norole_nocot,The fatal victims,,Per,fn,
qwen3_14b,participants,lusa_17,ext_def_exp_temp0.3_nodelim_norole_nocot,the building,,Loc,fn,
qwen3_14b,participants,lusa_17,ext_def_exp_temp0.3_nodelim_norole_nocot,the,,Per,fn,
qwen3_14b,participants,lusa_17,ext_def_exp_temp0.3_nodelim_norole_nocot,Most,,Per,fn,
qwen3_14b,participants,lusa_17,ext_def_exp_temp0.3_nodelim_norole_nocot,himself,,Per,fn,
qwen3_14b,participants,lusa_17,ext_def_exp_temp0.3_nodelim_norole_nocot,the victims,,Per,fn,
qwen3_14b,participants,lusa_17,ext_def_exp_temp0.3_nodelim_norole_nocot,At least seven people,,Per,fn,
qwen3_14b,participants,lusa_17,ext_def_exp_temp0.3_nodelim_norole_nocot,measures,,Other,fn,
qwen3_14b,participants,lusa_17,ext_def_exp_temp0.3_nodelim_norole_nocot,The ,,Loc,fn,
qwen3_14b,participants,lusa_17,ext_def_exp_temp0.3_nodelim_norole_nocot,the South China Morning Post (SCMP),,Org,fn,
qwen3_14b,participants,lusa_17,ext_def_exp_temp0.3_nodelim_norole_nocot,bathroom window,,Obj,fn,
qwen3_14b,participants,lusa_17,ext_def_exp_temp0.3_nodelim_norole_nocot,the apartment,,Loc,fn,
qwen3_14b,participants,lusa_17,ext_def_exp_temp0.3_nodelim_norole_nocot,The apartment,,Fac,fn,
qwen3_14b,participants,lusa_17,ext_def_exp_temp0.3_nodelim_norole_nocot,one,,Per,fn,
qwen3_14b,participants,lusa_17,ext_def_exp_temp0.3_nodelim_norole_nocot,a residential building,,Fac,fn,
qwen3_14b,participants,lusa_17,ext_def_exp_temp0.3_nodelim_norole_nocot,an unlicensed restaurant,,Other,fn,
qwen3_14b,participants,lusa_18,ext_def_exp_temp0.3_nodelim_norole_nocot,Luanda,,Loc,tp,
qwen3_14b,participants,lusa_18,ext_def_exp_temp0.3_nodelim_norole_nocot,the State,,Org,tp,
qwen3_14b,participants,lusa_18,ext_def_exp_temp0.3_nodelim_norole_nocot,private companies,,Org,tp,
qwen3_14b,participants,lusa_18,ext_def_exp_temp0.3_nodelim_norole_nocot,the legal representatives,,Per,tp,
qwen3_14b,participants,lusa_18,ext_def_exp_temp0.3_nodelim_norole_nocot,Heavy Group – Investimentos Limitada,,Org,tp,
qwen3_14b,participants,lusa_18,ext_def_exp_temp0.3_nodelim_norole_nocot,LMC,,Org,tp,
qwen3_14b,participants,lusa_18,ext_def_exp_temp0.3_nodelim_norole_nocot,The PGR,,Org,tp,
qwen3_14b,participants,lusa_18,ext_def_exp_temp0.3_nodelim_norole_nocot,Talatona,,Loc,tp,
qwen3_14b,participants,lusa_18,ext_def_exp_temp0.3_nodelim_norole_nocot,three more buildings,,Fac,tp,
qwen3_14b,participants,lusa_18,ext_def_exp_temp0.3_nodelim_norole_nocot,Universal Sabedoria,,Org,tp,
qwen3_14b,participants,lusa_18,ext_def_exp_temp0.3_nodelim_norole_nocot,the assets,,Obj,tp,
qwen3_14b,participants,lusa_18,ext_def_exp_temp0.3_nodelim_norole_nocot,the note,,Obj,tp,
qwen3_14b,participants,lusa_18,ext_def_exp_temp0.3_nodelim_norole_nocot,a hotel,,Org,tp,
qwen3_14b,participants,lusa_18,ext_def_exp_temp0.3_nodelim_norole_nocot,Méssene – Investimentos Limitada,,,fp,
qwen3_14b,participants,lusa_18,ext_def_exp_temp0.3_nodelim_norole_nocot,Instituto Sapiens building,,,fp,
qwen3_14b,participants,lusa_18,ext_def_exp_temp0.3_nodelim_norole_nocot,Torres Eucaliptos real estate project,,,fp,
qwen3_14b,participants,lusa_18,ext_def_exp_temp0.3_nodelim_norole_nocot,Luanda Medical Center (LMC) building,,,fp,
qwen3_14b,participants,lusa_18,ext_def_exp_temp0.3_nodelim_norole_nocot,Rua Amílcar Cabral,,,fp,
qwen3_14b,participants,lusa_18,ext_def_exp_temp0.3_nodelim_norole_nocot,real estate project,,,fp,
qwen3_14b,participants,lusa_18,ext_def_exp_temp0.3_nodelim_norole_nocot,Luanda Medical Center clinic,,,fp,
qwen3_14b,participants,lusa_18,ext_def_exp_temp0.3_nodelim_norole_nocot,National Asset Recovery Service,,,fp,
qwen3_14b,participants,lusa_18,ext_def_exp_temp0.3_nodelim_norole_nocot,PGR statement,,,fp,
qwen3_14b,participants,lusa_18,ext_def_exp_temp0.3_nodelim_norole_nocot,Ingombota district,,,fp,
qwen3_14b,participants,lusa_18,ext_def_exp_temp0.3_nodelim_norole_nocot,Monalisa Residence hotels,,,fp,
qwen3_14b,participants,lusa_18,ext_def_exp_temp0.3_nodelim_norole_nocot,National Social Security Institute,,,fp,
qwen3_14b,participants,lusa_18,ext_def_exp_temp0.3_nodelim_norole_nocot,The Attorney General's Office of the Republic (PGR) of Angola,,,fp,
qwen3_14b,participants,lusa_18,ext_def_exp_temp0.3_nodelim_norole_nocot,real estate assets,,Other,fn,
qwen3_14b,participants,lusa_18,ext_def_exp_temp0.3_nodelim_norole_nocot,the Luanda Medical Center (LMC) building,,Fac,fn,
qwen3_14b,participants,lusa_18,ext_def_exp_temp0.3_nodelim_norole_nocot,the Monalisa Residence hotels,,Org,fn,
qwen3_14b,participants,lusa_18,ext_def_exp_temp0.3_nodelim_norole_nocot,the National Social Security Institute,,Org,fn,
qwen3_14b,participants,lusa_18,ext_def_exp_temp0.3_nodelim_norole_nocot,the Torres Eucaliptos real estate project,,Other,fn,
qwen3_14b,participants,lusa_18,ext_def_exp_temp0.3_nodelim_norole_nocot,public funds,,Obj,fn,
qwen3_14b,participants,lusa_18,ext_def_exp_temp0.3_nodelim_norole_nocot,the PGR statement,,Obj,fn,
qwen3_14b,participants,lusa_18,ext_def_exp_temp0.3_nodelim_norole_nocot,the Ingombota,,Loc,fn,
qwen3_14b,participants,lusa_18,ext_def_exp_temp0.3_nodelim_norole_nocot,the Instituto Sapiens building,,Fac,fn,
qwen3_14b,participants,lusa_18,ext_def_exp_temp0.3_nodelim_norole_nocot,"Amílcar Cabral,",,Pl_civil,fn,
qwen3_14b,participants,lusa_18,ext_def_exp_temp0.3_nodelim_norole_nocot,These real estate projects,,Other,fn,
qwen3_14b,participants,lusa_18,ext_def_exp_temp0.3_nodelim_norole_nocot,measures,,Other,fn,
qwen3_14b,participants,lusa_18,ext_def_exp_temp0.3_nodelim_norole_nocot,a real estate project,,Other,fn,
qwen3_14b,participants,lusa_18,ext_def_exp_temp0.3_nodelim_norole_nocot,of ,,Org,fn,
qwen3_14b,participants,lusa_18,ext_def_exp_temp0.3_nodelim_norole_nocot,the Luanda Medical Center clinic,,Org,fn,
qwen3_14b,participants,lusa_18,ext_def_exp_temp0.3_nodelim_norole_nocot,Angola,,Pl_country,fn,
qwen3_14b,participants,lusa_18,ext_def_exp_temp0.3_nodelim_norole_nocot,the National Asset Recovery Service,,Org,fn,
qwen3_14b,participants,lusa_18,ext_def_exp_temp0.3_nodelim_norole_nocot,The Attorney General's Office of the Republic (PGR),,Org,fn,
qwen3_14b,participants,lusa_18,ext_def_exp_temp0.3_nodelim_norole_nocot,all,,Loc,fn,
qwen3_14b,participants,lusa_18,ext_def_exp_temp0.3_nodelim_norole_nocot,the companies Méssene – Investimentos Limitada,,Org,fn,
qwen3_14b,participants,lusa_18,ext_def_exp_temp0.3_nodelim_norole_nocot,the PGR,,Org,fn,
qwen3_14b,participants,lusa_19,ext_def_exp_temp0.3_nodelim_norole_nocot,the victim's residence,,Fac,tp,
qwen3_14b,participants,lusa_19,ext_def_exp_temp0.3_nodelim_norole_nocot,A 75-year-old man,,Per,tp,
qwen3_14b,participants,lusa_19,ext_def_exp_temp0.3_nodelim_norole_nocot,the same person in charge,,Per,tp,
qwen3_14b,participants,lusa_19,ext_def_exp_temp0.3_nodelim_norole_nocot,the district of Leiria,,Pl_civil,tp,
qwen3_14b,participants,lusa_19,ext_def_exp_temp0.3_nodelim_norole_nocot,Leiria,,Pl_civil,tp,
qwen3_14b,participants,lusa_19,ext_def_exp_temp0.3_nodelim_norole_nocot,Diogo Morgado,,Per,tp,
qwen3_14b,participants,lusa_19,ext_def_exp_temp0.3_nodelim_norole_nocot,the victim,,Per,tp,
qwen3_14b,participants,lusa_19,ext_def_exp_temp0.3_nodelim_norole_nocot,parish of Maiorga,,Pl_civil,tp,
qwen3_14b,participants,lusa_19,ext_def_exp_temp0.3_nodelim_norole_nocot,the town of Fervença,,Pl_civil,tp,
qwen3_14b,participants,lusa_19,ext_def_exp_temp0.3_nodelim_norole_nocot,The man,,Per,tp,
qwen3_14b,participants,lusa_19,ext_def_exp_temp0.3_nodelim_norole_nocot,the Judiciary Police,,Org,tp,
qwen3_14b,participants,lusa_19,ext_def_exp_temp0.3_nodelim_norole_nocot,Lusa agency,,Org,tp,
qwen3_14b,participants,lusa_19,ext_def_exp_temp0.3_nodelim_norole_nocot,Lusa,,Org,tp,
qwen3_14b,participants,lusa_19,ext_def_exp_temp0.3_nodelim_norole_nocot,Leiria Judiciary Police,,,fp,
qwen3_14b,participants,lusa_19,ext_def_exp_temp0.3_nodelim_norole_nocot,family member,,,fp,
qwen3_14b,participants,lusa_19,ext_def_exp_temp0.3_nodelim_norole_nocot,municipality of Alcobaça,,,fp,
qwen3_14b,participants,lusa_19,ext_def_exp_temp0.3_nodelim_norole_nocot,GNR,,,fp,
qwen3_14b,participants,lusa_19,ext_def_exp_temp0.3_nodelim_norole_nocot,Legal Medicine service,,,fp,
qwen3_14b,participants,lusa_19,ext_def_exp_temp0.3_nodelim_norole_nocot,Judiciary Police,,,fp,
qwen3_14b,participants,lusa_19,ext_def_exp_temp0.3_nodelim_norole_nocot,75-year-old man,,,fp,
qwen3_14b,participants,lusa_19,ext_def_exp_temp0.3_nodelim_norole_nocot,Caldas da Rainha Territorial Detachment of the GNR,,,fp,
qwen3_14b,participants,lusa_19,ext_def_exp_temp0.3_nodelim_norole_nocot,where,,Pl_civil,fn,
qwen3_14b,participants,lusa_19,ext_def_exp_temp0.3_nodelim_norole_nocot,a family member,,Per,fn,
qwen3_14b,participants,lusa_19,ext_def_exp_temp0.3_nodelim_norole_nocot,the Leiria Judiciary Police,,Org,fn,
qwen3_14b,participants,lusa_19,ext_def_exp_temp0.3_nodelim_norole_nocot,that,,Per,fn,
qwen3_14b,participants,lusa_19,ext_def_exp_temp0.3_nodelim_norole_nocot,the GNR,,Org,fn,
qwen3_14b,participants,lusa_19,ext_def_exp_temp0.3_nodelim_norole_nocot,his feet,,Other,fn,
qwen3_14b,participants,lusa_19,ext_def_exp_temp0.3_nodelim_norole_nocot,The man's body,,Other,fn,
qwen3_14b,participants,lusa_19,ext_def_exp_temp0.3_nodelim_norole_nocot,home,,Fac,fn,
qwen3_14b,participants,lusa_19,ext_def_exp_temp0.3_nodelim_norole_nocot,The GNR,,Org,fn,
qwen3_14b,participants,lusa_19,ext_def_exp_temp0.3_nodelim_norole_nocot,a 75-year-old man,,Per,fn,
qwen3_14b,participants,lusa_19,ext_def_exp_temp0.3_nodelim_norole_nocot,the body,,Other,fn,
qwen3_14b,participants,lusa_19,ext_def_exp_temp0.3_nodelim_norole_nocot,Territorial Detachment,,Org,fn,
qwen3_14b,participants,lusa_19,ext_def_exp_temp0.3_nodelim_norole_nocot,commander,,Per,fn,
qwen3_14b,participants,lusa_19,ext_def_exp_temp0.3_nodelim_norole_nocot,the Legal Medicine service,,Org,fn,
qwen3_14b,participants,lusa_19,ext_def_exp_temp0.3_nodelim_norole_nocot,the Caldas da Rainha Territorial Detachment,,Org,fn,
qwen3_14b,participants,lusa_19,ext_def_exp_temp0.3_nodelim_norole_nocot,the scene,,Fac,fn,
qwen3_14b,participants,lusa_19,ext_def_exp_temp0.3_nodelim_norole_nocot,the municipality of Alcobaça,,Pl_civil,fn,
qwen3_14b,participants,lusa_19,ext_def_exp_temp0.3_nodelim_norole_nocot,Caldas da Rainha,,Pl_civil,fn,
qwen3_14b,participants,lusa_19,ext_def_exp_temp0.3_nodelim_norole_nocot,hands,,Other,fn,
qwen3_14b,participants,lusa_19,ext_def_exp_temp0.3_nodelim_norole_nocot,the Legal Medicine service in Leiria,,Org,fn,
qwen3_14b,participants,lusa_19,ext_def_exp_temp0.3_nodelim_norole_nocot,mothers,,Other,fn,
qwen3_14b,participants,lusa_2,ext_def_exp_temp0.3_nodelim_norole_nocot,PSP,,Org,tp,
qwen3_14b,participants,lusa_2,ext_def_exp_temp0.3_nodelim_norole_nocot,Police Intervention and Surveillance Squadron of the 2nd Division,,Org,tp,
qwen3_14b,participants,lusa_2,ext_def_exp_temp0.3_nodelim_norole_nocot,heroin,,Obj,tp,
qwen3_14b,participants,lusa_2,ext_def_exp_temp0.3_nodelim_norole_nocot,222 euros in cash,,Obj,tp,
qwen3_14b,participants,lusa_2,ext_def_exp_temp0.3_nodelim_norole_nocot,a firearm,,Obj,tp,
qwen3_14b,participants,lusa_2,ext_def_exp_temp0.3_nodelim_norole_nocot,cocaine,,Obj,tp,
qwen3_14b,participants,lusa_2,ext_def_exp_temp0.3_nodelim_norole_nocot,A 20-year-old man,,Per,tp,
qwen3_14b,participants,lusa_2,ext_def_exp_temp0.3_nodelim_norole_nocot,that police force,,Org,tp,
qwen3_14b,participants,lusa_2,ext_def_exp_temp0.3_nodelim_norole_nocot,Pasteleira Nova neighborhood,,Pl_civil,tp,
qwen3_14b,participants,lusa_2,ext_def_exp_temp0.3_nodelim_norole_nocot,the detainee,,Per,tp,
qwen3_14b,participants,lusa_2,ext_def_exp_temp0.3_nodelim_norole_nocot,Porto,,Pl_civil,tp,
qwen3_14b,participants,lusa_2,ext_def_exp_temp0.3_nodelim_norole_nocot,tablet,,,fp,
qwen3_14b,participants,lusa_2,ext_def_exp_temp0.3_nodelim_norole_nocot,speaker,,,fp,
qwen3_14b,participants,lusa_2,ext_def_exp_temp0.3_nodelim_norole_nocot,Porto Metropolitan Command of the PSP,,,fp,
qwen3_14b,participants,lusa_2,ext_def_exp_temp0.3_nodelim_norole_nocot,police force,,,fp,
qwen3_14b,participants,lusa_2,ext_def_exp_temp0.3_nodelim_norole_nocot,four rounds of ammunition,,,fp,
qwen3_14b,participants,lusa_2,ext_def_exp_temp0.3_nodelim_norole_nocot,Judicial Authorities,,,fp,
qwen3_14b,participants,lusa_2,ext_def_exp_temp0.3_nodelim_norole_nocot,the police force,,,fp,
qwen3_14b,participants,lusa_2,ext_def_exp_temp0.3_nodelim_norole_nocot,the unemployed person,,,fp,
qwen3_14b,participants,lusa_2,ext_def_exp_temp0.3_nodelim_norole_nocot,firearm,,,fp,
qwen3_14b,participants,lusa_2,ext_def_exp_temp0.3_nodelim_norole_nocot,Prevention and Immediate Reaction Teams (EPRI),,,fp,
qwen3_14b,participants,lusa_2,ext_def_exp_temp0.3_nodelim_norole_nocot,Wednesday,,Obj,fn,
qwen3_14b,participants,lusa_2,ext_def_exp_temp0.3_nodelim_norole_nocot,"tablet, a speaker",,Obj,fn,
qwen3_14b,participants,lusa_2,ext_def_exp_temp0.3_nodelim_norole_nocot,around 599 individual doses,,Obj,fn,
qwen3_14b,participants,lusa_2,ext_def_exp_temp0.3_nodelim_norole_nocot,EPRI,,Per,fn,
qwen3_14b,participants,lusa_2,ext_def_exp_temp0.3_nodelim_norole_nocot,Prevention and Immediate Reaction Teams,,Per,fn,
qwen3_14b,participants,lusa_2,ext_def_exp_temp0.3_nodelim_norole_nocot,statement,,Obj,fn,
qwen3_14b,participants,lusa_2,ext_def_exp_temp0.3_nodelim_norole_nocot,of ammunition,,Obj,fn,
qwen3_14b,participants,lusa_2,ext_def_exp_temp0.3_nodelim_norole_nocot,around 235 individual doses,,Obj,fn,
qwen3_14b,participants,lusa_2,ext_def_exp_temp0.3_nodelim_norole_nocot,the Porto Metropolitan Command,,Org,fn,
qwen3_14b,participants,lusa_2,ext_def_exp_temp0.3_nodelim_norole_nocot,a speaker,,Obj,fn,
qwen3_14b,participants,lusa_2,ext_def_exp_temp0.3_nodelim_norole_nocot,unemployed,,Per,fn,
qwen3_14b,participants,lusa_2,ext_def_exp_temp0.3_nodelim_norole_nocot,drug,,Obj,fn,
qwen3_14b,participants,lusa_2,ext_def_exp_temp0.3_nodelim_norole_nocot,the PSP,,Org,fn,
qwen3_14b,participants,lusa_2,ext_def_exp_temp0.3_nodelim_norole_nocot,A firearm,,Obj,fn,
qwen3_14b,participants,lusa_21,ext_def_exp_temp0.3_nodelim_norole_nocot,Arcos de Valdevez,,Pl_civil,tp,
qwen3_14b,participants,lusa_21,ext_def_exp_temp0.3_nodelim_norole_nocot,driver,,Per,tp,
qwen3_14b,participants,lusa_21,ext_def_exp_temp0.3_nodelim_norole_nocot,vehicle,,Obj,tp,
qwen3_14b,participants,lusa_21,ext_def_exp_temp0.3_nodelim_norole_nocot,Braga Hospital,,Fac,tp,
qwen3_14b,participants,lusa_21,ext_def_exp_temp0.3_nodelim_norole_nocot,the car,,Per,tp,
qwen3_14b,participants,lusa_21,ext_def_exp_temp0.3_nodelim_norole_nocot,Estrada Nacional 101,,Loc,tp,
qwen3_14b,participants,lusa_21,ext_def_exp_temp0.3_nodelim_norole_nocot,Filipe Guimarães,,Per,tp,
qwen3_14b,participants,lusa_21,ext_def_exp_temp0.3_nodelim_norole_nocot,Lusa,,Org,tp,
qwen3_14b,participants,lusa_21,ext_def_exp_temp0.3_nodelim_norole_nocot,eyewitnesses,,Per,tp,
qwen3_14b,participants,lusa_21,ext_def_exp_temp0.3_nodelim_norole_nocot,local fire commander,,,fp,
qwen3_14b,participants,lusa_21,ext_def_exp_temp0.3_nodelim_norole_nocot,the pole,,,fp,
qwen3_14b,participants,lusa_21,ext_def_exp_temp0.3_nodelim_norole_nocot,the second occupant of the car,,,fp,
qwen3_14b,participants,lusa_21,ext_def_exp_temp0.3_nodelim_norole_nocot,Viana do Castelo Hospital,,,fp,
qwen3_14b,participants,lusa_21,ext_def_exp_temp0.3_nodelim_norole_nocot,the wreckage of the car,,,fp,
qwen3_14b,participants,lusa_21,ext_def_exp_temp0.3_nodelim_norole_nocot,the driver,,,fp,
qwen3_14b,participants,lusa_21,ext_def_exp_temp0.3_nodelim_norole_nocot,the accident,,,fp,
qwen3_14b,participants,lusa_21,ext_def_exp_temp0.3_nodelim_norole_nocot,a 'tunning' [transformed] vehicle,,,fp,
qwen3_14b,participants,lusa_21,ext_def_exp_temp0.3_nodelim_norole_nocot,traffic,,,fp,
qwen3_14b,participants,lusa_21,ext_def_exp_temp0.3_nodelim_norole_nocot,approximately 150 meters before,,Other,fn,
qwen3_14b,participants,lusa_21,ext_def_exp_temp0.3_nodelim_norole_nocot,oil,,Other,fn,
qwen3_14b,participants,lusa_21,ext_def_exp_temp0.3_nodelim_norole_nocot,Braga,,Pl_civil,fn,
qwen3_14b,participants,lusa_21,ext_def_exp_temp0.3_nodelim_norole_nocot,parish of São Paio and Giela,,Loc,fn,
qwen3_14b,participants,lusa_21,ext_def_exp_temp0.3_nodelim_norole_nocot,that,,Per,fn,
qwen3_14b,participants,lusa_21,ext_def_exp_temp0.3_nodelim_norole_nocot,a 'tunning' [transformed],,Obj,fn,
qwen3_14b,participants,lusa_21,ext_def_exp_temp0.3_nodelim_norole_nocot,a vehicle,,Obj,fn,
qwen3_14b,participants,lusa_21,ext_def_exp_temp0.3_nodelim_norole_nocot,car,,Obj,fn,
qwen3_14b,participants,lusa_21,ext_def_exp_temp0.3_nodelim_norole_nocot,wreckage,,Obj,fn,
qwen3_14b,participants,lusa_21,ext_def_exp_temp0.3_nodelim_norole_nocot,two lanes in each direction,,Other,fn,
qwen3_14b,participants,lusa_21,ext_def_exp_temp0.3_nodelim_norole_nocot,the local fire commander,,Per,fn,
qwen3_14b,participants,lusa_21,ext_def_exp_temp0.3_nodelim_norole_nocot,debris,,Obj,fn,
qwen3_14b,participants,lusa_21,ext_def_exp_temp0.3_nodelim_norole_nocot,to Braga Hospital,,Fac,fn,
qwen3_14b,participants,lusa_21,ext_def_exp_temp0.3_nodelim_norole_nocot,local fire,,Org,fn,
qwen3_14b,participants,lusa_21,ext_def_exp_temp0.3_nodelim_norole_nocot,which,,Other,fn,
qwen3_14b,participants,lusa_21,ext_def_exp_temp0.3_nodelim_norole_nocot,a second occupant,,Per,fn,
qwen3_14b,participants,lusa_21,ext_def_exp_temp0.3_nodelim_norole_nocot,to Viana do Castelo Hospital,,Loc,fn,
qwen3_14b,participants,lusa_21,ext_def_exp_temp0.3_nodelim_norole_nocot,road,,Loc,fn,
qwen3_14b,participants,lusa_21,ext_def_exp_temp0.3_nodelim_norole_nocot,a pole,,Obj,fn,
qwen3_14b,participants,lusa_22,ext_def_exp_temp0.3_nodelim_norole_nocot,Paris,,Pl_country,tp,
qwen3_14b,participants,lusa_22,ext_def_exp_temp0.3_nodelim_norole_nocot,Guinea Bissau,,Pl_country,tp,
qwen3_14b,participants,lusa_22,ext_def_exp_temp0.3_nodelim_norole_nocot,the prime minister,,Per,tp,
qwen3_14b,participants,lusa_22,ext_def_exp_temp0.3_nodelim_norole_nocot,São Tomé and Príncipe,,Pl_country,tp,
qwen3_14b,participants,lusa_22,ext_def_exp_temp0.3_nodelim_norole_nocot,French President Emmanuel Macron,,Per,tp,
qwen3_14b,participants,lusa_22,ext_def_exp_temp0.3_nodelim_norole_nocot,the Prime Minister,,Per,tp,
qwen3_14b,participants,lusa_22,ext_def_exp_temp0.3_nodelim_norole_nocot,the French President,,Per,tp,
qwen3_14b,participants,lusa_22,ext_def_exp_temp0.3_nodelim_norole_nocot,The Portuguese Prime Minister,,Per,tp,
qwen3_14b,participants,lusa_22,ext_def_exp_temp0.3_nodelim_norole_nocot,The Prime Minister,,Per,tp,
qwen3_14b,participants,lusa_22,ext_def_exp_temp0.3_nodelim_norole_nocot,Emmanuel Macron,,Per,tp,
qwen3_14b,participants,lusa_22,ext_def_exp_temp0.3_nodelim_norole_nocot,public agenda,,,fp,
qwen3_14b,participants,lusa_22,ext_def_exp_temp0.3_nodelim_norole_nocot,new coronavirus,,,fp,
qwen3_14b,participants,lusa_22,ext_def_exp_temp0.3_nodelim_norole_nocot,health authorities,,,fp,
qwen3_14b,participants,lusa_22,ext_def_exp_temp0.3_nodelim_norole_nocot,António Costa's office,,,fp,
qwen3_14b,participants,lusa_22,ext_def_exp_temp0.3_nodelim_norole_nocot,this trip,,,fp,
qwen3_14b,participants,lusa_22,ext_def_exp_temp0.3_nodelim_norole_nocot,Lusa agency,,,fp,
qwen3_14b,participants,lusa_22,ext_def_exp_temp0.3_nodelim_norole_nocot,He,,,fp,
qwen3_14b,participants,lusa_22,ext_def_exp_temp0.3_nodelim_norole_nocot,Élysée Palace,,,fp,
qwen3_14b,participants,lusa_22,ext_def_exp_temp0.3_nodelim_norole_nocot,the Lusa agency,,Per,fn,
qwen3_14b,participants,lusa_22,ext_def_exp_temp0.3_nodelim_norole_nocot,the Élysée Palace,,Fac,fn,
qwen3_14b,participants,lusa_22,ext_def_exp_temp0.3_nodelim_norole_nocot,Covid-19,,Nat,fn,
qwen3_14b,participants,lusa_22,ext_def_exp_temp0.3_nodelim_norole_nocot,the ,,Org,fn,
qwen3_14b,participants,lusa_22,ext_def_exp_temp0.3_nodelim_norole_nocot,the same statement,,Obj,fn,
qwen3_14b,participants,lusa_22,ext_def_exp_temp0.3_nodelim_norole_nocot,the new coronavirus,,Nat,fn,
qwen3_14b,participants,lusa_22,ext_def_exp_temp0.3_nodelim_norole_nocot,the statement,,Obj,fn,
qwen3_14b,participants,lusa_22,ext_def_exp_temp0.3_nodelim_norole_nocot,the health authorities,,Org,fn,
qwen3_14b,participants,lusa_22,ext_def_exp_temp0.3_nodelim_norole_nocot,whom,,Per,fn,
qwen3_14b,participants,lusa_22,ext_def_exp_temp0.3_nodelim_norole_nocot,involves his,,Per,fn,
qwen3_14b,participants,lusa_22,ext_def_exp_temp0.3_nodelim_norole_nocot,a test,,Obj,fn,
qwen3_14b,participants,lusa_22,ext_def_exp_temp0.3_nodelim_norole_nocot,António Costa,,Per,fn,
qwen3_14b,participants,lusa_23,ext_def_exp_temp0.3_nodelim_norole_nocot,Covid-19,,Nat,tp,
qwen3_14b,participants,lusa_23,ext_def_exp_temp0.3_nodelim_norole_nocot,The leader,,Per,tp,
qwen3_14b,participants,lusa_23,ext_def_exp_temp0.3_nodelim_norole_nocot,private security guards,,Per,tp,
qwen3_14b,participants,lusa_23,ext_def_exp_temp0.3_nodelim_norole_nocot,Andrews,,Per,tp,
qwen3_14b,participants,lusa_23,ext_def_exp_temp0.3_nodelim_norole_nocot,virus,,Nat,tp,
qwen3_14b,participants,lusa_23,ext_def_exp_temp0.3_nodelim_norole_nocot,Police,,Org,tp,
qwen3_14b,participants,lusa_23,ext_def_exp_temp0.3_nodelim_norole_nocot,two hotels,,Fac,tp,
qwen3_14b,participants,lusa_23,ext_def_exp_temp0.3_nodelim_norole_nocot,two quarantine hotels,,Fac,tp,
qwen3_14b,participants,lusa_23,ext_def_exp_temp0.3_nodelim_norole_nocot,the rest of the country,,Pl_civil,tp,
qwen3_14b,participants,lusa_23,ext_def_exp_temp0.3_nodelim_norole_nocot,the investigation report,,Obj,tp,
qwen3_14b,participants,lusa_23,ext_def_exp_temp0.3_nodelim_norole_nocot,Victoria,,Pl_civil,tp,
qwen3_14b,participants,lusa_23,ext_def_exp_temp0.3_nodelim_norole_nocot,the state of Victoria,,Pl_civil,tp,
qwen3_14b,participants,lusa_23,ext_def_exp_temp0.3_nodelim_norole_nocot,Melbourne,,Pl_civil,tp,
qwen3_14b,participants,lusa_23,ext_def_exp_temp0.3_nodelim_norole_nocot,Melbourne airport,,Fac,tp,
qwen3_14b,participants,lusa_23,ext_def_exp_temp0.3_nodelim_norole_nocot,pandemic rulebook,,,fp,
qwen3_14b,participants,lusa_23,ext_def_exp_temp0.3_nodelim_norole_nocot,the Victorian community,,,fp,
qwen3_14b,participants,lusa_23,ext_def_exp_temp0.3_nodelim_norole_nocot,Australia,,,fp,
qwen3_14b,participants,lusa_23,ext_def_exp_temp0.3_nodelim_norole_nocot,Australian deaths,,,fp,
qwen3_14b,participants,lusa_23,ext_def_exp_temp0.3_nodelim_norole_nocot,Victorian Premier,,,fp,
qwen3_14b,participants,lusa_23,ext_def_exp_temp0.3_nodelim_norole_nocot,Australian state of Victoria,,,fp,
qwen3_14b,participants,lusa_23,ext_def_exp_temp0.3_nodelim_norole_nocot,government of Victoria,,,fp,
qwen3_14b,participants,lusa_23,ext_def_exp_temp0.3_nodelim_norole_nocot,international arrivals,,,fp,
qwen3_14b,participants,lusa_23,ext_def_exp_temp0.3_nodelim_norole_nocot,quarantine hotels,,,fp,
qwen3_14b,participants,lusa_23,ext_def_exp_temp0.3_nodelim_norole_nocot,the quarantine system,,,fp,
qwen3_14b,participants,lusa_23,ext_def_exp_temp0.3_nodelim_norole_nocot,the pandemic rulebook,,,fp,
qwen3_14b,participants,lusa_23,ext_def_exp_temp0.3_nodelim_norole_nocot,investigation report,,,fp,
qwen3_14b,participants,lusa_23,ext_def_exp_temp0.3_nodelim_norole_nocot,Melbourne's quarantine hotels,,,fp,
qwen3_14b,participants,lusa_23,ext_def_exp_temp0.3_nodelim_norole_nocot,quarantine system,,,fp,
qwen3_14b,participants,lusa_23,ext_def_exp_temp0.3_nodelim_norole_nocot,Australia's second-largest city,,,fp,
qwen3_14b,participants,lusa_23,ext_def_exp_temp0.3_nodelim_norole_nocot,Victorian Premier Dan Andrews,,,fp,
qwen3_14b,participants,lusa_23,ext_def_exp_temp0.3_nodelim_norole_nocot,", Victorian Premier",,Per,fn,
qwen3_14b,participants,lusa_23,ext_def_exp_temp0.3_nodelim_norole_nocot,a pandemic rulebook,,Obj,fn,
qwen3_14b,participants,lusa_23,ext_def_exp_temp0.3_nodelim_norole_nocot,the government,,Org,fn,
qwen3_14b,participants,lusa_23,ext_def_exp_temp0.3_nodelim_norole_nocot,Dan Andrews,,Per,fn,
qwen3_14b,participants,lusa_23,ext_def_exp_temp0.3_nodelim_norole_nocot,the Australian state of Victoria,,Pl_civil,fn,
qwen3_14b,participants,lusa_23,ext_def_exp_temp0.3_nodelim_norole_nocot,covid-19,,Nat,fn,
qwen3_14b,participants,lusa_23,ext_def_exp_temp0.3_nodelim_norole_nocot,the country,,Pl_civil,fn,
qwen3_14b,participants,lusa_23,ext_def_exp_temp0.3_nodelim_norole_nocot,a wave of infections,,Other,fn,
qwen3_14b,participants,lusa_23,ext_def_exp_temp0.3_nodelim_norole_nocot,to the Victorian community,,Per,fn,
qwen3_14b,participants,lusa_23,ext_def_exp_temp0.3_nodelim_norole_nocot,this ,,Fac,fn,
qwen3_14b,participants,lusa_23,ext_def_exp_temp0.3_nodelim_norole_nocot,hotels,,Fac,fn,
qwen3_14b,participants,lusa_23,ext_def_exp_temp0.3_nodelim_norole_nocot,"second-largest city, while",,Pl_civil,fn,
qwen3_14b,participants,lusa_23,ext_def_exp_temp0.3_nodelim_norole_nocot,airport,,Fac,fn,
qwen3_14b,participants,lusa_23,ext_def_exp_temp0.3_nodelim_norole_nocot,Victorian,,Pl_civil,fn,
qwen3_14b,participants,lusa_23,ext_def_exp_temp0.3_nodelim_norole_nocot,the rest,,Pl_region,fn,
qwen3_14b,participants,lusa_23,ext_def_exp_temp0.3_nodelim_norole_nocot,"of the investigation report, Victorian Premier",,Per,fn,
qwen3_14b,participants,lusa_24,ext_def_exp_temp0.3_nodelim_norole_nocot,Vila Real de Santo António,,Pl_civil,tp,
qwen3_14b,participants,lusa_24,ext_def_exp_temp0.3_nodelim_norole_nocot,Guadiana River,,Pl_water,tp,
qwen3_14b,participants,lusa_24,ext_def_exp_temp0.3_nodelim_norole_nocot,The National Maritime Authority,,Org,tp,
qwen3_14b,participants,lusa_24,ext_def_exp_temp0.3_nodelim_norole_nocot,source,,Per,tp,
qwen3_14b,participants,lusa_24,ext_def_exp_temp0.3_nodelim_norole_nocot,Foz de Odeleite,,Pl_civil,tp,
qwen3_14b,participants,lusa_24,ext_def_exp_temp0.3_nodelim_norole_nocot,two fishermen,,Per,tp,
qwen3_14b,participants,lusa_24,ext_def_exp_temp0.3_nodelim_norole_nocot,National Maritime Authority,,Org,tp,
qwen3_14b,participants,lusa_24,ext_def_exp_temp0.3_nodelim_norole_nocot,the authority,,Org,tp,
qwen3_14b,participants,lusa_24,ext_def_exp_temp0.3_nodelim_norole_nocot,the man of Romanian nationality,,Per,tp,
qwen3_14b,participants,lusa_24,ext_def_exp_temp0.3_nodelim_norole_nocot,Lusa,,Org,tp,
qwen3_14b,participants,lusa_24,ext_def_exp_temp0.3_nodelim_norole_nocot,Vila Real de Santo António Lifeguard Station,,Fac,tp,
qwen3_14b,participants,lusa_24,ext_def_exp_temp0.3_nodelim_norole_nocot,a 48-year-old man,,,fp,
qwen3_14b,participants,lusa_24,ext_def_exp_temp0.3_nodelim_norole_nocot,Castro Marim,,,fp,
qwen3_14b,participants,lusa_24,ext_def_exp_temp0.3_nodelim_norole_nocot,Maritime Police vessel,,,fp,
qwen3_14b,participants,lusa_24,ext_def_exp_temp0.3_nodelim_norole_nocot,Lisbon Maritime Rescue,,,fp,
qwen3_14b,participants,lusa_24,ext_def_exp_temp0.3_nodelim_norole_nocot,The Captain of the Port of Vila Real de Santo António,,,fp,
qwen3_14b,participants,lusa_24,ext_def_exp_temp0.3_nodelim_norole_nocot,Port of Vila Real de Santo António,,,fp,
qwen3_14b,participants,lusa_24,ext_def_exp_temp0.3_nodelim_norole_nocot,Search Coordination Center,,,fp,
qwen3_14b,participants,lusa_24,ext_def_exp_temp0.3_nodelim_norole_nocot,"a 48-year-old man,",,Per,fn,
qwen3_14b,participants,lusa_24,ext_def_exp_temp0.3_nodelim_norole_nocot,the,,Per,fn,
qwen3_14b,participants,lusa_24,ext_def_exp_temp0.3_nodelim_norole_nocot,Maritime Police,,Org,fn,
qwen3_14b,participants,lusa_24,ext_def_exp_temp0.3_nodelim_norole_nocot,pm through the Search Coordination Center,,Org,fn,
qwen3_14b,participants,lusa_24,ext_def_exp_temp0.3_nodelim_norole_nocot,the Port of Vila Real de Santo António,,Fac,fn,
qwen3_14b,participants,lusa_24,ext_def_exp_temp0.3_nodelim_norole_nocot,water,,Pl_water,fn,
qwen3_14b,participants,lusa_24,ext_def_exp_temp0.3_nodelim_norole_nocot,municipality of Castro Marim,,Pl_civil,fn,
qwen3_14b,participants,lusa_24,ext_def_exp_temp0.3_nodelim_norole_nocot,the location,,Pl_civil,fn,
qwen3_14b,participants,lusa_24,ext_def_exp_temp0.3_nodelim_norole_nocot,a vessel,,Obj,fn,
qwen3_14b,participants,lusa_24,ext_def_exp_temp0.3_nodelim_norole_nocot,the Port,,Fac,fn,
qwen3_14b,participants,lusa_24,ext_def_exp_temp0.3_nodelim_norole_nocot,The Captain,,Per,fn,
qwen3_14b,participants,lusa_24,ext_def_exp_temp0.3_nodelim_norole_nocot,that,,Per,fn,
qwen3_14b,participants,lusa_24,ext_def_exp_temp0.3_nodelim_norole_nocot,through the Search Coordination Center,,Org,fn,
qwen3_14b,participants,lusa_24,ext_def_exp_temp0.3_nodelim_norole_nocot,Lifeguard Station,,Fac,fn,
qwen3_14b,participants,lusa_24,ext_def_exp_temp0.3_nodelim_norole_nocot,statement,,Obj,fn,
qwen3_14b,participants,lusa_24,ext_def_exp_temp0.3_nodelim_norole_nocot,Lisbon,,Pl_capital,fn,
qwen3_14b,participants,lusa_25,ext_def_exp_temp0.3_nodelim_norole_nocot,Judiciary Police (PJ),,Org,tp,
qwen3_14b,participants,lusa_25,ext_def_exp_temp0.3_nodelim_norole_nocot,Cometlis,,Org,tp,
qwen3_14b,participants,lusa_25,ext_def_exp_temp0.3_nodelim_norole_nocot,A 17-year-old boy,,Per,tp,
qwen3_14b,participants,lusa_25,ext_def_exp_temp0.3_nodelim_norole_nocot,Amadora,,Pl_civil,tp,
qwen3_14b,participants,lusa_25,ext_def_exp_temp0.3_nodelim_norole_nocot,the Lisbon district,,Pl_civil,tp,
qwen3_14b,participants,lusa_25,ext_def_exp_temp0.3_nodelim_norole_nocot,source,,Per,tp,
qwen3_14b,participants,lusa_25,ext_def_exp_temp0.3_nodelim_norole_nocot,Lusa agency,,Org,tp,
qwen3_14b,participants,lusa_25,ext_def_exp_temp0.3_nodelim_norole_nocot,Lusa,,Org,tp,
qwen3_14b,participants,lusa_25,ext_def_exp_temp0.3_nodelim_norole_nocot,Casal da Mira neighborhood,,Pl_civil,tp,
qwen3_14b,participants,lusa_25,ext_def_exp_temp0.3_nodelim_norole_nocot,A 17-year-old young man,,,fp,
qwen3_14b,participants,lusa_25,ext_def_exp_temp0.3_nodelim_norole_nocot,he,,,fp,
qwen3_14b,participants,lusa_25,ext_def_exp_temp0.3_nodelim_norole_nocot,the case,,,fp,
qwen3_14b,participants,lusa_25,ext_def_exp_temp0.3_nodelim_norole_nocot,Hospital Professor Doutor Fernando Fonseca [Amadora-Sintra],,,fp,
qwen3_14b,participants,lusa_25,ext_def_exp_temp0.3_nodelim_norole_nocot,Lisbon Metropolitan Command,,,fp,
qwen3_14b,participants,lusa_25,ext_def_exp_temp0.3_nodelim_norole_nocot,firearm,,,fp,
qwen3_14b,participants,lusa_25,ext_def_exp_temp0.3_nodelim_norole_nocot,He,,,fp,
qwen3_14b,participants,lusa_25,ext_def_exp_temp0.3_nodelim_norole_nocot,PSP source,,,fp,
qwen3_14b,participants,lusa_25,ext_def_exp_temp0.3_nodelim_norole_nocot,the,,Org,fn,
qwen3_14b,participants,lusa_25,ext_def_exp_temp0.3_nodelim_norole_nocot,A 17-year-old young,,Per,fn,
qwen3_14b,participants,lusa_25,ext_def_exp_temp0.3_nodelim_norole_nocot,Metropolitan Command,,Org,fn,
qwen3_14b,participants,lusa_25,ext_def_exp_temp0.3_nodelim_norole_nocot,or detained,,Per,fn,
qwen3_14b,participants,lusa_25,ext_def_exp_temp0.3_nodelim_norole_nocot,the Hospital Professor Doutor Fernando Fonseca [Amadora-Sintra],,Loc,fn,
qwen3_14b,participants,lusa_25,ext_def_exp_temp0.3_nodelim_norole_nocot,a firearm,,Obj,fn,
qwen3_14b,participants,lusa_25,ext_def_exp_temp0.3_nodelim_norole_nocot,", Cometlis",,Org,fn,
qwen3_14b,participants,lusa_25,ext_def_exp_temp0.3_nodelim_norole_nocot,chest,,Other,fn,
qwen3_14b,participants,lusa_25,ext_def_exp_temp0.3_nodelim_norole_nocot,Lisbon,,Pl_civil,fn,
qwen3_14b,participants,lusa_25,ext_def_exp_temp0.3_nodelim_norole_nocot,the Lisbon Metropolitan Command,,Org,fn,
qwen3_14b,participants,lusa_26,ext_def_exp_temp0.3_nodelim_norole_nocot,Alverca,,Org,tp,
qwen3_14b,participants,lusa_26,ext_def_exp_temp0.3_nodelim_norole_nocot,União de Almeirim,,Org,tp,
qwen3_14b,participants,lusa_26,ext_def_exp_temp0.3_nodelim_norole_nocot,the athlete,,Per,tp,
qwen3_14b,participants,lusa_26,ext_def_exp_temp0.3_nodelim_norole_nocot,Alex Apolinário,,Per,tp,
qwen3_14b,participants,lusa_26,ext_def_exp_temp0.3_nodelim_norole_nocot,Facebook,,Other,tp,
qwen3_14b,participants,lusa_26,ext_def_exp_temp0.3_nodelim_norole_nocot,Alverca Futebol SAD,,Org,tp,
qwen3_14b,participants,lusa_26,ext_def_exp_temp0.3_nodelim_norole_nocot,clubs,,Org,tp,
qwen3_14b,participants,lusa_26,ext_def_exp_temp0.3_nodelim_norole_nocot,SAD Alverquense,,Org,tp,
qwen3_14b,participants,lusa_26,ext_def_exp_temp0.3_nodelim_norole_nocot,athletes,,Per,tp,
qwen3_14b,participants,lusa_26,ext_def_exp_temp0.3_nodelim_norole_nocot,the Portuguese Championship club,,Org,tp,
qwen3_14b,participants,lusa_26,ext_def_exp_temp0.3_nodelim_norole_nocot,institutions,,Org,tp,
qwen3_14b,participants,lusa_26,ext_def_exp_temp0.3_nodelim_norole_nocot,cardiorespiratory arrest,,,fp,
qwen3_14b,participants,lusa_26,ext_def_exp_temp0.3_nodelim_norole_nocot,club's Facebook,,,fp,
qwen3_14b,participants,lusa_26,ext_def_exp_temp0.3_nodelim_norole_nocot,note,,,fp,
qwen3_14b,participants,lusa_26,ext_def_exp_temp0.3_nodelim_norole_nocot,Brazilian footballer,,,fp,
qwen3_14b,participants,lusa_26,ext_def_exp_temp0.3_nodelim_norole_nocot,the club,,,fp,
qwen3_14b,participants,lusa_26,ext_def_exp_temp0.3_nodelim_norole_nocot,fans from all over the world,,,fp,
qwen3_14b,participants,lusa_26,ext_def_exp_temp0.3_nodelim_norole_nocot,clinical staff,,,fp,
qwen3_14b,participants,lusa_26,ext_def_exp_temp0.3_nodelim_norole_nocot,Portuguese Championship club,,,fp,
qwen3_14b,participants,lusa_26,ext_def_exp_temp0.3_nodelim_norole_nocot,the athlete and his family,,,fp,
qwen3_14b,participants,lusa_26,ext_def_exp_temp0.3_nodelim_norole_nocot,Ribatejo residents,,,fp,
qwen3_14b,participants,lusa_26,ext_def_exp_temp0.3_nodelim_norole_nocot,induced coma,,,fp,
qwen3_14b,participants,lusa_26,ext_def_exp_temp0.3_nodelim_norole_nocot,Vila Franca de Xira Hospital,,,fp,
qwen3_14b,participants,lusa_26,ext_def_exp_temp0.3_nodelim_norole_nocot,health professionals,,,fp,
qwen3_14b,participants,lusa_26,ext_def_exp_temp0.3_nodelim_norole_nocot,Portuguese Championship,,,fp,
qwen3_14b,participants,lusa_26,ext_def_exp_temp0.3_nodelim_norole_nocot,the wave of solidarity with the athlete who arrived from the four corners of the world,,,fp,
qwen3_14b,participants,lusa_26,ext_def_exp_temp0.3_nodelim_norole_nocot,the health professionals,,Per,fn,
qwen3_14b,participants,lusa_26,ext_def_exp_temp0.3_nodelim_norole_nocot,the Portuguese Championship,,Other,fn,
qwen3_14b,participants,lusa_26,ext_def_exp_temp0.3_nodelim_norole_nocot,messages,,Other,fn,
qwen3_14b,participants,lusa_26,ext_def_exp_temp0.3_nodelim_norole_nocot,Ribatejo,,Per,fn,
qwen3_14b,participants,lusa_26,ext_def_exp_temp0.3_nodelim_norole_nocot,at Vila Franca de Xira Hospital,,Loc,fn,
qwen3_14b,participants,lusa_26,ext_def_exp_temp0.3_nodelim_norole_nocot,all over the world,,Loc,fn,
qwen3_14b,participants,lusa_26,ext_def_exp_temp0.3_nodelim_norole_nocot,club,,Org,fn,
qwen3_14b,participants,lusa_26,ext_def_exp_temp0.3_nodelim_norole_nocot,his,,Per,fn,
qwen3_14b,participants,lusa_26,ext_def_exp_temp0.3_nodelim_norole_nocot,the same statement,,Obj,fn,
qwen3_14b,participants,lusa_26,ext_def_exp_temp0.3_nodelim_norole_nocot,four corners of the world,,Loc,fn,
qwen3_14b,participants,lusa_26,ext_def_exp_temp0.3_nodelim_norole_nocot,information,,Other,fn,
qwen3_14b,participants,lusa_26,ext_def_exp_temp0.3_nodelim_norole_nocot,joined,,Other,fn,
qwen3_14b,participants,lusa_26,ext_def_exp_temp0.3_nodelim_norole_nocot,the statement,,Obj,fn,
qwen3_14b,participants,lusa_26,ext_def_exp_temp0.3_nodelim_norole_nocot,us,,Org,fn,
qwen3_14b,participants,lusa_26,ext_def_exp_temp0.3_nodelim_norole_nocot,family,,Per,fn,
qwen3_14b,participants,lusa_26,ext_def_exp_temp0.3_nodelim_norole_nocot,fans,,Per,fn,
qwen3_14b,participants,lusa_26,ext_def_exp_temp0.3_nodelim_norole_nocot,Brazilian footballer Alex Apolinário,,Per,fn,
qwen3_14b,participants,lusa_26,ext_def_exp_temp0.3_nodelim_norole_nocot,a note,,Obj,fn,
qwen3_14b,participants,lusa_26,ext_def_exp_temp0.3_nodelim_norole_nocot,athlete,,Per,fn,
qwen3_14b,participants,lusa_26,ext_def_exp_temp0.3_nodelim_norole_nocot,all,,Per,fn,
qwen3_14b,participants,lusa_26,ext_def_exp_temp0.3_nodelim_norole_nocot,who,,Other,fn,
qwen3_14b,participants,lusa_26,ext_def_exp_temp0.3_nodelim_norole_nocot,the clinical staff,,Per,fn,
qwen3_14b,participants,lusa_27,ext_def_exp_temp0.3_nodelim_norole_nocot,Lusa,,Org,tp,
qwen3_14b,participants,lusa_27,ext_def_exp_temp0.3_nodelim_norole_nocot,São João da Talha,,Pl_civil,tp,
qwen3_14b,participants,lusa_27,ext_def_exp_temp0.3_nodelim_norole_nocot,The 12-year-old child,,Per,tp,
qwen3_14b,participants,lusa_27,ext_def_exp_temp0.3_nodelim_norole_nocot,Loures,,Pl_civil,tp,
qwen3_14b,participants,lusa_27,ext_def_exp_temp0.3_nodelim_norole_nocot,GNR,,Org,tp,
qwen3_14b,participants,lusa_27,ext_def_exp_temp0.3_nodelim_norole_nocot,10 vehicles,,Obj,tp,
qwen3_14b,participants,lusa_27,ext_def_exp_temp0.3_nodelim_norole_nocot,source,,Per,tp,
qwen3_14b,participants,lusa_27,ext_def_exp_temp0.3_nodelim_norole_nocot,hospital,,Org,tp,
qwen3_14b,participants,lusa_27,ext_def_exp_temp0.3_nodelim_norole_nocot,22 firefighters,,Per,tp,
qwen3_14b,participants,lusa_27,ext_def_exp_temp0.3_nodelim_norole_nocot,GNR General Command,,Org,tp,
qwen3_14b,participants,lusa_27,ext_def_exp_temp0.3_nodelim_norole_nocot,the police,,Loc,tp,
qwen3_14b,participants,lusa_27,ext_def_exp_temp0.3_nodelim_norole_nocot,the National Institute of Medical Emergency (INEM),,,fp,
qwen3_14b,participants,lusa_27,ext_def_exp_temp0.3_nodelim_norole_nocot,12-year-old child,,,fp,
qwen3_14b,participants,lusa_27,ext_def_exp_temp0.3_nodelim_norole_nocot,vehicles involved in the accident,,,fp,
qwen3_14b,participants,lusa_27,ext_def_exp_temp0.3_nodelim_norole_nocot,a GNR source,,,fp,
qwen3_14b,participants,lusa_27,ext_def_exp_temp0.3_nodelim_norole_nocot,North Motorway,,,fp,
qwen3_14b,participants,lusa_27,ext_def_exp_temp0.3_nodelim_norole_nocot,North,,,fp,
qwen3_14b,participants,lusa_27,ext_def_exp_temp0.3_nodelim_norole_nocot,three cars,,,fp,
qwen3_14b,participants,lusa_27,ext_def_exp_temp0.3_nodelim_norole_nocot,highway,,,fp,
qwen3_14b,participants,lusa_27,ext_def_exp_temp0.3_nodelim_norole_nocot,the side lane,,Other,fn,
qwen3_14b,participants,lusa_27,ext_def_exp_temp0.3_nodelim_norole_nocot,vehicles,,Obj,fn,
qwen3_14b,participants,lusa_27,ext_def_exp_temp0.3_nodelim_norole_nocot,firefighters,,Org,fn,
qwen3_14b,participants,lusa_27,ext_def_exp_temp0.3_nodelim_norole_nocot,kilometer four,,Loc,fn,
qwen3_14b,participants,lusa_27,ext_def_exp_temp0.3_nodelim_norole_nocot,the hospital,,Loc,fn,
qwen3_14b,participants,lusa_27,ext_def_exp_temp0.3_nodelim_norole_nocot,North/South direction,,Other,fn,
qwen3_14b,participants,lusa_27,ext_def_exp_temp0.3_nodelim_norole_nocot,all,,Per,fn,
qwen3_14b,participants,lusa_27,ext_def_exp_temp0.3_nodelim_norole_nocot,four of the North Motorway,,Obj,fn,
qwen3_14b,participants,lusa_27,ext_def_exp_temp0.3_nodelim_norole_nocot,the North Motorway,,Fac,fn,
qwen3_14b,participants,lusa_27,ext_def_exp_temp0.3_nodelim_norole_nocot,one,,Obj,fn,
qwen3_14b,participants,lusa_27,ext_def_exp_temp0.3_nodelim_norole_nocot,the 12-year-old child,,Per,fn,
qwen3_14b,participants,lusa_27,ext_def_exp_temp0.3_nodelim_norole_nocot,that,,Per,fn,
qwen3_14b,participants,lusa_27,ext_def_exp_temp0.3_nodelim_norole_nocot,National Institute of Medical Emergency (INEM),,Org,fn,
qwen3_14b,participants,lusa_27,ext_def_exp_temp0.3_nodelim_norole_nocot,highway in the North,,Fac,fn,
qwen3_14b,participants,lusa_27,ext_def_exp_temp0.3_nodelim_norole_nocot,police,,Org,fn,
qwen3_14b,participants,lusa_27,ext_def_exp_temp0.3_nodelim_norole_nocot,four other injuries,,Per,fn,
qwen3_14b,participants,lusa_28,ext_def_exp_temp0.3_nodelim_norole_nocot,Seville,,Org,tp,
qwen3_14b,participants,lusa_28,ext_def_exp_temp0.3_nodelim_norole_nocot,Abcoude,,Pl_civil,tp,
qwen3_14b,participants,lusa_28,ext_def_exp_temp0.3_nodelim_norole_nocot,Spartak Moscow,,Org,tp,
qwen3_14b,participants,lusa_28,ext_def_exp_temp0.3_nodelim_norole_nocot,police sources,,Per,tp,
qwen3_14b,participants,lusa_28,ext_def_exp_temp0.3_nodelim_norole_nocot,the victim,,Per,tp,
qwen3_14b,participants,lusa_28,ext_def_exp_temp0.3_nodelim_norole_nocot,Dutch media,,Org,tp,
qwen3_14b,participants,lusa_28,ext_def_exp_temp0.3_nodelim_norole_nocot,Promes,,Per,tp,
qwen3_14b,participants,lusa_28,ext_def_exp_temp0.3_nodelim_norole_nocot,that newspaper,,Org,tp,
qwen3_14b,participants,lusa_28,ext_def_exp_temp0.3_nodelim_norole_nocot,the two,,Per,tp,
qwen3_14b,participants,lusa_28,ext_def_exp_temp0.3_nodelim_norole_nocot,Twente,,,fp,
qwen3_14b,participants,lusa_28,ext_def_exp_temp0.3_nodelim_norole_nocot,Utrecht,,,fp,
qwen3_14b,participants,lusa_28,ext_def_exp_temp0.3_nodelim_norole_nocot,province of Utrecht,,,fp,
qwen3_14b,participants,lusa_28,ext_def_exp_temp0.3_nodelim_norole_nocot,Quincy Promes,,,fp,
qwen3_14b,participants,lusa_28,ext_def_exp_temp0.3_nodelim_norole_nocot,The complaint,,,fp,
qwen3_14b,participants,lusa_28,ext_def_exp_temp0.3_nodelim_norole_nocot,a police source,,,fp,
qwen3_14b,participants,lusa_28,ext_def_exp_temp0.3_nodelim_norole_nocot,family member,,,fp,
qwen3_14b,participants,lusa_28,ext_def_exp_temp0.3_nodelim_norole_nocot,an arrest,,,fp,
qwen3_14b,participants,lusa_28,ext_def_exp_temp0.3_nodelim_norole_nocot,those present at the party,,,fp,
qwen3_14b,participants,lusa_28,ext_def_exp_temp0.3_nodelim_norole_nocot,De Telegraaf,,,fp,
qwen3_14b,participants,lusa_28,ext_def_exp_temp0.3_nodelim_norole_nocot,Ajax,,,fp,
qwen3_14b,participants,lusa_28,ext_def_exp_temp0.3_nodelim_norole_nocot,an investigation,,,fp,
qwen3_14b,participants,lusa_28,ext_def_exp_temp0.3_nodelim_norole_nocot,The 28-year-old forward,,,fp,
qwen3_14b,participants,lusa_28,ext_def_exp_temp0.3_nodelim_norole_nocot,the Dutch national team,,,fp,
qwen3_14b,participants,lusa_28,ext_def_exp_temp0.3_nodelim_norole_nocot,warehouse,,,fp,
qwen3_14b,participants,lusa_28,ext_def_exp_temp0.3_nodelim_norole_nocot,a small town,,Pl_civil,fn,
qwen3_14b,participants,lusa_28,ext_def_exp_temp0.3_nodelim_norole_nocot,an Ajax,,Org,fn,
qwen3_14b,participants,lusa_28,ext_def_exp_temp0.3_nodelim_norole_nocot,family member in,,Per,fn,
qwen3_14b,participants,lusa_28,ext_def_exp_temp0.3_nodelim_norole_nocot,the daily De Telegraaf,,Org,fn,
qwen3_14b,participants,lusa_28,ext_def_exp_temp0.3_nodelim_norole_nocot,owned,,Loc,fn,
qwen3_14b,participants,lusa_28,ext_def_exp_temp0.3_nodelim_norole_nocot,the province of Utrecht,,Pl_civil,fn,
qwen3_14b,participants,lusa_28,ext_def_exp_temp0.3_nodelim_norole_nocot,police source,,Per,fn,
qwen3_14b,participants,lusa_28,ext_def_exp_temp0.3_nodelim_norole_nocot,the,,Org,fn,
qwen3_14b,participants,lusa_28,ext_def_exp_temp0.3_nodelim_norole_nocot,seven goals,,Other,fn,
qwen3_14b,participants,lusa_28,ext_def_exp_temp0.3_nodelim_norole_nocot,serious injury,,Other,fn,
qwen3_14b,participants,lusa_28,ext_def_exp_temp0.3_nodelim_norole_nocot,him,,Per,fn,
qwen3_14b,participants,lusa_28,ext_def_exp_temp0.3_nodelim_norole_nocot,The ,,Per,fn,
qwen3_14b,participants,lusa_28,ext_def_exp_temp0.3_nodelim_norole_nocot,a warehouse,,Fac,fn,
qwen3_14b,participants,lusa_28,ext_def_exp_temp0.3_nodelim_norole_nocot,Some,,Per,fn,
qwen3_14b,participants,lusa_28,ext_def_exp_temp0.3_nodelim_norole_nocot,at Twente,,Org,fn,
qwen3_14b,participants,lusa_28,ext_def_exp_temp0.3_nodelim_norole_nocot,footballer,,Per,fn,
qwen3_14b,participants,lusa_28,ext_def_exp_temp0.3_nodelim_norole_nocot,the Netherlands,,Pl_country,fn,
qwen3_14b,participants,lusa_28,ext_def_exp_temp0.3_nodelim_norole_nocot,Dutch international Quincy Promes,,Per,fn,
qwen3_14b,participants,lusa_28,ext_def_exp_temp0.3_nodelim_norole_nocot,the neck,,Other,fn,
qwen3_14b,participants,lusa_28,ext_def_exp_temp0.3_nodelim_norole_nocot,the maximum sentence,,Other,fn,
qwen3_14b,participants,lusa_28,ext_def_exp_temp0.3_nodelim_norole_nocot,the Dutch national,,Org,fn,
qwen3_14b,participants,lusa_29,ext_def_exp_temp0.3_nodelim_norole_nocot,objects,,Obj,tp,
qwen3_14b,participants,lusa_29,ext_def_exp_temp0.3_nodelim_norole_nocot,"the two crew members, aged 24 and 26",,Per,tp,
qwen3_14b,participants,lusa_29,ext_def_exp_temp0.3_nodelim_norole_nocot,two men,,Per,tp,
qwen3_14b,participants,lusa_29,ext_def_exp_temp0.3_nodelim_norole_nocot,785 kilos of hashish,,Obj,tp,
qwen3_14b,participants,lusa_29,ext_def_exp_temp0.3_nodelim_norole_nocot,Olhão (Algarve),,Loc,tp,
qwen3_14b,participants,lusa_29,ext_def_exp_temp0.3_nodelim_norole_nocot,Integrated Surveillance and Command and Control System (SIVICC),,Org,tp,
qwen3_14b,participants,lusa_29,ext_def_exp_temp0.3_nodelim_norole_nocot,fiber vessel,,Obj,tp,
qwen3_14b,participants,lusa_29,ext_def_exp_temp0.3_nodelim_norole_nocot,two vessels,,Obj,tp,
qwen3_14b,participants,lusa_29,ext_def_exp_temp0.3_nodelim_norole_nocot,the vessel,,Obj,tp,
qwen3_14b,participants,lusa_29,ext_def_exp_temp0.3_nodelim_norole_nocot,GNR.,,,fp,
qwen3_14b,participants,lusa_29,ext_def_exp_temp0.3_nodelim_norole_nocot,UCC maritime resources,,,fp,
qwen3_14b,participants,lusa_29,ext_def_exp_temp0.3_nodelim_norole_nocot,National Republican Guard (GNR),,,fp,
qwen3_14b,participants,lusa_29,ext_def_exp_temp0.3_nodelim_norole_nocot,vessels,,,fp,
qwen3_14b,participants,lusa_29,ext_def_exp_temp0.3_nodelim_norole_nocot,bales of hashish,,,fp,
qwen3_14b,participants,lusa_29,ext_def_exp_temp0.3_nodelim_norole_nocot,GNR Coastal Control Unit (UCC),,,fp,
qwen3_14b,participants,lusa_29,ext_def_exp_temp0.3_nodelim_norole_nocot,the vessel that was receiving the narcotic product,,,fp,
qwen3_14b,participants,lusa_29,ext_def_exp_temp0.3_nodelim_norole_nocot,the two crew members,,,fp,
qwen3_14b,participants,lusa_29,ext_def_exp_temp0.3_nodelim_norole_nocot,five meters in length,,,fp,
qwen3_14b,participants,lusa_29,ext_def_exp_temp0.3_nodelim_norole_nocot,the National Republican Guard (GNR),,Org,fn,
qwen3_14b,participants,lusa_29,ext_def_exp_temp0.3_nodelim_norole_nocot,sea,,Nat,fn,
qwen3_14b,participants,lusa_29,ext_def_exp_temp0.3_nodelim_norole_nocot,maritime resources,,Other,fn,
qwen3_14b,participants,lusa_29,ext_def_exp_temp0.3_nodelim_norole_nocot,UCC,,Org,fn,
qwen3_14b,participants,lusa_29,ext_def_exp_temp0.3_nodelim_norole_nocot,785 kilos,,Other,fn,
qwen3_14b,participants,lusa_29,ext_def_exp_temp0.3_nodelim_norole_nocot,statement,,Obj,fn,
qwen3_14b,participants,lusa_29,ext_def_exp_temp0.3_nodelim_norole_nocot,the two vessels,,Obj,fn,
qwen3_14b,participants,lusa_29,ext_def_exp_temp0.3_nodelim_norole_nocot,a total weight,,Other,fn,
qwen3_14b,participants,lusa_29,ext_def_exp_temp0.3_nodelim_norole_nocot,GNR,,Org,fn,
qwen3_14b,participants,lusa_29,ext_def_exp_temp0.3_nodelim_norole_nocot,22 bales of hashish,,Obj,fn,
qwen3_14b,participants,lusa_29,ext_def_exp_temp0.3_nodelim_norole_nocot,the narcotic product,,Obj,fn,
qwen3_14b,participants,lusa_29,ext_def_exp_temp0.3_nodelim_norole_nocot,two million euros,,Other,fn,
qwen3_14b,participants,lusa_29,ext_def_exp_temp0.3_nodelim_norole_nocot,of hashish,,Obj,fn,
qwen3_14b,participants,lusa_29,ext_def_exp_temp0.3_nodelim_norole_nocot,that,,Obj,fn,
qwen3_14b,participants,lusa_29,ext_def_exp_temp0.3_nodelim_norole_nocot,an estimated value,,Other,fn,
qwen3_14b,participants,lusa_29,ext_def_exp_temp0.3_nodelim_norole_nocot,the GNR,,Org,fn,
qwen3_14b,participants,lusa_29,ext_def_exp_temp0.3_nodelim_norole_nocot,The GNR Coastal Control Unit (UCC),,Org,fn,
qwen3_14b,participants,lusa_29,ext_def_exp_temp0.3_nodelim_norole_nocot,vessel,,Obj,fn,
qwen3_14b,participants,lusa_3,ext_def_exp_temp0.3_nodelim_norole_nocot,rubber bullets,,Obj,tp,
qwen3_14b,participants,lusa_3,ext_def_exp_temp0.3_nodelim_norole_nocot,a man,,Per,tp,
qwen3_14b,participants,lusa_3,ext_def_exp_temp0.3_nodelim_norole_nocot,the man,,Per,tp,
qwen3_14b,participants,lusa_3,ext_def_exp_temp0.3_nodelim_norole_nocot,the military,,Per,tp,
qwen3_14b,participants,lusa_3,ext_def_exp_temp0.3_nodelim_norole_nocot,he,,Per,tp,
qwen3_14b,participants,lusa_3,ext_def_exp_temp0.3_nodelim_norole_nocot,Braga,,Pl_civil,tp,
qwen3_14b,participants,lusa_3,ext_def_exp_temp0.3_nodelim_norole_nocot,firearms,,Obj,tp,
qwen3_14b,participants,lusa_3,ext_def_exp_temp0.3_nodelim_norole_nocot,Cabeceiras de Basto,,Pl_civil,tp,
qwen3_14b,participants,lusa_3,ext_def_exp_temp0.3_nodelim_norole_nocot,the operatives,,Per,tp,
qwen3_14b,participants,lusa_3,ext_def_exp_temp0.3_nodelim_norole_nocot,live ammunition,,Obj,tp,
qwen3_14b,participants,lusa_3,ext_def_exp_temp0.3_nodelim_norole_nocot,source,,Per,tp,
qwen3_14b,participants,lusa_3,ext_def_exp_temp0.3_nodelim_norole_nocot,hospital unit,,Fac,tp,
qwen3_14b,participants,lusa_3,ext_def_exp_temp0.3_nodelim_norole_nocot,Lusa agency,,Org,tp,
qwen3_14b,participants,lusa_3,ext_def_exp_temp0.3_nodelim_norole_nocot,The GNR,,Org,tp,
qwen3_14b,participants,lusa_3,ext_def_exp_temp0.3_nodelim_norole_nocot,the detainee,,Per,tp,
qwen3_14b,participants,lusa_3,ext_def_exp_temp0.3_nodelim_norole_nocot,Cabeceiras,,Pl_civil,tp,
qwen3_14b,participants,lusa_3,ext_def_exp_temp0.3_nodelim_norole_nocot,the source,,Per,tp,
qwen3_14b,participants,lusa_3,ext_def_exp_temp0.3_nodelim_norole_nocot,GNR Territorial Command,,,fp,
qwen3_14b,participants,lusa_3,ext_def_exp_temp0.3_nodelim_norole_nocot,investigating judge,,,fp,
qwen3_14b,participants,lusa_3,ext_def_exp_temp0.3_nodelim_norole_nocot,The 52-year-old man,,,fp,
qwen3_14b,participants,lusa_3,ext_def_exp_temp0.3_nodelim_norole_nocot,A source,,,fp,
qwen3_14b,participants,lusa_3,ext_def_exp_temp0.3_nodelim_norole_nocot,a police source,,,fp,
qwen3_14b,participants,lusa_3,ext_def_exp_temp0.3_nodelim_norole_nocot,GNR post in Cabeceiras,,,fp,
qwen3_14b,participants,lusa_3,ext_def_exp_temp0.3_nodelim_norole_nocot,Judiciary Police,,,fp,
qwen3_14b,participants,lusa_3,ext_def_exp_temp0.3_nodelim_norole_nocot,police source,,Per,fn,
qwen3_14b,participants,lusa_3,ext_def_exp_temp0.3_nodelim_norole_nocot,municipality of Cabeceiras de Basto,,Pl_civil,fn,
qwen3_14b,participants,lusa_3,ext_def_exp_temp0.3_nodelim_norole_nocot,details,,Other,fn,
qwen3_14b,participants,lusa_3,ext_def_exp_temp0.3_nodelim_norole_nocot,the legs,,Other,fn,
qwen3_14b,participants,lusa_3,ext_def_exp_temp0.3_nodelim_norole_nocot,the air,,Loc,fn,
qwen3_14b,participants,lusa_3,ext_def_exp_temp0.3_nodelim_norole_nocot,district of Braga,,Pl_civil,fn,
qwen3_14b,participants,lusa_3,ext_def_exp_temp0.3_nodelim_norole_nocot,the causes,,Other,fn,
qwen3_14b,participants,lusa_3,ext_def_exp_temp0.3_nodelim_norole_nocot,minor injuries,,Other,fn,
qwen3_14b,participants,lusa_3,ext_def_exp_temp0.3_nodelim_norole_nocot,the GNR post,,Fac,fn,
qwen3_14b,participants,lusa_3,ext_def_exp_temp0.3_nodelim_norole_nocot,who,,Per,fn,
qwen3_14b,participants,lusa_3,ext_def_exp_temp0.3_nodelim_norole_nocot,The,,Per,fn,
qwen3_14b,participants,lusa_3,ext_def_exp_temp0.3_nodelim_norole_nocot,coercive measures,,Other,fn,
qwen3_14b,participants,lusa_3,ext_def_exp_temp0.3_nodelim_norole_nocot,that,,Per,fn,
qwen3_14b,participants,lusa_3,ext_def_exp_temp0.3_nodelim_norole_nocot,the Judiciary Police,,Org,fn,
qwen3_14b,participants,lusa_3,ext_def_exp_temp0.3_nodelim_norole_nocot,the GNR Territorial Command,,Org,fn,
qwen3_14b,participants,lusa_3,ext_def_exp_temp0.3_nodelim_norole_nocot,the GNR,,Org,fn,
qwen3_14b,participants,lusa_3,ext_def_exp_temp0.3_nodelim_norole_nocot,the parish of Refojos de Basto,,Pl_civil,fn,
qwen3_14b,participants,lusa_3,ext_def_exp_temp0.3_nodelim_norole_nocot,appropriate,,Fac,fn,
qwen3_14b,participants,lusa_31,ext_def_exp_temp0.3_nodelim_norole_nocot,The GNR of Freamunde,,Org,tp,
qwen3_14b,participants,lusa_31,ext_def_exp_temp0.3_nodelim_norole_nocot,The 48-year-old owner,,Per,tp,
qwen3_14b,participants,lusa_31,ext_def_exp_temp0.3_nodelim_norole_nocot,50 people,,Per,tp,
qwen3_14b,participants,lusa_31,ext_def_exp_temp0.3_nodelim_norole_nocot,the establishment,,Org,tp,
qwen3_14b,participants,lusa_31,ext_def_exp_temp0.3_nodelim_norole_nocot,the municipality of Paços de Ferreira,,Pl_civil,tp,
qwen3_14b,participants,lusa_31,ext_def_exp_temp0.3_nodelim_norole_nocot,The military,,Per,tp,
qwen3_14b,participants,lusa_31,ext_def_exp_temp0.3_nodelim_norole_nocot,the authority,,Org,tp,
qwen3_14b,participants,lusa_31,ext_def_exp_temp0.3_nodelim_norole_nocot,live music,,Other,tp,
qwen3_14b,participants,lusa_31,ext_def_exp_temp0.3_nodelim_norole_nocot,Paços de Ferreira,,,fp,
qwen3_14b,participants,lusa_31,ext_def_exp_temp0.3_nodelim_norole_nocot,a restaurant and drinks establishment,,,fp,
qwen3_14b,participants,lusa_31,ext_def_exp_temp0.3_nodelim_norole_nocot,inspection action,,,fp,
qwen3_14b,participants,lusa_31,ext_def_exp_temp0.3_nodelim_norole_nocot,rules relating to the covid-19 pandemic,,,fp,
qwen3_14b,participants,lusa_31,ext_def_exp_temp0.3_nodelim_norole_nocot,covid-19 pandemic,,,fp,
qwen3_14b,participants,lusa_31,ext_def_exp_temp0.3_nodelim_norole_nocot,statement,,,fp,
qwen3_14b,participants,lusa_31,ext_def_exp_temp0.3_nodelim_norole_nocot,and drinks establishment,,Org,fn,
qwen3_14b,participants,lusa_31,ext_def_exp_temp0.3_nodelim_norole_nocot,rules,,Other,fn,
qwen3_14b,participants,lusa_31,ext_def_exp_temp0.3_nodelim_norole_nocot,that location,,Pl_civil,fn,
qwen3_14b,participants,lusa_31,ext_def_exp_temp0.3_nodelim_norole_nocot,a statement,,Obj,fn,
qwen3_14b,participants,lusa_31,ext_def_exp_temp0.3_nodelim_norole_nocot,Freamunde,,Pl_civil,fn,
qwen3_14b,participants,lusa_32,ext_def_exp_temp0.3_nodelim_norole_nocot,Felgueiras,,Pl_civil,tp,
qwen3_14b,participants,lusa_32,ext_def_exp_temp0.3_nodelim_norole_nocot,the military,,Per,tp,
qwen3_14b,participants,lusa_32,ext_def_exp_temp0.3_nodelim_norole_nocot,the victim,,Per,tp,
qwen3_14b,participants,lusa_32,ext_def_exp_temp0.3_nodelim_norole_nocot,two compressed air guns,,Obj,tp,
qwen3_14b,participants,lusa_32,ext_def_exp_temp0.3_nodelim_norole_nocot,a shotgun,,Obj,tp,
qwen3_14b,participants,lusa_32,ext_def_exp_temp0.3_nodelim_norole_nocot,the location,,Per,tp,
qwen3_14b,participants,lusa_32,ext_def_exp_temp0.3_nodelim_norole_nocot,a holster,,Obj,tp,
qwen3_14b,participants,lusa_32,ext_def_exp_temp0.3_nodelim_norole_nocot,a 33-year-old man,,Per,tp,
qwen3_14b,participants,lusa_32,ext_def_exp_temp0.3_nodelim_norole_nocot,a 25-year-old woman,,Per,tp,
qwen3_14b,participants,lusa_32,ext_def_exp_temp0.3_nodelim_norole_nocot,a pistol,,Obj,tp,
qwen3_14b,participants,lusa_32,ext_def_exp_temp0.3_nodelim_norole_nocot,complaint of domestic violence,,,fp,
qwen3_14b,participants,lusa_32,ext_def_exp_temp0.3_nodelim_norole_nocot,GNR,,,fp,
qwen3_14b,participants,lusa_32,ext_def_exp_temp0.3_nodelim_norole_nocot,Felgueiras Judicial Court,,,fp,
qwen3_14b,participants,lusa_32,ext_def_exp_temp0.3_nodelim_norole_nocot,Porto district,,,fp,
qwen3_14b,participants,lusa_32,ext_def_exp_temp0.3_nodelim_norole_nocot,her partner,,,fp,
qwen3_14b,participants,lusa_32,ext_def_exp_temp0.3_nodelim_norole_nocot,The Guard,,,fp,
qwen3_14b,participants,lusa_32,ext_def_exp_temp0.3_nodelim_norole_nocot,where,,Loc,fn,
qwen3_14b,participants,lusa_32,ext_def_exp_temp0.3_nodelim_norole_nocot,the,,Loc,fn,
qwen3_14b,participants,lusa_32,ext_def_exp_temp0.3_nodelim_norole_nocot,the press release,,Obj,fn,
qwen3_14b,participants,lusa_32,ext_def_exp_temp0.3_nodelim_norole_nocot,a 12-gauge shotgun,,Obj,fn,
qwen3_14b,participants,lusa_32,ext_def_exp_temp0.3_nodelim_norole_nocot,the Guard,,Org,fn,
qwen3_14b,participants,lusa_32,ext_def_exp_temp0.3_nodelim_norole_nocot,the Felgueiras Judicial Court,,Org,fn,
qwen3_14b,participants,lusa_32,ext_def_exp_temp0.3_nodelim_norole_nocot,statement,,Obj,fn,
qwen3_14b,participants,lusa_32,ext_def_exp_temp0.3_nodelim_norole_nocot,"the Porto district, as part",,Loc,fn,
qwen3_14b,participants,lusa_32,ext_def_exp_temp0.3_nodelim_norole_nocot,a 6.35mm caliber pistol,,Obj,fn,
qwen3_14b,participants,lusa_32,ext_def_exp_temp0.3_nodelim_norole_nocot,The GNR,,Org,fn,
qwen3_14b,participants,lusa_32,ext_def_exp_temp0.3_nodelim_norole_nocot,the GNR,,Org,fn,
qwen3_14b,participants,lusa_32,ext_def_exp_temp0.3_nodelim_norole_nocot,Judicial Court.,,Org,fn,
qwen3_14b,participants,lusa_32,ext_def_exp_temp0.3_nodelim_norole_nocot,ammunition,,Obj,fn,
qwen3_14b,participants,lusa_33,ext_def_exp_temp0.3_nodelim_norole_nocot,immature cockles,,Nat,tp,
qwen3_14b,participants,lusa_33,ext_def_exp_temp0.3_nodelim_norole_nocot,Valença,,Pl_civil,tp,
qwen3_14b,participants,lusa_33,ext_def_exp_temp0.3_nodelim_norole_nocot,a type of bivalve saltwater mollusk,,Nat,tp,
qwen3_14b,participants,lusa_33,ext_def_exp_temp0.3_nodelim_norole_nocot,cockle,,Nat,tp,
qwen3_14b,participants,lusa_33,ext_def_exp_temp0.3_nodelim_norole_nocot,Matosinhos,,Pl_civil,tp,
qwen3_14b,participants,lusa_33,ext_def_exp_temp0.3_nodelim_norole_nocot,district of Viana do Castelo,,Pl_civil,tp,
qwen3_14b,participants,lusa_33,ext_def_exp_temp0.3_nodelim_norole_nocot,bivalve species,,Nat,tp,
qwen3_14b,participants,lusa_33,ext_def_exp_temp0.3_nodelim_norole_nocot,bivalve molluscs,,Nat,tp,
qwen3_14b,participants,lusa_33,ext_def_exp_temp0.3_nodelim_norole_nocot,fresh fish,,Nat,tp,
qwen3_14b,participants,lusa_33,ext_def_exp_temp0.3_nodelim_norole_nocot,GNR Coastal Control Unit,,,fp,
qwen3_14b,participants,lusa_33,ext_def_exp_temp0.3_nodelim_norole_nocot,Coastal Control Unit (UCC),,,fp,
qwen3_14b,participants,lusa_33,ext_def_exp_temp0.3_nodelim_norole_nocot,administrative offense report,,,fp,
qwen3_14b,participants,lusa_33,ext_def_exp_temp0.3_nodelim_norole_nocot,road inspection action,,,fp,
qwen3_14b,participants,lusa_33,ext_def_exp_temp0.3_nodelim_norole_nocot,police force,,,fp,
qwen3_14b,participants,lusa_33,ext_def_exp_temp0.3_nodelim_norole_nocot,heavy goods vehicle,,,fp,
qwen3_14b,participants,lusa_33,ext_def_exp_temp0.3_nodelim_norole_nocot,GNR,,,fp,
qwen3_14b,participants,lusa_33,ext_def_exp_temp0.3_nodelim_norole_nocot,cockles,,,fp,
qwen3_14b,participants,lusa_33,ext_def_exp_temp0.3_nodelim_norole_nocot,cerastoderma edule,,,fp,
qwen3_14b,participants,lusa_33,ext_def_exp_temp0.3_nodelim_norole_nocot,transport of fresh fish and bivalve molluscs,,,fp,
qwen3_14b,participants,lusa_33,ext_def_exp_temp0.3_nodelim_norole_nocot,the offense,,,fp,
qwen3_14b,participants,lusa_33,ext_def_exp_temp0.3_nodelim_norole_nocot,50-year-old man,,,fp,
qwen3_14b,participants,lusa_33,ext_def_exp_temp0.3_nodelim_norole_nocot,specimens,,Nat,fn,
qwen3_14b,participants,lusa_33,ext_def_exp_temp0.3_nodelim_norole_nocot,"37,400 euros",,Obj,fn,
qwen3_14b,participants,lusa_33,ext_def_exp_temp0.3_nodelim_norole_nocot,"7,400 kilograms of cerastoderma edule",,Nat,fn,
qwen3_14b,participants,lusa_33,ext_def_exp_temp0.3_nodelim_norole_nocot,2.5 centimeters,,Other,fn,
qwen3_14b,participants,lusa_33,ext_def_exp_temp0.3_nodelim_norole_nocot,newsrooms,,Org,fn,
qwen3_14b,participants,lusa_33,ext_def_exp_temp0.3_nodelim_norole_nocot,an estimated total value,,Other,fn,
qwen3_14b,participants,lusa_33,ext_def_exp_temp0.3_nodelim_norole_nocot,that a 50-year-old,,Per,fn,
qwen3_14b,participants,lusa_33,ext_def_exp_temp0.3_nodelim_norole_nocot,the Coastal Control Unit (UCC),,Org,fn,
qwen3_14b,participants,lusa_33,ext_def_exp_temp0.3_nodelim_norole_nocot,the GNR,,Org,fn,
qwen3_14b,participants,lusa_33,ext_def_exp_temp0.3_nodelim_norole_nocot,UCC,,Org,fn,
qwen3_14b,participants,lusa_33,ext_def_exp_temp0.3_nodelim_norole_nocot,the legal measure,,Other,fn,
qwen3_14b,participants,lusa_33,ext_def_exp_temp0.3_nodelim_norole_nocot,that police force,,Org,fn,
qwen3_14b,participants,lusa_33,ext_def_exp_temp0.3_nodelim_norole_nocot,The GNR,,Org,fn,
qwen3_14b,participants,lusa_33,ext_def_exp_temp0.3_nodelim_norole_nocot,statement,,Obj,fn,
qwen3_14b,participants,lusa_33,ext_def_exp_temp0.3_nodelim_norole_nocot,natural habitat,,Loc,fn,
qwen3_14b,participants,lusa_33,ext_def_exp_temp0.3_nodelim_norole_nocot,The GNR Coastal Control Unit,,Org,fn,
qwen3_14b,participants,lusa_33,ext_def_exp_temp0.3_nodelim_norole_nocot,The seized merchandise,,Obj,fn,
qwen3_14b,participants,lusa_33,ext_def_exp_temp0.3_nodelim_norole_nocot,returned ,,Obj,fn,
qwen3_14b,participants,lusa_33,ext_def_exp_temp0.3_nodelim_norole_nocot,"37,500 euros",,Obj,fn,
qwen3_14b,participants,lusa_33,ext_def_exp_temp0.3_nodelim_norole_nocot,seven tons of illegally captured cockles,,Nat,fn,
qwen3_14b,participants,lusa_33,ext_def_exp_temp0.3_nodelim_norole_nocot,A heavy goods vehicle,,Obj,fn,
qwen3_14b,participants,lusa_33,ext_def_exp_temp0.3_nodelim_norole_nocot,maximum fine,,Other,fn,
qwen3_14b,participants,lusa_33,ext_def_exp_temp0.3_nodelim_norole_nocot,the Coastal Control Unit,,Org,fn,
qwen3_14b,participants,lusa_35,ext_def_exp_temp0.3_nodelim_norole_nocot,the military,,Per,tp,
qwen3_14b,participants,lusa_35,ext_def_exp_temp0.3_nodelim_norole_nocot,a scale,,Obj,tp,
qwen3_14b,participants,lusa_35,ext_def_exp_temp0.3_nodelim_norole_nocot,soldiers,,Per,tp,
qwen3_14b,participants,lusa_35,ext_def_exp_temp0.3_nodelim_norole_nocot,a mill,,Obj,tp,
qwen3_14b,participants,lusa_35,ext_def_exp_temp0.3_nodelim_norole_nocot,the security force,,Org,tp,
qwen3_14b,participants,lusa_35,ext_def_exp_temp0.3_nodelim_norole_nocot,cannabis,,Nat,tp,
qwen3_14b,participants,lusa_35,ext_def_exp_temp0.3_nodelim_norole_nocot,Idanha-a-Nova,,Pl_civil,tp,
qwen3_14b,participants,lusa_35,ext_def_exp_temp0.3_nodelim_norole_nocot,The military,,Per,tp,
qwen3_14b,participants,lusa_35,ext_def_exp_temp0.3_nodelim_norole_nocot,the suspect,,Per,tp,
qwen3_14b,participants,lusa_35,ext_def_exp_temp0.3_nodelim_norole_nocot,a 52-year-old man,,Per,tp,
qwen3_14b,participants,lusa_35,ext_def_exp_temp0.3_nodelim_norole_nocot,26 cannabis plants,,Nat,tp,
qwen3_14b,participants,lusa_35,ext_def_exp_temp0.3_nodelim_norole_nocot,2.25 kilos of marijuana,,Obj,tp,
qwen3_14b,participants,lusa_35,ext_def_exp_temp0.3_nodelim_norole_nocot,Castelo Branco,,Pl_civil,tp,
qwen3_14b,participants,lusa_35,ext_def_exp_temp0.3_nodelim_norole_nocot,the 52-year-old man,,Per,tp,
qwen3_14b,participants,lusa_35,ext_def_exp_temp0.3_nodelim_norole_nocot,the note,,Obj,tp,
qwen3_14b,participants,lusa_35,ext_def_exp_temp0.3_nodelim_norole_nocot,agricultural land,,,fp,
qwen3_14b,participants,lusa_35,ext_def_exp_temp0.3_nodelim_norole_nocot,six kilos of cannabis heads,,,fp,
qwen3_14b,participants,lusa_35,ext_def_exp_temp0.3_nodelim_norole_nocot,Criminal Investigation Center (NIC),,,fp,
qwen3_14b,participants,lusa_35,ext_def_exp_temp0.3_nodelim_norole_nocot,GNR,,,fp,
qwen3_14b,participants,lusa_35,ext_def_exp_temp0.3_nodelim_norole_nocot,Castelo Branco Territorial Command,,,fp,
qwen3_14b,participants,lusa_35,ext_def_exp_temp0.3_nodelim_norole_nocot,the detainee,,,fp,
qwen3_14b,participants,lusa_35,ext_def_exp_temp0.3_nodelim_norole_nocot,Idanha-a-Nova Judicial Court,,,fp,
qwen3_14b,participants,lusa_35,ext_def_exp_temp0.3_nodelim_norole_nocot,GNR Territorial Post of Idanha-a-Nova,,,fp,
qwen3_14b,participants,lusa_35,ext_def_exp_temp0.3_nodelim_norole_nocot,the district of Castelo Branco,,Loc,fn,
qwen3_14b,participants,lusa_35,ext_def_exp_temp0.3_nodelim_norole_nocot,from the GNR Territorial Post of,,Org,fn,
qwen3_14b,participants,lusa_35,ext_def_exp_temp0.3_nodelim_norole_nocot,the Criminal Investigation Center (NIC),,Org,fn,
qwen3_14b,participants,lusa_35,ext_def_exp_temp0.3_nodelim_norole_nocot,the Idanha-a-Nova Judicial Court.,,Org,fn,
qwen3_14b,participants,lusa_35,ext_def_exp_temp0.3_nodelim_norole_nocot,"six kilos of cannabis heads, 2.25 kilos of marijuana",,Nat,fn,
qwen3_14b,participants,lusa_35,ext_def_exp_temp0.3_nodelim_norole_nocot,the GNR Territorial Post,,Org,fn,
qwen3_14b,participants,lusa_35,ext_def_exp_temp0.3_nodelim_norole_nocot,The detainee,,Per,fn,
qwen3_14b,participants,lusa_35,ext_def_exp_temp0.3_nodelim_norole_nocot,statement,,Obj,fn,
qwen3_14b,participants,lusa_35,ext_def_exp_temp0.3_nodelim_norole_nocot,on agricultural land,,Loc,fn,
qwen3_14b,participants,lusa_35,ext_def_exp_temp0.3_nodelim_norole_nocot,the GNR,,Org,fn,
qwen3_14b,participants,lusa_35,ext_def_exp_temp0.3_nodelim_norole_nocot,cultivation,,Obj,fn,
qwen3_14b,participants,lusa_35,ext_def_exp_temp0.3_nodelim_norole_nocot,the Criminal Investigation Center (NIC) of Idanha-a-Nova,,Org,fn,
qwen3_14b,participants,lusa_35,ext_def_exp_temp0.3_nodelim_norole_nocot,The GNR,,Org,fn,
qwen3_14b,participants,lusa_35,ext_def_exp_temp0.3_nodelim_norole_nocot,the Castelo Branco Territorial Command,,Org,fn,
qwen3_14b,participants,lusa_35,ext_def_exp_temp0.3_nodelim_norole_nocot,Judicial Court.,,Org,fn,
qwen3_14b,participants,lusa_36,ext_def_exp_temp0.3_nodelim_norole_nocot,GNR,,Org,tp,
qwen3_14b,participants,lusa_36,ext_def_exp_temp0.3_nodelim_norole_nocot,European eels,,Nat,tp,
qwen3_14b,participants,lusa_36,ext_def_exp_temp0.3_nodelim_norole_nocot,"2,765 euros",,Obj,tp,
qwen3_14b,participants,lusa_36,ext_def_exp_temp0.3_nodelim_norole_nocot,the Guard's soldiers,,,fp,
qwen3_14b,participants,lusa_36,ext_def_exp_temp0.3_nodelim_norole_nocot,crustaceans,,,fp,
qwen3_14b,participants,lusa_36,ext_def_exp_temp0.3_nodelim_norole_nocot,natural environment,,,fp,
qwen3_14b,participants,lusa_36,ext_def_exp_temp0.3_nodelim_norole_nocot,GNR Coastal Control Unit (UCC),,,fp,
qwen3_14b,participants,lusa_36,ext_def_exp_temp0.3_nodelim_norole_nocot,Convention on International Trade in Endangered Species of Wild Fauna and Flora,,,fp,
qwen3_14b,participants,lusa_36,ext_def_exp_temp0.3_nodelim_norole_nocot,European eel,,,fp,
qwen3_14b,participants,lusa_36,ext_def_exp_temp0.3_nodelim_norole_nocot,fishponds,,,fp,
qwen3_14b,participants,lusa_36,ext_def_exp_temp0.3_nodelim_norole_nocot,illegal nurseries,,,fp,
qwen3_14b,participants,lusa_36,ext_def_exp_temp0.3_nodelim_norole_nocot,Aveiro estuary,,,fp,
qwen3_14b,participants,lusa_36,ext_def_exp_temp0.3_nodelim_norole_nocot,20 kilos of European eel,,Nat,fn,
qwen3_14b,participants,lusa_36,ext_def_exp_temp0.3_nodelim_norole_nocot,Convention on International Trade in Endangered Species of Wild Fauna and Flora.,,Org,fn,
qwen3_14b,participants,lusa_36,ext_def_exp_temp0.3_nodelim_norole_nocot,an endangered species,,Nat,fn,
qwen3_14b,participants,lusa_36,ext_def_exp_temp0.3_nodelim_norole_nocot,nine illegal nurseries,,Nat,fn,
qwen3_14b,participants,lusa_36,ext_def_exp_temp0.3_nodelim_norole_nocot,205 kilos of crustaceans,,Nat,fn,
qwen3_14b,participants,lusa_36,ext_def_exp_temp0.3_nodelim_norole_nocot,the natural environment,,Nat,fn,
qwen3_14b,participants,lusa_36,ext_def_exp_temp0.3_nodelim_norole_nocot,the respective nurseries,,Nat,fn,
qwen3_14b,participants,lusa_36,ext_def_exp_temp0.3_nodelim_norole_nocot,that,,Nat,fn,
qwen3_14b,participants,lusa_36,ext_def_exp_temp0.3_nodelim_norole_nocot,the GNR,,Org,fn,
qwen3_14b,participants,lusa_36,ext_def_exp_temp0.3_nodelim_norole_nocot,various crustaceans,,Nat,fn,
qwen3_14b,participants,lusa_36,ext_def_exp_temp0.3_nodelim_norole_nocot,soldiers,,Per,fn,
qwen3_14b,participants,lusa_36,ext_def_exp_temp0.3_nodelim_norole_nocot,UCC,,Org,fn,
qwen3_14b,participants,lusa_36,ext_def_exp_temp0.3_nodelim_norole_nocot,clarifies that the,,Nat,fn,
qwen3_14b,participants,lusa_36,ext_def_exp_temp0.3_nodelim_norole_nocot,Guard,,Org,fn,
qwen3_14b,participants,lusa_36,ext_def_exp_temp0.3_nodelim_norole_nocot,that military force,,Org,fn,
qwen3_14b,participants,lusa_36,ext_def_exp_temp0.3_nodelim_norole_nocot,statement,,Obj,fn,
qwen3_14b,participants,lusa_36,ext_def_exp_temp0.3_nodelim_norole_nocot,the,,Pl_water,fn,
qwen3_14b,participants,lusa_36,ext_def_exp_temp0.3_nodelim_norole_nocot,The crustaceans,,Nat,fn,
qwen3_14b,participants,lusa_36,ext_def_exp_temp0.3_nodelim_norole_nocot,The GNR Coastal Control Unit,,Org,fn,
qwen3_14b,participants,lusa_36,ext_def_exp_temp0.3_nodelim_norole_nocot,fish,,Nat,fn,
qwen3_14b,participants,lusa_36,ext_def_exp_temp0.3_nodelim_norole_nocot,its,,Nat,fn,
qwen3_14b,participants,lusa_36,ext_def_exp_temp0.3_nodelim_norole_nocot,the same note,,Obj,fn,
qwen3_14b,participants,lusa_36,ext_def_exp_temp0.3_nodelim_norole_nocot,Aveiro,,Pl_civil,fn,
qwen3_14b,participants,lusa_36,ext_def_exp_temp0.3_nodelim_norole_nocot,the rules,,Other,fn,
qwen3_14b,participants,lusa_36,ext_def_exp_temp0.3_nodelim_norole_nocot,a maximum fine of 60 thousand euros,,Other,fn,
qwen3_14b,participants,lusa_36,ext_def_exp_temp0.3_nodelim_norole_nocot,type of crops,,Nat,fn,
qwen3_14b,participants,lusa_36,ext_def_exp_temp0.3_nodelim_norole_nocot,the Aveiro estuary,,Pl_water,fn,
qwen3_14b,participants,lusa_36,ext_def_exp_temp0.3_nodelim_norole_nocot,inland waters,,Pl_water,fn,
qwen3_14b,participants,lusa_37,ext_def_exp_temp0.3_nodelim_norole_nocot,Caria,,Pl_civil,tp,
qwen3_14b,participants,lusa_37,ext_def_exp_temp0.3_nodelim_norole_nocot,Belmonte,,Pl_civil,tp,
qwen3_14b,participants,lusa_37,ext_def_exp_temp0.3_nodelim_norole_nocot,a 47-year-old man,,Per,tp,
qwen3_14b,participants,lusa_37,ext_def_exp_temp0.3_nodelim_norole_nocot,the suspect,,Per,tp,
qwen3_14b,participants,lusa_37,ext_def_exp_temp0.3_nodelim_norole_nocot,Lusa agency,,Org,tp,
qwen3_14b,participants,lusa_37,ext_def_exp_temp0.3_nodelim_norole_nocot,firearms,,Obj,tp,
qwen3_14b,participants,lusa_37,ext_def_exp_temp0.3_nodelim_norole_nocot,GNR Territorial Command of Castelo Branco,,,fp,
qwen3_14b,participants,lusa_37,ext_def_exp_temp0.3_nodelim_norole_nocot,Military,,,fp,
qwen3_14b,participants,lusa_37,ext_def_exp_temp0.3_nodelim_norole_nocot,domestic violence,,,fp,
qwen3_14b,participants,lusa_37,ext_def_exp_temp0.3_nodelim_norole_nocot,note,,,fp,
qwen3_14b,participants,lusa_37,ext_def_exp_temp0.3_nodelim_norole_nocot,his ex-partner,,,fp,
qwen3_14b,participants,lusa_37,ext_def_exp_temp0.3_nodelim_norole_nocot,the victim,,,fp,
qwen3_14b,participants,lusa_37,ext_def_exp_temp0.3_nodelim_norole_nocot,Covilhã Judicial Court,,,fp,
qwen3_14b,participants,lusa_37,ext_def_exp_temp0.3_nodelim_norole_nocot,municipality of Belmonte,,,fp,
qwen3_14b,participants,lusa_37,ext_def_exp_temp0.3_nodelim_norole_nocot,GNR,,,fp,
qwen3_14b,participants,lusa_37,ext_def_exp_temp0.3_nodelim_norole_nocot,firearm,,,fp,
qwen3_14b,participants,lusa_37,ext_def_exp_temp0.3_nodelim_norole_nocot,"his ex-partner, aged 33",,,fp,
qwen3_14b,participants,lusa_37,ext_def_exp_temp0.3_nodelim_norole_nocot,the military,,Per,fn,
qwen3_14b,participants,lusa_37,ext_def_exp_temp0.3_nodelim_norole_nocot,various ammunition of different calibers,,Obj,fn,
qwen3_14b,participants,lusa_37,ext_def_exp_temp0.3_nodelim_norole_nocot,posts,,Org,fn,
qwen3_14b,participants,lusa_37,ext_def_exp_temp0.3_nodelim_norole_nocot,ex-partner,,Per,fn,
qwen3_14b,participants,lusa_37,ext_def_exp_temp0.3_nodelim_norole_nocot,the GNR Territorial Command of Castelo Branco,,Org,fn,
qwen3_14b,participants,lusa_37,ext_def_exp_temp0.3_nodelim_norole_nocot,The suspect,,Per,fn,
qwen3_14b,participants,lusa_37,ext_def_exp_temp0.3_nodelim_norole_nocot,victim,,Per,fn,
qwen3_14b,participants,lusa_37,ext_def_exp_temp0.3_nodelim_norole_nocot,the municipality of Belmonte,,Loc,fn,
qwen3_14b,participants,lusa_37,ext_def_exp_temp0.3_nodelim_norole_nocot,the GNR,,Org,fn,
qwen3_14b,participants,lusa_37,ext_def_exp_temp0.3_nodelim_norole_nocot,a compressed air,,Obj,fn,
qwen3_14b,participants,lusa_37,ext_def_exp_temp0.3_nodelim_norole_nocot,his,,Per,fn,
qwen3_14b,participants,lusa_37,ext_def_exp_temp0.3_nodelim_norole_nocot,Castelo Branco,,Pl_civil,fn,
qwen3_14b,participants,lusa_37,ext_def_exp_temp0.3_nodelim_norole_nocot,statement,,Obj,fn,
qwen3_14b,participants,lusa_37,ext_def_exp_temp0.3_nodelim_norole_nocot,The GNR,,Org,fn,
qwen3_14b,participants,lusa_37,ext_def_exp_temp0.3_nodelim_norole_nocot,"ex-partner, aged 33",,Per,fn,
qwen3_14b,participants,lusa_37,ext_def_exp_temp0.3_nodelim_norole_nocot,a spring-loaded knife,,Per,fn,
qwen3_14b,participants,lusa_37,ext_def_exp_temp0.3_nodelim_norole_nocot,alcohol,,Other,fn,
qwen3_14b,participants,lusa_37,ext_def_exp_temp0.3_nodelim_norole_nocot,three compressed air rifles,,Obj,fn,
qwen3_14b,participants,lusa_37,ext_def_exp_temp0.3_nodelim_norole_nocot,Covilhã,,Pl_civil,fn,
qwen3_14b,participants,lusa_37,ext_def_exp_temp0.3_nodelim_norole_nocot,a shotgun,,Obj,fn,
qwen3_14b,participants,lusa_37,ext_def_exp_temp0.3_nodelim_norole_nocot,a firearm,,Obj,fn,
qwen3_14b,participants,lusa_37,ext_def_exp_temp0.3_nodelim_norole_nocot,the Covilhã Judicial Court,,Org,fn,
qwen3_14b,participants,lusa_37,ext_def_exp_temp0.3_nodelim_norole_nocot,the GNR Territorial Command,,Org,fn,
qwen3_14b,participants,lusa_37,ext_def_exp_temp0.3_nodelim_norole_nocot,a reproduction firearm,,Obj,fn,
qwen3_14b,participants,lusa_37,ext_def_exp_temp0.3_nodelim_norole_nocot,the note,,Obj,fn,
qwen3_14b,participants,lusa_39,ext_def_exp_temp0.3_nodelim_norole_nocot,the other,,Per,tp,
qwen3_14b,participants,lusa_39,ext_def_exp_temp0.3_nodelim_norole_nocot,district of Aveiro,,Loc,tp,
qwen3_14b,participants,lusa_39,ext_def_exp_temp0.3_nodelim_norole_nocot,the man,,Per,tp,
qwen3_14b,participants,lusa_39,ext_def_exp_temp0.3_nodelim_norole_nocot,those involved,,Per,tp,
qwen3_14b,participants,lusa_39,ext_def_exp_temp0.3_nodelim_norole_nocot,GNR,,Org,tp,
qwen3_14b,participants,lusa_39,ext_def_exp_temp0.3_nodelim_norole_nocot,robbers,,Per,tp,
qwen3_14b,participants,lusa_39,ext_def_exp_temp0.3_nodelim_norole_nocot,Milheirós de Poiares,,Loc,tp,
qwen3_14b,participants,lusa_39,ext_def_exp_temp0.3_nodelim_norole_nocot,Two men,,Per,tp,
qwen3_14b,participants,lusa_39,ext_def_exp_temp0.3_nodelim_norole_nocot,authorities,,Org,tp,
qwen3_14b,participants,lusa_39,ext_def_exp_temp0.3_nodelim_norole_nocot,that police force,,Org,tp,
qwen3_14b,participants,lusa_39,ext_def_exp_temp0.3_nodelim_norole_nocot,official GNR source,,Per,tp,
qwen3_14b,participants,lusa_39,ext_def_exp_temp0.3_nodelim_norole_nocot,Santa Maria da Feria,,Loc,tp,
qwen3_14b,participants,lusa_39,ext_def_exp_temp0.3_nodelim_norole_nocot,the territorial device of the GNR,,,fp,
qwen3_14b,participants,lusa_39,ext_def_exp_temp0.3_nodelim_norole_nocot,They,,,fp,
qwen3_14b,participants,lusa_39,ext_def_exp_temp0.3_nodelim_norole_nocot,cash register,,,fp,
qwen3_14b,participants,lusa_39,ext_def_exp_temp0.3_nodelim_norole_nocot,confectionery shop,,,fp,
qwen3_14b,participants,lusa_39,ext_def_exp_temp0.3_nodelim_norole_nocot,a confectionery shop,,,fp,
qwen3_14b,participants,lusa_39,ext_def_exp_temp0.3_nodelim_norole_nocot,the Intervention Detachment of that police force,,,fp,
qwen3_14b,participants,lusa_39,ext_def_exp_temp0.3_nodelim_norole_nocot,source,,,fp,
qwen3_14b,participants,lusa_39,ext_def_exp_temp0.3_nodelim_norole_nocot,one of the robbers,,,fp,
qwen3_14b,participants,lusa_39,ext_def_exp_temp0.3_nodelim_norole_nocot,municipality of Santa Maria da Feira,,,fp,
qwen3_14b,participants,lusa_39,ext_def_exp_temp0.3_nodelim_norole_nocot,amount of money,,,fp,
qwen3_14b,participants,lusa_39,ext_def_exp_temp0.3_nodelim_norole_nocot,the cash register,,Obj,fn,
qwen3_14b,participants,lusa_39,ext_def_exp_temp0.3_nodelim_norole_nocot,confectionery,,Org,fn,
qwen3_14b,participants,lusa_39,ext_def_exp_temp0.3_nodelim_norole_nocot,a confectionery,,Org,fn,
qwen3_14b,participants,lusa_39,ext_def_exp_temp0.3_nodelim_norole_nocot,faces,,Other,fn,
qwen3_14b,participants,lusa_39,ext_def_exp_temp0.3_nodelim_norole_nocot,an amount of money,,Other,fn,
qwen3_14b,participants,lusa_39,ext_def_exp_temp0.3_nodelim_norole_nocot,the municipality of Santa Maria da Feira,,Pl_civil,fn,
qwen3_14b,participants,lusa_39,ext_def_exp_temp0.3_nodelim_norole_nocot,One,,Per,fn,
qwen3_14b,participants,lusa_39,ext_def_exp_temp0.3_nodelim_norole_nocot,one,,Per,fn,
qwen3_14b,participants,lusa_39,ext_def_exp_temp0.3_nodelim_norole_nocot,two involved,,Per,fn,
qwen3_14b,participants,lusa_39,ext_def_exp_temp0.3_nodelim_norole_nocot,the Intervention Detachment,,Org,fn,
qwen3_14b,participants,lusa_39,ext_def_exp_temp0.3_nodelim_norole_nocot,the GNR,,Org,fn,
qwen3_14b,participants,lusa_39,ext_def_exp_temp0.3_nodelim_norole_nocot,the source,,Per,fn,
qwen3_14b,participants,lusa_39,ext_def_exp_temp0.3_nodelim_norole_nocot,resources,,Other,fn,
qwen3_14b,participants,lusa_39,ext_def_exp_temp0.3_nodelim_norole_nocot,the territorial device,,Org,fn,
qwen3_14b,participants,lusa_40,ext_def_exp_temp0.3_nodelim_norole_nocot,Judiciary Police (PJ),,Org,tp,
qwen3_14b,participants,lusa_40,ext_def_exp_temp0.3_nodelim_norole_nocot,"Integrated Surveillance, Command and Control System (SIVICC)",,Org,tp,
qwen3_14b,participants,lusa_40,ext_def_exp_temp0.3_nodelim_norole_nocot,Spanish territory,,Pl_region,tp,
qwen3_14b,participants,lusa_40,ext_def_exp_temp0.3_nodelim_norole_nocot,GNR,,Org,tp,
qwen3_14b,participants,lusa_40,ext_def_exp_temp0.3_nodelim_norole_nocot,Foz de Odeleite,,Loc,tp,
qwen3_14b,participants,lusa_40,ext_def_exp_temp0.3_nodelim_norole_nocot,the vessel,,Obj,tp,
qwen3_14b,participants,lusa_40,ext_def_exp_temp0.3_nodelim_norole_nocot,The Coastal Control Unit,,Org,tp,
qwen3_14b,participants,lusa_40,ext_def_exp_temp0.3_nodelim_norole_nocot,four tons of hashish,,Obj,tp,
qwen3_14b,participants,lusa_40,ext_def_exp_temp0.3_nodelim_norole_nocot,GNR soldiers,,,fp,
qwen3_14b,participants,lusa_40,ext_def_exp_temp0.3_nodelim_norole_nocot,note,,,fp,
qwen3_14b,participants,lusa_40,ext_def_exp_temp0.3_nodelim_norole_nocot,Algarve,,,fp,
qwen3_14b,participants,lusa_40,ext_def_exp_temp0.3_nodelim_norole_nocot,suspects,,,fp,
qwen3_14b,participants,lusa_40,ext_def_exp_temp0.3_nodelim_norole_nocot,high-speed vessel,,,fp,
qwen3_14b,participants,lusa_40,ext_def_exp_temp0.3_nodelim_norole_nocot,115 bales of hashish,,,fp,
qwen3_14b,participants,lusa_40,ext_def_exp_temp0.3_nodelim_norole_nocot,Guadiana River,,,fp,
qwen3_14b,participants,lusa_40,ext_def_exp_temp0.3_nodelim_norole_nocot,Spanish police authorities,,,fp,
qwen3_14b,participants,lusa_40,ext_def_exp_temp0.3_nodelim_norole_nocot,The GNR soldiers,,Per,fn,
qwen3_14b,participants,lusa_40,ext_def_exp_temp0.3_nodelim_norole_nocot,the Algarve,,Loc,fn,
qwen3_14b,participants,lusa_40,ext_def_exp_temp0.3_nodelim_norole_nocot,the Guadiana River,,Pl_water,fn,
qwen3_14b,participants,lusa_40,ext_def_exp_temp0.3_nodelim_norole_nocot,coastal,,Nat,fn,
qwen3_14b,participants,lusa_40,ext_def_exp_temp0.3_nodelim_norole_nocot,the mouth of the Guadiana River,,Pl_water,fn,
qwen3_14b,participants,lusa_40,ext_def_exp_temp0.3_nodelim_norole_nocot,statement,,Obj,fn,
qwen3_14b,participants,lusa_40,ext_def_exp_temp0.3_nodelim_norole_nocot,the suspects,,Per,fn,
qwen3_14b,participants,lusa_40,ext_def_exp_temp0.3_nodelim_norole_nocot,the GNR,,Org,fn,
qwen3_14b,participants,lusa_40,ext_def_exp_temp0.3_nodelim_norole_nocot,"115 bales of hashish weighing 3,785 kilos",,Obj,fn,
qwen3_14b,participants,lusa_40,ext_def_exp_temp0.3_nodelim_norole_nocot,hashish and a high-speed,,Obj,fn,
qwen3_14b,participants,lusa_40,ext_def_exp_temp0.3_nodelim_norole_nocot,a high-speed vessel,,Obj,fn,
qwen3_14b,participants,lusa_40,ext_def_exp_temp0.3_nodelim_norole_nocot,the Spanish police authorities,,Org,fn,
qwen3_14b,participants,lusa_40,ext_def_exp_temp0.3_nodelim_norole_nocot,the note,,Obj,fn,
qwen3_14b,participants,lusa_41,ext_def_exp_temp0.3_nodelim_norole_nocot,the municipality of Maia,,Loc,tp,
qwen3_14b,participants,lusa_41,ext_def_exp_temp0.3_nodelim_norole_nocot,the victim,,Per,tp,
qwen3_14b,participants,lusa_41,ext_def_exp_temp0.3_nodelim_norole_nocot,the district of Porto,,Loc,tp,
qwen3_14b,participants,lusa_41,ext_def_exp_temp0.3_nodelim_norole_nocot,the aggressor,,Per,tp,
qwen3_14b,participants,lusa_41,ext_def_exp_temp0.3_nodelim_norole_nocot,The detainee,,Per,tp,
qwen3_14b,participants,lusa_41,ext_def_exp_temp0.3_nodelim_norole_nocot,GNR,,Org,tp,
qwen3_14b,participants,lusa_41,ext_def_exp_temp0.3_nodelim_norole_nocot,GNR soldiers,,,fp,
qwen3_14b,participants,lusa_41,ext_def_exp_temp0.3_nodelim_norole_nocot,Maia Territorial Post,,,fp,
qwen3_14b,participants,lusa_41,ext_def_exp_temp0.3_nodelim_norole_nocot,a 59-year-old man,,,fp,
qwen3_14b,participants,lusa_41,ext_def_exp_temp0.3_nodelim_norole_nocot,his 89-year-old father,,,fp,
qwen3_14b,participants,lusa_41,ext_def_exp_temp0.3_nodelim_norole_nocot,Matosinhos Criminal Instruction Court,,,fp,
qwen3_14b,participants,lusa_41,ext_def_exp_temp0.3_nodelim_norole_nocot,the elderly person,,,fp,
qwen3_14b,participants,lusa_41,ext_def_exp_temp0.3_nodelim_norole_nocot,the district,,Pl_region,fn,
qwen3_14b,participants,lusa_41,ext_def_exp_temp0.3_nodelim_norole_nocot,the GNR,,Org,fn,
qwen3_14b,participants,lusa_41,ext_def_exp_temp0.3_nodelim_norole_nocot,money,,Obj,fn,
qwen3_14b,participants,lusa_41,ext_def_exp_temp0.3_nodelim_norole_nocot,of a 59-year-old,,Per,fn,
qwen3_14b,participants,lusa_41,ext_def_exp_temp0.3_nodelim_norole_nocot,soldiers,,Per,fn,
qwen3_14b,participants,lusa_41,ext_def_exp_temp0.3_nodelim_norole_nocot,prison,,Loc,fn,
qwen3_14b,participants,lusa_41,ext_def_exp_temp0.3_nodelim_norole_nocot,the Matosinhos Criminal Instruction Court,,Org,fn,
qwen3_14b,participants,lusa_41,ext_def_exp_temp0.3_nodelim_norole_nocot,"89-year-old father ,",,Per,fn,
qwen3_14b,participants,lusa_41,ext_def_exp_temp0.3_nodelim_norole_nocot,"89-year-old father,",,Per,fn,
qwen3_14b,participants,lusa_41,ext_def_exp_temp0.3_nodelim_norole_nocot,his,,Per,fn,
qwen3_14b,participants,lusa_41,ext_def_exp_temp0.3_nodelim_norole_nocot,statement,,Obj,fn,
qwen3_14b,participants,lusa_41,ext_def_exp_temp0.3_nodelim_norole_nocot,The GNR,,Org,fn,
qwen3_14b,participants,lusa_41,ext_def_exp_temp0.3_nodelim_norole_nocot,insulted,,Obj,fn,
qwen3_14b,participants,lusa_41,ext_def_exp_temp0.3_nodelim_norole_nocot,the,,Pl_civil,fn,
qwen3_14b,participants,lusa_41,ext_def_exp_temp0.3_nodelim_norole_nocot,Matosinhos,,Pl_civil,fn,
qwen3_14b,participants,lusa_41,ext_def_exp_temp0.3_nodelim_norole_nocot,measures,,Other,fn,
qwen3_14b,participants,lusa_41,ext_def_exp_temp0.3_nodelim_norole_nocot,the Maia Territorial Post,,Org,fn,
qwen3_14b,participants,lusa_41,ext_def_exp_temp0.3_nodelim_norole_nocot,him,,Per,fn,
qwen3_14b,participants,lusa_41,ext_def_exp_temp0.3_nodelim_norole_nocot,Maia,,Pl_civil,fn,
qwen3_14b,participants,lusa_41,ext_def_exp_temp0.3_nodelim_norole_nocot,Criminal Instruction Court,,Org,fn,
qwen3_14b,participants,lusa_41,ext_def_exp_temp0.3_nodelim_norole_nocot,elderly,,Per,fn,
qwen3_14b,participants,lusa_41,ext_def_exp_temp0.3_nodelim_norole_nocot,for ,,Per,fn,
qwen3_14b,participants,lusa_42,ext_def_exp_temp0.3_nodelim_norole_nocot,Sabroso,,Pl_civil,tp,
qwen3_14b,participants,lusa_42,ext_def_exp_temp0.3_nodelim_norole_nocot,The octogenarian,,Per,tp,
qwen3_14b,participants,lusa_42,ext_def_exp_temp0.3_nodelim_norole_nocot,a dog,,Nat,tp,
qwen3_14b,participants,lusa_42,ext_def_exp_temp0.3_nodelim_norole_nocot,source,,Per,tp,
qwen3_14b,participants,lusa_42,ext_def_exp_temp0.3_nodelim_norole_nocot,municipality of Vila Real,,Pl_civil,tp,
qwen3_14b,participants,lusa_42,ext_def_exp_temp0.3_nodelim_norole_nocot,nine vehicles,,Obj,tp,
qwen3_14b,participants,lusa_42,ext_def_exp_temp0.3_nodelim_norole_nocot,the woman,,Per,tp,
qwen3_14b,participants,lusa_42,ext_def_exp_temp0.3_nodelim_norole_nocot,Vila Real,,Pl_civil,tp,
qwen3_14b,participants,lusa_42,ext_def_exp_temp0.3_nodelim_norole_nocot,National Emergency and Civil Protection Authority,,,fp,
qwen3_14b,participants,lusa_42,ext_def_exp_temp0.3_nodelim_norole_nocot,members of the GNR,,,fp,
qwen3_14b,participants,lusa_42,ext_def_exp_temp0.3_nodelim_norole_nocot,firefighters,,,fp,
qwen3_14b,participants,lusa_42,ext_def_exp_temp0.3_nodelim_norole_nocot,Vila Real unit,,,fp,
qwen3_14b,participants,lusa_42,ext_def_exp_temp0.3_nodelim_norole_nocot,family member,,,fp,
qwen3_14b,participants,lusa_42,ext_def_exp_temp0.3_nodelim_norole_nocot,81-year-old woman,,,fp,
qwen3_14b,participants,lusa_42,ext_def_exp_temp0.3_nodelim_norole_nocot,GNR,,,fp,
qwen3_14b,participants,lusa_42,ext_def_exp_temp0.3_nodelim_norole_nocot,Trás-os-Montes and Alto Douro Hospital Center,,,fp,
qwen3_14b,participants,lusa_42,ext_def_exp_temp0.3_nodelim_norole_nocot,GNR's Emergency Protection and Relief Unit (UEPS),,,fp,
qwen3_14b,participants,lusa_42,ext_def_exp_temp0.3_nodelim_norole_nocot,29 officers,,,fp,
qwen3_14b,participants,lusa_42,ext_def_exp_temp0.3_nodelim_norole_nocot,the website of the National Emergency and Civil Protection Authority,,,fp,
qwen3_14b,participants,lusa_42,ext_def_exp_temp0.3_nodelim_norole_nocot,elderly woman,,,fp,
qwen3_14b,participants,lusa_42,ext_def_exp_temp0.3_nodelim_norole_nocot,GNR dog team,,,fp,
qwen3_14b,participants,lusa_42,ext_def_exp_temp0.3_nodelim_norole_nocot,a family member,,Per,fn,
qwen3_14b,participants,lusa_42,ext_def_exp_temp0.3_nodelim_norole_nocot,Emergency Protection and Relief Unit (UEPS),,Org,fn,
qwen3_14b,participants,lusa_42,ext_def_exp_temp0.3_nodelim_norole_nocot,the Vila Real unit,,Org,fn,
qwen3_14b,participants,lusa_42,ext_def_exp_temp0.3_nodelim_norole_nocot,that,,Per,fn,
qwen3_14b,participants,lusa_42,ext_def_exp_temp0.3_nodelim_norole_nocot,the GNR,,Org,fn,
qwen3_14b,participants,lusa_42,ext_def_exp_temp0.3_nodelim_norole_nocot,the 81-year-old woman,,Per,fn,
qwen3_14b,participants,lusa_42,ext_def_exp_temp0.3_nodelim_norole_nocot,that police force,,Org,fn,
qwen3_14b,participants,lusa_42,ext_def_exp_temp0.3_nodelim_norole_nocot,the elderly,,Per,fn,
qwen3_14b,participants,lusa_42,ext_def_exp_temp0.3_nodelim_norole_nocot,members,,Per,fn,
qwen3_14b,participants,lusa_42,ext_def_exp_temp0.3_nodelim_norole_nocot,Trás-os-Montes and Alto Douro,,Pl_region,fn,
qwen3_14b,participants,lusa_42,ext_def_exp_temp0.3_nodelim_norole_nocot,The ,,Org,fn,
qwen3_14b,participants,lusa_42,ext_def_exp_temp0.3_nodelim_norole_nocot,the National Emergency and Civil Protection Authority,,Org,fn,
qwen3_14b,participants,lusa_42,ext_def_exp_temp0.3_nodelim_norole_nocot,website,,Other,fn,
qwen3_14b,participants,lusa_42,ext_def_exp_temp0.3_nodelim_norole_nocot,Hospital Center,,Org,fn,
qwen3_14b,participants,lusa_42,ext_def_exp_temp0.3_nodelim_norole_nocot,the Vila Real unit of the Trás-os-Montes and Alto Douro,,Org,fn,
qwen3_14b,participants,lusa_42,ext_def_exp_temp0.3_nodelim_norole_nocot,Trás,,Per,fn,
qwen3_14b,participants,lusa_42,ext_def_exp_temp0.3_nodelim_norole_nocot,residence,,Loc,fn,
qwen3_14b,participants,lusa_42,ext_def_exp_temp0.3_nodelim_norole_nocot,National,,Per,fn,
qwen3_14b,participants,lusa_42,ext_def_exp_temp0.3_nodelim_norole_nocot,the website,,Other,fn,
qwen3_14b,participants,lusa_43,ext_def_exp_temp0.3_nodelim_norole_nocot,Gondomar,,Pl_civil,tp,
qwen3_14b,participants,lusa_43,ext_def_exp_temp0.3_nodelim_norole_nocot,the military,,Per,tp,
qwen3_14b,participants,lusa_43,ext_def_exp_temp0.3_nodelim_norole_nocot,two bladed weapons,,Obj,tp,
qwen3_14b,participants,lusa_43,ext_def_exp_temp0.3_nodelim_norole_nocot,his 73-year-old mother,,Per,tp,
qwen3_14b,participants,lusa_43,ext_def_exp_temp0.3_nodelim_norole_nocot,The suspect,,Per,tp,
qwen3_14b,participants,lusa_43,ext_def_exp_temp0.3_nodelim_norole_nocot,the suspect,,Per,tp,
qwen3_14b,participants,lusa_43,ext_def_exp_temp0.3_nodelim_norole_nocot,A 50-year-old man,,Per,tp,
qwen3_14b,participants,lusa_43,ext_def_exp_temp0.3_nodelim_norole_nocot,the GNR,,Org,tp,
qwen3_14b,participants,lusa_43,ext_def_exp_temp0.3_nodelim_norole_nocot,sharp weapons,,,fp,
qwen3_14b,participants,lusa_43,ext_def_exp_temp0.3_nodelim_norole_nocot,he,,,fp,
qwen3_14b,participants,lusa_43,ext_def_exp_temp0.3_nodelim_norole_nocot,police force,,,fp,
qwen3_14b,participants,lusa_43,ext_def_exp_temp0.3_nodelim_norole_nocot,Porto Judicial Court,,,fp,
qwen3_14b,participants,lusa_43,ext_def_exp_temp0.3_nodelim_norole_nocot,GNR,,,fp,
qwen3_14b,participants,lusa_43,ext_def_exp_temp0.3_nodelim_norole_nocot,the Porto district,,,fp,
qwen3_14b,participants,lusa_43,ext_def_exp_temp0.3_nodelim_norole_nocot,the mother,,,fp,
qwen3_14b,participants,lusa_43,ext_def_exp_temp0.3_nodelim_norole_nocot,the ,,Obj,fn,
qwen3_14b,participants,lusa_43,ext_def_exp_temp0.3_nodelim_norole_nocot,place,,Pl_civil,fn,
qwen3_14b,participants,lusa_43,ext_def_exp_temp0.3_nodelim_norole_nocot,the Porto Judicial Court,,Org,fn,
qwen3_14b,participants,lusa_43,ext_def_exp_temp0.3_nodelim_norole_nocot,the Porto,,Pl_civil,fn,
qwen3_14b,participants,lusa_43,ext_def_exp_temp0.3_nodelim_norole_nocot,mother,,Per,fn,
qwen3_14b,participants,lusa_43,ext_def_exp_temp0.3_nodelim_norole_nocot,Judicial Court,,Org,fn,
qwen3_14b,participants,lusa_43,ext_def_exp_temp0.3_nodelim_norole_nocot,Porto district,,Pl_civil,fn,
qwen3_14b,participants,lusa_43,ext_def_exp_temp0.3_nodelim_norole_nocot,this police force,,Org,fn,
qwen3_14b,participants,lusa_43,ext_def_exp_temp0.3_nodelim_norole_nocot,statement,,Obj,fn,
qwen3_14b,participants,lusa_44,ext_def_exp_temp0.3_nodelim_norole_nocot,livestock effluents,,Nat,tp,
qwen3_14b,participants,lusa_44,ext_def_exp_temp0.3_nodelim_norole_nocot,The GNR Territorial Command,,Org,tp,
qwen3_14b,participants,lusa_44,ext_def_exp_temp0.3_nodelim_norole_nocot,mechanism,,Other,tp,
qwen3_14b,participants,lusa_44,ext_def_exp_temp0.3_nodelim_norole_nocot,GNR soldiers,,,fp,
qwen3_14b,participants,lusa_44,ext_def_exp_temp0.3_nodelim_norole_nocot,press release,,,fp,
qwen3_14b,participants,lusa_44,ext_def_exp_temp0.3_nodelim_norole_nocot,parish of Bidoeira de Cima,,,fp,
qwen3_14b,participants,lusa_44,ext_def_exp_temp0.3_nodelim_norole_nocot,agricultural holding,,,fp,
qwen3_14b,participants,lusa_44,ext_def_exp_temp0.3_nodelim_norole_nocot,GNR of Leiria,,,fp,
qwen3_14b,participants,lusa_44,ext_def_exp_temp0.3_nodelim_norole_nocot,GNR,,,fp,
qwen3_14b,participants,lusa_44,ext_def_exp_temp0.3_nodelim_norole_nocot,livestock effluent storage lagoon,,,fp,
qwen3_14b,participants,lusa_44,ext_def_exp_temp0.3_nodelim_norole_nocot,Leiria Environmental Protection Center,,,fp,
qwen3_14b,participants,lusa_44,ext_def_exp_temp0.3_nodelim_norole_nocot,municipality of Leiria,,,fp,
qwen3_14b,participants,lusa_44,ext_def_exp_temp0.3_nodelim_norole_nocot,the parish of Bidoeira de Cima,,Loc,fn,
qwen3_14b,participants,lusa_44,ext_def_exp_temp0.3_nodelim_norole_nocot,Leiria,,Org,fn,
qwen3_14b,participants,lusa_44,ext_def_exp_temp0.3_nodelim_norole_nocot,the municipality of Leiria,,Loc,fn,
qwen3_14b,participants,lusa_44,ext_def_exp_temp0.3_nodelim_norole_nocot,a press release,,Obj,fn,
qwen3_14b,participants,lusa_44,ext_def_exp_temp0.3_nodelim_norole_nocot,a livestock effluent storage lagoon,,Nat,fn,
qwen3_14b,participants,lusa_44,ext_def_exp_temp0.3_nodelim_norole_nocot,the soil,,Nat,fn,
qwen3_14b,participants,lusa_44,ext_def_exp_temp0.3_nodelim_norole_nocot,a fine of a maximum value of 144 thousand euros,,Other,fn,
qwen3_14b,participants,lusa_44,ext_def_exp_temp0.3_nodelim_norole_nocot,soldiers,,Per,fn,
qwen3_14b,participants,lusa_44,ext_def_exp_temp0.3_nodelim_norole_nocot,Environmental Protection Center,,Org,fn,
qwen3_14b,participants,lusa_44,ext_def_exp_temp0.3_nodelim_norole_nocot,The GNR,,Org,fn,
qwen3_14b,participants,lusa_44,ext_def_exp_temp0.3_nodelim_norole_nocot,the point,,Other,fn,
qwen3_14b,participants,lusa_44,ext_def_exp_temp0.3_nodelim_norole_nocot,The GNR of Leiria,,Org,fn,
qwen3_14b,participants,lusa_44,ext_def_exp_temp0.3_nodelim_norole_nocot,an agricultural holding,,Org,fn,
qwen3_14b,participants,lusa_44,ext_def_exp_temp0.3_nodelim_norole_nocot,the,,Org,fn,
qwen3_14b,participants,lusa_44,ext_def_exp_temp0.3_nodelim_norole_nocot,livestock effluent,,Nat,fn,
qwen3_14b,participants,lusa_44,ext_def_exp_temp0.3_nodelim_norole_nocot,soldiers ,,Nat,fn,
qwen3_14b,participants,lusa_44,ext_def_exp_temp0.3_nodelim_norole_nocot,pig effluents,,Nat,fn,
qwen3_14b,participants,lusa_44,ext_def_exp_temp0.3_nodelim_norole_nocot,the Leiria Environmental Protection Center,,Org,fn,
qwen3_14b,participants,lusa_44,ext_def_exp_temp0.3_nodelim_norole_nocot,the ground,,Nat,fn,
qwen3_14b,participants,lusa_44,ext_def_exp_temp0.3_nodelim_norole_nocot,the note,,Obj,fn,
qwen3_14b,participants,lusa_45,ext_def_exp_temp0.3_nodelim_norole_nocot,three children,,Per,tp,
qwen3_14b,participants,lusa_45,ext_def_exp_temp0.3_nodelim_norole_nocot,Luanda,,Pl_capital,tp,
qwen3_14b,participants,lusa_45,ext_def_exp_temp0.3_nodelim_norole_nocot,two alleged traffickers,,Per,tp,
qwen3_14b,participants,lusa_45,ext_def_exp_temp0.3_nodelim_norole_nocot,Angolan authorities,,Org,tp,
qwen3_14b,participants,lusa_45,ext_def_exp_temp0.3_nodelim_norole_nocot,The Criminal Investigation Service (SIC),,Org,tp,
qwen3_14b,participants,lusa_45,ext_def_exp_temp0.3_nodelim_norole_nocot,Veríssimo Pandamari,,Per,tp,
qwen3_14b,participants,lusa_45,ext_def_exp_temp0.3_nodelim_norole_nocot,Lunda Norte,,Pl_civil,tp,
qwen3_14b,participants,lusa_45,ext_def_exp_temp0.3_nodelim_norole_nocot,Angolan province of Lunda Norte,,Pl_civil,tp,
qwen3_14b,participants,lusa_45,ext_def_exp_temp0.3_nodelim_norole_nocot,Angop,,,fp,
qwen3_14b,participants,lusa_45,ext_def_exp_temp0.3_nodelim_norole_nocot,Angolan news agency,,,fp,
qwen3_14b,participants,lusa_45,ext_def_exp_temp0.3_nodelim_norole_nocot,the children,,,fp,
qwen3_14b,participants,lusa_45,ext_def_exp_temp0.3_nodelim_norole_nocot,members of the public,,,fp,
qwen3_14b,participants,lusa_45,ext_def_exp_temp0.3_nodelim_norole_nocot,Democratic Republic of Congo (RDCongo),,,fp,
qwen3_14b,participants,lusa_45,ext_def_exp_temp0.3_nodelim_norole_nocot,minors,,,fp,
qwen3_14b,participants,lusa_45,ext_def_exp_temp0.3_nodelim_norole_nocot,Angola,,,fp,
qwen3_14b,participants,lusa_45,ext_def_exp_temp0.3_nodelim_norole_nocot,the men,,,fp,
qwen3_14b,participants,lusa_45,ext_def_exp_temp0.3_nodelim_norole_nocot,Dundo,,,fp,
qwen3_14b,participants,lusa_45,ext_def_exp_temp0.3_nodelim_norole_nocot,SIC,,,fp,
qwen3_14b,participants,lusa_45,ext_def_exp_temp0.3_nodelim_norole_nocot,"Angolan news agency, Angop",,Org,fn,
qwen3_14b,participants,lusa_45,ext_def_exp_temp0.3_nodelim_norole_nocot,these minors,,Per,fn,
qwen3_14b,participants,lusa_45,ext_def_exp_temp0.3_nodelim_norole_nocot,the Democratic Republic of Congo (RDCongo),,Pl_country,fn,
qwen3_14b,participants,lusa_45,ext_def_exp_temp0.3_nodelim_norole_nocot,public,,Per,fn,
qwen3_14b,participants,lusa_45,ext_def_exp_temp0.3_nodelim_norole_nocot,"the children, aged 9 and 12",,Per,fn,
qwen3_14b,participants,lusa_45,ext_def_exp_temp0.3_nodelim_norole_nocot,the SIC,,Org,fn,
qwen3_14b,participants,lusa_45,ext_def_exp_temp0.3_nodelim_norole_nocot,Kudissanga,,Other,fn,
qwen3_14b,participants,lusa_45,ext_def_exp_temp0.3_nodelim_norole_nocot,men,,Per,fn,
qwen3_14b,participants,lusa_45,ext_def_exp_temp0.3_nodelim_norole_nocot,capital of Angola,,Pl_capital,fn,
qwen3_14b,participants,lusa_45,ext_def_exp_temp0.3_nodelim_norole_nocot,that,,Other,fn,
qwen3_14b,participants,lusa_45,ext_def_exp_temp0.3_nodelim_norole_nocot,for their,,Per,fn,
qwen3_14b,participants,lusa_45,ext_def_exp_temp0.3_nodelim_norole_nocot,the minors,,Per,fn,
qwen3_14b,participants,lusa_45,ext_def_exp_temp0.3_nodelim_norole_nocot,the SIC spokesperson,,Per,fn,
qwen3_14b,participants,lusa_45,ext_def_exp_temp0.3_nodelim_norole_nocot,the city of Dundo,,Pl_civil,fn,
qwen3_14b,participants,lusa_46,ext_def_exp_temp0.3_nodelim_norole_nocot,he,,Per,tp,
qwen3_14b,participants,lusa_46,ext_def_exp_temp0.3_nodelim_norole_nocot,Braga,,Pl_civil,tp,
qwen3_14b,participants,lusa_46,ext_def_exp_temp0.3_nodelim_norole_nocot,The Public Ministry (MP),,Org,tp,
qwen3_14b,participants,lusa_46,ext_def_exp_temp0.3_nodelim_norole_nocot,The Public Prosecutor's Office,,Org,tp,
qwen3_14b,participants,lusa_46,ext_def_exp_temp0.3_nodelim_norole_nocot,the defendant,,Per,tp,
qwen3_14b,participants,lusa_46,ext_def_exp_temp0.3_nodelim_norole_nocot,The defendant,,Per,tp,
qwen3_14b,participants,lusa_46,ext_def_exp_temp0.3_nodelim_norole_nocot,website of the Porto Regional Attorney General's Office,,,fp,
qwen3_14b,participants,lusa_46,ext_def_exp_temp0.3_nodelim_norole_nocot,GNR soldier,,,fp,
qwen3_14b,participants,lusa_46,ext_def_exp_temp0.3_nodelim_norole_nocot,Porto Regional Attorney General's Office,,,fp,
qwen3_14b,participants,lusa_46,ext_def_exp_temp0.3_nodelim_norole_nocot,GNR,,,fp,
qwen3_14b,participants,lusa_46,ext_def_exp_temp0.3_nodelim_norole_nocot,Criminal Investigation Unit,,,fp,
qwen3_14b,participants,lusa_46,ext_def_exp_temp0.3_nodelim_norole_nocot,military personnel,,,fp,
qwen3_14b,participants,lusa_46,ext_def_exp_temp0.3_nodelim_norole_nocot,his subordinates,,,fp,
qwen3_14b,participants,lusa_46,ext_def_exp_temp0.3_nodelim_norole_nocot,monthly pay supplement statements,,,fp,
qwen3_14b,participants,lusa_46,ext_def_exp_temp0.3_nodelim_norole_nocot,note,,Obj,fn,
qwen3_14b,participants,lusa_46,ext_def_exp_temp0.3_nodelim_norole_nocot,scale supplement,,Other,fn,
qwen3_14b,participants,lusa_46,ext_def_exp_temp0.3_nodelim_norole_nocot,subordinates,,Per,fn,
qwen3_14b,participants,lusa_46,ext_def_exp_temp0.3_nodelim_norole_nocot,a GNR soldier from Braga,,Org,fn,
qwen3_14b,participants,lusa_46,ext_def_exp_temp0.3_nodelim_norole_nocot,Porto,,Pl_civil,fn,
qwen3_14b,participants,lusa_46,ext_def_exp_temp0.3_nodelim_norole_nocot,"the net amount of 5,400.17 euros",,Obj,fn,
qwen3_14b,participants,lusa_46,ext_def_exp_temp0.3_nodelim_norole_nocot,service,,Other,fn,
qwen3_14b,participants,lusa_46,ext_def_exp_temp0.3_nodelim_norole_nocot,the Criminal Investigation Unit,,Org,fn,
qwen3_14b,participants,lusa_46,ext_def_exp_temp0.3_nodelim_norole_nocot,the GNR,,Org,fn,
qwen3_14b,participants,lusa_46,ext_def_exp_temp0.3_nodelim_norole_nocot,the GNR in Braga,,Org,fn,
qwen3_14b,participants,lusa_46,ext_def_exp_temp0.3_nodelim_norole_nocot,name,,Other,fn,
qwen3_14b,participants,lusa_46,ext_def_exp_temp0.3_nodelim_norole_nocot,the Porto Regional Attorney General's Office,,Org,fn,
qwen3_14b,participants,lusa_46,ext_def_exp_temp0.3_nodelim_norole_nocot,a GNR soldier,,Per,fn,
qwen3_14b,participants,lusa_46,ext_def_exp_temp0.3_nodelim_norole_nocot,his,,Per,fn,
qwen3_14b,participants,lusa_46,ext_def_exp_temp0.3_nodelim_norole_nocot,"the scale supplement,",,Other,fn,
qwen3_14b,participants,lusa_46,ext_def_exp_temp0.3_nodelim_norole_nocot,the,,Org,fn,
qwen3_14b,participants,lusa_46,ext_def_exp_temp0.3_nodelim_norole_nocot,military,,Per,fn,
qwen3_14b,participants,lusa_46,ext_def_exp_temp0.3_nodelim_norole_nocot,"5,400 euros",,Obj,fn,
qwen3_14b,participants,lusa_46,ext_def_exp_temp0.3_nodelim_norole_nocot,supplement,,Other,fn,
qwen3_14b,participants,lusa_46,ext_def_exp_temp0.3_nodelim_norole_nocot,Regional Attorney General's Office,,Org,fn,
qwen3_14b,participants,lusa_46,ext_def_exp_temp0.3_nodelim_norole_nocot,which,,Other,fn,
qwen3_14b,participants,lusa_46,ext_def_exp_temp0.3_nodelim_norole_nocot,the monthly pay supplement,,Other,fn,
qwen3_14b,participants,lusa_46,ext_def_exp_temp0.3_nodelim_norole_nocot,for ,,Per,fn,
qwen3_14b,participants,lusa_46,ext_def_exp_temp0.3_nodelim_norole_nocot,the note,,Obj,fn,
qwen3_14b,participants,lusa_48,ext_def_exp_temp0.3_nodelim_norole_nocot,gaming machines,,Obj,tp,
qwen3_14b,participants,lusa_48,ext_def_exp_temp0.3_nodelim_norole_nocot,Amarante,,Pl_civil,tp,
qwen3_14b,participants,lusa_48,ext_def_exp_temp0.3_nodelim_norole_nocot,police source,,Org,tp,
qwen3_14b,participants,lusa_48,ext_def_exp_temp0.3_nodelim_norole_nocot,food and beverage establishments,,Org,tp,
qwen3_14b,participants,lusa_48,ext_def_exp_temp0.3_nodelim_norole_nocot,district of Porto,,Pl_civil,tp,
qwen3_14b,participants,lusa_48,ext_def_exp_temp0.3_nodelim_norole_nocot,two men,,Per,tp,
qwen3_14b,participants,lusa_48,ext_def_exp_temp0.3_nodelim_norole_nocot,the Judicial Court of Amarante,,Org,tp,
qwen3_14b,participants,lusa_48,ext_def_exp_temp0.3_nodelim_norole_nocot,Vila Meã,,Pl_civil,tp,
qwen3_14b,participants,lusa_48,ext_def_exp_temp0.3_nodelim_norole_nocot,GNR,,,fp,
qwen3_14b,participants,lusa_48,ext_def_exp_temp0.3_nodelim_norole_nocot,The facts,,,fp,
qwen3_14b,participants,lusa_48,ext_def_exp_temp0.3_nodelim_norole_nocot,suspects,,,fp,
qwen3_14b,participants,lusa_48,ext_def_exp_temp0.3_nodelim_norole_nocot,between 30 and 60,,Other,fn,
qwen3_14b,participants,lusa_48,ext_def_exp_temp0.3_nodelim_norole_nocot,"nine liters of spirits, without tax stamps",,Obj,fn,
qwen3_14b,participants,lusa_48,ext_def_exp_temp0.3_nodelim_norole_nocot,a computer with a printer,,Obj,fn,
qwen3_14b,participants,lusa_48,ext_def_exp_temp0.3_nodelim_norole_nocot,a tablet,,Obj,fn,
qwen3_14b,participants,lusa_48,ext_def_exp_temp0.3_nodelim_norole_nocot,statement,,Obj,fn,
qwen3_14b,participants,lusa_48,ext_def_exp_temp0.3_nodelim_norole_nocot,the Judicial Court,,Org,fn,
qwen3_14b,participants,lusa_48,ext_def_exp_temp0.3_nodelim_norole_nocot,a cell phone,,Obj,fn,
qwen3_14b,participants,lusa_48,ext_def_exp_temp0.3_nodelim_norole_nocot,the suspects,,Per,fn,
qwen3_14b,participants,lusa_48,ext_def_exp_temp0.3_nodelim_norole_nocot,four gaming machines,,Obj,fn,
qwen3_14b,participants,lusa_48,ext_def_exp_temp0.3_nodelim_norole_nocot,illegal machines,,Obj,fn,
qwen3_14b,participants,lusa_48,ext_def_exp_temp0.3_nodelim_norole_nocot,The GNR,,Org,fn,
qwen3_14b,participants,lusa_48,ext_def_exp_temp0.3_nodelim_norole_nocot,the GNR,,Org,fn,
qwen3_14b,participants,lusa_49,ext_def_exp_temp0.3_nodelim_norole_nocot,plastic bags,,Obj,tp,
qwen3_14b,participants,lusa_49,ext_def_exp_temp0.3_nodelim_norole_nocot,the man,,Per,tp,
qwen3_14b,participants,lusa_49,ext_def_exp_temp0.3_nodelim_norole_nocot,Évora district,,Pl_civil,tp,
qwen3_14b,participants,lusa_49,ext_def_exp_temp0.3_nodelim_norole_nocot,the same source,,Per,tp,
qwen3_14b,participants,lusa_49,ext_def_exp_temp0.3_nodelim_norole_nocot,a 31-year-old man,,Per,tp,
qwen3_14b,participants,lusa_49,ext_def_exp_temp0.3_nodelim_norole_nocot,Lusa agency,,Org,tp,
qwen3_14b,participants,lusa_49,ext_def_exp_temp0.3_nodelim_norole_nocot,The GNR,,,tp,
qwen3_14b,participants,lusa_49,ext_def_exp_temp0.3_nodelim_norole_nocot,Estremoz Territorial Detachment,,Org,tp,
qwen3_14b,participants,lusa_49,ext_def_exp_temp0.3_nodelim_norole_nocot,Borba,,,fp,
qwen3_14b,participants,lusa_49,ext_def_exp_temp0.3_nodelim_norole_nocot,digital scale,,,fp,
qwen3_14b,participants,lusa_49,ext_def_exp_temp0.3_nodelim_norole_nocot,Vila Viçosa Court,,,fp,
qwen3_14b,participants,lusa_49,ext_def_exp_temp0.3_nodelim_norole_nocot,heroin,,,fp,
qwen3_14b,participants,lusa_49,ext_def_exp_temp0.3_nodelim_norole_nocot,GNR,,,fp,
qwen3_14b,participants,lusa_49,ext_def_exp_temp0.3_nodelim_norole_nocot,cash,,,fp,
qwen3_14b,participants,lusa_49,ext_def_exp_temp0.3_nodelim_norole_nocot,the suspect,,,fp,
qwen3_14b,participants,lusa_49,ext_def_exp_temp0.3_nodelim_norole_nocot,scissors,,,fp,
qwen3_14b,participants,lusa_49,ext_def_exp_temp0.3_nodelim_norole_nocot,military personnel,,,fp,
qwen3_14b,participants,lusa_49,ext_def_exp_temp0.3_nodelim_norole_nocot,a source,,,fp,
qwen3_14b,participants,lusa_49,ext_def_exp_temp0.3_nodelim_norole_nocot,24.3 grams of heroin,,Obj,fn,
qwen3_14b,participants,lusa_49,ext_def_exp_temp0.3_nodelim_norole_nocot,150 euros in cash,,Obj,fn,
qwen3_14b,participants,lusa_49,ext_def_exp_temp0.3_nodelim_norole_nocot,the ,,Org,fn,
qwen3_14b,participants,lusa_49,ext_def_exp_temp0.3_nodelim_norole_nocot,Estremoz,,Pl_civil,fn,
qwen3_14b,participants,lusa_49,ext_def_exp_temp0.3_nodelim_norole_nocot,the city of Borba,,Pl_civil,fn,
qwen3_14b,participants,lusa_49,ext_def_exp_temp0.3_nodelim_norole_nocot,that security force,,Org,fn,
qwen3_14b,participants,lusa_49,ext_def_exp_temp0.3_nodelim_norole_nocot,the Vila Viçosa Court,,Org,fn,
qwen3_14b,participants,lusa_49,ext_def_exp_temp0.3_nodelim_norole_nocot,a digital scale,,Obj,fn,
qwen3_14b,participants,lusa_49,ext_def_exp_temp0.3_nodelim_norole_nocot,measures,,Other,fn,
qwen3_14b,participants,lusa_49,ext_def_exp_temp0.3_nodelim_norole_nocot,"a digital scale, scissors",,Obj,fn,
qwen3_14b,participants,lusa_49,ext_def_exp_temp0.3_nodelim_norole_nocot,individual doses,,Obj,fn,
qwen3_14b,participants,lusa_49,ext_def_exp_temp0.3_nodelim_norole_nocot,source,,Per,fn,
qwen3_14b,participants,lusa_49,ext_def_exp_temp0.3_nodelim_norole_nocot,Territorial Detachment,,Org,fn,
qwen3_14b,participants,lusa_49,ext_def_exp_temp0.3_nodelim_norole_nocot,Vila Viçosa,,Pl_civil,fn,
qwen3_14b,participants,lusa_49,ext_def_exp_temp0.3_nodelim_norole_nocot,drug,,Obj,fn,
qwen3_14b,participants,lusa_49,ext_def_exp_temp0.3_nodelim_norole_nocot,military,,Per,fn,
qwen3_14b,participants,lusa_49,ext_def_exp_temp0.3_nodelim_norole_nocot,suspect,,Per,fn,
qwen3_14b,participants,lusa_5,ext_def_exp_temp0.3_nodelim_norole_nocot,the military,,Per,tp,
qwen3_14b,participants,lusa_5,ext_def_exp_temp0.3_nodelim_norole_nocot,GNR,,Org,tp,
qwen3_14b,participants,lusa_5,ext_def_exp_temp0.3_nodelim_norole_nocot,The man,,Per,tp,
qwen3_14b,participants,lusa_5,ext_def_exp_temp0.3_nodelim_norole_nocot,the suspect,,Per,tp,
qwen3_14b,participants,lusa_5,ext_def_exp_temp0.3_nodelim_norole_nocot,A 50-year-old man,,Per,tp,
qwen3_14b,participants,lusa_5,ext_def_exp_temp0.3_nodelim_norole_nocot,Caldas da Rainha Environmental Protection Center,,,fp,
qwen3_14b,participants,lusa_5,ext_def_exp_temp0.3_nodelim_norole_nocot,National Republican Guard (GNR),,,fp,
qwen3_14b,participants,lusa_5,ext_def_exp_temp0.3_nodelim_norole_nocot,Caldas da Rainha Court,,,fp,
qwen3_14b,participants,lusa_5,ext_def_exp_temp0.3_nodelim_norole_nocot,Óbidos Territorial Post,,,fp,
qwen3_14b,participants,lusa_5,ext_def_exp_temp0.3_nodelim_norole_nocot,force of authority,,,fp,
qwen3_14b,participants,lusa_5,ext_def_exp_temp0.3_nodelim_norole_nocot,the GNR statement,,Obj,fn,
qwen3_14b,participants,lusa_5,ext_def_exp_temp0.3_nodelim_norole_nocot,land,,Loc,fn,
qwen3_14b,participants,lusa_5,ext_def_exp_temp0.3_nodelim_norole_nocot,the GNR,,Org,fn,
qwen3_14b,participants,lusa_5,ext_def_exp_temp0.3_nodelim_norole_nocot,a hunting rifle,,Obj,fn,
qwen3_14b,participants,lusa_5,ext_def_exp_temp0.3_nodelim_norole_nocot,the Caldas da Rainha Environmental Protection Center,,Obj,fn,
qwen3_14b,participants,lusa_5,ext_def_exp_temp0.3_nodelim_norole_nocot,that force of authority,,Org,fn,
qwen3_14b,participants,lusa_5,ext_def_exp_temp0.3_nodelim_norole_nocot,houses,,Fac,fn,
qwen3_14b,participants,lusa_5,ext_def_exp_temp0.3_nodelim_norole_nocot,report of the situation,,Obj,fn,
qwen3_14b,participants,lusa_5,ext_def_exp_temp0.3_nodelim_norole_nocot,protective,,Fac,fn,
qwen3_14b,participants,lusa_5,ext_def_exp_temp0.3_nodelim_norole_nocot,various materials,,Obj,fn,
qwen3_14b,participants,lusa_5,ext_def_exp_temp0.3_nodelim_norole_nocot,Óbidos,,Pl_civil,fn,
qwen3_14b,participants,lusa_5,ext_def_exp_temp0.3_nodelim_norole_nocot,accessories,,Obj,fn,
qwen3_14b,participants,lusa_5,ext_def_exp_temp0.3_nodelim_norole_nocot,the Óbidos Territorial Post,,Org,fn,
qwen3_14b,participants,lusa_5,ext_def_exp_temp0.3_nodelim_norole_nocot,Republican Guard,,Org,fn,
qwen3_14b,participants,lusa_5,ext_def_exp_temp0.3_nodelim_norole_nocot,the Caldas da Rainha Court,,Fac,fn,
qwen3_14b,participants,lusa_5,ext_def_exp_temp0.3_nodelim_norole_nocot,which,,Org,fn,
qwen3_14b,participants,lusa_5,ext_def_exp_temp0.3_nodelim_norole_nocot,Caldas da Rainha,,Pl_civil,fn,
qwen3_14b,participants,lusa_5,ext_def_exp_temp0.3_nodelim_norole_nocot,two 12-gauge cartridges,,Obj,fn,
qwen3_14b,participants,lusa_5,ext_def_exp_temp0.3_nodelim_norole_nocot,a protective strip,,Loc,fn,
qwen3_14b,participants,lusa_50,ext_def_exp_temp0.3_nodelim_norole_nocot,Arcos de Valdevez,,Pl_civil,tp,
qwen3_14b,participants,lusa_50,ext_def_exp_temp0.3_nodelim_norole_nocot,Ponte de Lima,,Pl_civil,tp,
qwen3_14b,participants,lusa_50,ext_def_exp_temp0.3_nodelim_norole_nocot,four men,,Per,tp,
qwen3_14b,participants,lusa_50,ext_def_exp_temp0.3_nodelim_norole_nocot,Ponte da Barca,,Pl_civil,tp,
qwen3_14b,participants,lusa_50,ext_def_exp_temp0.3_nodelim_norole_nocot,Viana do Castelo,,Pl_civil,tp,
qwen3_14b,participants,lusa_50,ext_def_exp_temp0.3_nodelim_norole_nocot,Alto Minho,,Pl_civil,tp,
qwen3_14b,participants,lusa_50,ext_def_exp_temp0.3_nodelim_norole_nocot,Paredes de Coura,,Pl_civil,tp,
qwen3_14b,participants,lusa_50,ext_def_exp_temp0.3_nodelim_norole_nocot,district of Braga,,Pl_civil,tp,
qwen3_14b,participants,lusa_50,ext_def_exp_temp0.3_nodelim_norole_nocot,Vila Verde,,Pl_civil,tp,
qwen3_14b,participants,lusa_50,ext_def_exp_temp0.3_nodelim_norole_nocot,They,,,fp,
qwen3_14b,participants,lusa_50,ext_def_exp_temp0.3_nodelim_norole_nocot,GNR,,,fp,
qwen3_14b,participants,lusa_50,ext_def_exp_temp0.3_nodelim_norole_nocot,The suspects,,,fp,
qwen3_14b,participants,lusa_50,ext_def_exp_temp0.3_nodelim_norole_nocot,Viana do Castelo command,,,fp,
qwen3_14b,participants,lusa_50,ext_def_exp_temp0.3_nodelim_norole_nocot,vehicles,,Obj,fn,
qwen3_14b,participants,lusa_50,ext_def_exp_temp0.3_nodelim_norole_nocot,"The suspects, aged between 35 and 41",,Per,fn,
qwen3_14b,participants,lusa_50,ext_def_exp_temp0.3_nodelim_norole_nocot,inside,,Loc,fn,
qwen3_14b,participants,lusa_50,ext_def_exp_temp0.3_nodelim_norole_nocot,the municipalities,,Loc,fn,
qwen3_14b,participants,lusa_50,ext_def_exp_temp0.3_nodelim_norole_nocot,residences,,Loc,fn,
qwen3_14b,participants,lusa_50,ext_def_exp_temp0.3_nodelim_norole_nocot,a camera,,Obj,fn,
qwen3_14b,participants,lusa_50,ext_def_exp_temp0.3_nodelim_norole_nocot,the Viana do Castelo command,,Org,fn,
qwen3_14b,participants,lusa_50,ext_def_exp_temp0.3_nodelim_norole_nocot,hashish for eight,,Obj,fn,
qwen3_14b,participants,lusa_50,ext_def_exp_temp0.3_nodelim_norole_nocot,establishments,,Org,fn,
qwen3_14b,participants,lusa_50,ext_def_exp_temp0.3_nodelim_norole_nocot,cocaine for 17,,Obj,fn,
qwen3_14b,participants,lusa_50,ext_def_exp_temp0.3_nodelim_norole_nocot,six cell phones,,Obj,fn,
qwen3_14b,participants,lusa_50,ext_def_exp_temp0.3_nodelim_norole_nocot,that police force,,Org,fn,
qwen3_14b,participants,lusa_50,ext_def_exp_temp0.3_nodelim_norole_nocot,The GNR,,Org,fn,
qwen3_14b,participants,lusa_50,ext_def_exp_temp0.3_nodelim_norole_nocot,drug,,Obj,fn,
qwen3_14b,participants,lusa_50,ext_def_exp_temp0.3_nodelim_norole_nocot,heroin for 56 doses,,Obj,fn,
qwen3_14b,participants,lusa_50,ext_def_exp_temp0.3_nodelim_norole_nocot,"in Alto Minho, announced the Viana do Castelo command",,Org,fn,
qwen3_14b,participants,lusa_50,ext_def_exp_temp0.3_nodelim_norole_nocot,two computers,,Obj,fn,
qwen3_14b,participants,lusa_50,ext_def_exp_temp0.3_nodelim_norole_nocot,a GPS device,,Obj,fn,
qwen3_14b,participants,lusa_50,ext_def_exp_temp0.3_nodelim_norole_nocot,the district of Viana do Castelo,,Pl_civil,fn,
qwen3_14b,participants,lusa_50,ext_def_exp_temp0.3_nodelim_norole_nocot,all,,Pl_civil,fn,
qwen3_14b,participants,lusa_51,ext_def_exp_temp0.3_nodelim_norole_nocot,The animals,,Nat,tp,
qwen3_14b,participants,lusa_51,ext_def_exp_temp0.3_nodelim_norole_nocot,pet animals,,Nat,tp,
qwen3_14b,participants,lusa_51,ext_def_exp_temp0.3_nodelim_norole_nocot,the owner,,Per,tp,
qwen3_14b,participants,lusa_51,ext_def_exp_temp0.3_nodelim_norole_nocot,25 dogs,,Nat,tp,
qwen3_14b,participants,lusa_51,ext_def_exp_temp0.3_nodelim_norole_nocot,The man,,Per,tp,
qwen3_14b,participants,lusa_51,ext_def_exp_temp0.3_nodelim_norole_nocot,the animals,,Nat,tp,
qwen3_14b,participants,lusa_51,ext_def_exp_temp0.3_nodelim_norole_nocot,The Territorial Command of GNR da Guarda,,Org,tp,
qwen3_14b,participants,lusa_51,ext_def_exp_temp0.3_nodelim_norole_nocot,The GNR,,Org,tp,
qwen3_14b,participants,lusa_51,ext_def_exp_temp0.3_nodelim_norole_nocot,dogs,,Nat,tp,
qwen3_14b,participants,lusa_51,ext_def_exp_temp0.3_nodelim_norole_nocot,Seia Municipal Veterinarian,,,fp,
qwen3_14b,participants,lusa_51,ext_def_exp_temp0.3_nodelim_norole_nocot,lack of care for the animals,,,fp,
qwen3_14b,participants,lusa_51,ext_def_exp_temp0.3_nodelim_norole_nocot,Seia Judicial Court,,,fp,
qwen3_14b,participants,lusa_51,ext_def_exp_temp0.3_nodelim_norole_nocot,GNR da Guarda,,,fp,
qwen3_14b,participants,lusa_51,ext_def_exp_temp0.3_nodelim_norole_nocot,Environmental Crimes and Administrative Offenses Investigation Center (NICCOA),,,fp,
qwen3_14b,participants,lusa_51,ext_def_exp_temp0.3_nodelim_norole_nocot,scenario of overpopulation of dogs,,,fp,
qwen3_14b,participants,lusa_51,ext_def_exp_temp0.3_nodelim_norole_nocot,home search warrant,,,fp,
qwen3_14b,participants,lusa_51,ext_def_exp_temp0.3_nodelim_norole_nocot,hygienic conditions,,,fp,
qwen3_14b,participants,lusa_51,ext_def_exp_temp0.3_nodelim_norole_nocot,district of Guarda,,,fp,
qwen3_14b,participants,lusa_51,ext_def_exp_temp0.3_nodelim_norole_nocot,Environmental Protection Center (NPA) of Gouveia,,,fp,
qwen3_14b,participants,lusa_51,ext_def_exp_temp0.3_nodelim_norole_nocot,investigation into mistreatment of pet animals,,,fp,
qwen3_14b,participants,lusa_51,ext_def_exp_temp0.3_nodelim_norole_nocot,GNR,,,fp,
qwen3_14b,participants,lusa_51,ext_def_exp_temp0.3_nodelim_norole_nocot,municipality of Seia,,,fp,
qwen3_14b,participants,lusa_51,ext_def_exp_temp0.3_nodelim_norole_nocot,a 58-year-old man,,,fp,
qwen3_14b,participants,lusa_51,ext_def_exp_temp0.3_nodelim_norole_nocot,source,,,fp,
qwen3_14b,participants,lusa_51,ext_def_exp_temp0.3_nodelim_norole_nocot,police,,,fp,
qwen3_14b,participants,lusa_51,ext_def_exp_temp0.3_nodelim_norole_nocot,military,,,fp,
qwen3_14b,participants,lusa_51,ext_def_exp_temp0.3_nodelim_norole_nocot,where,,Other,fn,
qwen3_14b,participants,lusa_51,ext_def_exp_temp0.3_nodelim_norole_nocot,the military,,Per,fn,
qwen3_14b,participants,lusa_51,ext_def_exp_temp0.3_nodelim_norole_nocot,a scenario,,Other,fn,
qwen3_14b,participants,lusa_51,ext_def_exp_temp0.3_nodelim_norole_nocot,the Environmental Crimes and Administrative Offenses Investigation,,Org,fn,
qwen3_14b,participants,lusa_51,ext_def_exp_temp0.3_nodelim_norole_nocot,a 58-year-old,,Per,fn,
qwen3_14b,participants,lusa_51,ext_def_exp_temp0.3_nodelim_norole_nocot,inside,,Loc,fn,
qwen3_14b,participants,lusa_51,ext_def_exp_temp0.3_nodelim_norole_nocot,Municipal Veterinarian,,Org,fn,
qwen3_14b,participants,lusa_51,ext_def_exp_temp0.3_nodelim_norole_nocot,the GNR,,Org,fn,
qwen3_14b,participants,lusa_51,ext_def_exp_temp0.3_nodelim_norole_nocot,Seia,,Pl_civil,fn,
qwen3_14b,participants,lusa_51,ext_def_exp_temp0.3_nodelim_norole_nocot,animals,,Nat,fn,
qwen3_14b,participants,lusa_51,ext_def_exp_temp0.3_nodelim_norole_nocot,Judicial Court,,Org,fn,
qwen3_14b,participants,lusa_51,ext_def_exp_temp0.3_nodelim_norole_nocot,statement,,Obj,fn,
qwen3_14b,participants,lusa_51,ext_def_exp_temp0.3_nodelim_norole_nocot,the,,Org,fn,
qwen3_14b,participants,lusa_51,ext_def_exp_temp0.3_nodelim_norole_nocot,The source,,Org,fn,
qwen3_14b,participants,lusa_51,ext_def_exp_temp0.3_nodelim_norole_nocot,Gouveia,,Pl_civil,fn,
qwen3_14b,participants,lusa_51,ext_def_exp_temp0.3_nodelim_norole_nocot,The Territorial Command,,Org,fn,
qwen3_14b,participants,lusa_51,ext_def_exp_temp0.3_nodelim_norole_nocot,"the Seia Municipal Veterinarian, who",,Org,fn,
qwen3_14b,participants,lusa_51,ext_def_exp_temp0.3_nodelim_norole_nocot,NICCOA,,Org,fn,
qwen3_14b,participants,lusa_51,ext_def_exp_temp0.3_nodelim_norole_nocot,the district of Guarda,,Pl_civil,fn,
qwen3_14b,participants,lusa_51,ext_def_exp_temp0.3_nodelim_norole_nocot,the Environmental Protection Center,,Org,fn,
qwen3_14b,participants,lusa_51,ext_def_exp_temp0.3_nodelim_norole_nocot,to ,,Per,fn,
qwen3_14b,participants,lusa_51,ext_def_exp_temp0.3_nodelim_norole_nocot,came,,Per,fn,
qwen3_14b,participants,lusa_51,ext_def_exp_temp0.3_nodelim_norole_nocot,which,,Org,fn,
qwen3_14b,participants,lusa_51,ext_def_exp_temp0.3_nodelim_norole_nocot,all,,Nat,fn,
qwen3_14b,participants,lusa_51,ext_def_exp_temp0.3_nodelim_norole_nocot,Guarda,,Pl_civil,fn,
qwen3_14b,participants,lusa_51,ext_def_exp_temp0.3_nodelim_norole_nocot,NPA,,Org,fn,
qwen3_14b,participants,lusa_51,ext_def_exp_temp0.3_nodelim_norole_nocot,the Seia Judicial Court.,,Org,fn,
qwen3_14b,participants,lusa_51,ext_def_exp_temp0.3_nodelim_norole_nocot,the municipality of Seia,,Pl_civil,fn,
qwen3_14b,participants,lusa_51,ext_def_exp_temp0.3_nodelim_norole_nocot,welcomed,,Fac,fn,
qwen3_14b,participants,lusa_51,ext_def_exp_temp0.3_nodelim_norole_nocot,the note,,Obj,fn,
qwen3_14b,participants,lusa_52,ext_def_exp_temp0.3_nodelim_norole_nocot,the ministers,,Per,tp,
qwen3_14b,participants,lusa_52,ext_def_exp_temp0.3_nodelim_norole_nocot,parliament,,Loc,tp,
qwen3_14b,participants,lusa_52,ext_def_exp_temp0.3_nodelim_norole_nocot,State Budget for 2021,,Other,tp,
qwen3_14b,participants,lusa_52,ext_def_exp_temp0.3_nodelim_norole_nocot,Ferro Rodrigues,,Per,tp,
qwen3_14b,participants,lusa_52,ext_def_exp_temp0.3_nodelim_norole_nocot,the president of the Assembly of the Republic,,Per,tp,
qwen3_14b,participants,lusa_52,ext_def_exp_temp0.3_nodelim_norole_nocot,Ana Gomes Godinho,,,fp,
qwen3_14b,participants,lusa_52,ext_def_exp_temp0.3_nodelim_norole_nocot,the room,,,fp,
qwen3_14b,participants,lusa_52,ext_def_exp_temp0.3_nodelim_norole_nocot,he,,,fp,
qwen3_14b,participants,lusa_52,ext_def_exp_temp0.3_nodelim_norole_nocot,"Prime Minister, António Costa",,,fp,
qwen3_14b,participants,lusa_52,ext_def_exp_temp0.3_nodelim_norole_nocot,the members of the executive,,,fp,
qwen3_14b,participants,lusa_52,ext_def_exp_temp0.3_nodelim_norole_nocot,Finance,,,fp,
qwen3_14b,participants,lusa_52,ext_def_exp_temp0.3_nodelim_norole_nocot,Labor,,,fp,
qwen3_14b,participants,lusa_52,ext_def_exp_temp0.3_nodelim_norole_nocot,deputies,,,fp,
qwen3_14b,participants,lusa_52,ext_def_exp_temp0.3_nodelim_norole_nocot,Government members,,,fp,
qwen3_14b,participants,lusa_52,ext_def_exp_temp0.3_nodelim_norole_nocot,Assembly of the Republic,,,fp,
qwen3_14b,participants,lusa_52,ext_def_exp_temp0.3_nodelim_norole_nocot,the executive,,,fp,
qwen3_14b,participants,lusa_52,ext_def_exp_temp0.3_nodelim_norole_nocot,João Pedro Matos Fernandes,,,fp,
qwen3_14b,participants,lusa_52,ext_def_exp_temp0.3_nodelim_norole_nocot,Environment,,,fp,
qwen3_14b,participants,lusa_52,ext_def_exp_temp0.3_nodelim_norole_nocot,members,,Per,fn,
qwen3_14b,participants,lusa_52,ext_def_exp_temp0.3_nodelim_norole_nocot,the chairs,,Obj,fn,
qwen3_14b,participants,lusa_52,ext_def_exp_temp0.3_nodelim_norole_nocot,"João Pedro Matos Fernandes, Environment",,Per,fn,
qwen3_14b,participants,lusa_52,ext_def_exp_temp0.3_nodelim_norole_nocot,room,,Loc,fn,
qwen3_14b,participants,lusa_52,ext_def_exp_temp0.3_nodelim_norole_nocot,the deputies,,Per,fn,
qwen3_14b,participants,lusa_52,ext_def_exp_temp0.3_nodelim_norole_nocot,bench,,Loc,fn,
qwen3_14b,participants,lusa_52,ext_def_exp_temp0.3_nodelim_norole_nocot,"Ana Gomes Godinho, Labor",,Per,fn,
qwen3_14b,participants,lusa_52,ext_def_exp_temp0.3_nodelim_norole_nocot,the Prime Minister,,Per,fn,
qwen3_14b,participants,lusa_52,ext_def_exp_temp0.3_nodelim_norole_nocot,the head of Finance,,Per,fn,
qwen3_14b,participants,lusa_52,ext_def_exp_temp0.3_nodelim_norole_nocot,António Costa,,Per,fn,
qwen3_14b,participants,lusa_52,ext_def_exp_temp0.3_nodelim_norole_nocot,Government,,Org,fn,
qwen3_14b,participants,lusa_52,ext_def_exp_temp0.3_nodelim_norole_nocot,the members,,Per,fn,
qwen3_14b,participants,lusa_52,ext_def_exp_temp0.3_nodelim_norole_nocot,executive,,Per,fn,
qwen3_14b,participants,lusa_53,ext_def_exp_temp0.3_nodelim_norole_nocot,KLM,,Org,tp,
qwen3_14b,participants,lusa_53,ext_def_exp_temp0.3_nodelim_norole_nocot,the government,,Org,tp,
qwen3_14b,participants,lusa_53,ext_def_exp_temp0.3_nodelim_norole_nocot,The Dutch government,,Org,tp,
qwen3_14b,participants,lusa_53,ext_def_exp_temp0.3_nodelim_norole_nocot,the union,,Org,tp,
qwen3_14b,participants,lusa_53,ext_def_exp_temp0.3_nodelim_norole_nocot,Air France-KLM,,Org,tp,
qwen3_14b,participants,lusa_53,ext_def_exp_temp0.3_nodelim_norole_nocot,pilots,,,fp,
qwen3_14b,participants,lusa_53,ext_def_exp_temp0.3_nodelim_norole_nocot,Finance Minister Wopke Hoekstra,,,fp,
qwen3_14b,participants,lusa_53,ext_def_exp_temp0.3_nodelim_norole_nocot,the Dutch branch of Air France-KLM,,,fp,
qwen3_14b,participants,lusa_53,ext_def_exp_temp0.3_nodelim_norole_nocot,country's media,,,fp,
qwen3_14b,participants,lusa_53,ext_def_exp_temp0.3_nodelim_norole_nocot,France-Presse (AFP),,,fp,
qwen3_14b,participants,lusa_53,ext_def_exp_temp0.3_nodelim_norole_nocot,VNV pilots' union,,,fp,
qwen3_14b,participants,lusa_53,ext_def_exp_temp0.3_nodelim_norole_nocot,plan,,,fp,
qwen3_14b,participants,lusa_53,ext_def_exp_temp0.3_nodelim_norole_nocot,363 million,,Obj,fn,
qwen3_14b,participants,lusa_53,ext_def_exp_temp0.3_nodelim_norole_nocot,three thousand pilots,,Per,fn,
qwen3_14b,participants,lusa_53,ext_def_exp_temp0.3_nodelim_norole_nocot,the air carrier KLM,,Org,fn,
qwen3_14b,participants,lusa_53,ext_def_exp_temp0.3_nodelim_norole_nocot,the country,,Loc,fn,
qwen3_14b,participants,lusa_53,ext_def_exp_temp0.3_nodelim_norole_nocot,3.4 billion euros,,Obj,fn,
qwen3_14b,participants,lusa_53,ext_def_exp_temp0.3_nodelim_norole_nocot,after pilots,,Per,fn,
qwen3_14b,participants,lusa_53,ext_def_exp_temp0.3_nodelim_norole_nocot,KLM meanwhile announced that the,,Org,fn,
qwen3_14b,participants,lusa_53,ext_def_exp_temp0.3_nodelim_norole_nocot,the Dutch branch,,Org,fn,
qwen3_14b,participants,lusa_53,ext_def_exp_temp0.3_nodelim_norole_nocot,Wopke Hoekstra,,Per,fn,
qwen3_14b,participants,lusa_53,ext_def_exp_temp0.3_nodelim_norole_nocot,to news agency France-Presse (AFP),,Org,fn,
qwen3_14b,participants,lusa_53,ext_def_exp_temp0.3_nodelim_norole_nocot,several billion euros,,Obj,fn,
qwen3_14b,participants,lusa_53,ext_def_exp_temp0.3_nodelim_norole_nocot,expenses,,Other,fn,
qwen3_14b,participants,lusa_53,ext_def_exp_temp0.3_nodelim_norole_nocot,15%,,Other,fn,
qwen3_14b,participants,lusa_53,ext_def_exp_temp0.3_nodelim_norole_nocot,the country's media,,Org,fn,
qwen3_14b,participants,lusa_53,ext_def_exp_temp0.3_nodelim_norole_nocot,Finance Minister ,,Per,fn,
qwen3_14b,participants,lusa_53,ext_def_exp_temp0.3_nodelim_norole_nocot,salary,,Other,fn,
qwen3_14b,participants,lusa_53,ext_def_exp_temp0.3_nodelim_norole_nocot,' union,,Org,fn,
qwen3_14b,participants,lusa_53,ext_def_exp_temp0.3_nodelim_norole_nocot,1.6 billion euros,,Obj,fn,
qwen3_14b,participants,lusa_53,ext_def_exp_temp0.3_nodelim_norole_nocot,20%,,Other,fn,
qwen3_14b,participants,lusa_53,ext_def_exp_temp0.3_nodelim_norole_nocot,five thousand,,Other,fn,
qwen3_14b,participants,lusa_53,ext_def_exp_temp0.3_nodelim_norole_nocot,the VNV pilots,,Per,fn,
qwen3_14b,participants,lusa_54,ext_def_exp_temp0.3_nodelim_norole_nocot,the vehicle,,Obj,tp,
qwen3_14b,participants,lusa_54,ext_def_exp_temp0.3_nodelim_norole_nocot,The Portuguese Government,,Org,tp,
qwen3_14b,participants,lusa_54,ext_def_exp_temp0.3_nodelim_norole_nocot,people,,Per,tp,
qwen3_14b,participants,lusa_54,ext_def_exp_temp0.3_nodelim_norole_nocot,Two people,,Per,tp,
qwen3_14b,participants,lusa_54,ext_def_exp_temp0.3_nodelim_norole_nocot,a vehicle,,Obj,tp,
qwen3_14b,participants,lusa_54,ext_def_exp_temp0.3_nodelim_norole_nocot,The driver,,Per,tp,
qwen3_14b,participants,lusa_54,ext_def_exp_temp0.3_nodelim_norole_nocot,Trier,,Pl_civil,tp,
qwen3_14b,participants,lusa_54,ext_def_exp_temp0.3_nodelim_norole_nocot,several,,Per,tp,
qwen3_14b,participants,lusa_54,ext_def_exp_temp0.3_nodelim_norole_nocot,Germany,,Pl_country,tp,
qwen3_14b,participants,lusa_54,ext_def_exp_temp0.3_nodelim_norole_nocot,German people,,,fp,
qwen3_14b,participants,lusa_54,ext_def_exp_temp0.3_nodelim_norole_nocot,city of Trier,,,fp,
qwen3_14b,participants,lusa_54,ext_def_exp_temp0.3_nodelim_norole_nocot,local police,,,fp,
qwen3_14b,participants,lusa_54,ext_def_exp_temp0.3_nodelim_norole_nocot,the same publication,,,fp,
qwen3_14b,participants,lusa_54,ext_def_exp_temp0.3_nodelim_norole_nocot,authorities of Germany,,,fp,
qwen3_14b,participants,lusa_54,ext_def_exp_temp0.3_nodelim_norole_nocot,city center,,,fp,
qwen3_14b,participants,lusa_54,ext_def_exp_temp0.3_nodelim_norole_nocot,Police,,,fp,
qwen3_14b,participants,lusa_54,ext_def_exp_temp0.3_nodelim_norole_nocot,pedestrian zone,,,fp,
qwen3_14b,participants,lusa_54,ext_def_exp_temp0.3_nodelim_norole_nocot,victims,,,fp,
qwen3_14b,participants,lusa_54,ext_def_exp_temp0.3_nodelim_norole_nocot,injured people,,,fp,
qwen3_14b,participants,lusa_54,ext_def_exp_temp0.3_nodelim_norole_nocot,families of the victims,,,fp,
qwen3_14b,participants,lusa_54,ext_def_exp_temp0.3_nodelim_norole_nocot,Portuguese Government,,,fp,
qwen3_14b,participants,lusa_54,ext_def_exp_temp0.3_nodelim_norole_nocot,rescue teams,,,fp,
qwen3_14b,participants,lusa_54,ext_def_exp_temp0.3_nodelim_norole_nocot,southwestern Germany,,,fp,
qwen3_14b,participants,lusa_54,ext_def_exp_temp0.3_nodelim_norole_nocot,Trier police,,,fp,
qwen3_14b,participants,lusa_54,ext_def_exp_temp0.3_nodelim_norole_nocot,German city,,,fp,
qwen3_14b,participants,lusa_54,ext_def_exp_temp0.3_nodelim_norole_nocot,Ministry of Foreign Affairs,,,fp,
qwen3_14b,participants,lusa_54,ext_def_exp_temp0.3_nodelim_norole_nocot,German authorities,,,fp,
qwen3_14b,participants,lusa_54,ext_def_exp_temp0.3_nodelim_norole_nocot,Frankfurt,,Pl_civil,fn,
qwen3_14b,participants,lusa_54,ext_def_exp_temp0.3_nodelim_norole_nocot,west of Frankfurt,,Pl_region,fn,
qwen3_14b,participants,lusa_54,ext_def_exp_temp0.3_nodelim_norole_nocot,the German,,Loc,fn,
qwen3_14b,participants,lusa_54,ext_def_exp_temp0.3_nodelim_norole_nocot,Police ,,Org,fn,
qwen3_14b,participants,lusa_54,ext_def_exp_temp0.3_nodelim_norole_nocot,more details about the incident,,Other,fn,
qwen3_14b,participants,lusa_54,ext_def_exp_temp0.3_nodelim_norole_nocot,the Trier police,,Org,fn,
qwen3_14b,participants,lusa_54,ext_def_exp_temp0.3_nodelim_norole_nocot,with Luxembourg,,Pl_country,fn,
qwen3_14b,participants,lusa_54,ext_def_exp_temp0.3_nodelim_norole_nocot,German people and authorities,,Org,fn,
qwen3_14b,participants,lusa_54,ext_def_exp_temp0.3_nodelim_norole_nocot,and rescue teams asked people to avoid,,Org,fn,
qwen3_14b,participants,lusa_54,ext_def_exp_temp0.3_nodelim_norole_nocot,the city of Trier,,Pl_civil,fn,
qwen3_14b,participants,lusa_54,ext_def_exp_temp0.3_nodelim_norole_nocot,the border with Luxembourg,,Loc,fn,
qwen3_14b,participants,lusa_54,ext_def_exp_temp0.3_nodelim_norole_nocot,the German people,,Per,fn,
qwen3_14b,participants,lusa_54,ext_def_exp_temp0.3_nodelim_norole_nocot,the Ministry of Foreign Affairs,,Org,fn,
qwen3_14b,participants,lusa_54,ext_def_exp_temp0.3_nodelim_norole_nocot,the victims,,Per,fn,
qwen3_14b,participants,lusa_54,ext_def_exp_temp0.3_nodelim_norole_nocot,the official,,Other,fn,
qwen3_14b,participants,lusa_54,ext_def_exp_temp0.3_nodelim_norole_nocot,the injured,,Per,fn,
qwen3_14b,participants,lusa_54,ext_def_exp_temp0.3_nodelim_norole_nocot,authorities,,Org,fn,
qwen3_14b,participants,lusa_54,ext_def_exp_temp0.3_nodelim_norole_nocot,that German city,,Pl_civil,fn,
qwen3_14b,participants,lusa_54,ext_def_exp_temp0.3_nodelim_norole_nocot,the city center,,Pl_civil,fn,
qwen3_14b,participants,lusa_54,ext_def_exp_temp0.3_nodelim_norole_nocot,the same social network,,Obj,fn,
qwen3_14b,participants,lusa_54,ext_def_exp_temp0.3_nodelim_norole_nocot,the city,,Pl_civil,fn,
qwen3_14b,participants,lusa_54,ext_def_exp_temp0.3_nodelim_norole_nocot,its,,Org,fn,
qwen3_14b,participants,lusa_54,ext_def_exp_temp0.3_nodelim_norole_nocot,a pedestrian zone,,Loc,fn,
qwen3_14b,participants,lusa_54,ext_def_exp_temp0.3_nodelim_norole_nocot,west,,Pl_region,fn,
qwen3_14b,participants,lusa_54,ext_def_exp_temp0.3_nodelim_norole_nocot,the Portuguese Government,,Org,fn,
qwen3_14b,participants,lusa_54,ext_def_exp_temp0.3_nodelim_norole_nocot,the families,,Per,fn,
qwen3_14b,participants,lusa_54,ext_def_exp_temp0.3_nodelim_norole_nocot,a message,,Other,fn,
qwen3_14b,participants,lusa_54,ext_def_exp_temp0.3_nodelim_norole_nocot,Twitter,,Org,fn,
qwen3_14b,participants,lusa_54,ext_def_exp_temp0.3_nodelim_norole_nocot,to local police,,Org,fn,
qwen3_14b,participants,lusa_54,ext_def_exp_temp0.3_nodelim_norole_nocot,southwestern,,Pl_civil,fn,
qwen3_14b,participants,lusa_54,ext_def_exp_temp0.3_nodelim_norole_nocot,the people,,Per,fn,
qwen3_14b,participants,lusa_54,ext_def_exp_temp0.3_nodelim_norole_nocot,the official Twitter page of the Ministry of Foreign Affairs,,Obj,fn,
qwen3_14b,participants,lusa_54,ext_def_exp_temp0.3_nodelim_norole_nocot,the border,,Loc,fn,
qwen3_14b,participants,lusa_55,ext_def_exp_temp0.3_nodelim_norole_nocot,Hyderabad,,Pl_civil,tp,
qwen3_14b,participants,lusa_55,ext_def_exp_temp0.3_nodelim_norole_nocot,Nepal,,Pl_country,tp,
qwen3_14b,participants,lusa_55,ext_def_exp_temp0.3_nodelim_norole_nocot,people,,Per,tp,
qwen3_14b,participants,lusa_55,ext_def_exp_temp0.3_nodelim_norole_nocot,low-lying areas,,Pl_region,tp,
qwen3_14b,participants,lusa_55,ext_def_exp_temp0.3_nodelim_norole_nocot,unprecedented rains,,Nat,tp,
qwen3_14b,participants,lusa_55,ext_def_exp_temp0.3_nodelim_norole_nocot,Bangladesh,,Pl_country,tp,
qwen3_14b,participants,lusa_55,ext_def_exp_temp0.3_nodelim_norole_nocot,authorities,,Org,tp,
qwen3_14b,participants,lusa_55,ext_def_exp_temp0.3_nodelim_norole_nocot,A house,,Fac,tp,
qwen3_14b,participants,lusa_55,ext_def_exp_temp0.3_nodelim_norole_nocot,India,,Pl_country,tp,
qwen3_14b,participants,lusa_55,ext_def_exp_temp0.3_nodelim_norole_nocot,boats,,Obj,tp,
qwen3_14b,participants,lusa_55,ext_def_exp_temp0.3_nodelim_norole_nocot,four other people,,Per,tp,
qwen3_14b,participants,lusa_55,ext_def_exp_temp0.3_nodelim_norole_nocot,local police,,,fp,
qwen3_14b,participants,lusa_55,ext_def_exp_temp0.3_nodelim_norole_nocot,South Asia,,,fp,
qwen3_14b,participants,lusa_55,ext_def_exp_temp0.3_nodelim_norole_nocot,eight people,,,fp,
qwen3_14b,participants,lusa_55,ext_def_exp_temp0.3_nodelim_norole_nocot,wall,,,fp,
qwen3_14b,participants,lusa_55,ext_def_exp_temp0.3_nodelim_norole_nocot,severe flooding,,,fp,
qwen3_14b,participants,lusa_55,ext_def_exp_temp0.3_nodelim_norole_nocot,record,,,fp,
qwen3_14b,participants,lusa_55,ext_def_exp_temp0.3_nodelim_norole_nocot,neighboring house,,,fp,
qwen3_14b,participants,lusa_55,ext_def_exp_temp0.3_nodelim_norole_nocot,the dead,,,fp,
qwen3_14b,participants,lusa_55,ext_def_exp_temp0.3_nodelim_norole_nocot,where,,Pl_civil,fn,
qwen3_14b,participants,lusa_55,ext_def_exp_temp0.3_nodelim_norole_nocot,a wall,,Other,fn,
qwen3_14b,participants,lusa_55,ext_def_exp_temp0.3_nodelim_norole_nocot,southern Indian,,Pl_country,fn,
qwen3_14b,participants,lusa_55,ext_def_exp_temp0.3_nodelim_norole_nocot,homes,,Other,fn,
qwen3_14b,participants,lusa_55,ext_def_exp_temp0.3_nodelim_norole_nocot,dead,,Per,fn,
qwen3_14b,participants,lusa_55,ext_def_exp_temp0.3_nodelim_norole_nocot,Around 550 people,,Per,fn,
qwen3_14b,participants,lusa_55,ext_def_exp_temp0.3_nodelim_norole_nocot,millions,,Per,fn,
qwen3_14b,participants,lusa_55,ext_def_exp_temp0.3_nodelim_norole_nocot,Heavy rain,,Nat,fn,
qwen3_14b,participants,lusa_55,ext_def_exp_temp0.3_nodelim_norole_nocot,the city,,Pl_civil,fn,
qwen3_14b,participants,lusa_55,ext_def_exp_temp0.3_nodelim_norole_nocot,", local police",,Org,fn,
qwen3_14b,participants,lusa_55,ext_def_exp_temp0.3_nodelim_norole_nocot,millions ,,Per,fn,
qwen3_14b,participants,lusa_55,ext_def_exp_temp0.3_nodelim_norole_nocot,across South,,Pl_region,fn,
qwen3_14b,participants,lusa_55,ext_def_exp_temp0.3_nodelim_norole_nocot,More than 9.6 million people,,Per,fn,
qwen3_14b,participants,lusa_55,ext_def_exp_temp0.3_nodelim_norole_nocot,Asia,,Pl_region,fn,
qwen3_14b,participants,lusa_55,ext_def_exp_temp0.3_nodelim_norole_nocot,city of Hyderabad,,Pl_civil,fn,
qwen3_14b,participants,lusa_55,ext_def_exp_temp0.3_nodelim_norole_nocot,a record,,Other,fn,
qwen3_14b,participants,lusa_55,ext_def_exp_temp0.3_nodelim_norole_nocot,a neighboring house,,Fac,fn,
qwen3_14b,participants,lusa_55,ext_def_exp_temp0.3_nodelim_norole_nocot,which,,Fac,fn,
qwen3_14b,participants,lusa_55,ext_def_exp_temp0.3_nodelim_norole_nocot,at least eight people,,Per,fn,
qwen3_14b,participants,lusa_55,ext_def_exp_temp0.3_nodelim_norole_nocot,the southern,,Pl_region,fn,
qwen3_14b,participants,lusa_56,ext_def_exp_temp0.3_nodelim_norole_nocot,France,,Loc,tp,
qwen3_14b,participants,lusa_56,ext_def_exp_temp0.3_nodelim_norole_nocot,Frenchwoman Sophie Pétronin,,Per,tp,
qwen3_14b,participants,lusa_56,ext_def_exp_temp0.3_nodelim_norole_nocot,a family member,,Per,tp,
qwen3_14b,participants,lusa_56,ext_def_exp_temp0.3_nodelim_norole_nocot,Agence France-Presse (AFP),,Org,tp,
qwen3_14b,participants,lusa_56,ext_def_exp_temp0.3_nodelim_norole_nocot,party,,Org,tp,
qwen3_14b,participants,lusa_56,ext_def_exp_temp0.3_nodelim_norole_nocot,200 released detainees,,Per,tp,
qwen3_14b,participants,lusa_56,ext_def_exp_temp0.3_nodelim_norole_nocot,Soumaila Cissé,,Per,tp,
qwen3_14b,participants,lusa_56,ext_def_exp_temp0.3_nodelim_norole_nocot,He,,Per,tp,
qwen3_14b,participants,lusa_56,ext_def_exp_temp0.3_nodelim_norole_nocot,AFP,,Org,tp,
qwen3_14b,participants,lusa_56,ext_def_exp_temp0.3_nodelim_norole_nocot,jihadists,,Per,tp,
qwen3_14b,participants,lusa_56,ext_def_exp_temp0.3_nodelim_norole_nocot,two Italians,,Per,tp,
qwen3_14b,participants,lusa_56,ext_def_exp_temp0.3_nodelim_norole_nocot,Northwest,,,fp,
qwen3_14b,participants,lusa_56,ext_def_exp_temp0.3_nodelim_norole_nocot,Tumbuktu region,,,fp,
qwen3_14b,participants,lusa_56,ext_def_exp_temp0.3_nodelim_norole_nocot,he,,,fp,
qwen3_14b,participants,lusa_56,ext_def_exp_temp0.3_nodelim_norole_nocot,Malian opposition,,,fp,
qwen3_14b,participants,lusa_56,ext_def_exp_temp0.3_nodelim_norole_nocot,I,,,fp,
qwen3_14b,participants,lusa_56,ext_def_exp_temp0.3_nodelim_norole_nocot,the Government of Mali,,,fp,
qwen3_14b,participants,lusa_56,ext_def_exp_temp0.3_nodelim_norole_nocot,His wife,,,fp,
qwen3_14b,participants,lusa_56,ext_def_exp_temp0.3_nodelim_norole_nocot,the new coronavirus,,,fp,
qwen3_14b,participants,lusa_56,ext_def_exp_temp0.3_nodelim_norole_nocot,Mali's opposition,,,fp,
qwen3_14b,participants,lusa_56,ext_def_exp_temp0.3_nodelim_norole_nocot,member of the Union for the Republic and Democracy (URD),,,fp,
qwen3_14b,participants,lusa_56,ext_def_exp_temp0.3_nodelim_norole_nocot,Union for the Republic and Democracy (URD),,,fp,
qwen3_14b,participants,lusa_56,ext_def_exp_temp0.3_nodelim_norole_nocot,his family,,,fp,
qwen3_14b,participants,lusa_56,ext_def_exp_temp0.3_nodelim_norole_nocot,where,,Loc,fn,
qwen3_14b,participants,lusa_56,ext_def_exp_temp0.3_nodelim_norole_nocot,Malian,,Pl_civil,fn,
qwen3_14b,participants,lusa_56,ext_def_exp_temp0.3_nodelim_norole_nocot,Mali,,Pl_civil,fn,
qwen3_14b,participants,lusa_56,ext_def_exp_temp0.3_nodelim_norole_nocot,His,,Per,fn,
qwen3_14b,participants,lusa_56,ext_def_exp_temp0.3_nodelim_norole_nocot,a member,,Per,fn,
qwen3_14b,participants,lusa_56,ext_def_exp_temp0.3_nodelim_norole_nocot,wife,,Per,fn,
qwen3_14b,participants,lusa_56,ext_def_exp_temp0.3_nodelim_norole_nocot,leader of Mali's opposition,,Per,fn,
qwen3_14b,participants,lusa_56,ext_def_exp_temp0.3_nodelim_norole_nocot,the Union for the Republic and Democracy (URD),,Org,fn,
qwen3_14b,participants,lusa_56,ext_def_exp_temp0.3_nodelim_norole_nocot,his,,Per,fn,
qwen3_14b,participants,lusa_56,ext_def_exp_temp0.3_nodelim_norole_nocot,"the new coronavirus, his",,Per,fn,
qwen3_14b,participants,lusa_56,ext_def_exp_temp0.3_nodelim_norole_nocot,new coronavirus,,Nat,fn,
qwen3_14b,participants,lusa_56,ext_def_exp_temp0.3_nodelim_norole_nocot,The main opponent of the Government,,Per,fn,
qwen3_14b,participants,lusa_56,ext_def_exp_temp0.3_nodelim_norole_nocot,opposition figure,,Per,fn,
qwen3_14b,participants,lusa_56,ext_def_exp_temp0.3_nodelim_norole_nocot,family,,Per,fn,
qwen3_14b,participants,lusa_56,ext_def_exp_temp0.3_nodelim_norole_nocot,second,,Other,fn,
qwen3_14b,participants,lusa_56,ext_def_exp_temp0.3_nodelim_norole_nocot,computer engineer,,Per,fn,
qwen3_14b,participants,lusa_56,ext_def_exp_temp0.3_nodelim_norole_nocot,Covid-19,,Nat,fn,
qwen3_14b,participants,lusa_56,ext_def_exp_temp0.3_nodelim_norole_nocot,me,,Per,fn,
qwen3_14b,participants,lusa_56,ext_def_exp_temp0.3_nodelim_norole_nocot,the Tumbuktu region (Northwest),,Pl_civil,fn,
qwen3_14b,participants,lusa_56,ext_def_exp_temp0.3_nodelim_norole_nocot,who,,Per,fn,
qwen3_14b,participants,lusa_57,ext_def_exp_temp0.3_nodelim_norole_nocot,journalists,,Per,tp,
qwen3_14b,participants,lusa_57,ext_def_exp_temp0.3_nodelim_norole_nocot,230 million Muslims,,Per,tp,
qwen3_14b,participants,lusa_57,ext_def_exp_temp0.3_nodelim_norole_nocot,the organization,,Org,tp,
qwen3_14b,participants,lusa_57,ext_def_exp_temp0.3_nodelim_norole_nocot,The Jakarta government,,Org,tp,
qwen3_14b,participants,lusa_57,ext_def_exp_temp0.3_nodelim_norole_nocot,a Muslim group,,Per,tp,
qwen3_14b,participants,lusa_57,ext_def_exp_temp0.3_nodelim_norole_nocot,Indonesia,,Pl_country,tp,
qwen3_14b,participants,lusa_57,ext_def_exp_temp0.3_nodelim_norole_nocot,The radical group,,Per,tp,
qwen3_14b,participants,lusa_57,ext_def_exp_temp0.3_nodelim_norole_nocot,Western embassies,,Org,tp,
qwen3_14b,participants,lusa_57,ext_def_exp_temp0.3_nodelim_norole_nocot,the population,,Per,tp,
qwen3_14b,participants,lusa_57,ext_def_exp_temp0.3_nodelim_norole_nocot,non-Islamic places of worship,,,fp,
qwen3_14b,participants,lusa_57,ext_def_exp_temp0.3_nodelim_norole_nocot,the group,,,fp,
qwen3_14b,participants,lusa_57,ext_def_exp_temp0.3_nodelim_norole_nocot,FPI,,,fp,
qwen3_14b,participants,lusa_57,ext_def_exp_temp0.3_nodelim_norole_nocot,Rizieg Shihab,,,fp,
qwen3_14b,participants,lusa_57,ext_def_exp_temp0.3_nodelim_norole_nocot,authorities,,,fp,
qwen3_14b,participants,lusa_57,ext_def_exp_temp0.3_nodelim_norole_nocot,the Government,,,fp,
qwen3_14b,participants,lusa_57,ext_def_exp_temp0.3_nodelim_norole_nocot,the Christian governor of Jakarta,,,fp,
qwen3_14b,participants,lusa_57,ext_def_exp_temp0.3_nodelim_norole_nocot,Security Minister Mohammad Mahfud,,,fp,
qwen3_14b,participants,lusa_57,ext_def_exp_temp0.3_nodelim_norole_nocot,Islamic Defense Front,,,fp,
qwen3_14b,participants,lusa_57,ext_def_exp_temp0.3_nodelim_norole_nocot,that the Islamic Defense Front (FPI in,,Org,fn,
qwen3_14b,participants,lusa_57,ext_def_exp_temp0.3_nodelim_norole_nocot,the country,,Pl_country,fn,
qwen3_14b,participants,lusa_57,ext_def_exp_temp0.3_nodelim_norole_nocot,Jakarta,,Pl_capital,fn,
qwen3_14b,participants,lusa_57,ext_def_exp_temp0.3_nodelim_norole_nocot,the Christian governor,,Per,fn,
qwen3_14b,participants,lusa_57,ext_def_exp_temp0.3_nodelim_norole_nocot,over to,,Org,fn,
qwen3_14b,participants,lusa_57,ext_def_exp_temp0.3_nodelim_norole_nocot,Government,,Org,fn,
qwen3_14b,participants,lusa_57,ext_def_exp_temp0.3_nodelim_norole_nocot,The organization,,Org,fn,
qwen3_14b,participants,lusa_57,ext_def_exp_temp0.3_nodelim_norole_nocot,the,,Org,fn,
qwen3_14b,participants,lusa_57,ext_def_exp_temp0.3_nodelim_norole_nocot,The FPI,,Org,fn,
qwen3_14b,participants,lusa_57,ext_def_exp_temp0.3_nodelim_norole_nocot,Security Minister,,Per,fn,
qwen3_14b,participants,lusa_57,ext_def_exp_temp0.3_nodelim_norole_nocot,Mohammad Mahfud,,Per,fn,
qwen3_14b,participants,lusa_57,ext_def_exp_temp0.3_nodelim_norole_nocot,Islamic law (Sharia),,Other,fn,
qwen3_14b,participants,lusa_57,ext_def_exp_temp0.3_nodelim_norole_nocot,non-Islamic places,,Loc,fn,
qwen3_14b,participants,lusa_57,ext_def_exp_temp0.3_nodelim_norole_nocot,covid-19,,Nat,fn,
qwen3_14b,participants,lusa_57,ext_def_exp_temp0.3_nodelim_norole_nocot,which,,Per,fn,
qwen3_14b,participants,lusa_57,ext_def_exp_temp0.3_nodelim_norole_nocot,The organization's leader,,Per,fn,
qwen3_14b,participants,lusa_57,ext_def_exp_temp0.3_nodelim_norole_nocot,Rizieg Shihab,,Per,fn,
qwen3_14b,participants,lusa_57,ext_def_exp_temp0.3_nodelim_norole_nocot,violate the restriction,,Other,fn,
qwen3_14b,participants,lusa_57,ext_def_exp_temp0.3_nodelim_norole_nocot,country,,Pl_country,fn,
qwen3_14b,participants,lusa_57,ext_def_exp_temp0.3_nodelim_norole_nocot,curb the covid-19,,Nat,fn,
qwen3_14b,participants,lusa_57,ext_def_exp_temp0.3_nodelim_norole_nocot,symbols,,Other,fn,
qwen3_14b,participants,lusa_58,ext_def_exp_temp0.3_nodelim_norole_nocot,various health centers,,Org,tp,
qwen3_14b,participants,lusa_58,ext_def_exp_temp0.3_nodelim_norole_nocot,Sílvia Lutucuta,,Per,tp,
qwen3_14b,participants,lusa_58,ext_def_exp_temp0.3_nodelim_norole_nocot,other patients,,Per,tp,
qwen3_14b,participants,lusa_58,ext_def_exp_temp0.3_nodelim_norole_nocot,Cuanhama,,Pl_civil,tp,
qwen3_14b,participants,lusa_58,ext_def_exp_temp0.3_nodelim_norole_nocot,Angola,,Pl_country,tp,
qwen3_14b,participants,lusa_58,ext_def_exp_temp0.3_nodelim_norole_nocot,two people,,Per,tp,
qwen3_14b,participants,lusa_58,ext_def_exp_temp0.3_nodelim_norole_nocot,Municipal Hospital of Cuanhama,,,fp,
qwen3_14b,participants,lusa_58,ext_def_exp_temp0.3_nodelim_norole_nocot,General Hospital,,,fp,
qwen3_14b,participants,lusa_58,ext_def_exp_temp0.3_nodelim_norole_nocot,province of Cunene,,,fp,
qwen3_14b,participants,lusa_58,ext_def_exp_temp0.3_nodelim_norole_nocot,health centers,,,fp,
qwen3_14b,participants,lusa_58,ext_def_exp_temp0.3_nodelim_norole_nocot,patients,,,fp,
qwen3_14b,participants,lusa_58,ext_def_exp_temp0.3_nodelim_norole_nocot,The Minister of Health of Angola,,,fp,
qwen3_14b,participants,lusa_58,ext_def_exp_temp0.3_nodelim_norole_nocot,hospital units,,,fp,
qwen3_14b,participants,lusa_58,ext_def_exp_temp0.3_nodelim_norole_nocot,fire,,,fp,
qwen3_14b,participants,lusa_58,ext_def_exp_temp0.3_nodelim_norole_nocot,frontline team,,,fp,
qwen3_14b,participants,lusa_58,ext_def_exp_temp0.3_nodelim_norole_nocot,the General Hospital,,Fac,fn,
qwen3_14b,participants,lusa_58,ext_def_exp_temp0.3_nodelim_norole_nocot,The Minister of Health,,Per,fn,
qwen3_14b,participants,lusa_58,ext_def_exp_temp0.3_nodelim_norole_nocot,the General Hospital in the province of Cunene,,Org,fn,
qwen3_14b,participants,lusa_58,ext_def_exp_temp0.3_nodelim_norole_nocot,that,,Per,fn,
qwen3_14b,participants,lusa_58,ext_def_exp_temp0.3_nodelim_norole_nocot,surgical wards,,Loc,fn,
qwen3_14b,participants,lusa_58,ext_def_exp_temp0.3_nodelim_norole_nocot,the other,,Pl_civil,fn,
qwen3_14b,participants,lusa_58,ext_def_exp_temp0.3_nodelim_norole_nocot,worst,,Other,fn,
qwen3_14b,participants,lusa_58,ext_def_exp_temp0.3_nodelim_norole_nocot,a newborn,,Per,fn,
qwen3_14b,participants,lusa_58,ext_def_exp_temp0.3_nodelim_norole_nocot,capital,,Pl_capital,fn,
qwen3_14b,participants,lusa_58,ext_def_exp_temp0.3_nodelim_norole_nocot,the new Municipal Hospital,,Org,fn,
qwen3_14b,participants,lusa_58,ext_def_exp_temp0.3_nodelim_norole_nocot,the other patients,,Per,fn,
qwen3_14b,participants,lusa_58,ext_def_exp_temp0.3_nodelim_norole_nocot,a seriously ill,,Per,fn,
qwen3_14b,participants,lusa_58,ext_def_exp_temp0.3_nodelim_norole_nocot,oxygen,,Other,fn,
qwen3_14b,participants,lusa_58,ext_def_exp_temp0.3_nodelim_norole_nocot,Ondjiva,,Pl_civil,fn,
qwen3_14b,participants,lusa_58,ext_def_exp_temp0.3_nodelim_norole_nocot,that southern province of Angola,,Pl_civil,fn,
qwen3_14b,participants,lusa_58,ext_def_exp_temp0.3_nodelim_norole_nocot,the province of Cunene,,Pl_civil,fn,
qwen3_14b,participants,lusa_58,ext_def_exp_temp0.3_nodelim_norole_nocot,that southern province,,Pl_civil,fn,
qwen3_14b,participants,lusa_58,ext_def_exp_temp0.3_nodelim_norole_nocot,the death,,Pl_region,fn,
qwen3_14b,participants,lusa_58,ext_def_exp_temp0.3_nodelim_norole_nocot,the operating room,,Loc,fn,
qwen3_14b,participants,lusa_58,ext_def_exp_temp0.3_nodelim_norole_nocot,A note,,Obj,fn,
qwen3_14b,participants,lusa_58,ext_def_exp_temp0.3_nodelim_norole_nocot,the oxygen storage station,,Loc,fn,
qwen3_14b,participants,lusa_58,ext_def_exp_temp0.3_nodelim_norole_nocot,All patients,,Per,fn,
qwen3_14b,participants,lusa_58,ext_def_exp_temp0.3_nodelim_norole_nocot,the Ministry of Health,,Org,fn,
qwen3_14b,participants,lusa_58,ext_def_exp_temp0.3_nodelim_norole_nocot,the minister,,Per,fn,
qwen3_14b,participants,lusa_58,ext_def_exp_temp0.3_nodelim_norole_nocot,other hospital units,,Org,fn,
qwen3_14b,participants,lusa_58,ext_def_exp_temp0.3_nodelim_norole_nocot,a frontline team mobilized to avoid the,,Per,fn,
qwen3_14b,participants,lusa_58,ext_def_exp_temp0.3_nodelim_norole_nocot,of Cunene,,Pl_civil,fn,
qwen3_14b,participants,lusa_58,ext_def_exp_temp0.3_nodelim_norole_nocot,the operating room areas,,Pl_region,fn,
qwen3_14b,participants,lusa_58,ext_def_exp_temp0.3_nodelim_norole_nocot,the new Municipal Hospital of Cuanhama,,Org,fn,
qwen3_14b,participants,lusa_59,ext_def_exp_temp0.3_nodelim_norole_nocot,the military,,Per,tp,
qwen3_14b,participants,lusa_59,ext_def_exp_temp0.3_nodelim_norole_nocot,A 60-year-old man,,Per,tp,
qwen3_14b,participants,lusa_59,ext_def_exp_temp0.3_nodelim_norole_nocot,the victim,,Per,tp,
qwen3_14b,participants,lusa_59,ext_def_exp_temp0.3_nodelim_norole_nocot,the attacker,,Per,tp,
qwen3_14b,participants,lusa_59,ext_def_exp_temp0.3_nodelim_norole_nocot,The detainee,,Per,tp,
qwen3_14b,participants,lusa_59,ext_def_exp_temp0.3_nodelim_norole_nocot,the statement,,Obj,tp,
qwen3_14b,participants,lusa_59,ext_def_exp_temp0.3_nodelim_norole_nocot,the Trofa Territorial Post,,Org,tp,
qwen3_14b,participants,lusa_59,ext_def_exp_temp0.3_nodelim_norole_nocot,the woman,,Per,tp,
qwen3_14b,participants,lusa_59,ext_def_exp_temp0.3_nodelim_norole_nocot,his 59-year-old wife,,Per,tp,
qwen3_14b,participants,lusa_59,ext_def_exp_temp0.3_nodelim_norole_nocot,NIAVE,,,fp,
qwen3_14b,participants,lusa_59,ext_def_exp_temp0.3_nodelim_norole_nocot,GNR,,,fp,
qwen3_14b,participants,lusa_59,ext_def_exp_temp0.3_nodelim_norole_nocot,Matosinhos Judicial Court,,,fp,
qwen3_14b,participants,lusa_59,ext_def_exp_temp0.3_nodelim_norole_nocot,the suspect,,,fp,
qwen3_14b,participants,lusa_59,ext_def_exp_temp0.3_nodelim_norole_nocot,Center for Investigation and Support for Specific Victims (NIAVE),,,fp,
qwen3_14b,participants,lusa_59,ext_def_exp_temp0.3_nodelim_norole_nocot,Porto,,,fp,
qwen3_14b,participants,lusa_59,ext_def_exp_temp0.3_nodelim_norole_nocot,where,,Loc,fn,
qwen3_14b,participants,lusa_59,ext_def_exp_temp0.3_nodelim_norole_nocot,alcoholic beverages,,Other,fn,
qwen3_14b,participants,lusa_59,ext_def_exp_temp0.3_nodelim_norole_nocot,measure,,Other,fn,
qwen3_14b,participants,lusa_59,ext_def_exp_temp0.3_nodelim_norole_nocot,victim,,Per,fn,
qwen3_14b,participants,lusa_59,ext_def_exp_temp0.3_nodelim_norole_nocot,place of work,,Loc,fn,
qwen3_14b,participants,lusa_59,ext_def_exp_temp0.3_nodelim_norole_nocot,Porto district,,Pl_civil,fn,
qwen3_14b,participants,lusa_59,ext_def_exp_temp0.3_nodelim_norole_nocot,the GNR,,Per,fn,
qwen3_14b,participants,lusa_59,ext_def_exp_temp0.3_nodelim_norole_nocot,he,,Per,fn,
qwen3_14b,participants,lusa_59,ext_def_exp_temp0.3_nodelim_norole_nocot,Judicial Court,,Org,fn,
qwen3_14b,participants,lusa_59,ext_def_exp_temp0.3_nodelim_norole_nocot,the Trofa,,Pl_civil,fn,
qwen3_14b,participants,lusa_59,ext_def_exp_temp0.3_nodelim_norole_nocot,his,,Per,fn,
qwen3_14b,participants,lusa_59,ext_def_exp_temp0.3_nodelim_norole_nocot,statement,,Obj,fn,
qwen3_14b,participants,lusa_59,ext_def_exp_temp0.3_nodelim_norole_nocot,the,,Pl_civil,fn,
qwen3_14b,participants,lusa_59,ext_def_exp_temp0.3_nodelim_norole_nocot,Trofa,,Pl_civil,fn,
qwen3_14b,participants,lusa_59,ext_def_exp_temp0.3_nodelim_norole_nocot,Matosinhos,,Pl_civil,fn,
qwen3_14b,participants,lusa_59,ext_def_exp_temp0.3_nodelim_norole_nocot,an unknown location,,Loc,fn,
qwen3_14b,participants,lusa_59,ext_def_exp_temp0.3_nodelim_norole_nocot,and Support for Specific Victims (NIAVE) in,,Org,fn,
qwen3_14b,participants,lusa_59,ext_def_exp_temp0.3_nodelim_norole_nocot,"the ""suspect",,Per,fn,
qwen3_14b,participants,lusa_59,ext_def_exp_temp0.3_nodelim_norole_nocot,the Matosinhos Judicial Court,,Loc,fn,
qwen3_14b,participants,lusa_59,ext_def_exp_temp0.3_nodelim_norole_nocot,consumer ,,Per,fn,
qwen3_14b,participants,lusa_59,ext_def_exp_temp0.3_nodelim_norole_nocot,", his 59-year-old wife",,Per,fn,
qwen3_14b,participants,lusa_6,ext_def_exp_temp0.3_nodelim_norole_nocot,Espinho,,Pl_civil,tp,
qwen3_14b,participants,lusa_6,ext_def_exp_temp0.3_nodelim_norole_nocot,the building,,Fac,tp,
qwen3_14b,participants,lusa_6,ext_def_exp_temp0.3_nodelim_norole_nocot,the said building,,Fac,tp,
qwen3_14b,participants,lusa_6,ext_def_exp_temp0.3_nodelim_norole_nocot,PSP,,,fp,
qwen3_14b,participants,lusa_6,ext_def_exp_temp0.3_nodelim_norole_nocot,the alleged perpetrator of the fire,,,fp,
qwen3_14b,participants,lusa_6,ext_def_exp_temp0.3_nodelim_norole_nocot,Espinho Volunteer Firefighters,,,fp,
qwen3_14b,participants,lusa_6,ext_def_exp_temp0.3_nodelim_norole_nocot,police force,,,fp,
qwen3_14b,participants,lusa_6,ext_def_exp_temp0.3_nodelim_norole_nocot,Aveiro,,,fp,
qwen3_14b,participants,lusa_6,ext_def_exp_temp0.3_nodelim_norole_nocot,people,,,fp,
qwen3_14b,participants,lusa_6,ext_def_exp_temp0.3_nodelim_norole_nocot,residential building,,,fp,
qwen3_14b,participants,lusa_6,ext_def_exp_temp0.3_nodelim_norole_nocot,The fire,,,fp,
qwen3_14b,participants,lusa_6,ext_def_exp_temp0.3_nodelim_norole_nocot,the entrance hall of the said building,,,fp,
qwen3_14b,participants,lusa_6,ext_def_exp_temp0.3_nodelim_norole_nocot,Judicial Police,,,fp,
qwen3_14b,participants,lusa_6,ext_def_exp_temp0.3_nodelim_norole_nocot,resident there,,,fp,
qwen3_14b,participants,lusa_6,ext_def_exp_temp0.3_nodelim_norole_nocot,some of his clothes,,,fp,
qwen3_14b,participants,lusa_6,ext_def_exp_temp0.3_nodelim_norole_nocot,man,,,fp,
qwen3_14b,participants,lusa_6,ext_def_exp_temp0.3_nodelim_norole_nocot,some,,Obj,fn,
qwen3_14b,participants,lusa_6,ext_def_exp_temp0.3_nodelim_norole_nocot,the district of Aveiro,,Pl_civil,fn,
qwen3_14b,participants,lusa_6,ext_def_exp_temp0.3_nodelim_norole_nocot,there,,Fac,fn,
qwen3_14b,participants,lusa_6,ext_def_exp_temp0.3_nodelim_norole_nocot,smoke,,Nat,fn,
qwen3_14b,participants,lusa_6,ext_def_exp_temp0.3_nodelim_norole_nocot,that,,Other,fn,
qwen3_14b,participants,lusa_6,ext_def_exp_temp0.3_nodelim_norole_nocot,A 54-year-old man,,Per,fn,
qwen3_14b,participants,lusa_6,ext_def_exp_temp0.3_nodelim_norole_nocot,the alleged perpetrator,,Per,fn,
qwen3_14b,participants,lusa_6,ext_def_exp_temp0.3_nodelim_norole_nocot,PSP informed the Judicial Police,,Org,fn,
qwen3_14b,participants,lusa_6,ext_def_exp_temp0.3_nodelim_norole_nocot,the Espinho Volunteer Firefighters,,Org,fn,
qwen3_14b,participants,lusa_6,ext_def_exp_temp0.3_nodelim_norole_nocot,that police force,,Org,fn,
qwen3_14b,participants,lusa_6,ext_def_exp_temp0.3_nodelim_norole_nocot,The PSP,,Org,fn,
qwen3_14b,participants,lusa_6,ext_def_exp_temp0.3_nodelim_norole_nocot,a residential building,,Fac,fn,
qwen3_14b,participants,lusa_6,ext_def_exp_temp0.3_nodelim_norole_nocot,16 people,,Per,fn,
qwen3_14b,participants,lusa_6,ext_def_exp_temp0.3_nodelim_norole_nocot,his,,Per,fn,
qwen3_14b,participants,lusa_6,ext_def_exp_temp0.3_nodelim_norole_nocot,statement,,Obj,fn,
qwen3_14b,participants,lusa_6,ext_def_exp_temp0.3_nodelim_norole_nocot,the PSP,,Org,fn,
qwen3_14b,participants,lusa_6,ext_def_exp_temp0.3_nodelim_norole_nocot,the,,Fac,fn,
qwen3_14b,participants,lusa_6,ext_def_exp_temp0.3_nodelim_norole_nocot,Volunteer Firefighters,,Org,fn,
qwen3_14b,participants,lusa_6,ext_def_exp_temp0.3_nodelim_norole_nocot,the entrance hall,,Fac,fn,
qwen3_14b,participants,lusa_6,ext_def_exp_temp0.3_nodelim_norole_nocot,significant material damage,,Other,fn,
qwen3_14b,participants,lusa_6,ext_def_exp_temp0.3_nodelim_norole_nocot,any hospital unit,,Fac,fn,
qwen3_14b,participants,lusa_6,ext_def_exp_temp0.3_nodelim_norole_nocot,them,,Obj,fn,
qwen3_14b,participants,lusa_6,ext_def_exp_temp0.3_nodelim_norole_nocot,the same note,,Obj,fn,
qwen3_14b,participants,lusa_6,ext_def_exp_temp0.3_nodelim_norole_nocot,In ,,Obj,fn,
qwen3_14b,participants,lusa_6,ext_def_exp_temp0.3_nodelim_norole_nocot,16 injuries,,Per,fn,
qwen3_14b,participants,lusa_6,ext_def_exp_temp0.3_nodelim_norole_nocot,which,,Org,fn,
qwen3_14b,participants,lusa_6,ext_def_exp_temp0.3_nodelim_norole_nocot,fire,,Nat,fn,
qwen3_14b,participants,lusa_61,ext_def_exp_temp0.3_nodelim_norole_nocot,a man,,Per,tp,
qwen3_14b,participants,lusa_61,ext_def_exp_temp0.3_nodelim_norole_nocot,an armed man,,Per,tp,
qwen3_14b,participants,lusa_61,ext_def_exp_temp0.3_nodelim_norole_nocot,Mtavari TV,,Org,tp,
qwen3_14b,participants,lusa_61,ext_def_exp_temp0.3_nodelim_norole_nocot,banking facilities,,Fac,tp,
qwen3_14b,participants,lusa_61,ext_def_exp_temp0.3_nodelim_norole_nocot,the attacker,,Per,tp,
qwen3_14b,participants,lusa_61,ext_def_exp_temp0.3_nodelim_norole_nocot,The police,,Org,tp,
qwen3_14b,participants,lusa_61,ext_def_exp_temp0.3_nodelim_norole_nocot,the ministry,,Org,tp,
qwen3_14b,participants,lusa_61,ext_def_exp_temp0.3_nodelim_norole_nocot,a bank,,Org,tp,
qwen3_14b,participants,lusa_61,ext_def_exp_temp0.3_nodelim_norole_nocot,people,,Per,tp,
qwen3_14b,participants,lusa_61,ext_def_exp_temp0.3_nodelim_norole_nocot,the area,,Per,tp,
qwen3_14b,participants,lusa_61,ext_def_exp_temp0.3_nodelim_norole_nocot,the bank branch,,Fac,tp,
qwen3_14b,participants,lusa_61,ext_def_exp_temp0.3_nodelim_norole_nocot,authorities,,Org,tp,
qwen3_14b,participants,lusa_61,ext_def_exp_temp0.3_nodelim_norole_nocot,Georgia,,Loc,tp,
qwen3_14b,participants,lusa_61,ext_def_exp_temp0.3_nodelim_norole_nocot,The television channel,,Org,tp,
qwen3_14b,participants,lusa_61,ext_def_exp_temp0.3_nodelim_norole_nocot,The Georgian Ministry of the Interior,,Per,tp,
qwen3_14b,participants,lusa_61,ext_def_exp_temp0.3_nodelim_norole_nocot,this former Soviet republic,,Loc,tp,
qwen3_14b,participants,lusa_61,ext_def_exp_temp0.3_nodelim_norole_nocot,the kidnapper,,Per,tp,
qwen3_14b,participants,lusa_61,ext_def_exp_temp0.3_nodelim_norole_nocot,19 people,,Per,tp,
qwen3_14b,participants,lusa_61,ext_def_exp_temp0.3_nodelim_norole_nocot,shotgun,,,fp,
qwen3_14b,participants,lusa_61,ext_def_exp_temp0.3_nodelim_norole_nocot,room,,,fp,
qwen3_14b,participants,lusa_61,ext_def_exp_temp0.3_nodelim_norole_nocot,the city of Zugdidi,,,fp,
qwen3_14b,participants,lusa_61,ext_def_exp_temp0.3_nodelim_norole_nocot,the bank,,,fp,
qwen3_14b,participants,lusa_61,ext_def_exp_temp0.3_nodelim_norole_nocot,Georgian state television,,,fp,
qwen3_14b,participants,lusa_61,ext_def_exp_temp0.3_nodelim_norole_nocot,hostages,,,fp,
qwen3_14b,participants,lusa_61,ext_def_exp_temp0.3_nodelim_norole_nocot,attacker,,,fp,
qwen3_14b,participants,lusa_61,ext_def_exp_temp0.3_nodelim_norole_nocot,the premises of a bank,,,fp,
qwen3_14b,participants,lusa_61,ext_def_exp_temp0.3_nodelim_norole_nocot,military uniform,,,fp,
qwen3_14b,participants,lusa_61,ext_def_exp_temp0.3_nodelim_norole_nocot,where,,Pl_region,fn,
qwen3_14b,participants,lusa_61,ext_def_exp_temp0.3_nodelim_norole_nocot,a room,,Fac,fn,
qwen3_14b,participants,lusa_61,ext_def_exp_temp0.3_nodelim_norole_nocot,what,,Per,fn,
qwen3_14b,participants,lusa_61,ext_def_exp_temp0.3_nodelim_norole_nocot,cash,,Obj,fn,
qwen3_14b,participants,lusa_61,ext_def_exp_temp0.3_nodelim_norole_nocot,a video,,Other,fn,
qwen3_14b,participants,lusa_61,ext_def_exp_temp0.3_nodelim_norole_nocot,that,,Per,fn,
qwen3_14b,participants,lusa_61,ext_def_exp_temp0.3_nodelim_norole_nocot,the ,,Fac,fn,
qwen3_14b,participants,lusa_61,ext_def_exp_temp0.3_nodelim_norole_nocot,the floor,,Loc,fn,
qwen3_14b,participants,lusa_61,ext_def_exp_temp0.3_nodelim_norole_nocot,a hand grenade,,Obj,fn,
qwen3_14b,participants,lusa_61,ext_def_exp_temp0.3_nodelim_norole_nocot,showing,,Other,fn,
qwen3_14b,participants,lusa_61,ext_def_exp_temp0.3_nodelim_norole_nocot,one,,Per,fn,
qwen3_14b,participants,lusa_61,ext_def_exp_temp0.3_nodelim_norole_nocot,a military uniform,,Other,fn,
qwen3_14b,participants,lusa_61,ext_def_exp_temp0.3_nodelim_norole_nocot,"500,000 (about 420,000 euros)",,Obj,fn,
qwen3_14b,participants,lusa_61,ext_def_exp_temp0.3_nodelim_norole_nocot,a statement,,Obj,fn,
qwen3_14b,participants,lusa_61,ext_def_exp_temp0.3_nodelim_norole_nocot,"hostages, the number",,Other,fn,
qwen3_14b,participants,lusa_61,ext_def_exp_temp0.3_nodelim_norole_nocot,the hostages,,Per,fn,
qwen3_14b,participants,lusa_61,ext_def_exp_temp0.3_nodelim_norole_nocot,state television,,Org,fn,
qwen3_14b,participants,lusa_61,ext_def_exp_temp0.3_nodelim_norole_nocot,a shotgun,,Obj,fn,
qwen3_14b,participants,lusa_61,ext_def_exp_temp0.3_nodelim_norole_nocot,The ,,Per,fn,
qwen3_14b,participants,lusa_61,ext_def_exp_temp0.3_nodelim_norole_nocot,Georgian,,Pl_country,fn,
qwen3_14b,participants,lusa_61,ext_def_exp_temp0.3_nodelim_norole_nocot,several hostages,,Per,fn,
qwen3_14b,participants,lusa_61,ext_def_exp_temp0.3_nodelim_norole_nocot,"the bank,",,Org,fn,
qwen3_14b,participants,lusa_61,ext_def_exp_temp0.3_nodelim_norole_nocot,the city of Zugdidi (western region),,Loc,fn,
qwen3_14b,participants,lusa_61,ext_def_exp_temp0.3_nodelim_norole_nocot,how many people,,Per,fn,
qwen3_14b,participants,lusa_61,ext_def_exp_temp0.3_nodelim_norole_nocot,face,,Other,fn,
qwen3_14b,participants,lusa_61,ext_def_exp_temp0.3_nodelim_norole_nocot,hostage,,Per,fn,
qwen3_14b,participants,lusa_62,ext_def_exp_temp0.3_nodelim_norole_nocot,a tree,,Nat,tp,
qwen3_14b,participants,lusa_62,ext_def_exp_temp0.3_nodelim_norole_nocot,Valença,,Loc,tp,
qwen3_14b,participants,lusa_62,ext_def_exp_temp0.3_nodelim_norole_nocot,the man,,Per,tp,
qwen3_14b,participants,lusa_62,ext_def_exp_temp0.3_nodelim_norole_nocot,Viana do Castelo,,Pl_civil,tp,
qwen3_14b,participants,lusa_62,ext_def_exp_temp0.3_nodelim_norole_nocot,two ambulances,,Obj,tp,
qwen3_14b,participants,lusa_62,ext_def_exp_temp0.3_nodelim_norole_nocot,Melgaço,,Pl_civil,tp,
qwen3_14b,participants,lusa_62,ext_def_exp_temp0.3_nodelim_norole_nocot,source,,Per,tp,
qwen3_14b,participants,lusa_62,ext_def_exp_temp0.3_nodelim_norole_nocot,Monção,,Loc,tp,
qwen3_14b,participants,lusa_62,ext_def_exp_temp0.3_nodelim_norole_nocot,A 59-year-old man,,Per,tp,
qwen3_14b,participants,lusa_62,ext_def_exp_temp0.3_nodelim_norole_nocot,the tree,,Nat,tp,
qwen3_14b,participants,lusa_62,ext_def_exp_temp0.3_nodelim_norole_nocot,INEM,,Org,tp,
qwen3_14b,participants,lusa_62,ext_def_exp_temp0.3_nodelim_norole_nocot,District Relief Operations Command (CDOS),,,fp,
qwen3_14b,participants,lusa_62,ext_def_exp_temp0.3_nodelim_norole_nocot,vehicles,,,fp,
qwen3_14b,participants,lusa_62,ext_def_exp_temp0.3_nodelim_norole_nocot,team of psychologists,,,fp,
qwen3_14b,participants,lusa_62,ext_def_exp_temp0.3_nodelim_norole_nocot,Monção and Valença Fire Department,,,fp,
qwen3_14b,participants,lusa_62,ext_def_exp_temp0.3_nodelim_norole_nocot,two injured people,,,fp,
qwen3_14b,participants,lusa_62,ext_def_exp_temp0.3_nodelim_norole_nocot,firefighters,,,fp,
qwen3_14b,participants,lusa_62,ext_def_exp_temp0.3_nodelim_norole_nocot,civil protection source,,,fp,
qwen3_14b,participants,lusa_62,ext_def_exp_temp0.3_nodelim_norole_nocot,air transport,,,fp,
qwen3_14b,participants,lusa_62,ext_def_exp_temp0.3_nodelim_norole_nocot,Immediate Life Support (SIV) ambulance,,,fp,
qwen3_14b,participants,lusa_62,ext_def_exp_temp0.3_nodelim_norole_nocot,An INEM source,,,fp,
qwen3_14b,participants,lusa_62,ext_def_exp_temp0.3_nodelim_norole_nocot,Tangil,,,fp,
qwen3_14b,participants,lusa_62,ext_def_exp_temp0.3_nodelim_norole_nocot,psychologists,,,fp,
qwen3_14b,participants,lusa_62,ext_def_exp_temp0.3_nodelim_norole_nocot,National Institute of Medical Emergency (INEM),,,fp,
qwen3_14b,participants,lusa_62,ext_def_exp_temp0.3_nodelim_norole_nocot,Barreiro,,,fp,
qwen3_14b,participants,lusa_62,ext_def_exp_temp0.3_nodelim_norole_nocot,helicopter doctor,,,fp,
qwen3_14b,participants,lusa_62,ext_def_exp_temp0.3_nodelim_norole_nocot,Lusa,,,fp,
qwen3_14b,participants,lusa_62,ext_def_exp_temp0.3_nodelim_norole_nocot,the source,,,fp,
qwen3_14b,participants,lusa_62,ext_def_exp_temp0.3_nodelim_norole_nocot,that,,Nat,fn,
qwen3_14b,participants,lusa_62,ext_def_exp_temp0.3_nodelim_norole_nocot,district of Viana do Castelo,,Loc,fn,
qwen3_14b,participants,lusa_62,ext_def_exp_temp0.3_nodelim_norole_nocot,the Immediate Life Support (SIV) ambulance,,Obj,fn,
qwen3_14b,participants,lusa_62,ext_def_exp_temp0.3_nodelim_norole_nocot,the ,,Obj,fn,
qwen3_14b,participants,lusa_62,ext_def_exp_temp0.3_nodelim_norole_nocot,fell,,Other,fn,
qwen3_14b,participants,lusa_62,ext_def_exp_temp0.3_nodelim_norole_nocot,two injured,,Per,fn,
qwen3_14b,participants,lusa_62,ext_def_exp_temp0.3_nodelim_norole_nocot,CDOS,,Org,fn,
qwen3_14b,participants,lusa_62,ext_def_exp_temp0.3_nodelim_norole_nocot,A total of 16 firefighters,,Per,fn,
qwen3_14b,participants,lusa_62,ext_def_exp_temp0.3_nodelim_norole_nocot,parish of Tangil,,Pl_civil,fn,
qwen3_14b,participants,lusa_62,ext_def_exp_temp0.3_nodelim_norole_nocot,a team of psychologists,,Per,fn,
qwen3_14b,participants,lusa_62,ext_def_exp_temp0.3_nodelim_norole_nocot,the District Relief Operations Command,,Org,fn,
qwen3_14b,participants,lusa_62,ext_def_exp_temp0.3_nodelim_norole_nocot,by Lusa,,Org,fn,
qwen3_14b,participants,lusa_62,ext_def_exp_temp0.3_nodelim_norole_nocot,civil protection,,Org,fn,
qwen3_14b,participants,lusa_62,ext_def_exp_temp0.3_nodelim_norole_nocot,the,,Org,fn,
qwen3_14b,participants,lusa_62,ext_def_exp_temp0.3_nodelim_norole_nocot,five vehicles,,Obj,fn,
qwen3_14b,participants,lusa_62,ext_def_exp_temp0.3_nodelim_norole_nocot,The source,,Per,fn,
qwen3_14b,participants,lusa_62,ext_def_exp_temp0.3_nodelim_norole_nocot,him,,Per,fn,
qwen3_14b,participants,lusa_62,ext_def_exp_temp0.3_nodelim_norole_nocot,the District Relief Operations Command (CDOS) of Viana do Castelo,,Org,fn,
qwen3_14b,participants,lusa_62,ext_def_exp_temp0.3_nodelim_norole_nocot,doctor,,Per,fn,
qwen3_14b,participants,lusa_62,ext_def_exp_temp0.3_nodelim_norole_nocot,"it, in Barreiro",,Pl_civil,fn,
qwen3_14b,participants,lusa_62,ext_def_exp_temp0.3_nodelim_norole_nocot,a source,,Per,fn,
qwen3_14b,participants,lusa_62,ext_def_exp_temp0.3_nodelim_norole_nocot,the National Institute of Medical Emergency (INEM),,Loc,fn,
qwen3_14b,participants,lusa_62,ext_def_exp_temp0.3_nodelim_norole_nocot,the scene,,Org,fn,
qwen3_14b,participants,lusa_62,ext_def_exp_temp0.3_nodelim_norole_nocot,the helicopter,,Obj,fn,
qwen3_14b,participants,lusa_63,ext_def_exp_temp0.3_nodelim_norole_nocot,A 48-year-old man,,Per,tp,
qwen3_14b,participants,lusa_63,ext_def_exp_temp0.3_nodelim_norole_nocot,the two cars,,Obj,tp,
qwen3_14b,participants,lusa_63,ext_def_exp_temp0.3_nodelim_norole_nocot,Braga,,Pl_civil,tp,
qwen3_14b,participants,lusa_63,ext_def_exp_temp0.3_nodelim_norole_nocot,two light vehicles,,Obj,tp,
qwen3_14b,participants,lusa_63,ext_def_exp_temp0.3_nodelim_norole_nocot,the driver,,Per,tp,
qwen3_14b,participants,lusa_63,ext_def_exp_temp0.3_nodelim_norole_nocot,source,,Per,tp,
qwen3_14b,participants,lusa_63,ext_def_exp_temp0.3_nodelim_norole_nocot,parish of Chorente,,,fp,
qwen3_14b,participants,lusa_63,ext_def_exp_temp0.3_nodelim_norole_nocot,municipality of Barcelos,,,fp,
qwen3_14b,participants,lusa_63,ext_def_exp_temp0.3_nodelim_norole_nocot,a slightly injured person,,,fp,
qwen3_14b,participants,lusa_63,ext_def_exp_temp0.3_nodelim_norole_nocot,District Relief Operations Command (CDOS),,,fp,
qwen3_14b,participants,lusa_63,ext_def_exp_temp0.3_nodelim_norole_nocot,Barcelos Hospital,,,fp,
qwen3_14b,participants,lusa_63,ext_def_exp_temp0.3_nodelim_norole_nocot,the accident,,,fp,
qwen3_14b,participants,lusa_63,ext_def_exp_temp0.3_nodelim_norole_nocot,Braga CDOS,,,fp,
qwen3_14b,participants,lusa_63,ext_def_exp_temp0.3_nodelim_norole_nocot,Viatodos Volunteer Fire Department,,,fp,
qwen3_14b,participants,lusa_63,ext_def_exp_temp0.3_nodelim_norole_nocot,a source,,,fp,
qwen3_14b,participants,lusa_63,ext_def_exp_temp0.3_nodelim_norole_nocot,the source,,,fp,
qwen3_14b,participants,lusa_63,ext_def_exp_temp0.3_nodelim_norole_nocot,District Relief Operations Command (CDOS) of Braga,,Org,fn,
qwen3_14b,participants,lusa_63,ext_def_exp_temp0.3_nodelim_norole_nocot,municipality of Barcelos (Braga),,Loc,fn,
qwen3_14b,participants,lusa_63,ext_def_exp_temp0.3_nodelim_norole_nocot,to Barcelos Hospital,,Loc,fn,
qwen3_14b,participants,lusa_63,ext_def_exp_temp0.3_nodelim_norole_nocot,"a slightly injured person was also reported, around 20 years old",,Per,fn,
qwen3_14b,participants,lusa_63,ext_def_exp_temp0.3_nodelim_norole_nocot,CDOS,,Org,fn,
qwen3_14b,participants,lusa_63,ext_def_exp_temp0.3_nodelim_norole_nocot,the Viatodos Volunteer Fire,,Org,fn,
qwen3_14b,participants,lusa_63,ext_def_exp_temp0.3_nodelim_norole_nocot,the parish of Chorente,,Loc,fn,
qwen3_14b,participants,lusa_63,ext_def_exp_temp0.3_nodelim_norole_nocot,the vehicles,,Obj,fn,
qwen3_14b,participants,lusa_63,ext_def_exp_temp0.3_nodelim_norole_nocot,Volunteer Fire,,Org,fn,
qwen3_14b,participants,lusa_63,ext_def_exp_temp0.3_nodelim_norole_nocot,the District Relief Operations Command,,Org,fn,
qwen3_14b,participants,lusa_63,ext_def_exp_temp0.3_nodelim_norole_nocot,one,,Obj,fn,
qwen3_14b,participants,lusa_63,ext_def_exp_temp0.3_nodelim_norole_nocot,The fatal victim,,Per,fn,
qwen3_14b,participants,lusa_63,ext_def_exp_temp0.3_nodelim_norole_nocot,Viatodos,,Pl_civil,fn,
qwen3_14b,participants,lusa_63,ext_def_exp_temp0.3_nodelim_norole_nocot,the Braga CDOS,,Org,fn,
qwen3_14b,participants,lusa_64,ext_def_exp_temp0.3_nodelim_norole_nocot,three men,,Per,tp,
qwen3_14b,participants,lusa_64,ext_def_exp_temp0.3_nodelim_norole_nocot,a man,,Per,tp,
qwen3_14b,participants,lusa_64,ext_def_exp_temp0.3_nodelim_norole_nocot,Osvaldo Vieira airport,,Fac,tp,
qwen3_14b,participants,lusa_64,ext_def_exp_temp0.3_nodelim_norole_nocot,the man,,Per,tp,
qwen3_14b,participants,lusa_64,ext_def_exp_temp0.3_nodelim_norole_nocot,The Judicial Police of Guinea-Bissau,,Org,tp,
qwen3_14b,participants,lusa_64,ext_def_exp_temp0.3_nodelim_norole_nocot,Osvaldo Vieira international airport,,Fac,tp,
qwen3_14b,participants,lusa_64,ext_def_exp_temp0.3_nodelim_norole_nocot,the police force,,Org,tp,
qwen3_14b,participants,lusa_64,ext_def_exp_temp0.3_nodelim_norole_nocot,Bissau,,Pl_country,tp,
qwen3_14b,participants,lusa_64,ext_def_exp_temp0.3_nodelim_norole_nocot,Lisbon,,Pl_capital,tp,
qwen3_14b,participants,lusa_64,ext_def_exp_temp0.3_nodelim_norole_nocot,drugs,,Obj,tp,
qwen3_14b,participants,lusa_64,ext_def_exp_temp0.3_nodelim_norole_nocot,PJ,,,fp,
qwen3_14b,participants,lusa_64,ext_def_exp_temp0.3_nodelim_norole_nocot,flight,,,fp,
qwen3_14b,participants,lusa_64,ext_def_exp_temp0.3_nodelim_norole_nocot,Public Prosecutor's Office,,,fp,
qwen3_14b,participants,lusa_64,ext_def_exp_temp0.3_nodelim_norole_nocot,a kilogram of cocaine,,,fp,
qwen3_14b,participants,lusa_64,ext_def_exp_temp0.3_nodelim_norole_nocot,airport,,,fp,
qwen3_14b,participants,lusa_64,ext_def_exp_temp0.3_nodelim_norole_nocot,drug,,,fp,
qwen3_14b,participants,lusa_64,ext_def_exp_temp0.3_nodelim_norole_nocot,three kilograms of cocaine,,,fp,
qwen3_14b,participants,lusa_64,ext_def_exp_temp0.3_nodelim_norole_nocot,Portuguese-Guinean citizen,,,fp,
qwen3_14b,participants,lusa_64,ext_def_exp_temp0.3_nodelim_norole_nocot,the drug,,Obj,fn,
qwen3_14b,participants,lusa_64,ext_def_exp_temp0.3_nodelim_norole_nocot,"the man, aged 47",,Per,fn,
qwen3_14b,participants,lusa_64,ext_def_exp_temp0.3_nodelim_norole_nocot,waist,,Other,fn,
qwen3_14b,participants,lusa_64,ext_def_exp_temp0.3_nodelim_norole_nocot,the PJ,,Org,fn,
qwen3_14b,participants,lusa_64,ext_def_exp_temp0.3_nodelim_norole_nocot,the Public,,Org,fn,
qwen3_14b,participants,lusa_64,ext_def_exp_temp0.3_nodelim_norole_nocot,to ,,Per,fn,
qwen3_14b,participants,lusa_64,ext_def_exp_temp0.3_nodelim_norole_nocot,"another Portuguese-Guinean citizen, aged 22",,Per,fn,
qwen3_14b,participants,lusa_64,ext_def_exp_temp0.3_nodelim_norole_nocot,The Judicial Police,,Org,fn,
qwen3_14b,participants,lusa_64,ext_def_exp_temp0.3_nodelim_norole_nocot,a kilogram,,Other,fn,
qwen3_14b,participants,lusa_64,ext_def_exp_temp0.3_nodelim_norole_nocot,the airport,,Fac,fn,
qwen3_14b,participants,lusa_64,ext_def_exp_temp0.3_nodelim_norole_nocot,a Portuguese-Guinean citizen,,Per,fn,
qwen3_14b,participants,lusa_64,ext_def_exp_temp0.3_nodelim_norole_nocot,the statement,,Obj,fn,
qwen3_14b,participants,lusa_64,ext_def_exp_temp0.3_nodelim_norole_nocot,cocaine,,Obj,fn,
qwen3_14b,participants,lusa_64,ext_def_exp_temp0.3_nodelim_norole_nocot,three kilograms,,Other,fn,
qwen3_14b,participants,lusa_64,ext_def_exp_temp0.3_nodelim_norole_nocot,inside,,Fac,fn,
qwen3_14b,participants,lusa_64,ext_def_exp_temp0.3_nodelim_norole_nocot,The PJ,,Org,fn,
qwen3_14b,participants,lusa_64,ext_def_exp_temp0.3_nodelim_norole_nocot,of Guinea-Bissau,,Pl_country,fn,
qwen3_14b,participants,lusa_64,ext_def_exp_temp0.3_nodelim_norole_nocot,statement,,Obj,fn,
qwen3_14b,participants,lusa_65,ext_def_exp_temp0.3_nodelim_norole_nocot,Aguda Firefighters,,Org,tp,
qwen3_14b,participants,lusa_65,ext_def_exp_temp0.3_nodelim_norole_nocot,the man,,Per,tp,
qwen3_14b,participants,lusa_65,ext_def_exp_temp0.3_nodelim_norole_nocot,Civil Protection,,Org,tp,
qwen3_14b,participants,lusa_65,ext_def_exp_temp0.3_nodelim_norole_nocot,flames,,Nat,tp,
qwen3_14b,participants,lusa_65,ext_def_exp_temp0.3_nodelim_norole_nocot,source,,Per,tp,
qwen3_14b,participants,lusa_65,ext_def_exp_temp0.3_nodelim_norole_nocot,local Sapadores,,Org,tp,
qwen3_14b,participants,lusa_65,ext_def_exp_temp0.3_nodelim_norole_nocot,A 25-year-old man,,Per,tp,
qwen3_14b,participants,lusa_65,ext_def_exp_temp0.3_nodelim_norole_nocot,Arcozelo,,Loc,tp,
qwen3_14b,participants,lusa_65,ext_def_exp_temp0.3_nodelim_norole_nocot,house,,Loc,tp,
qwen3_14b,participants,lusa_65,ext_def_exp_temp0.3_nodelim_norole_nocot,Vila Nova de Gaia,,Loc,tp,
qwen3_14b,participants,lusa_65,ext_def_exp_temp0.3_nodelim_norole_nocot,Vila Nova de Gaia/Espinho Hospital Center,,Org,tp,
qwen3_14b,participants,lusa_65,ext_def_exp_temp0.3_nodelim_norole_nocot,the source,,Per,tp,
qwen3_14b,participants,lusa_65,ext_def_exp_temp0.3_nodelim_norole_nocot,Vila Nova de Gaia Firefighters,,,fp,
qwen3_14b,participants,lusa_65,ext_def_exp_temp0.3_nodelim_norole_nocot,the house,,,fp,
qwen3_14b,participants,lusa_65,ext_def_exp_temp0.3_nodelim_norole_nocot,Lusa.,,,fp,
qwen3_14b,participants,lusa_65,ext_def_exp_temp0.3_nodelim_norole_nocot,the kitchen,,,fp,
qwen3_14b,participants,lusa_65,ext_def_exp_temp0.3_nodelim_norole_nocot,fire,,,fp,
qwen3_14b,participants,lusa_65,ext_def_exp_temp0.3_nodelim_norole_nocot,upper and lower limbs,,Other,fn,
qwen3_14b,participants,lusa_65,ext_def_exp_temp0.3_nodelim_norole_nocot,the scene,,Loc,fn,
qwen3_14b,participants,lusa_65,ext_def_exp_temp0.3_nodelim_norole_nocot,that,,Nat,fn,
qwen3_14b,participants,lusa_65,ext_def_exp_temp0.3_nodelim_norole_nocot,kitchen,,Loc,fn,
qwen3_14b,participants,lusa_65,ext_def_exp_temp0.3_nodelim_norole_nocot,consumed the,,Loc,fn,
qwen3_14b,participants,lusa_65,ext_def_exp_temp0.3_nodelim_norole_nocot,Vila Nova de Gaia Firefighters and Aguda Firefighters were fighting the,,Org,fn,
qwen3_14b,participants,lusa_65,ext_def_exp_temp0.3_nodelim_norole_nocot,his,,Per,fn,
qwen3_14b,participants,lusa_65,ext_def_exp_temp0.3_nodelim_norole_nocot,Lusa,,Org,fn,
qwen3_14b,participants,lusa_66,ext_def_exp_temp0.3_nodelim_norole_nocot,a man,,Per,tp,
qwen3_14b,participants,lusa_66,ext_def_exp_temp0.3_nodelim_norole_nocot,MP,,Org,tp,
qwen3_14b,participants,lusa_66,ext_def_exp_temp0.3_nodelim_norole_nocot,the defendant,,Per,tp,
qwen3_14b,participants,lusa_66,ext_def_exp_temp0.3_nodelim_norole_nocot,Braga,,Pl_civil,tp,
qwen3_14b,participants,lusa_66,ext_def_exp_temp0.3_nodelim_norole_nocot,The MP,,Org,tp,
qwen3_14b,participants,lusa_66,ext_def_exp_temp0.3_nodelim_norole_nocot,the Porto District Attorney General's Office,,Org,tp,
qwen3_14b,participants,lusa_66,ext_def_exp_temp0.3_nodelim_norole_nocot,The Public Prosecutor's Office (MP) of Braga,,Org,tp,
qwen3_14b,participants,lusa_66,ext_def_exp_temp0.3_nodelim_norole_nocot,Amares,,Loc,tp,
qwen3_14b,participants,lusa_66,ext_def_exp_temp0.3_nodelim_norole_nocot,prosecutor's office,,,fp,
qwen3_14b,participants,lusa_66,ext_def_exp_temp0.3_nodelim_norole_nocot,his partner's daughter,,,fp,
qwen3_14b,participants,lusa_66,ext_def_exp_temp0.3_nodelim_norole_nocot,victim,,,fp,
qwen3_14b,participants,lusa_66,ext_def_exp_temp0.3_nodelim_norole_nocot,his partner,,,fp,
qwen3_14b,participants,lusa_66,ext_def_exp_temp0.3_nodelim_norole_nocot,note,,Obj,fn,
qwen3_14b,participants,lusa_66,ext_def_exp_temp0.3_nodelim_norole_nocot,the MP,,Org,fn,
qwen3_14b,participants,lusa_66,ext_def_exp_temp0.3_nodelim_norole_nocot,District Attorney General's Office,,Org,fn,
qwen3_14b,participants,lusa_66,ext_def_exp_temp0.3_nodelim_norole_nocot,daughter,,Per,fn,
qwen3_14b,participants,lusa_66,ext_def_exp_temp0.3_nodelim_norole_nocot,the ,,Per,fn,
qwen3_14b,participants,lusa_66,ext_def_exp_temp0.3_nodelim_norole_nocot,the Porto,,Pl_civil,fn,
qwen3_14b,participants,lusa_66,ext_def_exp_temp0.3_nodelim_norole_nocot,children,,Per,fn,
qwen3_14b,participants,lusa_66,ext_def_exp_temp0.3_nodelim_norole_nocot,his,,Per,fn,
qwen3_14b,participants,lusa_66,ext_def_exp_temp0.3_nodelim_norole_nocot,the moments,,Other,fn,
qwen3_14b,participants,lusa_66,ext_def_exp_temp0.3_nodelim_norole_nocot,page,,Other,fn,
qwen3_14b,participants,lusa_66,ext_def_exp_temp0.3_nodelim_norole_nocot,10 years,,Other,fn,
qwen3_14b,participants,lusa_66,ext_def_exp_temp0.3_nodelim_norole_nocot,The Public Prosecutor's Office,,Org,fn,
qwen3_14b,participants,lusa_66,ext_def_exp_temp0.3_nodelim_norole_nocot,The ,,Per,fn,
qwen3_14b,participants,lusa_66,ext_def_exp_temp0.3_nodelim_norole_nocot,The indictment,,Other,fn,
qwen3_14b,participants,lusa_66,ext_def_exp_temp0.3_nodelim_norole_nocot,her,,Per,fn,
qwen3_14b,participants,lusa_66,ext_def_exp_temp0.3_nodelim_norole_nocot,partner,,Per,fn,
qwen3_14b,participants,lusa_66,ext_def_exp_temp0.3_nodelim_norole_nocot,the victim,,Per,fn,
qwen3_14b,participants,lusa_66,ext_def_exp_temp0.3_nodelim_norole_nocot,'s ,,Org,fn,
qwen3_14b,participants,lusa_66,ext_def_exp_temp0.3_nodelim_norole_nocot,that prosecutor's office,,Org,fn,
qwen3_14b,participants,lusa_68,ext_def_exp_temp0.3_nodelim_norole_nocot,An 84-year-old man,,Per,tp,
qwen3_14b,participants,lusa_68,ext_def_exp_temp0.3_nodelim_norole_nocot,municipality of Santa Marta de Penaguião,,Pl_civil,tp,
qwen3_14b,participants,lusa_68,ext_def_exp_temp0.3_nodelim_norole_nocot,Vasco Correia,,Per,tp,
qwen3_14b,participants,lusa_68,ext_def_exp_temp0.3_nodelim_norole_nocot,Santa Marta de Penaguião,,Pl_civil,tp,
qwen3_14b,participants,lusa_68,ext_def_exp_temp0.3_nodelim_norole_nocot,Vila Maior,,Pl_civil,tp,
qwen3_14b,participants,lusa_68,ext_def_exp_temp0.3_nodelim_norole_nocot,GNR,,Org,tp,
qwen3_14b,participants,lusa_68,ext_def_exp_temp0.3_nodelim_norole_nocot,source,,Per,tp,
qwen3_14b,participants,lusa_68,ext_def_exp_temp0.3_nodelim_norole_nocot,a small car,,Obj,tp,
qwen3_14b,participants,lusa_68,ext_def_exp_temp0.3_nodelim_norole_nocot,district of Vila Real,,Pl_civil,tp,
qwen3_14b,participants,lusa_68,ext_def_exp_temp0.3_nodelim_norole_nocot,INEM,,Org,tp,
qwen3_14b,participants,lusa_68,ext_def_exp_temp0.3_nodelim_norole_nocot,the Santa Marta de Penaguião fire commander,,,fp,
qwen3_14b,participants,lusa_68,ext_def_exp_temp0.3_nodelim_norole_nocot,the Emergency and Resuscitation Medical Vehicle (VMER) team,,,fp,
qwen3_14b,participants,lusa_68,ext_def_exp_temp0.3_nodelim_norole_nocot,Emergency and Resuscitation Medical Vehicle (VMER) team,,,fp,
qwen3_14b,participants,lusa_68,ext_def_exp_temp0.3_nodelim_norole_nocot,Santa Marta de Penaguião fire commander,,,fp,
qwen3_14b,participants,lusa_68,ext_def_exp_temp0.3_nodelim_norole_nocot,six firefighters,,,fp,
qwen3_14b,participants,lusa_68,ext_def_exp_temp0.3_nodelim_norole_nocot,at ,,Per,fn,
qwen3_14b,participants,lusa_68,ext_def_exp_temp0.3_nodelim_norole_nocot,the ,,Org,fn,
qwen3_14b,participants,lusa_68,ext_def_exp_temp0.3_nodelim_norole_nocot,the Santa Marta de Penaguião,,Org,fn,
qwen3_14b,participants,lusa_68,ext_def_exp_temp0.3_nodelim_norole_nocot,with,,Org,fn,
qwen3_14b,participants,lusa_68,ext_def_exp_temp0.3_nodelim_norole_nocot,) team,,Per,fn,
qwen3_14b,participants,lusa_68,ext_def_exp_temp0.3_nodelim_norole_nocot,firefighters from Santa Marta de Penaguião,,Org,fn,
qwen3_14b,participants,lusa_68,ext_def_exp_temp0.3_nodelim_norole_nocot,the scene,,Org,fn,
qwen3_14b,participants,lusa_68,ext_def_exp_temp0.3_nodelim_norole_nocot,three vehicles,,Obj,fn,
qwen3_14b,participants,lusa_68,ext_def_exp_temp0.3_nodelim_norole_nocot,the Emergency and Resuscitation Medical Vehicle (VMER),,Obj,fn,
qwen3_14b,participants,lusa_68,ext_def_exp_temp0.3_nodelim_norole_nocot,a GNR,,Org,fn,
qwen3_14b,participants,lusa_68,ext_def_exp_temp0.3_nodelim_norole_nocot,commander,,Per,fn,
qwen3_14b,participants,lusa_68,ext_def_exp_temp0.3_nodelim_norole_nocot,the GNR,,Org,fn,
qwen3_14b,participants,lusa_69,ext_def_exp_temp0.3_nodelim_norole_nocot,A man,,Per,tp,
qwen3_14b,participants,lusa_69,ext_def_exp_temp0.3_nodelim_norole_nocot,Vila Nova de Famalicão,,Pl_civil,tp,
qwen3_14b,participants,lusa_69,ext_def_exp_temp0.3_nodelim_norole_nocot,source,,Per,tp,
qwen3_14b,participants,lusa_69,ext_def_exp_temp0.3_nodelim_norole_nocot,Famalicão Hospital,,Org,tp,
qwen3_14b,participants,lusa_69,ext_def_exp_temp0.3_nodelim_norole_nocot,Lusa,,Org,tp,
qwen3_14b,participants,lusa_69,ext_def_exp_temp0.3_nodelim_norole_nocot,Porto,,Pl_civil,tp,
qwen3_14b,participants,lusa_69,ext_def_exp_temp0.3_nodelim_norole_nocot,The 58-year-old man,,Per,tp,
qwen3_14b,participants,lusa_69,ext_def_exp_temp0.3_nodelim_norole_nocot,gasoline,,Obj,tp,
qwen3_14b,participants,lusa_69,ext_def_exp_temp0.3_nodelim_norole_nocot,Vale de S.,,,fp,
qwen3_14b,participants,lusa_69,ext_def_exp_temp0.3_nodelim_norole_nocot,Emergency and Resuscitation Medical Vehicle (VMER),,,fp,
qwen3_14b,participants,lusa_69,ext_def_exp_temp0.3_nodelim_norole_nocot,Famalicenses Volunteer Firefighters,,,fp,
qwen3_14b,participants,lusa_69,ext_def_exp_temp0.3_nodelim_norole_nocot,Hospital de São João,,,fp,
qwen3_14b,participants,lusa_69,ext_def_exp_temp0.3_nodelim_norole_nocot,man,,,fp,
qwen3_14b,participants,lusa_69,ext_def_exp_temp0.3_nodelim_norole_nocot,local fire department,,,fp,
qwen3_14b,participants,lusa_69,ext_def_exp_temp0.3_nodelim_norole_nocot,Martinho,,,fp,
qwen3_14b,participants,lusa_69,ext_def_exp_temp0.3_nodelim_norole_nocot,victim,,,fp,
qwen3_14b,participants,lusa_69,ext_def_exp_temp0.3_nodelim_norole_nocot,district of Braga,,,fp,
qwen3_14b,participants,lusa_69,ext_def_exp_temp0.3_nodelim_norole_nocot,VMER,,,fp,
qwen3_14b,participants,lusa_69,ext_def_exp_temp0.3_nodelim_norole_nocot,his face,,Other,fn,
qwen3_14b,participants,lusa_69,ext_def_exp_temp0.3_nodelim_norole_nocot,to a local fire,,Org,fn,
qwen3_14b,participants,lusa_69,ext_def_exp_temp0.3_nodelim_norole_nocot,the district of Braga,,Loc,fn,
qwen3_14b,participants,lusa_69,ext_def_exp_temp0.3_nodelim_norole_nocot,the victim,,Per,fn,
qwen3_14b,participants,lusa_69,ext_def_exp_temp0.3_nodelim_norole_nocot,the Emergency and Resuscitation Medical Vehicle (VMER),,Obj,fn,
qwen3_14b,participants,lusa_69,ext_def_exp_temp0.3_nodelim_norole_nocot,to Hospital,,Fac,fn,
qwen3_14b,participants,lusa_69,ext_def_exp_temp0.3_nodelim_norole_nocot,upper limbs,,Other,fn,
qwen3_14b,participants,lusa_69,ext_def_exp_temp0.3_nodelim_norole_nocot,the Famalicenses Volunteer Firefighters,,Org,fn,
qwen3_14b,participants,lusa_69,ext_def_exp_temp0.3_nodelim_norole_nocot,to Hospital de São João,,Fac,fn,
qwen3_14b,participants,lusa_69,ext_def_exp_temp0.3_nodelim_norole_nocot,Vale de S. Martinho,,Pl_civil,fn,
qwen3_14b,participants,lusa_7,ext_def_exp_temp0.3_nodelim_norole_nocot,northern Mexico,,Pl_country,tp,
qwen3_14b,participants,lusa_7,ext_def_exp_temp0.3_nodelim_norole_nocot,A man,,Per,tp,
qwen3_14b,participants,lusa_7,ext_def_exp_temp0.3_nodelim_norole_nocot,the man,,Per,tp,
qwen3_14b,participants,lusa_7,ext_def_exp_temp0.3_nodelim_norole_nocot,the children's mother,,Per,tp,
qwen3_14b,participants,lusa_7,ext_def_exp_temp0.3_nodelim_norole_nocot,the boys,,Per,tp,
qwen3_14b,participants,lusa_7,ext_def_exp_temp0.3_nodelim_norole_nocot,Sonora,,Pl_state,tp,
qwen3_14b,participants,lusa_7,ext_def_exp_temp0.3_nodelim_norole_nocot,the children's grandfather,,Per,tp,
qwen3_14b,participants,lusa_7,ext_def_exp_temp0.3_nodelim_norole_nocot,Hidalgo,,Pl_civil,tp,
qwen3_14b,participants,lusa_7,ext_def_exp_temp0.3_nodelim_norole_nocot,his father,,Per,tp,
qwen3_14b,participants,lusa_7,ext_def_exp_temp0.3_nodelim_norole_nocot,The suspect,,Per,tp,
qwen3_14b,participants,lusa_7,ext_def_exp_temp0.3_nodelim_norole_nocot,his children,,Per,tp,
qwen3_14b,participants,lusa_7,ext_def_exp_temp0.3_nodelim_norole_nocot,the police,,Org,tp,
qwen3_14b,participants,lusa_7,ext_def_exp_temp0.3_nodelim_norole_nocot,The prosecutors' office,,Org,tp,
qwen3_14b,participants,lusa_7,ext_def_exp_temp0.3_nodelim_norole_nocot,her children,,,fp,
qwen3_14b,participants,lusa_7,ext_def_exp_temp0.3_nodelim_norole_nocot,prosecutors,,,fp,
qwen3_14b,participants,lusa_7,ext_def_exp_temp0.3_nodelim_norole_nocot,he,,,fp,
qwen3_14b,participants,lusa_7,ext_def_exp_temp0.3_nodelim_norole_nocot,Prosecutors,,,fp,
qwen3_14b,participants,lusa_7,ext_def_exp_temp0.3_nodelim_norole_nocot,the office,,,fp,
qwen3_14b,participants,lusa_7,ext_def_exp_temp0.3_nodelim_norole_nocot,his wife,,,fp,
qwen3_14b,participants,lusa_7,ext_def_exp_temp0.3_nodelim_norole_nocot,his three children,,,fp,
qwen3_14b,participants,lusa_7,ext_def_exp_temp0.3_nodelim_norole_nocot,where,,Pl_civil,fn,
qwen3_14b,participants,lusa_7,ext_def_exp_temp0.3_nodelim_norole_nocot,the,,Pl_civil,fn,
qwen3_14b,participants,lusa_7,ext_def_exp_temp0.3_nodelim_norole_nocot,three children,,Per,fn,
qwen3_14b,participants,lusa_7,ext_def_exp_temp0.3_nodelim_norole_nocot,against his wife,,Per,fn,
qwen3_14b,participants,lusa_7,ext_def_exp_temp0.3_nodelim_norole_nocot,The prosecutors,,Per,fn,
qwen3_14b,participants,lusa_7,ext_def_exp_temp0.3_nodelim_norole_nocot,the children,,Per,fn,
qwen3_14b,participants,lusa_7,ext_def_exp_temp0.3_nodelim_norole_nocot,northern state of Sonora said the,,Pl_state,fn,
qwen3_14b,participants,lusa_7,ext_def_exp_temp0.3_nodelim_norole_nocot,her,,Per,fn,
qwen3_14b,participants,lusa_7,ext_def_exp_temp0.3_nodelim_norole_nocot,mother,,Per,fn,
qwen3_14b,participants,lusa_7,ext_def_exp_temp0.3_nodelim_norole_nocot,revenge,,Per,fn,
qwen3_14b,participants,lusa_7,ext_def_exp_temp0.3_nodelim_norole_nocot,argued with the,,Per,fn,
qwen3_14b,participants,lusa_7,ext_def_exp_temp0.3_nodelim_norole_nocot,"3,7 and 8 years",,Other,fn,
qwen3_14b,participants,lusa_7,ext_def_exp_temp0.3_nodelim_norole_nocot,"mother, prosecutors",,Per,fn,
qwen3_14b,participants,lusa_7,ext_def_exp_temp0.3_nodelim_norole_nocot,statement,,Obj,fn,
qwen3_14b,participants,lusa_7,ext_def_exp_temp0.3_nodelim_norole_nocot,in ,,Org,fn,
qwen3_14b,participants,lusa_70,ext_def_exp_temp0.3_nodelim_norole_nocot,a bladed weapon,,Obj,tp,
qwen3_14b,participants,lusa_70,ext_def_exp_temp0.3_nodelim_norole_nocot,the defendant,,Per,tp,
qwen3_14b,participants,lusa_70,ext_def_exp_temp0.3_nodelim_norole_nocot,the victim,,Per,tp,
qwen3_14b,participants,lusa_70,ext_def_exp_temp0.3_nodelim_norole_nocot,that corporation,,Org,tp,
qwen3_14b,participants,lusa_70,ext_def_exp_temp0.3_nodelim_norole_nocot,the scene,,Loc,tp,
qwen3_14b,participants,lusa_70,ext_def_exp_temp0.3_nodelim_norole_nocot,The detainee,,Per,tp,
qwen3_14b,participants,lusa_70,ext_def_exp_temp0.3_nodelim_norole_nocot,a construction worker,,Per,tp,
qwen3_14b,participants,lusa_70,ext_def_exp_temp0.3_nodelim_norole_nocot,death,,,fp,
qwen3_14b,participants,lusa_70,ext_def_exp_temp0.3_nodelim_norole_nocot,cardiorespiratory arrest,,,fp,
qwen3_14b,participants,lusa_70,ext_def_exp_temp0.3_nodelim_norole_nocot,the alleged killer,,,fp,
qwen3_14b,participants,lusa_70,ext_def_exp_temp0.3_nodelim_norole_nocot,maneuvers,,,fp,
qwen3_14b,participants,lusa_70,ext_def_exp_temp0.3_nodelim_norole_nocot,Judiciary Police (PJ),,,fp,
qwen3_14b,participants,lusa_70,ext_def_exp_temp0.3_nodelim_norole_nocot,the police force,,,fp,
qwen3_14b,participants,lusa_70,ext_def_exp_temp0.3_nodelim_norole_nocot,judicial authority,,,fp,
qwen3_14b,participants,lusa_70,ext_def_exp_temp0.3_nodelim_norole_nocot,GNR,,,fp,
qwen3_14b,participants,lusa_70,ext_def_exp_temp0.3_nodelim_norole_nocot,Northern Directorate of that corporation,,,fp,
qwen3_14b,participants,lusa_70,ext_def_exp_temp0.3_nodelim_norole_nocot,his wife,,,fp,
qwen3_14b,participants,lusa_70,ext_def_exp_temp0.3_nodelim_norole_nocot,Emergency services,,,fp,
qwen3_14b,participants,lusa_70,ext_def_exp_temp0.3_nodelim_norole_nocot,the 74-year-old victim,,,fp,
qwen3_14b,participants,lusa_70,ext_def_exp_temp0.3_nodelim_norole_nocot,Penafiel man,,,fp,
qwen3_14b,participants,lusa_70,ext_def_exp_temp0.3_nodelim_norole_nocot,the PJ's Northern Directorate,,,fp,
qwen3_14b,participants,lusa_70,ext_def_exp_temp0.3_nodelim_norole_nocot,The Judiciary Police (PJ),,Org,fn,
qwen3_14b,participants,lusa_70,ext_def_exp_temp0.3_nodelim_norole_nocot,the PJ’s Northern,,Pl_region,fn,
qwen3_14b,participants,lusa_70,ext_def_exp_temp0.3_nodelim_norole_nocot,found the ,,Org,fn,
qwen3_14b,participants,lusa_70,ext_def_exp_temp0.3_nodelim_norole_nocot,the Northern,,Pl_region,fn,
qwen3_14b,participants,lusa_70,ext_def_exp_temp0.3_nodelim_norole_nocot,that,,Org,fn,
qwen3_14b,participants,lusa_70,ext_def_exp_temp0.3_nodelim_norole_nocot,"the alleged killer, aged 72",,Per,fn,
qwen3_14b,participants,lusa_70,ext_def_exp_temp0.3_nodelim_norole_nocot,Penafiel,,Pl_civil,fn,
qwen3_14b,participants,lusa_70,ext_def_exp_temp0.3_nodelim_norole_nocot,futile reasons,,Other,fn,
qwen3_14b,participants,lusa_70,ext_def_exp_temp0.3_nodelim_norole_nocot,The GNR,,Org,fn,
qwen3_14b,participants,lusa_70,ext_def_exp_temp0.3_nodelim_norole_nocot,statement,,Obj,fn,
qwen3_14b,participants,lusa_70,ext_def_exp_temp0.3_nodelim_norole_nocot,the Northern Directorate,,Org,fn,
qwen3_14b,participants,lusa_70,ext_def_exp_temp0.3_nodelim_norole_nocot,the,,Per,fn,
qwen3_14b,participants,lusa_70,ext_def_exp_temp0.3_nodelim_norole_nocot,the PJ,,Org,fn,
qwen3_14b,participants,lusa_70,ext_def_exp_temp0.3_nodelim_norole_nocot,the elements,,Other,fn,
qwen3_14b,participants,lusa_70,ext_def_exp_temp0.3_nodelim_norole_nocot,the parish of Duas Igrejas,,Pl_civil,fn,
qwen3_14b,participants,lusa_70,ext_def_exp_temp0.3_nodelim_norole_nocot,the Penafiel man,,Per,fn,
qwen3_14b,participants,lusa_70,ext_def_exp_temp0.3_nodelim_norole_nocot,the first police force,,Org,fn,
qwen3_14b,participants,lusa_70,ext_def_exp_temp0.3_nodelim_norole_nocot,whom,,Per,fn,
qwen3_14b,participants,lusa_70,ext_def_exp_temp0.3_nodelim_norole_nocot,coercive measures,,Other,fn,
qwen3_14b,participants,lusa_70,ext_def_exp_temp0.3_nodelim_norole_nocot,the PJ’s Northern Directorate,,Org,fn,
qwen3_14b,participants,lusa_70,ext_def_exp_temp0.3_nodelim_norole_nocot,municipality of Penafiel,,Pl_civil,fn,
qwen3_14b,participants,lusa_70,ext_def_exp_temp0.3_nodelim_norole_nocot,the district of Porto,,Pl_civil,fn,
qwen3_14b,participants,lusa_70,ext_def_exp_temp0.3_nodelim_norole_nocot,the 74-year-old victim in,,Per,fn,
qwen3_14b,participants,lusa_70,ext_def_exp_temp0.3_nodelim_norole_nocot,the crime,,Loc,fn,
qwen3_14b,participants,lusa_71,ext_def_exp_temp0.3_nodelim_norole_nocot,A man,,Per,tp,
qwen3_14b,participants,lusa_71,ext_def_exp_temp0.3_nodelim_norole_nocot,a man,,Per,tp,
qwen3_14b,participants,lusa_71,ext_def_exp_temp0.3_nodelim_norole_nocot,the man,,Per,tp,
qwen3_14b,participants,lusa_71,ext_def_exp_temp0.3_nodelim_norole_nocot,a car,,Obj,tp,
qwen3_14b,participants,lusa_71,ext_def_exp_temp0.3_nodelim_norole_nocot,Rádio Renascença,,Org,tp,
qwen3_14b,participants,lusa_71,ext_def_exp_temp0.3_nodelim_norole_nocot,Cometlis,,Org,tp,
qwen3_14b,participants,lusa_71,ext_def_exp_temp0.3_nodelim_norole_nocot,The police,,Org,tp,
qwen3_14b,participants,lusa_71,ext_def_exp_temp0.3_nodelim_norole_nocot,the car,,Obj,tp,
qwen3_14b,participants,lusa_71,ext_def_exp_temp0.3_nodelim_norole_nocot,this man,,Per,tp,
qwen3_14b,participants,lusa_71,ext_def_exp_temp0.3_nodelim_norole_nocot,Lusa agency,,Org,tp,
qwen3_14b,participants,lusa_71,ext_def_exp_temp0.3_nodelim_norole_nocot,Lisbon,,Pl_capital,tp,
qwen3_14b,participants,lusa_71,ext_def_exp_temp0.3_nodelim_norole_nocot,the facilities of the Estádio da Luz,,Fac,tp,
qwen3_14b,participants,lusa_71,ext_def_exp_temp0.3_nodelim_norole_nocot,PSP,,,fp,
qwen3_14b,participants,lusa_71,ext_def_exp_temp0.3_nodelim_norole_nocot,São Domingos de Benfica,,,fp,
qwen3_14b,participants,lusa_71,ext_def_exp_temp0.3_nodelim_norole_nocot,vehicle,,,fp,
qwen3_14b,participants,lusa_71,ext_def_exp_temp0.3_nodelim_norole_nocot,the lawn,,,fp,
qwen3_14b,participants,lusa_71,ext_def_exp_temp0.3_nodelim_norole_nocot,the driver,,,fp,
qwen3_14b,participants,lusa_71,ext_def_exp_temp0.3_nodelim_norole_nocot,Lisbon Metropolitan Command,,,fp,
qwen3_14b,participants,lusa_71,ext_def_exp_temp0.3_nodelim_norole_nocot,Estádio da Luz,,,fp,
qwen3_14b,participants,lusa_71,ext_def_exp_temp0.3_nodelim_norole_nocot,Benfica stadium facilities,,,fp,
qwen3_14b,participants,lusa_71,ext_def_exp_temp0.3_nodelim_norole_nocot,police,,,fp,
qwen3_14b,participants,lusa_71,ext_def_exp_temp0.3_nodelim_norole_nocot,a source,,,fp,
qwen3_14b,participants,lusa_71,ext_def_exp_temp0.3_nodelim_norole_nocot,the parish of São Domingos de Benfica,,Pl_civil,fn,
qwen3_14b,participants,lusa_71,ext_def_exp_temp0.3_nodelim_norole_nocot,The news,,Other,fn,
qwen3_14b,participants,lusa_71,ext_def_exp_temp0.3_nodelim_norole_nocot,confirm how far the,,Per,fn,
qwen3_14b,participants,lusa_71,ext_def_exp_temp0.3_nodelim_norole_nocot,the Lisbon Metropolitan Command (Cometlis),,Org,fn,
qwen3_14b,participants,lusa_71,ext_def_exp_temp0.3_nodelim_norole_nocot,Metropolitan Command,,Org,fn,
qwen3_14b,participants,lusa_71,ext_def_exp_temp0.3_nodelim_norole_nocot,Benfica,,Org,fn,
qwen3_14b,participants,lusa_71,ext_def_exp_temp0.3_nodelim_norole_nocot,that,,Org,fn,
qwen3_14b,participants,lusa_71,ext_def_exp_temp0.3_nodelim_norole_nocot,information,,Other,fn,
qwen3_14b,participants,lusa_71,ext_def_exp_temp0.3_nodelim_norole_nocot,The ,,Per,fn,
qwen3_14b,participants,lusa_71,ext_def_exp_temp0.3_nodelim_norole_nocot,” the ,,Fac,fn,
qwen3_14b,participants,lusa_71,ext_def_exp_temp0.3_nodelim_norole_nocot,a vehicle,,Obj,fn,
qwen3_14b,participants,lusa_71,ext_def_exp_temp0.3_nodelim_norole_nocot,source,,Per,fn,
qwen3_14b,participants,lusa_71,ext_def_exp_temp0.3_nodelim_norole_nocot,lawn,,Other,fn,
qwen3_14b,participants,lusa_71,ext_def_exp_temp0.3_nodelim_norole_nocot,stadium facilities,,Fac,fn,
qwen3_14b,participants,lusa_71,ext_def_exp_temp0.3_nodelim_norole_nocot,how,,Loc,fn,
qwen3_14b,participants,lusa_71,ext_def_exp_temp0.3_nodelim_norole_nocot,the PSP,,Org,fn,
qwen3_14b,participants,lusa_71,ext_def_exp_temp0.3_nodelim_norole_nocot,the police,,Org,fn,
qwen3_14b,participants,lusa_72,ext_def_exp_temp0.3_nodelim_norole_nocot,the river,,Nat,tp,
qwen3_14b,participants,lusa_72,ext_def_exp_temp0.3_nodelim_norole_nocot,operatives,,Per,tp,
qwen3_14b,participants,lusa_72,ext_def_exp_temp0.3_nodelim_norole_nocot,the body,,Other,tp,
qwen3_14b,participants,lusa_72,ext_def_exp_temp0.3_nodelim_norole_nocot,the same source,,Per,tp,
qwen3_14b,participants,lusa_72,ext_def_exp_temp0.3_nodelim_norole_nocot,source,,Per,tp,
qwen3_14b,participants,lusa_72,ext_def_exp_temp0.3_nodelim_norole_nocot,A 54-year-old man,,Per,tp,
qwen3_14b,participants,lusa_72,ext_def_exp_temp0.3_nodelim_norole_nocot,Lusa agency,,Org,tp,
qwen3_14b,participants,lusa_72,ext_def_exp_temp0.3_nodelim_norole_nocot,National Institute of Legal Medicine,,,fp,
qwen3_14b,participants,lusa_72,ext_def_exp_temp0.3_nodelim_norole_nocot,Viseu District Relief Operations Command,,,fp,
qwen3_14b,participants,lusa_72,ext_def_exp_temp0.3_nodelim_norole_nocot,vehicles,,,fp,
qwen3_14b,participants,lusa_72,ext_def_exp_temp0.3_nodelim_norole_nocot,a fall of around two meters,,,fp,
qwen3_14b,participants,lusa_72,ext_def_exp_temp0.3_nodelim_norole_nocot,he,,,fp,
qwen3_14b,participants,lusa_72,ext_def_exp_temp0.3_nodelim_norole_nocot,Fráguas,,,fp,
qwen3_14b,participants,lusa_72,ext_def_exp_temp0.3_nodelim_norole_nocot,a GNR source,,,fp,
qwen3_14b,participants,lusa_72,ext_def_exp_temp0.3_nodelim_norole_nocot,GNR,,,fp,
qwen3_14b,participants,lusa_72,ext_def_exp_temp0.3_nodelim_norole_nocot,Viseu GNR Territorial Command,,,fp,
qwen3_14b,participants,lusa_72,ext_def_exp_temp0.3_nodelim_norole_nocot,the road,,,fp,
qwen3_14b,participants,lusa_72,ext_def_exp_temp0.3_nodelim_norole_nocot,man,,,fp,
qwen3_14b,participants,lusa_72,ext_def_exp_temp0.3_nodelim_norole_nocot,Tondela,,,fp,
qwen3_14b,participants,lusa_72,ext_def_exp_temp0.3_nodelim_norole_nocot,the,,Org,fn,
qwen3_14b,participants,lusa_72,ext_def_exp_temp0.3_nodelim_norole_nocot,the man,,Per,fn,
qwen3_14b,participants,lusa_72,ext_def_exp_temp0.3_nodelim_norole_nocot,Viseu,,Pl_civil,fn,
qwen3_14b,participants,lusa_72,ext_def_exp_temp0.3_nodelim_norole_nocot,the context,,Other,fn,
qwen3_14b,participants,lusa_72,ext_def_exp_temp0.3_nodelim_norole_nocot,the Viseu District Relief Operations Command,,Org,fn,
qwen3_14b,participants,lusa_72,ext_def_exp_temp0.3_nodelim_norole_nocot,the scene,,Loc,fn,
qwen3_14b,participants,lusa_72,ext_def_exp_temp0.3_nodelim_norole_nocot,four vehicles,,Obj,fn,
qwen3_14b,participants,lusa_72,ext_def_exp_temp0.3_nodelim_norole_nocot,a river,,Nat,fn,
qwen3_14b,participants,lusa_72,ext_def_exp_temp0.3_nodelim_norole_nocot,the same,,Loc,fn,
qwen3_14b,participants,lusa_72,ext_def_exp_temp0.3_nodelim_norole_nocot,Territorial Command,,Org,fn,
qwen3_14b,participants,lusa_72,ext_def_exp_temp0.3_nodelim_norole_nocot,the village of Fráguas,,Pl_civil,fn,
qwen3_14b,participants,lusa_72,ext_def_exp_temp0.3_nodelim_norole_nocot,around two meters,,Other,fn,
qwen3_14b,participants,lusa_72,ext_def_exp_temp0.3_nodelim_norole_nocot,"Territorial Command, the man had",,Org,fn,
qwen3_14b,participants,lusa_72,ext_def_exp_temp0.3_nodelim_norole_nocot,the National Institute of Legal Medicine,,Org,fn,
qwen3_14b,participants,lusa_72,ext_def_exp_temp0.3_nodelim_norole_nocot,municipality of Tondela,,Loc,fn,
qwen3_14b,participants,lusa_73,ext_def_exp_temp0.3_nodelim_norole_nocot,the man,,Per,tp,
qwen3_14b,participants,lusa_73,ext_def_exp_temp0.3_nodelim_norole_nocot,the SIV,,Obj,tp,
qwen3_14b,participants,lusa_73,ext_def_exp_temp0.3_nodelim_norole_nocot,Carlos Lima,,Per,tp,
qwen3_14b,participants,lusa_73,ext_def_exp_temp0.3_nodelim_norole_nocot,Braga,,Pl_civil,tp,
qwen3_14b,participants,lusa_73,ext_def_exp_temp0.3_nodelim_norole_nocot,A 60-year-old man,,Per,tp,
qwen3_14b,participants,lusa_73,ext_def_exp_temp0.3_nodelim_norole_nocot,Ponte de Lima,,Pl_civil,tp,
qwen3_14b,participants,lusa_73,ext_def_exp_temp0.3_nodelim_norole_nocot,the Viana do Castelo Emergency Medical Vehicle (VMER),,Obj,tp,
qwen3_14b,participants,lusa_73,ext_def_exp_temp0.3_nodelim_norole_nocot,the hospital,,Org,tp,
qwen3_14b,participants,lusa_73,ext_def_exp_temp0.3_nodelim_norole_nocot,source,,Per,tp,
qwen3_14b,participants,lusa_73,ext_def_exp_temp0.3_nodelim_norole_nocot,the GNR,,Org,tp,
qwen3_14b,participants,lusa_73,ext_def_exp_temp0.3_nodelim_norole_nocot,two operatives,,Per,tp,
qwen3_14b,participants,lusa_73,ext_def_exp_temp0.3_nodelim_norole_nocot,Lusa,,Org,tp,
qwen3_14b,participants,lusa_73,ext_def_exp_temp0.3_nodelim_norole_nocot,local fire commander,,,fp,
qwen3_14b,participants,lusa_73,ext_def_exp_temp0.3_nodelim_norole_nocot,a fire engine,,,fp,
qwen3_14b,participants,lusa_73,ext_def_exp_temp0.3_nodelim_norole_nocot,construction site,,,fp,
qwen3_14b,participants,lusa_73,ext_def_exp_temp0.3_nodelim_norole_nocot,parish of Ribeira,,,fp,
qwen3_14b,participants,lusa_73,ext_def_exp_temp0.3_nodelim_norole_nocot,Immediate Life Support (SIV) ambulance,,,fp,
qwen3_14b,participants,lusa_73,ext_def_exp_temp0.3_nodelim_norole_nocot,Fire Commander of Ponte de Lima,,,fp,
qwen3_14b,participants,lusa_73,ext_def_exp_temp0.3_nodelim_norole_nocot,Lusa agency,,,fp,
qwen3_14b,participants,lusa_73,ext_def_exp_temp0.3_nodelim_norole_nocot,district of Viana do Castelo,,,fp,
qwen3_14b,participants,lusa_73,ext_def_exp_temp0.3_nodelim_norole_nocot,man,,,fp,
qwen3_14b,participants,lusa_73,ext_def_exp_temp0.3_nodelim_norole_nocot,District Relief Operations Command (CDOS),,,fp,
qwen3_14b,participants,lusa_73,ext_def_exp_temp0.3_nodelim_norole_nocot,scaffold,,,fp,
qwen3_14b,participants,lusa_73,ext_def_exp_temp0.3_nodelim_norole_nocot,the Lusa agency,,Org,fn,
qwen3_14b,participants,lusa_73,ext_def_exp_temp0.3_nodelim_norole_nocot,the Immediate Life Support (SIV) ambulance,,Obj,fn,
qwen3_14b,participants,lusa_73,ext_def_exp_temp0.3_nodelim_norole_nocot,work,,Other,fn,
qwen3_14b,participants,lusa_73,ext_def_exp_temp0.3_nodelim_norole_nocot,the local fire commander,,Per,fn,
qwen3_14b,participants,lusa_73,ext_def_exp_temp0.3_nodelim_norole_nocot,A ,,Other,fn,
qwen3_14b,participants,lusa_73,ext_def_exp_temp0.3_nodelim_norole_nocot,the district of Viana do Castelo,,Pl_civil,fn,
qwen3_14b,participants,lusa_73,ext_def_exp_temp0.3_nodelim_norole_nocot,the local fire,,Org,fn,
qwen3_14b,participants,lusa_73,ext_def_exp_temp0.3_nodelim_norole_nocot,"Ponte de Lima, in the",,Org,fn,
qwen3_14b,participants,lusa_73,ext_def_exp_temp0.3_nodelim_norole_nocot,the parish of Ribeira,,Pl_civil,fn,
qwen3_14b,participants,lusa_73,ext_def_exp_temp0.3_nodelim_norole_nocot,the scene,,Org,fn,
qwen3_14b,participants,lusa_73,ext_def_exp_temp0.3_nodelim_norole_nocot,Viana do Castelo,,Pl_civil,fn,
qwen3_14b,participants,lusa_73,ext_def_exp_temp0.3_nodelim_norole_nocot,Vehicle,,Obj,fn,
qwen3_14b,participants,lusa_73,ext_def_exp_temp0.3_nodelim_norole_nocot,the hospital in Braga,,Org,fn,
qwen3_14b,participants,lusa_73,ext_def_exp_temp0.3_nodelim_norole_nocot,the Fire Commander,,Per,fn,
qwen3_14b,participants,lusa_73,ext_def_exp_temp0.3_nodelim_norole_nocot,the District Relief Operations Command (CDOS),,Org,fn,
qwen3_14b,participants,lusa_73,ext_def_exp_temp0.3_nodelim_norole_nocot,"""three to four meters"" high",,Other,fn,
qwen3_14b,participants,lusa_73,ext_def_exp_temp0.3_nodelim_norole_nocot,a scaffold,,Obj,fn,
qwen3_14b,participants,lusa_73,ext_def_exp_temp0.3_nodelim_norole_nocot,the Fire,,Org,fn,
qwen3_14b,participants,lusa_74,ext_def_exp_temp0.3_nodelim_norole_nocot,the man,,Per,tp,
qwen3_14b,participants,lusa_74,ext_def_exp_temp0.3_nodelim_norole_nocot,Porto's GNR,,Org,tp,
qwen3_14b,participants,lusa_74,ext_def_exp_temp0.3_nodelim_norole_nocot,the military,,Per,tp,
qwen3_14b,participants,lusa_74,ext_def_exp_temp0.3_nodelim_norole_nocot,his mother,,Per,tp,
qwen3_14b,participants,lusa_74,ext_def_exp_temp0.3_nodelim_norole_nocot,Valongo,,Loc,tp,
qwen3_14b,participants,lusa_74,ext_def_exp_temp0.3_nodelim_norole_nocot,residence,,Loc,tp,
qwen3_14b,participants,lusa_74,ext_def_exp_temp0.3_nodelim_norole_nocot,A 33-year-old man,,Per,tp,
qwen3_14b,participants,lusa_74,ext_def_exp_temp0.3_nodelim_norole_nocot,property,,Obj,tp,
qwen3_14b,participants,lusa_74,ext_def_exp_temp0.3_nodelim_norole_nocot,criminal record,,,fp,
qwen3_14b,participants,lusa_74,ext_def_exp_temp0.3_nodelim_norole_nocot,his 57-year-old mother,,,fp,
qwen3_14b,participants,lusa_74,ext_def_exp_temp0.3_nodelim_norole_nocot,police force,,,fp,
qwen3_14b,participants,lusa_74,ext_def_exp_temp0.3_nodelim_norole_nocot,GNR,,,fp,
qwen3_14b,participants,lusa_74,ext_def_exp_temp0.3_nodelim_norole_nocot,person arrested,,,fp,
qwen3_14b,participants,lusa_74,ext_def_exp_temp0.3_nodelim_norole_nocot,arrest warrant,,,fp,
qwen3_14b,participants,lusa_74,ext_def_exp_temp0.3_nodelim_norole_nocot,defendant,,,fp,
qwen3_14b,participants,lusa_74,ext_def_exp_temp0.3_nodelim_norole_nocot,Porto,,,fp,
qwen3_14b,participants,lusa_74,ext_def_exp_temp0.3_nodelim_norole_nocot,where,,Loc,fn,
qwen3_14b,participants,lusa_74,ext_def_exp_temp0.3_nodelim_norole_nocot,money,,Obj,fn,
qwen3_14b,participants,lusa_74,ext_def_exp_temp0.3_nodelim_norole_nocot,the,,Per,fn,
qwen3_14b,participants,lusa_74,ext_def_exp_temp0.3_nodelim_norole_nocot,In ,,Per,fn,
qwen3_14b,participants,lusa_74,ext_def_exp_temp0.3_nodelim_norole_nocot,this,,Per,fn,
qwen3_14b,participants,lusa_74,ext_def_exp_temp0.3_nodelim_norole_nocot,the defendant,,Per,fn,
qwen3_14b,participants,lusa_74,ext_def_exp_temp0.3_nodelim_norole_nocot,with his mother,,Per,fn,
qwen3_14b,participants,lusa_74,ext_def_exp_temp0.3_nodelim_norole_nocot,him,,Per,fn,
qwen3_14b,participants,lusa_74,ext_def_exp_temp0.3_nodelim_norole_nocot,food,,Obj,fn,
qwen3_14b,participants,lusa_74,ext_def_exp_temp0.3_nodelim_norole_nocot,statement,,Obj,fn,
qwen3_14b,participants,lusa_74,ext_def_exp_temp0.3_nodelim_norole_nocot,old mother,,Per,fn,
qwen3_14b,participants,lusa_74,ext_def_exp_temp0.3_nodelim_norole_nocot,whom,,Per,fn,
qwen3_14b,participants,lusa_74,ext_def_exp_temp0.3_nodelim_norole_nocot,the place,,Loc,fn,
qwen3_14b,participants,lusa_74,ext_def_exp_temp0.3_nodelim_norole_nocot,coercive measures,,Other,fn,
qwen3_14b,participants,lusa_74,ext_def_exp_temp0.3_nodelim_norole_nocot,this police force,,Org,fn,
qwen3_14b,participants,lusa_74,ext_def_exp_temp0.3_nodelim_norole_nocot,his,,Per,fn,
qwen3_14b,participants,lusa_74,ext_def_exp_temp0.3_nodelim_norole_nocot,drug,,Obj,fn,
qwen3_14b,participants,lusa_74,ext_def_exp_temp0.3_nodelim_norole_nocot,the GNR,,Org,fn,
qwen3_14b,participants,lusa_75,ext_def_exp_temp0.3_nodelim_norole_nocot,Portalegre hospital,,Org,tp,
qwen3_14b,participants,lusa_75,ext_def_exp_temp0.3_nodelim_norole_nocot,the man,,Per,tp,
qwen3_14b,participants,lusa_75,ext_def_exp_temp0.3_nodelim_norole_nocot,Carreiras,,Loc,tp,
qwen3_14b,participants,lusa_75,ext_def_exp_temp0.3_nodelim_norole_nocot,the body,,Other,tp,
qwen3_14b,participants,lusa_75,ext_def_exp_temp0.3_nodelim_norole_nocot,the security force source,,Per,tp,
qwen3_14b,participants,lusa_75,ext_def_exp_temp0.3_nodelim_norole_nocot,the same source,,Per,tp,
qwen3_14b,participants,lusa_75,ext_def_exp_temp0.3_nodelim_norole_nocot,GNR,,Org,tp,
qwen3_14b,participants,lusa_75,ext_def_exp_temp0.3_nodelim_norole_nocot,Judiciary Police,,Org,tp,
qwen3_14b,participants,lusa_75,ext_def_exp_temp0.3_nodelim_norole_nocot,A 61-year-old man,,Per,tp,
qwen3_14b,participants,lusa_75,ext_def_exp_temp0.3_nodelim_norole_nocot,Portalegre,,,fp,
qwen3_14b,participants,lusa_75,ext_def_exp_temp0.3_nodelim_norole_nocot,GNR soldiers,,,fp,
qwen3_14b,participants,lusa_75,ext_def_exp_temp0.3_nodelim_norole_nocot,members of the public,,,fp,
qwen3_14b,participants,lusa_75,ext_def_exp_temp0.3_nodelim_norole_nocot,his vehicle,,,fp,
qwen3_14b,participants,lusa_75,ext_def_exp_temp0.3_nodelim_norole_nocot,a GNR source,,,fp,
qwen3_14b,participants,lusa_75,ext_def_exp_temp0.3_nodelim_norole_nocot,the location,,,fp,
qwen3_14b,participants,lusa_75,ext_def_exp_temp0.3_nodelim_norole_nocot,guard source,,,fp,
qwen3_14b,participants,lusa_75,ext_def_exp_temp0.3_nodelim_norole_nocot,Lusa.,,,fp,
qwen3_14b,participants,lusa_75,ext_def_exp_temp0.3_nodelim_norole_nocot,his car,,,fp,
qwen3_14b,participants,lusa_75,ext_def_exp_temp0.3_nodelim_norole_nocot,Forensic Medicine service,,,fp,
qwen3_14b,participants,lusa_75,ext_def_exp_temp0.3_nodelim_norole_nocot,the municipality of Portalegre,,,fp,
qwen3_14b,participants,lusa_75,ext_def_exp_temp0.3_nodelim_norole_nocot,a source,,,fp,
qwen3_14b,participants,lusa_75,ext_def_exp_temp0.3_nodelim_norole_nocot,District Relief Operations Command (CDOS),,,fp,
qwen3_14b,participants,lusa_75,ext_def_exp_temp0.3_nodelim_norole_nocot,The GNR soldiers,,Per,fn,
qwen3_14b,participants,lusa_75,ext_def_exp_temp0.3_nodelim_norole_nocot,security force,,Org,fn,
qwen3_14b,participants,lusa_75,ext_def_exp_temp0.3_nodelim_norole_nocot,the Forensic Medicine service,,Org,fn,
qwen3_14b,participants,lusa_75,ext_def_exp_temp0.3_nodelim_norole_nocot,municipality of Portalegre,,Loc,fn,
qwen3_14b,participants,lusa_75,ext_def_exp_temp0.3_nodelim_norole_nocot,guard,,Org,fn,
qwen3_14b,participants,lusa_75,ext_def_exp_temp0.3_nodelim_norole_nocot,inside,,Other,fn,
qwen3_14b,participants,lusa_75,ext_def_exp_temp0.3_nodelim_norole_nocot,that,,Org,fn,
qwen3_14b,participants,lusa_75,ext_def_exp_temp0.3_nodelim_norole_nocot,District Relief Operations Command (CDOS) of Portalegre,,Org,fn,
qwen3_14b,participants,lusa_75,ext_def_exp_temp0.3_nodelim_norole_nocot,the GNR,,Org,fn,
qwen3_14b,participants,lusa_75,ext_def_exp_temp0.3_nodelim_norole_nocot,source told Lusa,,Org,fn,
qwen3_14b,participants,lusa_75,ext_def_exp_temp0.3_nodelim_norole_nocot,the case,,Other,fn,
qwen3_14b,participants,lusa_75,ext_def_exp_temp0.3_nodelim_norole_nocot,car,,Obj,fn,
qwen3_14b,participants,lusa_75,ext_def_exp_temp0.3_nodelim_norole_nocot,his,,Per,fn,
qwen3_14b,participants,lusa_75,ext_def_exp_temp0.3_nodelim_norole_nocot,public,,Per,fn,
qwen3_14b,participants,lusa_75,ext_def_exp_temp0.3_nodelim_norole_nocot,vehicle,,Obj,fn,
qwen3_14b,participants,lusa_75,ext_def_exp_temp0.3_nodelim_norole_nocot,the scene,,Loc,fn,
qwen3_14b,participants,lusa_75,ext_def_exp_temp0.3_nodelim_norole_nocot,that location,,Loc,fn,
qwen3_14b,participants,lusa_75,ext_def_exp_temp0.3_nodelim_norole_nocot,source,,Per,fn,
qwen3_14b,participants,lusa_75,ext_def_exp_temp0.3_nodelim_norole_nocot,the guard source,,Per,fn,
qwen3_14b,participants,lusa_76,ext_def_exp_temp0.3_nodelim_norole_nocot,A White House official,,Per,tp,
qwen3_14b,participants,lusa_76,ext_def_exp_temp0.3_nodelim_norole_nocot,the State of Virginia,,Loc,tp,
qwen3_14b,participants,lusa_76,ext_def_exp_temp0.3_nodelim_norole_nocot,Trump,,Per,tp,
qwen3_14b,participants,lusa_76,ext_def_exp_temp0.3_nodelim_norole_nocot,two US citizens,,Per,tp,
qwen3_14b,participants,lusa_76,ext_def_exp_temp0.3_nodelim_norole_nocot,the country,,Loc,tp,
qwen3_14b,participants,lusa_76,ext_def_exp_temp0.3_nodelim_norole_nocot,a Texas journalist,,Per,tp,
qwen3_14b,participants,lusa_76,ext_def_exp_temp0.3_nodelim_norole_nocot,Kash Patel,,Per,tp,
qwen3_14b,participants,lusa_76,ext_def_exp_temp0.3_nodelim_norole_nocot,Donald Trump,,Per,tp,
qwen3_14b,participants,lusa_76,ext_def_exp_temp0.3_nodelim_norole_nocot,Tice,,Per,tp,
qwen3_14b,participants,lusa_76,ext_def_exp_temp0.3_nodelim_norole_nocot,prisons,,Loc,tp,
qwen3_14b,participants,lusa_76,ext_def_exp_temp0.3_nodelim_norole_nocot,the AP,,Org,tp,
qwen3_14b,participants,lusa_76,ext_def_exp_temp0.3_nodelim_norole_nocot,Damascus,,Loc,tp,
qwen3_14b,participants,lusa_76,ext_def_exp_temp0.3_nodelim_norole_nocot,those two citizens,,Per,tp,
qwen3_14b,participants,lusa_76,ext_def_exp_temp0.3_nodelim_norole_nocot,high-level US leaders,,Per,tp,
qwen3_14b,participants,lusa_76,ext_def_exp_temp0.3_nodelim_norole_nocot,Syria,,Loc,tp,
qwen3_14b,participants,lusa_76,ext_def_exp_temp0.3_nodelim_norole_nocot,Majd Kamalmaz,,Per,tp,
qwen3_14b,participants,lusa_76,ext_def_exp_temp0.3_nodelim_norole_nocot,Austin Tice,,,fp,
qwen3_14b,participants,lusa_76,ext_def_exp_temp0.3_nodelim_norole_nocot,Associated Press,,,fp,
qwen3_14b,participants,lusa_76,ext_def_exp_temp0.3_nodelim_norole_nocot,US citizens,,,fp,
qwen3_14b,participants,lusa_76,ext_def_exp_temp0.3_nodelim_norole_nocot,AP,,,fp,
qwen3_14b,participants,lusa_76,ext_def_exp_temp0.3_nodelim_norole_nocot,high-level US official,,,fp,
qwen3_14b,participants,lusa_76,ext_def_exp_temp0.3_nodelim_norole_nocot,US embassy,,,fp,
qwen3_14b,participants,lusa_76,ext_def_exp_temp0.3_nodelim_norole_nocot,Wall Street Journal,,,fp,
qwen3_14b,participants,lusa_76,ext_def_exp_temp0.3_nodelim_norole_nocot,ambassador,,,fp,
qwen3_14b,participants,lusa_76,ext_def_exp_temp0.3_nodelim_norole_nocot,US,,,fp,
qwen3_14b,participants,lusa_76,ext_def_exp_temp0.3_nodelim_norole_nocot,White House,,,fp,
qwen3_14b,participants,lusa_76,ext_def_exp_temp0.3_nodelim_norole_nocot,He,,,fp,
qwen3_14b,participants,lusa_76,ext_def_exp_temp0.3_nodelim_norole_nocot,Damascus regime,,,fp,
qwen3_14b,participants,lusa_76,ext_def_exp_temp0.3_nodelim_norole_nocot,the,,Loc,fn,
qwen3_14b,participants,lusa_76,ext_def_exp_temp0.3_nodelim_norole_nocot,whom ,,Per,fn,
qwen3_14b,participants,lusa_76,ext_def_exp_temp0.3_nodelim_norole_nocot,a high-level,,Per,fn,
qwen3_14b,participants,lusa_76,ext_def_exp_temp0.3_nodelim_norole_nocot,a Texas,,Loc,fn,
qwen3_14b,participants,lusa_76,ext_def_exp_temp0.3_nodelim_norole_nocot,information,,Other,fn,
qwen3_14b,participants,lusa_76,ext_def_exp_temp0.3_nodelim_norole_nocot,A White House,,Org,fn,
qwen3_14b,participants,lusa_76,ext_def_exp_temp0.3_nodelim_norole_nocot,the ambassador,,Per,fn,
qwen3_14b,participants,lusa_76,ext_def_exp_temp0.3_nodelim_norole_nocot,the Wall Street Journal,,Org,fn,
qwen3_14b,participants,lusa_76,ext_def_exp_temp0.3_nodelim_norole_nocot,the US,,Loc,fn,
qwen3_14b,participants,lusa_76,ext_def_exp_temp0.3_nodelim_norole_nocot,journalist Austin Tice,,Per,fn,
qwen3_14b,participants,lusa_76,ext_def_exp_temp0.3_nodelim_norole_nocot,who,,Per,fn,
qwen3_14b,participants,lusa_76,ext_def_exp_temp0.3_nodelim_norole_nocot,-old clinical psychologist,,Per,fn,
qwen3_14b,participants,lusa_76,ext_def_exp_temp0.3_nodelim_norole_nocot,an advisor,,Per,fn,
qwen3_14b,participants,lusa_76,ext_def_exp_temp0.3_nodelim_norole_nocot,one,,Loc,fn,
qwen3_14b,participants,lusa_76,ext_def_exp_temp0.3_nodelim_norole_nocot,the Associated Press (AP),,Org,fn,
qwen3_14b,participants,lusa_76,ext_def_exp_temp0.3_nodelim_norole_nocot,the US embassy,,Org,fn,
qwen3_14b,participants,lusa_76,ext_def_exp_temp0.3_nodelim_norole_nocot,other missing,,Per,fn,
qwen3_14b,participants,lusa_78,ext_def_exp_temp0.3_nodelim_norole_nocot,a man,,Per,tp,
qwen3_14b,participants,lusa_78,ext_def_exp_temp0.3_nodelim_norole_nocot,the Regional Prosecutor's Office,,Org,tp,
qwen3_14b,participants,lusa_78,ext_def_exp_temp0.3_nodelim_norole_nocot,The Guimarães court,,Org,tp,
qwen3_14b,participants,lusa_78,ext_def_exp_temp0.3_nodelim_norole_nocot,the defendant,,Per,tp,
qwen3_14b,participants,lusa_78,ext_def_exp_temp0.3_nodelim_norole_nocot,the victim,,Per,tp,
qwen3_14b,participants,lusa_78,ext_def_exp_temp0.3_nodelim_norole_nocot,Guimarães,,Loc,tp,
qwen3_14b,participants,lusa_78,ext_def_exp_temp0.3_nodelim_norole_nocot,his friend,,Per,tp,
qwen3_14b,participants,lusa_78,ext_def_exp_temp0.3_nodelim_norole_nocot,the woman,,Per,tp,
qwen3_14b,participants,lusa_78,ext_def_exp_temp0.3_nodelim_norole_nocot,the personality,,Other,tp,
qwen3_14b,participants,lusa_78,ext_def_exp_temp0.3_nodelim_norole_nocot,the legal obligation,,,fp,
qwen3_14b,participants,lusa_78,ext_def_exp_temp0.3_nodelim_norole_nocot,he,,,fp,
qwen3_14b,participants,lusa_78,ext_def_exp_temp0.3_nodelim_norole_nocot,the court,,,fp,
qwen3_14b,participants,lusa_78,ext_def_exp_temp0.3_nodelim_norole_nocot,the sentence,,,fp,
qwen3_14b,participants,lusa_78,ext_def_exp_temp0.3_nodelim_norole_nocot,website.,,,fp,
qwen3_14b,participants,lusa_78,ext_def_exp_temp0.3_nodelim_norole_nocot,the unstructured life,,,fp,
qwen3_14b,participants,lusa_78,ext_def_exp_temp0.3_nodelim_norole_nocot,Regional Prosecutor's Office do Porto,,,fp,
qwen3_14b,participants,lusa_78,ext_def_exp_temp0.3_nodelim_norole_nocot,the criminal record,,,fp,
qwen3_14b,participants,lusa_78,ext_def_exp_temp0.3_nodelim_norole_nocot,parish of Guimarães,,,fp,
qwen3_14b,participants,lusa_78,ext_def_exp_temp0.3_nodelim_norole_nocot,her,,Per,fn,
qwen3_14b,participants,lusa_78,ext_def_exp_temp0.3_nodelim_norole_nocot,the,,Per,fn,
qwen3_14b,participants,lusa_78,ext_def_exp_temp0.3_nodelim_norole_nocot,a parish,,Loc,fn,
qwen3_14b,participants,lusa_78,ext_def_exp_temp0.3_nodelim_norole_nocot,house,,Loc,fn,
qwen3_14b,participants,lusa_78,ext_def_exp_temp0.3_nodelim_norole_nocot,him,,Per,fn,
qwen3_14b,participants,lusa_78,ext_def_exp_temp0.3_nodelim_norole_nocot,that,,Obj,fn,
qwen3_14b,participants,lusa_78,ext_def_exp_temp0.3_nodelim_norole_nocot,The ,,Other,fn,
qwen3_14b,participants,lusa_78,ext_def_exp_temp0.3_nodelim_norole_nocot,",",,Per,fn,
qwen3_14b,participants,lusa_78,ext_def_exp_temp0.3_nodelim_norole_nocot,a friend,,Per,fn,
qwen3_14b,participants,lusa_78,ext_def_exp_temp0.3_nodelim_norole_nocot,home,,Loc,fn,
qwen3_14b,participants,lusa_78,ext_def_exp_temp0.3_nodelim_norole_nocot,The court,,Org,fn,
qwen3_14b,participants,lusa_78,ext_def_exp_temp0.3_nodelim_norole_nocot,and held her arms,,Other,fn,
qwen3_14b,participants,lusa_78,ext_def_exp_temp0.3_nodelim_norole_nocot,clothes,,Obj,fn,
qwen3_14b,participants,lusa_78,ext_def_exp_temp0.3_nodelim_norole_nocot,was,,Per,fn,
qwen3_14b,participants,lusa_78,ext_def_exp_temp0.3_nodelim_norole_nocot,on its website,,Other,fn,
qwen3_14b,participants,lusa_78,ext_def_exp_temp0.3_nodelim_norole_nocot,his,,Org,fn,
qwen3_14b,participants,lusa_78,ext_def_exp_temp0.3_nodelim_norole_nocot,He,,Per,fn,
qwen3_14b,participants,lusa_8,ext_def_exp_temp0.3_nodelim_norole_nocot,the Kwanza River,,Pl_water,tp,
qwen3_14b,participants,lusa_8,ext_def_exp_temp0.3_nodelim_norole_nocot,public radio,,Org,tp,
qwen3_14b,participants,lusa_8,ext_def_exp_temp0.3_nodelim_norole_nocot,Muinha,,Pl_civil,tp,
qwen3_14b,participants,lusa_8,ext_def_exp_temp0.3_nodelim_norole_nocot,Baptista Sambango,,Per,tp,
qwen3_14b,participants,lusa_8,ext_def_exp_temp0.3_nodelim_norole_nocot,Three people,,Per,tp,
qwen3_14b,participants,lusa_8,ext_def_exp_temp0.3_nodelim_norole_nocot,The communal administrator,,Per,tp,
qwen3_14b,participants,lusa_8,ext_def_exp_temp0.3_nodelim_norole_nocot,a child,,Per,tp,
qwen3_14b,participants,lusa_8,ext_def_exp_temp0.3_nodelim_norole_nocot,Angolan province of Bié,,Pl_civil,tp,
qwen3_14b,participants,lusa_8,ext_def_exp_temp0.3_nodelim_norole_nocot,the dead,,Per,tp,
qwen3_14b,participants,lusa_8,ext_def_exp_temp0.3_nodelim_norole_nocot,The river,,,fp,
qwen3_14b,participants,lusa_8,ext_def_exp_temp0.3_nodelim_norole_nocot,municipality of Camacupa,,,fp,
qwen3_14b,participants,lusa_8,ext_def_exp_temp0.3_nodelim_norole_nocot,that mammal.,,,fp,
qwen3_14b,participants,lusa_8,ext_def_exp_temp0.3_nodelim_norole_nocot,eight people on board,,,fp,
qwen3_14b,participants,lusa_8,ext_def_exp_temp0.3_nodelim_norole_nocot,The municipal administrator,,,fp,
qwen3_14b,participants,lusa_8,ext_def_exp_temp0.3_nodelim_norole_nocot,the artisanal boat,,,fp,
qwen3_14b,participants,lusa_8,ext_def_exp_temp0.3_nodelim_norole_nocot,The population,,,fp,
qwen3_14b,participants,lusa_8,ext_def_exp_temp0.3_nodelim_norole_nocot,survivors,,,fp,
qwen3_14b,participants,lusa_8,ext_def_exp_temp0.3_nodelim_norole_nocot,hippopotamus,,,fp,
qwen3_14b,participants,lusa_8,ext_def_exp_temp0.3_nodelim_norole_nocot,peasants,,,fp,
qwen3_14b,participants,lusa_8,ext_def_exp_temp0.3_nodelim_norole_nocot,the population,,Per,fn,
qwen3_14b,participants,lusa_8,ext_def_exp_temp0.3_nodelim_norole_nocot,the size of the river,,Other,fn,
qwen3_14b,participants,lusa_8,ext_def_exp_temp0.3_nodelim_norole_nocot,eight people,,Per,fn,
qwen3_14b,participants,lusa_8,ext_def_exp_temp0.3_nodelim_norole_nocot,the municipal administrator,,Per,fn,
qwen3_14b,participants,lusa_8,ext_def_exp_temp0.3_nodelim_norole_nocot,the peasants,,Per,fn,
qwen3_14b,participants,lusa_8,ext_def_exp_temp0.3_nodelim_norole_nocot,the municipality of Camacupa,,Pl_civil,fn,
qwen3_14b,participants,lusa_8,ext_def_exp_temp0.3_nodelim_norole_nocot,that mammal,,Nat,fn,
qwen3_14b,participants,lusa_8,ext_def_exp_temp0.3_nodelim_norole_nocot,the river,,Pl_water,fn,
qwen3_14b,participants,lusa_8,ext_def_exp_temp0.3_nodelim_norole_nocot,The ,,Other,fn,
qwen3_14b,participants,lusa_8,ext_def_exp_temp0.3_nodelim_norole_nocot,the survivors,,Per,fn,
qwen3_14b,participants,lusa_8,ext_def_exp_temp0.3_nodelim_norole_nocot,the fields,,Loc,fn,
qwen3_14b,participants,lusa_8,ext_def_exp_temp0.3_nodelim_norole_nocot,a bridge,,Path,fn,
qwen3_14b,participants,lusa_8,ext_def_exp_temp0.3_nodelim_norole_nocot,the artisanal,,Veh,fn,
qwen3_14b,participants,lusa_8,ext_def_exp_temp0.3_nodelim_norole_nocot,one,,Per,fn,
qwen3_14b,participants,lusa_8,ext_def_exp_temp0.3_nodelim_norole_nocot,body,,Other,fn,
qwen3_14b,participants,lusa_8,ext_def_exp_temp0.3_nodelim_norole_nocot,whose,,Per,fn,
qwen3_14b,participants,lusa_8,ext_def_exp_temp0.3_nodelim_norole_nocot,a hippopotamus,,Nat,fn,
qwen3_14b,participants,lusa_81,ext_def_exp_temp0.3_nodelim_norole_nocot,the document,,Obj,tp,
qwen3_14b,participants,lusa_81,ext_def_exp_temp0.3_nodelim_norole_nocot,the military,,Per,tp,
qwen3_14b,participants,lusa_81,ext_def_exp_temp0.3_nodelim_norole_nocot,the Guard,,Org,tp,
qwen3_14b,participants,lusa_81,ext_def_exp_temp0.3_nodelim_norole_nocot,The detainee,,Per,tp,
qwen3_14b,participants,lusa_81,ext_def_exp_temp0.3_nodelim_norole_nocot,prohibited weapon,,Obj,tp,
qwen3_14b,participants,lusa_81,ext_def_exp_temp0.3_nodelim_norole_nocot,Criminal Investigation Center (NIC) of Penafiel,,Org,tp,
qwen3_14b,participants,lusa_81,ext_def_exp_temp0.3_nodelim_norole_nocot,Paredes,,Loc,tp,
qwen3_14b,participants,lusa_81,ext_def_exp_temp0.3_nodelim_norole_nocot,extendable baton,,,fp,
qwen3_14b,participants,lusa_81,ext_def_exp_temp0.3_nodelim_norole_nocot,the statement,,,fp,
qwen3_14b,participants,lusa_81,ext_def_exp_temp0.3_nodelim_norole_nocot,replica firearm,,,fp,
qwen3_14b,participants,lusa_81,ext_def_exp_temp0.3_nodelim_norole_nocot,GNR,,,fp,
qwen3_14b,participants,lusa_81,ext_def_exp_temp0.3_nodelim_norole_nocot,Penafiel,,,fp,
qwen3_14b,participants,lusa_81,ext_def_exp_temp0.3_nodelim_norole_nocot,Paredes Judicial Court,,,fp,
qwen3_14b,participants,lusa_81,ext_def_exp_temp0.3_nodelim_norole_nocot,A 25-year-old man,,,fp,
qwen3_14b,participants,lusa_81,ext_def_exp_temp0.3_nodelim_norole_nocot,the Paredes Judicial Court,,Org,fn,
qwen3_14b,participants,lusa_81,ext_def_exp_temp0.3_nodelim_norole_nocot,"A 25-year-old man, with",,Per,fn,
qwen3_14b,participants,lusa_81,ext_def_exp_temp0.3_nodelim_norole_nocot,statement,,Obj,fn,
qwen3_14b,participants,lusa_81,ext_def_exp_temp0.3_nodelim_norole_nocot,an extendable baton,,Obj,fn,
qwen3_14b,participants,lusa_81,ext_def_exp_temp0.3_nodelim_norole_nocot,an extendable,,Obj,fn,
qwen3_14b,participants,lusa_81,ext_def_exp_temp0.3_nodelim_norole_nocot,his,,Per,fn,
qwen3_14b,participants,lusa_81,ext_def_exp_temp0.3_nodelim_norole_nocot,a replica firearm,,Obj,fn,
qwen3_14b,participants,lusa_81,ext_def_exp_temp0.3_nodelim_norole_nocot,the GNR,,Org,fn,
qwen3_14b,participants,lusa_82,ext_def_exp_temp0.3_nodelim_norole_nocot,Rui Santos Amaral,,Per,tp,
qwen3_14b,participants,lusa_82,ext_def_exp_temp0.3_nodelim_norole_nocot,the maritime authority,,Org,tp,
qwen3_14b,participants,lusa_82,ext_def_exp_temp0.3_nodelim_norole_nocot,Judiciary Police,,Org,tp,
qwen3_14b,participants,lusa_82,ext_def_exp_temp0.3_nodelim_norole_nocot,Maritime Police,,Org,tp,
qwen3_14b,participants,lusa_82,ext_def_exp_temp0.3_nodelim_norole_nocot,Vila Nova de Gaia,,Loc,tp,
qwen3_14b,participants,lusa_82,ext_def_exp_temp0.3_nodelim_norole_nocot,Lusa,,Org,tp,
qwen3_14b,participants,lusa_82,ext_def_exp_temp0.3_nodelim_norole_nocot,Douro River,,,fp,
qwen3_14b,participants,lusa_82,ext_def_exp_temp0.3_nodelim_norole_nocot,body of a man,,,fp,
qwen3_14b,participants,lusa_82,ext_def_exp_temp0.3_nodelim_norole_nocot,Coimbrões,,,fp,
qwen3_14b,participants,lusa_82,ext_def_exp_temp0.3_nodelim_norole_nocot,members of the public,,,fp,
qwen3_14b,participants,lusa_82,ext_def_exp_temp0.3_nodelim_norole_nocot,Firefighters from Coimbrões,,,fp,
qwen3_14b,participants,lusa_82,ext_def_exp_temp0.3_nodelim_norole_nocot,Sapadores from Vila Nova de Gaia,,,fp,
qwen3_14b,participants,lusa_82,ext_def_exp_temp0.3_nodelim_norole_nocot,commander of the Porto captaincy,,,fp,
qwen3_14b,participants,lusa_82,ext_def_exp_temp0.3_nodelim_norole_nocot,Santa Marinha floating pier,,,fp,
qwen3_14b,participants,lusa_82,ext_def_exp_temp0.3_nodelim_norole_nocot,5:20 pm,,,fp,
qwen3_14b,participants,lusa_82,ext_def_exp_temp0.3_nodelim_norole_nocot,man,,,fp,
qwen3_14b,participants,lusa_82,ext_def_exp_temp0.3_nodelim_norole_nocot,body,,,fp,
qwen3_14b,participants,lusa_82,ext_def_exp_temp0.3_nodelim_norole_nocot,a man,,Per,fn,
qwen3_14b,participants,lusa_82,ext_def_exp_temp0.3_nodelim_norole_nocot,the “body,,Other,fn,
qwen3_14b,participants,lusa_82,ext_def_exp_temp0.3_nodelim_norole_nocot,public,,Per,fn,
qwen3_14b,participants,lusa_82,ext_def_exp_temp0.3_nodelim_norole_nocot,The corpse,,Other,fn,
qwen3_14b,participants,lusa_82,ext_def_exp_temp0.3_nodelim_norole_nocot,the scene,,Loc,fn,
qwen3_14b,participants,lusa_82,ext_def_exp_temp0.3_nodelim_norole_nocot,Porto captaincy,,Org,fn,
qwen3_14b,participants,lusa_82,ext_def_exp_temp0.3_nodelim_norole_nocot,a man aged around 60,,Per,fn,
qwen3_14b,participants,lusa_82,ext_def_exp_temp0.3_nodelim_norole_nocot,The Maritime Police,,Org,fn,
qwen3_14b,participants,lusa_82,ext_def_exp_temp0.3_nodelim_norole_nocot,the Douro River,,Nat,fn,
qwen3_14b,participants,lusa_82,ext_def_exp_temp0.3_nodelim_norole_nocot,The Sapadores from Vila Nova de Gaia,,Org,fn,
qwen3_14b,participants,lusa_82,ext_def_exp_temp0.3_nodelim_norole_nocot,the water,,Nat,fn,
qwen3_14b,participants,lusa_82,ext_def_exp_temp0.3_nodelim_norole_nocot,The ,,Other,fn,
qwen3_14b,participants,lusa_82,ext_def_exp_temp0.3_nodelim_norole_nocot,who,,Per,fn,
qwen3_14b,participants,lusa_82,ext_def_exp_temp0.3_nodelim_norole_nocot,the Santa Marinha floating pier,,Loc,fn,
qwen3_14b,participants,lusa_82,ext_def_exp_temp0.3_nodelim_norole_nocot,the commander,,Per,fn,
qwen3_14b,participants,lusa_82,ext_def_exp_temp0.3_nodelim_norole_nocot,the Firefighters,,Org,fn,
qwen3_14b,participants,lusa_84,ext_def_exp_temp0.3_nodelim_norole_nocot,the man,,Per,tp,
qwen3_14b,participants,lusa_84,ext_def_exp_temp0.3_nodelim_norole_nocot,the Braga District Relief Operations Command,,Org,tp,
qwen3_14b,participants,lusa_84,ext_def_exp_temp0.3_nodelim_norole_nocot,the municipality of Barcelos,,Loc,tp,
qwen3_14b,participants,lusa_84,ext_def_exp_temp0.3_nodelim_norole_nocot,Milhazes,,Loc,tp,
qwen3_14b,participants,lusa_84,ext_def_exp_temp0.3_nodelim_norole_nocot,the tree,,Nat,tp,
qwen3_14b,participants,lusa_84,ext_def_exp_temp0.3_nodelim_norole_nocot,a large tree,,Nat,tp,
qwen3_14b,participants,lusa_84,ext_def_exp_temp0.3_nodelim_norole_nocot,A man,,,fp,
qwen3_14b,participants,lusa_84,ext_def_exp_temp0.3_nodelim_norole_nocot,he,,,fp,
qwen3_14b,participants,lusa_84,ext_def_exp_temp0.3_nodelim_norole_nocot,GNR,,,fp,
qwen3_14b,participants,lusa_84,ext_def_exp_temp0.3_nodelim_norole_nocot,Barcelinhos Volunteer Firefighters,,,fp,
qwen3_14b,participants,lusa_84,ext_def_exp_temp0.3_nodelim_norole_nocot,emergency and resuscitation medical vehicle,,,fp,
qwen3_14b,participants,lusa_84,ext_def_exp_temp0.3_nodelim_norole_nocot,a source,,,fp,
qwen3_14b,participants,lusa_84,ext_def_exp_temp0.3_nodelim_norole_nocot,Braga District Relief Operations Command,,,fp,
qwen3_14b,participants,lusa_84,ext_def_exp_temp0.3_nodelim_norole_nocot,A man aged around 50,,Per,fn,
qwen3_14b,participants,lusa_84,ext_def_exp_temp0.3_nodelim_norole_nocot,the,,Nat,fn,
qwen3_14b,participants,lusa_84,ext_def_exp_temp0.3_nodelim_norole_nocot,the scene,,Loc,fn,
qwen3_14b,participants,lusa_84,ext_def_exp_temp0.3_nodelim_norole_nocot,the Barcelinhos Volunteer Firefighters,,Org,fn,
qwen3_14b,participants,lusa_84,ext_def_exp_temp0.3_nodelim_norole_nocot,initial information,,Other,fn,
qwen3_14b,participants,lusa_84,ext_def_exp_temp0.3_nodelim_norole_nocot,source,,Per,fn,
qwen3_14b,participants,lusa_84,ext_def_exp_temp0.3_nodelim_norole_nocot,the first information,,Other,fn,
qwen3_14b,participants,lusa_84,ext_def_exp_temp0.3_nodelim_norole_nocot,an emergency and resuscitation medical vehicle,,Obj,fn,
qwen3_14b,participants,lusa_84,ext_def_exp_temp0.3_nodelim_norole_nocot,The GNR,,Org,fn,
qwen3_14b,participants,lusa_84,ext_def_exp_temp0.3_nodelim_norole_nocot,the source,,Per,fn,
qwen3_14b,participants,lusa_85,ext_def_exp_temp0.3_nodelim_norole_nocot,the man,,Per,tp,
qwen3_14b,participants,lusa_85,ext_def_exp_temp0.3_nodelim_norole_nocot,the man's body,,Other,tp,
qwen3_14b,participants,lusa_85,ext_def_exp_temp0.3_nodelim_norole_nocot,CDOS,,Org,tp,
qwen3_14b,participants,lusa_85,ext_def_exp_temp0.3_nodelim_norole_nocot,Civil Protection,,Org,tp,
qwen3_14b,participants,lusa_85,ext_def_exp_temp0.3_nodelim_norole_nocot,VMER,,Obj,tp,
qwen3_14b,participants,lusa_85,ext_def_exp_temp0.3_nodelim_norole_nocot,Municipal Road 524,,Loc,tp,
qwen3_14b,participants,lusa_85,ext_def_exp_temp0.3_nodelim_norole_nocot,source,,Per,tp,
qwen3_14b,participants,lusa_85,ext_def_exp_temp0.3_nodelim_norole_nocot,sources,,Per,tp,
qwen3_14b,participants,lusa_85,ext_def_exp_temp0.3_nodelim_norole_nocot,Lusa agency,,Org,tp,
qwen3_14b,participants,lusa_85,ext_def_exp_temp0.3_nodelim_norole_nocot,A 61-year-old man,,Per,tp,
qwen3_14b,participants,lusa_85,ext_def_exp_temp0.3_nodelim_norole_nocot,Portalegre,,,fp,
qwen3_14b,participants,lusa_85,ext_def_exp_temp0.3_nodelim_norole_nocot,Portalegre hospital,,,fp,
qwen3_14b,participants,lusa_85,ext_def_exp_temp0.3_nodelim_norole_nocot,Marvão corporation,,,fp,
qwen3_14b,participants,lusa_85,ext_def_exp_temp0.3_nodelim_norole_nocot,Firefighters,,,fp,
qwen3_14b,participants,lusa_85,ext_def_exp_temp0.3_nodelim_norole_nocot,doctor,,,fp,
qwen3_14b,participants,lusa_85,ext_def_exp_temp0.3_nodelim_norole_nocot,GNR,,,fp,
qwen3_14b,participants,lusa_85,ext_def_exp_temp0.3_nodelim_norole_nocot,the car,,,fp,
qwen3_14b,participants,lusa_85,ext_def_exp_temp0.3_nodelim_norole_nocot,Forensic Medicine service,,,fp,
qwen3_14b,participants,lusa_85,ext_def_exp_temp0.3_nodelim_norole_nocot,parish of Beirã,,,fp,
qwen3_14b,participants,lusa_85,ext_def_exp_temp0.3_nodelim_norole_nocot,passenger vehicle,,,fp,
qwen3_14b,participants,lusa_85,ext_def_exp_temp0.3_nodelim_norole_nocot,Marvão,,,fp,
qwen3_14b,participants,lusa_85,ext_def_exp_temp0.3_nodelim_norole_nocot,emergency and resuscitation medical vehicle,,,fp,
qwen3_14b,participants,lusa_85,ext_def_exp_temp0.3_nodelim_norole_nocot,District Relief Operations Command (CDOS),,,fp,
qwen3_14b,participants,lusa_85,ext_def_exp_temp0.3_nodelim_norole_nocot,Bica area,,,fp,
qwen3_14b,participants,lusa_85,ext_def_exp_temp0.3_nodelim_norole_nocot,vehicles,,Obj,fn,
qwen3_14b,participants,lusa_85,ext_def_exp_temp0.3_nodelim_norole_nocot,a total of eight elements,,Per,fn,
qwen3_14b,participants,lusa_85,ext_def_exp_temp0.3_nodelim_norole_nocot,the Forensic Medicine service,,Org,fn,
qwen3_14b,participants,lusa_85,ext_def_exp_temp0.3_nodelim_norole_nocot,the GNR,,Org,fn,
qwen3_14b,participants,lusa_85,ext_def_exp_temp0.3_nodelim_norole_nocot,the ,,Obj,fn,
qwen3_14b,participants,lusa_85,ext_def_exp_temp0.3_nodelim_norole_nocot,the doctor,,Per,fn,
qwen3_14b,participants,lusa_85,ext_def_exp_temp0.3_nodelim_norole_nocot,he,,Obj,fn,
qwen3_14b,participants,lusa_85,ext_def_exp_temp0.3_nodelim_norole_nocot,the municipality of Marvão,,Loc,fn,
qwen3_14b,participants,lusa_85,ext_def_exp_temp0.3_nodelim_norole_nocot,the emergency and resuscitation medical vehicle (VMER),,Obj,fn,
qwen3_14b,participants,lusa_85,ext_def_exp_temp0.3_nodelim_norole_nocot,the Portalegre hospital,,Org,fn,
qwen3_14b,participants,lusa_85,ext_def_exp_temp0.3_nodelim_norole_nocot,the Marvão corporation,,Org,fn,
qwen3_14b,participants,lusa_85,ext_def_exp_temp0.3_nodelim_norole_nocot,the,,Org,fn,
qwen3_14b,participants,lusa_85,ext_def_exp_temp0.3_nodelim_norole_nocot,district of Portalegre,,Loc,fn,
qwen3_14b,participants,lusa_85,ext_def_exp_temp0.3_nodelim_norole_nocot,four vehicles,,Obj,fn,
qwen3_14b,participants,lusa_85,ext_def_exp_temp0.3_nodelim_norole_nocot,the Bica area,,Loc,fn,
qwen3_14b,participants,lusa_85,ext_def_exp_temp0.3_nodelim_norole_nocot,mobilized,,Per,fn,
qwen3_14b,participants,lusa_85,ext_def_exp_temp0.3_nodelim_norole_nocot,the passenger vehicle,,Obj,fn,
qwen3_14b,participants,lusa_85,ext_def_exp_temp0.3_nodelim_norole_nocot,the parish of Beirã,,Loc,fn,
qwen3_14b,participants,lusa_85,ext_def_exp_temp0.3_nodelim_norole_nocot,the scene,,Loc,fn,
qwen3_14b,participants,lusa_85,ext_def_exp_temp0.3_nodelim_norole_nocot,The same sources,,Per,fn,
qwen3_14b,participants,lusa_85,ext_def_exp_temp0.3_nodelim_norole_nocot,the District Relief Operations Command (CDOS) of Portalegre,,Org,fn,
qwen3_14b,participants,lusa_87,ext_def_exp_temp0.3_nodelim_norole_nocot,house,,Loc,tp,
qwen3_14b,participants,lusa_87,ext_def_exp_temp0.3_nodelim_norole_nocot,the house,,Other,tp,
qwen3_14b,participants,lusa_87,ext_def_exp_temp0.3_nodelim_norole_nocot,Câmara de Lobos,,Loc,tp,
qwen3_14b,participants,lusa_87,ext_def_exp_temp0.3_nodelim_norole_nocot,source,,Per,tp,
qwen3_14b,participants,lusa_87,ext_def_exp_temp0.3_nodelim_norole_nocot,The mayor,,Per,tp,
qwen3_14b,participants,lusa_87,ext_def_exp_temp0.3_nodelim_norole_nocot,Lusa agency,,Org,tp,
qwen3_14b,participants,lusa_87,ext_def_exp_temp0.3_nodelim_norole_nocot,Leonel Correia da Silva,,Per,tp,
qwen3_14b,participants,lusa_87,ext_def_exp_temp0.3_nodelim_norole_nocot,Câmara de Lobos firefighters,,Org,tp,
qwen3_14b,participants,lusa_87,ext_def_exp_temp0.3_nodelim_norole_nocot,councilor of Câmara de Lobos,,,fp,
qwen3_14b,participants,lusa_87,ext_def_exp_temp0.3_nodelim_norole_nocot,Jardim da Serra parish,,,fp,
qwen3_14b,participants,lusa_87,ext_def_exp_temp0.3_nodelim_norole_nocot,the fire,,,fp,
qwen3_14b,participants,lusa_87,ext_def_exp_temp0.3_nodelim_norole_nocot,a local authority source,,,fp,
qwen3_14b,participants,lusa_87,ext_def_exp_temp0.3_nodelim_norole_nocot,arson,,,fp,
qwen3_14b,participants,lusa_87,ext_def_exp_temp0.3_nodelim_norole_nocot,the damage caused by the fire,,,fp,
qwen3_14b,participants,lusa_87,ext_def_exp_temp0.3_nodelim_norole_nocot,an uninhabited house,,,fp,
qwen3_14b,participants,lusa_87,ext_def_exp_temp0.3_nodelim_norole_nocot,municipality of Câmara de Lobos,,,fp,
qwen3_14b,participants,lusa_87,ext_def_exp_temp0.3_nodelim_norole_nocot,Jardim da Serra,,,fp,
qwen3_14b,participants,lusa_87,ext_def_exp_temp0.3_nodelim_norole_nocot,A fire,,,fp,
qwen3_14b,participants,lusa_87,ext_def_exp_temp0.3_nodelim_norole_nocot,the municipality of Câmara de Lobos,,Loc,fn,
qwen3_14b,participants,lusa_87,ext_def_exp_temp0.3_nodelim_norole_nocot,a house,,Other,fn,
qwen3_14b,participants,lusa_87,ext_def_exp_temp0.3_nodelim_norole_nocot,"the house, with arson",,Other,fn,
qwen3_14b,participants,lusa_87,ext_def_exp_temp0.3_nodelim_norole_nocot,the Jardim da Serra parish,,Loc,fn,
qwen3_14b,participants,lusa_87,ext_def_exp_temp0.3_nodelim_norole_nocot,that,,Other,fn,
qwen3_14b,participants,lusa_87,ext_def_exp_temp0.3_nodelim_norole_nocot,the councilor of Câmara de Lobos,,Org,fn,
qwen3_14b,participants,lusa_87,ext_def_exp_temp0.3_nodelim_norole_nocot,the councilor,,Per,fn,
qwen3_14b,participants,lusa_87,ext_def_exp_temp0.3_nodelim_norole_nocot,the municipality,,Org,fn,
qwen3_14b,participants,lusa_88,ext_def_exp_temp0.3_nodelim_norole_nocot,a man,,Per,tp,
qwen3_14b,participants,lusa_88,ext_def_exp_temp0.3_nodelim_norole_nocot,people,,Per,tp,
qwen3_14b,participants,lusa_88,ext_def_exp_temp0.3_nodelim_norole_nocot,this individual,,Per,tp,
qwen3_14b,participants,lusa_88,ext_def_exp_temp0.3_nodelim_norole_nocot,the corporation's spokesperson,,Per,tp,
qwen3_14b,participants,lusa_88,ext_def_exp_temp0.3_nodelim_norole_nocot,Leonel Muchine,,Per,tp,
qwen3_14b,participants,lusa_88,ext_def_exp_temp0.3_nodelim_norole_nocot,Mozambique,,,fp,
qwen3_14b,participants,lusa_88,ext_def_exp_temp0.3_nodelim_norole_nocot,Covid-19,,,fp,
qwen3_14b,participants,lusa_88,ext_def_exp_temp0.3_nodelim_norole_nocot,fake tests,,,fp,
qwen3_14b,participants,lusa_88,ext_def_exp_temp0.3_nodelim_norole_nocot,Maputo,,,fp,
qwen3_14b,participants,lusa_88,ext_def_exp_temp0.3_nodelim_norole_nocot,another individual,,,fp,
qwen3_14b,participants,lusa_88,ext_def_exp_temp0.3_nodelim_norole_nocot,The accused,,,fp,
qwen3_14b,participants,lusa_88,ext_def_exp_temp0.3_nodelim_norole_nocot,Filipe Nyusi,,,fp,
qwen3_14b,participants,lusa_88,ext_def_exp_temp0.3_nodelim_norole_nocot,his accomplice,,,fp,
qwen3_14b,participants,lusa_88,ext_def_exp_temp0.3_nodelim_norole_nocot,Mozambican police,,,fp,
qwen3_14b,participants,lusa_88,ext_def_exp_temp0.3_nodelim_norole_nocot,authorities,,,fp,
qwen3_14b,participants,lusa_88,ext_def_exp_temp0.3_nodelim_norole_nocot,PRM,,,fp,
qwen3_14b,participants,lusa_88,ext_def_exp_temp0.3_nodelim_norole_nocot,police spokesperson,,,fp,
qwen3_14b,participants,lusa_88,ext_def_exp_temp0.3_nodelim_norole_nocot,The Police of the Republic of Mozambique,,,fp,
qwen3_14b,participants,lusa_88,ext_def_exp_temp0.3_nodelim_norole_nocot,cases,,,fp,
qwen3_14b,participants,lusa_88,ext_def_exp_temp0.3_nodelim_norole_nocot,deaths,,,fp,
qwen3_14b,participants,lusa_88,ext_def_exp_temp0.3_nodelim_norole_nocot,Covid-19 test,,,fp,
qwen3_14b,participants,lusa_88,ext_def_exp_temp0.3_nodelim_norole_nocot,spokesman for the,,Per,fn,
qwen3_14b,participants,lusa_88,ext_def_exp_temp0.3_nodelim_norole_nocot,the corporation,,Org,fn,
qwen3_14b,participants,lusa_88,ext_def_exp_temp0.3_nodelim_norole_nocot,The Police of the Republic of Mozambique (PRM),,Org,fn,
qwen3_14b,participants,lusa_88,ext_def_exp_temp0.3_nodelim_norole_nocot,the city of Maputo,,Loc,fn,
qwen3_14b,participants,lusa_88,ext_def_exp_temp0.3_nodelim_norole_nocot,we,,Per,fn,
qwen3_14b,participants,lusa_88,ext_def_exp_temp0.3_nodelim_norole_nocot,the Mozambican police,,Org,fn,
qwen3_14b,participants,lusa_89,ext_def_exp_temp0.3_nodelim_norole_nocot,A man,,Per,tp,
qwen3_14b,participants,lusa_89,ext_def_exp_temp0.3_nodelim_norole_nocot,international agencies,,Org,tp,
qwen3_14b,participants,lusa_89,ext_def_exp_temp0.3_nodelim_norole_nocot,Australia,,Loc,tp,
qwen3_14b,participants,lusa_89,ext_def_exp_temp0.3_nodelim_norole_nocot,a beach,,Loc,tp,
qwen3_14b,participants,lusa_89,ext_def_exp_temp0.3_nodelim_norole_nocot,the scene,,Loc,tp,
qwen3_14b,participants,lusa_89,ext_def_exp_temp0.3_nodelim_norole_nocot,The police,,Org,tp,
qwen3_14b,participants,lusa_89,ext_def_exp_temp0.3_nodelim_norole_nocot,a shark,,Nat,tp,
qwen3_14b,participants,lusa_89,ext_def_exp_temp0.3_nodelim_norole_nocot,the water,,Nat,tp,
qwen3_14b,participants,lusa_89,ext_def_exp_temp0.3_nodelim_norole_nocot,The victim,,Per,tp,
qwen3_14b,participants,lusa_89,ext_def_exp_temp0.3_nodelim_norole_nocot,the beach,,Loc,tp,
qwen3_14b,participants,lusa_89,ext_def_exp_temp0.3_nodelim_norole_nocot,police,,Org,tp,
qwen3_14b,participants,lusa_89,ext_def_exp_temp0.3_nodelim_norole_nocot,northwestern Australia,,Loc,tp,
qwen3_14b,participants,lusa_89,ext_def_exp_temp0.3_nodelim_norole_nocot,the shark,,Nat,tp,
qwen3_14b,participants,lusa_89,ext_def_exp_temp0.3_nodelim_norole_nocot,The 55-year-old man,,Per,tp,
qwen3_14b,participants,lusa_89,ext_def_exp_temp0.3_nodelim_norole_nocot,the man,,,fp,
qwen3_14b,participants,lusa_89,ext_def_exp_temp0.3_nodelim_norole_nocot,paramedics,,,fp,
qwen3_14b,participants,lusa_89,ext_def_exp_temp0.3_nodelim_norole_nocot,government scientific agency CSIRO,,,fp,
qwen3_14b,participants,lusa_89,ext_def_exp_temp0.3_nodelim_norole_nocot,the western coast of Australia,,,fp,
qwen3_14b,participants,lusa_89,ext_def_exp_temp0.3_nodelim_norole_nocot,people,,,fp,
qwen3_14b,participants,lusa_89,ext_def_exp_temp0.3_nodelim_norole_nocot,Indian Ocean,,,fp,
qwen3_14b,participants,lusa_89,ext_def_exp_temp0.3_nodelim_norole_nocot,white sharks,,,fp,
qwen3_14b,participants,lusa_89,ext_def_exp_temp0.3_nodelim_norole_nocot,the eighth death,,,fp,
qwen3_14b,participants,lusa_89,ext_def_exp_temp0.3_nodelim_norole_nocot,Cable,,,fp,
qwen3_14b,participants,lusa_89,ext_def_exp_temp0.3_nodelim_norole_nocot,tourist beach of Cable,,,fp,
qwen3_14b,participants,lusa_89,ext_def_exp_temp0.3_nodelim_norole_nocot,shark attacks,,,fp,
qwen3_14b,participants,lusa_89,ext_def_exp_temp0.3_nodelim_norole_nocot,no,,Per,fn,
qwen3_14b,participants,lusa_89,ext_def_exp_temp0.3_nodelim_norole_nocot,the country,,Loc,fn,
qwen3_14b,participants,lusa_89,ext_def_exp_temp0.3_nodelim_norole_nocot,the western coast,,Loc,fn,
qwen3_14b,participants,lusa_89,ext_def_exp_temp0.3_nodelim_norole_nocot,remained,,Nat,fn,
qwen3_14b,participants,lusa_89,ext_def_exp_temp0.3_nodelim_norole_nocot,the Indian Ocean,,Nat,fn,
qwen3_14b,participants,lusa_89,ext_def_exp_temp0.3_nodelim_norole_nocot,then paramedics,,Per,fn,
qwen3_14b,participants,lusa_89,ext_def_exp_temp0.3_nodelim_norole_nocot,shark,,Nat,fn,
qwen3_14b,participants,lusa_89,ext_def_exp_temp0.3_nodelim_norole_nocot,nine people,,Per,fn,
qwen3_14b,participants,lusa_89,ext_def_exp_temp0.3_nodelim_norole_nocot,The number,,Other,fn,
qwen3_14b,participants,lusa_89,ext_def_exp_temp0.3_nodelim_norole_nocot,the government scientific agency CSIRO,,Org,fn,
qwen3_14b,participants,lusa_89,ext_def_exp_temp0.3_nodelim_norole_nocot,his hand,,Other,fn,
qwen3_14b,participants,lusa_89,ext_def_exp_temp0.3_nodelim_norole_nocot,"2,210 adult white sharks",,Nat,fn,
qwen3_14b,participants,lusa_89,ext_def_exp_temp0.3_nodelim_norole_nocot,27,,Other,fn,
qwen3_14b,participants,lusa_89,ext_def_exp_temp0.3_nodelim_norole_nocot,the,,Loc,fn,
qwen3_14b,participants,lusa_89,ext_def_exp_temp0.3_nodelim_norole_nocot,eight,,Other,fn,
qwen3_14b,participants,lusa_89,ext_def_exp_temp0.3_nodelim_norole_nocot,studies,,Obj,fn,
qwen3_14b,participants,lusa_89,ext_def_exp_temp0.3_nodelim_norole_nocot,him,,Per,fn,
qwen3_14b,participants,lusa_89,ext_def_exp_temp0.3_nodelim_norole_nocot,its,,Loc,fn,
qwen3_14b,participants,lusa_89,ext_def_exp_temp0.3_nodelim_norole_nocot,the tourist beach,,Loc,fn,
qwen3_14b,participants,lusa_89,ext_def_exp_temp0.3_nodelim_norole_nocot,which,,Nat,fn,
qwen3_14b,participants,lusa_89,ext_def_exp_temp0.3_nodelim_norole_nocot,22 kilometers of white sand,,Nat,fn,
qwen3_14b,participants,lusa_89,ext_def_exp_temp0.3_nodelim_norole_nocot,the thigh,,Other,fn,
qwen3_14b,participants,lusa_9,ext_def_exp_temp0.3_nodelim_norole_nocot,the man,,Per,tp,
qwen3_14b,participants,lusa_9,ext_def_exp_temp0.3_nodelim_norole_nocot,the vehicle,,Veh,tp,
qwen3_14b,participants,lusa_9,ext_def_exp_temp0.3_nodelim_norole_nocot,A 38-year-old man,,Per,tp,
qwen3_14b,participants,lusa_9,ext_def_exp_temp0.3_nodelim_norole_nocot,The detainee,,Per,tp,
qwen3_14b,participants,lusa_9,ext_def_exp_temp0.3_nodelim_norole_nocot,GNR,,Obj,tp,
qwen3_14b,participants,lusa_9,ext_def_exp_temp0.3_nodelim_norole_nocot,Vila do Conde,,Pl_civil,tp,
qwen3_14b,participants,lusa_9,ext_def_exp_temp0.3_nodelim_norole_nocot,the suspect,,Per,tp,
qwen3_14b,participants,lusa_9,ext_def_exp_temp0.3_nodelim_norole_nocot,that police force,,Org,tp,
qwen3_14b,participants,lusa_9,ext_def_exp_temp0.3_nodelim_norole_nocot,the GNR,,Org,tp,
qwen3_14b,participants,lusa_9,ext_def_exp_temp0.3_nodelim_norole_nocot,The Guard,,Org,tp,
qwen3_14b,participants,lusa_9,ext_def_exp_temp0.3_nodelim_norole_nocot,warrant,,,fp,
qwen3_14b,participants,lusa_9,ext_def_exp_temp0.3_nodelim_norole_nocot,Judicial Court of Vila do Conde,,,fp,
qwen3_14b,participants,lusa_9,ext_def_exp_temp0.3_nodelim_norole_nocot,press release,,,fp,
qwen3_14b,participants,lusa_9,ext_def_exp_temp0.3_nodelim_norole_nocot,Porto Prison,,,fp,
qwen3_14b,participants,lusa_9,ext_def_exp_temp0.3_nodelim_norole_nocot,prison,,,fp,
qwen3_14b,participants,lusa_9,ext_def_exp_temp0.3_nodelim_norole_nocot,the police force,,,fp,
qwen3_14b,participants,lusa_9,ext_def_exp_temp0.3_nodelim_norole_nocot,man,,,fp,
qwen3_14b,participants,lusa_9,ext_def_exp_temp0.3_nodelim_norole_nocot,a criminal record,,,fp,
qwen3_14b,participants,lusa_9,ext_def_exp_temp0.3_nodelim_norole_nocot,drugs,,,fp,
qwen3_14b,participants,lusa_9,ext_def_exp_temp0.3_nodelim_norole_nocot,nine doses of cocaine,,Other,fn,
qwen3_14b,participants,lusa_9,ext_def_exp_temp0.3_nodelim_norole_nocot,the press release,,Obj,fn,
qwen3_14b,participants,lusa_9,ext_def_exp_temp0.3_nodelim_norole_nocot,the facts,,Other,fn,
qwen3_14b,participants,lusa_9,ext_def_exp_temp0.3_nodelim_norole_nocot,a prison,,Fac,fn,
qwen3_14b,participants,lusa_9,ext_def_exp_temp0.3_nodelim_norole_nocot,the Porto,,Pl_civil,fn,
qwen3_14b,participants,lusa_9,ext_def_exp_temp0.3_nodelim_norole_nocot,the Judicial Court,,Org,fn,
qwen3_14b,participants,lusa_9,ext_def_exp_temp0.3_nodelim_norole_nocot,the Porto Prison and,,Fac,fn,
qwen3_14b,participants,lusa_9,ext_def_exp_temp0.3_nodelim_norole_nocot,a sentence,,Other,fn,
qwen3_14b,participants,lusa_9,ext_def_exp_temp0.3_nodelim_norole_nocot,to the Judicial Court,,Org,fn,
qwen3_14b,participants,lusa_9,ext_def_exp_temp0.3_nodelim_norole_nocot,robbery,,Obj,fn,
qwen3_14b,participants,lusa_9,ext_def_exp_temp0.3_nodelim_norole_nocot,the Judicial Court of,,Org,fn,
qwen3_14b,participants,lusa_9,ext_def_exp_temp0.3_nodelim_norole_nocot,The ,,Fac,fn,
qwen3_14b,participants,lusa_9,ext_def_exp_temp0.3_nodelim_norole_nocot,statement,,Obj,fn,
qwen3_14b,participants,lusa_9,ext_def_exp_temp0.3_nodelim_norole_nocot,12 doses of heroin,,Other,fn,
qwen3_14b,participants,lusa_90,ext_def_exp_temp0.3_nodelim_norole_nocot,Amarante,,Loc,tp,
qwen3_14b,participants,lusa_90,ext_def_exp_temp0.3_nodelim_norole_nocot,the defendant,,Per,tp,
qwen3_14b,participants,lusa_90,ext_def_exp_temp0.3_nodelim_norole_nocot,the victim,,Per,tp,
qwen3_14b,participants,lusa_90,ext_def_exp_temp0.3_nodelim_norole_nocot,other family members,,Per,tp,
qwen3_14b,participants,lusa_90,ext_def_exp_temp0.3_nodelim_norole_nocot,the residence,,Loc,tp,
qwen3_14b,participants,lusa_90,ext_def_exp_temp0.3_nodelim_norole_nocot,Penafiel,,Loc,tp,
qwen3_14b,participants,lusa_90,ext_def_exp_temp0.3_nodelim_norole_nocot,their common daughter,,Per,tp,
qwen3_14b,participants,lusa_90,ext_def_exp_temp0.3_nodelim_norole_nocot,The Criminal Instruction Court,,Org,tp,
qwen3_14b,participants,lusa_90,ext_def_exp_temp0.3_nodelim_norole_nocot,the 47-year-old man,,Per,tp,
qwen3_14b,participants,lusa_90,ext_def_exp_temp0.3_nodelim_norole_nocot,the GNR,,Org,tp,
qwen3_14b,participants,lusa_90,ext_def_exp_temp0.3_nodelim_norole_nocot,his 46-year-old wife,,,fp,
qwen3_14b,participants,lusa_90,ext_def_exp_temp0.3_nodelim_norole_nocot,the family home,,,fp,
qwen3_14b,participants,lusa_90,ext_def_exp_temp0.3_nodelim_norole_nocot,police force,,,fp,
qwen3_14b,participants,lusa_90,ext_def_exp_temp0.3_nodelim_norole_nocot,Criminal Investigation Court,,,fp,
qwen3_14b,participants,lusa_90,ext_def_exp_temp0.3_nodelim_norole_nocot,him,,,fp,
qwen3_14b,participants,lusa_90,ext_def_exp_temp0.3_nodelim_norole_nocot,GNR,,,fp,
qwen3_14b,participants,lusa_90,ext_def_exp_temp0.3_nodelim_norole_nocot,his wife,,,fp,
qwen3_14b,participants,lusa_90,ext_def_exp_temp0.3_nodelim_norole_nocot,her daughter,,,fp,
qwen3_14b,participants,lusa_90,ext_def_exp_temp0.3_nodelim_norole_nocot,A man from Amarante,,,fp,
qwen3_14b,participants,lusa_90,ext_def_exp_temp0.3_nodelim_norole_nocot,their youngest daughter,,,fp,
qwen3_14b,participants,lusa_90,ext_def_exp_temp0.3_nodelim_norole_nocot,the Criminal Investigation Court,,Org,fn,
qwen3_14b,participants,lusa_90,ext_def_exp_temp0.3_nodelim_norole_nocot,alcoholic beverages,,Obj,fn,
qwen3_14b,participants,lusa_90,ext_def_exp_temp0.3_nodelim_norole_nocot,that,,Per,fn,
qwen3_14b,participants,lusa_90,ext_def_exp_temp0.3_nodelim_norole_nocot,wife,,Per,fn,
qwen3_14b,participants,lusa_90,ext_def_exp_temp0.3_nodelim_norole_nocot,A man,,Per,fn,
qwen3_14b,participants,lusa_90,ext_def_exp_temp0.3_nodelim_norole_nocot,the victim and her daughter,,Per,fn,
qwen3_14b,participants,lusa_90,ext_def_exp_temp0.3_nodelim_norole_nocot,youngest daughter,,Per,fn,
qwen3_14b,participants,lusa_90,ext_def_exp_temp0.3_nodelim_norole_nocot,their,,Per,fn,
qwen3_14b,participants,lusa_90,ext_def_exp_temp0.3_nodelim_norole_nocot,home,,Loc,fn,
qwen3_14b,participants,lusa_90,ext_def_exp_temp0.3_nodelim_norole_nocot,that police force,,Org,fn,
qwen3_14b,participants,lusa_90,ext_def_exp_temp0.3_nodelim_norole_nocot,his,,Per,fn,
qwen3_14b,participants,lusa_90,ext_def_exp_temp0.3_nodelim_norole_nocot,statement,,Obj,fn,
qwen3_14b,participants,lusa_90,ext_def_exp_temp0.3_nodelim_norole_nocot,any form or means,,Other,fn,
qwen3_14b,participants,lusa_90,ext_def_exp_temp0.3_nodelim_norole_nocot,the,,Per,fn,
qwen3_14b,participants,lusa_90,ext_def_exp_temp0.3_nodelim_norole_nocot,electronic bracelet,,Obj,fn,
qwen3_14b,participants,lusa_90,ext_def_exp_temp0.3_nodelim_norole_nocot,the statement,,Obj,fn,
qwen3_14b,participants,lusa_90,ext_def_exp_temp0.3_nodelim_norole_nocot,family,,Per,fn,
qwen3_14b,participants,lusa_90,ext_def_exp_temp0.3_nodelim_norole_nocot,approaching,,Per,fn,
qwen3_14b,participants,lusa_90,ext_def_exp_temp0.3_nodelim_norole_nocot,46-year-old wife,,Per,fn,
qwen3_14b,participants,lusa_90,ext_def_exp_temp0.3_nodelim_norole_nocot,who,,Per,fn,
qwen3_14b,participants,lusa_90,ext_def_exp_temp0.3_nodelim_norole_nocot,the coercive measures,,Other,fn,
qwen3_14b,participants,lusa_90,ext_def_exp_temp0.3_nodelim_norole_nocot,a radius of 500 meters,,Other,fn,
qwen3_14b,participants,lusa_90,ext_def_exp_temp0.3_nodelim_norole_nocot,their residence,,Loc,fn,
qwen3_14b,participants,lusa_91,ext_def_exp_temp0.3_nodelim_norole_nocot,the same places,,Loc,tp,
qwen3_14b,participants,lusa_91,ext_def_exp_temp0.3_nodelim_norole_nocot,electronic bracelet,,Obj,tp,
qwen3_14b,participants,lusa_91,ext_def_exp_temp0.3_nodelim_norole_nocot,the victim,,Per,tp,
qwen3_14b,participants,lusa_91,ext_def_exp_temp0.3_nodelim_norole_nocot,this police force,,Org,tp,
qwen3_14b,participants,lusa_91,ext_def_exp_temp0.3_nodelim_norole_nocot,Vila Nova de Gaia,,Loc,tp,
qwen3_14b,participants,lusa_91,ext_def_exp_temp0.3_nodelim_norole_nocot,the detainee,,Per,tp,
qwen3_14b,participants,lusa_91,ext_def_exp_temp0.3_nodelim_norole_nocot,the GNR,,Org,tp,
qwen3_14b,participants,lusa_91,ext_def_exp_temp0.3_nodelim_norole_nocot,A 28-year-old man,,,fp,
qwen3_14b,participants,lusa_91,ext_def_exp_temp0.3_nodelim_norole_nocot,he,,,fp,
qwen3_14b,participants,lusa_91,ext_def_exp_temp0.3_nodelim_norole_nocot,his ex-partner,,,fp,
qwen3_14b,participants,lusa_91,ext_def_exp_temp0.3_nodelim_norole_nocot,the police force,,,fp,
qwen3_14b,participants,lusa_91,ext_def_exp_temp0.3_nodelim_norole_nocot,GNR military,,,fp,
qwen3_14b,participants,lusa_91,ext_def_exp_temp0.3_nodelim_norole_nocot,the victim's vehicle,,,fp,
qwen3_14b,participants,lusa_91,ext_def_exp_temp0.3_nodelim_norole_nocot,30-year-old victim,,,fp,
qwen3_14b,participants,lusa_91,ext_def_exp_temp0.3_nodelim_norole_nocot,suspect,,,fp,
qwen3_14b,participants,lusa_91,ext_def_exp_temp0.3_nodelim_norole_nocot,her,,Per,fn,
qwen3_14b,participants,lusa_91,ext_def_exp_temp0.3_nodelim_norole_nocot,a radius of 800 meters,,Other,fn,
qwen3_14b,participants,lusa_91,ext_def_exp_temp0.3_nodelim_norole_nocot,Gaia,,Loc,fn,
qwen3_14b,participants,lusa_91,ext_def_exp_temp0.3_nodelim_norole_nocot,vehicle,,Obj,fn,
qwen3_14b,participants,lusa_91,ext_def_exp_temp0.3_nodelim_norole_nocot,Man,,Per,fn,
qwen3_14b,participants,lusa_91,ext_def_exp_temp0.3_nodelim_norole_nocot,ex-partner,,Per,fn,
qwen3_14b,participants,lusa_91,ext_def_exp_temp0.3_nodelim_norole_nocot,from,,Per,fn,
qwen3_14b,participants,lusa_91,ext_def_exp_temp0.3_nodelim_norole_nocot,"A 28-year-old man, with",,Per,fn,
qwen3_14b,participants,lusa_91,ext_def_exp_temp0.3_nodelim_norole_nocot,the suspect,,Per,fn,
qwen3_14b,participants,lusa_91,ext_def_exp_temp0.3_nodelim_norole_nocot,any means,,Other,fn,
qwen3_14b,participants,lusa_91,ext_def_exp_temp0.3_nodelim_norole_nocot,his,,Per,fn,
qwen3_14b,participants,lusa_91,ext_def_exp_temp0.3_nodelim_norole_nocot,drug,,Obj,fn,
qwen3_14b,participants,lusa_91,ext_def_exp_temp0.3_nodelim_norole_nocot,statement,,Obj,fn,
qwen3_14b,participants,lusa_91,ext_def_exp_temp0.3_nodelim_norole_nocot,the GNR military,,Per,fn,
qwen3_14b,participants,lusa_91,ext_def_exp_temp0.3_nodelim_norole_nocot,"old victim, he",,Per,fn,
qwen3_14b,participants,lusa_92,ext_def_exp_temp0.3_nodelim_norole_nocot,A man,,Per,tp,
qwen3_14b,participants,lusa_92,ext_def_exp_temp0.3_nodelim_norole_nocot,the victim,,Per,tp,
qwen3_14b,participants,lusa_92,ext_def_exp_temp0.3_nodelim_norole_nocot,three vehicles,,Obj,tp,
qwen3_14b,participants,lusa_92,ext_def_exp_temp0.3_nodelim_norole_nocot,a roof,,Obj,tp,
qwen3_14b,participants,lusa_92,ext_def_exp_temp0.3_nodelim_norole_nocot,the source,,Per,tp,
qwen3_14b,participants,lusa_92,ext_def_exp_temp0.3_nodelim_norole_nocot,six men,,,fp,
qwen3_14b,participants,lusa_92,ext_def_exp_temp0.3_nodelim_norole_nocot,firefighters,,,fp,
qwen3_14b,participants,lusa_92,ext_def_exp_temp0.3_nodelim_norole_nocot,"Jesufrei, Vila Nova de Famalicão",,,fp,
qwen3_14b,participants,lusa_92,ext_def_exp_temp0.3_nodelim_norole_nocot,emergency and resuscitation medical vehicle (VMER),,,fp,
qwen3_14b,participants,lusa_92,ext_def_exp_temp0.3_nodelim_norole_nocot,GNR,,,fp,
qwen3_14b,participants,lusa_92,ext_def_exp_temp0.3_nodelim_norole_nocot,a source,,,fp,
qwen3_14b,participants,lusa_92,ext_def_exp_temp0.3_nodelim_norole_nocot,He,,,fp,
qwen3_14b,participants,lusa_92,ext_def_exp_temp0.3_nodelim_norole_nocot,Braga District Relief Operations Command,,,fp,
qwen3_14b,participants,lusa_92,ext_def_exp_temp0.3_nodelim_norole_nocot,an emergency and resuscitation medical vehicle (VMER),,Obj,fn,
qwen3_14b,participants,lusa_92,ext_def_exp_temp0.3_nodelim_norole_nocot,where,,Obj,fn,
qwen3_14b,participants,lusa_92,ext_def_exp_temp0.3_nodelim_norole_nocot,District Relief Operations Command,,Org,fn,
qwen3_14b,participants,lusa_92,ext_def_exp_temp0.3_nodelim_norole_nocot,between 60 and 65 years old,,Other,fn,
qwen3_14b,participants,lusa_92,ext_def_exp_temp0.3_nodelim_norole_nocot,Braga,,Pl_civil,fn,
qwen3_14b,participants,lusa_92,ext_def_exp_temp0.3_nodelim_norole_nocot,Vila Nova de Famalicão,,Pl_civil,fn,
qwen3_14b,participants,lusa_92,ext_def_exp_temp0.3_nodelim_norole_nocot,Man,,Per,fn,
qwen3_14b,participants,lusa_92,ext_def_exp_temp0.3_nodelim_norole_nocot,the scene,,Pl_civil,fn,
qwen3_14b,participants,lusa_92,ext_def_exp_temp0.3_nodelim_norole_nocot,Famalicão,,Pl_civil,fn,
qwen3_14b,participants,lusa_92,ext_def_exp_temp0.3_nodelim_norole_nocot,Jesufrei,,Pl_civil,fn,
qwen3_14b,participants,lusa_92,ext_def_exp_temp0.3_nodelim_norole_nocot,the Braga District Relief Operations Command,,Org,fn,
qwen3_14b,participants,lusa_92,ext_def_exp_temp0.3_nodelim_norole_nocot,around eight meters in height,,Other,fn,
qwen3_14b,participants,lusa_92,ext_def_exp_temp0.3_nodelim_norole_nocot,source,,Per,fn,
qwen3_14b,participants,lusa_92,ext_def_exp_temp0.3_nodelim_norole_nocot,", totaling six men",,Per,fn,
qwen3_14b,participants,lusa_92,ext_def_exp_temp0.3_nodelim_norole_nocot,the roof,,Obj,fn,
qwen3_14b,participants,lusa_92,ext_def_exp_temp0.3_nodelim_norole_nocot,The GNR,,Org,fn,
qwen3_14b,participants,lusa_92,ext_def_exp_temp0.3_nodelim_norole_nocot,men ,,Org,fn,
qwen3_14b,participants,lusa_93,ext_def_exp_temp0.3_nodelim_norole_nocot,that security force,,Org,tp,
qwen3_14b,participants,lusa_93,ext_def_exp_temp0.3_nodelim_norole_nocot,the man,,Per,tp,
qwen3_14b,participants,lusa_93,ext_def_exp_temp0.3_nodelim_norole_nocot,the area,,Loc,tp,
qwen3_14b,participants,lusa_93,ext_def_exp_temp0.3_nodelim_norole_nocot,home,,Loc,tp,
qwen3_14b,participants,lusa_93,ext_def_exp_temp0.3_nodelim_norole_nocot,A 32-year-old man,,Per,tp,
qwen3_14b,participants,lusa_93,ext_def_exp_temp0.3_nodelim_norole_nocot,the Tua River,,Nat,tp,
qwen3_14b,participants,lusa_93,ext_def_exp_temp0.3_nodelim_norole_nocot,authorities,,Org,tp,
qwen3_14b,participants,lusa_93,ext_def_exp_temp0.3_nodelim_norole_nocot,The body,,Per,tp,
qwen3_14b,participants,lusa_93,ext_def_exp_temp0.3_nodelim_norole_nocot,Judiciary Police,,Org,tp,
qwen3_14b,participants,lusa_93,ext_def_exp_temp0.3_nodelim_norole_nocot,the GNR,,Org,tp,
qwen3_14b,participants,lusa_93,ext_def_exp_temp0.3_nodelim_norole_nocot,Lusa,,Org,tp,
qwen3_14b,participants,lusa_93,ext_def_exp_temp0.3_nodelim_norole_nocot,the source,,Org,tp,
qwen3_14b,participants,lusa_93,ext_def_exp_temp0.3_nodelim_norole_nocot,Valverde da Gestosa area,,,fp,
qwen3_14b,participants,lusa_93,ext_def_exp_temp0.3_nodelim_norole_nocot,Mirandela,,,fp,
qwen3_14b,participants,lusa_93,ext_def_exp_temp0.3_nodelim_norole_nocot,the place,,,fp,
qwen3_14b,participants,lusa_93,ext_def_exp_temp0.3_nodelim_norole_nocot,river,,,fp,
qwen3_14b,participants,lusa_93,ext_def_exp_temp0.3_nodelim_norole_nocot,fisherman's belongings,,,fp,
qwen3_14b,participants,lusa_93,ext_def_exp_temp0.3_nodelim_norole_nocot,where,,Loc,fn,
qwen3_14b,participants,lusa_93,ext_def_exp_temp0.3_nodelim_norole_nocot,the river near the place,,Loc,fn,
qwen3_14b,participants,lusa_93,ext_def_exp_temp0.3_nodelim_norole_nocot,the river,,Nat,fn,
qwen3_14b,participants,lusa_93,ext_def_exp_temp0.3_nodelim_norole_nocot,the fisherman,,Per,fn,
qwen3_14b,participants,lusa_93,ext_def_exp_temp0.3_nodelim_norole_nocot,in Mirandela,,Loc,fn,
qwen3_14b,participants,lusa_93,ext_def_exp_temp0.3_nodelim_norole_nocot,the Tua,,Nat,fn,
qwen3_14b,participants,lusa_93,ext_def_exp_temp0.3_nodelim_norole_nocot,the Valverde da Gestosa area,,Loc,fn,
qwen3_14b,participants,lusa_93,ext_def_exp_temp0.3_nodelim_norole_nocot,information,,Other,fn,
qwen3_14b,participants,lusa_93,ext_def_exp_temp0.3_nodelim_norole_nocot,the Mirandela area,,Loc,fn,
qwen3_14b,participants,lusa_93,ext_def_exp_temp0.3_nodelim_norole_nocot,the fisherman's belongings,,Obj,fn,
qwen3_14b,participants,lusa_93,ext_def_exp_temp0.3_nodelim_norole_nocot,Man,,Per,fn,
qwen3_14b,participants,lusa_94,ext_def_exp_temp0.3_nodelim_norole_nocot,the man,,Per,tp,
qwen3_14b,participants,lusa_94,ext_def_exp_temp0.3_nodelim_norole_nocot,firefighters,,Per,tp,
qwen3_14b,participants,lusa_94,ext_def_exp_temp0.3_nodelim_norole_nocot,source,,Per,tp,
qwen3_14b,participants,lusa_94,ext_def_exp_temp0.3_nodelim_norole_nocot,ropes,,Obj,tp,
qwen3_14b,participants,lusa_94,ext_def_exp_temp0.3_nodelim_norole_nocot,Romariz,,Loc,tp,
qwen3_14b,participants,lusa_94,ext_def_exp_temp0.3_nodelim_norole_nocot,the well,,Obj,tp,
qwen3_14b,participants,lusa_94,ext_def_exp_temp0.3_nodelim_norole_nocot,the source,,Per,tp,
qwen3_14b,participants,lusa_94,ext_def_exp_temp0.3_nodelim_norole_nocot,Santa Maria da Feira,,Loc,tp,
qwen3_14b,participants,lusa_94,ext_def_exp_temp0.3_nodelim_norole_nocot,A man,,,fp,
qwen3_14b,participants,lusa_94,ext_def_exp_temp0.3_nodelim_norole_nocot,the lid of the well,,,fp,
qwen3_14b,participants,lusa_94,ext_def_exp_temp0.3_nodelim_norole_nocot,Arrifana Fire Department,,,fp,
qwen3_14b,participants,lusa_94,ext_def_exp_temp0.3_nodelim_norole_nocot,Santa Maria da Feira hospital,,,fp,
qwen3_14b,participants,lusa_94,ext_def_exp_temp0.3_nodelim_norole_nocot,Lusa.,,,fp,
qwen3_14b,participants,lusa_94,ext_def_exp_temp0.3_nodelim_norole_nocot,GNR of Santa Maria da Feira,,,fp,
qwen3_14b,participants,lusa_94,ext_def_exp_temp0.3_nodelim_norole_nocot,the neighbor's property,,,fp,
qwen3_14b,participants,lusa_94,ext_def_exp_temp0.3_nodelim_norole_nocot,a neighbor,,Per,fn,
qwen3_14b,participants,lusa_94,ext_def_exp_temp0.3_nodelim_norole_nocot,Man,,Per,fn,
qwen3_14b,participants,lusa_94,ext_def_exp_temp0.3_nodelim_norole_nocot,the scene,,Loc,fn,
qwen3_14b,participants,lusa_94,ext_def_exp_temp0.3_nodelim_norole_nocot,the water,,Nat,fn,
qwen3_14b,participants,lusa_94,ext_def_exp_temp0.3_nodelim_norole_nocot,on top,,Obj,fn,
qwen3_14b,participants,lusa_94,ext_def_exp_temp0.3_nodelim_norole_nocot,a wide-angle team,,Per,fn,
qwen3_14b,participants,lusa_94,ext_def_exp_temp0.3_nodelim_norole_nocot,A man aged around 60,,Per,fn,
qwen3_14b,participants,lusa_94,ext_def_exp_temp0.3_nodelim_norole_nocot,a well around 25 meters deep,,Obj,fn,
qwen3_14b,participants,lusa_94,ext_def_exp_temp0.3_nodelim_norole_nocot,the lid,,Obj,fn,
qwen3_14b,participants,lusa_94,ext_def_exp_temp0.3_nodelim_norole_nocot,a 25-meter well,,Obj,fn,
qwen3_14b,participants,lusa_94,ext_def_exp_temp0.3_nodelim_norole_nocot,the Santa Maria da Feira hospital,,Loc,fn,
qwen3_14b,participants,lusa_94,ext_def_exp_temp0.3_nodelim_norole_nocot,The GNR,,Org,fn,
qwen3_14b,participants,lusa_94,ext_def_exp_temp0.3_nodelim_norole_nocot,depth,,Other,fn,
qwen3_14b,participants,lusa_94,ext_def_exp_temp0.3_nodelim_norole_nocot,property,,Other,fn,
qwen3_14b,participants,lusa_94,ext_def_exp_temp0.3_nodelim_norole_nocot,Lusa,,Org,fn,
qwen3_14b,participants,lusa_94,ext_def_exp_temp0.3_nodelim_norole_nocot,the Arrifana Fire,,Org,fn,
qwen3_14b,participants,lusa_95,ext_def_exp_temp0.3_nodelim_norole_nocot,13 operatives,,Per,tp,
qwen3_14b,participants,lusa_95,ext_def_exp_temp0.3_nodelim_norole_nocot,five vehicles,,Obj,tp,
qwen3_14b,participants,lusa_95,ext_def_exp_temp0.3_nodelim_norole_nocot,the victims,,Per,tp,
qwen3_14b,participants,lusa_95,ext_def_exp_temp0.3_nodelim_norole_nocot,the other victim,,Per,tp,
qwen3_14b,participants,lusa_95,ext_def_exp_temp0.3_nodelim_norole_nocot,the same source,,Per,tp,
qwen3_14b,participants,lusa_95,ext_def_exp_temp0.3_nodelim_norole_nocot,the parish of Valada,,Pl_civil,tp,
qwen3_14b,participants,lusa_95,ext_def_exp_temp0.3_nodelim_norole_nocot,Lusa agency,,Org,tp,
qwen3_14b,participants,lusa_95,ext_def_exp_temp0.3_nodelim_norole_nocot,Lisbon,,Pl_capital,tp,
qwen3_14b,participants,lusa_95,ext_def_exp_temp0.3_nodelim_norole_nocot,Santarém GNR,,,fp,
qwen3_14b,participants,lusa_95,ext_def_exp_temp0.3_nodelim_norole_nocot,District Relief Operations Command,,,fp,
qwen3_14b,participants,lusa_95,ext_def_exp_temp0.3_nodelim_norole_nocot,National Emergency and Civil Protection Authority,,,fp,
qwen3_14b,participants,lusa_95,ext_def_exp_temp0.3_nodelim_norole_nocot,website,,,fp,
qwen3_14b,participants,lusa_95,ext_def_exp_temp0.3_nodelim_norole_nocot,the seriously injured person,,,fp,
qwen3_14b,participants,lusa_95,ext_def_exp_temp0.3_nodelim_norole_nocot,two men,,,fp,
qwen3_14b,participants,lusa_95,ext_def_exp_temp0.3_nodelim_norole_nocot,Estrada Nacional 2-3,,,fp,
qwen3_14b,participants,lusa_95,ext_def_exp_temp0.3_nodelim_norole_nocot,"Reguengo, Cartaxo",,,fp,
qwen3_14b,participants,lusa_95,ext_def_exp_temp0.3_nodelim_norole_nocot,Hospital de São José,,,fp,
qwen3_14b,participants,lusa_95,ext_def_exp_temp0.3_nodelim_norole_nocot,district of Santarém,,,fp,
qwen3_14b,participants,lusa_95,ext_def_exp_temp0.3_nodelim_norole_nocot,a source,,,fp,
qwen3_14b,participants,lusa_95,ext_def_exp_temp0.3_nodelim_norole_nocot,light vehicle,,,fp,
qwen3_14b,participants,lusa_95,ext_def_exp_temp0.3_nodelim_norole_nocot,a light vehicle,,Obj,fn,
qwen3_14b,participants,lusa_95,ext_def_exp_temp0.3_nodelim_norole_nocot,the Hospital de São José,,Fac,fn,
qwen3_14b,participants,lusa_95,ext_def_exp_temp0.3_nodelim_norole_nocot,that,,Org,fn,
qwen3_14b,participants,lusa_95,ext_def_exp_temp0.3_nodelim_norole_nocot,in Cartaxo,,Loc,fn,
qwen3_14b,participants,lusa_95,ext_def_exp_temp0.3_nodelim_norole_nocot,the Santarém GNR,,Org,fn,
qwen3_14b,participants,lusa_95,ext_def_exp_temp0.3_nodelim_norole_nocot,the seriously injured,,Per,fn,
qwen3_14b,participants,lusa_95,ext_def_exp_temp0.3_nodelim_norole_nocot,one dead,,Per,fn,
qwen3_14b,participants,lusa_95,ext_def_exp_temp0.3_nodelim_norole_nocot,one seriously injured,,Per,fn,
qwen3_14b,participants,lusa_95,ext_def_exp_temp0.3_nodelim_norole_nocot,the District Relief Operations Command,,Org,fn,
qwen3_14b,participants,lusa_95,ext_def_exp_temp0.3_nodelim_norole_nocot,the district of Santarém,,Pl_civil,fn,
qwen3_14b,participants,lusa_95,ext_def_exp_temp0.3_nodelim_norole_nocot,"two men, between 30 and 40 years old",,Per,fn,
qwen3_14b,participants,lusa_95,ext_def_exp_temp0.3_nodelim_norole_nocot,Reguengo,,Pl_civil,fn,
qwen3_14b,participants,lusa_95,ext_def_exp_temp0.3_nodelim_norole_nocot,the,,Loc,fn,
qwen3_14b,participants,lusa_95,ext_def_exp_temp0.3_nodelim_norole_nocot,Cartaxo,,Pl_civil,fn,
qwen3_14b,participants,lusa_95,ext_def_exp_temp0.3_nodelim_norole_nocot,The ,,Other,fn,
qwen3_14b,participants,lusa_95,ext_def_exp_temp0.3_nodelim_norole_nocot,Man,,Per,fn,
qwen3_14b,participants,lusa_95,ext_def_exp_temp0.3_nodelim_norole_nocot,the National Emergency and Civil Protection Authority,,Org,fn,
qwen3_14b,participants,lusa_95,ext_def_exp_temp0.3_nodelim_norole_nocot,the scene,,Pl_civil,fn,
qwen3_14b,participants,lusa_95,ext_def_exp_temp0.3_nodelim_norole_nocot,Nacional 2-3,,Pl_civil,fn,
qwen3_14b,participants,lusa_95,ext_def_exp_temp0.3_nodelim_norole_nocot,who,,Per,fn,
qwen3_14b,participants,lusa_95,ext_def_exp_temp0.3_nodelim_norole_nocot,source,,Per,fn,
qwen3_14b,participants,lusa_95,ext_def_exp_temp0.3_nodelim_norole_nocot,Santarém,,Pl_civil,fn,
qwen3_14b,participants,lusa_95,ext_def_exp_temp0.3_nodelim_norole_nocot,the website,,Other,fn,
qwen3_14b,participants,lusa_98,ext_def_exp_temp0.3_nodelim_norole_nocot,The Judiciary Police (PJ),,Org,tp,
qwen3_14b,participants,lusa_98,ext_def_exp_temp0.3_nodelim_norole_nocot,the house,,Other,tp,
qwen3_14b,participants,lusa_98,ext_def_exp_temp0.3_nodelim_norole_nocot,Braga,,Loc,tp,
qwen3_14b,participants,lusa_98,ext_def_exp_temp0.3_nodelim_norole_nocot,The detainees,,Per,tp,
qwen3_14b,participants,lusa_98,ext_def_exp_temp0.3_nodelim_norole_nocot,the victim,,Per,tp,
qwen3_14b,participants,lusa_98,ext_def_exp_temp0.3_nodelim_norole_nocot,Dume,,Loc,tp,
qwen3_14b,participants,lusa_98,ext_def_exp_temp0.3_nodelim_norole_nocot,the body,,Other,tp,
qwen3_14b,participants,lusa_98,ext_def_exp_temp0.3_nodelim_norole_nocot,a couple,,Per,tp,
qwen3_14b,participants,lusa_98,ext_def_exp_temp0.3_nodelim_norole_nocot,a 69-year-old woman,,Per,tp,
qwen3_14b,participants,lusa_98,ext_def_exp_temp0.3_nodelim_norole_nocot,the suspects,,Per,tp,
qwen3_14b,participants,lusa_98,ext_def_exp_temp0.3_nodelim_norole_nocot,the couple,,Per,tp,
qwen3_14b,participants,lusa_98,ext_def_exp_temp0.3_nodelim_norole_nocot,the source,,Per,tp,
qwen3_14b,participants,lusa_98,ext_def_exp_temp0.3_nodelim_norole_nocot,assets,,Other,tp,
qwen3_14b,participants,lusa_98,ext_def_exp_temp0.3_nodelim_norole_nocot,the same municipality,,,fp,
qwen3_14b,participants,lusa_98,ext_def_exp_temp0.3_nodelim_norole_nocot,They,,,fp,
qwen3_14b,participants,lusa_98,ext_def_exp_temp0.3_nodelim_norole_nocot,she,,,fp,
qwen3_14b,participants,lusa_98,ext_def_exp_temp0.3_nodelim_norole_nocot,he,,,fp,
qwen3_14b,participants,lusa_98,ext_def_exp_temp0.3_nodelim_norole_nocot,the city of Braga,,,fp,
qwen3_14b,participants,lusa_98,ext_def_exp_temp0.3_nodelim_norole_nocot,the male member of the couple,,,fp,
qwen3_14b,participants,lusa_98,ext_def_exp_temp0.3_nodelim_norole_nocot,The victim,,,fp,
qwen3_14b,participants,lusa_98,ext_def_exp_temp0.3_nodelim_norole_nocot,urban parish of Braga,,,fp,
qwen3_14b,participants,lusa_98,ext_def_exp_temp0.3_nodelim_norole_nocot,a source,,,fp,
qwen3_14b,participants,lusa_98,ext_def_exp_temp0.3_nodelim_norole_nocot,Lusa,,,fp,
qwen3_14b,participants,lusa_98,ext_def_exp_temp0.3_nodelim_norole_nocot,the path,,,fp,
qwen3_14b,participants,lusa_98,ext_def_exp_temp0.3_nodelim_norole_nocot,where,,Loc,fn,
qwen3_14b,participants,lusa_98,ext_def_exp_temp0.3_nodelim_norole_nocot,The objective,,Other,fn,
qwen3_14b,participants,lusa_98,ext_def_exp_temp0.3_nodelim_norole_nocot,that,,Other,fn,
qwen3_14b,participants,lusa_98,ext_def_exp_temp0.3_nodelim_norole_nocot,he is 61 years old,,Per,fn,
qwen3_14b,participants,lusa_98,ext_def_exp_temp0.3_nodelim_norole_nocot,told Lusa,,Org,fn,
qwen3_14b,participants,lusa_98,ext_def_exp_temp0.3_nodelim_norole_nocot,PJ,,Org,fn,
qwen3_14b,participants,lusa_98,ext_def_exp_temp0.3_nodelim_norole_nocot,a woman,,Per,fn,
qwen3_14b,participants,lusa_98,ext_def_exp_temp0.3_nodelim_norole_nocot,in an urban parish,,Loc,fn,
qwen3_14b,participants,lusa_98,ext_def_exp_temp0.3_nodelim_norole_nocot,in Braga,,Loc,fn,
qwen3_14b,participants,lusa_98,ext_def_exp_temp0.3_nodelim_norole_nocot,on a path,,Loc,fn,
qwen3_14b,participants,lusa_98,ext_def_exp_temp0.3_nodelim_norole_nocot,him,,Per,fn,
qwen3_14b,participants,lusa_98,ext_def_exp_temp0.3_nodelim_norole_nocot,that ,,Org,fn,
qwen3_14b,participants,lusa_98,ext_def_exp_temp0.3_nodelim_norole_nocot,her house,,Other,fn,
qwen3_14b,participants,lusa_98,ext_def_exp_temp0.3_nodelim_norole_nocot,the respective coercive measures,,Other,fn,
qwen3_14b,participants,lusa_98,ext_def_exp_temp0.3_nodelim_norole_nocot,she is 48 years old,,Per,fn,
qwen3_14b,participants,lusa_98,ext_def_exp_temp0.3_nodelim_norole_nocot,in the city of Braga,,Loc,fn,
qwen3_14b,participants,lusa_98,ext_def_exp_temp0.3_nodelim_norole_nocot,her,,Per,fn,
qwen3_14b,participants,lusa_98,ext_def_exp_temp0.3_nodelim_norole_nocot,in the same municipality,,Loc,fn,
qwen3_14b,participants,lusa_98,ext_def_exp_temp0.3_nodelim_norole_nocot,with,,Per,fn,
qwen3_14b,participants,lusa_98,ext_def_exp_temp0.3_nodelim_norole_nocot,source,,Per,fn,
qwen3_14b,participants,lusa_98,ext_def_exp_temp0.3_nodelim_norole_nocot,the male member,,Per,fn,
qwen3_14b,participants,lusa_98,ext_def_exp_temp0.3_nodelim_norole_nocot,"The victim, aged 69",,Per,fn,
qwen3_14b,participants,lusa_98,ext_def_exp_temp0.3_nodelim_norole_nocot,couple,,Per,fn,
qwen3_14b,participants,lusa_99,ext_def_exp_temp0.3_nodelim_norole_nocot,Four operatives,,Per,tp,
qwen3_14b,participants,lusa_99,ext_def_exp_temp0.3_nodelim_norole_nocot,two vehicles,,Obj,tp,
qwen3_14b,participants,lusa_99,ext_def_exp_temp0.3_nodelim_norole_nocot,the same source,,Per,tp,
qwen3_14b,participants,lusa_99,ext_def_exp_temp0.3_nodelim_norole_nocot,A 66-year-old man,,Per,tp,
qwen3_14b,participants,lusa_99,ext_def_exp_temp0.3_nodelim_norole_nocot,source,,Per,tp,
qwen3_14b,participants,lusa_99,ext_def_exp_temp0.3_nodelim_norole_nocot,Oleiros,,,fp,
qwen3_14b,participants,lusa_99,ext_def_exp_temp0.3_nodelim_norole_nocot,District Relief Operations Command,,,fp,
qwen3_14b,participants,lusa_99,ext_def_exp_temp0.3_nodelim_norole_nocot,firefighters,,,fp,
qwen3_14b,participants,lusa_99,ext_def_exp_temp0.3_nodelim_norole_nocot,Coimbra Hospital and University Center,,,fp,
qwen3_14b,participants,lusa_99,ext_def_exp_temp0.3_nodelim_norole_nocot,he,,,fp,
qwen3_14b,participants,lusa_99,ext_def_exp_temp0.3_nodelim_norole_nocot,victim,,,fp,
qwen3_14b,participants,lusa_99,ext_def_exp_temp0.3_nodelim_norole_nocot,Lusa agency,,,fp,
qwen3_14b,participants,lusa_99,ext_def_exp_temp0.3_nodelim_norole_nocot,house,,,fp,
qwen3_14b,participants,lusa_99,ext_def_exp_temp0.3_nodelim_norole_nocot,Castelo Branco,,,fp,
qwen3_14b,participants,lusa_99,ext_def_exp_temp0.3_nodelim_norole_nocot,the Lusa agency,,Org,fn,
qwen3_14b,participants,lusa_99,ext_def_exp_temp0.3_nodelim_norole_nocot,the ,,Org,fn,
qwen3_14b,participants,lusa_99,ext_def_exp_temp0.3_nodelim_norole_nocot,in the district of Castelo Branco,,Loc,fn,
qwen3_14b,participants,lusa_99,ext_def_exp_temp0.3_nodelim_norole_nocot,the Coimbra Hospital and University Center,,Loc,fn,
qwen3_14b,participants,lusa_99,ext_def_exp_temp0.3_nodelim_norole_nocot,the victim,,Per,fn,
qwen3_14b,participants,lusa_99,ext_def_exp_temp0.3_nodelim_norole_nocot,a house,,Loc,fn,
qwen3_14b,participants,lusa_99,ext_def_exp_temp0.3_nodelim_norole_nocot,to the scene,,Loc,fn,
qwen3_14b,participants,lusa_99,ext_def_exp_temp0.3_nodelim_norole_nocot,the District Relief Operations Command,,Org,fn,
qwen3_14b,participants,lusa_99,ext_def_exp_temp0.3_nodelim_norole_nocot,in Oleiros,,Loc,fn,
qwen3_14b,participants,lusa_99,ext_def_exp_temp0.3_nodelim_norole_nocot,inside,,Loc,fn,
qwen3_14b,participants,lusa_99,ext_def_exp_temp0.3_nodelim_norole_nocot,Man,,Per,fn,
